[2026-06-25 21:37:47,787][root][INFO] - MLFlow server is starting on LOCAL with experiment APL_MS_std_seeded...
[2026-06-25 21:37:47,897][root][INFO] - MLFlow run ID: b479eb65e1f341538d53c32f25f1f2aa, status: RUNNING
[2026-06-25 21:37:47,963][root][INFO] - Starting experiment IATrain...
[2026-06-25 21:38:13,516][root][INFO] - Epoch: 0 | train acc: 0.7808, train loss: 0.66832185, valid acc: 0.8684, valid loss: 0.41751541, test acc: 0.8591, test loss: 0.43545307
[2026-06-25 21:38:14,801][root][INFO] - reg loss: 12.972904851196935, entropy loss: 0.5198939089421872, leaf dev: 0.07962103933095932
[2026-06-25 21:38:14,802][root][INFO] - Val leaf stats: tensor([0.0004, 0.0008, 0.1287, 0.2306, 0.0771, 0.0019, 0.0004, 0.0205, 0.0008,
        0.0350, 0.1669, 0.2113, 0.0014, 0.0497, 0.0727, 0.0019])
[2026-06-25 21:38:16,697][root][INFO] - MLFlow server is starting on LOCAL with experiment APL_MS_std_seeded...
[2026-06-25 21:38:16,725][root][INFO] - MLFlow run ID: 0d91bf35ee1c4fc5956e12447b1fabc8, status: RUNNING
[2026-06-25 21:38:16,750][root][INFO] - Starting experiment IATrain...
[2026-06-25 21:38:18,760][root][INFO] - MLFlow server is starting on LOCAL with experiment STM_MS_std_seeded...
[2026-06-25 21:38:18,782][root][INFO] - MLFlow run ID: b7aac4529f38487e91a417fa84bb2cde, status: RUNNING
[2026-06-25 21:38:18,801][root][INFO] - Starting experiment IATrain...
[2026-06-25 21:38:19,755][root][INFO] - MLFlow server is starting on LOCAL with experiment STM_MS_std_seeded...
[2026-06-25 21:38:19,757][root][INFO] - MLFlow server is starting on LOCAL with experiment STM_MS_std_seeded...
[2026-06-25 21:38:19,781][root][INFO] - MLFlow run ID: d8be5280753d4a6b9e1e7a1adfc22124, status: RUNNING
[2026-06-25 21:38:19,791][root][INFO] - MLFlow run ID: 69b77e8c4eff47c59fc49b57d9776132, status: RUNNING
[2026-06-25 21:38:19,809][root][INFO] - Starting experiment IATrain...
[2026-06-25 21:38:19,814][root][INFO] - Starting experiment IATrain...
[2026-06-25 21:38:20,755][root][INFO] - MLFlow server is starting on LOCAL with experiment STM_MS_std_seeded...
[2026-06-25 21:38:20,778][root][INFO] - MLFlow run ID: 1edb6b5221134fabbb2d34e6b3fcf045, status: RUNNING
[2026-06-25 21:38:20,818][root][INFO] - Starting experiment IATrain...
[2026-06-25 21:38:22,828][root][INFO] - MLFlow server is starting on LOCAL with experiment APL_MS_std_seeded...
[2026-06-25 21:38:22,879][root][INFO] - MLFlow run ID: a481211cee96408a966acbd76906329d, status: RUNNING
[2026-06-25 21:38:22,928][root][INFO] - Starting experiment IATrain...
[2026-06-25 21:38:32,902][root][INFO] - Epoch: 1 | train acc: 0.8915, train loss: 0.35622885, valid acc: 0.8972, valid loss: 0.35142795, test acc: 0.8958, test loss: 0.42590243
[2026-06-25 21:38:34,394][root][INFO] - reg loss: 9.713240724392039, entropy loss: 0.4266708250398989, leaf dev: 0.09147515147924423
[2026-06-25 21:38:34,396][root][INFO] - Val leaf stats: tensor([6.2570e-03, 8.4049e-04, 5.9395e-02, 1.8145e-01, 7.5084e-02, 2.7083e-03,
        6.5372e-04, 1.3728e-02, 5.6033e-04, 9.5256e-02, 1.5568e-01, 3.2882e-01,
        9.3388e-04, 1.4942e-02, 6.3504e-02, 1.8678e-04])
[2026-06-25 21:38:35,873][root][INFO] - Epoch: 0 | train acc: 0.7494, train loss: 25.88769162, valid acc: 0.8590, valid loss: 0.44727309, test acc: 0.8685, test loss: 0.56839517
[2026-06-25 21:38:37,274][root][INFO] - reg loss: 6.278737746849262, entropy loss: 0.34688450924303166, leaf dev: 0.1737520694732666
[2026-06-25 21:38:37,275][root][INFO] - Val leaf stats: tensor([6.8752e-01, 3.7355e-04, 2.8016e-04, 9.3388e-05, 7.0695e-02, 5.6033e-04,
        4.8842e-02, 2.8016e-04, 4.6694e-04, 0.0000e+00, 1.8780e-01, 6.5372e-04,
        1.8678e-03, 1.8678e-04, 1.8678e-04, 1.8678e-04])
[2026-06-25 21:38:40,214][root][INFO] - Epoch: 0 | train acc: 0.7413, train loss: 0.78908846, valid acc: 0.8379, valid loss: 0.48482355, test acc: 0.8564, test loss: 0.49580244
[2026-06-25 21:38:41,989][root][INFO] - reg loss: 13.246288642681465, entropy loss: 0.5250223307382493, leaf dev: 0.09486474096775055
[2026-06-25 21:38:41,991][root][INFO] - Val leaf stats: tensor([1.0273e-03, 9.3388e-05, 2.6149e-03, 1.8678e-04, 7.4244e-02, 9.3388e-04,
        1.8678e-04, 2.7083e-03, 2.0293e-01, 1.5129e-02, 1.4662e-01, 1.8948e-01,
        1.4288e-02, 1.9518e-02, 2.6989e-02, 3.0304e-01])
[2026-06-25 21:38:42,667][root][INFO] - Epoch: 0 | train acc: 0.6585, train loss: 49.63931121, valid acc: 0.7775, valid loss: 0.67043985, test acc: 0.8121, test loss: 0.72752438
[2026-06-25 21:38:42,852][root][INFO] - Epoch: 0 | train acc: 0.6860, train loss: 5.06351663, valid acc: 0.8088, valid loss: 0.56072392, test acc: 0.8317, test loss: 0.75763067
[2026-06-25 21:38:44,564][root][INFO] - Epoch: 0 | train acc: 0.7182, train loss: 0.81701631, valid acc: 0.8165, valid loss: 0.54777060, test acc: 0.8356, test loss: 0.48747757
[2026-06-25 21:38:44,570][root][INFO] - reg loss: 6.083452638494905, entropy loss: 0.34170369906400244, leaf dev: 0.1550169289112091
[2026-06-25 21:38:44,571][root][INFO] - Val leaf stats: tensor([5.8115e-01, 1.2140e-03, 2.8016e-04, 5.6033e-04, 2.0910e-01, 0.0000e+00,
        1.8678e-04, 7.4710e-04, 1.8678e-04, 0.0000e+00, 2.0368e-01, 9.3388e-05,
        2.0545e-03, 1.8678e-04, 2.8016e-04, 2.8016e-04])
[2026-06-25 21:38:44,672][root][INFO] - reg loss: 8.318226869774874, entropy loss: 0.3902102822349185, leaf dev: 0.09965883195400238
[2026-06-25 21:38:44,673][root][INFO] - Val leaf stats: tensor([1.2579e-01, 2.4795e-01, 6.4438e-03, 3.7355e-04, 8.8439e-02, 1.7352e-01,
        0.0000e+00, 8.4049e-04, 2.1479e-03, 4.2959e-03, 2.8016e-04, 3.7355e-04,
        4.0811e-02, 3.0743e-01, 0.0000e+00, 1.3074e-03])
[2026-06-25 21:38:46,229][root][INFO] - reg loss: 15.89929234540021, entropy loss: 0.5616755971202144, leaf dev: 0.06454046815633774
[2026-06-25 21:38:46,230][root][INFO] - Val leaf stats: tensor([0.0083, 0.0283, 0.0991, 0.0044, 0.0685, 0.0875, 0.0423, 0.0591, 0.0151,
        0.2453, 0.1470, 0.0976, 0.0078, 0.0217, 0.0005, 0.0676])
[2026-06-25 21:38:47,051][root][INFO] - Epoch: 0 | train acc: 0.7656, train loss: 7.96645972, valid acc: 0.8651, valid loss: 0.42439928, test acc: 0.8642, test loss: 0.58026663
[2026-06-25 21:38:48,978][root][INFO] - reg loss: 7.255618998613307, entropy loss: 0.35098196999736564, leaf dev: 0.09486091136932373
[2026-06-25 21:38:48,979][root][INFO] - Val leaf stats: tensor([2.5411e-01, 8.2275e-02, 8.6197e-02, 3.7355e-04, 8.1715e-02, 1.5745e-01,
        4.0997e-02, 0.0000e+00, 2.6149e-03, 5.6033e-04, 0.0000e+00, 3.7355e-04,
        2.8016e-04, 2.9249e-01, 1.8678e-04, 3.7355e-04])
[2026-06-25 21:38:58,372][root][INFO] - Epoch: 2 | train acc: 0.9281, train loss: 0.25706046, valid acc: 0.9272, valid loss: 0.25413288, test acc: 0.9117, test loss: 0.36961924
[2026-06-25 21:38:59,959][root][INFO] - reg loss: 8.217267833689533, entropy loss: 0.34884982481204646, leaf dev: 0.08468256890773773
[2026-06-25 21:38:59,960][root][INFO] - Val leaf stats: tensor([2.8016e-04, 8.4049e-04, 6.0609e-02, 2.2945e-01, 8.2742e-02, 2.7083e-03,
        2.8016e-04, 3.5114e-02, 6.5372e-04, 6.7706e-02, 1.6100e-01, 2.6391e-01,
        2.2413e-03, 2.1386e-02, 7.0975e-02, 9.3388e-05])
[2026-06-25 21:39:00,606][root][INFO] - Epoch: 1 | train acc: 0.8922, train loss: 19.85807457, valid acc: 0.9086, valid loss: 0.30724125, test acc: 0.9047, test loss: 0.62383226
[2026-06-25 21:39:01,974][root][INFO] - reg loss: 4.875843719199851, entropy loss: 0.27456041571324463, leaf dev: 0.18174611032009125
[2026-06-25 21:39:01,975][root][INFO] - Val leaf stats: tensor([7.2161e-01, 9.3388e-05, 9.3388e-05, 0.0000e+00, 7.1349e-02, 9.3388e-04,
        2.4654e-02, 2.8016e-04, 0.0000e+00, 0.0000e+00, 1.7762e-01, 7.4710e-04,
        1.7744e-03, 2.8016e-04, 1.8678e-04, 3.7355e-04])
[2026-06-25 21:39:04,906][root][INFO] - Epoch: 1 | train acc: 0.8802, train loss: 0.38144136, valid acc: 0.8932, valid loss: 0.34488648, test acc: 0.8880, test loss: 0.45702247
[2026-06-25 21:39:06,717][root][INFO] - reg loss: 9.67487585986102, entropy loss: 0.4643122527019057, leaf dev: 0.08433033525943756
[2026-06-25 21:39:06,718][root][INFO] - Val leaf stats: tensor([9.3388e-05, 0.0000e+00, 6.3504e-03, 2.8016e-04, 7.4337e-02, 7.4710e-04,
        1.8678e-04, 2.8016e-03, 1.7912e-01, 1.1393e-02, 1.3999e-01, 2.1208e-01,
        3.3433e-02, 2.2133e-02, 7.2096e-02, 2.4496e-01])
[2026-06-25 21:39:08,457][root][INFO] - Epoch: 1 | train acc: 0.8219, train loss: 37.14215962, valid acc: 0.8368, valid loss: 0.50694248, test acc: 0.8467, test loss: 0.63463199
[2026-06-25 21:39:08,719][root][INFO] - Epoch: 1 | train acc: 0.8579, train loss: 3.80137590, valid acc: 0.8792, valid loss: 0.38570281, test acc: 0.8595, test loss: 0.85032695
[2026-06-25 21:39:09,956][root][INFO] - reg loss: 4.5734717908990445, entropy loss: 0.2732216785193751, leaf dev: 0.15830522775650024
[2026-06-25 21:39:09,957][root][INFO] - Val leaf stats: tensor([6.0030e-01, 6.5372e-04, 9.3388e-05, 6.5372e-04, 2.0732e-01, 0.0000e+00,
        0.0000e+00, 5.6033e-04, 9.3388e-05, 0.0000e+00, 1.8724e-01, 9.3388e-05,
        2.4281e-03, 0.0000e+00, 2.8016e-04, 2.8016e-04])
[2026-06-25 21:39:10,320][root][INFO] - reg loss: 6.7072562237895985, entropy loss: 0.3216640305897546, leaf dev: 0.10178348422050476
[2026-06-25 21:39:10,321][root][INFO] - Val leaf stats: tensor([2.8129e-01, 1.7015e-01, 1.6250e-02, 8.4049e-04, 9.0867e-02, 9.7310e-02,
        9.3388e-05, 4.6694e-04, 8.4049e-04, 2.3347e-03, 1.8678e-04, 2.5215e-03,
        3.4180e-02, 3.0108e-01, 2.8016e-04, 1.3074e-03])
[2026-06-25 21:39:10,520][root][INFO] - Epoch: 1 | train acc: 0.8692, train loss: 0.41711157, valid acc: 0.8777, valid loss: 0.38869039, test acc: 0.8597, test loss: 0.49583357
[2026-06-25 21:39:12,229][root][INFO] - reg loss: 10.479786514605165, entropy loss: 0.4787724579452838, leaf dev: 0.09197770804166794
[2026-06-25 21:39:12,230][root][INFO] - Val leaf stats: tensor([1.1207e-02, 3.4927e-02, 1.5110e-01, 3.5487e-03, 7.0601e-02, 1.5876e-03,
        4.6694e-04, 4.1464e-02, 2.0545e-03, 3.2882e-01, 1.6315e-01, 1.5194e-01,
        2.4281e-03, 1.9238e-02, 2.8016e-04, 1.7183e-02])
[2026-06-25 21:39:13,910][root][INFO] - Epoch: 1 | train acc: 0.8925, train loss: 5.80220884, valid acc: 0.8953, valid loss: 0.33717559, test acc: 0.8752, test loss: 0.60289742
[2026-06-25 21:39:15,419][root][INFO] - reg loss: 5.449674245541688, entropy loss: 0.270880888142283, leaf dev: 0.09609711170196533
[2026-06-25 21:39:15,420][root][INFO] - Val leaf stats: tensor([2.5514e-01, 5.6500e-02, 1.3214e-01, 9.3388e-04, 7.2096e-02, 1.6660e-01,
        2.6429e-02, 0.0000e+00, 2.4281e-03, 8.4049e-04, 0.0000e+00, 3.7355e-04,
        2.8016e-04, 2.8567e-01, 1.8678e-04, 3.7355e-04])
[2026-06-25 21:39:22,724][root][INFO] - Epoch: 3 | train acc: 0.9436, train loss: 0.20134274, valid acc: 0.9386, valid loss: 0.20816253, test acc: 0.9169, test loss: 0.47650150
[2026-06-25 21:39:24,241][root][INFO] - reg loss: 7.778062288092558, entropy loss: 0.31950483766813126, leaf dev: 0.0927988812327385
[2026-06-25 21:39:24,242][root][INFO] - Val leaf stats: tensor([8.4049e-04, 1.8678e-04, 6.2850e-02, 2.7260e-01, 7.1629e-02, 4.2959e-03,
        8.4049e-04, 2.3347e-02, 4.6694e-04, 3.6888e-02, 1.6007e-01, 2.7195e-01,
        2.3347e-03, 9.8991e-03, 8.1715e-02, 9.3388e-05])
[2026-06-25 21:39:24,597][root][INFO] - Epoch: 2 | train acc: 0.9232, train loss: 19.01748753, valid acc: 0.9298, valid loss: 0.24407714, test acc: 0.9149, test loss: 0.73948043
[2026-06-25 21:39:26,125][root][INFO] - reg loss: 4.688650620677484, entropy loss: 0.2493569532399455, leaf dev: 0.18318255245685577
[2026-06-25 21:39:26,126][root][INFO] - Val leaf stats: tensor([7.2880e-01, 9.3388e-05, 0.0000e+00, 0.0000e+00, 7.1815e-02, 1.0273e-03,
        2.4561e-02, 2.8016e-04, 0.0000e+00, 0.0000e+00, 1.7006e-01, 6.5372e-04,
        2.0545e-03, 9.3388e-05, 1.8678e-04, 3.7355e-04])
[2026-06-25 21:39:29,850][root][INFO] - Epoch: 2 | train acc: 0.9081, train loss: 0.30671486, valid acc: 0.8055, valid loss: 0.56710622, test acc: 0.8275, test loss: 0.65601618
[2026-06-25 21:39:31,281][root][INFO] - reg loss: 9.170165677549978, entropy loss: 0.43077140068881725, leaf dev: 0.10208044946193695
[2026-06-25 21:39:31,282][root][INFO] - Val leaf stats: tensor([5.6033e-04, 6.5372e-04, 5.3231e-03, 8.4049e-04, 7.3683e-02, 1.5876e-03,
        9.3388e-05, 2.2413e-03, 1.2010e-01, 1.3915e-02, 3.2191e-01, 2.7083e-01,
        9.2454e-03, 1.5222e-02, 1.8584e-02, 1.4522e-01])
[2026-06-25 21:39:33,365][root][INFO] - Epoch: 2 | train acc: 0.8616, train loss: 35.77669358, valid acc: 0.8668, valid loss: 0.42189899, test acc: 0.8602, test loss: 0.61540528
[2026-06-25 21:39:34,297][root][INFO] - Epoch: 2 | train acc: 0.9028, train loss: 3.54312069, valid acc: 0.9051, valid loss: 0.30864826, test acc: 0.8936, test loss: 0.89717743
[2026-06-25 21:39:34,866][root][INFO] - reg loss: 4.417257281207534, entropy loss: 0.2500419794093995, leaf dev: 0.15558035671710968
[2026-06-25 21:39:34,867][root][INFO] - Val leaf stats: tensor([5.8405e-01, 3.7355e-04, 2.8016e-04, 6.5372e-04, 1.9789e-01, 0.0000e+00,
        0.0000e+00, 6.5372e-04, 1.8678e-04, 0.0000e+00, 2.1283e-01, 0.0000e+00,
        2.5215e-03, 0.0000e+00, 1.8678e-04, 3.7355e-04])
[2026-06-25 21:39:36,139][root][INFO] - reg loss: 6.438385950825202, entropy loss: 0.2929469648177031, leaf dev: 0.1085672676563263
[2026-06-25 21:39:36,140][root][INFO] - Val leaf stats: tensor([3.4507e-01, 1.7772e-01, 5.6967e-03, 8.4049e-04, 9.4415e-02, 7.1349e-02,
        9.3388e-05, 3.7355e-04, 1.1207e-03, 3.9223e-03, 2.8016e-04, 2.3347e-03,
        2.2973e-02, 2.7213e-01, 2.8016e-04, 1.4008e-03])
[2026-06-25 21:39:36,264][root][INFO] - Epoch: 2 | train acc: 0.8983, train loss: 0.33814586, valid acc: 0.8725, valid loss: 0.40037218, test acc: 0.8900, test loss: 0.41381220
[2026-06-25 21:39:38,132][root][INFO] - reg loss: 9.090751087854779, entropy loss: 0.4319786465672589, leaf dev: 0.08237222582101822
[2026-06-25 21:39:38,133][root][INFO] - Val leaf stats: tensor([0.0197, 0.0548, 0.1160, 0.0024, 0.0711, 0.0038, 0.0004, 0.1202, 0.0020,
        0.2904, 0.1040, 0.1794, 0.0028, 0.0134, 0.0006, 0.0191])
[2026-06-25 21:39:39,996][root][INFO] - Epoch: 2 | train acc: 0.9184, train loss: 5.40195560, valid acc: 0.9206, valid loss: 0.26524913, test acc: 0.9001, test loss: 0.60074936
[2026-06-25 21:39:41,904][root][INFO] - reg loss: 5.128445307413737, entropy loss: 0.24051235592554485, leaf dev: 0.09914908558130264
[2026-06-25 21:39:41,905][root][INFO] - Val leaf stats: tensor([2.7708e-01, 5.1830e-02, 1.1524e-01, 3.7355e-04, 7.2376e-02, 1.4951e-01,
        3.1285e-02, 4.6694e-04, 2.3347e-03, 9.3388e-04, 0.0000e+00, 4.6694e-04,
        9.3388e-05, 2.9772e-01, 9.3388e-05, 1.8678e-04])
[2026-06-25 21:39:47,784][root][INFO] - Epoch: 4 | train acc: 0.9512, train loss: 0.17996625, valid acc: 0.9449, valid loss: 0.19044767, test acc: 0.9089, test loss: 0.38238423
[2026-06-25 21:39:49,344][root][INFO] - reg loss: 7.530321545071072, entropy loss: 0.3026060510880102, leaf dev: 0.09309902042150497
[2026-06-25 21:39:49,345][root][INFO] - Val leaf stats: tensor([4.6694e-04, 9.3388e-04, 7.8820e-02, 2.8325e-01, 7.3683e-02, 2.4281e-03,
        1.8678e-04, 5.2951e-02, 6.5372e-04, 2.6242e-02, 1.6894e-01, 2.5794e-01,
        3.2686e-03, 4.8562e-03, 4.5106e-02, 2.8016e-04])
[2026-06-25 21:39:49,692][root][INFO] - Epoch: 3 | train acc: 0.9394, train loss: 18.72476860, valid acc: 0.9385, valid loss: 0.21491562, test acc: 0.9211, test loss: 0.79397062
[2026-06-25 21:39:51,134][root][INFO] - reg loss: 4.626946242398055, entropy loss: 0.233951330500305, leaf dev: 0.19241148233413696
[2026-06-25 21:39:51,136][root][INFO] - Val leaf stats: tensor([7.7195e-01, 9.3388e-05, 0.0000e+00, 0.0000e+00, 7.0228e-02, 9.3388e-04,
        2.2320e-02, 6.5372e-04, 0.0000e+00, 0.0000e+00, 1.2841e-01, 4.6694e-04,
        2.8950e-03, 1.6810e-03, 9.3388e-05, 2.8016e-04])
[2026-06-25 21:39:54,498][root][INFO] - Epoch: 3 | train acc: 0.8792, train loss: 0.38417430, valid acc: 0.8960, valid loss: 0.34609814, test acc: 0.8899, test loss: 0.53806043
[2026-06-25 21:39:56,017][root][INFO] - reg loss: 7.511065525983376, entropy loss: 0.40777967610056437, leaf dev: 0.10943064093589783
[2026-06-25 21:39:56,018][root][INFO] - Val leaf stats: tensor([0.0000e+00, 1.7744e-03, 3.8289e-03, 7.4710e-04, 7.7139e-02, 1.0273e-03,
        1.8678e-04, 1.7744e-03, 1.4587e-01, 4.3612e-02, 4.2043e-01, 1.4559e-01,
        5.2297e-03, 1.0740e-02, 2.2133e-02, 1.1991e-01])
[2026-06-25 21:39:58,182][root][INFO] - Epoch: 3 | train acc: 0.8833, train loss: 35.18803700, valid acc: 0.8859, valid loss: 0.37149334, test acc: 0.8708, test loss: 0.64227518
[2026-06-25 21:39:59,781][root][INFO] - reg loss: 4.351306607483556, entropy loss: 0.23429578700393597, leaf dev: 0.15677830576896667
[2026-06-25 21:39:59,782][root][INFO] - Val leaf stats: tensor([5.9143e-01, 1.8678e-04, 3.7355e-04, 7.4710e-04, 1.8799e-01, 0.0000e+00,
        0.0000e+00, 8.4049e-04, 9.3388e-05, 0.0000e+00, 2.1461e-01, 0.0000e+00,
        2.8016e-03, 1.8678e-04, 4.6694e-04, 2.8016e-04])
[2026-06-25 21:40:00,470][root][INFO] - Epoch: 3 | train acc: 0.9199, train loss: 3.38716323, valid acc: 0.9165, valid loss: 0.27908191, test acc: 0.8997, test loss: 0.53754536
[2026-06-25 21:40:02,027][root][INFO] - reg loss: 6.236814892481243, entropy loss: 0.27089830413066524, leaf dev: 0.11265261471271515
[2026-06-25 21:40:02,031][root][INFO] - Val leaf stats: tensor([4.0129e-01, 1.7706e-01, 2.2693e-02, 1.0273e-03, 8.4516e-02, 5.7154e-02,
        9.3388e-05, 9.3388e-04, 1.1207e-03, 5.2297e-03, 2.8016e-04, 2.7083e-03,
        2.2880e-02, 2.2133e-01, 2.8016e-04, 1.4008e-03])
[2026-06-25 21:40:02,031][root][INFO] - Epoch: 3 | train acc: 0.9146, train loss: 0.30119782, valid acc: 0.9143, valid loss: 0.28825608, test acc: 0.9051, test loss: 0.38821220
[2026-06-25 21:40:03,755][root][INFO] - reg loss: 8.32218100280358, entropy loss: 0.40246764156553483, leaf dev: 0.08543048799037933
[2026-06-25 21:40:03,756][root][INFO] - Val leaf stats: tensor([0.0053, 0.0564, 0.1146, 0.0021, 0.0734, 0.0609, 0.0006, 0.0312, 0.0048,
        0.3105, 0.1421, 0.1686, 0.0005, 0.0053, 0.0021, 0.0217])
[2026-06-25 21:40:06,496][root][INFO] - Epoch: 3 | train acc: 0.9348, train loss: 5.19426337, valid acc: 0.9291, valid loss: 0.23276396, test acc: 0.9059, test loss: 0.61453961
[2026-06-25 21:40:08,399][root][INFO] - reg loss: 4.9709855866810635, entropy loss: 0.22425559021177746, leaf dev: 0.10076728463172913
[2026-06-25 21:40:08,400][root][INFO] - Val leaf stats: tensor([2.9352e-01, 5.1457e-02, 1.1356e-01, 4.6694e-04, 7.2563e-02, 1.4167e-01,
        2.7176e-02, 2.8016e-04, 2.2413e-03, 1.0273e-03, 0.0000e+00, 5.6033e-04,
        2.8016e-04, 2.9501e-01, 9.3388e-05, 9.3388e-05])
[2026-06-25 21:40:12,809][root][INFO] - Epoch: 5 | train acc: 0.9503, train loss: 0.17603188, valid acc: 0.9480, valid loss: 0.17331301, test acc: 0.9021, test loss: 0.43132257
[2026-06-25 21:40:14,260][root][INFO] - Epoch: 4 | train acc: 0.9478, train loss: 18.44285570, valid acc: 0.9441, valid loss: 0.19156285, test acc: 0.9256, test loss: 0.89377177
[2026-06-25 21:40:14,483][root][INFO] - reg loss: 7.168345216720823, entropy loss: 0.27958268983654244, leaf dev: 0.09695418179035187
[2026-06-25 21:40:14,484][root][INFO] - Val leaf stats: tensor([3.7355e-04, 8.4049e-04, 7.2563e-02, 2.2824e-01, 6.9574e-02, 4.2025e-03,
        1.8678e-04, 1.8211e-02, 9.3388e-05, 3.7075e-02, 1.7323e-01, 3.2508e-01,
        1.6810e-03, 6.2570e-03, 6.2010e-02, 3.7355e-04])
[2026-06-25 21:40:15,754][root][INFO] - reg loss: 4.563510483534879, entropy loss: 0.22054205156823314, leaf dev: 0.19374211132526398
[2026-06-25 21:40:15,763][root][INFO] - Val leaf stats: tensor([7.7783e-01, 0.0000e+00, 2.8016e-04, 9.3388e-05, 7.0228e-02, 9.3388e-04,
        2.1759e-02, 7.4710e-04, 0.0000e+00, 0.0000e+00, 1.2290e-01, 5.6033e-04,
        2.6149e-03, 1.6810e-03, 9.3388e-05, 2.8016e-04])
[2026-06-25 21:40:18,511][root][INFO] - Epoch: 4 | train acc: 0.9147, train loss: 0.28075665, valid acc: 0.9201, valid loss: 0.26833579, test acc: 0.8937, test loss: 0.53103261
[2026-06-25 21:40:19,915][root][INFO] - reg loss: 7.220077557538552, entropy loss: 0.38540342749741974, leaf dev: 0.10090203583240509
[2026-06-25 21:40:19,916][root][INFO] - Val leaf stats: tensor([0.0000e+00, 1.1207e-03, 1.5409e-02, 1.4008e-03, 7.4337e-02, 2.4281e-03,
        1.8678e-04, 2.3347e-03, 1.7155e-01, 4.1931e-02, 3.6552e-01, 1.7090e-01,
        5.4165e-03, 4.0157e-03, 2.1199e-02, 1.2225e-01])
[2026-06-25 21:40:22,476][root][INFO] - Epoch: 4 | train acc: 0.8963, train loss: 34.76507245, valid acc: 0.8959, valid loss: 0.34106326, test acc: 0.8693, test loss: 0.69643976
[2026-06-25 21:40:23,897][root][INFO] - reg loss: 4.303409954858204, entropy loss: 0.22265141177429723, leaf dev: 0.1583128422498703
[2026-06-25 21:40:23,898][root][INFO] - Val leaf stats: tensor([6.0086e-01, 2.8016e-04, 3.7355e-04, 6.5372e-04, 1.8790e-01, 0.0000e+00,
        0.0000e+00, 7.4710e-04, 0.0000e+00, 0.0000e+00, 2.0517e-01, 0.0000e+00,
        3.0818e-03, 1.8678e-04, 5.6033e-04, 1.8678e-04])
[2026-06-25 21:40:25,477][root][INFO] - Epoch: 4 | train acc: 0.9275, train loss: 3.26279720, valid acc: 0.9190, valid loss: 0.26566122, test acc: 0.9011, test loss: 0.62862145
[2026-06-25 21:40:27,251][root][INFO] - reg loss: 6.027764930926933, entropy loss: 0.25122207860467294, leaf dev: 0.1055850237607956
[2026-06-25 21:40:27,252][root][INFO] - Val leaf stats: tensor([2.5962e-01, 1.9079e-01, 1.3728e-02, 1.3074e-03, 8.5263e-02, 7.4710e-02,
        9.3388e-05, 9.3388e-04, 9.3388e-04, 7.0041e-03, 1.8678e-04, 2.6149e-03,
        2.2880e-02, 3.3508e-01, 3.7355e-04, 4.4826e-03])
[2026-06-25 21:40:27,466][root][INFO] - Epoch: 4 | train acc: 0.9141, train loss: 0.28801469, valid acc: 0.9167, valid loss: 0.27916437, test acc: 0.9033, test loss: 0.36521169
[2026-06-25 21:40:29,093][root][INFO] - reg loss: 7.647511320770102, entropy loss: 0.37245104599882056, leaf dev: 0.0827096551656723
[2026-06-25 21:40:29,094][root][INFO] - Val leaf stats: tensor([4.7908e-02, 3.0725e-02, 1.2579e-01, 6.1636e-03, 7.7419e-02, 5.1083e-02,
        6.5372e-04, 2.1012e-02, 3.5487e-03, 2.9866e-01, 1.4288e-01, 1.6408e-01,
        9.3388e-04, 1.4942e-02, 1.8678e-04, 1.4008e-02])
[2026-06-25 21:40:33,291][root][INFO] - Epoch: 4 | train acc: 0.9434, train loss: 5.06294445, valid acc: 0.9378, valid loss: 0.20749995, test acc: 0.9130, test loss: 0.63234825
[2026-06-25 21:40:35,089][root][INFO] - reg loss: 4.8683615664325695, entropy loss: 0.21123512751526302, leaf dev: 0.09956429153680801
[2026-06-25 21:40:35,090][root][INFO] - Val leaf stats: tensor([2.7904e-01, 5.6780e-02, 9.9272e-02, 2.8016e-04, 7.1442e-02, 1.4587e-01,
        3.8196e-02, 3.7355e-04, 2.2413e-03, 1.1207e-03, 0.0000e+00, 5.6033e-04,
        2.8016e-04, 3.0398e-01, 9.3388e-05, 4.6694e-04])
[2026-06-25 21:40:39,123][root][INFO] - Epoch: 6 | train acc: 0.9555, train loss: 0.15965582, valid acc: 0.9508, valid loss: 0.16772272, test acc: 0.9126, test loss: 0.37145332
[2026-06-25 21:40:39,196][root][INFO] - Epoch: 5 | train acc: 0.9531, train loss: 18.25579648, valid acc: 0.9485, valid loss: 0.17983729, test acc: 0.9292, test loss: 0.99728629
[2026-06-25 21:40:40,660][root][INFO] - reg loss: 7.159031522337091, entropy loss: 0.27020605373634865, leaf dev: 0.09236659109592438
[2026-06-25 21:40:40,661][root][INFO] - Val leaf stats: tensor([1.8678e-04, 1.3074e-03, 7.4150e-02, 2.6774e-01, 7.0695e-02, 3.7355e-03,
        9.3388e-05, 3.2779e-02, 2.8016e-04, 2.5495e-02, 1.8650e-01, 2.5915e-01,
        2.2413e-03, 7.6578e-03, 6.7426e-02, 5.6033e-04])
[2026-06-25 21:40:40,693][root][INFO] - reg loss: 4.521301602560376, entropy loss: 0.21076904158428234, leaf dev: 0.1958783119916916
[2026-06-25 21:40:40,694][root][INFO] - Val leaf stats: tensor([7.8745e-01, 0.0000e+00, 1.8678e-04, 9.3388e-05, 7.0508e-02, 9.3388e-04,
        2.3534e-02, 7.4710e-04, 0.0000e+00, 0.0000e+00, 1.1141e-01, 5.6033e-04,
        2.7083e-03, 1.4942e-03, 9.3388e-05, 2.8016e-04])
[2026-06-25 21:40:42,828][root][INFO] - Epoch: 5 | train acc: 0.9286, train loss: 0.23590638, valid acc: 0.9281, valid loss: 0.23728258, test acc: 0.9108, test loss: 0.51174125
[2026-06-25 21:40:44,193][root][INFO] - reg loss: 7.055260080509085, entropy loss: 0.373737175786306, leaf dev: 0.1028045266866684
[2026-06-25 21:40:44,194][root][INFO] - Val leaf stats: tensor([0.0000e+00, 8.4049e-04, 1.2981e-02, 1.0273e-03, 7.4337e-02, 1.0273e-03,
        9.3388e-05, 2.4281e-03, 1.3233e-01, 5.6780e-02, 3.8392e-01, 1.7492e-01,
        6.0702e-03, 6.3504e-03, 1.9892e-02, 1.2701e-01])
[2026-06-25 21:40:46,878][root][INFO] - Epoch: 5 | train acc: 0.9040, train loss: 34.47147351, valid acc: 0.9024, valid loss: 0.32362797, test acc: 0.8736, test loss: 0.75838452
[2026-06-25 21:40:48,384][root][INFO] - reg loss: 4.2699386102181895, entropy loss: 0.21377088862752158, leaf dev: 0.15816600620746613
[2026-06-25 21:40:48,385][root][INFO] - Val leaf stats: tensor([5.9983e-01, 2.8016e-04, 3.7355e-04, 6.5372e-04, 1.8519e-01, 0.0000e+00,
        0.0000e+00, 7.4710e-04, 0.0000e+00, 0.0000e+00, 2.0891e-01, 0.0000e+00,
        3.0818e-03, 1.8678e-04, 5.6033e-04, 1.8678e-04])
[2026-06-25 21:40:50,843][root][INFO] - Epoch: 5 | train acc: 0.9361, train loss: 3.17957636, valid acc: 0.9303, valid loss: 0.22927196, test acc: 0.9130, test loss: 0.64567492
[2026-06-25 21:40:52,367][root][INFO] - reg loss: 5.921058659831052, entropy loss: 0.23442781807253602, leaf dev: 0.11849762499332428
[2026-06-25 21:40:52,368][root][INFO] - Val leaf stats: tensor([3.9130e-01, 1.6866e-01, 2.2507e-02, 1.2140e-03, 8.3582e-02, 8.8719e-03,
        1.8678e-04, 8.4049e-04, 7.4710e-04, 3.1752e-03, 1.8678e-04, 2.9884e-03,
        2.2880e-02, 2.8885e-01, 0.0000e+00, 4.0157e-03])
[2026-06-25 21:40:52,887][root][INFO] - Epoch: 5 | train acc: 0.9197, train loss: 0.26963184, valid acc: 0.8945, valid loss: 0.31407561, test acc: 0.8789, test loss: 0.40852529
[2026-06-25 21:40:54,416][root][INFO] - reg loss: 6.880734708574083, entropy loss: 0.35170980058019125, leaf dev: 0.05827837437391281
[2026-06-25 21:40:54,417][root][INFO] - Val leaf stats: tensor([0.0942, 0.1083, 0.1355, 0.0006, 0.0764, 0.1133, 0.0005, 0.0299, 0.0144,
        0.1174, 0.1433, 0.1419, 0.0025, 0.0148, 0.0002, 0.0069])
[2026-06-25 21:40:59,240][root][INFO] - Epoch: 5 | train acc: 0.9479, train loss: 5.01741514, valid acc: 0.9416, valid loss: 0.19936731, test acc: 0.9175, test loss: 0.72363733
[2026-06-25 21:41:00,971][root][INFO] - reg loss: 4.835835426572769, entropy loss: 0.20162098369901144, leaf dev: 0.10068520903587341
[2026-06-25 21:41:00,972][root][INFO] - Val leaf stats: tensor([2.6186e-01, 6.0235e-02, 1.1842e-01, 6.5372e-04, 7.1909e-02, 1.2673e-01,
        2.9604e-02, 2.8016e-04, 2.3347e-03, 9.3388e-04, 0.0000e+00, 3.7355e-04,
        2.8016e-04, 3.2592e-01, 9.3388e-05, 3.7355e-04])
[2026-06-25 21:41:03,628][root][INFO] - Epoch: 6 | train acc: 0.9566, train loss: 18.09094404, valid acc: 0.9485, valid loss: 0.17195174, test acc: 0.9291, test loss: 1.11168155
[2026-06-25 21:41:04,383][root][INFO] - Epoch: 7 | train acc: 0.9638, train loss: 0.13074332, valid acc: 0.9534, valid loss: 0.15858768, test acc: 0.9218, test loss: 0.38391912
[2026-06-25 21:41:05,014][root][INFO] - reg loss: 4.483067429254925, entropy loss: 0.20308834259156827, leaf dev: 0.19714753329753876
[2026-06-25 21:41:05,015][root][INFO] - Val leaf stats: tensor([7.9305e-01, 0.0000e+00, 1.8678e-04, 9.3388e-05, 7.0134e-02, 9.3388e-04,
        2.4654e-02, 6.5372e-04, 0.0000e+00, 0.0000e+00, 1.0506e-01, 7.4710e-04,
        2.7083e-03, 1.4008e-03, 9.3388e-05, 2.8016e-04])
[2026-06-25 21:41:05,935][root][INFO] - reg loss: 7.0003549989569125, entropy loss: 0.2634443002087729, leaf dev: 0.09118324518203735
[2026-06-25 21:41:05,936][root][INFO] - Val leaf stats: tensor([1.8678e-04, 1.4942e-03, 7.1068e-02, 2.4328e-01, 7.0601e-02, 4.5760e-03,
        0.0000e+00, 3.2219e-02, 9.3388e-05, 3.0631e-02, 1.8313e-01, 2.7727e-01,
        2.0545e-03, 8.8719e-03, 7.4150e-02, 3.7355e-04])
[2026-06-25 21:41:06,833][root][INFO] - Epoch: 6 | train acc: 0.9370, train loss: 0.21147592, valid acc: 0.9304, valid loss: 0.22641916, test acc: 0.9113, test loss: 0.53983073
[2026-06-25 21:41:08,195][root][INFO] - reg loss: 6.967352753593808, entropy loss: 0.3622882221110914, leaf dev: 0.09893476963043213
[2026-06-25 21:41:08,196][root][INFO] - Val leaf stats: tensor([9.3388e-05, 7.4710e-04, 1.3355e-02, 4.6694e-04, 7.4617e-02, 9.3388e-04,
        9.3388e-05, 2.5215e-03, 1.3383e-01, 6.1916e-02, 3.7533e-01, 1.7678e-01,
        8.9653e-03, 2.1573e-02, 4.3612e-02, 8.5170e-02])
[2026-06-25 21:41:10,796][root][INFO] - Epoch: 6 | train acc: 0.9104, train loss: 34.28920094, valid acc: 0.9057, valid loss: 0.31174340, test acc: 0.8837, test loss: 0.79766756
[2026-06-25 21:41:12,251][root][INFO] - reg loss: 4.249519428878865, entropy loss: 0.20607477860160606, leaf dev: 0.1608542948961258
[2026-06-25 21:41:12,253][root][INFO] - Val leaf stats: tensor([6.1561e-01, 2.8016e-04, 3.7355e-04, 5.6033e-04, 1.8379e-01, 0.0000e+00,
        0.0000e+00, 7.4710e-04, 9.3388e-05, 0.0000e+00, 1.9453e-01, 0.0000e+00,
        3.1752e-03, 1.8678e-04, 4.6694e-04, 1.8678e-04])
[2026-06-25 21:41:16,157][root][INFO] - Epoch: 6 | train acc: 0.9425, train loss: 3.04219623, valid acc: 0.9375, valid loss: 0.20846339, test acc: 0.9147, test loss: 0.55704363
[2026-06-25 21:41:17,568][root][INFO] - reg loss: 5.6896059778001575, entropy loss: 0.22144406892004467, leaf dev: 0.11693395674228668
[2026-06-25 21:41:17,576][root][INFO] - Val leaf stats: tensor([3.8401e-01, 1.6502e-01, 2.8110e-02, 1.5876e-03, 8.6104e-02, 9.4322e-03,
        1.8678e-04, 4.6694e-04, 7.4710e-04, 4.3892e-03, 2.8016e-04, 2.9884e-03,
        2.1853e-02, 2.8997e-01, 9.3388e-05, 4.7628e-03])
[2026-06-25 21:41:18,872][root][INFO] - Epoch: 6 | train acc: 0.9192, train loss: 0.26858722, valid acc: 0.9179, valid loss: 0.27223902, test acc: 0.9017, test loss: 0.39523966
[2026-06-25 21:41:20,357][root][INFO] - reg loss: 7.174697116569236, entropy loss: 0.3441365857919057, leaf dev: 0.058389805257320404
[2026-06-25 21:41:20,358][root][INFO] - Val leaf stats: tensor([0.0030, 0.0619, 0.1105, 0.0008, 0.0810, 0.0493, 0.0011, 0.0258, 0.0194,
        0.1567, 0.1252, 0.0487, 0.0061, 0.1073, 0.0217, 0.1815])
[2026-06-25 21:41:25,206][root][INFO] - Epoch: 6 | train acc: 0.9556, train loss: 4.92924891, valid acc: 0.9410, valid loss: 0.19888593, test acc: 0.9145, test loss: 0.70369149
[2026-06-25 21:41:26,836][root][INFO] - reg loss: 4.773434260534862, entropy loss: 0.1924566356120286, leaf dev: 0.11283425241708755
[2026-06-25 21:41:26,837][root][INFO] - Val leaf stats: tensor([3.6664e-01, 6.5278e-02, 1.3000e-01, 4.6694e-04, 7.0975e-02, 3.4834e-02,
        2.5308e-02, 2.8016e-04, 2.2413e-03, 9.3388e-04, 0.0000e+00, 6.5372e-04,
        2.8016e-04, 3.0164e-01, 9.3388e-05, 3.7355e-04])
[2026-06-25 21:41:29,526][root][INFO] - Epoch: 7 | train acc: 0.9592, train loss: 17.94358956, valid acc: 0.9528, valid loss: 0.16428667, test acc: 0.9302, test loss: 1.24095930
[2026-06-25 21:41:30,383][root][INFO] - Epoch: 8 | train acc: 0.9651, train loss: 0.12649117, valid acc: 0.9339, valid loss: 0.22060071, test acc: 0.9143, test loss: 0.42213989
[2026-06-25 21:41:30,959][root][INFO] - reg loss: 4.448324238812482, entropy loss: 0.19683828642444004, leaf dev: 0.1978788524866104
[2026-06-25 21:41:30,959][root][INFO] - Val leaf stats: tensor([7.9623e-01, 0.0000e+00, 1.8678e-04, 9.3388e-05, 7.0415e-02, 8.4049e-04,
        2.5028e-02, 6.5372e-04, 0.0000e+00, 0.0000e+00, 1.0133e-01, 7.4710e-04,
        2.8016e-03, 1.3074e-03, 9.3388e-05, 2.8016e-04])
[2026-06-25 21:41:31,592][root][INFO] - Epoch: 7 | train acc: 0.9434, train loss: 0.18912615, valid acc: 0.9363, valid loss: 0.21186693, test acc: 0.9144, test loss: 0.57081749
[2026-06-25 21:41:31,867][root][INFO] - reg loss: 6.983615630518192, entropy loss: 0.25988851621668174, leaf dev: 0.10527309030294418
[2026-06-25 21:41:31,868][root][INFO] - Val leaf stats: tensor([2.9884e-03, 1.0273e-03, 6.2570e-02, 1.2122e-01, 7.3963e-02, 4.7628e-03,
        0.0000e+00, 2.1946e-02, 4.6694e-04, 2.7363e-02, 1.9313e-01, 3.9886e-01,
        8.4049e-04, 7.0975e-03, 8.3396e-02, 3.7355e-04])
[2026-06-25 21:41:33,227][root][INFO] - reg loss: 6.997537267271173, entropy loss: 0.35959468521769083, leaf dev: 0.09767019003629684
[2026-06-25 21:41:33,228][root][INFO] - Val leaf stats: tensor([9.3388e-05, 1.0273e-03, 2.3254e-02, 5.6033e-04, 7.4430e-02, 9.3388e-04,
        9.3388e-05, 2.3347e-03, 1.3625e-01, 5.7901e-02, 3.6795e-01, 1.7800e-01,
        8.5917e-03, 8.4983e-03, 5.3325e-02, 8.6758e-02])
[2026-06-25 21:41:35,167][root][INFO] - Epoch: 7 | train acc: 0.9155, train loss: 34.09518677, valid acc: 0.9115, valid loss: 0.29431444, test acc: 0.8896, test loss: 0.85364723
[2026-06-25 21:41:36,719][root][INFO] - reg loss: 4.227339045711295, entropy loss: 0.20002823397911415, leaf dev: 0.1548319160938263
[2026-06-25 21:41:36,720][root][INFO] - Val leaf stats: tensor([5.7695e-01, 2.8016e-04, 3.7355e-04, 5.6033e-04, 1.7510e-01, 0.0000e+00,
        0.0000e+00, 9.3388e-04, 9.3388e-05, 0.0000e+00, 2.4197e-01, 0.0000e+00,
        2.9884e-03, 1.8678e-04, 5.6033e-04, 0.0000e+00])
[2026-06-25 21:41:40,570][root][INFO] - Epoch: 7 | train acc: 0.9456, train loss: 2.94225264, valid acc: 0.9376, valid loss: 0.20655693, test acc: 0.9081, test loss: 0.54948661
[2026-06-25 21:41:42,103][root][INFO] - reg loss: 5.510695656771382, entropy loss: 0.21152182270294775, leaf dev: 0.12026722729206085
[2026-06-25 21:41:42,104][root][INFO] - Val leaf stats: tensor([3.9036e-01, 1.6240e-01, 1.7837e-02, 2.1479e-03, 8.2742e-02, 1.7744e-03,
        1.8678e-04, 5.6033e-04, 7.4710e-04, 7.7512e-03, 2.8016e-04, 2.9884e-03,
        2.1946e-02, 3.0491e-01, 9.3388e-05, 3.2686e-03])
[2026-06-25 21:41:43,207][root][INFO] - Epoch: 7 | train acc: 0.9221, train loss: 0.26093282, valid acc: 0.9170, valid loss: 0.27677387, test acc: 0.9008, test loss: 0.52232609
[2026-06-25 21:41:44,819][root][INFO] - reg loss: 6.788210566081698, entropy loss: 0.3254627415112087, leaf dev: 0.07358899712562561
[2026-06-25 21:41:44,821][root][INFO] - Val leaf stats: tensor([0.0047, 0.0377, 0.0797, 0.0009, 0.0751, 0.0078, 0.0009, 0.0094, 0.0224,
        0.2281, 0.1272, 0.0674, 0.0012, 0.1104, 0.0162, 0.2109])
[2026-06-25 21:41:50,580][root][INFO] - Epoch: 7 | train acc: 0.9554, train loss: 4.88432494, valid acc: 0.9474, valid loss: 0.18358325, test acc: 0.9195, test loss: 0.56129531
[2026-06-25 21:41:52,332][root][INFO] - reg loss: 4.729069013444204, entropy loss: 0.18438300679600428, leaf dev: 0.11336282640695572
[2026-06-25 21:41:52,333][root][INFO] - Val leaf stats: tensor([3.7150e-01, 6.7987e-02, 1.2318e-01, 3.7355e-04, 7.1722e-02, 3.0725e-02,
        2.8764e-02, 2.8016e-04, 2.2413e-03, 1.0273e-03, 0.0000e+00, 6.5372e-04,
        2.8016e-04, 3.0090e-01, 9.3388e-05, 2.8016e-04])
[2026-06-25 21:41:54,940][root][INFO] - Epoch: 8 | train acc: 0.9612, train loss: 17.82854681, valid acc: 0.9527, valid loss: 0.15944280, test acc: 0.9303, test loss: 1.35472884
[2026-06-25 21:41:56,335][root][INFO] - reg loss: 4.421688178228954, entropy loss: 0.19129637774651642, leaf dev: 0.1964750587940216
[2026-06-25 21:41:56,336][root][INFO] - Val leaf stats: tensor([7.9044e-01, 0.0000e+00, 2.8016e-04, 9.3388e-05, 7.0975e-02, 8.4049e-04,
        2.7549e-02, 5.6033e-04, 9.3388e-05, 0.0000e+00, 1.0459e-01, 7.4710e-04,
        2.7083e-03, 6.5372e-04, 1.8678e-04, 2.8016e-04])
[2026-06-25 21:41:56,455][root][INFO] - Epoch: 9 | train acc: 0.9611, train loss: 0.13484377, valid acc: 0.9492, valid loss: 0.16813933, test acc: 0.9288, test loss: 0.34393893
[2026-06-25 21:41:56,621][root][INFO] - Epoch: 8 | train acc: 0.9442, train loss: 0.18881260, valid acc: 0.9379, valid loss: 0.20813885, test acc: 0.9176, test loss: 0.49587813
[2026-06-25 21:41:58,272][root][INFO] - reg loss: 6.947718819613179, entropy loss: 0.3434663288807743, leaf dev: 0.09494663029909134
[2026-06-25 21:41:58,273][root][INFO] - Val leaf stats: tensor([0.0000e+00, 6.5372e-04, 1.1207e-02, 7.4710e-04, 7.4897e-02, 9.3388e-04,
        2.8016e-04, 2.0545e-03, 1.3102e-01, 5.5846e-02, 3.4498e-01, 1.9210e-01,
        1.0926e-02, 9.3388e-03, 5.1177e-02, 1.1384e-01])
[2026-06-25 21:41:58,281][root][INFO] - reg loss: 6.524995682731507, entropy loss: 0.24848123099753466, leaf dev: 0.09646718949079514
[2026-06-25 21:41:58,282][root][INFO] - Val leaf stats: tensor([4.3892e-03, 1.2140e-03, 4.2678e-02, 1.9210e-01, 7.3123e-02, 3.7355e-03,
        9.3388e-05, 3.2686e-02, 5.6033e-04, 4.4640e-02, 1.7632e-01, 3.4404e-01,
        1.6810e-03, 8.8719e-03, 7.3403e-02, 4.6694e-04])
[2026-06-25 21:41:59,750][root][INFO] - Epoch: 8 | train acc: 0.9185, train loss: 34.16216472, valid acc: 0.9147, valid loss: 0.28199570, test acc: 0.8923, test loss: 0.67684964
[2026-06-25 21:42:01,323][root][INFO] - reg loss: 4.237335739943085, entropy loss: 0.19573485449193015, leaf dev: 0.1530223935842514
[2026-06-25 21:42:01,324][root][INFO] - Val leaf stats: tensor([5.6668e-01, 3.7355e-04, 6.5372e-04, 6.5372e-04, 1.8267e-01, 0.0000e+00,
        0.0000e+00, 5.6033e-04, 0.0000e+00, 0.0000e+00, 2.4337e-01, 0.0000e+00,
        3.8289e-03, 5.6033e-04, 5.6033e-04, 9.3388e-05])
[2026-06-25 21:42:05,154][root][INFO] - Epoch: 8 | train acc: 0.9409, train loss: 2.86407534, valid acc: 0.9300, valid loss: 0.23119044, test acc: 0.9121, test loss: 0.46223080
[2026-06-25 21:42:06,540][root][INFO] - reg loss: 5.320758796873546, entropy loss: 0.19870504200773895, leaf dev: 0.12416370213031769
[2026-06-25 21:42:06,541][root][INFO] - Val leaf stats: tensor([4.2333e-01, 1.1730e-01, 3.1378e-02, 1.9612e-03, 9.0306e-02, 2.2413e-03,
        1.8678e-04, 6.5372e-04, 7.4710e-04, 2.1479e-03, 3.7355e-04, 2.9884e-03,
        2.1292e-02, 3.0192e-01, 9.3388e-05, 3.0818e-03])
[2026-06-25 21:42:08,121][root][INFO] - Epoch: 8 | train acc: 0.9284, train loss: 0.24603883, valid acc: 0.9252, valid loss: 0.25282635, test acc: 0.9079, test loss: 0.55158139
[2026-06-25 21:42:09,525][root][INFO] - reg loss: 6.295037844824413, entropy loss: 0.29506245602375614, leaf dev: 0.07079080492258072
[2026-06-25 21:42:09,526][root][INFO] - Val leaf stats: tensor([0.0045, 0.0374, 0.0818, 0.0010, 0.0756, 0.0079, 0.0009, 0.0098, 0.0317,
        0.2110, 0.1276, 0.0648, 0.0007, 0.0767, 0.0456, 0.2230])
[2026-06-25 21:42:16,387][root][INFO] - Epoch: 8 | train acc: 0.9598, train loss: 4.82259688, valid acc: 0.9470, valid loss: 0.18655836, test acc: 0.9200, test loss: 0.74939555
[2026-06-25 21:42:18,208][root][INFO] - reg loss: 4.682561972784618, entropy loss: 0.1763567322145694, leaf dev: 0.10967574268579483
[2026-06-25 21:42:18,209][root][INFO] - Val leaf stats: tensor([3.8448e-01, 7.9473e-02, 1.2243e-01, 5.6033e-04, 7.1909e-02, 4.2398e-02,
        3.8009e-02, 2.8016e-04, 2.3347e-03, 1.2140e-03, 0.0000e+00, 7.4710e-04,
        0.0000e+00, 2.5570e-01, 1.8678e-04, 2.8016e-04])
[2026-06-25 21:42:20,188][root][INFO] - Epoch: 9 | train acc: 0.9637, train loss: 17.75541980, valid acc: 0.9541, valid loss: 0.15757464, test acc: 0.9318, test loss: 1.48688133
[2026-06-25 21:42:21,678][root][INFO] - Epoch: 9 | train acc: 0.9454, train loss: 0.18677142, valid acc: 0.9346, valid loss: 0.21352223, test acc: 0.9164, test loss: 0.53524110
[2026-06-25 21:42:21,723][root][INFO] - reg loss: 4.404872440156483, entropy loss: 0.1876596549042949, leaf dev: 0.19719664752483368
[2026-06-25 21:42:21,724][root][INFO] - Val leaf stats: tensor([7.9343e-01, 0.0000e+00, 2.8016e-04, 9.3388e-05, 7.1909e-02, 8.4049e-04,
        2.6335e-02, 5.6033e-04, 9.3388e-05, 0.0000e+00, 1.0198e-01, 6.5372e-04,
        2.7083e-03, 6.5372e-04, 2.8016e-04, 1.8678e-04])
[2026-06-25 21:42:22,335][root][INFO] - Epoch: 10 | train acc: 0.9657, train loss: 0.12095026, valid acc: 0.9544, valid loss: 0.15181075, test acc: 0.9289, test loss: 0.46113674
[2026-06-25 21:42:23,148][root][INFO] - reg loss: 6.716253590962244, entropy loss: 0.3231370477449326, leaf dev: 0.0987885370850563
[2026-06-25 21:42:23,149][root][INFO] - Val leaf stats: tensor([0.0000, 0.0007, 0.0249, 0.0010, 0.0748, 0.0008, 0.0004, 0.0021, 0.1221,
        0.0386, 0.3708, 0.1839, 0.0144, 0.0111, 0.0402, 0.1143])
[2026-06-25 21:42:23,932][root][INFO] - reg loss: 6.479257018477829, entropy loss: 0.24089363430227553, leaf dev: 0.09014969319105148
[2026-06-25 21:42:23,933][root][INFO] - Val leaf stats: tensor([1.1207e-03, 1.2140e-03, 1.0058e-01, 1.5624e-01, 7.2469e-02, 4.2025e-03,
        9.3388e-05, 3.0538e-02, 5.6033e-04, 4.1838e-02, 1.7277e-01, 3.2424e-01,
        1.6810e-03, 9.5256e-03, 8.2742e-02, 1.8678e-04])
[2026-06-25 21:42:24,785][root][INFO] - Epoch: 9 | train acc: 0.9227, train loss: 34.01921943, valid acc: 0.9173, valid loss: 0.27362730, test acc: 0.8903, test loss: 0.99590323
[2026-06-25 21:42:26,209][root][INFO] - reg loss: 4.221060114562826, entropy loss: 0.1905111151712912, leaf dev: 0.15521496534347534
[2026-06-25 21:42:26,210][root][INFO] - Val leaf stats: tensor([5.8256e-01, 3.7355e-04, 6.5372e-04, 6.5372e-04, 1.9145e-01, 0.0000e+00,
        0.0000e+00, 4.6694e-04, 0.0000e+00, 0.0000e+00, 2.1871e-01, 0.0000e+00,
        3.9223e-03, 5.6033e-04, 3.7355e-04, 2.8016e-04])
[2026-06-25 21:42:28,909][root][INFO] - Epoch: 9 | train acc: 0.9460, train loss: 2.75077618, valid acc: 0.9396, valid loss: 0.20768265, test acc: 0.9179, test loss: 0.46158824
[2026-06-25 21:42:30,306][root][INFO] - reg loss: 5.130925231509739, entropy loss: 0.18724607010051686, leaf dev: 0.11977774649858475
[2026-06-25 21:42:30,307][root][INFO] - Val leaf stats: tensor([3.9326e-01, 1.2383e-01, 4.4079e-02, 2.4281e-03, 8.9279e-02, 2.0545e-03,
        9.3388e-05, 7.4710e-04, 6.5372e-04, 3.3620e-03, 2.8016e-04, 3.1752e-03,
        1.9892e-02, 3.1201e-01, 9.3388e-05, 4.7628e-03])
[2026-06-25 21:42:32,322][root][INFO] - Epoch: 9 | train acc: 0.9383, train loss: 0.21310964, valid acc: 0.9315, valid loss: 0.23253178, test acc: 0.9128, test loss: 0.54888544
[2026-06-25 21:42:33,567][root][INFO] - reg loss: 6.252037585727752, entropy loss: 0.28728147726210335, leaf dev: 0.07277721166610718
[2026-06-25 21:42:33,568][root][INFO] - Val leaf stats: tensor([0.0042, 0.0359, 0.0875, 0.0011, 0.0751, 0.0087, 0.0009, 0.0105, 0.0271,
        0.1325, 0.1328, 0.0379, 0.0156, 0.1829, 0.0107, 0.2366])
[2026-06-25 21:42:42,545][root][INFO] - Epoch: 9 | train acc: 0.9604, train loss: 4.82751073, valid acc: 0.9524, valid loss: 0.16747608, test acc: 0.9242, test loss: 0.41333218
[2026-06-25 21:42:44,263][root][INFO] - reg loss: 4.689734605254319, entropy loss: 0.17202832940078916, leaf dev: 0.10761154443025589
[2026-06-25 21:42:44,263][root][INFO] - Val leaf stats: tensor([3.5656e-01, 9.6563e-02, 1.1543e-01, 5.6033e-04, 7.2096e-02, 3.9223e-02,
        3.4460e-02, 2.8016e-04, 2.3347e-03, 1.1207e-03, 0.0000e+00, 7.4710e-04,
        0.0000e+00, 2.8016e-01, 1.8678e-04, 2.8016e-04])
[2026-06-25 21:42:45,600][root][INFO] - Epoch: 10 | train acc: 0.9642, train loss: 17.70493897, valid acc: 0.9527, valid loss: 0.16049990, test acc: 0.9296, test loss: 1.65228377
[2026-06-25 21:42:46,944][root][INFO] - reg loss: 4.392969608306885, entropy loss: 0.18398510069443436, leaf dev: 0.19288969039916992
[2026-06-25 21:42:46,945][root][INFO] - Val leaf stats: tensor([7.7690e-01, 0.0000e+00, 5.6033e-04, 3.7355e-04, 7.3403e-02, 7.4710e-04,
        4.4079e-02, 5.6033e-04, 9.3388e-05, 0.0000e+00, 9.8431e-02, 6.5372e-04,
        2.6149e-03, 1.0273e-03, 3.7355e-04, 1.8678e-04])
[2026-06-25 21:42:46,954][root][INFO] - Epoch: 10 | train acc: 0.9471, train loss: 0.18304277, valid acc: 0.9339, valid loss: 0.21893290, test acc: 0.9179, test loss: 0.57274700
[2026-06-25 21:42:47,589][root][INFO] - Epoch: 11 | train acc: 0.9682, train loss: 0.11233048, valid acc: 0.9501, valid loss: 0.17480076, test acc: 0.9253, test loss: 0.44248041
[2026-06-25 21:42:48,501][root][INFO] - reg loss: 6.629763285319011, entropy loss: 0.3213332732203146, leaf dev: 0.0862240344285965
[2026-06-25 21:42:48,503][root][INFO] - Val leaf stats: tensor([0.0000, 0.0007, 0.0228, 0.0010, 0.0753, 0.0007, 0.0004, 0.0021, 0.1450,
        0.0512, 0.2074, 0.2888, 0.0137, 0.0166, 0.0545, 0.1197])
[2026-06-25 21:42:49,235][root][INFO] - Epoch: 10 | train acc: 0.9261, train loss: 33.84609794, valid acc: 0.9184, valid loss: 0.26557125, test acc: 0.8948, test loss: 1.06436258
[2026-06-25 21:42:49,239][root][INFO] - reg loss: 6.396134901299048, entropy loss: 0.23710189720310232, leaf dev: 0.08501017093658447
[2026-06-25 21:42:49,240][root][INFO] - Val leaf stats: tensor([0.0037, 0.0011, 0.1172, 0.2279, 0.0740, 0.0037, 0.0004, 0.0489, 0.0008,
        0.0227, 0.1734, 0.2496, 0.0018, 0.0082, 0.0661, 0.0004])
[2026-06-25 21:42:50,666][root][INFO] - reg loss: 4.20058074073186, entropy loss: 0.18620915498052323, leaf dev: 0.15454435348510742
[2026-06-25 21:42:50,667][root][INFO] - Val leaf stats: tensor([5.7751e-01, 4.6694e-04, 6.5372e-04, 6.5372e-04, 1.8640e-01, 0.0000e+00,
        0.0000e+00, 4.6694e-04, 0.0000e+00, 0.0000e+00, 2.2908e-01, 0.0000e+00,
        3.6421e-03, 4.6694e-04, 3.7355e-04, 2.8016e-04])
[2026-06-25 21:42:53,861][root][INFO] - Epoch: 10 | train acc: 0.9518, train loss: 2.72012926, valid acc: 0.9448, valid loss: 0.19114864, test acc: 0.9235, test loss: 0.46798792
[2026-06-25 21:42:55,387][root][INFO] - reg loss: 5.108317920139858, entropy loss: 0.18742428302134156, leaf dev: 0.120127372443676
[2026-06-25 21:42:55,388][root][INFO] - Val leaf stats: tensor([4.0129e-01, 1.2663e-01, 3.7355e-02, 2.2413e-03, 9.3108e-02, 3.5487e-03,
        0.0000e+00, 1.2140e-03, 7.4710e-04, 5.0430e-03, 3.7355e-04, 3.0818e-03,
        1.9331e-02, 3.0230e-01, 9.3388e-05, 3.6421e-03])
[2026-06-25 21:42:56,718][root][INFO] - Epoch: 10 | train acc: 0.9454, train loss: 0.19096488, valid acc: 0.9296, valid loss: 0.24357727, test acc: 0.9108, test loss: 0.58925761
[2026-06-25 21:42:58,058][root][INFO] - reg loss: 6.254540549384223, entropy loss: 0.28734189713442765, leaf dev: 0.06586010009050369
[2026-06-25 21:42:58,059][root][INFO] - Val leaf stats: tensor([0.0016, 0.0192, 0.0957, 0.0018, 0.0850, 0.0710, 0.0008, 0.0205, 0.0290,
        0.1418, 0.1363, 0.0426, 0.0095, 0.1062, 0.0097, 0.2293])
[2026-06-25 21:43:07,905][root][INFO] - Epoch: 10 | train acc: 0.9645, train loss: 4.73636441, valid acc: 0.9549, valid loss: 0.15992599, test acc: 0.9230, test loss: 0.54929490
[2026-06-25 21:43:09,500][root][INFO] - reg loss: 4.612728820276008, entropy loss: 0.16617234863301433, leaf dev: 0.10883454233407974
[2026-06-25 21:43:09,501][root][INFO] - Val leaf stats: tensor([3.6132e-01, 7.9660e-02, 1.2607e-01, 5.6033e-04, 7.1349e-02, 3.6702e-02,
        3.7355e-02, 2.8016e-04, 2.3347e-03, 1.1207e-03, 0.0000e+00, 6.5372e-04,
        0.0000e+00, 2.8203e-01, 2.8016e-04, 2.8016e-04])
[2026-06-25 21:43:11,500][root][INFO] - Epoch: 11 | train acc: 0.9656, train loss: 17.74778802, valid acc: 0.9583, valid loss: 0.15308302, test acc: 0.9346, test loss: 1.80128343
[2026-06-25 21:43:13,036][root][INFO] - Epoch: 11 | train acc: 0.9478, train loss: 0.17777950, valid acc: 0.9390, valid loss: 0.20779082, test acc: 0.9184, test loss: 0.64603339
[2026-06-25 21:43:13,244][root][INFO] - reg loss: 4.404945111148572, entropy loss: 0.18099450221452765, leaf dev: 0.1980387419462204
[2026-06-25 21:43:13,245][root][INFO] - Val leaf stats: tensor([7.9791e-01, 0.0000e+00, 3.7355e-04, 9.3388e-05, 7.1442e-02, 6.5372e-04,
        3.6235e-02, 5.6033e-04, 9.3388e-05, 0.0000e+00, 8.7785e-02, 6.5372e-04,
        2.7083e-03, 9.3388e-04, 3.7355e-04, 1.8678e-04])
[2026-06-25 21:43:13,873][root][INFO] - Epoch: 12 | train acc: 0.9673, train loss: 0.11506030, valid acc: 0.9512, valid loss: 0.17218529, test acc: 0.9244, test loss: 0.42415276
[2026-06-25 21:43:14,242][root][INFO] - Epoch: 11 | train acc: 0.9278, train loss: 33.73747750, valid acc: 0.9203, valid loss: 0.26241040, test acc: 0.8890, test loss: 1.18300182
[2026-06-25 21:43:14,611][root][INFO] - reg loss: 6.679304965589412, entropy loss: 0.31716417730169955, leaf dev: 0.083226777613163
[2026-06-25 21:43:14,612][root][INFO] - Val leaf stats: tensor([0.0000, 0.0007, 0.0272, 0.0008, 0.0756, 0.0017, 0.0005, 0.0021, 0.0558,
        0.1169, 0.2242, 0.2698, 0.0209, 0.0102, 0.0766, 0.1170])
[2026-06-25 21:43:15,373][root][INFO] - reg loss: 6.2244722098900525, entropy loss: 0.2318123504125252, leaf dev: 0.08319941908121109
[2026-06-25 21:43:15,374][root][INFO] - Val leaf stats: tensor([0.0035, 0.0014, 0.2101, 0.1150, 0.0737, 0.0037, 0.0000, 0.0408, 0.0008,
        0.0317, 0.2397, 0.1953, 0.0021, 0.0101, 0.0716, 0.0005])
[2026-06-25 21:43:15,624][root][INFO] - reg loss: 4.187846330107835, entropy loss: 0.18203776136592584, leaf dev: 0.1581035703420639
[2026-06-25 21:43:15,625][root][INFO] - Val leaf stats: tensor([6.0021e-01, 2.8016e-04, 6.5372e-04, 6.5372e-04, 1.9434e-01, 0.0000e+00,
        0.0000e+00, 3.7355e-04, 9.3388e-05, 0.0000e+00, 1.9854e-01, 0.0000e+00,
        3.9223e-03, 2.8016e-04, 3.7355e-04, 2.8016e-04])
[2026-06-25 21:43:18,624][root][INFO] - Epoch: 11 | train acc: 0.9558, train loss: 2.69840209, valid acc: 0.9453, valid loss: 0.18626719, test acc: 0.9262, test loss: 0.43245379
[2026-06-25 21:43:20,086][root][INFO] - reg loss: 5.087303416438834, entropy loss: 0.18322469380797532, leaf dev: 0.11909543722867966
[2026-06-25 21:43:20,087][root][INFO] - Val leaf stats: tensor([3.9513e-01, 1.2832e-01, 4.0344e-02, 2.3347e-03, 9.2641e-02, 3.5487e-03,
        9.3388e-05, 1.1207e-03, 6.5372e-04, 4.9496e-03, 4.6694e-04, 3.0818e-03,
        1.9425e-02, 3.0332e-01, 9.3388e-05, 4.4826e-03])
[2026-06-25 21:43:21,099][root][INFO] - Epoch: 11 | train acc: 0.9459, train loss: 0.18502007, valid acc: 0.9387, valid loss: 0.21399772, test acc: 0.9138, test loss: 0.59636535
[2026-06-25 21:43:22,443][root][INFO] - reg loss: 6.203033119282394, entropy loss: 0.28009836083997497, leaf dev: 0.06443865597248077
[2026-06-25 21:43:22,444][root][INFO] - Val leaf stats: tensor([0.0019, 0.0243, 0.0926, 0.0033, 0.0817, 0.0698, 0.0008, 0.0196, 0.0291,
        0.1333, 0.1368, 0.0440, 0.0160, 0.1096, 0.0091, 0.2281])
[2026-06-25 21:43:33,132][root][INFO] - Epoch: 11 | train acc: 0.9664, train loss: 4.71036677, valid acc: 0.9558, valid loss: 0.15784255, test acc: 0.9262, test loss: 0.54963012
[2026-06-25 21:43:34,916][root][INFO] - reg loss: 4.5943974792641935, entropy loss: 0.162835804637147, leaf dev: 0.1095590889453888
[2026-06-25 21:43:34,917][root][INFO] - Val leaf stats: tensor([3.6505e-01, 6.9761e-02, 1.1515e-01, 6.5372e-04, 7.0882e-02, 3.8943e-02,
        4.7441e-02, 2.8016e-04, 2.3347e-03, 1.1207e-03, 0.0000e+00, 6.5372e-04,
        0.0000e+00, 2.8698e-01, 3.7355e-04, 3.7355e-04])
[2026-06-25 21:43:37,702][root][INFO] - Epoch: 12 | train acc: 0.9669, train loss: 17.58256386, valid acc: 0.9565, valid loss: 0.15015203, test acc: 0.9349, test loss: 2.00944461
[2026-06-25 21:43:38,280][root][INFO] - Epoch: 12 | train acc: 0.9476, train loss: 0.17786129, valid acc: 0.9443, valid loss: 0.19165344, test acc: 0.9203, test loss: 0.71010896
[2026-06-25 21:43:38,836][root][INFO] - Epoch: 12 | train acc: 0.9283, train loss: 33.60116624, valid acc: 0.9204, valid loss: 0.26002183, test acc: 0.8932, test loss: 1.28497410
[2026-06-25 21:43:39,378][root][INFO] - reg loss: 4.364656221298945, entropy loss: 0.17706877955053218, leaf dev: 0.1979227364063263
[2026-06-25 21:43:39,379][root][INFO] - Val leaf stats: tensor([7.9725e-01, 0.0000e+00, 2.8016e-04, 9.3388e-05, 7.1535e-02, 5.6033e-04,
        3.4460e-02, 5.6033e-04, 9.3388e-05, 0.0000e+00, 9.0400e-02, 5.6033e-04,
        2.8016e-03, 7.4710e-04, 3.7355e-04, 2.8016e-04])
[2026-06-25 21:43:39,557][root][INFO] - Epoch: 13 | train acc: 0.9695, train loss: 0.10753345, valid acc: 0.9559, valid loss: 0.15589305, test acc: 0.9220, test loss: 0.55277231
[2026-06-25 21:43:39,756][root][INFO] - reg loss: 6.682741987642157, entropy loss: 0.31462760403673484, leaf dev: 0.07830320298671722
[2026-06-25 21:43:39,762][root][INFO] - Val leaf stats: tensor([0.0000, 0.0007, 0.0278, 0.0009, 0.0758, 0.0015, 0.0005, 0.0022, 0.0975,
        0.1231, 0.2181, 0.2433, 0.0221, 0.0145, 0.0629, 0.1091])
[2026-06-25 21:43:40,303][root][INFO] - reg loss: 4.1711637683646385, entropy loss: 0.17826309808032223, leaf dev: 0.16072210669517517
[2026-06-25 21:43:40,303][root][INFO] - Val leaf stats: tensor([6.1449e-01, 2.8016e-04, 3.7355e-04, 6.5372e-04, 1.7127e-01, 0.0000e+00,
        0.0000e+00, 7.4710e-04, 0.0000e+00, 0.0000e+00, 2.0742e-01, 0.0000e+00,
        3.7355e-03, 2.8016e-04, 4.6694e-04, 2.8016e-04])
[2026-06-25 21:43:41,416][root][INFO] - reg loss: 6.520247593127861, entropy loss: 0.23010424741361507, leaf dev: 0.08637725561857224
[2026-06-25 21:43:41,417][root][INFO] - Val leaf stats: tensor([0.0052, 0.0015, 0.1220, 0.1262, 0.0694, 0.0024, 0.0004, 0.0444, 0.0007,
        0.0391, 0.1533, 0.3198, 0.0033, 0.0151, 0.0963, 0.0010])
[2026-06-25 21:43:44,022][root][INFO] - Epoch: 12 | train acc: 0.9564, train loss: 2.66701263, valid acc: 0.9435, valid loss: 0.18697176, test acc: 0.9237, test loss: 0.40457381
[2026-06-25 21:43:45,539][root][INFO] - reg loss: 5.031853996256672, entropy loss: 0.18041860048102323, leaf dev: 0.11691688746213913
[2026-06-25 21:43:45,540][root][INFO] - Val leaf stats: tensor([3.8102e-01, 1.3849e-01, 4.2959e-02, 2.1479e-03, 9.1053e-02, 3.6421e-03,
        9.3388e-05, 1.0273e-03, 6.5372e-04, 6.4438e-03, 4.6694e-04, 3.0818e-03,
        1.9425e-02, 3.0426e-01, 9.3388e-05, 5.1363e-03])
[2026-06-25 21:43:46,223][root][INFO] - Epoch: 12 | train acc: 0.9521, train loss: 0.16733709, valid acc: 0.9392, valid loss: 0.20876624, test acc: 0.9169, test loss: 0.59883279
[2026-06-25 21:43:47,690][root][INFO] - reg loss: 6.139971107402176, entropy loss: 0.27369557691629604, leaf dev: 0.06550277024507523
[2026-06-25 21:43:47,691][root][INFO] - Val leaf stats: tensor([0.0023, 0.0290, 0.0933, 0.0052, 0.0826, 0.0643, 0.0008, 0.0187, 0.0108,
        0.1458, 0.1397, 0.0490, 0.0148, 0.1110, 0.0088, 0.2238])
[2026-06-25 21:43:58,765][root][INFO] - Epoch: 12 | train acc: 0.9660, train loss: 4.80647619, valid acc: 0.9553, valid loss: 0.15266759, test acc: 0.9270, test loss: 0.56138710
[2026-06-25 21:44:00,516][root][INFO] - reg loss: 4.688015233902704, entropy loss: 0.1639776758889042, leaf dev: 0.09650302678346634
[2026-06-25 21:44:00,517][root][INFO] - Val leaf stats: tensor([2.7484e-01, 4.1371e-02, 1.3504e-01, 1.2140e-03, 7.1535e-02, 1.3074e-01,
        5.4632e-02, 2.8016e-04, 2.3347e-03, 1.0273e-03, 0.0000e+00, 6.5372e-04,
        9.3388e-05, 2.8549e-01, 3.7355e-04, 3.7355e-04])
[2026-06-25 21:44:03,316][root][INFO] - Epoch: 13 | train acc: 0.9675, train loss: 17.47638632, valid acc: 0.9571, valid loss: 0.14871550, test acc: 0.9324, test loss: 2.15043751
[2026-06-25 21:44:03,510][root][INFO] - Epoch: 13 | train acc: 0.9559, train loss: 0.15239373, valid acc: 0.9477, valid loss: 0.18533111, test acc: 0.9194, test loss: 0.57979082
[2026-06-25 21:44:04,069][root][INFO] - Epoch: 13 | train acc: 0.9279, train loss: 33.52482875, valid acc: 0.9209, valid loss: 0.25532106, test acc: 0.8933, test loss: 1.37500669
[2026-06-25 21:44:05,034][root][INFO] - reg loss: 6.638204910137035, entropy loss: 0.3164922404226172, leaf dev: 0.08159849047660828
[2026-06-25 21:44:05,036][root][INFO] - Val leaf stats: tensor([0.0000, 0.0005, 0.0155, 0.0013, 0.0812, 0.0006, 0.0010, 0.0021, 0.0817,
        0.1079, 0.2324, 0.2376, 0.0238, 0.0166, 0.0427, 0.1552])
[2026-06-25 21:44:05,071][root][INFO] - reg loss: 4.3390581771810215, entropy loss: 0.17310166721621517, leaf dev: 0.2001645416021347
[2026-06-25 21:44:05,072][root][INFO] - Val leaf stats: tensor([8.0659e-01, 0.0000e+00, 2.8016e-04, 1.8678e-04, 7.1162e-02, 6.5372e-04,
        3.4273e-02, 4.6694e-04, 1.8678e-04, 0.0000e+00, 8.1528e-02, 5.6033e-04,
        2.8016e-03, 6.5372e-04, 4.6694e-04, 1.8678e-04])
[2026-06-25 21:44:05,157][root][INFO] - Epoch: 14 | train acc: 0.9710, train loss: 0.10195833, valid acc: 0.9560, valid loss: 0.14948213, test acc: 0.9221, test loss: 0.58570357
[2026-06-25 21:44:05,652][root][INFO] - reg loss: 4.1616746609803865, entropy loss: 0.17454331466760584, leaf dev: 0.16053086519241333
[2026-06-25 21:44:05,653][root][INFO] - Val leaf stats: tensor([6.1412e-01, 1.8678e-04, 4.6694e-04, 6.5372e-04, 1.8304e-01, 0.0000e+00,
        0.0000e+00, 6.5372e-04, 0.0000e+00, 0.0000e+00, 1.9593e-01, 0.0000e+00,
        3.9223e-03, 2.8016e-04, 4.6694e-04, 2.8016e-04])
[2026-06-25 21:44:07,409][root][INFO] - reg loss: 6.535452280095015, entropy loss: 0.22228573380954683, leaf dev: 0.08595190197229385
[2026-06-25 21:44:07,410][root][INFO] - Val leaf stats: tensor([0.0035, 0.0011, 0.1216, 0.2668, 0.0697, 0.0035, 0.0009, 0.0396, 0.0014,
        0.0382, 0.1633, 0.2230, 0.0018, 0.0112, 0.0538, 0.0006])
[2026-06-25 21:44:09,819][root][INFO] - Epoch: 13 | train acc: 0.9582, train loss: 2.64179436, valid acc: 0.9459, valid loss: 0.18675908, test acc: 0.9182, test loss: 0.47277759
[2026-06-25 21:44:11,344][root][INFO] - reg loss: 4.991674140647605, entropy loss: 0.18031141185571278, leaf dev: 0.11674438416957855
[2026-06-25 21:44:11,345][root][INFO] - Val leaf stats: tensor([3.9139e-01, 1.3093e-01, 3.9783e-02, 2.2413e-03, 9.4602e-02, 6.7239e-03,
        0.0000e+00, 1.6810e-03, 6.5372e-04, 7.6578e-03, 3.7355e-04, 3.1752e-03,
        2.3254e-02, 2.9221e-01, 9.3388e-05, 5.2297e-03])
[2026-06-25 21:44:11,414][root][INFO] - Epoch: 13 | train acc: 0.9549, train loss: 0.15778634, valid acc: 0.9396, valid loss: 0.21003991, test acc: 0.9100, test loss: 0.37128812
[2026-06-25 21:44:13,016][root][INFO] - reg loss: 6.145740801695163, entropy loss: 0.2681790667551535, leaf dev: 0.06544075161218643
[2026-06-25 21:44:13,017][root][INFO] - Val leaf stats: tensor([1.8678e-03, 2.8764e-02, 9.4229e-02, 1.0646e-02, 8.0407e-02, 6.0329e-02,
        9.3388e-04, 2.0732e-02, 1.0459e-02, 1.2402e-01, 1.3943e-01, 5.0897e-02,
        1.6436e-02, 1.3821e-01, 1.8678e-04, 2.2245e-01])
[2026-06-25 21:44:24,857][root][INFO] - Epoch: 13 | train acc: 0.9700, train loss: 4.71111849, valid acc: 0.9565, valid loss: 0.15121193, test acc: 0.9266, test loss: 0.40895982
[2026-06-25 21:44:26,572][root][INFO] - reg loss: 4.605611992891504, entropy loss: 0.15820316702285142, leaf dev: 0.09633258730173111
[2026-06-25 21:44:26,573][root][INFO] - Val leaf stats: tensor([2.7456e-01, 5.0990e-02, 1.2673e-01, 1.2140e-03, 7.1722e-02, 1.3158e-01,
        5.0616e-02, 2.8016e-04, 2.3347e-03, 1.0273e-03, 0.0000e+00, 6.5372e-04,
        1.8678e-04, 2.8745e-01, 2.8016e-04, 3.7355e-04])
[2026-06-25 21:44:28,922][root][INFO] - Epoch: 14 | train acc: 0.9574, train loss: 0.14733577, valid acc: 0.9536, valid loss: 0.16882419, test acc: 0.9216, test loss: 0.66356842
[2026-06-25 21:44:29,367][root][INFO] - Epoch: 14 | train acc: 0.9683, train loss: 17.40867415, valid acc: 0.9574, valid loss: 0.15142826, test acc: 0.9336, test loss: 2.28950915
[2026-06-25 21:44:29,557][root][INFO] - Epoch: 14 | train acc: 0.9305, train loss: 33.47533312, valid acc: 0.9233, valid loss: 0.26585387, test acc: 0.8943, test loss: 1.48102683
[2026-06-25 21:44:30,499][root][INFO] - reg loss: 6.548761095319476, entropy loss: 0.29969466426385144, leaf dev: 0.07966108620166779
[2026-06-25 21:44:30,500][root][INFO] - Val leaf stats: tensor([0.0000, 0.0005, 0.0173, 0.0012, 0.0799, 0.0006, 0.0003, 0.0023, 0.0728,
        0.1052, 0.2081, 0.2637, 0.0322, 0.0133, 0.0971, 0.1054])
[2026-06-25 21:44:30,903][root][INFO] - reg loss: 4.1564940144776035, entropy loss: 0.17145498774985157, leaf dev: 0.16036617755889893
[2026-06-25 21:44:30,905][root][INFO] - Val leaf stats: tensor([6.1300e-01, 1.8678e-04, 4.6694e-04, 9.3388e-04, 1.7473e-01, 0.0000e+00,
        0.0000e+00, 7.4710e-04, 0.0000e+00, 0.0000e+00, 2.0480e-01, 0.0000e+00,
        3.9223e-03, 3.7355e-04, 7.4710e-04, 9.3388e-05])
[2026-06-25 21:44:30,975][root][INFO] - reg loss: 4.322724607255724, entropy loss: 0.1699691092368787, leaf dev: 0.196334570646286
[2026-06-25 21:44:30,976][root][INFO] - Val leaf stats: tensor([7.9025e-01, 0.0000e+00, 3.7355e-04, 0.0000e+00, 7.1535e-02, 5.6033e-04,
        3.1752e-02, 4.6694e-04, 2.8016e-04, 0.0000e+00, 1.0039e-01, 5.6033e-04,
        2.8016e-03, 3.7355e-04, 4.6694e-04, 1.8678e-04])
[2026-06-25 21:44:31,224][root][INFO] - Epoch: 15 | train acc: 0.9689, train loss: 0.10675357, valid acc: 0.9453, valid loss: 0.18769297, test acc: 0.9210, test loss: 0.68138675
[2026-06-25 21:44:33,244][root][INFO] - reg loss: 6.187958248077877, entropy loss: 0.21425521121453986, leaf dev: 0.0898883119225502
[2026-06-25 21:44:33,245][root][INFO] - Val leaf stats: tensor([0.0154, 0.0008, 0.1546, 0.3280, 0.0778, 0.0035, 0.0008, 0.0631, 0.0012,
        0.0231, 0.1391, 0.1432, 0.0023, 0.0078, 0.0387, 0.0007])
[2026-06-25 21:44:34,661][root][INFO] - Epoch: 14 | train acc: 0.9579, train loss: 2.65187412, valid acc: 0.9482, valid loss: 0.17548357, test acc: 0.9268, test loss: 0.43768871
[2026-06-25 21:44:36,119][root][INFO] - reg loss: 5.012658845810663, entropy loss: 0.17675595474306238, leaf dev: 0.11508578062057495
[2026-06-25 21:44:36,121][root][INFO] - Val leaf stats: tensor([3.6328e-01, 1.4232e-01, 4.3519e-02, 2.7083e-03, 8.9372e-02, 4.8562e-03,
        0.0000e+00, 1.3074e-03, 6.5372e-04, 7.9380e-03, 2.8016e-04, 3.1752e-03,
        2.1666e-02, 3.1378e-01, 9.3388e-05, 5.0430e-03])
[2026-06-25 21:44:37,001][root][INFO] - Epoch: 14 | train acc: 0.9550, train loss: 0.15792430, valid acc: 0.9414, valid loss: 0.20202361, test acc: 0.9142, test loss: 0.37322181
[2026-06-25 21:44:38,491][root][INFO] - reg loss: 6.030395341297937, entropy loss: 0.25855226664946823, leaf dev: 0.06559004634618759
[2026-06-25 21:44:38,492][root][INFO] - Val leaf stats: tensor([0.0020, 0.0319, 0.0935, 0.0051, 0.0825, 0.0599, 0.0008, 0.0233, 0.0112,
        0.0944, 0.1418, 0.0452, 0.0220, 0.1999, 0.0003, 0.1863])
[2026-06-25 21:44:50,965][root][INFO] - Epoch: 14 | train acc: 0.9716, train loss: 4.67719294, valid acc: 0.9559, valid loss: 0.15385832, test acc: 0.9243, test loss: 0.37815835
[2026-06-25 21:44:52,807][root][INFO] - reg loss: 4.577776800387751, entropy loss: 0.1539745143954716, leaf dev: 0.09380985796451569
[2026-06-25 21:44:52,808][root][INFO] - Val leaf stats: tensor([2.4589e-01, 8.2742e-02, 1.1627e-01, 1.0273e-03, 7.3123e-02, 1.5176e-01,
        3.3993e-02, 1.8678e-04, 2.3347e-03, 1.0273e-03, 0.0000e+00, 6.5372e-04,
        1.8678e-04, 2.9006e-01, 2.8016e-04, 4.6694e-04])
[2026-06-25 21:44:54,423][root][INFO] - Epoch: 15 | train acc: 0.9613, train loss: 0.13448521, valid acc: 0.9548, valid loss: 0.16334378, test acc: 0.9240, test loss: 0.80879087
[2026-06-25 21:44:54,844][root][INFO] - Epoch: 15 | train acc: 0.9320, train loss: 33.54418308, valid acc: 0.9240, valid loss: 0.25410226, test acc: 0.8957, test loss: 1.48896320
[2026-06-25 21:44:55,434][root][INFO] - Epoch: 15 | train acc: 0.9690, train loss: 17.40696022, valid acc: 0.9569, valid loss: 0.14949738, test acc: 0.9326, test loss: 2.40389058
[2026-06-25 21:44:55,809][root][INFO] - reg loss: 6.662114829613418, entropy loss: 0.3004910504376447, leaf dev: 0.07974118739366531
[2026-06-25 21:44:55,810][root][INFO] - Val leaf stats: tensor([4.6694e-04, 1.7744e-03, 2.1853e-02, 6.5372e-04, 7.8539e-02, 5.6033e-04,
        1.8678e-04, 2.3347e-03, 7.3403e-02, 1.0021e-01, 2.1311e-01, 2.6167e-01,
        2.4001e-02, 2.2973e-02, 7.5177e-02, 1.2309e-01])
[2026-06-25 21:44:56,265][root][INFO] - reg loss: 4.165288496269751, entropy loss: 0.16865940841417465, leaf dev: 0.15635982155799866
[2026-06-25 21:44:56,266][root][INFO] - Val leaf stats: tensor([5.8713e-01, 1.8678e-04, 4.6694e-04, 4.6694e-04, 1.7034e-01, 0.0000e+00,
        0.0000e+00, 1.0273e-03, 0.0000e+00, 0.0000e+00, 2.3552e-01, 0.0000e+00,
        3.6421e-03, 3.7355e-04, 4.6694e-04, 3.7355e-04])
[2026-06-25 21:44:57,057][root][INFO] - reg loss: 4.322779718530241, entropy loss: 0.16646468245163165, leaf dev: 0.19888289272785187
[2026-06-25 21:44:57,058][root][INFO] - Val leaf stats: tensor([8.0108e-01, 0.0000e+00, 2.8016e-04, 0.0000e+00, 7.1349e-02, 6.5372e-04,
        3.2312e-02, 4.6694e-04, 3.7355e-04, 0.0000e+00, 8.9092e-02, 5.6033e-04,
        2.8016e-03, 3.7355e-04, 4.6694e-04, 1.8678e-04])
[2026-06-25 21:44:57,199][root][INFO] - Epoch: 16 | train acc: 0.9607, train loss: 0.13445654, valid acc: 0.9527, valid loss: 0.16852901, test acc: 0.9260, test loss: 1.04855775
[2026-06-25 21:44:59,131][root][INFO] - reg loss: 6.060852477159449, entropy loss: 0.2092151082855053, leaf dev: 0.09557701647281647
[2026-06-25 21:44:59,132][root][INFO] - Val leaf stats: tensor([0.0150, 0.0008, 0.0855, 0.3615, 0.0756, 0.0034, 0.0004, 0.0498, 0.0013,
        0.0311, 0.1402, 0.1727, 0.0022, 0.0092, 0.0507, 0.0006])
[2026-06-25 21:44:59,408][root][INFO] - Epoch: 15 | train acc: 0.9613, train loss: 2.58451582, valid acc: 0.9463, valid loss: 0.18137476, test acc: 0.9231, test loss: 0.48083007
[2026-06-25 21:45:00,949][root][INFO] - reg loss: 4.900534584408715, entropy loss: 0.17353389487064705, leaf dev: 0.11485646665096283
[2026-06-25 21:45:00,950][root][INFO] - Val leaf stats: tensor([3.7234e-01, 1.2505e-01, 4.6040e-02, 2.7083e-03, 9.6003e-02, 8.4983e-03,
        0.0000e+00, 1.6810e-03, 6.5372e-04, 8.7785e-03, 2.8016e-04, 3.2686e-03,
        2.0919e-02, 3.0678e-01, 0.0000e+00, 7.0041e-03])
[2026-06-25 21:45:01,471][root][INFO] - Epoch: 15 | train acc: 0.9558, train loss: 0.15495375, valid acc: 0.9460, valid loss: 0.19575169, test acc: 0.9178, test loss: 0.38596173
[2026-06-25 21:45:02,812][root][INFO] - reg loss: 5.969996507836397, entropy loss: 0.25256460085117, leaf dev: 0.06772953271865845
[2026-06-25 21:45:02,813][root][INFO] - Val leaf stats: tensor([1.3074e-03, 1.8211e-02, 1.0964e-01, 6.5372e-03, 8.4516e-02, 5.4725e-02,
        8.4049e-04, 2.4094e-02, 1.2514e-02, 1.6324e-01, 1.4587e-01, 5.3138e-02,
        1.8491e-02, 8.2929e-02, 1.8678e-04, 2.2376e-01])
[2026-06-25 21:45:16,756][root][INFO] - Epoch: 15 | train acc: 0.9723, train loss: 4.67396582, valid acc: 0.9594, valid loss: 0.14782654, test acc: 0.9239, test loss: 0.54367237
[2026-06-25 21:45:18,398][root][INFO] - reg loss: 4.576210730921024, entropy loss: 0.1525693106903601, leaf dev: 0.09572475403547287
[2026-06-25 21:45:18,399][root][INFO] - Val leaf stats: tensor([2.7867e-01, 8.5450e-02, 1.0525e-01, 7.4710e-04, 7.2469e-02, 1.1038e-01,
        5.2578e-02, 1.8678e-04, 2.2413e-03, 1.0273e-03, 0.0000e+00, 6.5372e-04,
        2.8016e-04, 2.8932e-01, 2.8016e-04, 4.6694e-04])
[2026-06-25 21:45:20,037][root][INFO] - Epoch: 16 | train acc: 0.9633, train loss: 0.12812289, valid acc: 0.9524, valid loss: 0.17249264, test acc: 0.9231, test loss: 0.82208476
[2026-06-25 21:45:20,102][root][INFO] - Epoch: 16 | train acc: 0.9343, train loss: 33.49797476, valid acc: 0.9262, valid loss: 0.24777108, test acc: 0.8847, test loss: 1.60914939
[2026-06-25 21:45:21,601][root][INFO] - reg loss: 6.6508479597707275, entropy loss: 0.2695531302658969, leaf dev: 0.07653766125440598
[2026-06-25 21:45:21,602][root][INFO] - Val leaf stats: tensor([9.3388e-05, 5.6033e-04, 2.1946e-02, 1.2140e-03, 8.1061e-02, 5.6033e-04,
        3.7355e-04, 2.2413e-03, 7.8166e-02, 8.7691e-02, 2.1208e-01, 2.4337e-01,
        3.1845e-02, 2.2133e-02, 1.2112e-01, 9.5536e-02])
[2026-06-25 21:45:21,622][root][INFO] - reg loss: 4.160386718770184, entropy loss: 0.1638543379527551, leaf dev: 0.154963880777359
[2026-06-25 21:45:21,623][root][INFO] - Val leaf stats: tensor([5.7826e-01, 1.8678e-04, 5.6033e-04, 5.6033e-04, 1.7408e-01, 0.0000e+00,
        0.0000e+00, 9.3388e-04, 0.0000e+00, 0.0000e+00, 2.4085e-01, 0.0000e+00,
        3.3620e-03, 3.7355e-04, 4.6694e-04, 3.7355e-04])
[2026-06-25 21:45:22,144][root][INFO] - Epoch: 16 | train acc: 0.9696, train loss: 17.28668098, valid acc: 0.9595, valid loss: 0.14665655, test acc: 0.9332, test loss: 2.64117886
[2026-06-25 21:45:23,829][root][INFO] - Epoch: 17 | train acc: 0.9693, train loss: 0.10799883, valid acc: 0.9572, valid loss: 0.14917273, test acc: 0.9279, test loss: 1.14260815
[2026-06-25 21:45:23,847][root][INFO] - reg loss: 4.293175361774586, entropy loss: 0.16302424322360407, leaf dev: 0.20000799000263214
[2026-06-25 21:45:23,848][root][INFO] - Val leaf stats: tensor([8.0575e-01, 0.0000e+00, 2.8016e-04, 0.0000e+00, 7.1349e-02, 6.5372e-04,
        3.1939e-02, 4.6694e-04, 3.7355e-04, 0.0000e+00, 8.4796e-02, 5.6033e-04,
        2.8016e-03, 3.7355e-04, 4.6694e-04, 1.8678e-04])
[2026-06-25 21:45:24,285][root][INFO] - Epoch: 16 | train acc: 0.9612, train loss: 2.56004425, valid acc: 0.9355, valid loss: 0.20417060, test acc: 0.9150, test loss: 0.57009104
[2026-06-25 21:45:25,425][root][INFO] - reg loss: 5.676153054313054, entropy loss: 0.19323049667020323, leaf dev: 0.09348414093255997
[2026-06-25 21:45:25,425][root][INFO] - Val leaf stats: tensor([0.0144, 0.0021, 0.0907, 0.3468, 0.0810, 0.0026, 0.0000, 0.0393, 0.0014,
        0.0318, 0.1422, 0.1800, 0.0021, 0.0101, 0.0549, 0.0007])
[2026-06-25 21:45:25,847][root][INFO] - reg loss: 4.847846989909177, entropy loss: 0.1635734233118239, leaf dev: 0.11309333145618439
[2026-06-25 21:45:25,848][root][INFO] - Val leaf stats: tensor([3.5814e-01, 1.1281e-01, 7.8913e-02, 1.8678e-03, 8.7131e-02, 6.1636e-03,
        0.0000e+00, 1.7744e-03, 7.4710e-04, 6.2570e-03, 2.8016e-04, 3.1752e-03,
        1.9705e-02, 3.1462e-01, 1.8678e-04, 8.2182e-03])
[2026-06-25 21:45:26,137][root][INFO] - Epoch: 16 | train acc: 0.9599, train loss: 0.14024518, valid acc: 0.9471, valid loss: 0.18972207, test acc: 0.9182, test loss: 0.36267351
[2026-06-25 21:45:27,498][root][INFO] - reg loss: 6.126890366670316, entropy loss: 0.2628355373938878, leaf dev: 0.061562005430459976
[2026-06-25 21:45:27,499][root][INFO] - Val leaf stats: tensor([0.0085, 0.0343, 0.0901, 0.0027, 0.0836, 0.0561, 0.0008, 0.0244, 0.0119,
        0.1217, 0.1487, 0.0573, 0.0238, 0.1367, 0.0003, 0.1991])
[2026-06-25 21:45:42,059][root][INFO] - Epoch: 16 | train acc: 0.9735, train loss: 4.64193994, valid acc: 0.9580, valid loss: 0.14940217, test acc: 0.9260, test loss: 0.59376306
[2026-06-25 21:45:43,975][root][INFO] - reg loss: 4.548752340690169, entropy loss: 0.14784374777917508, leaf dev: 0.09651728719472885
[2026-06-25 21:45:43,976][root][INFO] - Val leaf stats: tensor([2.7307e-01, 7.4430e-02, 8.7411e-02, 6.5372e-04, 7.3403e-02, 1.4428e-01,
        4.8375e-02, 1.8678e-04, 2.2413e-03, 9.3388e-04, 0.0000e+00, 6.5372e-04,
        2.8016e-04, 2.9315e-01, 4.6694e-04, 4.6694e-04])
[2026-06-25 21:45:45,476][root][INFO] - Epoch: 17 | train acc: 0.9650, train loss: 0.12420991, valid acc: 0.9551, valid loss: 0.16452855, test acc: 0.9223, test loss: 0.85878432
[2026-06-25 21:45:46,004][root][INFO] - Epoch: 17 | train acc: 0.9359, train loss: 33.45262259, valid acc: 0.9258, valid loss: 0.24418274, test acc: 0.8935, test loss: 1.70240192
[2026-06-25 21:45:46,942][root][INFO] - reg loss: 6.605955903492276, entropy loss: 0.25837594657032575, leaf dev: 0.0781996101140976
[2026-06-25 21:45:46,944][root][INFO] - Val leaf stats: tensor([9.3388e-05, 3.7355e-04, 2.6989e-02, 1.8678e-03, 7.4430e-02, 6.5372e-04,
        0.0000e+00, 2.3347e-03, 8.3396e-02, 8.7878e-02, 2.1078e-01, 2.5654e-01,
        3.1005e-02, 1.4569e-02, 1.0478e-01, 1.0431e-01])
[2026-06-25 21:45:47,578][root][INFO] - reg loss: 4.155333804075049, entropy loss: 0.16127861460680684, leaf dev: 0.15575988590717316
[2026-06-25 21:45:47,580][root][INFO] - Val leaf stats: tensor([5.8405e-01, 1.8678e-04, 5.6033e-04, 5.6033e-04, 1.7557e-01, 0.0000e+00,
        0.0000e+00, 9.3388e-04, 0.0000e+00, 0.0000e+00, 2.3338e-01, 0.0000e+00,
        3.4554e-03, 4.6694e-04, 4.6694e-04, 3.7355e-04])
[2026-06-25 21:45:48,222][root][INFO] - Epoch: 17 | train acc: 0.9677, train loss: 17.13129979, valid acc: 0.9576, valid loss: 0.15490964, test acc: 0.9346, test loss: 2.85145548
[2026-06-25 21:45:49,507][root][INFO] - Epoch: 18 | train acc: 0.9725, train loss: 0.09725652, valid acc: 0.9583, valid loss: 0.14999130, test acc: 0.9325, test loss: 1.20804086
[2026-06-25 21:45:49,897][root][INFO] - Epoch: 17 | train acc: 0.9620, train loss: 2.55650867, valid acc: 0.9503, valid loss: 0.17264718, test acc: 0.9257, test loss: 0.48980457
[2026-06-25 21:45:49,908][root][INFO] - reg loss: 4.2535769775431, entropy loss: 0.15865869544170522, leaf dev: 0.21188320219516754
[2026-06-25 21:45:49,909][root][INFO] - Val leaf stats: tensor([8.5357e-01, 0.0000e+00, 9.3388e-05, 9.3388e-05, 7.0415e-02, 2.8016e-04,
        3.4927e-02, 5.6033e-04, 9.3388e-05, 0.0000e+00, 3.3900e-02, 6.5372e-04,
        3.0818e-03, 1.4008e-03, 4.6694e-04, 4.6694e-04])
[2026-06-25 21:45:51,124][root][INFO] - reg loss: 5.66122600262758, entropy loss: 0.19084832072257996, leaf dev: 0.087203249335289
[2026-06-25 21:45:51,125][root][INFO] - Val leaf stats: tensor([1.3728e-02, 9.3388e-04, 5.7154e-02, 2.9464e-01, 7.8633e-02, 3.6421e-03,
        9.3388e-05, 5.4258e-02, 8.4049e-04, 3.3620e-02, 1.5288e-01, 2.1414e-01,
        1.8678e-03, 1.1580e-02, 8.1621e-02, 3.7355e-04])
[2026-06-25 21:45:51,497][root][INFO] - Epoch: 17 | train acc: 0.9614, train loss: 0.13404241, valid acc: 0.9437, valid loss: 0.19354169, test acc: 0.9215, test loss: 0.63043198
[2026-06-25 21:45:51,582][root][INFO] - reg loss: 4.8493916925299105, entropy loss: 0.16079419677850432, leaf dev: 0.11709554493427277
[2026-06-25 21:45:51,583][root][INFO] - Val leaf stats: tensor([3.8439e-01, 1.2458e-01, 5.9395e-02, 2.4281e-03, 8.1528e-02, 1.7744e-03,
        0.0000e+00, 1.5876e-03, 6.5372e-04, 6.4438e-03, 2.8016e-04, 3.1752e-03,
        1.9518e-02, 3.0697e-01, 1.8678e-04, 7.0975e-03])
[2026-06-25 21:45:52,890][root][INFO] - reg loss: 6.074859964784491, entropy loss: 0.26150681559370936, leaf dev: 0.06588190793991089
[2026-06-25 21:45:52,891][root][INFO] - Val leaf stats: tensor([0.0067, 0.0344, 0.0888, 0.0020, 0.0840, 0.0588, 0.0009, 0.0259, 0.0134,
        0.1132, 0.1349, 0.0701, 0.0201, 0.0990, 0.0007, 0.2469])
[2026-06-25 21:46:08,014][root][INFO] - Epoch: 17 | train acc: 0.9732, train loss: 4.58922842, valid acc: 0.9605, valid loss: 0.14477006, test acc: 0.9271, test loss: 0.59582048
[2026-06-25 21:46:09,978][root][INFO] - reg loss: 4.495421777957331, entropy loss: 0.1429602391820736, leaf dev: 0.09501996636390686
[2026-06-25 21:46:09,979][root][INFO] - Val leaf stats: tensor([2.5093e-01, 8.5637e-02, 7.0882e-02, 6.5372e-04, 7.3310e-02, 1.6987e-01,
        5.0430e-02, 1.8678e-04, 2.2413e-03, 6.5372e-04, 0.0000e+00, 6.5372e-04,
        3.7355e-04, 2.9296e-01, 6.5372e-04, 5.6033e-04])
[2026-06-25 21:46:10,549][root][INFO] - Epoch: 18 | train acc: 0.9595, train loss: 0.14632030, valid acc: 0.9423, valid loss: 0.21274014, test acc: 0.8980, test loss: 1.02065109
[2026-06-25 21:46:11,956][root][INFO] - reg loss: 6.4905472710019065, entropy loss: 0.25383717586439125, leaf dev: 0.08117187023162842
[2026-06-25 21:46:11,957][root][INFO] - Val leaf stats: tensor([0.0000e+00, 9.3388e-05, 2.4001e-02, 1.4942e-03, 7.4524e-02, 5.6033e-04,
        0.0000e+00, 2.9884e-03, 9.5069e-02, 5.3605e-02, 2.3207e-01, 2.5542e-01,
        2.5962e-02, 1.9051e-02, 1.0684e-01, 1.0833e-01])
[2026-06-25 21:46:11,957][root][INFO] - Epoch: 18 | train acc: 0.9372, train loss: 33.41642628, valid acc: 0.9253, valid loss: 0.24881592, test acc: 0.8981, test loss: 1.92112857
[2026-06-25 21:46:13,498][root][INFO] - reg loss: 4.151439512848223, entropy loss: 0.1590203689362006, leaf dev: 0.15430691838264465
[2026-06-25 21:46:13,499][root][INFO] - Val leaf stats: tensor([5.7284e-01, 1.8678e-04, 5.6033e-04, 6.5372e-04, 1.6959e-01, 0.0000e+00,
        0.0000e+00, 7.4710e-04, 0.0000e+00, 0.0000e+00, 2.5047e-01, 0.0000e+00,
        3.6421e-03, 4.6694e-04, 4.6694e-04, 3.7355e-04])
[2026-06-25 21:46:14,414][root][INFO] - Epoch: 18 | train acc: 0.9616, train loss: 17.40294173, valid acc: 0.9561, valid loss: 0.16508272, test acc: 0.9300, test loss: 3.15142922
[2026-06-25 21:46:15,307][root][INFO] - Epoch: 19 | train acc: 0.9709, train loss: 0.10234219, valid acc: 0.9579, valid loss: 0.15295306, test acc: 0.9189, test loss: 1.19859287
[2026-06-25 21:46:15,316][root][INFO] - Epoch: 18 | train acc: 0.9646, train loss: 2.51434110, valid acc: 0.9525, valid loss: 0.16446078, test acc: 0.9246, test loss: 0.60225328
[2026-06-25 21:46:16,088][root][INFO] - reg loss: 4.315740045416292, entropy loss: 0.15543204388290485, leaf dev: 0.19778230786323547
[2026-06-25 21:46:16,089][root][INFO] - Val leaf stats: tensor([7.9660e-01, 0.0000e+00, 3.7355e-04, 1.8678e-04, 7.1442e-02, 1.8678e-04,
        9.1987e-02, 1.8678e-04, 2.8016e-04, 0.0000e+00, 3.3433e-02, 6.5372e-04,
        3.1752e-03, 5.6033e-04, 4.6694e-04, 4.6694e-04])
[2026-06-25 21:46:16,604][root][INFO] - Epoch: 18 | train acc: 0.9609, train loss: 0.13605212, valid acc: 0.9396, valid loss: 0.20669413, test acc: 0.9152, test loss: 0.68847786
[2026-06-25 21:46:16,660][root][INFO] - reg loss: 4.778395857129778, entropy loss: 0.15858367180067395, leaf dev: 0.11673816293478012
[2026-06-25 21:46:16,661][root][INFO] - Val leaf stats: tensor([3.8037e-01, 1.2719e-01, 4.3332e-02, 3.2686e-03, 8.9839e-02, 5.7901e-03,
        0.0000e+00, 1.6810e-03, 6.5372e-04, 7.2843e-03, 2.8016e-04, 2.8950e-03,
        1.9331e-02, 3.0911e-01, 3.7355e-04, 8.5917e-03])
[2026-06-25 21:46:16,913][root][INFO] - reg loss: 5.689828501807319, entropy loss: 0.18534228079533452, leaf dev: 0.08302053809165955
[2026-06-25 21:46:16,914][root][INFO] - Val leaf stats: tensor([7.1909e-03, 1.4008e-03, 6.5745e-02, 2.6233e-01, 8.1341e-02, 3.2686e-03,
        9.3388e-05, 6.0049e-02, 7.4710e-04, 3.4927e-02, 2.0433e-01, 1.7893e-01,
        2.1479e-03, 1.0833e-02, 8.5730e-02, 9.3388e-04])
[2026-06-25 21:46:18,303][root][INFO] - reg loss: 5.996024850815061, entropy loss: 0.2567904962906762, leaf dev: 0.062288738787174225
[2026-06-25 21:46:18,304][root][INFO] - Val leaf stats: tensor([0.0110, 0.0352, 0.0883, 0.0033, 0.0814, 0.0534, 0.0009, 0.0296, 0.0177,
        0.1270, 0.1518, 0.0769, 0.0159, 0.2183, 0.0007, 0.0886])
[2026-06-25 21:46:34,117][root][INFO] - Epoch: 18 | train acc: 0.9755, train loss: 4.60128255, valid acc: 0.9594, valid loss: 0.14436157, test acc: 0.9256, test loss: 0.60201193
[2026-06-25 21:46:35,457][root][INFO] - Epoch: 19 | train acc: 0.9589, train loss: 0.14094862, valid acc: 0.9488, valid loss: 0.17635630, test acc: 0.9036, test loss: 0.95572772
[2026-06-25 21:46:35,756][root][INFO] - reg loss: 4.515512453815925, entropy loss: 0.1428423453733404, leaf dev: 0.09494772553443909
[2026-06-25 21:46:35,757][root][INFO] - Val leaf stats: tensor([2.6009e-01, 7.6391e-02, 9.6657e-02, 7.4710e-04, 7.2749e-02, 1.4456e-01,
        4.9963e-02, 1.8678e-04, 2.2413e-03, 8.4049e-04, 0.0000e+00, 6.5372e-04,
        3.7355e-04, 2.9361e-01, 4.6694e-04, 4.6694e-04])
[2026-06-25 21:46:36,812][root][INFO] - reg loss: 6.25704307909365, entropy loss: 0.24764458827240757, leaf dev: 0.07758073508739471
[2026-06-25 21:46:36,813][root][INFO] - Val leaf stats: tensor([1.8678e-04, 9.3388e-05, 2.5869e-02, 1.4008e-03, 7.4710e-02, 5.6033e-04,
        2.8016e-04, 2.8016e-03, 7.2563e-02, 6.1076e-02, 2.3291e-01, 2.3431e-01,
        4.1184e-02, 2.6055e-02, 1.2822e-01, 9.7777e-02])
[2026-06-25 21:46:38,047][root][INFO] - Epoch: 19 | train acc: 0.9385, train loss: 33.39543392, valid acc: 0.9251, valid loss: 0.26184714, test acc: 0.8987, test loss: 2.11339843
[2026-06-25 21:46:39,442][root][INFO] - reg loss: 4.149075387016175, entropy loss: 0.15713491413013014, leaf dev: 0.15651030838489532
[2026-06-25 21:46:39,444][root][INFO] - Val leaf stats: tensor([5.8863e-01, 9.3388e-05, 6.5372e-04, 6.5372e-04, 1.6931e-01, 0.0000e+00,
        0.0000e+00, 7.4710e-04, 9.3388e-05, 0.0000e+00, 2.3403e-01, 0.0000e+00,
        3.4554e-03, 5.6033e-04, 1.0273e-03, 7.4710e-04])
[2026-06-25 21:46:40,427][root][INFO] - Epoch: 19 | train acc: 0.9661, train loss: 2.50080200, valid acc: 0.9520, valid loss: 0.16938297, test acc: 0.9256, test loss: 0.64460771
[2026-06-25 21:46:40,573][root][INFO] - Epoch: 19 | train acc: 0.9674, train loss: 17.44247458, valid acc: 0.9588, valid loss: 0.15015997, test acc: 0.9326, test loss: 3.33364888
[2026-06-25 21:46:40,753][root][INFO] - Epoch: 20 | train acc: 0.9747, train loss: 0.08880755, valid acc: 0.9582, valid loss: 0.15043268, test acc: 0.9153, test loss: 1.16807363
[2026-06-25 21:46:42,109][root][INFO] - reg loss: 4.760043060968792, entropy loss: 0.15723526485697933, leaf dev: 0.1153378039598465
[2026-06-25 21:46:42,110][root][INFO] - Val leaf stats: tensor([3.8261e-01, 1.2000e-01, 5.4912e-02, 3.6421e-03, 9.0680e-02, 6.0702e-03,
        0.0000e+00, 1.7744e-03, 6.5372e-04, 8.0314e-03, 3.7355e-04, 2.9884e-03,
        1.9331e-02, 2.9903e-01, 2.8016e-04, 9.6190e-03])
[2026-06-25 21:46:42,115][root][INFO] - reg loss: 4.330800593845428, entropy loss: 0.15252849333500737, leaf dev: 0.1975458562374115
[2026-06-25 21:46:42,116][root][INFO] - Val leaf stats: tensor([7.9623e-01, 0.0000e+00, 6.5372e-04, 1.8678e-04, 7.1535e-02, 2.8016e-04,
        8.3676e-02, 1.8678e-04, 1.8678e-04, 0.0000e+00, 4.1931e-02, 6.5372e-04,
        2.9884e-03, 5.6033e-04, 4.6694e-04, 4.6694e-04])
[2026-06-25 21:46:42,368][root][INFO] - reg loss: 5.664239835486841, entropy loss: 0.18357344933603176, leaf dev: 0.08404110372066498
[2026-06-25 21:46:42,369][root][INFO] - Val leaf stats: tensor([6.3504e-03, 1.4942e-03, 5.7901e-02, 2.7017e-01, 7.2749e-02, 3.9223e-03,
        9.3388e-05, 6.0329e-02, 1.0273e-03, 2.7549e-02, 1.6623e-01, 2.1050e-01,
        2.0545e-03, 1.8491e-02, 1.0030e-01, 8.4049e-04])
[2026-06-25 21:46:42,655][root][INFO] - Epoch: 19 | train acc: 0.9568, train loss: 0.14640465, valid acc: 0.9349, valid loss: 0.21139873, test acc: 0.9158, test loss: 0.72707782
[2026-06-25 21:46:44,179][root][INFO] - reg loss: 6.043156290811206, entropy loss: 0.2546413130861111, leaf dev: 0.0578947439789772
[2026-06-25 21:46:44,180][root][INFO] - Val leaf stats: tensor([0.0091, 0.0387, 0.0826, 0.0037, 0.0315, 0.1005, 0.0008, 0.0369, 0.0257,
        0.1135, 0.1518, 0.0913, 0.0175, 0.1859, 0.0005, 0.1101])
[2026-06-25 21:46:59,368][root][INFO] - Epoch: 19 | train acc: 0.9756, train loss: 4.55555869, valid acc: 0.9590, valid loss: 0.14366766, test acc: 0.9271, test loss: 0.58588288
[2026-06-25 21:47:00,439][root][INFO] - Epoch: 20 | train acc: 0.9625, train loss: 0.12705772, valid acc: 0.9466, valid loss: 0.18924754, test acc: 0.9046, test loss: 1.00405458
[2026-06-25 21:47:00,938][root][INFO] - reg loss: 4.469883570595393, entropy loss: 0.13886033258740865, leaf dev: 0.097813680768013
[2026-06-25 21:47:00,939][root][INFO] - Val leaf stats: tensor([2.5495e-01, 5.9862e-02, 6.7333e-02, 6.5372e-04, 7.3777e-02, 1.8155e-01,
        5.4165e-02, 9.3388e-05, 2.2413e-03, 8.4049e-04, 0.0000e+00, 6.5372e-04,
        3.7355e-04, 3.0258e-01, 4.6694e-04, 4.6694e-04])
[2026-06-25 21:47:02,095][root][INFO] - reg loss: 6.234031962339209, entropy loss: 0.24532389317555403, leaf dev: 0.07882558554410934
[2026-06-25 21:47:02,096][root][INFO] - Val leaf stats: tensor([0.0000e+00, 1.8678e-04, 2.8390e-02, 1.4942e-03, 7.5177e-02, 5.6033e-04,
        2.8016e-04, 2.6149e-03, 7.3496e-02, 6.3411e-02, 1.9602e-01, 2.3058e-01,
        3.0071e-02, 1.2514e-02, 8.5637e-02, 1.9957e-01])
[2026-06-25 21:47:03,511][root][INFO] - Epoch: 20 | train acc: 0.9376, train loss: 33.37126884, valid acc: 0.9257, valid loss: 0.24435699, test acc: 0.8976, test loss: 2.17442369
[2026-06-25 21:47:04,943][root][INFO] - reg loss: 4.146135246942913, entropy loss: 0.15080840373165394, leaf dev: 0.1560429036617279
[2026-06-25 21:47:04,944][root][INFO] - Val leaf stats: tensor([5.8610e-01, 0.0000e+00, 7.4710e-04, 8.4049e-04, 1.7436e-01, 0.0000e+00,
        0.0000e+00, 7.4710e-04, 0.0000e+00, 0.0000e+00, 2.3198e-01, 0.0000e+00,
        2.1479e-03, 1.6810e-03, 8.4049e-04, 5.6033e-04])
[2026-06-25 21:47:05,931][root][INFO] - Epoch: 20 | train acc: 0.9645, train loss: 2.50516189, valid acc: 0.9488, valid loss: 0.17802331, test acc: 0.9243, test loss: 0.71516136
[2026-06-25 21:47:06,561][root][INFO] - Epoch: 20 | train acc: 0.9700, train loss: 17.17487285, valid acc: 0.9600, valid loss: 0.14745059, test acc: 0.9321, test loss: 3.56426815
[2026-06-25 21:47:06,788][root][INFO] - Epoch: 21 | train acc: 0.9726, train loss: 0.09590123, valid acc: 0.9545, valid loss: 0.15794223, test acc: 0.9141, test loss: 0.99335405
[2026-06-25 21:47:07,685][root][INFO] - reg loss: 4.760559339371938, entropy loss: 0.15493484866366816, leaf dev: 0.1113838255405426
[2026-06-25 21:47:07,685][root][INFO] - Val leaf stats: tensor([3.6048e-01, 1.2243e-01, 4.7535e-02, 4.4826e-03, 9.7124e-02, 2.1106e-02,
        0.0000e+00, 2.6149e-03, 7.4710e-04, 8.8719e-03, 3.7355e-04, 2.9884e-03,
        1.9331e-02, 3.0155e-01, 2.8016e-04, 1.0086e-02])
[2026-06-25 21:47:08,051][root][INFO] - reg loss: 4.266014830775992, entropy loss: 0.1485664232698067, leaf dev: 0.20644058287143707
[2026-06-25 21:47:08,052][root][INFO] - Val leaf stats: tensor([8.3218e-01, 0.0000e+00, 1.8678e-04, 2.8016e-04, 7.1815e-02, 3.7355e-04,
        4.9963e-02, 1.8678e-04, 1.8678e-04, 0.0000e+00, 3.9690e-02, 7.4710e-04,
        2.9884e-03, 3.7355e-04, 3.7355e-04, 6.5372e-04])
[2026-06-25 21:47:08,186][root][INFO] - Epoch: 20 | train acc: 0.9585, train loss: 0.14194510, valid acc: 0.9439, valid loss: 0.19908517, test acc: 0.9209, test loss: 0.76285748
[2026-06-25 21:47:08,310][root][INFO] - reg loss: 5.62389785019809, entropy loss: 0.17780913562370987, leaf dev: 0.0823739543557167
[2026-06-25 21:47:08,311][root][INFO] - Val leaf stats: tensor([0.0139, 0.0018, 0.0784, 0.2788, 0.0918, 0.0037, 0.0003, 0.0473, 0.0012,
        0.0236, 0.1477, 0.1926, 0.0023, 0.0170, 0.0990, 0.0007])
[2026-06-25 21:47:09,967][root][INFO] - reg loss: 6.078688381840943, entropy loss: 0.2563597601715219, leaf dev: 0.05632191523909569
[2026-06-25 21:47:09,968][root][INFO] - Val leaf stats: tensor([0.0054, 0.0361, 0.0845, 0.0042, 0.0334, 0.1075, 0.0010, 0.0373, 0.0235,
        0.1410, 0.1533, 0.0883, 0.0247, 0.1573, 0.0002, 0.1022])
[2026-06-25 21:47:24,300][root][INFO] - Epoch: 20 | train acc: 0.9762, train loss: 4.54016323, valid acc: 0.9589, valid loss: 0.14586683, test acc: 0.9268, test loss: 0.60550978
[2026-06-25 21:47:25,330][root][INFO] - Epoch: 21 | train acc: 0.9599, train loss: 0.14075680, valid acc: 0.9496, valid loss: 0.17796004, test acc: 0.9097, test loss: 1.13372190
[2026-06-25 21:47:25,872][root][INFO] - reg loss: 4.457438701044315, entropy loss: 0.13690790124040433, leaf dev: 0.09585727751255035
[2026-06-25 21:47:25,873][root][INFO] - Val leaf stats: tensor([2.3506e-01, 5.6780e-02, 9.0306e-02, 1.3074e-03, 7.3590e-02, 1.9677e-01,
        4.5013e-02, 9.3388e-05, 2.3347e-03, 7.4710e-04, 0.0000e+00, 6.5372e-04,
        3.7355e-04, 2.9585e-01, 6.5372e-04, 4.6694e-04])
[2026-06-25 21:47:26,881][root][INFO] - reg loss: 5.9417512151930065, entropy loss: 0.2305238928902086, leaf dev: 0.08069818466901779
[2026-06-25 21:47:26,882][root][INFO] - Val leaf stats: tensor([0.0000, 0.0003, 0.0302, 0.0015, 0.0758, 0.0005, 0.0003, 0.0026, 0.0762,
        0.0752, 0.2070, 0.2559, 0.0258, 0.0121, 0.0688, 0.1678])
[2026-06-25 21:47:28,481][root][INFO] - Epoch: 21 | train acc: 0.9400, train loss: 33.32384148, valid acc: 0.9278, valid loss: 0.23910417, test acc: 0.8969, test loss: 2.48386203
[2026-06-25 21:47:29,935][root][INFO] - reg loss: 4.141022725080056, entropy loss: 0.14629257805448362, leaf dev: 0.1561242640018463
[2026-06-25 21:47:29,936][root][INFO] - Val leaf stats: tensor([5.8769e-01, 0.0000e+00, 9.3388e-04, 7.4710e-04, 1.8211e-01, 0.0000e+00,
        0.0000e+00, 7.4710e-04, 9.3388e-05, 0.0000e+00, 2.2264e-01, 0.0000e+00,
        2.1479e-03, 1.6810e-03, 8.4049e-04, 3.7355e-04])
[2026-06-25 21:47:31,234][root][INFO] - Epoch: 21 | train acc: 0.9600, train loss: 2.53865391, valid acc: 0.9509, valid loss: 0.17374628, test acc: 0.9265, test loss: 0.64067074
[2026-06-25 21:47:32,257][root][INFO] - Epoch: 21 | train acc: 0.9682, train loss: 16.89696747, valid acc: 0.9599, valid loss: 0.15186714, test acc: 0.9341, test loss: 3.74604008
[2026-06-25 21:47:32,649][root][INFO] - reg loss: 4.795765175390496, entropy loss: 0.15284400870875706, leaf dev: 0.11337465047836304
[2026-06-25 21:47:32,650][root][INFO] - Val leaf stats: tensor([0.3712, 0.1187, 0.0629, 0.0022, 0.0855, 0.0104, 0.0000, 0.0022, 0.0007,
        0.0080, 0.0004, 0.0033, 0.0193, 0.3024, 0.0004, 0.0125])
[2026-06-25 21:47:32,996][root][INFO] - Epoch: 22 | train acc: 0.9773, train loss: 0.08204903, valid acc: 0.9597, valid loss: 0.14741714, test acc: 0.9170, test loss: 0.99821178
[2026-06-25 21:47:33,887][root][INFO] - reg loss: 4.1953749076399225, entropy loss: 0.1439204048858118, leaf dev: 0.2122718244791031
[2026-06-25 21:47:33,897][root][INFO] - Val leaf stats: tensor([8.5497e-01, 0.0000e+00, 9.3388e-05, 5.6033e-04, 7.0882e-02, 3.7355e-04,
        2.6522e-02, 1.8678e-04, 2.8016e-04, 0.0000e+00, 4.0997e-02, 7.4710e-04,
        2.9884e-03, 3.7355e-04, 3.7355e-04, 6.5372e-04])
[2026-06-25 21:47:34,039][root][INFO] - Epoch: 21 | train acc: 0.9636, train loss: 0.12561252, valid acc: 0.9448, valid loss: 0.18906963, test acc: 0.9207, test loss: 0.78088092
[2026-06-25 21:47:34,852][root][INFO] - reg loss: 5.504314006321014, entropy loss: 0.17904336553402048, leaf dev: 0.08487264066934586
[2026-06-25 21:47:34,853][root][INFO] - Val leaf stats: tensor([6.2570e-03, 1.6810e-03, 7.9100e-02, 2.9287e-01, 8.2088e-02, 3.9223e-03,
        2.8016e-04, 3.7822e-02, 1.2140e-03, 2.8577e-02, 1.5213e-01, 1.9182e-01,
        2.0545e-03, 2.1199e-02, 9.5256e-02, 3.7355e-03])
[2026-06-25 21:47:35,396][root][INFO] - reg loss: 6.0676378875813155, entropy loss: 0.2575634545277035, leaf dev: 0.05581030622124672
[2026-06-25 21:47:35,397][root][INFO] - Val leaf stats: tensor([6.9107e-03, 4.1744e-02, 8.6664e-02, 3.0818e-03, 3.3433e-02, 1.0403e-01,
        1.1207e-03, 3.7075e-02, 2.4935e-02, 1.1730e-01, 1.5222e-01, 7.8539e-02,
        3.2219e-02, 1.7538e-01, 9.3388e-05, 1.0525e-01])
[2026-06-25 21:47:49,950][root][INFO] - Epoch: 21 | train acc: 0.9774, train loss: 4.53603404, valid acc: 0.9612, valid loss: 0.13970142, test acc: 0.9288, test loss: 0.61646338
[2026-06-25 21:47:50,675][root][INFO] - Epoch: 22 | train acc: 0.9644, train loss: 0.12449755, valid acc: 0.9513, valid loss: 0.17530598, test acc: 0.9229, test loss: 1.15001581
[2026-06-25 21:47:51,423][root][INFO] - reg loss: 4.455095301229487, entropy loss: 0.1350172840886646, leaf dev: 0.09540949761867523
[2026-06-25 21:47:51,424][root][INFO] - Val leaf stats: tensor([2.4533e-01, 5.8368e-02, 8.7411e-02, 1.3074e-03, 7.3310e-02, 1.7678e-01,
        5.5099e-02, 1.8678e-04, 2.3347e-03, 7.4710e-04, 0.0000e+00, 6.5372e-04,
        3.7355e-04, 2.9688e-01, 6.5372e-04, 5.6033e-04])
[2026-06-25 21:47:52,115][root][INFO] - reg loss: 5.974953383995742, entropy loss: 0.23003392244772936, leaf dev: 0.08044089376926422
[2026-06-25 21:47:52,116][root][INFO] - Val leaf stats: tensor([0.0000, 0.0004, 0.0274, 0.0019, 0.0756, 0.0006, 0.0003, 0.0024, 0.1312,
        0.0360, 0.2092, 0.2538, 0.0273, 0.0137, 0.0856, 0.1346])
[2026-06-25 21:47:53,692][root][INFO] - Epoch: 22 | train acc: 0.9411, train loss: 33.29390866, valid acc: 0.9282, valid loss: 0.23717413, test acc: 0.9008, test loss: 2.57602002
[2026-06-25 21:47:55,164][root][INFO] - reg loss: 4.137719598396745, entropy loss: 0.14433673221282858, leaf dev: 0.15536919236183167
[2026-06-25 21:47:55,165][root][INFO] - Val leaf stats: tensor([5.8293e-01, 9.3388e-05, 1.1207e-03, 1.0273e-03, 1.7912e-01, 0.0000e+00,
        0.0000e+00, 6.5372e-04, 9.3388e-05, 0.0000e+00, 2.2955e-01, 0.0000e+00,
        2.2413e-03, 1.8678e-03, 9.3388e-04, 3.7355e-04])
[2026-06-25 21:47:56,679][root][INFO] - Epoch: 22 | train acc: 0.9657, train loss: 2.48827945, valid acc: 0.9534, valid loss: 0.16808087, test acc: 0.9268, test loss: 0.75322777
[2026-06-25 21:47:58,260][root][INFO] - reg loss: 4.73104087385551, entropy loss: 0.15273854507024956, leaf dev: 0.11468212306499481
[2026-06-25 21:47:58,261][root][INFO] - Val leaf stats: tensor([3.9046e-01, 1.1907e-01, 5.7340e-02, 3.2686e-03, 8.5637e-02, 1.2701e-02,
        0.0000e+00, 2.4281e-03, 7.4710e-04, 8.5917e-03, 4.6694e-04, 2.8950e-03,
        1.9612e-02, 2.8595e-01, 3.7355e-04, 1.0459e-02])
[2026-06-25 21:47:58,392][root][INFO] - Epoch: 22 | train acc: 0.9692, train loss: 16.86490441, valid acc: 0.9575, valid loss: 0.15227659, test acc: 0.9343, test loss: 4.03525086
[2026-06-25 21:47:59,100][root][INFO] - Epoch: 22 | train acc: 0.9660, train loss: 0.11784568, valid acc: 0.9484, valid loss: 0.18059849, test acc: 0.9190, test loss: 0.83261376
[2026-06-25 21:47:59,575][root][INFO] - Epoch: 23 | train acc: 0.9783, train loss: 0.07797085, valid acc: 0.9594, valid loss: 0.14452009, test acc: 0.9170, test loss: 0.94794497
[2026-06-25 21:48:00,381][root][INFO] - reg loss: 4.188053484316225, entropy loss: 0.14187902070227124, leaf dev: 0.21303847432136536
[2026-06-25 21:48:00,382][root][INFO] - Val leaf stats: tensor([8.5796e-01, 0.0000e+00, 9.3388e-05, 5.6033e-04, 7.1068e-02, 3.7355e-04,
        2.6709e-02, 1.8678e-04, 2.8016e-04, 0.0000e+00, 3.7635e-02, 7.4710e-04,
        2.9884e-03, 3.7355e-04, 4.6694e-04, 5.6033e-04])
[2026-06-25 21:48:00,418][root][INFO] - reg loss: 5.996980954730321, entropy loss: 0.2537568582901879, leaf dev: 0.05692095309495926
[2026-06-25 21:48:00,428][root][INFO] - Val leaf stats: tensor([0.0049, 0.0347, 0.1012, 0.0056, 0.0403, 0.0857, 0.0009, 0.0346, 0.0290,
        0.1047, 0.1509, 0.0703, 0.0349, 0.1906, 0.0005, 0.1111])
[2026-06-25 21:48:01,032][root][INFO] - reg loss: 5.485729757440153, entropy loss: 0.17447569083284448, leaf dev: 0.08571705222129822
[2026-06-25 21:48:01,033][root][INFO] - Val leaf stats: tensor([6.1636e-03, 1.5876e-03, 8.4890e-02, 2.8521e-01, 8.0687e-02, 3.9223e-03,
        2.8016e-04, 3.3340e-02, 8.4049e-04, 3.3246e-02, 1.6025e-01, 2.0555e-01,
        2.1479e-03, 1.4008e-02, 8.5077e-02, 2.8016e-03])
[2026-06-25 21:48:14,830][root][INFO] - Epoch: 22 | train acc: 0.9776, train loss: 4.56032139, valid acc: 0.9574, valid loss: 0.15166293, test acc: 0.9221, test loss: 0.71906911
[2026-06-25 21:48:15,377][root][INFO] - Epoch: 23 | train acc: 0.9541, train loss: 0.15560027, valid acc: 0.9370, valid loss: 0.21409408, test acc: 0.9115, test loss: 1.41833522
[2026-06-25 21:48:16,453][root][INFO] - reg loss: 4.481376796803146, entropy loss: 0.13382187596073858, leaf dev: 0.09866949915885925
[2026-06-25 21:48:16,454][root][INFO] - Val leaf stats: tensor([2.8605e-01, 5.7901e-02, 1.3168e-01, 1.5876e-03, 7.3963e-02, 1.0861e-01,
        3.9316e-02, 2.8016e-04, 2.2413e-03, 6.5372e-04, 0.0000e+00, 6.5372e-04,
        3.7355e-04, 2.9529e-01, 8.4049e-04, 5.6033e-04])
[2026-06-25 21:48:16,784][root][INFO] - reg loss: 5.754657154991513, entropy loss: 0.22133392339976377, leaf dev: 0.10308991372585297
[2026-06-25 21:48:16,786][root][INFO] - Val leaf stats: tensor([0.0000e+00, 4.6694e-04, 1.8211e-02, 1.4008e-03, 7.4524e-02, 5.6033e-04,
        2.8016e-04, 2.6149e-03, 1.7323e-01, 5.5473e-02, 2.2058e-01, 3.6179e-01,
        5.6033e-03, 3.9223e-03, 3.6795e-02, 4.4546e-02])
[2026-06-25 21:48:18,538][root][INFO] - Epoch: 23 | train acc: 0.9421, train loss: 33.26626920, valid acc: 0.9271, valid loss: 0.24275633, test acc: 0.9012, test loss: 2.53611814
[2026-06-25 21:48:20,088][root][INFO] - reg loss: 4.134598512498159, entropy loss: 0.14280500889770567, leaf dev: 0.1556483954191208
[2026-06-25 21:48:20,089][root][INFO] - Val leaf stats: tensor([5.8480e-01, 1.8678e-04, 1.2140e-03, 7.4710e-04, 1.7893e-01, 0.0000e+00,
        0.0000e+00, 6.5372e-04, 2.8016e-04, 0.0000e+00, 2.2777e-01, 0.0000e+00,
        2.2413e-03, 1.8678e-03, 9.3388e-04, 3.7355e-04])
[2026-06-25 21:48:22,726][root][INFO] - Epoch: 23 | train acc: 0.9676, train loss: 2.46015306, valid acc: 0.9528, valid loss: 0.16506976, test acc: 0.9267, test loss: 0.73145733
[2026-06-25 21:48:24,105][root][INFO] - reg loss: 4.690104499695793, entropy loss: 0.14540649572062114, leaf dev: 0.11421363055706024
[2026-06-25 21:48:24,106][root][INFO] - Val leaf stats: tensor([3.8074e-01, 1.1440e-01, 5.2297e-02, 2.8016e-03, 8.9372e-02, 1.1020e-02,
        0.0000e+00, 2.3347e-03, 6.5372e-04, 9.7124e-03, 5.6033e-04, 2.8950e-03,
        1.9612e-02, 2.9753e-01, 3.7355e-04, 1.5689e-02])
[2026-06-25 21:48:24,209][root][INFO] - Epoch: 23 | train acc: 0.9681, train loss: 0.10991265, valid acc: 0.9495, valid loss: 0.17704382, test acc: 0.9216, test loss: 0.85284155
[2026-06-25 21:48:24,369][root][INFO] - Epoch: 23 | train acc: 0.9697, train loss: 16.82852421, valid acc: 0.9586, valid loss: 0.15277052, test acc: 0.9309, test loss: 4.43543031
[2026-06-25 21:48:25,321][root][INFO] - Epoch: 24 | train acc: 0.9789, train loss: 0.07654161, valid acc: 0.9601, valid loss: 0.14541922, test acc: 0.9196, test loss: 0.97964543
[2026-06-25 21:48:25,952][root][INFO] - reg loss: 6.048206992881008, entropy loss: 0.2563109751889315, leaf dev: 0.05378410592675209
[2026-06-25 21:48:25,953][root][INFO] - Val leaf stats: tensor([0.0052, 0.0392, 0.0977, 0.0063, 0.0409, 0.0889, 0.0008, 0.0361, 0.0311,
        0.1116, 0.1506, 0.0694, 0.0427, 0.1727, 0.0005, 0.1063])
[2026-06-25 21:48:26,018][root][INFO] - reg loss: 4.179356827307, entropy loss: 0.14068971708338096, leaf dev: 0.21213321387767792
[2026-06-25 21:48:26,019][root][INFO] - Val leaf stats: tensor([8.5441e-01, 0.0000e+00, 0.0000e+00, 4.6694e-04, 7.1162e-02, 3.7355e-04,
        2.6616e-02, 1.8678e-04, 2.8016e-04, 0.0000e+00, 4.1371e-02, 7.4710e-04,
        2.9884e-03, 3.7355e-04, 3.7355e-04, 6.5372e-04])
[2026-06-25 21:48:26,957][root][INFO] - reg loss: 5.527474749025214, entropy loss: 0.17281599295517755, leaf dev: 0.09028661251068115
[2026-06-25 21:48:26,958][root][INFO] - Val leaf stats: tensor([1.3821e-02, 1.5876e-03, 1.0590e-01, 3.5021e-01, 7.9847e-02, 2.7083e-03,
        2.8016e-04, 4.2772e-02, 6.5372e-04, 3.5114e-02, 1.2710e-01, 1.3112e-01,
        3.2686e-03, 1.6623e-02, 8.7411e-02, 1.5876e-03])
[2026-06-25 21:48:40,127][root][INFO] - Epoch: 23 | train acc: 0.9763, train loss: 4.54404519, valid acc: 0.9587, valid loss: 0.14546712, test acc: 0.9244, test loss: 0.62912709
[2026-06-25 21:48:40,511][root][INFO] - Epoch: 24 | train acc: 0.9519, train loss: 0.16026203, valid acc: 0.9324, valid loss: 0.23180466, test acc: 0.9100, test loss: 1.33942315
[2026-06-25 21:48:41,557][root][INFO] - reg loss: 4.461492856343587, entropy loss: 0.13192067334733942, leaf dev: 0.09752523899078369
[2026-06-25 21:48:41,558][root][INFO] - Val leaf stats: tensor([2.7036e-01, 5.9488e-02, 9.1520e-02, 1.5876e-03, 7.4524e-02, 1.5736e-01,
        4.3145e-02, 2.8016e-04, 2.3347e-03, 6.5372e-04, 0.0000e+00, 6.5372e-04,
        1.8678e-04, 2.9660e-01, 8.4049e-04, 4.6694e-04])
[2026-06-25 21:48:41,891][root][INFO] - reg loss: 5.584434443680697, entropy loss: 0.21614242191352542, leaf dev: 0.10042116791009903
[2026-06-25 21:48:41,892][root][INFO] - Val leaf stats: tensor([1.2140e-03, 0.0000e+00, 6.5839e-02, 1.9612e-03, 7.9193e-02, 1.0273e-03,
        2.8016e-04, 1.7744e-03, 1.1916e-01, 4.5106e-02, 2.1937e-01, 3.6730e-01,
        6.2570e-03, 5.3231e-03, 3.5861e-02, 5.0336e-02])
[2026-06-25 21:48:43,203][root][INFO] - Epoch: 24 | train acc: 0.9414, train loss: 33.35316653, valid acc: 0.9283, valid loss: 0.24885893, test acc: 0.9014, test loss: 2.29824563
[2026-06-25 21:48:44,622][root][INFO] - reg loss: 4.145031621216466, entropy loss: 0.14073149158210352, leaf dev: 0.1531163901090622
[2026-06-25 21:48:44,623][root][INFO] - Val leaf stats: tensor([5.6378e-01, 3.7355e-04, 1.3074e-03, 6.5372e-04, 1.6371e-01, 0.0000e+00,
        0.0000e+00, 1.1207e-03, 0.0000e+00, 0.0000e+00, 2.6363e-01, 0.0000e+00,
        1.9612e-03, 2.1479e-03, 9.3388e-04, 3.7355e-04])
[2026-06-25 21:48:48,232][root][INFO] - Epoch: 24 | train acc: 0.9610, train loss: 2.49133143, valid acc: 0.9337, valid loss: 0.22199586, test acc: 0.9113, test loss: 0.70445867
[2026-06-25 21:48:49,771][root][INFO] - reg loss: 4.7089103542307695, entropy loss: 0.14249796913099036, leaf dev: 0.11026515811681747
[2026-06-25 21:48:49,772][root][INFO] - Val leaf stats: tensor([2.5831e-01, 1.1786e-01, 4.9402e-02, 2.2413e-03, 8.3956e-02, 5.0243e-02,
        5.6033e-04, 2.1479e-03, 1.8678e-04, 8.5917e-03, 7.4710e-04, 2.6149e-03,
        1.9518e-02, 3.8934e-01, 3.7355e-04, 1.3915e-02])
[2026-06-25 21:48:50,090][root][INFO] - Epoch: 24 | train acc: 0.9702, train loss: 16.80456747, valid acc: 0.9585, valid loss: 0.15010452, test acc: 0.9342, test loss: 4.97696670
[2026-06-25 21:48:50,356][root][INFO] - Epoch: 24 | train acc: 0.9618, train loss: 0.12942524, valid acc: 0.9416, valid loss: 0.19813915, test acc: 0.9213, test loss: 0.85665127
[2026-06-25 21:48:51,141][root][INFO] - Epoch: 25 | train acc: 0.9800, train loss: 0.07032252, valid acc: 0.9581, valid loss: 0.14443248, test acc: 0.9171, test loss: 1.02059598
[2026-06-25 21:48:51,816][root][INFO] - reg loss: 5.828465174114894, entropy loss: 0.2446980863494217, leaf dev: 0.06703715026378632
[2026-06-25 21:48:51,816][root][INFO] - reg loss: 4.173613702178632, entropy loss: 0.13934475782687072, leaf dev: 0.21294358372688293
[2026-06-25 21:48:51,817][root][INFO] - Val leaf stats: tensor([8.5758e-01, 0.0000e+00, 9.3388e-05, 5.6033e-04, 7.1162e-02, 3.7355e-04,
        2.6709e-02, 1.8678e-04, 2.8016e-04, 0.0000e+00, 3.7916e-02, 7.4710e-04,
        2.9884e-03, 3.7355e-04, 3.7355e-04, 6.5372e-04])
[2026-06-25 21:48:51,828][root][INFO] - Val leaf stats: tensor([0.0048, 0.0403, 0.0996, 0.0084, 0.0411, 0.0872, 0.0008, 0.0360, 0.0325,
        0.0591, 0.1412, 0.0269, 0.0493, 0.2597, 0.0009, 0.1123])
[2026-06-25 21:48:52,589][root][INFO] - reg loss: 5.583217815116599, entropy loss: 0.17396409178852404, leaf dev: 0.08520455658435822
[2026-06-25 21:48:52,590][root][INFO] - Val leaf stats: tensor([0.0139, 0.0019, 0.0994, 0.3191, 0.0812, 0.0029, 0.0004, 0.0467, 0.0007,
        0.0353, 0.1314, 0.1518, 0.0028, 0.0171, 0.0942, 0.0014])
[2026-06-25 21:49:04,157][root][INFO] - Epoch: 24 | train acc: 0.9785, train loss: 4.48255031, valid acc: 0.9597, valid loss: 0.14332965, test acc: 0.9239, test loss: 0.63337944
[2026-06-25 21:49:04,464][root][INFO] - Epoch: 25 | train acc: 0.9555, train loss: 0.14960053, valid acc: 0.9461, valid loss: 0.18852284, test acc: 0.9101, test loss: 1.67157395
[2026-06-25 21:49:05,617][root][INFO] - reg loss: 4.4078529801949, entropy loss: 0.13154350749399296, leaf dev: 0.09803973138332367
[2026-06-25 21:49:05,618][root][INFO] - Val leaf stats: tensor([2.6914e-01, 6.0796e-02, 8.7038e-02, 1.6810e-03, 7.4991e-02, 1.5577e-01,
        4.3052e-02, 2.8016e-04, 2.3347e-03, 6.5372e-04, 0.0000e+00, 6.5372e-04,
        3.7355e-04, 3.0202e-01, 8.4049e-04, 3.7355e-04])
[2026-06-25 21:49:05,836][root][INFO] - reg loss: 5.463271176373517, entropy loss: 0.21843377883156773, leaf dev: 0.09474754333496094
[2026-06-25 21:49:05,837][root][INFO] - Val leaf stats: tensor([2.8016e-04, 3.7355e-04, 4.1838e-02, 2.3347e-03, 7.6858e-02, 9.3388e-04,
        2.8016e-04, 2.0545e-03, 9.2734e-02, 9.5536e-02, 2.4197e-01, 3.2854e-01,
        8.8719e-03, 5.7901e-03, 5.0990e-02, 5.0616e-02])
[2026-06-25 21:49:07,533][root][INFO] - Epoch: 25 | train acc: 0.9429, train loss: 33.39914344, valid acc: 0.9302, valid loss: 0.24190214, test acc: 0.8968, test loss: 2.29751168
[2026-06-25 21:49:08,956][root][INFO] - reg loss: 4.15145662852696, entropy loss: 0.13823602423466072, leaf dev: 0.15117469429969788
[2026-06-25 21:49:08,957][root][INFO] - Val leaf stats: tensor([5.5557e-01, 3.7355e-04, 1.5876e-03, 9.3388e-04, 1.8678e-01, 0.0000e+00,
        0.0000e+00, 5.6033e-04, 4.6694e-04, 0.0000e+00, 2.4851e-01, 0.0000e+00,
        2.1479e-03, 1.7744e-03, 9.3388e-04, 3.7355e-04])
[2026-06-25 21:49:13,735][root][INFO] - Epoch: 25 | train acc: 0.9616, train loss: 2.54904953, valid acc: 0.9513, valid loss: 0.17458814, test acc: 0.9226, test loss: 0.80329924
[2026-06-25 21:49:15,303][root][INFO] - reg loss: 4.829701516994093, entropy loss: 0.14585786845002854, leaf dev: 0.10648775845766068
[2026-06-25 21:49:15,304][root][INFO] - Val leaf stats: tensor([0.3239, 0.1219, 0.0500, 0.0022, 0.0876, 0.0448, 0.0015, 0.0026, 0.0007,
        0.0098, 0.0006, 0.0027, 0.0195, 0.3161, 0.0007, 0.0155])
[2026-06-25 21:49:16,152][root][INFO] - Epoch: 25 | train acc: 0.9638, train loss: 0.12444072, valid acc: 0.9466, valid loss: 0.18197966, test acc: 0.9190, test loss: 0.86317185
[2026-06-25 21:49:16,234][root][INFO] - Epoch: 25 | train acc: 0.9703, train loss: 16.84001849, valid acc: 0.9586, valid loss: 0.15125300, test acc: 0.9331, test loss: 4.77969803
[2026-06-25 21:49:17,156][root][INFO] - Epoch: 26 | train acc: 0.9808, train loss: 0.06770720, valid acc: 0.9604, valid loss: 0.13847571, test acc: 0.9179, test loss: 1.05833326
[2026-06-25 21:49:17,758][root][INFO] - reg loss: 5.772456466836274, entropy loss: 0.23512897013671816, leaf dev: 0.05490782856941223
[2026-06-25 21:49:17,759][root][INFO] - Val leaf stats: tensor([0.0056, 0.0421, 0.0966, 0.0049, 0.0412, 0.0912, 0.0011, 0.0428, 0.0373,
        0.1021, 0.1532, 0.0486, 0.0446, 0.1863, 0.0006, 0.1018])
[2026-06-25 21:49:18,132][root][INFO] - reg loss: 4.182414264275283, entropy loss: 0.13930820811677863, leaf dev: 0.21409910917282104
[2026-06-25 21:49:18,133][root][INFO] - Val leaf stats: tensor([8.6207e-01, 0.0000e+00, 0.0000e+00, 5.6033e-04, 7.1162e-02, 1.8678e-04,
        2.6242e-02, 1.8678e-04, 2.8016e-04, 0.0000e+00, 3.3993e-02, 7.4710e-04,
        2.9884e-03, 3.7355e-04, 3.7355e-04, 8.4049e-04])
[2026-06-25 21:49:18,771][root][INFO] - reg loss: 5.580115954081218, entropy loss: 0.17495292906092588, leaf dev: 0.08638691902160645
[2026-06-25 21:49:18,772][root][INFO] - Val leaf stats: tensor([1.3915e-02, 1.7744e-03, 1.0534e-01, 3.2406e-01, 8.2835e-02, 2.7083e-03,
        1.8678e-04, 5.0056e-02, 9.3388e-04, 3.2686e-02, 1.4008e-01, 1.4839e-01,
        3.3620e-03, 1.7277e-02, 7.5738e-02, 6.5372e-04])
[2026-06-25 21:49:28,679][root][INFO] - Epoch: 25 | train acc: 0.9795, train loss: 4.47671701, valid acc: 0.9612, valid loss: 0.13963667, test acc: 0.9245, test loss: 0.65579521
[2026-06-25 21:49:28,723][root][INFO] - Epoch: 26 | train acc: 0.9619, train loss: 0.13020700, valid acc: 0.9491, valid loss: 0.17164667, test acc: 0.9142, test loss: 1.75191903
[2026-06-25 21:49:30,147][root][INFO] - reg loss: 4.405197827273576, entropy loss: 0.1314000148306448, leaf dev: 0.09776005893945694
[2026-06-25 21:49:30,148][root][INFO] - Val leaf stats: tensor([2.6121e-01, 5.9208e-02, 9.0306e-02, 1.7744e-03, 7.4710e-02, 1.5745e-01,
        4.3892e-02, 2.8016e-04, 2.2413e-03, 6.5372e-04, 0.0000e+00, 6.5372e-04,
        1.8678e-04, 3.0603e-01, 8.4049e-04, 5.6033e-04])
[2026-06-25 21:49:30,159][root][INFO] - reg loss: 5.386513535938565, entropy loss: 0.20998504442512675, leaf dev: 0.0935988575220108
[2026-06-25 21:49:30,160][root][INFO] - Val leaf stats: tensor([3.7355e-04, 1.8678e-04, 4.5106e-02, 1.9612e-03, 7.7606e-02, 1.1207e-03,
        2.8016e-04, 1.9612e-03, 8.9933e-02, 1.0422e-01, 2.2964e-01, 3.2957e-01,
        8.2182e-03, 7.0041e-03, 5.9862e-02, 4.2959e-02])
[2026-06-25 21:49:31,625][root][INFO] - Epoch: 26 | train acc: 0.9432, train loss: 33.49576744, valid acc: 0.9314, valid loss: 0.23407365, test acc: 0.8928, test loss: 2.22314288
[2026-06-25 21:49:33,064][root][INFO] - reg loss: 4.163615547159992, entropy loss: 0.13656285180458946, leaf dev: 0.15040302276611328
[2026-06-25 21:49:33,065][root][INFO] - Val leaf stats: tensor([5.4753e-01, 2.8016e-04, 1.4942e-03, 1.2140e-03, 1.7725e-01, 0.0000e+00,
        0.0000e+00, 8.4049e-04, 4.6694e-04, 0.0000e+00, 2.6569e-01, 0.0000e+00,
        1.8678e-03, 2.0545e-03, 9.3388e-04, 3.7355e-04])
[2026-06-25 21:49:38,629][root][INFO] - Epoch: 26 | train acc: 0.9637, train loss: 2.52003458, valid acc: 0.9504, valid loss: 0.17275801, test acc: 0.9201, test loss: 0.78460332
[2026-06-25 21:49:40,266][root][INFO] - reg loss: 4.791060414894548, entropy loss: 0.13582087174136803, leaf dev: 0.10779368877410889
[2026-06-25 21:49:40,267][root][INFO] - Val leaf stats: tensor([0.3683, 0.1300, 0.0490, 0.0025, 0.0885, 0.0469, 0.0007, 0.0035, 0.0007,
        0.0094, 0.0005, 0.0030, 0.0196, 0.2668, 0.0005, 0.0101])
[2026-06-25 21:49:41,426][root][INFO] - Epoch: 26 | train acc: 0.9696, train loss: 0.10678404, valid acc: 0.9491, valid loss: 0.18505145, test acc: 0.9227, test loss: 0.90773341
[2026-06-25 21:49:42,151][root][INFO] - Epoch: 26 | train acc: 0.9698, train loss: 16.69585369, valid acc: 0.9596, valid loss: 0.15342850, test acc: 0.9324, test loss: 4.87170603
[2026-06-25 21:49:42,765][root][INFO] - reg loss: 5.8491549239587535, entropy loss: 0.23394970170089177, leaf dev: 0.05211182311177254
[2026-06-25 21:49:42,766][root][INFO] - Val leaf stats: tensor([0.0066, 0.0437, 0.0932, 0.0071, 0.0412, 0.0869, 0.0007, 0.0459, 0.0445,
        0.1484, 0.1523, 0.0648, 0.0333, 0.1479, 0.0010, 0.0824])
[2026-06-25 21:49:43,161][root][INFO] - Epoch: 27 | train acc: 0.9819, train loss: 0.06465614, valid acc: 0.9621, valid loss: 0.13563304, test acc: 0.9200, test loss: 1.08280591
[2026-06-25 21:49:43,552][root][INFO] - reg loss: 4.146626792887531, entropy loss: 0.13640422086236337, leaf dev: 0.21419282257556915
[2026-06-25 21:49:43,553][root][INFO] - Val leaf stats: tensor([8.6244e-01, 0.0000e+00, 9.3388e-05, 8.4049e-04, 7.1255e-02, 9.3388e-05,
        2.6242e-02, 1.8678e-04, 2.8016e-04, 0.0000e+00, 3.3153e-02, 6.5372e-04,
        3.0818e-03, 3.7355e-04, 3.7355e-04, 9.3388e-04])
[2026-06-25 21:49:45,149][root][INFO] - reg loss: 5.474634632231697, entropy loss: 0.1738078303280331, leaf dev: 0.0894942581653595
[2026-06-25 21:49:45,150][root][INFO] - Val leaf stats: tensor([1.3915e-02, 1.9612e-03, 7.2282e-02, 3.4572e-01, 8.2742e-02, 2.7083e-03,
        1.8678e-04, 5.4165e-02, 9.3388e-04, 3.9223e-02, 1.3532e-01, 1.4251e-01,
        3.3620e-03, 1.8304e-02, 8.6010e-02, 6.5372e-04])
[2026-06-25 21:49:53,171][root][INFO] - Epoch: 27 | train acc: 0.9641, train loss: 0.12393045, valid acc: 0.9440, valid loss: 0.18826476, test acc: 0.9153, test loss: 1.62781306
[2026-06-25 21:49:53,447][root][INFO] - Epoch: 26 | train acc: 0.9786, train loss: 4.45071782, valid acc: 0.9597, valid loss: 0.14707314, test acc: 0.9258, test loss: 0.63442442
[2026-06-25 21:49:54,737][root][INFO] - reg loss: 5.461040234439587, entropy loss: 0.21267662658577874, leaf dev: 0.10614286363124847
[2026-06-25 21:49:54,738][root][INFO] - Val leaf stats: tensor([2.0545e-03, 9.3388e-05, 4.7068e-02, 3.1752e-03, 8.0034e-02, 1.2140e-03,
        2.8016e-04, 1.8678e-03, 9.3388e-02, 1.1393e-01, 1.0422e-01, 4.2949e-01,
        8.6851e-03, 7.8446e-03, 5.2111e-02, 5.4539e-02])
[2026-06-25 21:49:54,980][root][INFO] - reg loss: 4.376496988629538, entropy loss: 0.12863151417680518, leaf dev: 0.09786728024482727
[2026-06-25 21:49:54,981][root][INFO] - Val leaf stats: tensor([2.7092e-01, 6.5278e-02, 6.9854e-02, 1.2140e-03, 7.5084e-02, 1.6530e-01,
        5.0243e-02, 1.8678e-04, 2.3347e-03, 6.5372e-04, 0.0000e+00, 6.5372e-04,
        0.0000e+00, 2.9688e-01, 8.4049e-04, 5.6033e-04])
[2026-06-25 21:49:55,625][root][INFO] - Epoch: 27 | train acc: 0.9446, train loss: 33.41139021, valid acc: 0.9312, valid loss: 0.23302708, test acc: 0.8981, test loss: 2.12954425
[2026-06-25 21:49:57,231][root][INFO] - reg loss: 4.153538035337256, entropy loss: 0.13277735348258699, leaf dev: 0.1513691246509552
[2026-06-25 21:49:57,232][root][INFO] - Val leaf stats: tensor([5.5454e-01, 5.6033e-04, 7.4710e-04, 8.4049e-04, 1.7790e-01, 0.0000e+00,
        0.0000e+00, 7.4710e-04, 4.6694e-04, 0.0000e+00, 2.5887e-01, 0.0000e+00,
        1.9612e-03, 2.0545e-03, 9.3388e-04, 3.7355e-04])
[2026-06-25 21:50:03,577][root][INFO] - Epoch: 27 | train acc: 0.9663, train loss: 2.49725966, valid acc: 0.9521, valid loss: 0.16538897, test acc: 0.9227, test loss: 0.70507138
[2026-06-25 21:50:05,260][root][INFO] - reg loss: 4.751121420078177, entropy loss: 0.1324807766174513, leaf dev: 0.10945607721805573
[2026-06-25 21:50:05,261][root][INFO] - Val leaf stats: tensor([0.3484, 0.1221, 0.0484, 0.0026, 0.0919, 0.0229, 0.0007, 0.0039, 0.0007,
        0.0093, 0.0004, 0.0030, 0.0200, 0.3061, 0.0005, 0.0191])
[2026-06-25 21:50:06,331][root][INFO] - Epoch: 27 | train acc: 0.9692, train loss: 0.10676651, valid acc: 0.9486, valid loss: 0.18088493, test acc: 0.9204, test loss: 0.98716006
[2026-06-25 21:50:07,262][root][INFO] - Epoch: 27 | train acc: 0.9706, train loss: 16.66615765, valid acc: 0.9591, valid loss: 0.15351158, test acc: 0.9325, test loss: 4.44827413
[2026-06-25 21:50:07,889][root][INFO] - reg loss: 5.888099362610509, entropy loss: 0.2254361082164068, leaf dev: 0.051567718386650085
[2026-06-25 21:50:07,890][root][INFO] - Val leaf stats: tensor([0.0057, 0.0445, 0.0953, 0.0065, 0.0409, 0.0865, 0.0007, 0.0483, 0.0464,
        0.1551, 0.1518, 0.0660, 0.0423, 0.1402, 0.0011, 0.0685])
[2026-06-25 21:50:08,537][root][INFO] - reg loss: 4.139669110535314, entropy loss: 0.13418063245437764, leaf dev: 0.21484671533107758
[2026-06-25 21:50:08,538][root][INFO] - Val leaf stats: tensor([8.6496e-01, 0.0000e+00, 9.3388e-05, 5.6033e-04, 7.1255e-02, 9.3388e-05,
        2.6709e-02, 1.8678e-04, 2.8016e-04, 0.0000e+00, 3.0445e-02, 6.5372e-04,
        3.1752e-03, 3.7355e-04, 3.7355e-04, 8.4049e-04])
[2026-06-25 21:50:10,273][root][INFO] - Epoch: 28 | train acc: 0.9775, train loss: 0.07860689, valid acc: 0.9569, valid loss: 0.14763477, test acc: 0.9162, test loss: 0.76211788
[2026-06-25 21:50:12,261][root][INFO] - reg loss: 5.613600816676225, entropy loss: 0.17386392121592525, leaf dev: 0.07881063222885132
[2026-06-25 21:50:12,262][root][INFO] - Val leaf stats: tensor([1.3821e-02, 1.9612e-03, 1.0693e-01, 3.0473e-01, 7.8633e-02, 2.7083e-03,
        9.3388e-05, 6.2850e-02, 8.4049e-04, 9.1334e-02, 1.1786e-01, 9.2267e-02,
        3.3620e-03, 2.2787e-02, 9.8805e-02, 1.0273e-03])
[2026-06-25 21:50:18,506][root][INFO] - Epoch: 28 | train acc: 0.9637, train loss: 0.12580382, valid acc: 0.9507, valid loss: 0.17312516, test acc: 0.9093, test loss: 2.12560376
[2026-06-25 21:50:18,751][root][INFO] - Epoch: 27 | train acc: 0.9806, train loss: 4.44061743, valid acc: 0.9618, valid loss: 0.14492056, test acc: 0.9254, test loss: 0.69635240
[2026-06-25 21:50:20,116][root][INFO] - reg loss: 5.589003292971818, entropy loss: 0.20692854504736644, leaf dev: 0.09562648087739944
[2026-06-25 21:50:20,117][root][INFO] - Val leaf stats: tensor([0.0004, 0.0007, 0.0409, 0.0024, 0.0771, 0.0009, 0.0004, 0.0021, 0.0930,
        0.1193, 0.1623, 0.3695, 0.0113, 0.0102, 0.0583, 0.0513])
[2026-06-25 21:50:20,422][root][INFO] - reg loss: 4.372605192598212, entropy loss: 0.12619384441268508, leaf dev: 0.09688379615545273
[2026-06-25 21:50:20,423][root][INFO] - Val leaf stats: tensor([2.7540e-01, 6.9854e-02, 7.7325e-02, 1.1207e-03, 7.3403e-02, 1.5633e-01,
        5.1177e-02, 2.8016e-04, 2.3347e-03, 5.6033e-04, 0.0000e+00, 7.4710e-04,
        0.0000e+00, 2.9006e-01, 8.4049e-04, 5.6033e-04])
[2026-06-25 21:50:20,626][root][INFO] - Epoch: 28 | train acc: 0.9455, train loss: 33.37359958, valid acc: 0.9318, valid loss: 0.23002632, test acc: 0.8985, test loss: 2.10493028
[2026-06-25 21:50:22,209][root][INFO] - reg loss: 4.149083874213002, entropy loss: 0.12883591699221777, leaf dev: 0.15069101750850677
[2026-06-25 21:50:22,210][root][INFO] - Val leaf stats: tensor([5.4838e-01, 5.6033e-04, 8.4049e-04, 1.4008e-03, 1.7277e-01, 0.0000e+00,
        0.0000e+00, 9.3388e-04, 4.6694e-04, 0.0000e+00, 2.6933e-01, 0.0000e+00,
        1.9612e-03, 2.1479e-03, 8.4049e-04, 3.7355e-04])
[2026-06-25 21:50:27,983][root][INFO] - Epoch: 28 | train acc: 0.9687, train loss: 2.45502355, valid acc: 0.9540, valid loss: 0.16354919, test acc: 0.9265, test loss: 0.68456497
[2026-06-25 21:50:29,473][root][INFO] - reg loss: 4.693945354885525, entropy loss: 0.1291453636118344, leaf dev: 0.10895626246929169
[2026-06-25 21:50:29,474][root][INFO] - Val leaf stats: tensor([0.3525, 0.1341, 0.0492, 0.0021, 0.0903, 0.0189, 0.0007, 0.0038, 0.0007,
        0.0134, 0.0005, 0.0026, 0.0204, 0.2941, 0.0004, 0.0163])
[2026-06-25 21:50:32,074][root][INFO] - Epoch: 28 | train acc: 0.9711, train loss: 16.65280294, valid acc: 0.9604, valid loss: 0.15181378, test acc: 0.9345, test loss: 4.41689587
[2026-06-25 21:50:32,197][root][INFO] - Epoch: 28 | train acc: 0.9712, train loss: 0.09926672, valid acc: 0.9511, valid loss: 0.17784021, test acc: 0.9191, test loss: 1.06204936
[2026-06-25 21:50:33,670][root][INFO] - reg loss: 4.136439759895285, entropy loss: 0.13208606823411567, leaf dev: 0.21422569453716278
[2026-06-25 21:50:33,671][root][INFO] - Val leaf stats: tensor([8.6263e-01, 1.8678e-04, 2.8016e-04, 1.6810e-03, 7.1068e-02, 9.3388e-05,
        2.7083e-02, 1.8678e-04, 2.8016e-04, 0.0000e+00, 3.1098e-02, 7.4710e-04,
        3.1752e-03, 2.8016e-04, 2.8016e-04, 9.3388e-04])
[2026-06-25 21:50:33,740][root][INFO] - reg loss: 5.906122200072757, entropy loss: 0.22738753519360982, leaf dev: 0.052869152277708054
[2026-06-25 21:50:33,741][root][INFO] - Val leaf stats: tensor([0.0071, 0.0426, 0.0939, 0.0045, 0.0421, 0.0911, 0.0008, 0.0398, 0.0473,
        0.1689, 0.1518, 0.0758, 0.0389, 0.1293, 0.0007, 0.0652])
[2026-06-25 21:50:36,733][root][INFO] - Epoch: 29 | train acc: 0.9785, train loss: 0.07396588, valid acc: 0.9596, valid loss: 0.14291795, test acc: 0.9178, test loss: 0.84913619
[2026-06-25 21:50:38,713][root][INFO] - reg loss: 5.6353940080713345, entropy loss: 0.17405853684617098, leaf dev: 0.08529407531023026
[2026-06-25 21:50:38,714][root][INFO] - Val leaf stats: tensor([1.4849e-02, 1.2140e-03, 1.0235e-01, 3.3340e-01, 7.7886e-02, 2.8016e-03,
        9.3388e-05, 5.6967e-02, 6.5372e-04, 6.3784e-02, 1.1664e-01, 9.8058e-02,
        3.4554e-03, 1.3168e-02, 1.1393e-01, 7.4710e-04])
[2026-06-25 21:50:43,480][root][INFO] - Epoch: 29 | train acc: 0.9655, train loss: 0.12201875, valid acc: 0.9510, valid loss: 0.17108742, test acc: 0.9055, test loss: 2.17616035
[2026-06-25 21:50:44,192][root][INFO] - Epoch: 28 | train acc: 0.9777, train loss: 4.48485055, valid acc: 0.9571, valid loss: 0.15424128, test acc: 0.9167, test loss: 0.74054177
[2026-06-25 21:50:44,876][root][INFO] - reg loss: 5.576633377680703, entropy loss: 0.20348783696770037, leaf dev: 0.0902664065361023
[2026-06-25 21:50:44,877][root][INFO] - Val leaf stats: tensor([1.8678e-04, 8.4049e-04, 1.9985e-02, 2.4281e-03, 8.1248e-02, 9.3388e-04,
        3.7355e-04, 1.4942e-03, 1.0478e-01, 1.2028e-01, 2.0078e-01, 3.2284e-01,
        1.2701e-02, 9.7124e-03, 6.7613e-02, 5.3792e-02])
[2026-06-25 21:50:45,424][root][INFO] - Epoch: 29 | train acc: 0.9467, train loss: 33.36444489, valid acc: 0.9331, valid loss: 0.23039274, test acc: 0.8988, test loss: 2.03899689
[2026-06-25 21:50:45,714][root][INFO] - reg loss: 4.408841531743448, entropy loss: 0.12699155016708627, leaf dev: 0.10053884238004684
[2026-06-25 21:50:45,715][root][INFO] - Val leaf stats: tensor([2.2899e-01, 8.4143e-02, 7.4710e-02, 1.0273e-03, 7.3963e-02, 1.4494e-01,
        3.9036e-02, 1.8678e-04, 2.2413e-03, 7.4710e-04, 0.0000e+00, 6.5372e-04,
        0.0000e+00, 3.4787e-01, 9.3388e-04, 5.6033e-04])
[2026-06-25 21:50:46,968][root][INFO] - reg loss: 4.148504880370286, entropy loss: 0.12647794770500648, leaf dev: 0.15235747396945953
[2026-06-25 21:50:46,969][root][INFO] - Val leaf stats: tensor([5.6126e-01, 6.5372e-04, 1.2140e-03, 7.4710e-04, 1.7361e-01, 0.0000e+00,
        0.0000e+00, 8.4049e-04, 4.6694e-04, 0.0000e+00, 2.5598e-01, 0.0000e+00,
        2.1479e-03, 1.8678e-03, 7.4710e-04, 4.6694e-04])
[2026-06-25 21:50:52,189][root][INFO] - Epoch: 29 | train acc: 0.9686, train loss: 2.44857790, valid acc: 0.9522, valid loss: 0.17193379, test acc: 0.9236, test loss: 0.81062373
[2026-06-25 21:50:53,561][root][INFO] - reg loss: 4.677036686549111, entropy loss: 0.11899857207265481, leaf dev: 0.10850444436073303
[2026-06-25 21:50:53,562][root][INFO] - Val leaf stats: tensor([3.3396e-01, 1.7239e-01, 5.1644e-02, 2.7083e-03, 8.8532e-02, 7.3777e-03,
        9.3388e-05, 1.4942e-03, 6.5372e-04, 1.3261e-02, 4.6694e-04, 2.6149e-03,
        2.0265e-02, 2.9427e-01, 4.6694e-04, 9.8058e-03])
[2026-06-25 21:50:56,828][root][INFO] - Epoch: 29 | train acc: 0.9710, train loss: 0.10070992, valid acc: 0.9431, valid loss: 0.20193550, test acc: 0.9142, test loss: 1.16216151
[2026-06-25 21:50:56,917][root][INFO] - Epoch: 29 | train acc: 0.9715, train loss: 16.64081712, valid acc: 0.9604, valid loss: 0.14811228, test acc: 0.9354, test loss: 4.41058276
[2026-06-25 21:50:58,560][root][INFO] - reg loss: 4.133763762378188, entropy loss: 0.12946253183184478, leaf dev: 0.21469362080097198
[2026-06-25 21:50:58,561][root][INFO] - Val leaf stats: tensor([8.6440e-01, 2.8016e-04, 9.3388e-05, 7.4710e-04, 7.1068e-02, 9.3388e-05,
        2.7083e-02, 1.8678e-04, 2.8016e-04, 0.0000e+00, 3.0258e-02, 7.4710e-04,
        3.1752e-03, 3.7355e-04, 3.7355e-04, 8.4049e-04])
[2026-06-25 21:50:58,590][root][INFO] - reg loss: 5.935004340277778, entropy loss: 0.22820523420654276, leaf dev: 0.04994108900427818
[2026-06-25 21:50:58,591][root][INFO] - Val leaf stats: tensor([0.0186, 0.0655, 0.0605, 0.0026, 0.0412, 0.0864, 0.0010, 0.0444, 0.0576,
        0.0869, 0.1515, 0.0527, 0.0514, 0.1735, 0.0007, 0.1056])
[2026-06-25 21:51:02,883][root][INFO] - Epoch: 30 | train acc: 0.9811, train loss: 0.06595521, valid acc: 0.9619, valid loss: 0.13356608, test acc: 0.9191, test loss: 0.86038500
[2026-06-25 21:51:04,868][root][INFO] - reg loss: 5.459505696776052, entropy loss: 0.16608196623110896, leaf dev: 0.08213824778795242
[2026-06-25 21:51:04,868][root][INFO] - Val leaf stats: tensor([0.0152, 0.0014, 0.0894, 0.3116, 0.0796, 0.0031, 0.0000, 0.0504, 0.0006,
        0.0644, 0.1309, 0.1361, 0.0033, 0.0162, 0.0969, 0.0009])
[2026-06-25 21:51:08,371][root][INFO] - Epoch: 30 | train acc: 0.9539, train loss: 0.15960904, valid acc: 0.9092, valid loss: 0.30191447, test acc: 0.8680, test loss: 0.76169213
[2026-06-25 21:51:08,999][root][INFO] - Epoch: 29 | train acc: 0.9796, train loss: 4.44801240, valid acc: 0.9601, valid loss: 0.14661939, test acc: 0.9268, test loss: 0.74651768
[2026-06-25 21:51:09,834][root][INFO] - reg loss: 5.505321709567277, entropy loss: 0.20377307318190419, leaf dev: 0.08269672095775604
[2026-06-25 21:51:09,835][root][INFO] - Val leaf stats: tensor([0.0013, 0.0000, 0.1857, 0.0011, 0.0770, 0.0031, 0.0009, 0.0011, 0.0813,
        0.0845, 0.1368, 0.2925, 0.0093, 0.0124, 0.0524, 0.0605])
[2026-06-25 21:51:10,379][root][INFO] - Epoch: 30 | train acc: 0.9472, train loss: 33.29021603, valid acc: 0.9336, valid loss: 0.23192256, test acc: 0.8987, test loss: 1.97454303
[2026-06-25 21:51:10,666][root][INFO] - reg loss: 4.377584853500285, entropy loss: 0.12607407790643196, leaf dev: 0.1001938208937645
[2026-06-25 21:51:10,667][root][INFO] - Val leaf stats: tensor([2.4001e-01, 7.3963e-02, 7.4057e-02, 1.0273e-03, 7.4524e-02, 1.4858e-01,
        4.2865e-02, 1.8678e-04, 2.2413e-03, 5.6033e-04, 0.0000e+00, 6.5372e-04,
        0.0000e+00, 3.3919e-01, 1.0273e-03, 1.1207e-03])
[2026-06-25 21:51:11,953][root][INFO] - reg loss: 4.139575345175607, entropy loss: 0.1240843548266976, leaf dev: 0.15215791761875153
[2026-06-25 21:51:11,954][root][INFO] - Val leaf stats: tensor([5.5911e-01, 3.7355e-04, 1.1207e-03, 7.4710e-04, 1.7109e-01, 0.0000e+00,
        0.0000e+00, 9.3388e-04, 4.6694e-04, 0.0000e+00, 2.6055e-01, 1.8678e-04,
        2.1479e-03, 2.0545e-03, 7.4710e-04, 4.6694e-04])
[2026-06-25 21:51:16,634][root][INFO] - Epoch: 30 | train acc: 0.9635, train loss: 2.50489111, valid acc: 0.9470, valid loss: 0.18849707, test acc: 0.9137, test loss: 0.89045230
[2026-06-25 21:51:18,118][root][INFO] - reg loss: 4.759915319069353, entropy loss: 0.11647574319725945, leaf dev: 0.10400883853435516
[2026-06-25 21:51:18,119][root][INFO] - Val leaf stats: tensor([0.3016, 0.1388, 0.0416, 0.0021, 0.0892, 0.0539, 0.0018, 0.0035, 0.0007,
        0.0143, 0.0005, 0.0025, 0.0202, 0.3182, 0.0005, 0.0109])
[2026-06-25 21:51:21,981][root][INFO] - Epoch: 30 | train acc: 0.9661, train loss: 0.11581137, valid acc: 0.9405, valid loss: 0.21249791, test acc: 0.9139, test loss: 1.19464568
[2026-06-25 21:51:22,562][root][INFO] - Epoch: 30 | train acc: 0.9716, train loss: 16.63936990, valid acc: 0.9602, valid loss: 0.15145713, test acc: 0.9330, test loss: 4.31154383
[2026-06-25 21:51:23,335][root][INFO] - reg loss: 5.779565248539839, entropy loss: 0.2177100526119666, leaf dev: 0.05678320676088333
[2026-06-25 21:51:23,336][root][INFO] - Val leaf stats: tensor([0.0079, 0.0503, 0.0479, 0.0012, 0.0423, 0.1058, 0.0011, 0.0608, 0.0247,
        0.0968, 0.1527, 0.0611, 0.0403, 0.1969, 0.0011, 0.1090])
[2026-06-25 21:51:24,061][root][INFO] - reg loss: 4.133886985677891, entropy loss: 0.12771763092784025, leaf dev: 0.21302726864814758
[2026-06-25 21:51:24,062][root][INFO] - Val leaf stats: tensor([8.5796e-01, 3.7355e-04, 2.8016e-04, 9.3388e-04, 7.1255e-02, 1.8678e-04,
        2.7269e-02, 1.8678e-04, 3.7355e-04, 0.0000e+00, 3.5861e-02, 7.4710e-04,
        3.1752e-03, 2.8016e-04, 3.7355e-04, 7.4710e-04])
[2026-06-25 21:51:28,786][root][INFO] - Epoch: 31 | train acc: 0.9822, train loss: 0.06239604, valid acc: 0.9618, valid loss: 0.14032218, test acc: 0.9327, test loss: 0.84594680
[2026-06-25 21:51:30,913][root][INFO] - reg loss: 5.548443488973789, entropy loss: 0.16448109395920285, leaf dev: 0.07472512871026993
[2026-06-25 21:51:30,914][root][INFO] - Val leaf stats: tensor([0.0096, 0.0007, 0.0914, 0.2322, 0.0787, 0.0031, 0.0000, 0.0544, 0.0005,
        0.0672, 0.1416, 0.1984, 0.0028, 0.0156, 0.1028, 0.0010])
[2026-06-25 21:51:33,425][root][INFO] - Epoch: 31 | train acc: 0.9373, train loss: 0.20589746, valid acc: 0.9259, valid loss: 0.23254438, test acc: 0.8866, test loss: 0.67652767
[2026-06-25 21:51:34,692][root][INFO] - Epoch: 30 | train acc: 0.9816, train loss: 4.43522415, valid acc: 0.9617, valid loss: 0.14287499, test acc: 0.9256, test loss: 0.79327554
[2026-06-25 21:51:34,939][root][INFO] - reg loss: 5.605294235168942, entropy loss: 0.20134638226221477, leaf dev: 0.08301219344139099
[2026-06-25 21:51:34,940][root][INFO] - Val leaf stats: tensor([1.2888e-02, 2.8016e-04, 1.5222e-01, 1.4008e-03, 8.4703e-02, 7.2843e-03,
        2.4281e-03, 8.4049e-04, 8.2088e-02, 8.9653e-02, 1.1375e-01, 3.1715e-01,
        9.9925e-03, 8.6851e-03, 6.1263e-02, 5.5379e-02])
[2026-06-25 21:51:35,414][root][INFO] - Epoch: 31 | train acc: 0.9474, train loss: 33.27345165, valid acc: 0.9321, valid loss: 0.24332570, test acc: 0.9012, test loss: 1.80288028
[2026-06-25 21:51:36,308][root][INFO] - reg loss: 4.369803080483089, entropy loss: 0.12459831259080342, leaf dev: 0.10007839649915695
[2026-06-25 21:51:36,310][root][INFO] - Val leaf stats: tensor([2.4365e-01, 6.7706e-02, 7.8072e-02, 1.0273e-03, 7.6765e-02, 1.5110e-01,
        4.0997e-02, 1.8678e-04, 2.3347e-03, 7.4710e-04, 0.0000e+00, 7.4710e-04,
        0.0000e+00, 3.3508e-01, 8.4049e-04, 7.4710e-04])
[2026-06-25 21:51:36,839][root][INFO] - reg loss: 4.137282124272099, entropy loss: 0.11976232458517035, leaf dev: 0.1522659808397293
[2026-06-25 21:51:36,840][root][INFO] - Val leaf stats: tensor([5.6089e-01, 6.5372e-04, 1.2140e-03, 1.0273e-03, 1.7361e-01, 0.0000e+00,
        0.0000e+00, 7.4710e-04, 3.7355e-04, 0.0000e+00, 2.5598e-01, 0.0000e+00,
        2.0545e-03, 2.1479e-03, 7.4710e-04, 5.6033e-04])
[2026-06-25 21:51:41,423][root][INFO] - Epoch: 31 | train acc: 0.9666, train loss: 2.45339321, valid acc: 0.9503, valid loss: 0.17776505, test acc: 0.9157, test loss: 0.91783208
[2026-06-25 21:51:42,893][root][INFO] - reg loss: 4.677012019687229, entropy loss: 0.11545391435976382, leaf dev: 0.1076495349407196
[2026-06-25 21:51:42,894][root][INFO] - Val leaf stats: tensor([0.3566, 0.1122, 0.0431, 0.0021, 0.0905, 0.0516, 0.0016, 0.0063, 0.0007,
        0.0125, 0.0005, 0.0026, 0.0202, 0.2884, 0.0006, 0.0107])
[2026-06-25 21:51:45,994][root][INFO] - Epoch: 31 | train acc: 0.9627, train loss: 0.12766441, valid acc: 0.9390, valid loss: 0.21780968, test acc: 0.9094, test loss: 1.09068355
[2026-06-25 21:51:47,571][root][INFO] - reg loss: 5.774191412345442, entropy loss: 0.212645131996069, leaf dev: 0.06551290303468704
[2026-06-25 21:51:47,572][root][INFO] - Val leaf stats: tensor([0.0155, 0.0688, 0.0614, 0.0011, 0.0428, 0.0946, 0.0009, 0.0530, 0.0268,
        0.0743, 0.0869, 0.0293, 0.0834, 0.2761, 0.0031, 0.0819])
[2026-06-25 21:51:47,869][root][INFO] - Epoch: 31 | train acc: 0.9719, train loss: 16.61258390, valid acc: 0.9610, valid loss: 0.15125890, test acc: 0.9338, test loss: 5.02814761
[2026-06-25 21:51:49,523][root][INFO] - reg loss: 4.127563726334345, entropy loss: 0.12572347621122995, leaf dev: 0.21343761682510376
[2026-06-25 21:51:49,524][root][INFO] - Val leaf stats: tensor([8.5954e-01, 2.8016e-04, 3.7355e-04, 1.2140e-03, 7.1629e-02, 1.8678e-04,
        2.7269e-02, 1.8678e-04, 3.7355e-04, 0.0000e+00, 3.3620e-02, 7.4710e-04,
        3.1752e-03, 2.8016e-04, 3.7355e-04, 7.4710e-04])
[2026-06-25 21:51:55,995][root][INFO] - Epoch: 32 | train acc: 0.9775, train loss: 0.07594774, valid acc: 0.9568, valid loss: 0.15870936, test acc: 0.9110, test loss: 0.64158936
[2026-06-25 21:51:57,814][root][INFO] - reg loss: 5.55250987804756, entropy loss: 0.1623965590876877, leaf dev: 0.06947895884513855
[2026-06-25 21:51:57,815][root][INFO] - Val leaf stats: tensor([9.6190e-03, 1.0273e-03, 9.4415e-02, 2.0639e-01, 8.0781e-02, 3.2686e-03,
        9.3388e-05, 1.1365e-01, 6.5372e-04, 7.3777e-02, 1.4139e-01, 1.7230e-01,
        2.6149e-03, 6.0702e-03, 9.3201e-02, 7.4710e-04])
[2026-06-25 21:51:58,421][root][INFO] - Epoch: 32 | train acc: 0.9454, train loss: 0.17785107, valid acc: 0.9366, valid loss: 0.21636515, test acc: 0.8710, test loss: 0.78848022
[2026-06-25 21:52:00,021][root][INFO] - reg loss: 5.5281734214257945, entropy loss: 0.19484712845749325, leaf dev: 0.07445699721574783
[2026-06-25 21:52:00,022][root][INFO] - Val leaf stats: tensor([0.0183, 0.0005, 0.1280, 0.0014, 0.0930, 0.0086, 0.0041, 0.0007, 0.0995,
        0.0571, 0.2197, 0.2262, 0.0143, 0.0079, 0.0650, 0.0557])
[2026-06-25 21:52:00,287][root][INFO] - Epoch: 31 | train acc: 0.9825, train loss: 4.41975027, valid acc: 0.9621, valid loss: 0.14264408, test acc: 0.9257, test loss: 0.79878142
[2026-06-25 21:52:00,699][root][INFO] - Epoch: 32 | train acc: 0.9489, train loss: 33.24411279, valid acc: 0.9343, valid loss: 0.22692303, test acc: 0.8947, test loss: 1.94831459
[2026-06-25 21:52:01,858][root][INFO] - reg loss: 4.358611626599831, entropy loss: 0.12215206914004825, leaf dev: 0.10062790662050247
[2026-06-25 21:52:01,860][root][INFO] - Val leaf stats: tensor([2.5261e-01, 6.2850e-02, 7.5084e-02, 9.3388e-04, 7.5271e-02, 1.5316e-01,
        4.2678e-02, 1.8678e-04, 2.3347e-03, 7.4710e-04, 0.0000e+00, 7.4710e-04,
        0.0000e+00, 3.3171e-01, 1.0273e-03, 6.5372e-04])
[2026-06-25 21:52:02,342][root][INFO] - reg loss: 4.134342014474213, entropy loss: 0.11797072580724798, leaf dev: 0.1518341302871704
[2026-06-25 21:52:02,343][root][INFO] - Val leaf stats: tensor([5.5996e-01, 8.4049e-04, 1.4008e-03, 1.1207e-03, 1.8033e-01, 0.0000e+00,
        0.0000e+00, 5.6033e-04, 7.4710e-04, 0.0000e+00, 2.4944e-01, 9.3388e-05,
        2.1479e-03, 1.9612e-03, 8.4049e-04, 5.6033e-04])
[2026-06-25 21:52:06,484][root][INFO] - Epoch: 32 | train acc: 0.9672, train loss: 2.43006397, valid acc: 0.9528, valid loss: 0.16897481, test acc: 0.9202, test loss: 0.95972961
[2026-06-25 21:52:08,035][root][INFO] - reg loss: 4.631447963613682, entropy loss: 0.11627480809493039, leaf dev: 0.10544846951961517
[2026-06-25 21:52:08,035][root][INFO] - Val leaf stats: tensor([0.3400, 0.1180, 0.0474, 0.0023, 0.0910, 0.0461, 0.0019, 0.0049, 0.0007,
        0.0112, 0.0006, 0.0028, 0.0200, 0.2935, 0.0005, 0.0191])
[2026-06-25 21:52:10,503][root][INFO] - Epoch: 32 | train acc: 0.9615, train loss: 0.13257712, valid acc: 0.9343, valid loss: 0.22941203, test acc: 0.9064, test loss: 1.16285449
[2026-06-25 21:52:12,134][root][INFO] - reg loss: 5.787093745337592, entropy loss: 0.20512684667236591, leaf dev: 0.062101930379867554
[2026-06-25 21:52:12,134][root][INFO] - Val leaf stats: tensor([0.0070, 0.0567, 0.0547, 0.0015, 0.0404, 0.1106, 0.0007, 0.0649, 0.0317,
        0.0916, 0.0896, 0.0305, 0.0873, 0.2535, 0.0032, 0.0761])
[2026-06-25 21:52:13,087][root][INFO] - Epoch: 32 | train acc: 0.9724, train loss: 16.63112345, valid acc: 0.9597, valid loss: 0.14994905, test acc: 0.9323, test loss: 4.21300914
[2026-06-25 21:52:14,598][root][INFO] - reg loss: 4.132036610255166, entropy loss: 0.12374345654690708, leaf dev: 0.21170803904533386
[2026-06-25 21:52:14,599][root][INFO] - Val leaf stats: tensor([8.5282e-01, 2.8016e-04, 0.0000e+00, 1.6810e-03, 7.1629e-02, 9.3388e-05,
        2.7549e-02, 1.8678e-04, 3.7355e-04, 0.0000e+00, 3.9970e-02, 7.4710e-04,
        3.1752e-03, 2.8016e-04, 3.7355e-04, 8.4049e-04])
[2026-06-25 21:52:22,428][root][INFO] - Epoch: 33 | train acc: 0.9816, train loss: 0.06346747, valid acc: 0.9607, valid loss: 0.14430060, test acc: 0.9205, test loss: 0.68053698
[2026-06-25 21:52:23,783][root][INFO] - Epoch: 33 | train acc: 0.9550, train loss: 0.15000855, valid acc: 0.9408, valid loss: 0.21934672, test acc: 0.9133, test loss: 0.68248153
[2026-06-25 21:52:24,005][root][INFO] - reg loss: 5.495321228390648, entropy loss: 0.15961589029541723, leaf dev: 0.07500921189785004
[2026-06-25 21:52:24,006][root][INFO] - Val leaf stats: tensor([0.0019, 0.0007, 0.1078, 0.2323, 0.0784, 0.0036, 0.0003, 0.0567, 0.0015,
        0.0723, 0.1462, 0.1875, 0.0024, 0.0072, 0.1006, 0.0006])
[2026-06-25 21:52:25,252][root][INFO] - reg loss: 5.543557580816683, entropy loss: 0.19902905167410614, leaf dev: 0.06548420339822769
[2026-06-25 21:52:25,253][root][INFO] - Val leaf stats: tensor([0.0289, 0.0007, 0.1246, 0.0015, 0.0846, 0.0085, 0.0022, 0.0006, 0.0671,
        0.0634, 0.1896, 0.1930, 0.0142, 0.0216, 0.1212, 0.0784])
[2026-06-25 21:52:25,345][root][INFO] - Epoch: 32 | train acc: 0.9834, train loss: 4.42209054, valid acc: 0.9583, valid loss: 0.16719647, test acc: 0.9075, test loss: 0.91017033
[2026-06-25 21:52:25,713][root][INFO] - Epoch: 33 | train acc: 0.9500, train loss: 33.22521680, valid acc: 0.9330, valid loss: 0.22619419, test acc: 0.8933, test loss: 1.85965327
[2026-06-25 21:52:27,074][root][INFO] - reg loss: 4.361237906905078, entropy loss: 0.11982415498249115, leaf dev: 0.09666403383016586
[2026-06-25 21:52:27,075][root][INFO] - Val leaf stats: tensor([2.3216e-01, 7.6672e-02, 8.3956e-02, 9.3388e-04, 7.7325e-02, 1.3887e-01,
        5.6873e-02, 1.8678e-04, 2.3347e-03, 7.4710e-04, 0.0000e+00, 7.4710e-04,
        0.0000e+00, 3.2761e-01, 9.3388e-04, 6.5372e-04])
[2026-06-25 21:52:27,372][root][INFO] - reg loss: 4.132324052235437, entropy loss: 0.11630546246413831, leaf dev: 0.1521403193473816
[2026-06-25 21:52:27,373][root][INFO] - Val leaf stats: tensor([5.6201e-01, 8.4049e-04, 1.4942e-03, 1.2140e-03, 1.7818e-01, 0.0000e+00,
        0.0000e+00, 5.6033e-04, 9.3388e-04, 0.0000e+00, 2.4916e-01, 9.3388e-05,
        2.1479e-03, 1.9612e-03, 8.4049e-04, 5.6033e-04])
[2026-06-25 21:52:30,851][root][INFO] - Epoch: 33 | train acc: 0.9693, train loss: 2.42701793, valid acc: 0.9545, valid loss: 0.16762011, test acc: 0.9175, test loss: 1.00121533
[2026-06-25 21:52:32,487][root][INFO] - reg loss: 4.639967668624151, entropy loss: 0.11799410300910788, leaf dev: 0.10458148270845413
[2026-06-25 21:52:32,488][root][INFO] - Val leaf stats: tensor([3.4133e-01, 1.1393e-01, 5.7620e-02, 2.0545e-03, 8.9746e-02, 4.3799e-02,
        1.1207e-03, 5.7901e-03, 6.5372e-04, 1.3635e-02, 2.8016e-04, 2.8016e-03,
        2.0078e-02, 2.8773e-01, 6.5372e-04, 1.8771e-02])
[2026-06-25 21:52:35,248][root][INFO] - Epoch: 33 | train acc: 0.9649, train loss: 0.12016108, valid acc: 0.9435, valid loss: 0.19995400, test acc: 0.9160, test loss: 1.22216821
[2026-06-25 21:52:36,724][root][INFO] - reg loss: 5.743895298589474, entropy loss: 0.20218144932751933, leaf dev: 0.058281395584344864
[2026-06-25 21:52:36,726][root][INFO] - Val leaf stats: tensor([0.0104, 0.0649, 0.0647, 0.0015, 0.0403, 0.0978, 0.0009, 0.0560, 0.0365,
        0.0998, 0.0954, 0.0290, 0.0950, 0.2353, 0.0020, 0.0704])
[2026-06-25 21:52:37,892][root][INFO] - Epoch: 33 | train acc: 0.9727, train loss: 16.61894890, valid acc: 0.9598, valid loss: 0.14835848, test acc: 0.9319, test loss: 4.35923249
[2026-06-25 21:52:39,412][root][INFO] - reg loss: 4.129685989763371, entropy loss: 0.12259463800324334, leaf dev: 0.21240319311618805
[2026-06-25 21:52:39,413][root][INFO] - Val leaf stats: tensor([8.5553e-01, 1.8678e-04, 9.3388e-05, 1.4942e-03, 7.1629e-02, 1.8678e-04,
        2.8016e-02, 1.8678e-04, 3.7355e-04, 0.0000e+00, 3.6982e-02, 6.5372e-04,
        3.2686e-03, 2.8016e-04, 3.7355e-04, 7.4710e-04])
[2026-06-25 21:52:48,918][root][INFO] - Epoch: 34 | train acc: 0.9803, train loss: 0.06919294, valid acc: 0.9473, valid loss: 0.17474850, test acc: 0.9171, test loss: 0.75406812
[2026-06-25 21:52:48,991][root][INFO] - Epoch: 34 | train acc: 0.9603, train loss: 0.13531666, valid acc: 0.9476, valid loss: 0.18173206, test acc: 0.9113, test loss: 0.69980100
[2026-06-25 21:52:50,321][root][INFO] - reg loss: 5.582316809861117, entropy loss: 0.2037153290535407, leaf dev: 0.0700819119811058
[2026-06-25 21:52:50,322][root][INFO] - Val leaf stats: tensor([0.0237, 0.0006, 0.1154, 0.0026, 0.0952, 0.0079, 0.0036, 0.0007, 0.0789,
        0.0691, 0.1960, 0.2293, 0.0162, 0.0161, 0.0630, 0.0816])
[2026-06-25 21:52:50,602][root][INFO] - reg loss: 5.486533672090561, entropy loss: 0.15991322940619535, leaf dev: 0.06904982030391693
[2026-06-25 21:52:50,603][root][INFO] - Val leaf stats: tensor([0.0093, 0.0010, 0.0873, 0.1733, 0.0768, 0.0037, 0.0003, 0.0501, 0.0072,
        0.1838, 0.1127, 0.1663, 0.0024, 0.0086, 0.1165, 0.0006])
[2026-06-25 21:52:51,142][root][INFO] - Epoch: 33 | train acc: 0.9825, train loss: 4.43529630, valid acc: 0.9615, valid loss: 0.14679387, test acc: 0.9251, test loss: 0.80045536
[2026-06-25 21:52:51,150][root][INFO] - Epoch: 34 | train acc: 0.9506, train loss: 33.20480875, valid acc: 0.9329, valid loss: 0.23963586, test acc: 0.9024, test loss: 1.87762932
[2026-06-25 21:52:52,807][root][INFO] - reg loss: 4.374185922915343, entropy loss: 0.11798766357873483, leaf dev: 0.09809606522321701
[2026-06-25 21:52:52,808][root][INFO] - Val leaf stats: tensor([2.3879e-01, 6.9387e-02, 8.3489e-02, 9.3388e-04, 7.4804e-02, 1.4858e-01,
        4.9776e-02, 1.8678e-04, 2.3347e-03, 8.4049e-04, 0.0000e+00, 7.4710e-04,
        0.0000e+00, 3.2845e-01, 8.4049e-04, 8.4049e-04])
[2026-06-25 21:52:52,881][root][INFO] - reg loss: 4.129929706533119, entropy loss: 0.11473989683799643, leaf dev: 0.1523638367652893
[2026-06-25 21:52:52,882][root][INFO] - Val leaf stats: tensor([5.6397e-01, 7.4710e-04, 1.6810e-03, 1.4008e-03, 1.7874e-01, 0.0000e+00,
        0.0000e+00, 6.5372e-04, 8.4049e-04, 0.0000e+00, 2.4636e-01, 9.3388e-05,
        2.2413e-03, 1.8678e-03, 8.4049e-04, 5.6033e-04])
[2026-06-25 21:52:56,465][root][INFO] - Epoch: 34 | train acc: 0.9709, train loss: 2.42704482, valid acc: 0.9514, valid loss: 0.17835792, test acc: 0.9138, test loss: 1.03205248
[2026-06-25 21:52:57,870][root][INFO] - reg loss: 4.65162723531168, entropy loss: 0.11921838205800485, leaf dev: 0.10075704008340836
[2026-06-25 21:52:57,871][root][INFO] - Val leaf stats: tensor([0.3042, 0.1473, 0.0536, 0.0022, 0.0895, 0.0484, 0.0008, 0.0045, 0.0007,
        0.0129, 0.0004, 0.0028, 0.0200, 0.2940, 0.0007, 0.0181])
[2026-06-25 21:52:59,294][root][INFO] - Epoch: 34 | train acc: 0.9690, train loss: 0.10828986, valid acc: 0.9467, valid loss: 0.18910140, test acc: 0.9207, test loss: 1.15358123
[2026-06-25 21:53:00,697][root][INFO] - reg loss: 5.680251419228852, entropy loss: 0.20073602021371245, leaf dev: 0.0594760924577713
[2026-06-25 21:53:00,698][root][INFO] - Val leaf stats: tensor([0.0148, 0.0582, 0.0748, 0.0021, 0.0403, 0.0856, 0.0017, 0.0373, 0.0372,
        0.1137, 0.1000, 0.0343, 0.0875, 0.2404, 0.0009, 0.0712])
[2026-06-25 21:53:02,007][root][INFO] - Epoch: 34 | train acc: 0.9731, train loss: 16.59023387, valid acc: 0.9612, valid loss: 0.14793784, test acc: 0.9325, test loss: 4.23699354
[2026-06-25 21:53:03,423][root][INFO] - reg loss: 4.12272711910268, entropy loss: 0.11994608385222298, leaf dev: 0.21297796070575714
[2026-06-25 21:53:03,425][root][INFO] - Val leaf stats: tensor([8.5777e-01, 4.6694e-04, 2.8016e-04, 1.1207e-03, 7.1629e-02, 1.8678e-04,
        2.8390e-02, 1.8678e-04, 3.7355e-04, 0.0000e+00, 3.4273e-02, 6.5372e-04,
        3.2686e-03, 2.8016e-04, 3.7355e-04, 7.4710e-04])
[2026-06-25 21:53:13,959][root][INFO] - Epoch: 35 | train acc: 0.9630, train loss: 0.12960095, valid acc: 0.9522, valid loss: 0.17754854, test acc: 0.9141, test loss: 0.82430516
[2026-06-25 21:53:15,339][root][INFO] - reg loss: 5.648314493673819, entropy loss: 0.20035325613602128, leaf dev: 0.06156335398554802
[2026-06-25 21:53:15,340][root][INFO] - Val leaf stats: tensor([0.0230, 0.0006, 0.1150, 0.0028, 0.0874, 0.0092, 0.0015, 0.0009, 0.1506,
        0.0894, 0.1597, 0.1675, 0.0166, 0.0150, 0.0901, 0.0707])
[2026-06-25 21:53:15,858][root][INFO] - Epoch: 35 | train acc: 0.9819, train loss: 0.06239341, valid acc: 0.9601, valid loss: 0.14798392, test acc: 0.9190, test loss: 0.85359987
[2026-06-25 21:53:16,427][root][INFO] - Epoch: 34 | train acc: 0.9842, train loss: 4.41869333, valid acc: 0.9622, valid loss: 0.14962929, test acc: 0.9242, test loss: 0.78090589
[2026-06-25 21:53:17,106][root][INFO] - Epoch: 35 | train acc: 0.9511, train loss: 33.18130465, valid acc: 0.9339, valid loss: 0.23001302, test acc: 0.8962, test loss: 1.81335760
[2026-06-25 21:53:17,692][root][INFO] - reg loss: 5.482046097043961, entropy loss: 0.1614919080936089, leaf dev: 0.07143556326627731
[2026-06-25 21:53:17,693][root][INFO] - Val leaf stats: tensor([0.0095, 0.0014, 0.0889, 0.2352, 0.0780, 0.0036, 0.0004, 0.0588, 0.0073,
        0.0949, 0.1268, 0.1653, 0.0022, 0.0101, 0.1167, 0.0008])
[2026-06-25 21:53:17,874][root][INFO] - reg loss: 4.363227097445695, entropy loss: 0.11620266392590507, leaf dev: 0.09703390300273895
[2026-06-25 21:53:17,875][root][INFO] - Val leaf stats: tensor([2.3609e-01, 6.7987e-02, 9.7684e-02, 1.7744e-03, 7.3963e-02, 1.3635e-01,
        5.3511e-02, 1.8678e-04, 2.3347e-03, 7.4710e-04, 0.0000e+00, 7.4710e-04,
        0.0000e+00, 3.2695e-01, 9.3388e-04, 7.4710e-04])
[2026-06-25 21:53:18,892][root][INFO] - reg loss: 4.1270941981562865, entropy loss: 0.11247132651547276, leaf dev: 0.15265393257141113
[2026-06-25 21:53:18,893][root][INFO] - Val leaf stats: tensor([5.6547e-01, 8.4049e-04, 1.1207e-03, 1.1207e-03, 1.7800e-01, 0.0000e+00,
        0.0000e+00, 5.6033e-04, 9.3388e-04, 0.0000e+00, 2.4617e-01, 2.8016e-04,
        2.3347e-03, 1.7744e-03, 9.3388e-04, 4.6694e-04])
[2026-06-25 21:53:21,850][root][INFO] - Epoch: 35 | train acc: 0.9715, train loss: 2.42414781, valid acc: 0.9531, valid loss: 0.16868096, test acc: 0.9243, test loss: 1.03446738
[2026-06-25 21:53:23,241][root][INFO] - reg loss: 4.651653812045143, entropy loss: 0.11820321750861627, leaf dev: 0.10281997174024582
[2026-06-25 21:53:23,242][root][INFO] - Val leaf stats: tensor([3.2107e-01, 1.3177e-01, 5.1924e-02, 2.2413e-03, 8.8532e-02, 4.5854e-02,
        7.4710e-04, 4.6694e-03, 6.5372e-04, 1.5689e-02, 2.8016e-04, 2.5215e-03,
        2.0265e-02, 2.9492e-01, 8.4049e-04, 1.8024e-02])
[2026-06-25 21:53:24,247][root][INFO] - Epoch: 35 | train acc: 0.9713, train loss: 0.10095467, valid acc: 0.9481, valid loss: 0.18731076, test acc: 0.9241, test loss: 1.15630494
[2026-06-25 21:53:25,687][root][INFO] - reg loss: 5.633017005113067, entropy loss: 0.20105280628595404, leaf dev: 0.05876999348402023
[2026-06-25 21:53:25,688][root][INFO] - Val leaf stats: tensor([0.0160, 0.0585, 0.0748, 0.0021, 0.0402, 0.0890, 0.0015, 0.0423, 0.0425,
        0.1097, 0.1034, 0.0315, 0.0800, 0.2391, 0.0015, 0.0680])
[2026-06-25 21:53:26,053][root][INFO] - Epoch: 35 | train acc: 0.9733, train loss: 16.57406113, valid acc: 0.9613, valid loss: 0.14770983, test acc: 0.9336, test loss: 4.18445632
[2026-06-25 21:53:27,624][root][INFO] - reg loss: 4.119033296272238, entropy loss: 0.11825544734007468, leaf dev: 0.212737575173378
[2026-06-25 21:53:27,625][root][INFO] - Val leaf stats: tensor([8.5684e-01, 4.6694e-04, 2.8016e-04, 1.1207e-03, 7.1629e-02, 1.8678e-04,
        2.8297e-02, 1.8678e-04, 3.7355e-04, 0.0000e+00, 3.5301e-02, 6.5372e-04,
        3.2686e-03, 2.8016e-04, 3.7355e-04, 7.4710e-04])
[2026-06-25 21:53:39,434][root][INFO] - Epoch: 36 | train acc: 0.9662, train loss: 0.11873553, valid acc: 0.9530, valid loss: 0.16715452, test acc: 0.9190, test loss: 0.84985739
[2026-06-25 21:53:41,272][root][INFO] - reg loss: 5.631791604259027, entropy loss: 0.19450557192482015, leaf dev: 0.06196501478552818
[2026-06-25 21:53:41,273][root][INFO] - Val leaf stats: tensor([0.0256, 0.0004, 0.1149, 0.0031, 0.0813, 0.0088, 0.0015, 0.0010, 0.1224,
        0.0845, 0.1629, 0.1901, 0.0192, 0.0189, 0.0954, 0.0699])
[2026-06-25 21:53:41,713][root][INFO] - Epoch: 36 | train acc: 0.9817, train loss: 0.06493211, valid acc: 0.9600, valid loss: 0.14864943, test acc: 0.9032, test loss: 1.13914250
[2026-06-25 21:53:42,165][root][INFO] - Epoch: 35 | train acc: 0.9840, train loss: 4.42681099, valid acc: 0.9595, valid loss: 0.15211406, test acc: 0.9240, test loss: 1.09476444
[2026-06-25 21:53:42,943][root][INFO] - Epoch: 36 | train acc: 0.9514, train loss: 33.13096419, valid acc: 0.9336, valid loss: 0.23482150, test acc: 0.9023, test loss: 1.83735476
[2026-06-25 21:53:43,219][root][INFO] - reg loss: 5.570677631115787, entropy loss: 0.15568679681530706, leaf dev: 0.06873222440481186
[2026-06-25 21:53:43,220][root][INFO] - Val leaf stats: tensor([1.0273e-02, 6.5372e-04, 1.9098e-01, 1.0693e-01, 7.9100e-02, 3.5487e-03,
        2.8016e-04, 5.3792e-02, 7.2843e-03, 9.2734e-02, 1.2691e-01, 1.9285e-01,
        3.2686e-03, 1.2607e-02, 1.1860e-01, 1.8678e-04])
[2026-06-25 21:53:43,756][root][INFO] - reg loss: 4.370720361275648, entropy loss: 0.11630095726756191, leaf dev: 0.0966542512178421
[2026-06-25 21:53:43,757][root][INFO] - Val leaf stats: tensor([2.2413e-01, 8.3863e-02, 8.6571e-02, 1.1207e-03, 7.3963e-02, 1.4083e-01,
        5.2017e-02, 1.8678e-04, 2.4281e-03, 1.1207e-03, 0.0000e+00, 7.4710e-04,
        0.0000e+00, 3.3143e-01, 8.4049e-04, 7.4710e-04])
[2026-06-25 21:53:44,417][root][INFO] - reg loss: 4.121071805398931, entropy loss: 0.10953832831647661, leaf dev: 0.15280331671237946
[2026-06-25 21:53:44,417][root][INFO] - Val leaf stats: tensor([5.6668e-01, 8.4049e-04, 1.3074e-03, 1.4008e-03, 1.7734e-01, 0.0000e+00,
        0.0000e+00, 4.6694e-04, 1.0273e-03, 0.0000e+00, 2.4524e-01, 1.8678e-04,
        2.3347e-03, 1.7744e-03, 9.3388e-04, 4.6694e-04])
[2026-06-25 21:53:47,397][root][INFO] - Epoch: 36 | train acc: 0.9709, train loss: 2.40090243, valid acc: 0.9430, valid loss: 0.21167464, test acc: 0.9177, test loss: 0.82333660
[2026-06-25 21:53:48,862][root][INFO] - Epoch: 36 | train acc: 0.9733, train loss: 0.09415143, valid acc: 0.9484, valid loss: 0.18923250, test acc: 0.9249, test loss: 1.15574706
[2026-06-25 21:53:49,019][root][INFO] - reg loss: 4.6010143340580045, entropy loss: 0.11492437932384077, leaf dev: 0.10520032048225403
[2026-06-25 21:53:49,020][root][INFO] - Val leaf stats: tensor([0.3253, 0.1251, 0.0441, 0.0018, 0.1047, 0.0424, 0.0004, 0.0078, 0.0007,
        0.0072, 0.0004, 0.0022, 0.0200, 0.3027, 0.0007, 0.0147])
[2026-06-25 21:53:50,174][root][INFO] - reg loss: 5.594860155115683, entropy loss: 0.2007383121542199, leaf dev: 0.05869176611304283
[2026-06-25 21:53:50,175][root][INFO] - Val leaf stats: tensor([0.0167, 0.0612, 0.0765, 0.0023, 0.0403, 0.0898, 0.0015, 0.0434, 0.0454,
        0.1001, 0.1034, 0.0314, 0.0756, 0.2420, 0.0020, 0.0685])
[2026-06-25 21:53:50,533][root][INFO] - Epoch: 36 | train acc: 0.9736, train loss: 16.56775811, valid acc: 0.9600, valid loss: 0.16382432, test acc: 0.9322, test loss: 4.13042635
[2026-06-25 21:53:52,077][root][INFO] - reg loss: 4.1176200543761885, entropy loss: 0.11656271571677829, leaf dev: 0.2130955457687378
[2026-06-25 21:53:52,078][root][INFO] - Val leaf stats: tensor([8.5824e-01, 3.7355e-04, 0.0000e+00, 1.3074e-03, 7.1442e-02, 1.8678e-04,
        2.8764e-02, 1.8678e-04, 4.6694e-04, 0.0000e+00, 3.3620e-02, 7.4710e-04,
        3.1752e-03, 3.7355e-04, 3.7355e-04, 7.4710e-04])
[2026-06-25 21:54:05,284][root][INFO] - Epoch: 37 | train acc: 0.9704, train loss: 0.10292271, valid acc: 0.9557, valid loss: 0.16537776, test acc: 0.9177, test loss: 0.80708439
[2026-06-25 21:54:06,885][root][INFO] - reg loss: 5.622993512128396, entropy loss: 0.19580846118233192, leaf dev: 0.06667792797088623
[2026-06-25 21:54:06,886][root][INFO] - Val leaf stats: tensor([0.0205, 0.0004, 0.1123, 0.0035, 0.0883, 0.0078, 0.0023, 0.0010, 0.0986,
        0.0812, 0.1611, 0.2290, 0.0214, 0.0189, 0.0986, 0.0550])
[2026-06-25 21:54:07,958][root][INFO] - Epoch: 37 | train acc: 0.9814, train loss: 0.06514337, valid acc: 0.9618, valid loss: 0.14155569, test acc: 0.9034, test loss: 1.11528211
[2026-06-25 21:54:08,104][root][INFO] - Epoch: 37 | train acc: 0.9522, train loss: 33.13625558, valid acc: 0.9350, valid loss: 0.23076949, test acc: 0.9013, test loss: 1.88379697
[2026-06-25 21:54:08,150][root][INFO] - Epoch: 36 | train acc: 0.9852, train loss: 4.40902548, valid acc: 0.9615, valid loss: 0.14590140, test acc: 0.9264, test loss: 0.78170696
[2026-06-25 21:54:09,488][root][INFO] - reg loss: 4.122025835450995, entropy loss: 0.10822951580796923, leaf dev: 0.15247349441051483
[2026-06-25 21:54:09,490][root][INFO] - Val leaf stats: tensor([5.6434e-01, 8.4049e-04, 1.4942e-03, 8.4049e-04, 1.7716e-01, 0.0000e+00,
        0.0000e+00, 5.6033e-04, 1.3074e-03, 0.0000e+00, 2.4767e-01, 3.7355e-04,
        2.2413e-03, 1.7744e-03, 9.3388e-04, 4.6694e-04])
[2026-06-25 21:54:09,648][root][INFO] - reg loss: 5.5623792744187455, entropy loss: 0.14964242106076903, leaf dev: 0.06935577094554901
[2026-06-25 21:54:09,649][root][INFO] - Val leaf stats: tensor([0.0108, 0.0008, 0.1620, 0.1381, 0.0782, 0.0035, 0.0005, 0.0522, 0.0074,
        0.0842, 0.1556, 0.1995, 0.0026, 0.0087, 0.0955, 0.0004])
[2026-06-25 21:54:09,659][root][INFO] - reg loss: 4.356212406562119, entropy loss: 0.11475351531669577, leaf dev: 0.09714813530445099
[2026-06-25 21:54:09,660][root][INFO] - Val leaf stats: tensor([2.2899e-01, 7.8259e-02, 8.5637e-02, 1.0273e-03, 7.4430e-02, 1.4382e-01,
        5.1457e-02, 1.8678e-04, 2.3347e-03, 1.0273e-03, 0.0000e+00, 6.5372e-04,
        0.0000e+00, 3.3059e-01, 8.4049e-04, 7.4710e-04])
[2026-06-25 21:54:12,965][root][INFO] - Epoch: 37 | train acc: 0.9573, train loss: 2.41915461, valid acc: 0.9431, valid loss: 0.20743593, test acc: 0.9133, test loss: 1.05016530
[2026-06-25 21:54:13,569][root][INFO] - Epoch: 37 | train acc: 0.9704, train loss: 0.09972608, valid acc: 0.9497, valid loss: 0.18850971, test acc: 0.9232, test loss: 1.14124507
[2026-06-25 21:54:14,337][root][INFO] - reg loss: 4.545502619768577, entropy loss: 0.10985823409267204, leaf dev: 0.11003977805376053
[2026-06-25 21:54:14,338][root][INFO] - Val leaf stats: tensor([2.5336e-01, 1.1954e-01, 5.8554e-02, 1.2140e-03, 9.7964e-02, 2.2413e-02,
        9.3388e-05, 5.7901e-03, 0.0000e+00, 1.0086e-02, 3.7355e-04, 1.8678e-03,
        2.0078e-02, 3.8887e-01, 8.4049e-04, 1.8958e-02])
[2026-06-25 21:54:14,791][root][INFO] - Epoch: 37 | train acc: 0.9737, train loss: 16.53835643, valid acc: 0.9600, valid loss: 0.14428261, test acc: 0.9312, test loss: 4.15504041
[2026-06-25 21:54:14,899][root][INFO] - reg loss: 5.566760368448086, entropy loss: 0.19525415462160867, leaf dev: 0.06376948952674866
[2026-06-25 21:54:14,900][root][INFO] - Val leaf stats: tensor([0.0136, 0.0595, 0.0780, 0.0020, 0.0400, 0.0498, 0.0021, 0.0362, 0.0225,
        0.1534, 0.1187, 0.0383, 0.0766, 0.2416, 0.0009, 0.0668])
[2026-06-25 21:54:16,381][root][INFO] - reg loss: 4.110293353045428, entropy loss: 0.11243684128636405, leaf dev: 0.21316619217395782
[2026-06-25 21:54:16,382][root][INFO] - Val leaf stats: tensor([8.5852e-01, 3.7355e-04, 0.0000e+00, 1.6810e-03, 7.1629e-02, 1.8678e-04,
        3.0071e-02, 1.8678e-04, 3.7355e-04, 0.0000e+00, 3.1565e-02, 7.4710e-04,
        3.1752e-03, 3.7355e-04, 3.7355e-04, 7.4710e-04])
[2026-06-25 21:54:31,133][root][INFO] - Epoch: 38 | train acc: 0.9717, train loss: 0.09971469, valid acc: 0.9571, valid loss: 0.15502613, test acc: 0.9180, test loss: 0.81999494
[2026-06-25 21:54:32,715][root][INFO] - reg loss: 5.524365162723279, entropy loss: 0.19318497393812453, leaf dev: 0.06750606000423431
[2026-06-25 21:54:32,716][root][INFO] - Val leaf stats: tensor([0.0190, 0.0003, 0.1095, 0.0027, 0.0869, 0.0106, 0.0022, 0.0009, 0.0996,
        0.0817, 0.1664, 0.2345, 0.0191, 0.0230, 0.0849, 0.0586])
[2026-06-25 21:54:33,972][root][INFO] - Epoch: 38 | train acc: 0.9843, train loss: 0.05414061, valid acc: 0.9606, valid loss: 0.14474148, test acc: 0.8996, test loss: 1.34411241
[2026-06-25 21:54:34,213][root][INFO] - Epoch: 38 | train acc: 0.9519, train loss: 33.13682233, valid acc: 0.9345, valid loss: 0.23083648, test acc: 0.8963, test loss: 1.89638522
[2026-06-25 21:54:34,394][root][INFO] - Epoch: 37 | train acc: 0.9862, train loss: 4.39942890, valid acc: 0.9631, valid loss: 0.14441382, test acc: 0.9238, test loss: 0.67253092
[2026-06-25 21:54:35,630][root][INFO] - reg loss: 5.477546999694178, entropy loss: 0.14659585839226133, leaf dev: 0.06853091716766357
[2026-06-25 21:54:35,631][root][INFO] - Val leaf stats: tensor([0.0025, 0.0008, 0.1756, 0.1834, 0.0795, 0.0037, 0.0008, 0.0578, 0.0102,
        0.0836, 0.1496, 0.1417, 0.0027, 0.0120, 0.0954, 0.0007])
[2026-06-25 21:54:35,888][root][INFO] - reg loss: 4.12230582464309, entropy loss: 0.10645070869140524, leaf dev: 0.15244551002979279
[2026-06-25 21:54:35,888][root][INFO] - Val leaf stats: tensor([5.6434e-01, 9.3388e-04, 1.4942e-03, 1.3074e-03, 1.7548e-01, 0.0000e+00,
        0.0000e+00, 5.6033e-04, 1.3074e-03, 0.0000e+00, 2.4860e-01, 5.6033e-04,
        2.2413e-03, 1.7744e-03, 9.3388e-04, 4.6694e-04])
[2026-06-25 21:54:36,117][root][INFO] - reg loss: 4.349639110464268, entropy loss: 0.11001239961417264, leaf dev: 0.09696177393198013
[2026-06-25 21:54:36,118][root][INFO] - Val leaf stats: tensor([2.2964e-01, 7.8446e-02, 8.9559e-02, 1.0273e-03, 7.4337e-02, 1.4223e-01,
        5.0430e-02, 1.8678e-04, 2.4281e-03, 5.6033e-04, 9.3388e-05, 7.4710e-04,
        0.0000e+00, 3.2910e-01, 9.3388e-04, 2.8016e-04])
[2026-06-25 21:54:37,109][root][INFO] - Epoch: 38 | train acc: 0.9643, train loss: 2.41146616, valid acc: 0.9488, valid loss: 0.18734544, test acc: 0.9132, test loss: 0.83073596
[2026-06-25 21:54:38,482][root][INFO] - Epoch: 38 | train acc: 0.9727, train loss: 0.09585468, valid acc: 0.9502, valid loss: 0.18291132, test acc: 0.9236, test loss: 1.15483400
[2026-06-25 21:54:38,601][root][INFO] - reg loss: 4.577015003830037, entropy loss: 0.10980639338651031, leaf dev: 0.10991419851779938
[2026-06-25 21:54:38,602][root][INFO] - Val leaf stats: tensor([2.6970e-01, 1.2010e-01, 5.3231e-02, 1.6810e-03, 1.0030e-01, 1.5876e-02,
        1.8678e-04, 8.5917e-03, 0.0000e+00, 1.0740e-02, 5.6033e-04, 2.4281e-03,
        1.9892e-02, 3.7747e-01, 1.2140e-03, 1.8024e-02])
[2026-06-25 21:54:40,019][root][INFO] - reg loss: 5.639714379789968, entropy loss: 0.19303232131811676, leaf dev: 0.06222955882549286
[2026-06-25 21:54:40,021][root][INFO] - Val leaf stats: tensor([0.0175, 0.0586, 0.0771, 0.0021, 0.0404, 0.0653, 0.0020, 0.0414, 0.0265,
        0.1174, 0.1082, 0.0283, 0.0953, 0.2503, 0.0021, 0.0675])
[2026-06-25 21:54:40,397][root][INFO] - Epoch: 38 | train acc: 0.9733, train loss: 16.52158965, valid acc: 0.9610, valid loss: 0.15962812, test acc: 0.9331, test loss: 4.14355982
[2026-06-25 21:54:41,887][root][INFO] - reg loss: 4.106058420958342, entropy loss: 0.11118472927304172, leaf dev: 0.2128547579050064
[2026-06-25 21:54:41,888][root][INFO] - Val leaf stats: tensor([8.5730e-01, 2.8016e-04, 0.0000e+00, 1.4008e-03, 7.1629e-02, 1.8678e-04,
        3.0631e-02, 1.8678e-04, 4.6694e-04, 9.3388e-05, 3.2499e-02, 6.5372e-04,
        3.1752e-03, 3.7355e-04, 3.7355e-04, 7.4710e-04])
[2026-06-25 21:54:56,721][root][INFO] - Epoch: 39 | train acc: 0.9678, train loss: 0.11715539, valid acc: 0.9402, valid loss: 0.22038802, test acc: 0.9109, test loss: 0.83361717
[2026-06-25 21:54:58,441][root][INFO] - reg loss: 5.4717537107921785, entropy loss: 0.1930537393326482, leaf dev: 0.06593267619609833
[2026-06-25 21:54:58,442][root][INFO] - Val leaf stats: tensor([0.0637, 0.0003, 0.0513, 0.0025, 0.0919, 0.0131, 0.0058, 0.0010, 0.0758,
        0.0778, 0.1897, 0.2245, 0.0287, 0.0143, 0.0941, 0.0656])
[2026-06-25 21:55:00,229][root][INFO] - Epoch: 38 | train acc: 0.9863, train loss: 4.39223402, valid acc: 0.9623, valid loss: 0.14803154, test acc: 0.9239, test loss: 0.78612316
[2026-06-25 21:55:00,247][root][INFO] - Epoch: 39 | train acc: 0.9533, train loss: 33.12460904, valid acc: 0.9340, valid loss: 0.22871484, test acc: 0.8922, test loss: 1.75846047
[2026-06-25 21:55:00,802][root][INFO] - Epoch: 39 | train acc: 0.9833, train loss: 0.05755628, valid acc: 0.9630, valid loss: 0.13493137, test acc: 0.9171, test loss: 0.91977139
[2026-06-25 21:55:01,755][root][INFO] - reg loss: 4.344142245237158, entropy loss: 0.10780606410963825, leaf dev: 0.09686574339866638
[2026-06-25 21:55:01,756][root][INFO] - Val leaf stats: tensor([2.3142e-01, 8.3489e-02, 8.0968e-02, 1.0273e-03, 7.4617e-02, 1.4755e-01,
        4.9682e-02, 1.8678e-04, 2.4281e-03, 5.6033e-04, 9.3388e-05, 7.4710e-04,
        0.0000e+00, 3.2611e-01, 7.4710e-04, 3.7355e-04])
[2026-06-25 21:55:01,849][root][INFO] - reg loss: 4.120870209244824, entropy loss: 0.10418940844043853, leaf dev: 0.1523120254278183
[2026-06-25 21:55:01,850][root][INFO] - Val leaf stats: tensor([5.6369e-01, 1.1207e-03, 1.6810e-03, 1.0273e-03, 1.7884e-01, 0.0000e+00,
        0.0000e+00, 4.6694e-04, 1.0273e-03, 0.0000e+00, 2.4645e-01, 3.7355e-04,
        2.3347e-03, 1.6810e-03, 8.4049e-04, 4.6694e-04])
[2026-06-25 21:55:02,455][root][INFO] - reg loss: 5.371969699859619, entropy loss: 0.1462086011019964, leaf dev: 0.07276048511266708
[2026-06-25 21:55:02,456][root][INFO] - Val leaf stats: tensor([0.0109, 0.0008, 0.2152, 0.2027, 0.0785, 0.0023, 0.0007, 0.0629, 0.0022,
        0.0686, 0.1397, 0.1075, 0.0032, 0.0125, 0.0911, 0.0009])
[2026-06-25 21:55:02,542][root][INFO] - Epoch: 39 | train acc: 0.9669, train loss: 2.41601454, valid acc: 0.9490, valid loss: 0.18638462, test acc: 0.9198, test loss: 0.79456266
[2026-06-25 21:55:03,165][root][INFO] - Epoch: 39 | train acc: 0.9755, train loss: 0.08722046, valid acc: 0.9486, valid loss: 0.18575433, test acc: 0.9206, test loss: 1.15201992
[2026-06-25 21:55:04,240][root][INFO] - reg loss: 4.605605014417537, entropy loss: 0.11305014489504395, leaf dev: 0.11008822917938232
[2026-06-25 21:55:04,242][root][INFO] - Val leaf stats: tensor([0.2806, 0.1194, 0.0521, 0.0018, 0.0983, 0.0158, 0.0000, 0.0078, 0.0005,
        0.0106, 0.0007, 0.0021, 0.0199, 0.3711, 0.0008, 0.0187])
[2026-06-25 21:55:04,496][root][INFO] - reg loss: 5.59804317433998, entropy loss: 0.19346783061822256, leaf dev: 0.05643783137202263
[2026-06-25 21:55:04,497][root][INFO] - Val leaf stats: tensor([0.0275, 0.0602, 0.0848, 0.0028, 0.0404, 0.0716, 0.0018, 0.0437, 0.0331,
        0.1427, 0.1181, 0.0382, 0.0651, 0.2142, 0.0008, 0.0549])
[2026-06-25 21:55:05,050][root][INFO] - Epoch: 39 | train acc: 0.9738, train loss: 16.56548411, valid acc: 0.9602, valid loss: 0.17067800, test acc: 0.9303, test loss: 4.49439145
[2026-06-25 21:55:06,565][root][INFO] - reg loss: 4.117594123517395, entropy loss: 0.11130885704957619, leaf dev: 0.21166570484638214
[2026-06-25 21:55:06,566][root][INFO] - Val leaf stats: tensor([8.5273e-01, 2.8016e-04, 0.0000e+00, 2.5215e-03, 7.1722e-02, 9.3388e-05,
        3.0725e-02, 1.8678e-04, 5.6033e-04, 0.0000e+00, 3.5861e-02, 6.5372e-04,
        3.1752e-03, 2.8016e-04, 3.7355e-04, 8.4049e-04])
[2026-06-25 21:55:21,871][root][INFO] - Epoch: 40 | train acc: 0.9683, train loss: 0.10905340, valid acc: 0.9502, valid loss: 0.17419994, test acc: 0.9174, test loss: 0.82785306
[2026-06-25 21:55:23,372][root][INFO] - reg loss: 5.521881111084469, entropy loss: 0.1916294536262593, leaf dev: 0.06561136990785599
[2026-06-25 21:55:23,373][root][INFO] - Val leaf stats: tensor([0.0517, 0.0004, 0.0566, 0.0029, 0.1007, 0.0118, 0.0055, 0.0009, 0.0735,
        0.0755, 0.1817, 0.2281, 0.0275, 0.0210, 0.0944, 0.0678])
[2026-06-25 21:55:25,110][root][INFO] - Epoch: 39 | train acc: 0.9867, train loss: 4.38469773, valid acc: 0.9621, valid loss: 0.14893634, test acc: 0.9243, test loss: 0.77027400
[2026-06-25 21:55:26,752][root][INFO] - reg loss: 4.336537868257553, entropy loss: 0.10586794426359197, leaf dev: 0.09681133925914764
[2026-06-25 21:55:26,753][root][INFO] - Val leaf stats: tensor([2.3142e-01, 7.4804e-02, 8.7131e-02, 9.3388e-04, 7.4991e-02, 1.4923e-01,
        5.0803e-02, 1.8678e-04, 2.4281e-03, 5.6033e-04, 9.3388e-05, 7.4710e-04,
        0.0000e+00, 3.2536e-01, 7.4710e-04, 5.6033e-04])
[2026-06-25 21:55:26,770][root][INFO] - Epoch: 40 | train acc: 0.9532, train loss: 33.10744010, valid acc: 0.9344, valid loss: 0.22868924, test acc: 0.9006, test loss: 1.81750438
[2026-06-25 21:55:26,960][root][INFO] - Epoch: 40 | train acc: 0.9850, train loss: 0.05203941, valid acc: 0.9621, valid loss: 0.14089252, test acc: 0.9316, test loss: 0.79008862
[2026-06-25 21:55:28,037][root][INFO] - Epoch: 40 | train acc: 0.9744, train loss: 0.09085100, valid acc: 0.9516, valid loss: 0.18338991, test acc: 0.9252, test loss: 1.27491918
[2026-06-25 21:55:28,402][root][INFO] - reg loss: 4.119156320259054, entropy loss: 0.10349436206792398, leaf dev: 0.15260744094848633
[2026-06-25 21:55:28,403][root][INFO] - Val leaf stats: tensor([5.6631e-01, 1.2140e-03, 1.4942e-03, 1.1207e-03, 1.7716e-01, 0.0000e+00,
        0.0000e+00, 4.6694e-04, 1.7744e-03, 0.0000e+00, 2.4440e-01, 4.6694e-04,
        2.3347e-03, 2.0545e-03, 7.4710e-04, 4.6694e-04])
[2026-06-25 21:55:28,724][root][INFO] - Epoch: 40 | train acc: 0.9687, train loss: 2.39129736, valid acc: 0.9519, valid loss: 0.17910144, test acc: 0.9239, test loss: 0.81096589
[2026-06-25 21:55:28,792][root][INFO] - reg loss: 5.396091163473785, entropy loss: 0.1429263042709815, leaf dev: 0.06973432004451752
[2026-06-25 21:55:28,793][root][INFO] - Val leaf stats: tensor([0.0097, 0.0012, 0.1779, 0.1873, 0.0793, 0.0026, 0.0005, 0.0615, 0.0015,
        0.0775, 0.1340, 0.1565, 0.0032, 0.0063, 0.1000, 0.0009])
[2026-06-25 21:55:29,632][root][INFO] - reg loss: 5.520907871306888, entropy loss: 0.18984973943107342, leaf dev: 0.05461540445685387
[2026-06-25 21:55:29,633][root][INFO] - Val leaf stats: tensor([0.0215, 0.0624, 0.0826, 0.0019, 0.0412, 0.0863, 0.0015, 0.0457, 0.0360,
        0.1333, 0.1208, 0.0402, 0.0646, 0.2055, 0.0006, 0.0560])
[2026-06-25 21:55:30,248][root][INFO] - reg loss: 4.5711581366402765, entropy loss: 0.10928568488390988, leaf dev: 0.1086236909031868
[2026-06-25 21:55:30,249][root][INFO] - Val leaf stats: tensor([2.8885e-01, 1.2084e-01, 5.3044e-02, 2.0545e-03, 9.9085e-02, 1.7370e-02,
        9.3388e-05, 8.3115e-03, 5.6033e-04, 9.9925e-03, 1.1207e-03, 2.1479e-03,
        1.9705e-02, 3.5721e-01, 9.3388e-04, 1.8678e-02])
[2026-06-25 21:55:30,565][root][INFO] - Epoch: 40 | train acc: 0.9742, train loss: 16.57034816, valid acc: 0.9615, valid loss: 0.14667488, test acc: 0.9325, test loss: 4.07302798
[2026-06-25 21:55:31,865][root][INFO] - reg loss: 4.119029070334459, entropy loss: 0.10998866356239118, leaf dev: 0.21025580167770386
[2026-06-25 21:55:31,866][root][INFO] - Val leaf stats: tensor([8.4722e-01, 2.8016e-04, 0.0000e+00, 1.4008e-03, 7.1629e-02, 9.3388e-05,
        3.8102e-02, 1.8678e-04, 3.7355e-04, 9.3388e-05, 3.5207e-02, 7.4710e-04,
        3.1752e-03, 2.8016e-04, 3.7355e-04, 8.4049e-04])
[2026-06-25 21:55:46,716][root][INFO] - Epoch: 41 | train acc: 0.9729, train loss: 0.09426787, valid acc: 0.9562, valid loss: 0.16241705, test acc: 0.9209, test loss: 0.90135789
[2026-06-25 21:55:48,298][root][INFO] - reg loss: 5.6096538563884755, entropy loss: 0.18855809629278839, leaf dev: 0.0673515647649765
[2026-06-25 21:55:48,299][root][INFO] - Val leaf stats: tensor([4.0624e-02, 1.8678e-04, 6.5092e-02, 2.1479e-03, 9.2361e-02, 1.7277e-02,
        5.4165e-03, 1.2140e-03, 7.4991e-02, 8.0220e-02, 1.5082e-01, 2.5672e-01,
        2.4468e-02, 2.2973e-02, 9.4135e-02, 7.1349e-02])
[2026-06-25 21:55:51,052][root][INFO] - Epoch: 40 | train acc: 0.9851, train loss: 4.38348975, valid acc: 0.9607, valid loss: 0.15395925, test acc: 0.9245, test loss: 0.76779406
[2026-06-25 21:55:52,295][root][INFO] - Epoch: 41 | train acc: 0.9545, train loss: 33.10060261, valid acc: 0.9357, valid loss: 0.22968493, test acc: 0.8977, test loss: 0.81272209
[2026-06-25 21:55:52,575][root][INFO] - reg loss: 4.328832068771281, entropy loss: 0.10441588933663394, leaf dev: 0.09665503352880478
[2026-06-25 21:55:52,576][root][INFO] - Val leaf stats: tensor([2.2198e-01, 7.8353e-02, 6.7239e-02, 9.3388e-04, 7.4617e-02, 1.6390e-01,
        6.1543e-02, 1.8678e-04, 2.4281e-03, 5.6033e-04, 9.3388e-05, 7.4710e-04,
        0.0000e+00, 3.2630e-01, 6.5372e-04, 4.6694e-04])
[2026-06-25 21:55:52,888][root][INFO] - Epoch: 41 | train acc: 0.9842, train loss: 0.05573843, valid acc: 0.9602, valid loss: 0.14744219, test acc: 0.9305, test loss: 0.76207062
[2026-06-25 21:55:53,335][root][INFO] - Epoch: 41 | train acc: 0.9768, train loss: 0.08170608, valid acc: 0.9495, valid loss: 0.18541385, test acc: 0.9219, test loss: 1.28210332
[2026-06-25 21:55:53,947][root][INFO] - reg loss: 4.118317778148349, entropy loss: 0.10252461633669636, leaf dev: 0.15239964425563812
[2026-06-25 21:55:53,948][root][INFO] - Val leaf stats: tensor([5.6528e-01, 1.3074e-03, 1.5876e-03, 1.3074e-03, 1.7762e-01, 0.0000e+00,
        0.0000e+00, 5.6033e-04, 1.5876e-03, 0.0000e+00, 2.4449e-01, 5.6033e-04,
        2.3347e-03, 1.9612e-03, 9.3388e-04, 4.6694e-04])
[2026-06-25 21:55:54,277][root][INFO] - Epoch: 41 | train acc: 0.9708, train loss: 2.38478790, valid acc: 0.9514, valid loss: 0.17686943, test acc: 0.9187, test loss: 0.83399617
[2026-06-25 21:55:54,727][root][INFO] - reg loss: 5.396663915543329, entropy loss: 0.1389781144403276, leaf dev: 0.07008050382137299
[2026-06-25 21:55:54,734][root][INFO] - Val leaf stats: tensor([0.0106, 0.0012, 0.1809, 0.1979, 0.0776, 0.0025, 0.0003, 0.0481, 0.0015,
        0.1064, 0.1327, 0.1315, 0.0031, 0.0065, 0.0978, 0.0015])
[2026-06-25 21:55:54,863][root][INFO] - reg loss: 5.47925642053917, entropy loss: 0.1897370962711869, leaf dev: 0.05509493127465248
[2026-06-25 21:55:54,864][root][INFO] - Val leaf stats: tensor([0.0201, 0.0600, 0.0759, 0.0027, 0.0417, 0.0837, 0.0017, 0.0428, 0.0346,
        0.1411, 0.1246, 0.0416, 0.0650, 0.2038, 0.0010, 0.0598])
[2026-06-25 21:55:55,963][root][INFO] - reg loss: 4.571192796898897, entropy loss: 0.1090598710709148, leaf dev: 0.10827769339084625
[2026-06-25 21:55:55,964][root][INFO] - Val leaf stats: tensor([2.9399e-01, 1.2458e-01, 5.2764e-02, 2.1479e-03, 9.6283e-02, 1.7557e-02,
        1.8678e-04, 8.1248e-03, 5.6033e-04, 9.7124e-03, 6.5372e-04, 2.2413e-03,
        1.9705e-02, 3.5086e-01, 9.3388e-04, 1.9705e-02])
[2026-06-25 21:55:56,006][root][INFO] - Epoch: 41 | train acc: 0.9746, train loss: 16.53004426, valid acc: 0.9615, valid loss: 0.14495294, test acc: 0.9324, test loss: 4.03928885
[2026-06-25 21:55:57,517][root][INFO] - reg loss: 4.109465831171268, entropy loss: 0.10903397762270832, leaf dev: 0.21099969744682312
[2026-06-25 21:55:57,518][root][INFO] - Val leaf stats: tensor([8.5011e-01, 3.7355e-04, 0.0000e+00, 1.4942e-03, 7.1629e-02, 9.3388e-05,
        3.7542e-02, 1.8678e-04, 3.7355e-04, 9.3388e-05, 3.2686e-02, 7.4710e-04,
        3.1752e-03, 2.8016e-04, 3.7355e-04, 8.4049e-04])
[2026-06-25 21:56:11,870][root][INFO] - Epoch: 42 | train acc: 0.9762, train loss: 0.08437581, valid acc: 0.9550, valid loss: 0.15831148, test acc: 0.9193, test loss: 0.93558633
[2026-06-25 21:56:13,137][root][INFO] - reg loss: 5.592690220585576, entropy loss: 0.18324059721023317, leaf dev: 0.07004842162132263
[2026-06-25 21:56:13,138][root][INFO] - Val leaf stats: tensor([0.0200, 0.0004, 0.0878, 0.0021, 0.0937, 0.0106, 0.0041, 0.0012, 0.0756,
        0.0792, 0.1558, 0.2627, 0.0288, 0.0210, 0.0885, 0.0686])
[2026-06-25 21:56:16,975][root][INFO] - Epoch: 41 | train acc: 0.9854, train loss: 4.38058512, valid acc: 0.9614, valid loss: 0.15209930, test acc: 0.9166, test loss: 0.75450099
[2026-06-25 21:56:17,934][root][INFO] - Epoch: 42 | train acc: 0.9552, train loss: 33.13233207, valid acc: 0.9362, valid loss: 0.23375543, test acc: 0.8908, test loss: 0.83675242
[2026-06-25 21:56:18,517][root][INFO] - reg loss: 4.328985060333575, entropy loss: 0.10329395615392262, leaf dev: 0.09908010065555573
[2026-06-25 21:56:18,519][root][INFO] - Val leaf stats: tensor([2.1507e-01, 7.5458e-02, 7.1535e-02, 8.4049e-04, 7.3963e-02, 1.5811e-01,
        5.4258e-02, 2.8016e-04, 2.1479e-03, 6.5372e-04, 4.6694e-04, 8.4049e-04,
        0.0000e+00, 3.4535e-01, 5.6033e-04, 4.6694e-04])
[2026-06-25 21:56:19,373][root][INFO] - Epoch: 42 | train acc: 0.9738, train loss: 0.09326421, valid acc: 0.9448, valid loss: 0.21281132, test acc: 0.9023, test loss: 1.41030183
[2026-06-25 21:56:19,381][root][INFO] - reg loss: 4.122717521808766, entropy loss: 0.10169121134218084, leaf dev: 0.15194693207740784
[2026-06-25 21:56:19,382][root][INFO] - Val leaf stats: tensor([5.6173e-01, 1.1207e-03, 1.4942e-03, 1.0273e-03, 1.7828e-01, 0.0000e+00,
        0.0000e+00, 6.5372e-04, 1.5876e-03, 0.0000e+00, 2.4795e-01, 6.5372e-04,
        2.3347e-03, 1.9612e-03, 7.4710e-04, 4.6694e-04])
[2026-06-25 21:56:19,721][root][INFO] - Epoch: 42 | train acc: 0.9847, train loss: 0.05227307, valid acc: 0.9617, valid loss: 0.13825020, test acc: 0.9301, test loss: 0.69851295
[2026-06-25 21:56:19,789][root][INFO] - Epoch: 42 | train acc: 0.9713, train loss: 2.37429748, valid acc: 0.9517, valid loss: 0.17504095, test acc: 0.9180, test loss: 0.86849047
[2026-06-25 21:56:20,937][root][INFO] - reg loss: 5.404364192296589, entropy loss: 0.19268032317123715, leaf dev: 0.05290323495864868
[2026-06-25 21:56:20,938][root][INFO] - Val leaf stats: tensor([0.0191, 0.0779, 0.0812, 0.0020, 0.0424, 0.1845, 0.0018, 0.0812, 0.0393,
        0.0636, 0.1349, 0.0452, 0.0549, 0.1380, 0.0005, 0.0337])
[2026-06-25 21:56:21,250][root][INFO] - reg loss: 4.5499661586902755, entropy loss: 0.10456122209628423, leaf dev: 0.108427993953228
[2026-06-25 21:56:21,251][root][INFO] - Val leaf stats: tensor([2.9763e-01, 1.2327e-01, 5.4352e-02, 1.6810e-03, 9.7591e-02, 1.9331e-02,
        1.8678e-04, 8.5917e-03, 6.5372e-04, 1.1020e-02, 1.4008e-03, 2.4281e-03,
        1.9518e-02, 3.4852e-01, 1.1207e-03, 1.2701e-02])
[2026-06-25 21:56:21,520][root][INFO] - reg loss: 5.2825508773642245, entropy loss: 0.13668676682565578, leaf dev: 0.06932463496923447
[2026-06-25 21:56:21,521][root][INFO] - Val leaf stats: tensor([0.0102, 0.0014, 0.1789, 0.1922, 0.0798, 0.0026, 0.0003, 0.0514, 0.0027,
        0.0904, 0.1359, 0.1404, 0.0029, 0.0097, 0.1003, 0.0009])
[2026-06-25 21:56:21,913][root][INFO] - Epoch: 42 | train acc: 0.9745, train loss: 16.51623797, valid acc: 0.9618, valid loss: 0.14424411, test acc: 0.9312, test loss: 4.07294407
[2026-06-25 21:56:23,334][root][INFO] - reg loss: 4.1059191542327715, entropy loss: 0.10832976368526934, leaf dev: 0.21102042496204376
[2026-06-25 21:56:23,335][root][INFO] - Val leaf stats: tensor([8.5021e-01, 2.8016e-04, 0.0000e+00, 1.4942e-03, 7.1442e-02, 1.8678e-04,
        3.7449e-02, 1.8678e-04, 3.7355e-04, 9.3388e-05, 3.2779e-02, 7.4710e-04,
        3.1752e-03, 4.6694e-04, 3.7355e-04, 7.4710e-04])
[2026-06-25 21:56:36,104][root][INFO] - Epoch: 43 | train acc: 0.9730, train loss: 0.09481801, valid acc: 0.9530, valid loss: 0.17458192, test acc: 0.9322, test loss: 0.98142019
[2026-06-25 21:56:37,548][root][INFO] - reg loss: 5.513778590651416, entropy loss: 0.17659397265583118, leaf dev: 0.0727958083152771
[2026-06-25 21:56:37,550][root][INFO] - Val leaf stats: tensor([1.9051e-02, 9.3388e-05, 9.9085e-02, 2.1479e-03, 8.5263e-02, 7.6578e-03,
        2.3347e-03, 1.4942e-03, 1.0740e-01, 8.0781e-02, 1.7277e-01, 2.5934e-01,
        2.3534e-02, 9.8058e-03, 5.2391e-02, 7.6858e-02])
[2026-06-25 21:56:42,837][root][INFO] - Epoch: 42 | train acc: 0.9861, train loss: 4.38011219, valid acc: 0.9614, valid loss: 0.15383603, test acc: 0.9236, test loss: 0.81176013
[2026-06-25 21:56:43,618][root][INFO] - Epoch: 43 | train acc: 0.9548, train loss: 33.08931435, valid acc: 0.9385, valid loss: 0.22425875, test acc: 0.9052, test loss: 0.80562783
[2026-06-25 21:56:44,517][root][INFO] - reg loss: 4.32967873729726, entropy loss: 0.09457448026332906, leaf dev: 0.09801303595304489
[2026-06-25 21:56:44,518][root][INFO] - Val leaf stats: tensor([2.2973e-01, 7.4804e-02, 7.2749e-02, 1.0273e-03, 7.2002e-02, 1.5530e-01,
        5.6687e-02, 2.8016e-04, 2.3347e-03, 6.5372e-04, 1.8678e-04, 8.4049e-04,
        0.0000e+00, 3.3227e-01, 5.6033e-04, 5.6033e-04])
[2026-06-25 21:56:44,616][root][INFO] - Epoch: 43 | train acc: 0.9710, train loss: 0.10087469, valid acc: 0.9499, valid loss: 0.19058447, test acc: 0.9257, test loss: 1.36546648
[2026-06-25 21:56:45,048][root][INFO] - reg loss: 4.117340034908718, entropy loss: 0.09990493598438445, leaf dev: 0.15243788063526154
[2026-06-25 21:56:45,049][root][INFO] - Val leaf stats: tensor([5.6565e-01, 1.3074e-03, 1.4008e-03, 1.2140e-03, 1.7846e-01, 0.0000e+00,
        0.0000e+00, 6.5372e-04, 1.4942e-03, 0.0000e+00, 2.4337e-01, 6.5372e-04,
        2.3347e-03, 2.1479e-03, 9.3388e-04, 3.7355e-04])
[2026-06-25 21:56:45,108][root][INFO] - Epoch: 43 | train acc: 0.9721, train loss: 2.37831883, valid acc: 0.9527, valid loss: 0.17661468, test acc: 0.9269, test loss: 0.81664899
[2026-06-25 21:56:45,850][root][INFO] - Epoch: 43 | train acc: 0.9856, train loss: 0.05066528, valid acc: 0.9628, valid loss: 0.13800726, test acc: 0.9225, test loss: 0.81604243
[2026-06-25 21:56:46,450][root][INFO] - reg loss: 5.4409336968073765, entropy loss: 0.19452913278940492, leaf dev: 0.04952273145318031
[2026-06-25 21:56:46,451][root][INFO] - Val leaf stats: tensor([0.0148, 0.0711, 0.0869, 0.0032, 0.0428, 0.1702, 0.0020, 0.0780, 0.0465,
        0.0737, 0.1361, 0.0592, 0.0516, 0.1262, 0.0006, 0.0374])
[2026-06-25 21:56:46,831][root][INFO] - reg loss: 4.562121928684295, entropy loss: 0.10024521693035408, leaf dev: 0.10680987685918808
[2026-06-25 21:56:46,832][root][INFO] - Val leaf stats: tensor([2.9623e-01, 1.3242e-01, 5.4072e-02, 2.0545e-03, 9.7030e-02, 2.0172e-02,
        1.8678e-04, 7.8446e-03, 9.3388e-04, 1.4195e-02, 1.4942e-03, 2.2413e-03,
        1.9612e-02, 3.3881e-01, 9.3388e-04, 1.1767e-02])
[2026-06-25 21:56:47,552][root][INFO] - reg loss: 5.29799096294181, entropy loss: 0.14217246911197742, leaf dev: 0.07099486887454987
[2026-06-25 21:56:47,553][root][INFO] - Val leaf stats: tensor([0.0020, 0.0015, 0.1290, 0.1916, 0.0907, 0.0039, 0.0003, 0.0352, 0.0029,
        0.0954, 0.1485, 0.1824, 0.0021, 0.0101, 0.1036, 0.0009])
[2026-06-25 21:56:47,729][root][INFO] - Epoch: 43 | train acc: 0.9748, train loss: 16.54824066, valid acc: 0.9597, valid loss: 0.17518114, test acc: 0.9296, test loss: 4.01208035
[2026-06-25 21:56:49,367][root][INFO] - reg loss: 4.11386623836699, entropy loss: 0.1076708750198127, leaf dev: 0.19846634566783905
[2026-06-25 21:56:49,368][root][INFO] - Val leaf stats: tensor([7.9978e-01, 2.8016e-04, 0.0000e+00, 1.4942e-03, 7.1349e-02, 8.4049e-04,
        3.4740e-02, 1.8678e-04, 4.6694e-04, 9.3388e-05, 8.5917e-02, 6.5372e-04,
        2.8950e-03, 5.6033e-04, 3.7355e-04, 3.7355e-04])
[2026-06-25 21:57:01,349][root][INFO] - Epoch: 44 | train acc: 0.9728, train loss: 0.09474931, valid acc: 0.9546, valid loss: 0.16519520, test acc: 0.9192, test loss: 1.04346703
[2026-06-25 21:57:02,872][root][INFO] - reg loss: 5.3440449351356145, entropy loss: 0.16533774925918177, leaf dev: 0.07684334367513657
[2026-06-25 21:57:02,873][root][INFO] - Val leaf stats: tensor([1.4569e-02, 1.8678e-04, 9.6096e-02, 2.4281e-03, 8.6384e-02, 9.6190e-03,
        3.4554e-03, 1.3074e-03, 9.0773e-02, 6.7987e-02, 1.6539e-01, 2.8969e-01,
        2.5588e-02, 1.1393e-02, 6.6773e-02, 6.8360e-02])
[2026-06-25 21:57:08,389][root][INFO] - Epoch: 44 | train acc: 0.9555, train loss: 33.08910628, valid acc: 0.9382, valid loss: 0.23689005, test acc: 0.8943, test loss: 0.83583182
[2026-06-25 21:57:08,990][root][INFO] - Epoch: 43 | train acc: 0.9869, train loss: 4.35775430, valid acc: 0.9622, valid loss: 0.15469596, test acc: 0.9235, test loss: 0.85029563
[2026-06-25 21:57:09,845][root][INFO] - reg loss: 4.117507785716385, entropy loss: 0.09799143443347286, leaf dev: 0.15137088298797607
[2026-06-25 21:57:09,846][root][INFO] - Val leaf stats: tensor([5.5781e-01, 1.2140e-03, 1.4008e-03, 1.4942e-03, 1.7734e-01, 2.8016e-04,
        0.0000e+00, 5.6033e-04, 1.4942e-03, 0.0000e+00, 2.5215e-01, 7.4710e-04,
        2.2413e-03, 1.9612e-03, 9.3388e-04, 3.7355e-04])
[2026-06-25 21:57:10,146][root][INFO] - Epoch: 44 | train acc: 0.9680, train loss: 0.11246462, valid acc: 0.9517, valid loss: 0.18465605, test acc: 0.9259, test loss: 1.33801920
[2026-06-25 21:57:10,646][root][INFO] - Epoch: 44 | train acc: 0.9728, train loss: 2.38242578, valid acc: 0.9560, valid loss: 0.17337264, test acc: 0.9271, test loss: 1.20942522
[2026-06-25 21:57:10,798][root][INFO] - reg loss: 4.310953432920749, entropy loss: 0.0920277415286927, leaf dev: 0.09628906100988388
[2026-06-25 21:57:10,799][root][INFO] - Val leaf stats: tensor([2.4001e-01, 6.9761e-02, 7.5458e-02, 9.3388e-04, 7.1909e-02, 1.5829e-01,
        6.3317e-02, 2.8016e-04, 2.3347e-03, 6.5372e-04, 2.8016e-04, 8.4049e-04,
        0.0000e+00, 3.1490e-01, 5.6033e-04, 4.6694e-04])
[2026-06-25 21:57:11,387][root][INFO] - Epoch: 44 | train acc: 0.9826, train loss: 0.06095366, valid acc: 0.9605, valid loss: 0.14360909, test acc: 0.9260, test loss: 0.70998387
[2026-06-25 21:57:11,933][root][INFO] - reg loss: 5.872050242449241, entropy loss: 0.20120227013630843, leaf dev: 0.03979170694947243
[2026-06-25 21:57:11,934][root][INFO] - Val leaf stats: tensor([0.0661, 0.0925, 0.0860, 0.0087, 0.0437, 0.0753, 0.0035, 0.0740, 0.0609,
        0.1311, 0.1302, 0.0465, 0.0470, 0.0952, 0.0005, 0.0388])
[2026-06-25 21:57:12,335][root][INFO] - reg loss: 4.578205287771881, entropy loss: 0.09842965223644146, leaf dev: 0.10532553493976593
[2026-06-25 21:57:12,344][root][INFO] - Val leaf stats: tensor([3.1761e-01, 1.3224e-01, 5.2578e-02, 2.7083e-03, 9.7217e-02, 2.7736e-02,
        1.8678e-04, 7.7512e-03, 8.4049e-04, 1.2701e-02, 1.4942e-03, 2.5215e-03,
        1.9705e-02, 3.1108e-01, 1.1207e-03, 1.2514e-02])
[2026-06-25 21:57:13,012][root][INFO] - reg loss: 5.304316548443345, entropy loss: 0.1365743080774943, leaf dev: 0.07558000087738037
[2026-06-25 21:57:13,013][root][INFO] - Val leaf stats: tensor([0.0014, 0.0011, 0.2444, 0.0811, 0.0799, 0.0038, 0.0003, 0.0490, 0.0038,
        0.0886, 0.1838, 0.1399, 0.0021, 0.0116, 0.1082, 0.0009])
[2026-06-25 21:57:13,430][root][INFO] - Epoch: 44 | train acc: 0.9745, train loss: 16.75388766, valid acc: 0.9616, valid loss: 0.14912142, test acc: 0.9328, test loss: 3.95955667
[2026-06-25 21:57:14,986][root][INFO] - reg loss: 4.164641751183404, entropy loss: 0.10956291870149985, leaf dev: 0.20245619118213654
[2026-06-25 21:57:14,988][root][INFO] - Val leaf stats: tensor([8.1621e-01, 2.8016e-04, 0.0000e+00, 1.4942e-03, 7.1442e-02, 7.4710e-04,
        3.5114e-02, 1.8678e-04, 1.8678e-04, 1.8678e-04, 6.9107e-02, 6.5372e-04,
        2.8950e-03, 6.5372e-04, 3.7355e-04, 4.6694e-04])
[2026-06-25 21:57:25,956][root][INFO] - Epoch: 45 | train acc: 0.9755, train loss: 0.08676964, valid acc: 0.9460, valid loss: 0.18833791, test acc: 0.9053, test loss: 1.11421073
[2026-06-25 21:57:27,281][root][INFO] - reg loss: 5.399312233798718, entropy loss: 0.16641571463415863, leaf dev: 0.06936241686344147
[2026-06-25 21:57:27,282][root][INFO] - Val leaf stats: tensor([1.5222e-02, 1.8678e-04, 9.5069e-02, 2.7083e-03, 8.5077e-02, 9.5256e-03,
        4.2025e-03, 1.3074e-03, 8.3676e-02, 4.8749e-02, 1.5811e-01, 2.5654e-01,
        4.5200e-02, 1.8678e-02, 9.0867e-02, 8.4890e-02])
[2026-06-25 21:57:33,972][root][INFO] - Epoch: 45 | train acc: 0.9559, train loss: 33.10030981, valid acc: 0.9381, valid loss: 0.23872361, test acc: 0.8834, test loss: 0.89411075
[2026-06-25 21:57:34,704][root][INFO] - Epoch: 44 | train acc: 0.9881, train loss: 4.35274644, valid acc: 0.9620, valid loss: 0.15315790, test acc: 0.9243, test loss: 0.87556489
[2026-06-25 21:57:35,524][root][INFO] - reg loss: 4.118959484907685, entropy loss: 0.09671731647990998, leaf dev: 0.1522815078496933
[2026-06-25 21:57:35,525][root][INFO] - Val leaf stats: tensor([5.6528e-01, 1.9612e-03, 1.4008e-03, 1.7744e-03, 1.7333e-01, 5.6033e-04,
        0.0000e+00, 6.5372e-04, 1.5876e-03, 0.0000e+00, 2.4645e-01, 1.3074e-03,
        2.2413e-03, 2.0545e-03, 1.0273e-03, 3.7355e-04])
[2026-06-25 21:57:35,597][root][INFO] - Epoch: 45 | train acc: 0.9745, train loss: 0.08802045, valid acc: 0.9531, valid loss: 0.17888273, test acc: 0.9246, test loss: 1.35354629
[2026-06-25 21:57:36,221][root][INFO] - reg loss: 4.308937675738461, entropy loss: 0.09021448623881768, leaf dev: 0.09566909074783325
[2026-06-25 21:57:36,222][root][INFO] - Val leaf stats: tensor([2.3282e-01, 7.4430e-02, 7.7886e-02, 8.4049e-04, 7.1909e-02, 1.5923e-01,
        6.1730e-02, 2.8016e-04, 2.4281e-03, 6.5372e-04, 2.8016e-04, 8.4049e-04,
        9.3388e-05, 3.1565e-01, 4.6694e-04, 4.6694e-04])
[2026-06-25 21:57:36,354][root][INFO] - Epoch: 45 | train acc: 0.9724, train loss: 2.36036934, valid acc: 0.9518, valid loss: 0.18012829, test acc: 0.9184, test loss: 1.27962981
[2026-06-25 21:57:37,249][root][INFO] - reg loss: 5.832232906704857, entropy loss: 0.2039853660833268, leaf dev: 0.04357109218835831
[2026-06-25 21:57:37,250][root][INFO] - Val leaf stats: tensor([0.0597, 0.0523, 0.0826, 0.0055, 0.0456, 0.0787, 0.0033, 0.0643, 0.0524,
        0.1375, 0.1367, 0.0423, 0.0579, 0.1329, 0.0007, 0.0476])
[2026-06-25 21:57:37,608][root][INFO] - Epoch: 45 | train acc: 0.9735, train loss: 0.09147857, valid acc: 0.9545, valid loss: 0.17239087, test acc: 0.9107, test loss: 1.41070273
[2026-06-25 21:57:37,907][root][INFO] - reg loss: 4.532329460931202, entropy loss: 0.09719406403404064, leaf dev: 0.11165068298578262
[2026-06-25 21:57:37,908][root][INFO] - Val leaf stats: tensor([3.6459e-01, 1.2757e-01, 5.9862e-02, 3.4554e-03, 9.0026e-02, 7.9380e-03,
        1.8678e-04, 3.8289e-03, 8.4049e-04, 8.3115e-03, 2.8016e-04, 2.6149e-03,
        2.0078e-02, 2.9641e-01, 9.3388e-04, 1.3074e-02])
[2026-06-25 21:57:39,137][root][INFO] - Epoch: 45 | train acc: 0.9760, train loss: 16.65580906, valid acc: 0.9618, valid loss: 0.15167218, test acc: 0.9311, test loss: 3.86931051
[2026-06-25 21:57:39,152][root][INFO] - reg loss: 5.2914889249852095, entropy loss: 0.13132119383761492, leaf dev: 0.07129049301147461
[2026-06-25 21:57:39,154][root][INFO] - Val leaf stats: tensor([0.0068, 0.0030, 0.1196, 0.1169, 0.0622, 0.0029, 0.0002, 0.0296, 0.0036,
        0.1671, 0.1745, 0.1834, 0.0015, 0.0104, 0.1175, 0.0007])
[2026-06-25 21:57:40,790][root][INFO] - reg loss: 4.1419532084591175, entropy loss: 0.10796696448294574, leaf dev: 0.20532403886318207
[2026-06-25 21:57:40,791][root][INFO] - Val leaf stats: tensor([8.2789e-01, 2.8016e-04, 0.0000e+00, 2.3347e-03, 7.1255e-02, 3.7355e-04,
        3.6515e-02, 1.8678e-04, 3.7355e-04, 9.3388e-05, 5.5192e-02, 6.5372e-04,
        3.2686e-03, 6.5372e-04, 3.7355e-04, 5.6033e-04])
[2026-06-25 21:57:50,684][root][INFO] - Epoch: 46 | train acc: 0.9752, train loss: 0.08859170, valid acc: 0.9557, valid loss: 0.16451814, test acc: 0.9210, test loss: 1.08519663
[2026-06-25 21:57:52,185][root][INFO] - reg loss: 5.442147534991068, entropy loss: 0.17289681330559745, leaf dev: 0.067528136074543
[2026-06-25 21:57:52,186][root][INFO] - Val leaf stats: tensor([0.0150, 0.0005, 0.0873, 0.0028, 0.0867, 0.0147, 0.0049, 0.0011, 0.0756,
        0.0643, 0.1580, 0.2475, 0.0369, 0.0176, 0.0888, 0.0983])
[2026-06-25 21:57:58,810][root][INFO] - Epoch: 46 | train acc: 0.9554, train loss: 33.14446329, valid acc: 0.9367, valid loss: 0.23450501, test acc: 0.9032, test loss: 0.85257071
[2026-06-25 21:58:00,069][root][INFO] - Epoch: 45 | train acc: 0.9884, train loss: 4.34700488, valid acc: 0.9618, valid loss: 0.15517326, test acc: 0.9249, test loss: 0.89834360
[2026-06-25 21:58:00,214][root][INFO] - reg loss: 4.1243067065244, entropy loss: 0.0953840922820505, leaf dev: 0.14719918370246887
[2026-06-25 21:58:00,216][root][INFO] - Val leaf stats: tensor([5.3203e-01, 7.4710e-04, 1.4008e-03, 8.4049e-04, 2.0938e-01, 4.6694e-04,
        0.0000e+00, 8.4049e-04, 1.4942e-03, 0.0000e+00, 2.4617e-01, 1.2140e-03,
        2.2413e-03, 1.7744e-03, 1.0273e-03, 3.7355e-04])
[2026-06-25 21:58:00,980][root][INFO] - Epoch: 46 | train acc: 0.9780, train loss: 0.07690687, valid acc: 0.9562, valid loss: 0.17512942, test acc: 0.9252, test loss: 1.32861812
[2026-06-25 21:58:01,661][root][INFO] - reg loss: 4.304836086495213, entropy loss: 0.08883496988860387, leaf dev: 0.0953407734632492
[2026-06-25 21:58:01,662][root][INFO] - Val leaf stats: tensor([2.3310e-01, 7.9847e-02, 7.5177e-02, 8.4049e-04, 7.1909e-02, 1.5727e-01,
        6.2290e-02, 2.8016e-04, 2.4281e-03, 6.5372e-04, 1.8678e-04, 8.4049e-04,
        9.3388e-05, 3.1416e-01, 4.6694e-04, 4.6694e-04])
[2026-06-25 21:58:01,810][root][INFO] - Epoch: 46 | train acc: 0.9713, train loss: 2.32655958, valid acc: 0.9540, valid loss: 0.18412812, test acc: 0.9270, test loss: 1.28442087
[2026-06-25 21:58:02,622][root][INFO] - reg loss: 5.639146968801185, entropy loss: 0.20177208044856945, leaf dev: 0.04370144382119179
[2026-06-25 21:58:02,623][root][INFO] - Val leaf stats: tensor([0.0402, 0.0654, 0.0810, 0.0055, 0.0404, 0.0853, 0.0026, 0.0642, 0.0544,
        0.1384, 0.1364, 0.0505, 0.0552, 0.1297, 0.0009, 0.0500])
[2026-06-25 21:58:03,203][root][INFO] - reg loss: 4.456230438575543, entropy loss: 0.09643226475627334, leaf dev: 0.11068297177553177
[2026-06-25 21:58:03,204][root][INFO] - Val leaf stats: tensor([0.3635, 0.1255, 0.0583, 0.0049, 0.0924, 0.0086, 0.0007, 0.0052, 0.0008,
        0.0106, 0.0004, 0.0024, 0.0200, 0.2927, 0.0011, 0.0129])
[2026-06-25 21:58:04,039][root][INFO] - Epoch: 46 | train acc: 0.9767, train loss: 0.08144569, valid acc: 0.9588, valid loss: 0.15595026, test acc: 0.9140, test loss: 1.20130488
[2026-06-25 21:58:05,119][root][INFO] - Epoch: 46 | train acc: 0.9764, train loss: 16.60701919, valid acc: 0.9617, valid loss: 0.14727445, test acc: 0.9322, test loss: 3.88798782
[2026-06-25 21:58:05,828][root][INFO] - reg loss: 5.328529476488709, entropy loss: 0.1326707441497732, leaf dev: 0.07128992676734924
[2026-06-25 21:58:05,829][root][INFO] - Val leaf stats: tensor([7.0041e-03, 2.8016e-03, 1.2906e-01, 1.0768e-01, 6.8920e-02, 3.1752e-03,
        1.8678e-04, 3.2686e-02, 3.9223e-03, 1.5605e-01, 1.5736e-01, 2.0247e-01,
        1.6810e-03, 4.7628e-03, 1.2019e-01, 2.0545e-03])
[2026-06-25 21:58:06,802][root][INFO] - reg loss: 4.130036823333255, entropy loss: 0.10465847200186795, leaf dev: 0.20616334676742554
[2026-06-25 21:58:06,803][root][INFO] - Val leaf stats: tensor([8.3115e-01, 2.8016e-04, 0.0000e+00, 1.5876e-03, 7.1442e-02, 3.7355e-04,
        3.6328e-02, 1.8678e-04, 2.8016e-04, 0.0000e+00, 5.2858e-02, 6.5372e-04,
        3.2686e-03, 6.5372e-04, 3.7355e-04, 5.6033e-04])
[2026-06-25 21:58:15,500][root][INFO] - Epoch: 47 | train acc: 0.9761, train loss: 0.08404258, valid acc: 0.9515, valid loss: 0.18267238, test acc: 0.9200, test loss: 1.05760265
[2026-06-25 21:58:16,921][root][INFO] - reg loss: 5.400769082326738, entropy loss: 0.17598312194385227, leaf dev: 0.06737753003835678
[2026-06-25 21:58:16,922][root][INFO] - Val leaf stats: tensor([0.0143, 0.0005, 0.0823, 0.0051, 0.0851, 0.0150, 0.0125, 0.0011, 0.0721,
        0.0604, 0.1632, 0.2451, 0.0558, 0.0015, 0.0956, 0.0904])
[2026-06-25 21:58:22,939][root][INFO] - Epoch: 47 | train acc: 0.9557, train loss: 33.16727896, valid acc: 0.9345, valid loss: 0.59470486, test acc: 0.8992, test loss: 0.98084692
[2026-06-25 21:58:24,505][root][INFO] - reg loss: 4.127238210546907, entropy loss: 0.09339904359408788, leaf dev: 0.15029676258563995
[2026-06-25 21:58:24,506][root][INFO] - Val leaf stats: tensor([5.5706e-01, 1.4942e-03, 6.4438e-03, 4.2959e-03, 1.7641e-01, 2.8016e-04,
        0.0000e+00, 6.5372e-04, 1.7744e-03, 0.0000e+00, 2.4458e-01, 1.0273e-03,
        2.3347e-03, 2.4281e-03, 8.4049e-04, 3.7355e-04])
[2026-06-25 21:58:25,913][root][INFO] - Epoch: 46 | train acc: 0.9888, train loss: 4.33935885, valid acc: 0.9615, valid loss: 0.15611369, test acc: 0.9255, test loss: 0.90087616
[2026-06-25 21:58:26,328][root][INFO] - Epoch: 47 | train acc: 0.9726, train loss: 2.32685524, valid acc: 0.9557, valid loss: 0.16869021, test acc: 0.9201, test loss: 1.33279501
[2026-06-25 21:58:26,436][root][INFO] - Epoch: 47 | train acc: 0.9788, train loss: 0.07192120, valid acc: 0.9543, valid loss: 0.17676379, test acc: 0.9279, test loss: 1.47608565
[2026-06-25 21:58:27,743][root][INFO] - reg loss: 4.2991257470751565, entropy loss: 0.08719543403103239, leaf dev: 0.09501859545707703
[2026-06-25 21:58:27,744][root][INFO] - Val leaf stats: tensor([2.3767e-01, 7.5831e-02, 7.4804e-02, 8.4049e-04, 7.2096e-02, 1.6147e-01,
        6.4251e-02, 2.8016e-04, 2.3347e-03, 6.5372e-04, 1.8678e-04, 8.4049e-04,
        0.0000e+00, 3.0771e-01, 4.6694e-04, 5.6033e-04])
[2026-06-25 21:58:27,843][root][INFO] - reg loss: 5.543133266388424, entropy loss: 0.19962956484348054, leaf dev: 0.04669990763068199
[2026-06-25 21:58:27,844][root][INFO] - Val leaf stats: tensor([0.0194, 0.0619, 0.0835, 0.0026, 0.0409, 0.0952, 0.0036, 0.0479, 0.0749,
        0.1202, 0.1355, 0.0454, 0.0565, 0.1555, 0.0009, 0.0560])
[2026-06-25 21:58:27,898][root][INFO] - reg loss: 4.461778665976549, entropy loss: 0.09548389229667249, leaf dev: 0.11129049211740494
[2026-06-25 21:58:27,899][root][INFO] - Val leaf stats: tensor([0.3706, 0.1261, 0.0522, 0.0031, 0.0919, 0.0123, 0.0007, 0.0063, 0.0008,
        0.0110, 0.0004, 0.0024, 0.0200, 0.2881, 0.0011, 0.0130])
[2026-06-25 21:58:30,408][root][INFO] - Epoch: 47 | train acc: 0.9815, train loss: 0.06337835, valid acc: 0.9574, valid loss: 0.15815958, test acc: 0.9086, test loss: 1.19106192
[2026-06-25 21:58:30,950][root][INFO] - Epoch: 47 | train acc: 0.9762, train loss: 16.58052013, valid acc: 0.9631, valid loss: 0.14538967, test acc: 0.9332, test loss: 4.41832227
[2026-06-25 21:58:32,070][root][INFO] - reg loss: 5.284285709340736, entropy loss: 0.12832991112634617, leaf dev: 0.0732528567314148
[2026-06-25 21:58:32,071][root][INFO] - Val leaf stats: tensor([1.4662e-02, 2.8950e-03, 1.7996e-01, 6.3224e-02, 7.1722e-02, 3.1752e-03,
        1.8678e-04, 3.4834e-02, 3.6421e-03, 1.3849e-01, 1.5558e-01, 2.0984e-01,
        1.8678e-03, 6.0702e-03, 1.1197e-01, 1.8678e-03])
[2026-06-25 21:58:32,666][root][INFO] - reg loss: 4.123640348040868, entropy loss: 0.103114719192187, leaf dev: 0.20655374228954315
[2026-06-25 21:58:32,667][root][INFO] - Val leaf stats: tensor([8.3274e-01, 3.7355e-04, 0.0000e+00, 1.4942e-03, 7.1162e-02, 3.7355e-04,
        3.7729e-02, 1.8678e-04, 3.7355e-04, 0.0000e+00, 5.0056e-02, 6.5372e-04,
        3.2686e-03, 6.5372e-04, 3.7355e-04, 5.6033e-04])
[2026-06-25 21:58:40,590][root][INFO] - Epoch: 48 | train acc: 0.9744, train loss: 0.08950308, valid acc: 0.9380, valid loss: 0.23961829, test acc: 0.9125, test loss: 1.21129906
[2026-06-25 21:58:42,059][root][INFO] - reg loss: 5.36819274841793, entropy loss: 0.16591374733776013, leaf dev: 0.06414267420768738
[2026-06-25 21:58:42,060][root][INFO] - Val leaf stats: tensor([0.0081, 0.0005, 0.0428, 0.0036, 0.1232, 0.0247, 0.0078, 0.0011, 0.0663,
        0.0645, 0.0660, 0.1904, 0.1136, 0.0015, 0.1848, 0.1011])
[2026-06-25 21:58:47,733][root][INFO] - Epoch: 48 | train acc: 0.9559, train loss: 33.06928556, valid acc: 0.9343, valid loss: 0.23740377, test acc: 0.9053, test loss: 0.87150962
[2026-06-25 21:58:49,258][root][INFO] - reg loss: 4.114179232763866, entropy loss: 0.09079845454642381, leaf dev: 0.1512410044670105
[2026-06-25 21:58:49,259][root][INFO] - Val leaf stats: tensor([5.5809e-01, 1.6810e-03, 1.4942e-03, 4.6694e-04, 1.8285e-01, 6.5372e-04,
        0.0000e+00, 7.4710e-04, 1.4942e-03, 0.0000e+00, 2.4636e-01, 1.1207e-03,
        2.4281e-03, 1.1207e-03, 1.1207e-03, 3.7355e-04])
[2026-06-25 21:58:51,791][root][INFO] - Epoch: 48 | train acc: 0.9727, train loss: 0.09551924, valid acc: 0.9460, valid loss: 0.21876500, test acc: 0.9167, test loss: 1.52657442
[2026-06-25 21:58:52,228][root][INFO] - Epoch: 47 | train acc: 0.9885, train loss: 4.33990260, valid acc: 0.9600, valid loss: 0.16188999, test acc: 0.9239, test loss: 0.95064006
[2026-06-25 21:58:52,274][root][INFO] - Epoch: 48 | train acc: 0.9715, train loss: 2.35181448, valid acc: 0.9543, valid loss: 0.17374798, test acc: 0.9197, test loss: 1.40256758
[2026-06-25 21:58:53,491][root][INFO] - reg loss: 5.218204513428703, entropy loss: 0.19451380036179983, leaf dev: 0.051646389067173004
[2026-06-25 21:58:53,492][root][INFO] - Val leaf stats: tensor([0.0232, 0.1020, 0.0895, 0.0015, 0.0420, 0.1702, 0.0021, 0.0487, 0.0516,
        0.0722, 0.1370, 0.0404, 0.0530, 0.1358, 0.0006, 0.0304])
[2026-06-25 21:58:54,166][root][INFO] - reg loss: 4.297886790421905, entropy loss: 0.08624721271178079, leaf dev: 0.0935935378074646
[2026-06-25 21:58:54,167][root][INFO] - Val leaf stats: tensor([2.2208e-01, 8.9839e-02, 7.5925e-02, 8.4049e-04, 7.2096e-02, 1.6044e-01,
        6.4251e-02, 2.8016e-04, 2.3347e-03, 6.5372e-04, 9.3388e-05, 8.4049e-04,
        9.3388e-05, 3.0930e-01, 4.6694e-04, 4.6694e-04])
[2026-06-25 21:58:54,244][root][INFO] - reg loss: 4.5116108561319015, entropy loss: 0.10093351118463688, leaf dev: 0.1069307029247284
[2026-06-25 21:58:54,245][root][INFO] - Val leaf stats: tensor([0.3448, 0.1429, 0.0559, 0.0052, 0.0952, 0.0126, 0.0005, 0.0065, 0.0008,
        0.0130, 0.0004, 0.0023, 0.0200, 0.2856, 0.0012, 0.0131])
[2026-06-25 21:58:56,233][root][INFO] - Epoch: 48 | train acc: 0.9817, train loss: 0.06234161, valid acc: 0.9551, valid loss: 0.18028564, test acc: 0.9057, test loss: 1.46409252
[2026-06-25 21:58:57,656][root][INFO] - Epoch: 48 | train acc: 0.9758, train loss: 16.66041903, valid acc: 0.9617, valid loss: 0.15338626, test acc: 0.9298, test loss: 4.05795807
[2026-06-25 21:58:58,179][root][INFO] - reg loss: 5.259714494937311, entropy loss: 0.1252166063145355, leaf dev: 0.07146474719047546
[2026-06-25 21:58:58,180][root][INFO] - Val leaf stats: tensor([0.0148, 0.0029, 0.1723, 0.0696, 0.0741, 0.0033, 0.0003, 0.0381, 0.0034,
        0.0993, 0.1365, 0.1776, 0.0019, 0.0106, 0.1929, 0.0025])
[2026-06-25 21:58:59,395][root][INFO] - reg loss: 4.142987337061967, entropy loss: 0.10302495672589257, leaf dev: 0.19818012416362762
[2026-06-25 21:58:59,396][root][INFO] - Val leaf stats: tensor([7.9875e-01, 4.6694e-04, 0.0000e+00, 1.1207e-03, 7.1068e-02, 6.5372e-04,
        3.6888e-02, 1.8678e-04, 4.6694e-04, 0.0000e+00, 8.4890e-02, 6.5372e-04,
        3.0818e-03, 9.3388e-04, 3.7355e-04, 4.6694e-04])
[2026-06-25 21:59:05,468][root][INFO] - Epoch: 49 | train acc: 0.9717, train loss: 0.10142413, valid acc: 0.9496, valid loss: 0.17850082, test acc: 0.9215, test loss: 1.16787633
[2026-06-25 21:59:07,014][root][INFO] - reg loss: 5.450694134626439, entropy loss: 0.16696010356542296, leaf dev: 0.06951869279146194
[2026-06-25 21:59:07,014][root][INFO] - Val leaf stats: tensor([0.0085, 0.0003, 0.0589, 0.0030, 0.1050, 0.0165, 0.0061, 0.0012, 0.0786,
        0.0766, 0.2475, 0.1716, 0.0550, 0.0051, 0.0670, 0.0991])
[2026-06-25 21:59:08,349][root][INFO] - Val leaf stats: tensor([0.0085, 0.0003, 0.0589, 0.0030, 0.1050, 0.0165, 0.0061, 0.0012, 0.0786,
        0.0766, 0.2475, 0.1716, 0.0550, 0.0051, 0.0670, 0.0991])
[2026-06-25 21:59:11,501][root][INFO] - Test leaf std: 0.07778533548116684, Val leaf std: 0.06951869279146194
[2026-06-25 21:59:11,524][root][INFO] - Epoch: 49 | train acc: 0.9558, train loss: 33.03864696, valid acc: 0.9370, valid loss: 0.22830252, test acc: 0.8998, test loss: 0.94765044
[2026-06-25 21:59:13,220][root][INFO] - reg loss: 4.111315987097523, entropy loss: 0.08960153056042534, leaf dev: 0.151380255818367
[2026-06-25 21:59:13,221][root][INFO] - Val leaf stats: tensor([5.5911e-01, 2.0545e-03, 1.4942e-03, 7.4710e-04, 1.7977e-01, 3.7355e-04,
        0.0000e+00, 8.4049e-04, 1.4942e-03, 9.3388e-05, 2.4757e-01, 9.3388e-04,
        2.3347e-03, 1.6810e-03, 1.1207e-03, 3.7355e-04])
[2026-06-25 21:59:14,512][root][INFO] - Val leaf stats: tensor([5.5911e-01, 2.0545e-03, 1.4942e-03, 7.4710e-04, 1.7977e-01, 3.7355e-04,
        0.0000e+00, 8.4049e-04, 1.4942e-03, 9.3388e-05, 2.4757e-01, 9.3388e-04,
        2.3347e-03, 1.6810e-03, 1.1207e-03, 3.7355e-04])
[2026-06-25 21:59:14,838][root][INFO] - FINAL TEST | acc: 0.9215, loss: 1.1679, 
[2026-06-25 21:59:14,922][root][INFO] - MLFlow run ID: b7aac4529f38487e91a417fa84bb2cde, status: FINISHED
[2026-06-25 21:59:15,504][root][INFO] - Epoch: 49 | train acc: 0.9747, train loss: 0.08831513, valid acc: 0.9516, valid loss: 0.18166651, test acc: 0.9212, test loss: 1.52482424
[2026-06-25 21:59:16,251][root][INFO] - Epoch: 49 | train acc: 0.9742, train loss: 2.34220936, valid acc: 0.9541, valid loss: 0.17223901, test acc: 0.9140, test loss: 1.45383867
[2026-06-25 21:59:16,703][root][INFO] - Epoch: 48 | train acc: 0.9886, train loss: 4.33597699, valid acc: 0.9625, valid loss: 0.15486209, test acc: 0.9251, test loss: 0.97170249
[2026-06-25 21:59:16,777][root][INFO] - reg loss: 5.19322237135872, entropy loss: 0.19137999998829353, leaf dev: 0.051902297884225845
[2026-06-25 21:59:16,778][root][INFO] - Val leaf stats: tensor([0.0166, 0.0867, 0.0831, 0.0019, 0.0527, 0.1660, 0.0020, 0.0495, 0.0333,
        0.0855, 0.1412, 0.0503, 0.0449, 0.1441, 0.0006, 0.0416])
[2026-06-25 21:59:17,239][root][INFO] - Test leaf std: 0.1419488787651062, Val leaf std: 0.151380255818367
[2026-06-25 21:59:17,672][root][INFO] - reg loss: 4.507329754097752, entropy loss: 0.10250601771647337, leaf dev: 0.10624227672815323
[2026-06-25 21:59:17,673][root][INFO] - Val leaf stats: tensor([3.4031e-01, 1.3616e-01, 5.3885e-02, 3.5487e-03, 1.0077e-01, 1.7277e-02,
        2.8016e-04, 7.6578e-03, 7.4710e-04, 1.3074e-02, 5.6033e-04, 2.3347e-03,
        1.9985e-02, 2.8857e-01, 1.2140e-03, 1.3635e-02])
[2026-06-25 21:59:18,249][root][INFO] - Val leaf stats: tensor([0.0166, 0.0867, 0.0831, 0.0019, 0.0527, 0.1660, 0.0020, 0.0495, 0.0333,
        0.0855, 0.1412, 0.0503, 0.0449, 0.1441, 0.0006, 0.0416])
[2026-06-25 21:59:18,286][root][INFO] - reg loss: 4.295068094970057, entropy loss: 0.08500242576239601, leaf dev: 0.09342803806066513
[2026-06-25 21:59:18,288][root][INFO] - Val leaf stats: tensor([2.2376e-01, 9.1334e-02, 7.3870e-02, 9.3388e-04, 7.2282e-02, 1.6063e-01,
        6.4718e-02, 2.8016e-04, 2.3347e-03, 6.5372e-04, 9.3388e-05, 8.4049e-04,
        9.3388e-05, 3.0715e-01, 4.6694e-04, 5.6033e-04])
[2026-06-25 21:59:19,303][root][INFO] - Val leaf stats: tensor([3.4031e-01, 1.3616e-01, 5.3885e-02, 3.5487e-03, 1.0077e-01, 1.7277e-02,
        2.8016e-04, 7.6578e-03, 7.4710e-04, 1.3074e-02, 5.6033e-04, 2.3347e-03,
        1.9985e-02, 2.8857e-01, 1.2140e-03, 1.3635e-02])
[2026-06-25 21:59:20,472][root][INFO] - FINAL TEST | acc: 0.8998, loss: 0.9477, 
[2026-06-25 21:59:20,519][root][INFO] - Epoch: 49 | train acc: 0.9768, train loss: 16.67348879, valid acc: 0.9602, valid loss: 0.16227568, test acc: 0.9308, test loss: 3.99489106
[2026-06-25 21:59:20,537][root][INFO] - MLFlow run ID: 69b77e8c4eff47c59fc49b57d9776132, status: FINISHED
[2026-06-25 21:59:21,021][root][INFO] - Epoch: 49 | train acc: 0.9794, train loss: 0.07085949, valid acc: 0.9601, valid loss: 0.16098012, test acc: 0.9143, test loss: 1.29920924
[2026-06-25 21:59:21,077][root][INFO] - Test leaf std: 0.05997008830308914, Val leaf std: 0.051902297884225845
[2026-06-25 21:59:21,737][root][INFO] - reg loss: 4.147080212043076, entropy loss: 0.10199575000023715, leaf dev: 0.20108209550380707
[2026-06-25 21:59:21,738][root][INFO] - Val leaf stats: tensor([8.1070e-01, 4.6694e-04, 0.0000e+00, 1.2140e-03, 7.0975e-02, 5.6033e-04,
        3.6888e-02, 1.8678e-04, 5.6033e-04, 0.0000e+00, 7.3216e-02, 6.5372e-04,
        3.0818e-03, 7.4710e-04, 3.7355e-04, 3.7355e-04])
[2026-06-25 21:59:22,380][root][INFO] - Test leaf std: 0.10305672138929367, Val leaf std: 0.10624227672815323
[2026-06-25 21:59:22,490][root][INFO] - reg loss: 5.460581090715197, entropy loss: 0.1330465405548691, leaf dev: 0.07122878730297089
[2026-06-25 21:59:22,491][root][INFO] - Val leaf stats: tensor([0.0148, 0.0029, 0.1706, 0.0707, 0.0730, 0.0031, 0.0003, 0.0418, 0.0034,
        0.1109, 0.1379, 0.2111, 0.0018, 0.0113, 0.1455, 0.0009])
[2026-06-25 21:59:23,110][root][INFO] - Val leaf stats: tensor([8.1070e-01, 4.6694e-04, 0.0000e+00, 1.2140e-03, 7.0975e-02, 5.6033e-04,
        3.6888e-02, 1.8678e-04, 5.6033e-04, 0.0000e+00, 7.3216e-02, 6.5372e-04,
        3.0818e-03, 7.4710e-04, 3.7355e-04, 3.7355e-04])
[2026-06-25 21:59:23,884][root][INFO] - FINAL TEST | acc: 0.9212, loss: 1.5248, 
[2026-06-25 21:59:23,955][root][INFO] - MLFlow run ID: 1edb6b5221134fabbb2d34e6b3fcf045, status: FINISHED
[2026-06-25 21:59:24,138][root][INFO] - Val leaf stats: tensor([0.0148, 0.0029, 0.1706, 0.0707, 0.0730, 0.0031, 0.0003, 0.0418, 0.0034,
        0.1109, 0.1379, 0.2111, 0.0018, 0.0113, 0.1455, 0.0009])
[2026-06-25 21:59:25,215][root][INFO] - FINAL TEST | acc: 0.9140, loss: 1.4538, 
