[2026-06-25 21:38:04,749][root][INFO] - MLFlow server is starting on LOCAL with experiment APL_MS_std_seeded...
[2026-06-25 21:38:04,777][root][INFO] - MLFlow server is starting on LOCAL with experiment APL_MS_std_seeded...
[2026-06-25 21:38:04,851][root][INFO] - MLFlow run ID: ef42e4e80d0d4002a5092f5c2a0f3887, status: RUNNING
[2026-06-25 21:38:04,882][root][INFO] - MLFlow run ID: afd72d91789f4f138ccb562771547999, status: RUNNING
[2026-06-25 21:38:04,917][root][INFO] - Starting experiment IATrain...
[2026-06-25 21:38:04,955][root][INFO] - Starting experiment IATrain...
[2026-06-25 21:38:09,967][root][INFO] - MLFlow server is starting on LOCAL with experiment STM_MS_std_seeded...
[2026-06-25 21:38:10,067][root][INFO] - MLFlow run ID: a11bc4977949479caa764b88844e8bad, status: RUNNING
[2026-06-25 21:38:10,122][root][INFO] - Starting experiment IATrain...
[2026-06-25 21:38:15,624][root][INFO] - MLFlow server is starting on LOCAL with experiment APL_MS_std_seeded...
[2026-06-25 21:38:15,683][root][INFO] - MLFlow run ID: fb31206231d24464ac165de409f298e8, status: RUNNING
[2026-06-25 21:38:15,721][root][INFO] - Starting experiment IATrain...
[2026-06-25 21:38:17,696][root][INFO] - MLFlow server is starting on LOCAL with experiment APL_MS_std_seeded...
[2026-06-25 21:38:17,697][root][INFO] - MLFlow server is starting on LOCAL with experiment APL_MS_std_seeded...
[2026-06-25 21:38:17,736][root][INFO] - MLFlow run ID: 44499b5d284846bdbf16cb85690b16c1, status: RUNNING
[2026-06-25 21:38:17,739][root][INFO] - MLFlow run ID: 82986828de6c4558afa57168d74eda35, status: RUNNING
[2026-06-25 21:38:17,756][root][INFO] - Starting experiment IATrain...
[2026-06-25 21:38:17,772][root][INFO] - Starting experiment IATrain...
[2026-06-25 21:38:19,750][root][INFO] - MLFlow server is starting on LOCAL with experiment STM_MS_std_seeded...
[2026-06-25 21:38:19,779][root][INFO] - MLFlow run ID: 5ee1a503f53549af8d0893f332ce38ec, status: RUNNING
[2026-06-25 21:38:19,805][root][INFO] - Starting experiment IATrain...
[2026-06-25 21:38:20,749][root][INFO] - MLFlow server is starting on LOCAL with experiment STM_MS_std_seeded...
[2026-06-25 21:38:20,759][root][INFO] - MLFlow server is starting on LOCAL with experiment STM_MS_std_seeded...
[2026-06-25 21:38:20,774][root][INFO] - MLFlow run ID: 2a1b3f3958da4efebfb250d6ce7544c2, status: RUNNING
[2026-06-25 21:38:20,780][root][INFO] - MLFlow run ID: 1027b34971e94d33ab95fc6e15c853ab, status: RUNNING
[2026-06-25 21:38:20,797][root][INFO] - Starting experiment IATrain...
[2026-06-25 21:38:20,818][root][INFO] - Starting experiment IATrain...
[2026-06-25 21:38:21,786][root][INFO] - MLFlow server is starting on LOCAL with experiment APL_MS_std_seeded...
[2026-06-25 21:38:21,820][root][INFO] - MLFlow server is starting on LOCAL with experiment APL_MS_std_seeded...
[2026-06-25 21:38:21,822][root][INFO] - MLFlow server is starting on LOCAL with experiment STM_MS_std_seeded...
[2026-06-25 21:38:21,824][root][INFO] - MLFlow server is starting on LOCAL with experiment APL_MS_std_seeded...
[2026-06-25 21:38:21,825][root][INFO] - MLFlow server is starting on LOCAL with experiment APL_MS_std_seeded...
[2026-06-25 21:38:21,827][root][INFO] - MLFlow server is starting on LOCAL with experiment STM_MS_std_seeded...
[2026-06-25 21:38:21,853][root][INFO] - MLFlow run ID: 2a783b9976c1400ebff64ec2a8b53510, status: RUNNING
[2026-06-25 21:38:21,858][root][INFO] - MLFlow run ID: 77eeeacb171049feb1f450025b984813, status: RUNNING
[2026-06-25 21:38:21,865][root][INFO] - MLFlow run ID: aa3746b1b99640bebd005c20b66a3850, status: RUNNING
[2026-06-25 21:38:21,868][root][INFO] - MLFlow run ID: dd8bb66e576a4fe8b148842034c0a758, status: RUNNING
[2026-06-25 21:38:21,887][root][INFO] - Starting experiment IATrain...
[2026-06-25 21:38:21,893][root][INFO] - MLFlow run ID: 32c8617bbe4b432d9e4341ec5bda0a1d, status: RUNNING
[2026-06-25 21:38:21,896][root][INFO] - MLFlow run ID: 2130f41223634b4ab218f626e84cf4fd, status: RUNNING
[2026-06-25 21:38:21,920][root][INFO] - Starting experiment IATrain...
[2026-06-25 21:38:21,926][root][INFO] - Starting experiment IATrain...
[2026-06-25 21:38:21,934][root][INFO] - Starting experiment IATrain...
[2026-06-25 21:38:21,943][root][INFO] - Starting experiment IATrain...
[2026-06-25 21:38:21,962][root][INFO] - Starting experiment IATrain...
[2026-06-25 21:38:22,765][root][INFO] - Epoch: 0 | train acc: 0.7669, train loss: 4.54111258, valid acc: 0.8701, valid loss: 0.41194480, test acc: 0.8775, test loss: 0.55207833
[2026-06-25 21:38:23,168][root][INFO] - Epoch: 0 | train acc: 0.7769, train loss: 0.65464746, valid acc: 0.8722, valid loss: 0.39355039, test acc: 0.8657, test loss: 0.45439850
[2026-06-25 21:38:24,215][root][INFO] - reg loss: 7.668479982507292, entropy loss: 0.3722263453183351, leaf dev: 0.12025250494480133
[2026-06-25 21:38:24,216][root][INFO] - Val leaf stats: tensor([1.2579e-01, 5.4912e-02, 1.2794e-01, 7.4710e-04, 7.8259e-02, 1.1412e-01,
        1.8211e-02, 1.4008e-03, 7.4710e-04, 2.4281e-03, 9.3388e-05, 4.6694e-04,
        0.0000e+00, 4.7404e-01, 9.3388e-05, 7.4710e-04])
[2026-06-25 21:38:24,602][root][INFO] - reg loss: 15.376070537264384, entropy loss: 0.553561245165174, leaf dev: 0.08604928851127625
[2026-06-25 21:38:24,603][root][INFO] - Val leaf stats: tensor([0.2887, 0.0816, 0.1681, 0.0031, 0.0019, 0.0004, 0.0021, 0.0814, 0.0030,
        0.0000, 0.0012, 0.1487, 0.0187, 0.0013, 0.0441, 0.1558])
[2026-06-25 21:38:26,988][root][INFO] - Epoch: 0 | train acc: 0.6851, train loss: 26.54759658, valid acc: 0.8039, valid loss: 0.58868696, test acc: 0.8152, test loss: 0.76156805
[2026-06-25 21:38:28,223][root][INFO] - MLFlow server is starting on LOCAL with experiment STM_MS_std_seeded...
[2026-06-25 21:38:28,256][root][INFO] - MLFlow run ID: 7b2094f776804b8bac4e43db5b824086, status: RUNNING
[2026-06-25 21:38:28,293][root][INFO] - Starting experiment IATrain...
[2026-06-25 21:38:28,305][root][INFO] - reg loss: 6.407918697942502, entropy loss: 0.35390227086960324, leaf dev: 0.11711552739143372
[2026-06-25 21:38:28,306][root][INFO] - Val leaf stats: tensor([2.7353e-01, 1.7361e-01, 4.6694e-04, 9.3388e-05, 1.9219e-01, 0.0000e+00,
        1.8678e-04, 2.5215e-03, 9.3388e-05, 1.8678e-04, 3.5544e-01, 0.0000e+00,
        9.3388e-04, 0.0000e+00, 3.7355e-04, 3.7355e-04])
[2026-06-25 21:38:29,295][root][INFO] - MLFlow server is starting on LOCAL with experiment STM_MS_std_seeded...
[2026-06-25 21:38:29,338][root][INFO] - MLFlow run ID: 58778b1fad8a4306998220d2db00b728, status: RUNNING
[2026-06-25 21:38:29,386][root][INFO] - Starting experiment IATrain...
[2026-06-25 21:38:33,772][root][INFO] - Epoch: 0 | train acc: 0.7471, train loss: 13.96871193, valid acc: 0.8525, valid loss: 0.48033917, test acc: 0.8473, test loss: 0.69031329
[2026-06-25 21:38:35,053][root][INFO] - reg loss: 6.597219792623369, entropy loss: 0.3453822638938036, leaf dev: 0.12051419913768768
[2026-06-25 21:38:35,054][root][INFO] - Val leaf stats: tensor([4.4191e-01, 1.6362e-01, 7.4710e-04, 7.9380e-03, 7.0695e-02, 5.6033e-04,
        1.0516e-01, 2.8016e-04, 1.8678e-04, 0.0000e+00, 2.0536e-01, 3.7355e-04,
        2.3347e-03, 4.6694e-04, 9.3388e-05, 2.8016e-04])
[2026-06-25 21:38:37,617][root][INFO] - Epoch: 0 | train acc: 0.7545, train loss: 7.67098619, valid acc: 0.8496, valid loss: 0.48132259, test acc: 0.8717, test loss: 0.51014345
[2026-06-25 21:38:38,285][root][INFO] - Epoch: 0 | train acc: 0.7615, train loss: 28.11299277, valid acc: 0.8643, valid loss: 0.43767008, test acc: 0.8655, test loss: 0.59933543
[2026-06-25 21:38:39,074][root][INFO] - reg loss: 6.911818191487953, entropy loss: 0.35299666612236585, leaf dev: 0.15546348690986633
[2026-06-25 21:38:39,076][root][INFO] - Val leaf stats: tensor([6.2430e-01, 1.3112e-01, 3.7355e-04, 1.0273e-02, 4.9963e-02, 4.6694e-04,
        3.9597e-02, 2.8016e-04, 0.0000e+00, 1.4942e-03, 1.1664e-01, 2.8016e-04,
        1.4755e-02, 9.8058e-03, 3.7355e-04, 2.8016e-04])
[2026-06-25 21:38:39,747][root][INFO] - reg loss: 6.845124340561963, entropy loss: 0.34368120535971625, leaf dev: 0.11924399435520172
[2026-06-25 21:38:39,748][root][INFO] - Val leaf stats: tensor([2.6074e-01, 2.3440e-02, 1.1449e-01, 6.5372e-04, 8.3302e-02, 8.9839e-02,
        1.7744e-03, 1.8678e-04, 1.1207e-03, 5.6033e-04, 1.8678e-04, 9.3388e-05,
        1.8678e-04, 4.2323e-01, 1.8678e-04, 0.0000e+00])
[2026-06-25 21:38:41,607][root][INFO] - Epoch: 0 | train acc: 0.6956, train loss: 4.65165423, valid acc: 0.8237, valid loss: 0.53280750, test acc: 0.8219, test loss: 0.58920998
[2026-06-25 21:38:43,138][root][INFO] - reg loss: 7.5405133590496405, entropy loss: 0.3766284690647529, leaf dev: 0.12662354111671448
[2026-06-25 21:38:43,139][root][INFO] - Val leaf stats: tensor([4.3706e-01, 2.5887e-01, 1.8678e-04, 6.5372e-04, 7.8446e-03, 2.8016e-04,
        3.3620e-03, 1.4008e-03, 1.8678e-04, 6.4438e-03, 2.0032e-01, 1.0646e-02,
        3.8289e-03, 6.7800e-02, 1.0273e-03, 9.3388e-05])
[2026-06-25 21:38:44,450][root][INFO] - Epoch: 0 | train acc: 0.6777, train loss: 8.40782527, valid acc: 0.7910, valid loss: 0.61388664, test acc: 0.8209, test loss: 0.72878353
[2026-06-25 21:38:44,712][root][INFO] - Epoch: 0 | train acc: 0.6828, train loss: 13.78271316, valid acc: 0.8114, valid loss: 0.57872282, test acc: 0.8298, test loss: 0.65821300
[2026-06-25 21:38:45,673][root][INFO] - Epoch: 0 | train acc: 0.7644, train loss: 4.64175996, valid acc: 0.8579, valid loss: 0.44432968, test acc: 0.8665, test loss: 0.59190608
[2026-06-25 21:38:46,082][root][INFO] - reg loss: 7.488552043046901, entropy loss: 0.37304459173212606, leaf dev: 0.1025632694363594
[2026-06-25 21:38:46,083][root][INFO] - Val leaf stats: tensor([2.3431e-01, 5.5099e-03, 1.9537e-01, 1.8678e-04, 9.3762e-02, 1.1832e-01,
        8.9653e-03, 8.7785e-03, 1.5876e-03, 8.2182e-03, 6.5372e-04, 5.6033e-04,
        0.0000e+00, 3.2275e-01, 9.3388e-05, 9.3388e-04])
[2026-06-25 21:38:46,421][root][INFO] - reg loss: 6.433211715133102, entropy loss: 0.3437815556135127, leaf dev: 0.13320384919643402
[2026-06-25 21:38:46,422][root][INFO] - Val leaf stats: tensor([2.9109e-01, 4.6414e-02, 1.2140e-03, 0.0000e+00, 2.1479e-01, 0.0000e+00,
        0.0000e+00, 2.2413e-03, 0.0000e+00, 9.3388e-05, 4.4229e-01, 9.3388e-05,
        9.3388e-04, 0.0000e+00, 7.4710e-04, 9.3388e-05])
[2026-06-25 21:38:46,519][root][INFO] - Epoch: 0 | train acc: 0.6667, train loss: 54.16336536, valid acc: 0.8061, valid loss: 0.60000987, test acc: 0.8310, test loss: 0.65158262
[2026-06-25 21:38:46,700][root][INFO] - Epoch: 0 | train acc: 0.7455, train loss: 49.66055960, valid acc: 0.8558, valid loss: 0.47260073, test acc: 0.8711, test loss: 0.62203136
[2026-06-25 21:38:46,726][root][INFO] - Epoch: 0 | train acc: 0.7623, train loss: 15.02452948, valid acc: 0.8619, valid loss: 0.44134563, test acc: 0.8646, test loss: 0.60215106
[2026-06-25 21:38:46,728][root][INFO] - Epoch: 0 | train acc: 0.7593, train loss: 55.37790028, valid acc: 0.8636, valid loss: 0.45360146, test acc: 0.8577, test loss: 0.62187189
[2026-06-25 21:38:46,736][root][INFO] - Epoch: 0 | train acc: 0.6825, train loss: 14.70947441, valid acc: 0.8116, valid loss: 0.57326402, test acc: 0.8388, test loss: 0.67292449
[2026-06-25 21:38:46,955][root][INFO] - reg loss: 7.820553825015113, entropy loss: 0.3807386175665275, leaf dev: 0.11670254170894623
[2026-06-25 21:38:46,956][root][INFO] - Val leaf stats: tensor([3.4918e-01, 3.5291e-01, 3.7355e-04, 3.4927e-02, 7.5364e-02, 4.6694e-04,
        4.8749e-02, 1.8678e-04, 3.7355e-04, 8.4049e-04, 3.4087e-02, 9.9365e-02,
        2.4281e-03, 9.3388e-05, 2.8016e-04, 3.7355e-04])
[2026-06-25 21:38:47,957][root][INFO] - Epoch: 1 | train acc: 0.8987, train loss: 3.28842116, valid acc: 0.9113, valid loss: 0.29446804, test acc: 0.8999, test loss: 0.46813557
[2026-06-25 21:38:48,330][root][INFO] - reg loss: 6.65338452404769, entropy loss: 0.3388189933602772, leaf dev: 0.1336067020893097
[2026-06-25 21:38:48,331][root][INFO] - Val leaf stats: tensor([4.8478e-01, 1.5689e-02, 1.6222e-01, 9.3388e-05, 7.5084e-02, 5.7901e-03,
        9.3388e-05, 7.4710e-04, 1.9612e-03, 8.4049e-04, 6.5372e-04, 6.5372e-04,
        0.0000e+00, 2.5103e-01, 9.3388e-05, 2.8016e-04])
[2026-06-25 21:38:48,526][root][INFO] - reg loss: 7.149691596863762, entropy loss: 0.3532781645103737, leaf dev: 0.10799216479063034
[2026-06-25 21:38:48,528][root][INFO] - Val leaf stats: tensor([3.0837e-01, 5.2484e-02, 6.3597e-02, 5.6033e-04, 9.1894e-02, 1.5932e-01,
        2.8016e-04, 3.7355e-04, 2.4281e-03, 6.5372e-04, 1.8678e-04, 3.7355e-04,
        3.7355e-04, 3.1892e-01, 1.8678e-04, 0.0000e+00])
[2026-06-25 21:38:48,602][root][INFO] - reg loss: 6.82951068625879, entropy loss: 0.34306661287943524, leaf dev: 0.10941166430711746
[2026-06-25 21:38:48,603][root][INFO] - Val leaf stats: tensor([2.7587e-01, 1.7557e-02, 1.2374e-01, 3.7355e-04, 9.0306e-02, 1.3597e-01,
        1.1207e-03, 4.6694e-04, 1.4008e-03, 4.6694e-04, 1.8678e-04, 3.7355e-04,
        1.8678e-04, 3.5170e-01, 1.8678e-04, 9.3388e-05])
[2026-06-25 21:38:48,627][root][INFO] - reg loss: 6.905566419873919, entropy loss: 0.34903348864070954, leaf dev: 0.12244617193937302
[2026-06-25 21:38:48,628][root][INFO] - Val leaf stats: tensor([1.0291e-01, 3.5674e-02, 1.6576e-01, 1.0273e-03, 7.6298e-02, 1.4354e-01,
        1.8678e-04, 2.0545e-03, 6.5372e-04, 2.8016e-04, 9.3388e-05, 3.7355e-04,
        0.0000e+00, 4.7077e-01, 9.3388e-05, 2.8016e-04])
[2026-06-25 21:38:48,705][root][INFO] - reg loss: 6.10908737384453, entropy loss: 0.33062243918893197, leaf dev: 0.17787767946720123
[2026-06-25 21:38:48,706][root][INFO] - Val leaf stats: tensor([7.1358e-01, 1.8678e-04, 4.6694e-04, 9.3388e-05, 7.1442e-02, 9.3388e-05,
        8.5730e-02, 9.3388e-05, 4.6694e-04, 0.0000e+00, 1.2430e-01, 1.8678e-04,
        2.8016e-03, 2.8016e-04, 9.3388e-05, 1.8678e-04])
[2026-06-25 21:38:48,956][root][INFO] - Epoch: 1 | train acc: 0.8918, train loss: 0.34590626, valid acc: 0.9103, valid loss: 0.30027219, test acc: 0.8986, test loss: 0.48827435
[2026-06-25 21:38:49,524][root][INFO] - reg loss: 5.904220162245331, entropy loss: 0.3065647069739286, leaf dev: 0.12254715710878372
[2026-06-25 21:38:49,525][root][INFO] - Val leaf stats: tensor([7.5644e-02, 9.0306e-02, 1.2775e-01, 1.3074e-03, 7.7419e-02, 1.1533e-01,
        1.5596e-02, 1.8678e-03, 7.4710e-04, 2.3347e-03, 9.3388e-05, 2.8016e-04,
        0.0000e+00, 4.8786e-01, 9.3388e-05, 3.3620e-03])
[2026-06-25 21:38:50,703][root][INFO] - reg loss: 10.0897684147749, entropy loss: 0.475062809766285, leaf dev: 0.08733024448156357
[2026-06-25 21:38:50,704][root][INFO] - Val leaf stats: tensor([3.0865e-01, 8.5824e-02, 1.3653e-01, 1.4942e-03, 6.2570e-03, 2.5215e-03,
        3.5487e-03, 9.4135e-02, 3.6421e-03, 9.3388e-05, 1.3074e-03, 1.0562e-01,
        3.7355e-04, 9.3388e-05, 7.8539e-02, 1.7137e-01])
[2026-06-25 21:38:51,587][root][INFO] - Epoch: 1 | train acc: 0.8432, train loss: 19.81866777, valid acc: 0.8581, valid loss: 0.45705045, test acc: 0.8593, test loss: 0.78884762
[2026-06-25 21:38:52,976][root][INFO] - reg loss: 4.83056398421999, entropy loss: 0.27784950534502667, leaf dev: 0.1349237859249115
[2026-06-25 21:38:52,976][root][INFO] - Val leaf stats: tensor([2.7755e-01, 6.2757e-02, 6.5372e-04, 1.8678e-04, 1.8491e-01, 0.0000e+00,
        9.3388e-05, 2.5215e-03, 0.0000e+00, 9.3388e-05, 4.6946e-01, 0.0000e+00,
        1.2140e-03, 0.0000e+00, 3.7355e-04, 1.8678e-04])
[2026-06-25 21:38:53,027][root][INFO] - Epoch: 0 | train acc: 0.6707, train loss: 28.60895498, valid acc: 0.8004, valid loss: 0.61745513, test acc: 0.8170, test loss: 0.67101931
[2026-06-25 21:38:53,339][root][INFO] - Epoch: 0 | train acc: 0.7019, train loss: 7.78245914, valid acc: 0.7801, valid loss: 0.60584486, test acc: 0.7965, test loss: 0.68123169
[2026-06-25 21:38:54,574][root][INFO] - reg loss: 6.92210760318413, entropy loss: 0.3455939486859337, leaf dev: 0.09875208884477615
[2026-06-25 21:38:54,575][root][INFO] - Val leaf stats: tensor([2.1890e-01, 6.5372e-03, 1.9126e-01, 9.3388e-05, 9.5536e-02, 2.2338e-01,
        3.9223e-03, 5.6033e-04, 2.0545e-03, 3.7355e-04, 7.4710e-04, 7.4710e-04,
        9.3388e-05, 2.5532e-01, 9.3388e-05, 3.7355e-04])
[2026-06-25 21:38:54,846][root][INFO] - reg loss: 6.912471213668742, entropy loss: 0.3580732564762156, leaf dev: 0.118476003408432
[2026-06-25 21:38:54,847][root][INFO] - Val leaf stats: tensor([2.2749e-01, 2.3954e-01, 1.8678e-04, 9.3388e-05, 1.9612e-02, 9.3388e-05,
        1.1207e-03, 3.1752e-03, 9.3388e-05, 7.7512e-03, 3.9699e-01, 6.5372e-04,
        8.4049e-04, 6.8827e-02, 3.3433e-02, 9.3388e-05])
[2026-06-25 21:38:57,904][root][INFO] - Epoch: 1 | train acc: 0.8862, train loss: 10.64581158, valid acc: 0.8982, valid loss: 0.33452957, test acc: 0.8961, test loss: 0.59244605
[2026-06-25 21:38:59,260][root][INFO] - reg loss: 5.13491638123043, entropy loss: 0.27339763647664794, leaf dev: 0.12817183136940002
[2026-06-25 21:38:59,261][root][INFO] - Val leaf stats: tensor([4.8506e-01, 1.2710e-01, 9.3388e-04, 7.0041e-03, 7.0134e-02, 9.3388e-04,
        9.7404e-02, 0.0000e+00, 0.0000e+00, 6.5372e-04, 2.0742e-01, 2.8016e-04,
        2.3347e-03, 0.0000e+00, 4.6694e-04, 2.8016e-04])
[2026-06-25 21:39:02,250][root][INFO] - Epoch: 1 | train acc: 0.8886, train loss: 5.57263623, valid acc: 0.9054, valid loss: 0.31468035, test acc: 0.8924, test loss: 0.49475448
[2026-06-25 21:39:02,704][root][INFO] - Epoch: 1 | train acc: 0.8912, train loss: 20.51468599, valid acc: 0.9044, valid loss: 0.31778484, test acc: 0.8770, test loss: 0.54968392
[2026-06-25 21:39:03,611][root][INFO] - reg loss: 5.206400515541198, entropy loss: 0.2697479461551343, leaf dev: 0.16334524750709534
[2026-06-25 21:39:03,612][root][INFO] - Val leaf stats: tensor([6.4046e-01, 3.2219e-02, 0.0000e+00, 1.1393e-02, 5.9955e-02, 9.3388e-04,
        2.0265e-02, 5.6033e-04, 3.7355e-04, 1.4942e-03, 2.1731e-01, 4.6694e-04,
        2.1479e-03, 1.1580e-02, 5.6033e-04, 2.8016e-04])
[2026-06-25 21:39:04,163][root][INFO] - reg loss: 5.037484792174485, entropy loss: 0.2686876299835387, leaf dev: 0.11759691685438156
[2026-06-25 21:39:04,164][root][INFO] - Val leaf stats: tensor([3.6823e-01, 2.3534e-02, 1.0572e-01, 5.6033e-04, 9.0586e-02, 7.8072e-02,
        8.4049e-04, 2.8016e-04, 1.8678e-03, 7.4710e-04, 1.8678e-04, 9.3388e-05,
        0.0000e+00, 3.2910e-01, 1.8678e-04, 0.0000e+00])
[2026-06-25 21:39:06,471][root][INFO] - Epoch: 1 | train acc: 0.8546, train loss: 3.45122866, valid acc: 0.8633, valid loss: 0.44135892, test acc: 0.8705, test loss: 0.46799815
[2026-06-25 21:39:07,833][root][INFO] - reg loss: 5.980727064546454, entropy loss: 0.29866634490628724, leaf dev: 0.11907114088535309
[2026-06-25 21:39:07,834][root][INFO] - Val leaf stats: tensor([3.7458e-01, 2.5346e-01, 3.7355e-04, 2.8016e-04, 1.8771e-02, 9.3388e-04,
        9.8058e-03, 1.4008e-03, 2.8016e-04, 9.0586e-03, 2.5570e-01, 1.7744e-03,
        3.7355e-03, 6.8453e-02, 1.4008e-03, 0.0000e+00])
[2026-06-25 21:39:09,278][root][INFO] - Epoch: 1 | train acc: 0.8513, train loss: 6.26387128, valid acc: 0.8661, valid loss: 0.41249928, test acc: 0.8652, test loss: 0.72214207
[2026-06-25 21:39:10,481][root][INFO] - Epoch: 1 | train acc: 0.8472, train loss: 10.16102605, valid acc: 0.8664, valid loss: 0.43309187, test acc: 0.8703, test loss: 0.65785768
[2026-06-25 21:39:10,836][root][INFO] - reg loss: 5.787281664590987, entropy loss: 0.300701440799804, leaf dev: 0.09858620911836624
[2026-06-25 21:39:10,837][root][INFO] - Val leaf stats: tensor([2.2992e-01, 1.2514e-02, 1.5829e-01, 9.3388e-04, 7.9287e-02, 1.2738e-01,
        1.3074e-03, 3.7355e-02, 1.9612e-03, 2.3534e-02, 0.0000e+00, 3.7355e-04,
        0.0000e+00, 3.2518e-01, 2.8016e-04, 1.6810e-03])
[2026-06-25 21:39:11,065][root][INFO] - Epoch: 1 | train acc: 0.8939, train loss: 3.34172146, valid acc: 0.9088, valid loss: 0.31277778, test acc: 0.8941, test loss: 0.59881384
[2026-06-25 21:39:12,040][root][INFO] - reg loss: 4.839072681608654, entropy loss: 0.2631347735249807, leaf dev: 0.15011988580226898
[2026-06-25 21:39:12,041][root][INFO] - Val leaf stats: tensor([2.4935e-01, 9.8058e-03, 1.1207e-03, 0.0000e+00, 1.8341e-01, 0.0000e+00,
        0.0000e+00, 2.6149e-03, 1.8678e-04, 0.0000e+00, 5.5192e-01, 0.0000e+00,
        9.3388e-04, 0.0000e+00, 5.6033e-04, 9.3388e-05])
[2026-06-25 21:39:12,411][root][INFO] - reg loss: 5.976201879915107, entropy loss: 0.3034521891641869, leaf dev: 0.11702574044466019
[2026-06-25 21:39:12,412][root][INFO] - Val leaf stats: tensor([3.6337e-01, 3.3965e-01, 3.7355e-04, 3.7729e-02, 7.2282e-02, 6.5372e-04,
        3.1098e-02, 1.8678e-04, 4.6694e-04, 5.6033e-04, 4.7441e-02, 1.0319e-01,
        2.2413e-03, 0.0000e+00, 3.7355e-04, 3.7355e-04])
[2026-06-25 21:39:12,825][root][INFO] - Epoch: 1 | train acc: 0.8457, train loss: 38.34049033, valid acc: 0.8638, valid loss: 0.43328301, test acc: 0.8744, test loss: 0.59092510
[2026-06-25 21:39:12,900][root][INFO] - Epoch: 1 | train acc: 0.8882, train loss: 10.87014693, valid acc: 0.8964, valid loss: 0.33810702, test acc: 0.8697, test loss: 0.68655273
[2026-06-25 21:39:13,026][root][INFO] - Epoch: 1 | train acc: 0.8588, train loss: 10.66029890, valid acc: 0.8746, valid loss: 0.40903079, test acc: 0.8777, test loss: 0.66269576
[2026-06-25 21:39:13,438][root][INFO] - Epoch: 1 | train acc: 0.8895, train loss: 41.32646643, valid acc: 0.9021, valid loss: 0.32766258, test acc: 0.8892, test loss: 0.53856863
[2026-06-25 21:39:13,471][root][INFO] - Epoch: 1 | train acc: 0.8900, train loss: 36.69533878, valid acc: 0.9071, valid loss: 0.30992509, test acc: 0.8943, test loss: 0.58331664
[2026-06-25 21:39:13,721][root][INFO] - Epoch: 2 | train acc: 0.9223, train loss: 3.06892407, valid acc: 0.9183, valid loss: 0.27506563, test acc: 0.9018, test loss: 0.48464629
[2026-06-25 21:39:14,390][root][INFO] - Epoch: 2 | train acc: 0.9178, train loss: 0.27079046, valid acc: 0.9280, valid loss: 0.23931411, test acc: 0.9125, test loss: 0.32385032
[2026-06-25 21:39:14,562][root][INFO] - reg loss: 4.731477031001338, entropy loss: 0.26257320599896566, leaf dev: 0.1498352438211441
[2026-06-25 21:39:14,563][root][INFO] - Val leaf stats: tensor([5.8601e-01, 1.7931e-02, 1.6072e-01, 0.0000e+00, 7.1629e-02, 2.8016e-04,
        0.0000e+00, 1.8678e-04, 1.7744e-03, 2.2413e-03, 8.4049e-04, 1.3074e-03,
        0.0000e+00, 1.5671e-01, 9.3388e-05, 2.8016e-04])
[2026-06-25 21:39:14,616][root][INFO] - reg loss: 5.252219177427746, entropy loss: 0.2726448294189241, leaf dev: 0.11131107807159424
[2026-06-25 21:39:14,617][root][INFO] - Val leaf stats: tensor([3.6375e-01, 6.1916e-02, 2.4935e-02, 1.8678e-04, 9.1614e-02, 2.0966e-01,
        9.3388e-05, 0.0000e+00, 2.6149e-03, 1.8678e-04, 7.4710e-04, 3.7355e-04,
        2.8016e-04, 2.4337e-01, 1.8678e-04, 9.3388e-05])
[2026-06-25 21:39:14,644][root][INFO] - reg loss: 5.1015412542555065, entropy loss: 0.2757597242398237, leaf dev: 0.12435372918844223
[2026-06-25 21:39:14,645][root][INFO] - Val leaf stats: tensor([1.3420e-01, 4.0997e-02, 1.7520e-01, 5.6033e-04, 7.5271e-02, 8.9372e-02,
        0.0000e+00, 2.2413e-03, 7.4710e-04, 2.8016e-04, 9.3388e-05, 5.6033e-04,
        0.0000e+00, 4.8001e-01, 0.0000e+00, 4.6694e-04])
[2026-06-25 21:39:15,106][root][INFO] - reg loss: 5.119304346659827, entropy loss: 0.26745817971923364, leaf dev: 0.11190623790025711
[2026-06-25 21:39:15,107][root][INFO] - Val leaf stats: tensor([3.0267e-01, 1.7931e-02, 1.2019e-01, 1.8678e-04, 8.8812e-02, 1.1589e-01,
        1.0273e-03, 1.8678e-04, 1.9612e-03, 9.3388e-05, 1.8678e-04, 2.8016e-04,
        9.3388e-05, 3.5021e-01, 1.8678e-04, 9.3388e-05])
[2026-06-25 21:39:15,215][root][INFO] - reg loss: 5.604003404183363, entropy loss: 0.27876629384737167, leaf dev: 0.1395239531993866
[2026-06-25 21:39:15,216][root][INFO] - Val leaf stats: tensor([5.9395e-02, 6.8734e-02, 1.0338e-01, 1.2140e-03, 7.2563e-02, 8.1341e-02,
        1.6156e-02, 1.4008e-03, 1.0273e-03, 8.3115e-03, 0.0000e+00, 1.8678e-04,
        0.0000e+00, 5.6836e-01, 1.8678e-04, 1.7744e-02])
[2026-06-25 21:39:15,317][root][INFO] - reg loss: 4.541217940194266, entropy loss: 0.2575946632358763, leaf dev: 0.19552813470363617
[2026-06-25 21:39:15,318][root][INFO] - Val leaf stats: tensor([7.8764e-01, 9.3388e-05, 9.3388e-05, 0.0000e+00, 7.1162e-02, 9.3388e-05,
        4.2678e-02, 2.8016e-04, 3.7355e-04, 0.0000e+00, 9.3295e-02, 9.3388e-05,
        2.9884e-03, 7.4710e-04, 9.3388e-05, 3.7355e-04])
[2026-06-25 21:39:16,060][root][INFO] - reg loss: 8.245174342362338, entropy loss: 0.43247389714553874, leaf dev: 0.09609795361757278
[2026-06-25 21:39:16,061][root][INFO] - Val leaf stats: tensor([3.4880e-01, 9.8524e-02, 1.3523e-01, 6.9107e-03, 2.1479e-03, 1.8678e-04,
        2.6149e-03, 9.2174e-02, 3.4554e-03, 9.3388e-05, 4.6694e-04, 8.4516e-02,
        8.4049e-04, 1.8678e-04, 3.9130e-02, 1.8472e-01])
[2026-06-25 21:39:17,092][root][INFO] - Epoch: 2 | train acc: 0.8787, train loss: 18.79300577, valid acc: 0.8826, valid loss: 0.37885004, test acc: 0.8841, test loss: 0.80655735
[2026-06-25 21:39:18,315][root][INFO] - Epoch: 1 | train acc: 0.8463, train loss: 21.22497376, valid acc: 0.8619, valid loss: 0.43434948, test acc: 0.8591, test loss: 0.62941783
[2026-06-25 21:39:18,480][root][INFO] - reg loss: 4.599774189096279, entropy loss: 0.24977285024665652, leaf dev: 0.14078141748905182
[2026-06-25 21:39:18,481][root][INFO] - Val leaf stats: tensor([2.5953e-01, 4.5947e-02, 8.4049e-04, 9.3388e-05, 1.8108e-01, 0.0000e+00,
        9.3388e-05, 2.5215e-03, 0.0000e+00, 0.0000e+00, 5.0747e-01, 0.0000e+00,
        1.4942e-03, 0.0000e+00, 6.5372e-04, 2.8016e-04])
[2026-06-25 21:39:19,058][root][INFO] - Epoch: 1 | train acc: 0.8611, train loss: 6.01195461, valid acc: 0.8865, valid loss: 0.36799760, test acc: 0.8767, test loss: 0.47377927
[2026-06-25 21:39:19,903][root][INFO] - reg loss: 5.182643713774504, entropy loss: 0.27183753677776884, leaf dev: 0.10221990197896957
[2026-06-25 21:39:19,904][root][INFO] - Val leaf stats: tensor([2.2217e-01, 9.1520e-03, 1.8099e-01, 1.8678e-04, 8.9186e-02, 1.8528e-01,
        1.8678e-04, 7.4710e-04, 1.7744e-03, 3.7355e-04, 7.4710e-04, 8.4049e-04,
        0.0000e+00, 3.0781e-01, 9.3388e-05, 4.6694e-04])
[2026-06-25 21:39:20,348][root][INFO] - reg loss: 5.575233721859241, entropy loss: 0.2709313866007265, leaf dev: 0.10515210777521133
[2026-06-25 21:39:20,349][root][INFO] - Val leaf stats: tensor([2.6485e-01, 2.6597e-01, 6.5372e-04, 0.0000e+00, 1.4400e-01, 0.0000e+00,
        1.8678e-04, 1.3074e-03, 2.8016e-04, 0.0000e+00, 2.4860e-01, 0.0000e+00,
        3.0818e-03, 7.0134e-02, 2.8016e-04, 6.5372e-04])
[2026-06-25 21:39:22,360][root][INFO] - Epoch: 2 | train acc: 0.9177, train loss: 10.00103363, valid acc: 0.9193, valid loss: 0.27468136, test acc: 0.9000, test loss: 0.63741156
[2026-06-25 21:39:23,742][root][INFO] - reg loss: 4.859511958228217, entropy loss: 0.24209662877693378, leaf dev: 0.12834252417087555
[2026-06-25 21:39:23,743][root][INFO] - Val leaf stats: tensor([4.9309e-01, 1.4130e-01, 8.4049e-04, 6.4438e-03, 7.1068e-02, 1.1207e-03,
        1.1244e-01, 0.0000e+00, 0.0000e+00, 6.5372e-04, 1.6950e-01, 9.3388e-05,
        2.8016e-03, 0.0000e+00, 4.6694e-04, 1.8678e-04])
[2026-06-25 21:39:26,613][root][INFO] - Epoch: 2 | train acc: 0.9236, train loss: 5.30738797, valid acc: 0.9310, valid loss: 0.24507365, test acc: 0.9108, test loss: 0.46534408
[2026-06-25 21:39:27,018][root][INFO] - Epoch: 2 | train acc: 0.9202, train loss: 19.69880439, valid acc: 0.9244, valid loss: 0.25959290, test acc: 0.9034, test loss: 0.50577267
[2026-06-25 21:39:27,966][root][INFO] - reg loss: 5.043969686699922, entropy loss: 0.24394756949767865, leaf dev: 0.16212593019008636
[2026-06-25 21:39:27,968][root][INFO] - Val leaf stats: tensor([6.3607e-01, 2.8110e-02, 2.8016e-04, 1.2421e-02, 6.9948e-02, 9.3388e-04,
        3.4180e-02, 5.6033e-04, 2.8016e-04, 1.1207e-03, 2.1255e-01, 0.0000e+00,
        2.2413e-03, 4.6694e-04, 3.7355e-04, 4.6694e-04])
[2026-06-25 21:39:28,373][root][INFO] - reg loss: 4.8557116039215575, entropy loss: 0.24600647192783456, leaf dev: 0.1210724264383316
[2026-06-25 21:39:28,373][root][INFO] - Val leaf stats: tensor([3.8429e-01, 2.2787e-02, 9.9832e-02, 5.6033e-04, 8.8625e-02, 6.4811e-02,
        7.4710e-04, 2.8016e-04, 2.0545e-03, 7.4710e-04, 1.8678e-04, 9.3388e-05,
        0.0000e+00, 3.3489e-01, 9.3388e-05, 0.0000e+00])
[2026-06-25 21:39:31,361][root][INFO] - Epoch: 2 | train acc: 0.8846, train loss: 3.32310287, valid acc: 0.8884, valid loss: 0.38721471, test acc: 0.8766, test loss: 0.50917759
[2026-06-25 21:39:32,838][root][INFO] - reg loss: 5.8794667783868375, entropy loss: 0.2726409149863733, leaf dev: 0.12281166017055511
[2026-06-25 21:39:32,839][root][INFO] - Val leaf stats: tensor([4.1203e-01, 1.9948e-01, 2.8016e-04, 1.4008e-03, 1.8397e-02, 6.5372e-04,
        7.4710e-03, 1.9612e-03, 9.3388e-05, 1.1020e-02, 2.7129e-01, 5.6033e-04,
        2.4281e-03, 7.1068e-02, 1.8678e-03, 0.0000e+00])
[2026-06-25 21:39:34,806][root][INFO] - Epoch: 2 | train acc: 0.8929, train loss: 5.91847580, valid acc: 0.8990, valid loss: 0.33302137, test acc: 0.8850, test loss: 0.63024343
[2026-06-25 21:39:36,232][root][INFO] - Epoch: 2 | train acc: 0.9174, train loss: 3.14104067, valid acc: 0.9281, valid loss: 0.24973771, test acc: 0.9091, test loss: 0.59731847
[2026-06-25 21:39:36,255][root][INFO] - Epoch: 2 | train acc: 0.8808, train loss: 9.75644040, valid acc: 0.8889, valid loss: 0.35877944, test acc: 0.8885, test loss: 0.77072906
[2026-06-25 21:39:36,323][root][INFO] - reg loss: 5.572734492165702, entropy loss: 0.2586919528151315, leaf dev: 0.10124728828668594
[2026-06-25 21:39:36,324][root][INFO] - Val leaf stats: tensor([2.2945e-01, 1.2234e-02, 1.5699e-01, 8.4049e-04, 7.3030e-02, 1.1898e-01,
        1.3074e-03, 4.3425e-02, 1.9612e-03, 1.7090e-02, 1.8678e-04, 9.3388e-04,
        9.3388e-05, 3.4227e-01, 2.8016e-04, 9.3388e-04])
[2026-06-25 21:39:38,031][root][INFO] - reg loss: 5.706081299554734, entropy loss: 0.2742810258789668, leaf dev: 0.12103143334388733
[2026-06-25 21:39:38,032][root][INFO] - Val leaf stats: tensor([4.6339e-01, 2.0676e-01, 8.4049e-04, 2.9511e-02, 1.1431e-01, 6.5372e-04,
        5.5846e-02, 0.0000e+00, 5.6033e-04, 6.5372e-04, 6.4625e-02, 5.9208e-02,
        2.6149e-03, 9.3388e-05, 4.6694e-04, 4.6694e-04])
[2026-06-25 21:39:38,167][root][INFO] - reg loss: 4.685531888689313, entropy loss: 0.2350175893969006, leaf dev: 0.15362372994422913
[2026-06-25 21:39:38,168][root][INFO] - Val leaf stats: tensor([2.5486e-01, 1.8678e-03, 1.2140e-03, 0.0000e+00, 1.6978e-01, 0.0000e+00,
        0.0000e+00, 2.4281e-03, 1.8678e-04, 0.0000e+00, 5.6808e-01, 0.0000e+00,
        1.0273e-03, 0.0000e+00, 4.6694e-04, 9.3388e-05])
[2026-06-25 21:39:38,666][root][INFO] - Epoch: 2 | train acc: 0.9158, train loss: 10.24955763, valid acc: 0.9176, valid loss: 0.27452798, test acc: 0.8661, test loss: 0.70586784
[2026-06-25 21:39:38,919][root][INFO] - Epoch: 2 | train acc: 0.8824, train loss: 36.51684546, valid acc: 0.8880, valid loss: 0.35990495, test acc: 0.8885, test loss: 0.58954869
[2026-06-25 21:39:39,095][root][INFO] - Epoch: 2 | train acc: 0.8954, train loss: 10.14906263, valid acc: 0.8991, valid loss: 0.33816623, test acc: 0.8921, test loss: 0.75956846
[2026-06-25 21:39:39,676][root][INFO] - Epoch: 3 | train acc: 0.9404, train loss: 0.20384715, valid acc: 0.9414, valid loss: 0.19858145, test acc: 0.9249, test loss: 0.28000483
[2026-06-25 21:39:39,928][root][INFO] - Epoch: 3 | train acc: 0.9379, train loss: 2.96028281, valid acc: 0.9377, valid loss: 0.21673029, test acc: 0.9186, test loss: 0.51905299
[2026-06-25 21:39:40,154][root][INFO] - Epoch: 2 | train acc: 0.9186, train loss: 39.43752028, valid acc: 0.9216, valid loss: 0.27429009, test acc: 0.8944, test loss: 0.56655826
[2026-06-25 21:39:40,279][root][INFO] - reg loss: 4.517716067177909, entropy loss: 0.24086262900677938, leaf dev: 0.14755545556545258
[2026-06-25 21:39:40,280][root][INFO] - Epoch: 2 | train acc: 0.9213, train loss: 34.98949739, valid acc: 0.9259, valid loss: 0.24773747, test acc: 0.9131, test loss: 0.59343993
[2026-06-25 21:39:40,280][root][INFO] - Val leaf stats: tensor([5.7350e-01, 1.9145e-02, 1.7548e-01, 0.0000e+00, 7.0228e-02, 9.3388e-05,
        0.0000e+00, 3.7355e-04, 1.6810e-03, 2.2413e-03, 9.3388e-04, 1.1207e-03,
        0.0000e+00, 1.5521e-01, 0.0000e+00, 0.0000e+00])
[2026-06-25 21:39:40,477][root][INFO] - reg loss: 4.983634562719436, entropy loss: 0.24533093708848197, leaf dev: 0.10503438860177994
[2026-06-25 21:39:40,478][root][INFO] - Val leaf stats: tensor([3.1500e-01, 9.5629e-02, 2.6335e-02, 1.8678e-04, 8.6477e-02, 2.2908e-01,
        9.3388e-05, 0.0000e+00, 2.7083e-03, 2.8016e-04, 7.4710e-04, 2.8016e-04,
        3.7355e-04, 2.4281e-01, 0.0000e+00, 0.0000e+00])
[2026-06-25 21:39:40,505][root][INFO] - reg loss: 4.89873265967798, entropy loss: 0.2536309032686173, leaf dev: 0.12069619446992874
[2026-06-25 21:39:40,506][root][INFO] - Val leaf stats: tensor([1.1571e-01, 3.9690e-02, 1.8472e-01, 7.4710e-04, 7.7045e-02, 1.1692e-01,
        0.0000e+00, 1.8678e-03, 1.0273e-03, 2.8016e-04, 9.3388e-05, 4.6694e-04,
        9.3388e-05, 4.6078e-01, 0.0000e+00, 5.6033e-04])
[2026-06-25 21:39:41,194][root][INFO] - reg loss: 8.205064150391433, entropy loss: 0.41727411888894583, leaf dev: 0.0888468474149704
[2026-06-25 21:39:41,194][root][INFO] - Val leaf stats: tensor([3.2508e-01, 1.0021e-01, 1.0637e-01, 2.7083e-03, 3.0818e-03, 2.8016e-04,
        1.3074e-03, 9.4882e-02, 3.2686e-03, 6.5372e-04, 3.3620e-03, 1.1421e-01,
        2.5215e-03, 4.6694e-04, 8.4796e-02, 1.5680e-01])
[2026-06-25 21:39:41,694][root][INFO] - reg loss: 5.48775611604963, entropy loss: 0.25332206093445025, leaf dev: 0.1223025694489479
[2026-06-25 21:39:41,695][root][INFO] - Val leaf stats: tensor([6.9854e-02, 8.4703e-02, 1.2103e-01, 9.3388e-04, 7.6952e-02, 1.0133e-01,
        2.6802e-02, 1.4008e-03, 1.1207e-03, 6.1636e-03, 1.8678e-04, 1.8678e-04,
        9.3388e-05, 4.9290e-01, 9.3388e-05, 1.6250e-02])
[2026-06-25 21:39:42,078][root][INFO] - reg loss: 4.894040872180272, entropy loss: 0.2428546036204333, leaf dev: 0.11272455006837845
[2026-06-25 21:39:42,078][root][INFO] - Val leaf stats: tensor([2.7951e-01, 1.6156e-02, 1.0740e-01, 1.8678e-04, 8.7878e-02, 1.3364e-01,
        1.2140e-03, 9.3388e-05, 1.5876e-03, 1.8678e-04, 6.5372e-04, 3.7355e-04,
        0.0000e+00, 3.7094e-01, 9.3388e-05, 9.3388e-05])
[2026-06-25 21:39:42,185][root][INFO] - Epoch: 3 | train acc: 0.8994, train loss: 18.49293462, valid acc: 0.9007, valid loss: 0.32040218, test acc: 0.8962, test loss: 0.84966249
[2026-06-25 21:39:42,205][root][INFO] - reg loss: 4.340248854702742, entropy loss: 0.23402843202548052, leaf dev: 0.2131481170654297
[2026-06-25 21:39:42,206][root][INFO] - Val leaf stats: tensor([8.5852e-01, 9.3388e-05, 9.3388e-05, 0.0000e+00, 6.9107e-02, 0.0000e+00,
        3.3153e-02, 2.8016e-04, 3.7355e-04, 0.0000e+00, 3.2219e-02, 3.7355e-04,
        3.8289e-03, 1.4942e-03, 2.8016e-04, 1.8678e-04])
[2026-06-25 21:39:43,874][root][INFO] - reg loss: 4.540397094040321, entropy loss: 0.23305426530106357, leaf dev: 0.14921648800373077
[2026-06-25 21:39:43,875][root][INFO] - Val leaf stats: tensor([2.3506e-01, 3.5207e-02, 8.4049e-04, 0.0000e+00, 1.6418e-01, 0.0000e+00,
        1.8678e-04, 2.6149e-03, 0.0000e+00, 9.3388e-05, 5.5949e-01, 0.0000e+00,
        1.6810e-03, 0.0000e+00, 4.6694e-04, 1.8678e-04])
[2026-06-25 21:39:44,270][root][INFO] - Epoch: 2 | train acc: 0.8925, train loss: 5.61212179, valid acc: 0.9028, valid loss: 0.33521109, test acc: 0.8957, test loss: 0.49633508
[2026-06-25 21:39:44,512][root][INFO] - Epoch: 2 | train acc: 0.8849, train loss: 20.03277461, valid acc: 0.8880, valid loss: 0.36519406, test acc: 0.8673, test loss: 0.88316352
[2026-06-25 21:39:45,882][root][INFO] - reg loss: 5.2537589956212924, entropy loss: 0.2431973952938009, leaf dev: 0.11641748249530792
[2026-06-25 21:39:45,883][root][INFO] - Val leaf stats: tensor([2.1647e-01, 2.5327e-01, 6.5372e-04, 1.8678e-04, 7.5364e-02, 0.0000e+00,
        0.0000e+00, 2.0545e-03, 4.6694e-04, 0.0000e+00, 3.7990e-01, 0.0000e+00,
        1.5876e-03, 6.9107e-02, 3.7355e-04, 5.6033e-04])
[2026-06-25 21:39:46,038][root][INFO] - reg loss: 4.914061188067078, entropy loss: 0.2491891266649993, leaf dev: 0.1017121821641922
[2026-06-25 21:39:46,039][root][INFO] - Val leaf stats: tensor([2.3618e-01, 1.0459e-02, 1.6231e-01, 9.3388e-05, 8.8812e-02, 2.0508e-01,
        0.0000e+00, 6.5372e-04, 1.4942e-03, 0.0000e+00, 7.4710e-04, 9.3388e-04,
        0.0000e+00, 2.9240e-01, 2.8016e-04, 5.6033e-04])
[2026-06-25 21:39:46,518][root][INFO] - Epoch: 3 | train acc: 0.9347, train loss: 9.77896198, valid acc: 0.9329, valid loss: 0.23525103, test acc: 0.9091, test loss: 0.64015392
[2026-06-25 21:39:48,077][root][INFO] - reg loss: 4.774424247640781, entropy loss: 0.22755695579859314, leaf dev: 0.1304209679365158
[2026-06-25 21:39:48,078][root][INFO] - Val leaf stats: tensor([5.0224e-01, 1.1832e-01, 2.8016e-04, 1.0646e-02, 7.1068e-02, 1.0273e-03,
        1.0245e-01, 0.0000e+00, 0.0000e+00, 1.2140e-03, 1.8902e-01, 9.3388e-05,
        2.8016e-03, 9.3388e-05, 4.6694e-04, 2.8016e-04])
[2026-06-25 21:39:51,088][root][INFO] - Epoch: 3 | train acc: 0.9399, train loss: 5.12601454, valid acc: 0.9376, valid loss: 0.22385388, test acc: 0.9174, test loss: 0.58725367
[2026-06-25 21:39:52,028][root][INFO] - Epoch: 3 | train acc: 0.9346, train loss: 19.29397669, valid acc: 0.9338, valid loss: 0.22933318, test acc: 0.9100, test loss: 0.50004616
[2026-06-25 21:39:52,557][root][INFO] - reg loss: 4.912640536272967, entropy loss: 0.22481237848599753, leaf dev: 0.164373978972435
[2026-06-25 21:39:52,558][root][INFO] - Val leaf stats: tensor([6.4466e-01, 1.8397e-02, 9.3388e-05, 1.3168e-02, 7.4430e-02, 7.4710e-04,
        3.0351e-02, 7.4710e-04, 1.8678e-04, 1.2140e-03, 2.1264e-01, 0.0000e+00,
        1.9612e-03, 4.6694e-04, 3.7355e-04, 5.6033e-04])
[2026-06-25 21:39:53,609][root][INFO] - reg loss: 4.766365452418252, entropy loss: 0.23275510044324965, leaf dev: 0.117688849568367
[2026-06-25 21:39:53,610][root][INFO] - Val leaf stats: tensor([3.5422e-01, 2.7643e-02, 1.1608e-01, 5.6033e-04, 9.0026e-02, 6.3317e-02,
        6.5372e-04, 2.8016e-04, 2.0545e-03, 6.5372e-04, 1.8678e-04, 9.3388e-05,
        0.0000e+00, 3.4414e-01, 9.3388e-05, 0.0000e+00])
[2026-06-25 21:39:55,868][root][INFO] - Epoch: 3 | train acc: 0.9021, train loss: 3.21044750, valid acc: 0.9055, valid loss: 0.32968488, test acc: 0.8979, test loss: 0.59944119
[2026-06-25 21:39:57,226][root][INFO] - reg loss: 5.754480086937153, entropy loss: 0.2538785253252302, leaf dev: 0.11396529525518417
[2026-06-25 21:39:57,227][root][INFO] - Val leaf stats: tensor([3.1322e-01, 2.2329e-01, 9.3388e-05, 7.4710e-03, 1.2701e-02, 1.4008e-03,
        1.3261e-02, 2.8016e-03, 1.8678e-04, 2.4561e-02, 3.2163e-01, 5.0430e-03,
        2.5215e-03, 6.9761e-02, 1.9612e-03, 9.3388e-05])
[2026-06-25 21:40:00,484][root][INFO] - Epoch: 3 | train acc: 0.9122, train loss: 5.73519087, valid acc: 0.8848, valid loss: 0.36536407, test acc: 0.8908, test loss: 0.67893314
[2026-06-25 21:40:02,037][root][INFO] - reg loss: 5.44310230931277, entropy loss: 0.23921785964852288, leaf dev: 0.09197956323623657
[2026-06-25 21:40:02,038][root][INFO] - Val leaf stats: tensor([2.4131e-01, 3.6515e-02, 1.7090e-01, 8.4049e-04, 7.1349e-02, 1.1151e-01,
        4.2959e-03, 4.2305e-02, 1.8678e-03, 3.2592e-02, 9.3388e-05, 9.3388e-04,
        9.3388e-05, 2.8325e-01, 7.4710e-04, 1.4008e-03])
[2026-06-25 21:40:02,365][root][INFO] - Epoch: 3 | train acc: 0.9040, train loss: 9.42533516, valid acc: 0.9032, valid loss: 0.31427924, test acc: 0.8973, test loss: 0.81465531
[2026-06-25 21:40:02,548][root][INFO] - Epoch: 3 | train acc: 0.9386, train loss: 2.99828159, valid acc: 0.9357, valid loss: 0.22966655, test acc: 0.9155, test loss: 0.62097170
[2026-06-25 21:40:03,929][root][INFO] - Epoch: 3 | train acc: 0.9332, train loss: 10.02337498, valid acc: 0.9251, valid loss: 0.24687349, test acc: 0.8783, test loss: 0.69823166
[2026-06-25 21:40:04,194][root][INFO] - reg loss: 4.552598027325181, entropy loss: 0.2182706743478775, leaf dev: 0.15279096364974976
[2026-06-25 21:40:04,195][root][INFO] - Val leaf stats: tensor([2.6868e-01, 1.6810e-03, 1.0273e-03, 9.3388e-05, 1.6184e-01, 0.0000e+00,
        0.0000e+00, 2.5215e-03, 4.6694e-04, 9.3388e-05, 5.6061e-01, 0.0000e+00,
        1.1207e-03, 1.2140e-03, 5.6033e-04, 9.3388e-05])
[2026-06-25 21:40:04,319][root][INFO] - reg loss: 5.554440344452227, entropy loss: 0.2547970724011224, leaf dev: 0.12558625638484955
[2026-06-25 21:40:04,320][root][INFO] - Val leaf stats: tensor([4.9608e-01, 1.2318e-01, 2.1479e-03, 1.2327e-02, 1.0525e-01, 1.4942e-03,
        5.1083e-02, 1.8678e-04, 5.6033e-04, 5.6033e-04, 6.2383e-02, 1.4167e-01,
        1.9612e-03, 1.8678e-04, 4.6694e-04, 4.6694e-04])
[2026-06-25 21:40:04,732][root][INFO] - Epoch: 3 | train acc: 0.8980, train loss: 35.85735652, valid acc: 0.8944, valid loss: 0.32571839, test acc: 0.8948, test loss: 0.58563091
[2026-06-25 21:40:05,073][root][INFO] - Epoch: 3 | train acc: 0.9104, train loss: 9.93306570, valid acc: 0.9139, valid loss: 0.29630027, test acc: 0.8982, test loss: 1.26795595
[2026-06-25 21:40:05,130][root][INFO] - Epoch: 4 | train acc: 0.9521, train loss: 0.16834091, valid acc: 0.9499, valid loss: 0.17792051, test acc: 0.9274, test loss: 0.29839241
[2026-06-25 21:40:05,471][root][INFO] - Epoch: 4 | train acc: 0.9474, train loss: 2.84486240, valid acc: 0.9392, valid loss: 0.20892451, test acc: 0.9153, test loss: 0.58207313
[2026-06-25 21:40:05,742][root][INFO] - reg loss: 4.897742498488653, entropy loss: 0.23348347290798468, leaf dev: 0.10649073123931885
[2026-06-25 21:40:05,743][root][INFO] - Val leaf stats: tensor([3.2630e-01, 7.9660e-02, 1.4569e-02, 2.8016e-04, 1.1496e-01, 2.1162e-01,
        1.8678e-04, 0.0000e+00, 2.7083e-03, 2.8016e-04, 6.5372e-04, 2.8016e-04,
        3.7355e-04, 2.4813e-01, 0.0000e+00, 0.0000e+00])
[2026-06-25 21:40:06,179][root][INFO] - reg loss: 4.441613638842547, entropy loss: 0.22652987158172344, leaf dev: 0.14149639010429382
[2026-06-25 21:40:06,180][root][INFO] - Val leaf stats: tensor([5.3773e-01, 1.9425e-02, 2.0910e-01, 0.0000e+00, 7.0508e-02, 0.0000e+00,
        0.0000e+00, 3.7355e-04, 1.6810e-03, 2.3347e-03, 9.3388e-04, 1.1207e-03,
        0.0000e+00, 1.5680e-01, 0.0000e+00, 0.0000e+00])
[2026-06-25 21:40:06,494][root][INFO] - reg loss: 4.81451900421627, entropy loss: 0.23414137510080185, leaf dev: 0.12638099491596222
[2026-06-25 21:40:06,494][root][INFO] - Val leaf stats: tensor([1.0861e-01, 4.2772e-02, 2.2833e-01, 4.6694e-04, 7.5458e-02, 6.3597e-02,
        0.0000e+00, 2.1479e-03, 9.3388e-04, 2.8016e-04, 9.3388e-05, 5.6033e-04,
        9.3388e-05, 4.7600e-01, 0.0000e+00, 6.5372e-04])
[2026-06-25 21:40:06,508][root][INFO] - Epoch: 3 | train acc: 0.9304, train loss: 38.40879297, valid acc: 0.9294, valid loss: 0.24521195, test acc: 0.9022, test loss: 0.57347122
[2026-06-25 21:40:06,586][root][INFO] - reg loss: 7.737576575506301, entropy loss: 0.4121695990284915, leaf dev: 0.09377680718898773
[2026-06-25 21:40:06,587][root][INFO] - Val leaf stats: tensor([3.5403e-01, 9.7964e-02, 1.1235e-01, 4.0157e-03, 9.3388e-04, 9.3388e-05,
        1.9612e-03, 8.6664e-02, 3.5487e-03, 6.5372e-04, 9.3388e-04, 1.0095e-01,
        2.0545e-03, 9.3388e-05, 8.6944e-02, 1.4681e-01])
[2026-06-25 21:40:06,693][root][INFO] - Epoch: 3 | train acc: 0.9357, train loss: 33.80587817, valid acc: 0.9361, valid loss: 0.22240276, test acc: 0.9181, test loss: 0.64264980
[2026-06-25 21:40:06,958][root][INFO] - reg loss: 5.316892767709399, entropy loss: 0.23348404159621586, leaf dev: 0.12325970083475113
[2026-06-25 21:40:06,959][root][INFO] - Val leaf stats: tensor([1.2981e-01, 8.1341e-02, 5.7901e-02, 8.4049e-04, 7.7232e-02, 1.0207e-01,
        2.7549e-02, 1.3074e-03, 1.4942e-03, 3.5487e-03, 9.3388e-05, 9.3388e-05,
        2.8016e-04, 4.9598e-01, 9.3388e-05, 2.0359e-02])
[2026-06-25 21:40:07,820][root][INFO] - Epoch: 4 | train acc: 0.9127, train loss: 18.07438770, valid acc: 0.9101, valid loss: 0.29767570, test acc: 0.8993, test loss: 0.94571102
[2026-06-25 21:40:08,318][root][INFO] - reg loss: 4.770485436474836, entropy loss: 0.2274549744589619, leaf dev: 0.11446419358253479
[2026-06-25 21:40:08,318][root][INFO] - Val leaf stats: tensor([2.5028e-01, 1.5409e-02, 1.1963e-01, 1.8678e-04, 8.6664e-02, 1.2523e-01,
        1.5876e-03, 9.3388e-05, 1.2140e-03, 2.8016e-04, 4.6694e-04, 3.7355e-04,
        0.0000e+00, 3.9830e-01, 1.8678e-04, 9.3388e-05])
[2026-06-25 21:40:08,540][root][INFO] - reg loss: 4.1980510010290395, entropy loss: 0.21914975786650623, leaf dev: 0.2178855687379837
[2026-06-25 21:40:08,541][root][INFO] - Val leaf stats: tensor([8.7654e-01, 0.0000e+00, 1.8678e-04, 0.0000e+00, 7.0975e-02, 0.0000e+00,
        3.1752e-02, 3.7355e-04, 5.6033e-04, 0.0000e+00, 1.5129e-02, 9.3388e-05,
        3.5487e-03, 3.7355e-04, 2.8016e-04, 1.8678e-04])
[2026-06-25 21:40:09,222][root][INFO] - reg loss: 4.4462929831610785, entropy loss: 0.21841749856396328, leaf dev: 0.1461135447025299
[2026-06-25 21:40:09,223][root][INFO] - Val leaf stats: tensor([2.5560e-01, 3.2032e-02, 9.3388e-04, 0.0000e+00, 1.7006e-01, 0.0000e+00,
        1.8678e-04, 2.5215e-03, 0.0000e+00, 9.3388e-05, 5.3614e-01, 0.0000e+00,
        1.7744e-03, 0.0000e+00, 4.6694e-04, 1.8678e-04])
[2026-06-25 21:40:09,773][root][INFO] - Epoch: 3 | train acc: 0.9116, train loss: 5.38271817, valid acc: 0.9093, valid loss: 0.30341162, test acc: 0.9003, test loss: 0.51192487
[2026-06-25 21:40:10,233][root][INFO] - Epoch: 3 | train acc: 0.8974, train loss: 19.36886549, valid acc: 0.8940, valid loss: 0.32890200, test acc: 0.8794, test loss: 0.80038241
[2026-06-25 21:40:11,139][root][INFO] - reg loss: 5.083014823772289, entropy loss: 0.22863655486119489, leaf dev: 0.12053514271974564
[2026-06-25 21:40:11,140][root][INFO] - Val leaf stats: tensor([2.4374e-01, 2.7251e-01, 2.8016e-04, 9.3388e-04, 3.0445e-02, 0.0000e+00,
        1.8678e-04, 1.9612e-03, 9.3388e-04, 9.3388e-05, 3.7542e-01, 0.0000e+00,
        2.7083e-03, 6.9854e-02, 3.7355e-04, 5.6033e-04])
[2026-06-25 21:40:11,276][root][INFO] - Epoch: 4 | train acc: 0.9452, train loss: 9.58344021, valid acc: 0.9395, valid loss: 0.20536771, test acc: 0.9087, test loss: 0.65745831
[2026-06-25 21:40:11,869][root][INFO] - reg loss: 4.759840564122276, entropy loss: 0.2335575523357543, leaf dev: 0.10193883627653122
[2026-06-25 21:40:11,870][root][INFO] - Val leaf stats: tensor([2.9492e-01, 1.2327e-02, 1.7006e-01, 9.3388e-05, 8.8158e-02, 1.8108e-01,
        1.8678e-04, 9.3388e-05, 8.4049e-04, 0.0000e+00, 9.3388e-04, 2.0545e-03,
        0.0000e+00, 2.4851e-01, 2.8016e-04, 4.6694e-04])
[2026-06-25 21:40:12,875][root][INFO] - reg loss: 4.693721291880128, entropy loss: 0.21331624229433677, leaf dev: 0.13016223907470703
[2026-06-25 21:40:12,876][root][INFO] - Val leaf stats: tensor([5.0084e-01, 1.2710e-01, 5.6033e-04, 8.5917e-03, 7.1162e-02, 9.3388e-04,
        9.9925e-02, 0.0000e+00, 0.0000e+00, 1.3074e-03, 1.8575e-01, 0.0000e+00,
        2.8950e-03, 9.3388e-05, 5.6033e-04, 2.8016e-04])
[2026-06-25 21:40:15,605][root][INFO] - Epoch: 4 | train acc: 0.9485, train loss: 5.02546183, valid acc: 0.9438, valid loss: 0.19467617, test acc: 0.9126, test loss: 0.66242073
[2026-06-25 21:40:16,568][root][INFO] - Epoch: 4 | train acc: 0.9441, train loss: 19.05327830, valid acc: 0.9411, valid loss: 0.20996792, test acc: 0.9151, test loss: 0.35846579
[2026-06-25 21:40:16,971][root][INFO] - reg loss: 4.840778403811985, entropy loss: 0.21124580242331065, leaf dev: 0.16592471301555634
[2026-06-25 21:40:16,972][root][INFO] - Val leaf stats: tensor([6.5381e-01, 1.8864e-02, 0.0000e+00, 1.3355e-02, 7.1255e-02, 1.1207e-03,
        3.2312e-02, 5.6033e-04, 5.6033e-04, 8.4049e-04, 2.0331e-01, 0.0000e+00,
        2.1479e-03, 8.4049e-04, 4.6694e-04, 5.6033e-04])
[2026-06-25 21:40:17,893][root][INFO] - reg loss: 4.713662785827799, entropy loss: 0.2221701397466912, leaf dev: 0.11921539902687073
[2026-06-25 21:40:17,894][root][INFO] - Val leaf stats: tensor([3.6263e-01, 2.5682e-02, 1.1543e-01, 5.6033e-04, 8.6664e-02, 5.9582e-02,
        7.4710e-04, 3.7355e-04, 2.1479e-03, 6.5372e-04, 9.3388e-05, 9.3388e-05,
        0.0000e+00, 3.4516e-01, 1.8678e-04, 0.0000e+00])
[2026-06-25 21:40:19,789][root][INFO] - Epoch: 4 | train acc: 0.9093, train loss: 3.17109274, valid acc: 0.9075, valid loss: 0.32576598, test acc: 0.8915, test loss: 0.45691077
[2026-06-25 21:40:21,162][root][INFO] - reg loss: 5.725898313774634, entropy loss: 0.24496188862298532, leaf dev: 0.11631152033805847
[2026-06-25 21:40:21,163][root][INFO] - Val leaf stats: tensor([3.1434e-01, 2.1423e-01, 2.8016e-04, 2.9884e-03, 1.5222e-02, 4.6694e-04,
        1.2234e-02, 2.0545e-03, 2.8016e-04, 1.4569e-02, 3.3919e-01, 7.8446e-03,
        3.6421e-03, 7.0601e-02, 2.0545e-03, 0.0000e+00])
[2026-06-25 21:40:25,295][root][INFO] - Epoch: 4 | train acc: 0.9176, train loss: 5.70890243, valid acc: 0.9169, valid loss: 0.28122441, test acc: 0.8999, test loss: 0.62008267
[2026-06-25 21:40:26,925][root][INFO] - reg loss: 5.433758705381363, entropy loss: 0.22715688540191248, leaf dev: 0.09538352489471436
[2026-06-25 21:40:26,927][root][INFO] - Val leaf stats: tensor([2.6448e-01, 2.0452e-02, 1.6651e-01, 7.4710e-04, 6.9201e-02, 1.0469e-01,
        3.4554e-03, 4.9589e-02, 1.8678e-03, 2.9697e-02, 9.3388e-05, 9.3388e-04,
        9.3388e-05, 2.8595e-01, 7.4710e-04, 1.4942e-03])
[2026-06-25 21:40:28,211][root][INFO] - Epoch: 4 | train acc: 0.9141, train loss: 9.29117388, valid acc: 0.9124, valid loss: 0.29190284, test acc: 0.9027, test loss: 0.84365260
[2026-06-25 21:40:28,728][root][INFO] - Epoch: 4 | train acc: 0.9449, train loss: 2.92618886, valid acc: 0.9407, valid loss: 0.21102847, test acc: 0.9192, test loss: 0.68674361
[2026-06-25 21:40:29,556][root][INFO] - Epoch: 4 | train acc: 0.9427, train loss: 9.79699402, valid acc: 0.9351, valid loss: 0.21429996, test acc: 0.9014, test loss: 0.68334662
[2026-06-25 21:40:29,618][root][INFO] - reg loss: 4.502405762041687, entropy loss: 0.20792168662661598, leaf dev: 0.15258246660232544
[2026-06-25 21:40:29,632][root][INFO] - Val leaf stats: tensor([2.7587e-01, 2.6149e-03, 1.0273e-03, 9.3388e-05, 1.5502e-01, 0.0000e+00,
        0.0000e+00, 2.5215e-03, 1.5876e-03, 4.6694e-04, 5.5818e-01, 0.0000e+00,
        1.2140e-03, 6.5372e-04, 6.5372e-04, 9.3388e-05])
[2026-06-25 21:40:30,179][root][INFO] - reg loss: 5.452253664612139, entropy loss: 0.23747513462942113, leaf dev: 0.13959966599941254
[2026-06-25 21:40:30,179][root][INFO] - Val leaf stats: tensor([5.5669e-01, 9.3948e-02, 2.0545e-03, 1.8304e-02, 1.0273e-03, 1.4942e-03,
        1.1739e-01, 3.7355e-04, 5.6033e-04, 5.6033e-04, 7.8820e-02, 1.2551e-01,
        2.1479e-03, 1.8678e-04, 5.6033e-04, 3.7355e-04])
[2026-06-25 21:40:30,845][root][INFO] - Epoch: 4 | train acc: 0.9078, train loss: 35.49272523, valid acc: 0.9019, valid loss: 0.30088171, test acc: 0.8997, test loss: 0.57770843
[2026-06-25 21:40:31,074][root][INFO] - Epoch: 4 | train acc: 0.9182, train loss: 9.65450135, valid acc: 0.9122, valid loss: 0.29112922, test acc: 0.9014, test loss: 1.48341935
[2026-06-25 21:40:31,101][root][INFO] - reg loss: 4.7994828653083275, entropy loss: 0.22182685696574114, leaf dev: 0.11367212980985641
[2026-06-25 21:40:31,102][root][INFO] - Val leaf stats: tensor([3.7775e-01, 6.7800e-02, 1.8397e-02, 4.6694e-04, 8.6197e-02, 2.5672e-01,
        0.0000e+00, 0.0000e+00, 2.7083e-03, 3.7355e-04, 7.4710e-04, 6.5372e-04,
        1.8678e-04, 1.8799e-01, 0.0000e+00, 0.0000e+00])
[2026-06-25 21:40:31,243][root][INFO] - Epoch: 5 | train acc: 0.9568, train loss: 0.15092639, valid acc: 0.9514, valid loss: 0.16710698, test acc: 0.9285, test loss: 0.31545726
[2026-06-25 21:40:31,575][root][INFO] - Epoch: 5 | train acc: 0.9472, train loss: 2.81217288, valid acc: 0.9399, valid loss: 0.21095086, test acc: 0.9185, test loss: 0.52092573
[2026-06-25 21:40:31,816][root][INFO] - Epoch: 4 | train acc: 0.9405, train loss: 37.65680575, valid acc: 0.9383, valid loss: 0.22253933, test acc: 0.9075, test loss: 0.60697743
[2026-06-25 21:40:32,395][root][INFO] - reg loss: 4.400133869635365, entropy loss: 0.21629277770481412, leaf dev: 0.14209364354610443
[2026-06-25 21:40:32,396][root][INFO] - Val leaf stats: tensor([5.4287e-01, 2.1666e-02, 2.0153e-01, 0.0000e+00, 7.0321e-02, 0.0000e+00,
        0.0000e+00, 2.8016e-04, 1.7744e-03, 2.5215e-03, 1.0273e-03, 1.1207e-03,
        0.0000e+00, 1.5689e-01, 0.0000e+00, 0.0000e+00])
[2026-06-25 21:40:32,540][root][INFO] - Epoch: 4 | train acc: 0.9426, train loss: 33.41978156, valid acc: 0.9416, valid loss: 0.19877253, test acc: 0.9234, test loss: 0.67160278
[2026-06-25 21:40:32,540][root][INFO] - reg loss: 4.6882611229306175, entropy loss: 0.22179193976064207, leaf dev: 0.13479238748550415
[2026-06-25 21:40:32,541][root][INFO] - Val leaf stats: tensor([3.9783e-02, 3.0911e-02, 2.2507e-01, 7.4710e-04, 7.4897e-02, 1.0964e-01,
        0.0000e+00, 2.4281e-03, 6.5372e-04, 4.6694e-04, 1.8678e-04, 2.8016e-04,
        2.8016e-04, 5.1401e-01, 0.0000e+00, 6.5372e-04])
[2026-06-25 21:40:32,957][root][INFO] - reg loss: 7.556479224452266, entropy loss: 0.40277563264130284, leaf dev: 0.08775827288627625
[2026-06-25 21:40:32,958][root][INFO] - Val leaf stats: tensor([3.2060e-01, 1.0796e-01, 1.2047e-01, 6.0702e-03, 1.4008e-03, 9.3388e-04,
        2.3347e-03, 7.6111e-02, 3.2686e-03, 5.6033e-04, 4.2025e-03, 1.0572e-01,
        2.7083e-03, 1.8678e-04, 9.7310e-02, 1.5017e-01])
[2026-06-25 21:40:33,054][root][INFO] - reg loss: 5.25370490109479, entropy loss: 0.21678189318331462, leaf dev: 0.1032337173819542
[2026-06-25 21:40:33,054][root][INFO] - Val leaf stats: tensor([1.7968e-01, 9.7777e-02, 8.2275e-02, 9.3388e-04, 7.6018e-02, 1.1926e-01,
        2.7363e-02, 8.4049e-04, 2.7083e-03, 4.6694e-03, 9.3388e-05, 4.6694e-04,
        9.3388e-05, 3.9074e-01, 9.3388e-05, 1.6997e-02])
[2026-06-25 21:40:33,507][root][INFO] - reg loss: 4.680458639033888, entropy loss: 0.21439157450009907, leaf dev: 0.11750578880310059
[2026-06-25 21:40:33,508][root][INFO] - Val leaf stats: tensor([2.3711e-01, 1.4662e-02, 1.1197e-01, 1.8678e-04, 8.6758e-02, 1.2346e-01,
        1.8678e-03, 9.3388e-05, 9.3388e-04, 2.8016e-04, 3.7355e-04, 3.7355e-04,
        0.0000e+00, 4.2174e-01, 1.8678e-04, 0.0000e+00])
[2026-06-25 21:40:33,550][root][INFO] - Epoch: 5 | train acc: 0.9209, train loss: 17.79552432, valid acc: 0.9149, valid loss: 0.27849955, test acc: 0.9053, test loss: 1.02511186
[2026-06-25 21:40:34,147][root][INFO] - reg loss: 4.152480024509329, entropy loss: 0.21041451260526345, leaf dev: 0.2187758833169937
[2026-06-25 21:40:34,148][root][INFO] - Val leaf stats: tensor([8.7990e-01, 9.3388e-05, 1.8678e-04, 0.0000e+00, 7.1722e-02, 0.0000e+00,
        2.9511e-02, 9.3388e-05, 7.4710e-04, 0.0000e+00, 1.3635e-02, 0.0000e+00,
        3.5487e-03, 9.3388e-05, 2.8016e-04, 1.8678e-04])
[2026-06-25 21:40:35,154][root][INFO] - reg loss: 4.3827874849713035, entropy loss: 0.20942415722778865, leaf dev: 0.14719761908054352
[2026-06-25 21:40:35,155][root][INFO] - Val leaf stats: tensor([2.5047e-01, 3.3153e-02, 9.3388e-04, 0.0000e+00, 1.6595e-01, 0.0000e+00,
        1.8678e-04, 2.5215e-03, 0.0000e+00, 9.3388e-05, 5.4417e-01, 0.0000e+00,
        1.7744e-03, 0.0000e+00, 6.5372e-04, 9.3388e-05])
[2026-06-25 21:40:35,573][root][INFO] - Epoch: 4 | train acc: 0.9219, train loss: 5.27389678, valid acc: 0.9107, valid loss: 0.29297830, test acc: 0.9020, test loss: 0.53179866
[2026-06-25 21:40:36,086][root][INFO] - Epoch: 4 | train acc: 0.9105, train loss: 18.83327201, valid acc: 0.9047, valid loss: 0.29867454, test acc: 0.8896, test loss: 0.67486040
[2026-06-25 21:40:36,750][root][INFO] - Epoch: 5 | train acc: 0.9523, train loss: 9.43970837, valid acc: 0.9436, valid loss: 0.19262191, test acc: 0.9150, test loss: 0.66234522
[2026-06-25 21:40:37,075][root][INFO] - reg loss: 5.0052725978629296, entropy loss: 0.21280150525468997, leaf dev: 0.11931667476892471
[2026-06-25 21:40:37,076][root][INFO] - Val leaf stats: tensor([0.2688, 0.2818, 0.0004, 0.0006, 0.0261, 0.0000, 0.0004, 0.0014, 0.0007,
        0.0000, 0.3446, 0.0000, 0.0039, 0.0701, 0.0007, 0.0006])
[2026-06-25 21:40:37,453][root][INFO] - reg loss: 4.636341231209891, entropy loss: 0.21718952745672257, leaf dev: 0.10266529023647308
[2026-06-25 21:40:37,454][root][INFO] - Val leaf stats: tensor([3.0650e-01, 1.4288e-02, 1.8108e-01, 0.0000e+00, 8.6197e-02, 1.6165e-01,
        9.3388e-05, 9.3388e-05, 2.8016e-04, 0.0000e+00, 9.3388e-04, 2.6149e-03,
        0.0000e+00, 2.4514e-01, 2.8016e-04, 8.4049e-04])
[2026-06-25 21:40:38,093][root][INFO] - reg loss: 4.633712392635446, entropy loss: 0.20153595262734347, leaf dev: 0.13112999498844147
[2026-06-25 21:40:38,094][root][INFO] - Val leaf stats: tensor([5.0514e-01, 1.1842e-01, 3.7355e-04, 8.4983e-03, 7.1162e-02, 9.3388e-04,
        1.0077e-01, 0.0000e+00, 0.0000e+00, 1.4008e-03, 1.8958e-01, 0.0000e+00,
        2.8016e-03, 0.0000e+00, 5.6033e-04, 3.7355e-04])
[2026-06-25 21:40:40,052][root][INFO] - Epoch: 5 | train acc: 0.9540, train loss: 4.92365119, valid acc: 0.9513, valid loss: 0.17939359, test acc: 0.9297, test loss: 0.57388994
[2026-06-25 21:40:41,353][root][INFO] - Epoch: 5 | train acc: 0.9446, train loss: 18.84530299, valid acc: 0.9391, valid loss: 0.21082913, test acc: 0.9005, test loss: 0.43386858
[2026-06-25 21:40:41,559][root][INFO] - reg loss: 4.758730005334924, entropy loss: 0.20019094456755926, leaf dev: 0.17008176445960999
[2026-06-25 21:40:41,560][root][INFO] - Val leaf stats: tensor([6.7323e-01, 1.2888e-02, 0.0000e+00, 1.2514e-02, 7.1442e-02, 1.1207e-03,
        3.1285e-02, 5.6033e-04, 4.6694e-04, 1.1207e-03, 1.9173e-01, 0.0000e+00,
        1.8678e-03, 7.4710e-04, 4.6694e-04, 5.6033e-04])
[2026-06-25 21:40:42,964][root][INFO] - reg loss: 4.6624678934692705, entropy loss: 0.21132907980964297, leaf dev: 0.12428990006446838
[2026-06-25 21:40:42,965][root][INFO] - Val leaf stats: tensor([3.2387e-01, 2.2787e-02, 9.7310e-02, 3.7355e-04, 8.4610e-02, 5.4258e-02,
        1.0273e-03, 2.8016e-04, 1.8678e-03, 1.5876e-03, 3.7355e-04, 9.3388e-05,
        0.0000e+00, 4.1137e-01, 1.8678e-04, 0.0000e+00])
[2026-06-25 21:40:43,576][root][INFO] - Epoch: 5 | train acc: 0.9203, train loss: 3.01135455, valid acc: 0.9196, valid loss: 0.28531228, test acc: 0.9011, test loss: 0.44707234
[2026-06-25 21:40:44,975][root][INFO] - reg loss: 5.479887995139632, entropy loss: 0.23050640042496737, leaf dev: 0.11311110854148865
[2026-06-25 21:40:44,983][root][INFO] - Val leaf stats: tensor([3.2863e-01, 2.2338e-01, 0.0000e+00, 3.2686e-03, 1.6530e-02, 1.8678e-04,
        1.3448e-02, 2.1479e-03, 2.8016e-04, 1.9238e-02, 3.0006e-01, 1.5129e-02,
        2.2413e-03, 7.3496e-02, 1.6810e-03, 2.8016e-04])
[2026-06-25 21:40:50,163][root][INFO] - Epoch: 5 | train acc: 0.9289, train loss: 5.40597300, valid acc: 0.9244, valid loss: 0.25326149, test acc: 0.9071, test loss: 0.55060694
[2026-06-25 21:40:51,466][root][INFO] - reg loss: 5.168329178340851, entropy loss: 0.20737795334644418, leaf dev: 0.09622067213058472
[2026-06-25 21:40:51,467][root][INFO] - Val leaf stats: tensor([2.1395e-01, 2.0265e-02, 1.6801e-01, 1.1207e-03, 7.3123e-02, 1.0861e-01,
        4.6694e-04, 4.4453e-02, 1.8678e-03, 3.8569e-02, 1.8678e-04, 1.0273e-03,
        9.3388e-05, 3.2611e-01, 5.6033e-04, 1.5876e-03])
[2026-06-25 21:40:53,207][root][INFO] - Epoch: 5 | train acc: 0.9222, train loss: 9.23758753, valid acc: 0.9169, valid loss: 0.27232696, test acc: 0.9053, test loss: 0.96771645
[2026-06-25 21:40:53,270][root][INFO] - Epoch: 5 | train acc: 0.9472, train loss: 2.88462352, valid acc: 0.9435, valid loss: 0.20188172, test acc: 0.9181, test loss: 0.78517973
[2026-06-25 21:40:54,743][root][INFO] - reg loss: 4.487291805327884, entropy loss: 0.20120615736832695, leaf dev: 0.1525053083896637
[2026-06-25 21:40:54,745][root][INFO] - Val leaf stats: tensor([2.5925e-01, 6.3504e-03, 1.0273e-03, 9.3388e-05, 1.6137e-01, 0.0000e+00,
        0.0000e+00, 2.5215e-03, 1.7744e-03, 1.8678e-04, 5.6397e-01, 0.0000e+00,
        1.3074e-03, 1.3074e-03, 7.4710e-04, 9.3388e-05])
[2026-06-25 21:40:54,832][root][INFO] - reg loss: 5.385838783607281, entropy loss: 0.22017900653617092, leaf dev: 0.11265558004379272
[2026-06-25 21:40:54,833][root][INFO] - Val leaf stats: tensor([3.7374e-01, 2.8044e-01, 1.6810e-03, 1.9705e-02, 8.4049e-04, 1.5876e-03,
        1.1617e-01, 2.8016e-04, 4.6694e-04, 1.8678e-03, 8.2555e-02, 1.1758e-01,
        2.1479e-03, 1.8678e-04, 3.7355e-04, 3.7355e-04])
[2026-06-25 21:40:55,240][root][INFO] - Epoch: 5 | train acc: 0.9485, train loss: 9.60898653, valid acc: 0.9411, valid loss: 0.19646277, test acc: 0.9156, test loss: 0.65869703
[2026-06-25 21:40:55,861][root][INFO] - Epoch: 5 | train acc: 0.9155, train loss: 35.09785007, valid acc: 0.9105, valid loss: 0.28614082, test acc: 0.9028, test loss: 0.59322403
[2026-06-25 21:40:56,456][root][INFO] - Epoch: 5 | train acc: 0.9259, train loss: 9.49603394, valid acc: 0.9233, valid loss: 0.26734355, test acc: 0.9055, test loss: 1.65272727
[2026-06-25 21:40:56,734][root][INFO] - reg loss: 4.715149823950712, entropy loss: 0.2136251918537907, leaf dev: 0.11160942167043686
[2026-06-25 21:40:56,735][root][INFO] - Val leaf stats: tensor([3.6300e-01, 7.6952e-02, 1.2421e-02, 3.7355e-04, 9.1801e-02, 2.5177e-01,
        0.0000e+00, 0.0000e+00, 2.6149e-03, 0.0000e+00, 8.4049e-04, 7.4710e-04,
        2.8016e-04, 1.9920e-01, 0.0000e+00, 0.0000e+00])
[2026-06-25 21:40:56,837][root][INFO] - Epoch: 6 | train acc: 0.9543, train loss: 2.80059350, valid acc: 0.9491, valid loss: 0.17892251, test acc: 0.9233, test loss: 0.54283871
[2026-06-25 21:40:57,316][root][INFO] - reg loss: 4.353528706485002, entropy loss: 0.20730024331776553, leaf dev: 0.14648441970348358
[2026-06-25 21:40:57,317][root][INFO] - Val leaf stats: tensor([5.6845e-01, 2.1479e-02, 1.7846e-01, 0.0000e+00, 7.0415e-02, 0.0000e+00,
        0.0000e+00, 2.8016e-04, 1.6810e-03, 2.4281e-03, 9.3388e-04, 1.1207e-03,
        0.0000e+00, 1.5474e-01, 0.0000e+00, 0.0000e+00])
[2026-06-25 21:40:57,380][root][INFO] - Epoch: 6 | train acc: 0.9625, train loss: 0.13304671, valid acc: 0.9580, valid loss: 0.15101787, test acc: 0.9317, test loss: 0.29603530
[2026-06-25 21:40:57,528][root][INFO] - Epoch: 5 | train acc: 0.9493, train loss: 33.06330829, valid acc: 0.9482, valid loss: 0.18403619, test acc: 0.9276, test loss: 0.69429553
[2026-06-25 21:40:57,739][root][INFO] - Epoch: 5 | train acc: 0.9468, train loss: 37.09258714, valid acc: 0.9422, valid loss: 0.20751860, test acc: 0.9124, test loss: 0.64967636
[2026-06-25 21:40:57,975][root][INFO] - reg loss: 4.621034152924069, entropy loss: 0.2159499496063858, leaf dev: 0.1277080625295639
[2026-06-25 21:40:57,976][root][INFO] - Val leaf stats: tensor([5.3511e-02, 3.5114e-02, 2.1871e-01, 1.0273e-03, 7.5738e-02, 1.2122e-01,
        0.0000e+00, 2.2413e-03, 7.4710e-04, 4.6694e-04, 2.8016e-04, 2.8016e-04,
        4.6694e-04, 4.8450e-01, 0.0000e+00, 5.6967e-03])
[2026-06-25 21:40:58,445][root][INFO] - reg loss: 5.283704119384604, entropy loss: 0.21142659048554757, leaf dev: 0.1070704460144043
[2026-06-25 21:40:58,446][root][INFO] - Val leaf stats: tensor([1.6885e-01, 9.2081e-02, 8.1434e-02, 9.3388e-04, 7.7606e-02, 1.0487e-01,
        3.2592e-02, 7.4710e-04, 2.4281e-03, 3.8289e-03, 1.8678e-04, 5.6033e-04,
        1.8678e-04, 4.1520e-01, 0.0000e+00, 1.8491e-02])
[2026-06-25 21:40:59,065][root][INFO] - reg loss: 7.34139540586522, entropy loss: 0.3947362041977978, leaf dev: 0.08654946088790894
[2026-06-25 21:40:59,066][root][INFO] - Val leaf stats: tensor([3.1360e-01, 1.0516e-01, 1.1711e-01, 1.2327e-02, 1.5876e-03, 1.5876e-03,
        4.1091e-03, 8.1715e-02, 3.2686e-03, 6.5372e-04, 4.3892e-03, 1.0880e-01,
        2.3347e-03, 1.8678e-04, 8.0034e-02, 1.6315e-01])
[2026-06-25 21:40:59,236][root][INFO] - reg loss: 4.110202955821204, entropy loss: 0.20295273232712316, leaf dev: 0.22191305458545685
[2026-06-25 21:40:59,237][root][INFO] - Val leaf stats: tensor([8.9176e-01, 0.0000e+00, 9.3388e-05, 0.0000e+00, 7.1629e-02, 0.0000e+00,
        2.8016e-02, 9.3388e-05, 1.0273e-03, 0.0000e+00, 3.2686e-03, 0.0000e+00,
        3.4554e-03, 9.3388e-05, 4.6694e-04, 9.3388e-05])
[2026-06-25 21:40:59,298][root][INFO] - reg loss: 4.612943157317146, entropy loss: 0.20451839386470735, leaf dev: 0.11873652040958405
[2026-06-25 21:40:59,298][root][INFO] - Val leaf stats: tensor([2.3562e-01, 1.7183e-02, 1.0534e-01, 1.8678e-04, 8.7691e-02, 1.1944e-01,
        1.8678e-03, 9.3388e-05, 1.0273e-03, 2.8016e-04, 5.6033e-04, 3.7355e-04,
        0.0000e+00, 4.3024e-01, 9.3388e-05, 0.0000e+00])
[2026-06-25 21:40:59,433][root][INFO] - Epoch: 6 | train acc: 0.9271, train loss: 17.67184942, valid acc: 0.9167, valid loss: 0.26809978, test acc: 0.9062, test loss: 1.12876413
[2026-06-25 21:41:00,686][root][INFO] - Epoch: 5 | train acc: 0.9267, train loss: 5.22394108, valid acc: 0.9198, valid loss: 0.27991898, test acc: 0.9037, test loss: 0.58828599
[2026-06-25 21:41:01,109][root][INFO] - reg loss: 4.3567034655777865, entropy loss: 0.2034514177413214, leaf dev: 0.14561358094215393
[2026-06-25 21:41:01,110][root][INFO] - Val leaf stats: tensor([2.5514e-01, 3.8476e-02, 4.6694e-04, 9.3388e-05, 1.6436e-01, 0.0000e+00,
        1.8678e-04, 2.9884e-03, 0.0000e+00, 9.3388e-05, 5.3567e-01, 0.0000e+00,
        1.6810e-03, 0.0000e+00, 7.4710e-04, 9.3388e-05])
[2026-06-25 21:41:01,482][root][INFO] - Epoch: 5 | train acc: 0.9189, train loss: 18.55411211, valid acc: 0.9117, valid loss: 0.28062921, test acc: 0.8948, test loss: 0.70972194
[2026-06-25 21:41:01,940][root][INFO] - Epoch: 6 | train acc: 0.9569, train loss: 9.36533000, valid acc: 0.9456, valid loss: 0.18321360, test acc: 0.9188, test loss: 0.67915367
[2026-06-25 21:41:02,316][root][INFO] - reg loss: 4.97168983731951, entropy loss: 0.20484020667416708, leaf dev: 0.11760201305150986
[2026-06-25 21:41:02,317][root][INFO] - Val leaf stats: tensor([3.5880e-01, 2.8353e-01, 3.7355e-04, 1.3074e-03, 4.4546e-02, 0.0000e+00,
        4.6694e-04, 1.1207e-03, 1.7744e-03, 9.3388e-05, 2.3216e-01, 0.0000e+00,
        4.5760e-03, 7.0134e-02, 3.7355e-04, 7.4710e-04])
[2026-06-25 21:41:03,026][root][INFO] - reg loss: 4.573546200202256, entropy loss: 0.20617565796488807, leaf dev: 0.10219062864780426
[2026-06-25 21:41:03,027][root][INFO] - Val leaf stats: tensor([3.0575e-01, 1.5035e-02, 1.7193e-01, 0.0000e+00, 9.0493e-02, 1.6744e-01,
        9.3388e-05, 9.3388e-05, 1.8678e-04, 0.0000e+00, 1.0273e-03, 2.6149e-03,
        0.0000e+00, 2.4421e-01, 2.8016e-04, 8.4049e-04])
[2026-06-25 21:41:03,378][root][INFO] - reg loss: 4.603714584673523, entropy loss: 0.1935847406349485, leaf dev: 0.1339181810617447
[2026-06-25 21:41:03,379][root][INFO] - Val leaf stats: tensor([5.1942e-01, 1.1449e-01, 1.8678e-04, 1.1487e-02, 7.1162e-02, 1.0273e-03,
        8.8158e-02, 0.0000e+00, 9.3388e-05, 1.5876e-03, 1.8874e-01, 0.0000e+00,
        2.5215e-03, 9.3388e-05, 7.4710e-04, 2.8016e-04])
[2026-06-25 21:41:04,969][root][INFO] - Epoch: 6 | train acc: 0.9572, train loss: 4.86310620, valid acc: 0.9520, valid loss: 0.17419322, test acc: 0.9317, test loss: 0.58242408
[2026-06-25 21:41:06,346][root][INFO] - reg loss: 4.709251101054843, entropy loss: 0.19158085321307813, leaf dev: 0.1705893725156784
[2026-06-25 21:41:06,347][root][INFO] - Val leaf stats: tensor([6.7585e-01, 1.3355e-02, 0.0000e+00, 1.3355e-02, 7.1442e-02, 1.1207e-03,
        2.9417e-02, 4.6694e-04, 5.6033e-04, 1.1207e-03, 1.8948e-01, 0.0000e+00,
        1.7744e-03, 8.4049e-04, 6.5372e-04, 5.6033e-04])
[2026-06-25 21:41:06,582][root][INFO] - Epoch: 6 | train acc: 0.9439, train loss: 18.84791825, valid acc: 0.9430, valid loss: 0.20156199, test acc: 0.8959, test loss: 0.49000712
[2026-06-25 21:41:07,656][root][INFO] - Epoch: 6 | train acc: 0.9308, train loss: 2.99216424, valid acc: 0.9269, valid loss: 0.25849098, test acc: 0.9060, test loss: 0.56934934
[2026-06-25 21:41:08,007][root][INFO] - reg loss: 4.66338482104912, entropy loss: 0.20285570440153597, leaf dev: 0.11762190610170364
[2026-06-25 21:41:08,008][root][INFO] - Val leaf stats: tensor([2.5943e-01, 2.2413e-02, 8.4983e-02, 5.6033e-04, 9.7964e-02, 1.1468e-01,
        9.3388e-04, 2.8016e-04, 1.8678e-03, 1.3074e-03, 2.8016e-04, 9.3388e-05,
        0.0000e+00, 4.1502e-01, 1.8678e-04, 0.0000e+00])
[2026-06-25 21:41:09,080][root][INFO] - reg loss: 5.5054295075633535, entropy loss: 0.20985542939453528, leaf dev: 0.10978169739246368
[2026-06-25 21:41:09,081][root][INFO] - Val leaf stats: tensor([2.9483e-01, 2.2936e-01, 1.8678e-04, 6.2570e-03, 1.3541e-02, 1.8678e-04,
        1.4102e-02, 2.0545e-03, 4.6694e-04, 2.9511e-02, 3.1080e-01, 1.9331e-02,
        3.7355e-03, 7.3963e-02, 1.4942e-03, 1.8678e-04])
[2026-06-25 21:41:15,013][root][INFO] - Epoch: 6 | train acc: 0.9365, train loss: 5.31381643, valid acc: 0.9278, valid loss: 0.24346565, test acc: 0.9012, test loss: 0.54519668
[2026-06-25 21:41:16,550][root][INFO] - reg loss: 5.10223789063711, entropy loss: 0.20108070811897358, leaf dev: 0.09345673024654388
[2026-06-25 21:41:16,551][root][INFO] - Val leaf stats: tensor([2.2124e-01, 1.8678e-02, 1.5325e-01, 1.1207e-03, 7.3777e-02, 1.1020e-01,
        1.4942e-03, 5.1830e-02, 1.8678e-03, 5.0149e-02, 1.8678e-04, 8.4049e-04,
        9.3388e-05, 3.1294e-01, 7.4710e-04, 1.5876e-03])
[2026-06-25 21:41:18,475][root][INFO] - Epoch: 6 | train acc: 0.9279, train loss: 9.15715239, valid acc: 0.9178, valid loss: 0.26721480, test acc: 0.9056, test loss: 1.03312577
[2026-06-25 21:41:19,041][root][INFO] - Epoch: 6 | train acc: 0.9548, train loss: 2.83661769, valid acc: 0.9431, valid loss: 0.20299200, test acc: 0.9159, test loss: 0.84980677
[2026-06-25 21:41:20,308][root][INFO] - reg loss: 4.45527153923398, entropy loss: 0.19044525054081407, leaf dev: 0.14977425336837769
[2026-06-25 21:41:20,309][root][INFO] - Val leaf stats: tensor([2.5318e-01, 6.5372e-03, 1.4008e-03, 0.0000e+00, 1.7669e-01, 0.0000e+00,
        9.3388e-05, 2.1479e-03, 4.8562e-03, 4.6694e-04, 5.5099e-01, 0.0000e+00,
        1.4008e-03, 1.4942e-03, 7.4710e-04, 0.0000e+00])
[2026-06-25 21:41:20,537][root][INFO] - Epoch: 6 | train acc: 0.9528, train loss: 9.46961266, valid acc: 0.9445, valid loss: 0.18852766, test acc: 0.9169, test loss: 0.69171070
[2026-06-25 21:41:20,711][root][INFO] - reg loss: 5.340752573871108, entropy loss: 0.21237176096943952, leaf dev: 0.11516579240560532
[2026-06-25 21:41:20,712][root][INFO] - Val leaf stats: tensor([4.1399e-01, 2.4300e-01, 2.2413e-03, 2.7176e-02, 5.6033e-04, 1.7744e-03,
        1.0870e-01, 3.7355e-04, 6.5372e-04, 8.7785e-03, 8.1434e-02, 1.0833e-01,
        2.1479e-03, 9.3388e-05, 3.7355e-04, 3.7355e-04])
[2026-06-25 21:41:21,949][root][INFO] - Epoch: 6 | train acc: 0.9201, train loss: 34.67415772, valid acc: 0.9128, valid loss: 0.27283725, test acc: 0.9009, test loss: 0.61069715
[2026-06-25 21:41:22,088][root][INFO] - reg loss: 4.652865939670139, entropy loss: 0.20541160959730703, leaf dev: 0.11410132050514221
[2026-06-25 21:41:22,089][root][INFO] - Val leaf stats: tensor([3.9466e-01, 7.5738e-02, 1.4662e-02, 3.7355e-04, 9.1520e-02, 2.1750e-01,
        0.0000e+00, 0.0000e+00, 2.6149e-03, 0.0000e+00, 8.4049e-04, 6.5372e-04,
        4.6694e-04, 2.0097e-01, 0.0000e+00, 0.0000e+00])
[2026-06-25 21:41:22,304][root][INFO] - Epoch: 6 | train acc: 0.9324, train loss: 9.45091016, valid acc: 0.9272, valid loss: 0.24642212, test acc: 0.9055, test loss: 1.01033975
[2026-06-25 21:41:22,316][root][INFO] - Epoch: 7 | train acc: 0.9549, train loss: 2.70398062, valid acc: 0.9476, valid loss: 0.18156396, test acc: 0.9248, test loss: 0.51459152
[2026-06-25 21:41:22,841][root][INFO] - Epoch: 7 | train acc: 0.9633, train loss: 0.12866031, valid acc: 0.9502, valid loss: 0.16758041, test acc: 0.9251, test loss: 0.42344612
[2026-06-25 21:41:23,020][root][INFO] - Epoch: 6 | train acc: 0.9512, train loss: 36.70402271, valid acc: 0.9426, valid loss: 0.19665062, test acc: 0.9127, test loss: 0.70049112
[2026-06-25 21:41:23,437][root][INFO] - reg loss: 4.3021951630001976, entropy loss: 0.19946137078540035, leaf dev: 0.14792130887508392
[2026-06-25 21:41:23,443][root][INFO] - Val leaf stats: tensor([5.7508e-01, 2.0265e-02, 1.8463e-01, 0.0000e+00, 7.0601e-02, 0.0000e+00,
        0.0000e+00, 1.8678e-04, 1.8678e-03, 2.1479e-03, 9.3388e-04, 1.1207e-03,
        0.0000e+00, 1.4316e-01, 0.0000e+00, 0.0000e+00])
[2026-06-25 21:41:23,765][root][INFO] - reg loss: 4.609239406686611, entropy loss: 0.20577614545506775, leaf dev: 0.12734128534793854
[2026-06-25 21:41:23,766][root][INFO] - Val leaf stats: tensor([5.9675e-02, 3.9597e-02, 2.2525e-01, 7.4710e-04, 7.4617e-02, 1.1235e-01,
        0.0000e+00, 1.7744e-03, 1.2140e-03, 5.6033e-04, 2.8016e-04, 3.7355e-04,
        2.8016e-04, 4.8132e-01, 1.8678e-04, 1.7744e-03])
[2026-06-25 21:41:23,795][root][INFO] - Epoch: 6 | train acc: 0.9540, train loss: 32.84822543, valid acc: 0.9492, valid loss: 0.17683810, test acc: 0.9280, test loss: 0.75227827
[2026-06-25 21:41:24,015][root][INFO] - reg loss: 5.090388860652055, entropy loss: 0.19400866786954263, leaf dev: 0.11684708297252655
[2026-06-25 21:41:24,016][root][INFO] - Val leaf stats: tensor([1.7669e-01, 9.4509e-02, 1.2449e-01, 5.6033e-04, 8.1715e-02, 1.9331e-02,
        2.1012e-02, 2.0545e-03, 1.9612e-03, 5.1363e-03, 4.6694e-04, 1.8678e-04,
        2.8016e-04, 4.5134e-01, 0.0000e+00, 2.0265e-02])
[2026-06-25 21:41:24,372][root][INFO] - reg loss: 7.293503236518335, entropy loss: 0.39143542574827, leaf dev: 0.08391261845827103
[2026-06-25 21:41:24,372][root][INFO] - Val leaf stats: tensor([0.3044, 0.1033, 0.0954, 0.0401, 0.0007, 0.0016, 0.0033, 0.0808, 0.0025,
        0.0004, 0.0035, 0.1147, 0.0023, 0.0006, 0.0787, 0.1679])
[2026-06-25 21:41:24,641][root][INFO] - reg loss: 4.56636634200969, entropy loss: 0.19684907525935502, leaf dev: 0.12142325937747955
[2026-06-25 21:41:24,642][root][INFO] - Val leaf stats: tensor([2.2432e-01, 1.4755e-02, 1.0086e-01, 1.8678e-04, 8.7972e-02, 1.1907e-01,
        1.8678e-03, 1.8678e-04, 9.3388e-04, 2.8016e-04, 6.5372e-04, 3.7355e-04,
        9.3388e-05, 4.4836e-01, 9.3388e-05, 0.0000e+00])
[2026-06-25 21:41:25,574][root][INFO] - reg loss: 4.084870002887867, entropy loss: 0.19737877251294556, leaf dev: 0.22196698188781738
[2026-06-25 21:41:25,575][root][INFO] - Val leaf stats: tensor([8.9195e-01, 0.0000e+00, 9.3388e-05, 0.0000e+00, 7.1722e-02, 0.0000e+00,
        2.8297e-02, 9.3388e-05, 1.0273e-03, 0.0000e+00, 2.7083e-03, 0.0000e+00,
        3.4554e-03, 9.3388e-05, 5.6033e-04, 0.0000e+00])
[2026-06-25 21:41:25,698][root][INFO] - Epoch: 7 | train acc: 0.9324, train loss: 17.57791119, valid acc: 0.9223, valid loss: 0.25516291, test acc: 0.9097, test loss: 1.22728696
[2026-06-25 21:41:26,071][root][INFO] - Epoch: 6 | train acc: 0.9325, train loss: 5.23549221, valid acc: 0.9234, valid loss: 0.25428966, test acc: 0.9003, test loss: 0.61034768
[2026-06-25 21:41:26,581][root][INFO] - Epoch: 7 | train acc: 0.9599, train loss: 9.27421112, valid acc: 0.9494, valid loss: 0.17099967, test acc: 0.9224, test loss: 0.66153700
[2026-06-25 21:41:27,398][root][INFO] - reg loss: 4.3366227856388795, entropy loss: 0.19840488547370547, leaf dev: 0.1448923945426941
[2026-06-25 21:41:27,399][root][INFO] - Val leaf stats: tensor([2.5822e-01, 3.6515e-02, 6.5372e-04, 9.3388e-05, 1.6885e-01, 0.0000e+00,
        1.8678e-04, 2.8016e-03, 0.0000e+00, 9.3388e-05, 5.2998e-01, 0.0000e+00,
        1.7744e-03, 0.0000e+00, 7.4710e-04, 9.3388e-05])
[2026-06-25 21:41:27,775][root][INFO] - reg loss: 5.001708378867497, entropy loss: 0.19724260522890344, leaf dev: 0.11805944889783859
[2026-06-25 21:41:27,776][root][INFO] - Val leaf stats: tensor([2.1507e-01, 2.8530e-01, 4.6694e-04, 5.6033e-04, 4.8935e-02, 0.0000e+00,
        4.6694e-04, 1.4942e-03, 3.0818e-03, 9.3388e-05, 3.6963e-01, 0.0000e+00,
        4.1091e-03, 6.9761e-02, 3.7355e-04, 6.5372e-04])
[2026-06-25 21:41:27,831][root][INFO] - Epoch: 6 | train acc: 0.9241, train loss: 18.37337483, valid acc: 0.9102, valid loss: 0.28187759, test acc: 0.8915, test loss: 0.75720689
[2026-06-25 21:41:28,190][root][INFO] - reg loss: 4.565119811466762, entropy loss: 0.18689771540581235, leaf dev: 0.13704003393650055
[2026-06-25 21:41:28,191][root][INFO] - Val leaf stats: tensor([5.3623e-01, 1.0347e-01, 3.7355e-04, 9.5256e-03, 7.1255e-02, 9.3388e-04,
        9.4602e-02, 0.0000e+00, 0.0000e+00, 1.6810e-03, 1.7837e-01, 0.0000e+00,
        2.6149e-03, 0.0000e+00, 6.5372e-04, 2.8016e-04])
[2026-06-25 21:41:29,334][root][INFO] - reg loss: 4.532561186129454, entropy loss: 0.19798525986532686, leaf dev: 0.10035134106874466
[2026-06-25 21:41:29,335][root][INFO] - Val leaf stats: tensor([2.7213e-01, 1.1767e-02, 1.9555e-01, 1.8678e-04, 9.1707e-02, 1.7352e-01,
        9.3388e-05, 0.0000e+00, 1.8678e-04, 0.0000e+00, 1.0273e-03, 2.5215e-03,
        0.0000e+00, 2.5019e-01, 2.8016e-04, 8.4049e-04])
[2026-06-25 21:41:30,094][root][INFO] - Epoch: 7 | train acc: 0.9607, train loss: 4.79394177, valid acc: 0.9529, valid loss: 0.16788497, test acc: 0.9314, test loss: 0.60285617
[2026-06-25 21:41:30,779][root][INFO] - Epoch: 7 | train acc: 0.9531, train loss: 18.62719267, valid acc: 0.9468, valid loss: 0.18859147, test acc: 0.9055, test loss: 0.49631277
[2026-06-25 21:41:31,612][root][INFO] - reg loss: 4.652212967948308, entropy loss: 0.1846222116675957, leaf dev: 0.17218130826950073
[2026-06-25 21:41:31,613][root][INFO] - Val leaf stats: tensor([6.8332e-01, 8.1248e-03, 0.0000e+00, 1.3261e-02, 7.1442e-02, 1.1207e-03,
        3.2686e-02, 4.6694e-04, 4.6694e-04, 9.3388e-04, 1.8397e-01, 0.0000e+00,
        1.7744e-03, 1.0273e-03, 8.4049e-04, 5.6033e-04])
[2026-06-25 21:41:32,156][root][INFO] - Epoch: 7 | train acc: 0.9392, train loss: 2.95265232, valid acc: 0.9306, valid loss: 0.24509042, test acc: 0.9114, test loss: 0.92393941
[2026-06-25 21:41:32,231][root][INFO] - reg loss: 4.615163964569254, entropy loss: 0.19357443660024612, leaf dev: 0.11843731999397278
[2026-06-25 21:41:32,232][root][INFO] - Val leaf stats: tensor([2.6746e-01, 2.1386e-02, 8.7038e-02, 5.6033e-04, 9.4509e-02, 1.0852e-01,
        9.3388e-04, 2.8016e-04, 1.9612e-03, 1.2140e-03, 2.8016e-04, 9.3388e-05,
        0.0000e+00, 4.1548e-01, 1.8678e-04, 9.3388e-05])
[2026-06-25 21:41:33,598][root][INFO] - reg loss: 5.475073849713361, entropy loss: 0.20334266969766565, leaf dev: 0.11295173317193985
[2026-06-25 21:41:33,599][root][INFO] - Val leaf stats: tensor([2.4617e-01, 2.2002e-01, 3.7355e-04, 7.9380e-03, 1.4755e-02, 9.3388e-05,
        1.7370e-02, 2.1479e-03, 4.6694e-04, 3.9036e-02, 3.7019e-01, 6.5372e-04,
        3.4554e-03, 7.5458e-02, 1.6810e-03, 1.8678e-04])
[2026-06-25 21:41:39,103][root][INFO] - Epoch: 7 | train acc: 0.9401, train loss: 5.25802872, valid acc: 0.9234, valid loss: 0.24793590, test acc: 0.9010, test loss: 0.74774020
[2026-06-25 21:41:40,563][root][INFO] - reg loss: 5.057372509487092, entropy loss: 0.18876502572228668, leaf dev: 0.09173153340816498
[2026-06-25 21:41:40,563][root][INFO] - Val leaf stats: tensor([2.3207e-01, 2.6149e-02, 1.6119e-01, 9.3388e-04, 7.7606e-02, 1.3214e-01,
        2.4281e-03, 5.9768e-02, 1.8678e-03, 1.7744e-02, 9.3388e-05, 1.0273e-03,
        9.3388e-05, 2.8427e-01, 7.4710e-04, 1.8678e-03])
[2026-06-25 21:41:43,227][root][INFO] - Epoch: 7 | train acc: 0.9316, train loss: 9.09057550, valid acc: 0.9249, valid loss: 0.24953087, test acc: 0.9109, test loss: 1.05652675
[2026-06-25 21:41:44,216][root][INFO] - Epoch: 7 | train acc: 0.9581, train loss: 2.77347207, valid acc: 0.9477, valid loss: 0.17719475, test acc: 0.9253, test loss: 0.83102346
[2026-06-25 21:41:45,022][root][INFO] - reg loss: 4.428645227321241, entropy loss: 0.18431651410917757, leaf dev: 0.15067782998085022
[2026-06-25 21:41:45,024][root][INFO] - Val leaf stats: tensor([2.5495e-01, 5.8835e-03, 1.4008e-03, 0.0000e+00, 1.6754e-01, 0.0000e+00,
        0.0000e+00, 2.2413e-03, 6.4438e-03, 1.3074e-03, 5.5669e-01, 9.3388e-05,
        1.2140e-03, 1.2140e-03, 1.0273e-03, 0.0000e+00])
[2026-06-25 21:41:45,506][root][INFO] - Epoch: 7 | train acc: 0.9566, train loss: 9.41862063, valid acc: 0.9415, valid loss: 0.19696342, test acc: 0.9174, test loss: 0.72586595
[2026-06-25 21:41:45,940][root][INFO] - reg loss: 5.243085724966867, entropy loss: 0.20460023703398528, leaf dev: 0.11973661184310913
[2026-06-25 21:41:45,941][root][INFO] - Val leaf stats: tensor([4.4369e-01, 2.1246e-01, 1.0273e-03, 1.2327e-02, 6.5372e-04, 1.7744e-03,
        1.1935e-01, 3.7355e-04, 5.6033e-04, 1.4008e-03, 8.6851e-02, 1.1664e-01,
        2.0545e-03, 9.3388e-05, 3.7355e-04, 3.7355e-04])
[2026-06-25 21:41:46,880][root][INFO] - reg loss: 4.633713966954953, entropy loss: 0.1999318427036679, leaf dev: 0.1049540564417839
[2026-06-25 21:41:46,881][root][INFO] - Val leaf stats: tensor([0.3379, 0.0759, 0.0516, 0.0004, 0.0911, 0.2370, 0.0000, 0.0000, 0.0026,
        0.0000, 0.0008, 0.0007, 0.0004, 0.2016, 0.0000, 0.0000])
[2026-06-25 21:41:47,460][root][INFO] - Epoch: 7 | train acc: 0.9372, train loss: 9.36136187, valid acc: 0.9276, valid loss: 0.23656818, test acc: 0.9097, test loss: 1.01788457
[2026-06-25 21:41:47,513][root][INFO] - Epoch: 7 | train acc: 0.9242, train loss: 34.46784598, valid acc: 0.9160, valid loss: 0.26457045, test acc: 0.9018, test loss: 0.62483673
[2026-06-25 21:41:48,341][root][INFO] - Epoch: 8 | train acc: 0.9594, train loss: 2.68909899, valid acc: 0.9521, valid loss: 0.17003974, test acc: 0.9264, test loss: 0.51419462
[2026-06-25 21:41:48,420][root][INFO] - Epoch: 8 | train acc: 0.9668, train loss: 0.11680299, valid acc: 0.9582, valid loss: 0.14447842, test acc: 0.9323, test loss: 0.44737676
[2026-06-25 21:41:48,645][root][INFO] - Epoch: 7 | train acc: 0.9539, train loss: 36.25596609, valid acc: 0.9474, valid loss: 0.19036757, test acc: 0.9175, test loss: 0.75413495
[2026-06-25 21:41:49,036][root][INFO] - reg loss: 4.572313717433384, entropy loss: 0.19796721928964847, leaf dev: 0.12993033230304718
[2026-06-25 21:41:49,037][root][INFO] - Val leaf stats: tensor([5.0897e-02, 3.6421e-02, 2.2030e-01, 5.6033e-04, 7.4150e-02, 1.1300e-01,
        0.0000e+00, 2.3347e-03, 9.3388e-04, 7.4710e-04, 9.3388e-05, 3.7355e-04,
        4.6694e-04, 4.9496e-01, 1.8678e-04, 4.5760e-03])
[2026-06-25 21:41:49,242][root][INFO] - reg loss: 4.277979941595168, entropy loss: 0.19410663551439053, leaf dev: 0.14704370498657227
[2026-06-25 21:41:49,243][root][INFO] - Val leaf stats: tensor([5.7079e-01, 1.9985e-02, 1.8239e-01, 0.0000e+00, 7.0695e-02, 0.0000e+00,
        0.0000e+00, 1.8678e-04, 1.7744e-03, 2.5215e-03, 1.0273e-03, 1.1207e-03,
        0.0000e+00, 1.4951e-01, 0.0000e+00, 0.0000e+00])
[2026-06-25 21:41:49,846][root][INFO] - Epoch: 7 | train acc: 0.9570, train loss: 32.74228820, valid acc: 0.9514, valid loss: 0.17196852, test acc: 0.9305, test loss: 0.82029482
[2026-06-25 21:41:49,856][root][INFO] - reg loss: 5.097230790153382, entropy loss: 0.18451524971338806, leaf dev: 0.11287755519151688
[2026-06-25 21:41:49,857][root][INFO] - Val leaf stats: tensor([1.5502e-01, 9.8338e-02, 1.3775e-01, 5.6033e-04, 8.0501e-02, 1.5316e-02,
        2.1106e-02, 2.5215e-03, 1.7744e-03, 6.8173e-03, 9.3388e-05, 2.8016e-04,
        1.8678e-04, 4.3818e-01, 0.0000e+00, 4.1558e-02])
[2026-06-25 21:41:49,927][root][INFO] - reg loss: 6.983247931041415, entropy loss: 0.38190139964144065, leaf dev: 0.08530677109956741
[2026-06-25 21:41:49,928][root][INFO] - Val leaf stats: tensor([3.0846e-01, 1.1954e-01, 1.0581e-01, 1.8678e-02, 1.0273e-03, 1.4942e-03,
        5.2297e-03, 8.3209e-02, 3.1752e-03, 2.8016e-04, 2.0545e-03, 1.0637e-01,
        2.5215e-03, 2.8016e-04, 8.1341e-02, 1.6053e-01])
[2026-06-25 21:41:50,319][root][INFO] - reg loss: 4.511775470915294, entropy loss: 0.189852692541622, leaf dev: 0.12197674065828323
[2026-06-25 21:41:50,320][root][INFO] - Val leaf stats: tensor([2.2451e-01, 1.4662e-02, 1.0394e-01, 1.8678e-04, 8.8252e-02, 1.1253e-01,
        1.8678e-03, 9.3388e-05, 1.0273e-03, 2.8016e-04, 6.5372e-04, 3.7355e-04,
        9.3388e-05, 4.5144e-01, 9.3388e-05, 0.0000e+00])
[2026-06-25 21:41:51,250][root][INFO] - Epoch: 8 | train acc: 0.9346, train loss: 17.49782982, valid acc: 0.9242, valid loss: 0.24667703, test acc: 0.9114, test loss: 1.33296543
[2026-06-25 21:41:51,621][root][INFO] - reg loss: 4.072841883967162, entropy loss: 0.1928637095544704, leaf dev: 0.22193822264671326
[2026-06-25 21:41:51,622][root][INFO] - Val leaf stats: tensor([8.9186e-01, 0.0000e+00, 2.8016e-04, 0.0000e+00, 7.1255e-02, 0.0000e+00,
        2.9044e-02, 0.0000e+00, 1.1207e-03, 0.0000e+00, 2.3347e-03, 0.0000e+00,
        3.5487e-03, 0.0000e+00, 5.6033e-04, 0.0000e+00])
[2026-06-25 21:41:51,708][root][INFO] - Epoch: 7 | train acc: 0.9368, train loss: 5.10889713, valid acc: 0.9280, valid loss: 0.24346741, test acc: 0.9088, test loss: 0.41877118
[2026-06-25 21:41:52,743][root][INFO] - Epoch: 8 | train acc: 0.9623, train loss: 9.20163383, valid acc: 0.9507, valid loss: 0.16899936, test acc: 0.9146, test loss: 0.66093863
[2026-06-25 21:41:52,826][root][INFO] - reg loss: 4.319259345846832, entropy loss: 0.19409914330515282, leaf dev: 0.14417344331741333
[2026-06-25 21:41:52,826][root][INFO] - Val leaf stats: tensor([2.5719e-01, 3.6795e-02, 1.1207e-03, 0.0000e+00, 1.7305e-01, 0.0000e+00,
        3.7355e-04, 2.2413e-03, 0.0000e+00, 3.7355e-04, 5.2615e-01, 0.0000e+00,
        1.8678e-03, 0.0000e+00, 7.4710e-04, 9.3388e-05])
[2026-06-25 21:41:53,037][root][INFO] - Epoch: 7 | train acc: 0.9258, train loss: 18.29028041, valid acc: 0.9137, valid loss: 0.27013638, test acc: 0.8938, test loss: 0.84300731
[2026-06-25 21:41:53,418][root][INFO] - reg loss: 4.892478925210458, entropy loss: 0.19376047365564517, leaf dev: 0.11574827879667282
[2026-06-25 21:41:53,419][root][INFO] - Val leaf stats: tensor([0.2391, 0.2771, 0.0004, 0.0005, 0.0488, 0.0000, 0.0005, 0.0014, 0.0059,
        0.0018, 0.3496, 0.0000, 0.0039, 0.0700, 0.0005, 0.0007])
[2026-06-25 21:41:54,352][root][INFO] - reg loss: 4.5333815604921375, entropy loss: 0.17985115811307595, leaf dev: 0.13982142508029938
[2026-06-25 21:41:54,354][root][INFO] - Val leaf stats: tensor([5.4763e-01, 9.6750e-02, 4.6694e-04, 9.4322e-03, 7.1162e-02, 9.3388e-04,
        8.1341e-02, 0.0000e+00, 0.0000e+00, 1.6810e-03, 1.8631e-01, 3.7355e-04,
        2.8950e-03, 9.3388e-05, 7.4710e-04, 1.8678e-04])
[2026-06-25 21:41:54,570][root][INFO] - reg loss: 4.513732519099321, entropy loss: 0.191079323017408, leaf dev: 0.10276555269956589
[2026-06-25 21:41:54,571][root][INFO] - Val leaf stats: tensor([2.9660e-01, 1.3541e-02, 1.9555e-01, 9.3388e-05, 8.1715e-02, 1.5512e-01,
        0.0000e+00, 0.0000e+00, 1.8678e-04, 0.0000e+00, 9.3388e-04, 2.6149e-03,
        0.0000e+00, 2.5252e-01, 2.8016e-04, 8.4049e-04])
[2026-06-25 21:41:55,146][root][INFO] - Epoch: 8 | train acc: 0.9619, train loss: 4.71297686, valid acc: 0.9545, valid loss: 0.16242553, test acc: 0.9319, test loss: 0.60953645
[2026-06-25 21:41:55,789][root][INFO] - Epoch: 8 | train acc: 0.9577, train loss: 18.49470359, valid acc: 0.9485, valid loss: 0.17948146, test acc: 0.9062, test loss: 0.52835841
[2026-06-25 21:41:56,500][root][INFO] - reg loss: 4.577445355672685, entropy loss: 0.17743391279505674, leaf dev: 0.17336302995681763
[2026-06-25 21:41:56,501][root][INFO] - Val leaf stats: tensor([6.9051e-01, 1.3355e-02, 0.0000e+00, 1.4288e-02, 7.1162e-02, 1.1207e-03,
        2.9230e-02, 5.6033e-04, 6.5372e-04, 1.1207e-03, 1.7380e-01, 0.0000e+00,
        1.9612e-03, 9.3388e-04, 8.4049e-04, 4.6694e-04])
[2026-06-25 21:41:56,907][root][INFO] - Epoch: 8 | train acc: 0.9431, train loss: 2.90170185, valid acc: 0.9365, valid loss: 0.22451110, test acc: 0.9166, test loss: 0.81663748
[2026-06-25 21:41:57,312][root][INFO] - reg loss: 4.585834076795629, entropy loss: 0.1864944246237871, leaf dev: 0.11849040538072586
[2026-06-25 21:41:57,314][root][INFO] - Val leaf stats: tensor([2.6718e-01, 1.9798e-02, 8.9839e-02, 6.5372e-04, 9.4696e-02, 1.0721e-01,
        8.4049e-04, 2.8016e-04, 1.9612e-03, 1.1207e-03, 2.8016e-04, 1.8678e-04,
        0.0000e+00, 4.1567e-01, 1.8678e-04, 9.3388e-05])
[2026-06-25 21:41:58,337][root][INFO] - reg loss: 5.401221636111144, entropy loss: 0.1958296604888149, leaf dev: 0.11448831856250763
[2026-06-25 21:41:58,338][root][INFO] - Val leaf stats: tensor([2.1451e-01, 2.3440e-01, 1.8678e-04, 1.1954e-02, 1.4288e-02, 0.0000e+00,
        1.9331e-02, 3.0818e-03, 2.8016e-04, 3.8383e-02, 3.8868e-01, 9.3388e-04,
        2.4281e-03, 6.9761e-02, 1.5876e-03, 1.8678e-04])
[2026-06-25 21:42:03,942][root][INFO] - Epoch: 8 | train acc: 0.9340, train loss: 5.12947079, valid acc: 0.9270, valid loss: 0.23989522, test acc: 0.9036, test loss: 0.81125868
[2026-06-25 21:42:05,319][root][INFO] - reg loss: 4.906562366182842, entropy loss: 0.17691890595766602, leaf dev: 0.0944574698805809
[2026-06-25 21:42:05,320][root][INFO] - Val leaf stats: tensor([2.6186e-01, 2.7456e-02, 1.0441e-01, 1.3074e-03, 7.1535e-02, 1.5755e-01,
        1.4942e-03, 6.7053e-02, 1.8678e-03, 1.6250e-02, 9.3388e-05, 1.1207e-03,
        9.3388e-05, 2.8530e-01, 6.5372e-04, 1.9612e-03])
[2026-06-25 21:42:08,693][root][INFO] - Epoch: 8 | train acc: 0.9351, train loss: 9.02746242, valid acc: 0.9270, valid loss: 0.24292210, test acc: 0.9104, test loss: 1.10113717
[2026-06-25 21:42:09,669][root][INFO] - Epoch: 8 | train acc: 0.9596, train loss: 2.71558352, valid acc: 0.9524, valid loss: 0.16789991, test acc: 0.9278, test loss: 0.50067414
[2026-06-25 21:42:10,284][root][INFO] - reg loss: 4.402004844927914, entropy loss: 0.18087601322661, leaf dev: 0.1495312601327896
[2026-06-25 21:42:10,285][root][INFO] - Val leaf stats: tensor([2.5383e-01, 5.3231e-03, 1.3074e-03, 0.0000e+00, 1.6782e-01, 0.0000e+00,
        0.0000e+00, 2.3347e-03, 1.1020e-02, 2.1479e-03, 5.5239e-01, 9.3388e-05,
        1.2140e-03, 1.4008e-03, 1.1207e-03, 0.0000e+00])
[2026-06-25 21:42:10,377][root][INFO] - Epoch: 8 | train acc: 0.9566, train loss: 9.58473019, valid acc: 0.9507, valid loss: 0.16817136, test acc: 0.9224, test loss: 0.79808742
[2026-06-25 21:42:11,430][root][INFO] - reg loss: 5.135715489665037, entropy loss: 0.19535003531546818, leaf dev: 0.12975655496120453
[2026-06-25 21:42:11,432][root][INFO] - Val leaf stats: tensor([4.8095e-01, 2.5467e-01, 8.4049e-04, 1.2327e-02, 0.0000e+00, 9.3388e-04,
        9.8524e-02, 4.6694e-04, 4.6694e-04, 1.9612e-03, 8.4703e-02, 3.1472e-02,
        3.0818e-03, 2.9044e-02, 1.8678e-04, 3.7355e-04])
[2026-06-25 21:42:11,796][root][INFO] - reg loss: 4.7161733435575295, entropy loss: 0.19381023746318918, leaf dev: 0.11547466367483139
[2026-06-25 21:42:11,797][root][INFO] - Val leaf stats: tensor([4.0820e-01, 7.1255e-02, 1.9705e-02, 7.4710e-04, 9.0120e-02, 2.0452e-01,
        0.0000e+00, 0.0000e+00, 2.8016e-03, 9.3388e-05, 3.7355e-04, 6.5372e-04,
        2.8016e-04, 2.0116e-01, 0.0000e+00, 9.3388e-05])
[2026-06-25 21:42:12,657][root][INFO] - Epoch: 8 | train acc: 0.9281, train loss: 34.29609908, valid acc: 0.9198, valid loss: 0.25676367, test acc: 0.9076, test loss: 0.62774671
[2026-06-25 21:42:12,666][root][INFO] - Epoch: 8 | train acc: 0.9397, train loss: 9.28111980, valid acc: 0.9350, valid loss: 0.22371731, test acc: 0.9137, test loss: 0.90916668
[2026-06-25 21:42:13,487][root][INFO] - Epoch: 9 | train acc: 0.9601, train loss: 2.65183807, valid acc: 0.9518, valid loss: 0.17068653, test acc: 0.9294, test loss: 0.60450792
[2026-06-25 21:42:13,753][root][INFO] - Epoch: 9 | train acc: 0.9708, train loss: 0.10367535, valid acc: 0.9589, valid loss: 0.14915059, test acc: 0.9309, test loss: 0.28453821
[2026-06-25 21:42:14,268][root][INFO] - reg loss: 4.257813360325243, entropy loss: 0.18865349321138292, leaf dev: 0.1476336270570755
[2026-06-25 21:42:14,269][root][INFO] - Val leaf stats: tensor([5.7490e-01, 2.1946e-02, 1.7669e-01, 0.0000e+00, 7.0508e-02, 0.0000e+00,
        0.0000e+00, 1.8678e-04, 1.5876e-03, 2.8016e-03, 1.0273e-03, 1.2140e-03,
        0.0000e+00, 1.4914e-01, 0.0000e+00, 0.0000e+00])
[2026-06-25 21:42:14,312][root][INFO] - reg loss: 4.537809803372338, entropy loss: 0.19367627972963625, leaf dev: 0.1317320317029953
[2026-06-25 21:42:14,313][root][INFO] - Val leaf stats: tensor([4.8375e-02, 3.6515e-02, 2.2021e-01, 9.3388e-04, 7.3683e-02, 1.0413e-01,
        0.0000e+00, 2.4281e-03, 5.6033e-04, 1.1207e-03, 9.3388e-05, 5.6033e-04,
        6.5372e-04, 5.0430e-01, 1.8678e-04, 6.2570e-03])
[2026-06-25 21:42:14,335][root][INFO] - Epoch: 8 | train acc: 0.9579, train loss: 35.98086396, valid acc: 0.9469, valid loss: 0.18371967, test acc: 0.9183, test loss: 0.79422531
[2026-06-25 21:42:15,004][root][INFO] - reg loss: 5.029122842051995, entropy loss: 0.17402830136516106, leaf dev: 0.11367074400186539
[2026-06-25 21:42:15,005][root][INFO] - Val leaf stats: tensor([2.0629e-01, 1.2019e-01, 7.6391e-02, 5.6033e-04, 8.0781e-02, 1.8678e-02,
        2.0078e-02, 2.6149e-03, 1.7744e-03, 3.3620e-03, 9.3388e-05, 3.7355e-04,
        2.8016e-04, 4.2977e-01, 3.7355e-04, 3.8383e-02])
[2026-06-25 21:42:15,283][root][INFO] - reg loss: 7.050800293210953, entropy loss: 0.3778645941820094, leaf dev: 0.08474498242139816
[2026-06-25 21:42:15,284][root][INFO] - Val leaf stats: tensor([3.0837e-01, 1.1010e-01, 1.1216e-01, 1.4102e-02, 1.5876e-03, 1.5876e-03,
        4.3892e-03, 9.3108e-02, 3.4554e-03, 1.0459e-02, 1.5876e-03, 9.3201e-02,
        3.3620e-03, 9.3388e-05, 8.0407e-02, 1.6203e-01])
[2026-06-25 21:42:15,802][root][INFO] - Epoch: 8 | train acc: 0.9594, train loss: 32.67472577, valid acc: 0.9523, valid loss: 0.16618238, test acc: 0.9302, test loss: 0.87221959
[2026-06-25 21:42:16,082][root][INFO] - reg loss: 4.478815194790956, entropy loss: 0.18473547287088224, leaf dev: 0.12331961840391159
[2026-06-25 21:42:16,084][root][INFO] - Val leaf stats: tensor([2.1489e-01, 1.4569e-02, 1.0319e-01, 1.8678e-04, 8.7598e-02, 1.1356e-01,
        1.8678e-03, 1.8678e-04, 7.4710e-04, 2.8016e-04, 7.4710e-04, 3.7355e-04,
        9.3388e-05, 4.6152e-01, 9.3388e-05, 9.3388e-05])
[2026-06-25 21:42:17,020][root][INFO] - Epoch: 8 | train acc: 0.9363, train loss: 5.00309755, valid acc: 0.9288, valid loss: 0.24125125, test acc: 0.9127, test loss: 0.59510354
[2026-06-25 21:42:17,232][root][INFO] - Epoch: 9 | train acc: 0.9352, train loss: 17.76765651, valid acc: 0.9265, valid loss: 0.24332257, test acc: 0.9104, test loss: 0.86692119
[2026-06-25 21:42:17,480][root][INFO] - reg loss: 4.065430111355251, entropy loss: 0.1889413171817386, leaf dev: 0.2222798764705658
[2026-06-25 21:42:17,481][root][INFO] - Val leaf stats: tensor([8.9316e-01, 0.0000e+00, 2.8016e-04, 0.0000e+00, 7.1442e-02, 0.0000e+00,
        2.7549e-02, 0.0000e+00, 1.2140e-03, 0.0000e+00, 2.1479e-03, 0.0000e+00,
        3.7355e-03, 0.0000e+00, 4.6694e-04, 0.0000e+00])
[2026-06-25 21:42:17,786][root][INFO] - Epoch: 9 | train acc: 0.9640, train loss: 9.14455441, valid acc: 0.9520, valid loss: 0.16333371, test acc: 0.9170, test loss: 0.69472164
[2026-06-25 21:42:18,670][root][INFO] - Epoch: 8 | train acc: 0.9298, train loss: 18.09089245, valid acc: 0.9146, valid loss: 0.26736188, test acc: 0.8935, test loss: 0.88078419
[2026-06-25 21:42:18,684][root][INFO] - reg loss: 4.78772768646321, entropy loss: 0.18398334472267716, leaf dev: 0.12436861544847488
[2026-06-25 21:42:18,684][root][INFO] - Val leaf stats: tensor([2.0433e-01, 2.7904e-01, 3.7355e-04, 2.8016e-04, 2.0545e-02, 0.0000e+00,
        1.8678e-04, 1.7744e-03, 6.1636e-03, 1.0273e-03, 4.1175e-01, 0.0000e+00,
        3.8289e-03, 6.9854e-02, 2.8016e-04, 5.6033e-04])
[2026-06-25 21:42:18,691][root][INFO] - reg loss: 4.385853638724675, entropy loss: 0.1890192393745695, leaf dev: 0.13666361570358276
[2026-06-25 21:42:18,692][root][INFO] - Val leaf stats: tensor([3.5030e-01, 3.8756e-02, 9.3388e-04, 1.8678e-04, 1.6679e-01, 0.0000e+00,
        2.8016e-04, 1.1207e-03, 0.0000e+00, 1.0273e-03, 4.3659e-01, 0.0000e+00,
        3.0818e-03, 2.8016e-04, 5.6033e-04, 9.3388e-05])
[2026-06-25 21:42:19,318][root][INFO] - reg loss: 4.507961770214101, entropy loss: 0.1741449726479394, leaf dev: 0.14206913113594055
[2026-06-25 21:42:19,319][root][INFO] - Val leaf stats: tensor([5.5986e-01, 8.5450e-02, 4.6694e-04, 8.9653e-03, 7.0975e-02, 9.3388e-04,
        9.0680e-02, 0.0000e+00, 9.3388e-05, 1.3074e-03, 1.7650e-01, 4.6694e-04,
        3.0818e-03, 9.3388e-05, 9.3388e-04, 1.8678e-04])
[2026-06-25 21:42:20,214][root][INFO] - reg loss: 4.4665991768004405, entropy loss: 0.1839901603088177, leaf dev: 0.10065693408250809
[2026-06-25 21:42:20,214][root][INFO] - Val leaf stats: tensor([2.7027e-01, 1.2047e-02, 1.7417e-01, 1.8678e-04, 8.7505e-02, 1.9555e-01,
        2.8016e-04, 0.0000e+00, 1.8678e-04, 2.8016e-04, 9.3388e-04, 2.6149e-03,
        0.0000e+00, 2.5504e-01, 2.8016e-04, 6.5372e-04])
[2026-06-25 21:42:20,685][root][INFO] - Epoch: 9 | train acc: 0.9645, train loss: 4.70337171, valid acc: 0.9573, valid loss: 0.15464312, test acc: 0.9340, test loss: 0.73697523
[2026-06-25 21:42:20,944][root][INFO] - Epoch: 9 | train acc: 0.9607, train loss: 18.38150486, valid acc: 0.9495, valid loss: 0.17846923, test acc: 0.9121, test loss: 0.52327910
[2026-06-25 21:42:21,677][root][INFO] - Epoch: 9 | train acc: 0.9416, train loss: 2.93277727, valid acc: 0.9313, valid loss: 0.23639591, test acc: 0.9140, test loss: 0.92651004
[2026-06-25 21:42:22,103][root][INFO] - reg loss: 4.575023075890919, entropy loss: 0.17421585006057902, leaf dev: 0.17448386549949646
[2026-06-25 21:42:22,104][root][INFO] - Val leaf stats: tensor([6.9481e-01, 4.8562e-03, 0.0000e+00, 1.5502e-02, 7.1255e-02, 1.1207e-03,
        3.2406e-02, 5.6033e-04, 9.3388e-04, 4.6694e-04, 1.7323e-01, 3.7355e-04,
        2.2413e-03, 1.3074e-03, 4.6694e-04, 4.6694e-04])
[2026-06-25 21:42:22,385][root][INFO] - reg loss: 4.5602065923983455, entropy loss: 0.1802777100019354, leaf dev: 0.11958079040050507
[2026-06-25 21:42:22,386][root][INFO] - Val leaf stats: tensor([2.6933e-01, 2.0078e-02, 9.4042e-02, 7.4710e-04, 9.2828e-02, 9.7497e-02,
        8.4049e-04, 3.7355e-04, 1.9612e-03, 7.4710e-04, 2.8016e-04, 1.8678e-04,
        0.0000e+00, 4.2081e-01, 1.8678e-04, 9.3388e-05])
[2026-06-25 21:42:23,200][root][INFO] - reg loss: 5.455393614592375, entropy loss: 0.18555207574178303, leaf dev: 0.11523790657520294
[2026-06-25 21:42:23,201][root][INFO] - Val leaf stats: tensor([2.0517e-01, 2.2871e-01, 4.6694e-04, 1.3635e-02, 1.4382e-02, 9.3388e-05,
        1.9238e-02, 3.2686e-03, 2.8016e-04, 3.8102e-02, 4.0017e-01, 1.4942e-03,
        3.0818e-03, 7.0134e-02, 1.5876e-03, 1.8678e-04])
[2026-06-25 21:42:27,950][root][INFO] - Epoch: 9 | train acc: 0.9438, train loss: 5.08713684, valid acc: 0.9351, valid loss: 0.22117672, test acc: 0.9080, test loss: 0.65253075
[2026-06-25 21:42:29,331][root][INFO] - reg loss: 4.894305082856032, entropy loss: 0.16769617598838907, leaf dev: 0.09150215983390808
[2026-06-25 21:42:29,332][root][INFO] - Val leaf stats: tensor([2.2320e-01, 2.9230e-02, 1.3261e-01, 7.4710e-04, 7.1442e-02, 1.5988e-01,
        9.3388e-05, 7.0321e-02, 1.8678e-03, 1.7090e-02, 9.3388e-05, 1.1207e-03,
        9.3388e-05, 2.8969e-01, 6.5372e-04, 1.8678e-03])
[2026-06-25 21:42:33,070][root][INFO] - Epoch: 9 | train acc: 0.9318, train loss: 8.97404792, valid acc: 0.9231, valid loss: 0.25615937, test acc: 0.9085, test loss: 1.12176761
[2026-06-25 21:42:34,380][root][INFO] - reg loss: 4.371700688013955, entropy loss: 0.16961731789288698, leaf dev: 0.15881586074829102
[2026-06-25 21:42:34,380][root][INFO] - Val leaf stats: tensor([0.2026, 0.0043, 0.0013, 0.0000, 0.1664, 0.0000, 0.0000, 0.0024, 0.0091,
        0.0007, 0.6099, 0.0000, 0.0010, 0.0007, 0.0015, 0.0000])
[2026-06-25 21:42:34,820][root][INFO] - Epoch: 9 | train acc: 0.9636, train loss: 2.67834674, valid acc: 0.9527, valid loss: 0.16293368, test acc: 0.9278, test loss: 0.51446310
[2026-06-25 21:42:35,286][root][INFO] - Epoch: 9 | train acc: 0.9624, train loss: 9.46212703, valid acc: 0.9516, valid loss: 0.16287232, test acc: 0.9234, test loss: 0.84233424
[2026-06-25 21:42:36,323][root][INFO] - reg loss: 5.09026448436515, entropy loss: 0.19072678693072506, leaf dev: 0.12901484966278076
[2026-06-25 21:42:36,324][root][INFO] - Val leaf stats: tensor([4.7469e-01, 2.5205e-01, 5.6033e-04, 1.7370e-02, 4.6694e-04, 8.4049e-04,
        1.1739e-01, 2.8016e-04, 3.7355e-04, 8.4049e-04, 8.4329e-02, 4.5854e-02,
        2.8950e-03, 1.3074e-03, 0.0000e+00, 7.4710e-04])
[2026-06-25 21:42:36,772][root][INFO] - reg loss: 4.664319406741511, entropy loss: 0.1853959192989995, leaf dev: 0.1109495609998703
[2026-06-25 21:42:36,773][root][INFO] - Val leaf stats: tensor([3.7757e-01, 9.2361e-02, 1.6530e-02, 7.4710e-04, 9.0400e-02, 2.1703e-01,
        0.0000e+00, 0.0000e+00, 2.5215e-03, 1.8678e-04, 3.7355e-04, 6.5372e-04,
        2.8016e-04, 2.0125e-01, 0.0000e+00, 9.3388e-05])
[2026-06-25 21:42:37,785][root][INFO] - Epoch: 9 | train acc: 0.9396, train loss: 9.16137477, valid acc: 0.9329, valid loss: 0.23071962, test acc: 0.9021, test loss: 1.13203789
[2026-06-25 21:42:37,894][root][INFO] - Epoch: 9 | train acc: 0.9297, train loss: 34.21320640, valid acc: 0.9204, valid loss: 0.25557774, test acc: 0.9067, test loss: 0.62944026
[2026-06-25 21:42:39,123][root][INFO] - Epoch: 10 | train acc: 0.9646, train loss: 2.59523896, valid acc: 0.9559, valid loss: 0.15823507, test acc: 0.9289, test loss: 0.63317856
[2026-06-25 21:42:39,342][root][INFO] - reg loss: 4.477204650798172, entropy loss: 0.18394401338365343, leaf dev: 0.13702069222927094
[2026-06-25 21:42:39,344][root][INFO] - Val leaf stats: tensor([5.4445e-02, 3.9503e-02, 3.1220e-01, 6.5372e-04, 7.0788e-02, 2.2320e-02,
        0.0000e+00, 2.5215e-03, 4.6694e-04, 1.1207e-03, 2.8016e-04, 9.3388e-04,
        5.6033e-04, 4.8637e-01, 1.8678e-04, 7.6578e-03])
[2026-06-25 21:42:39,373][root][INFO] - reg loss: 4.248383534648431, entropy loss: 0.18341672278585888, leaf dev: 0.145843505859375
[2026-06-25 21:42:39,374][root][INFO] - Val leaf stats: tensor([5.6444e-01, 2.1946e-02, 1.8836e-01, 0.0000e+00, 7.0508e-02, 0.0000e+00,
        0.0000e+00, 1.8678e-04, 1.4942e-03, 2.3347e-03, 1.0273e-03, 1.2140e-03,
        0.0000e+00, 1.4839e-01, 9.3388e-05, 0.0000e+00])
[2026-06-25 21:42:39,505][root][INFO] - Epoch: 10 | train acc: 0.9690, train loss: 0.10793103, valid acc: 0.9587, valid loss: 0.14663131, test acc: 0.9328, test loss: 0.27729848
[2026-06-25 21:42:40,005][root][INFO] - Epoch: 9 | train acc: 0.9595, train loss: 35.69672030, valid acc: 0.9485, valid loss: 0.18334517, test acc: 0.9210, test loss: 0.79410156
[2026-06-25 21:42:40,703][root][INFO] - reg loss: 4.943076436481778, entropy loss: 0.16554619308817323, leaf dev: 0.11527039110660553
[2026-06-25 21:42:40,705][root][INFO] - Val leaf stats: tensor([2.0415e-01, 1.0814e-01, 9.2267e-02, 4.6694e-04, 7.8353e-02, 1.3448e-02,
        1.9238e-02, 2.6149e-03, 1.6810e-03, 3.8289e-03, 0.0000e+00, 3.7355e-04,
        2.8016e-04, 4.3799e-01, 9.3388e-05, 3.7075e-02])
[2026-06-25 21:42:40,974][root][INFO] - Epoch: 9 | train acc: 0.9610, train loss: 32.60550567, valid acc: 0.9548, valid loss: 0.16024420, test acc: 0.9324, test loss: 0.96424162
[2026-06-25 21:42:41,235][root][INFO] - reg loss: 7.083765246880748, entropy loss: 0.36180730581914305, leaf dev: 0.08493784070014954
[2026-06-25 21:42:41,236][root][INFO] - Val leaf stats: tensor([0.3170, 0.1136, 0.1087, 0.0208, 0.0016, 0.0013, 0.0036, 0.0784, 0.0034,
        0.0096, 0.0038, 0.0864, 0.0021, 0.0000, 0.1339, 0.1159])
[2026-06-25 21:42:41,510][root][INFO] - reg loss: 4.444194659984932, entropy loss: 0.17991471038293586, leaf dev: 0.12479108572006226
[2026-06-25 21:42:41,511][root][INFO] - Val leaf stats: tensor([2.1152e-01, 1.4849e-02, 9.7217e-02, 9.3388e-05, 8.4796e-02, 1.1683e-01,
        1.8678e-03, 1.8678e-04, 9.3388e-04, 2.8016e-04, 9.3388e-04, 3.7355e-04,
        9.3388e-05, 4.6993e-01, 9.3388e-05, 0.0000e+00])
[2026-06-25 21:42:42,813][root][INFO] - reg loss: 4.057413681474312, entropy loss: 0.1853810410808634, leaf dev: 0.22228050231933594
[2026-06-25 21:42:42,814][root][INFO] - Val leaf stats: tensor([8.9316e-01, 0.0000e+00, 2.8016e-04, 0.0000e+00, 7.1535e-02, 0.0000e+00,
        2.7363e-02, 0.0000e+00, 1.2140e-03, 0.0000e+00, 2.0545e-03, 0.0000e+00,
        3.9223e-03, 0.0000e+00, 4.6694e-04, 0.0000e+00])
[2026-06-25 21:42:43,108][root][INFO] - Epoch: 9 | train acc: 0.9329, train loss: 4.96199378, valid acc: 0.9315, valid loss: 0.23410160, test acc: 0.9095, test loss: 0.68861757
[2026-06-25 21:42:43,427][root][INFO] - Epoch: 10 | train acc: 0.9385, train loss: 17.88055393, valid acc: 0.9273, valid loss: 0.23129102, test acc: 0.9131, test loss: 0.90122588
[2026-06-25 21:42:43,461][root][INFO] - Epoch: 10 | train acc: 0.9649, train loss: 9.06453534, valid acc: 0.9522, valid loss: 0.15983082, test acc: 0.9246, test loss: 0.68949788
[2026-06-25 21:42:44,692][root][INFO] - reg loss: 4.738157138622627, entropy loss: 0.1781176014867409, leaf dev: 0.12036611884832382
[2026-06-25 21:42:44,693][root][INFO] - Val leaf stats: tensor([2.1180e-01, 3.1845e-01, 6.5372e-04, 2.8016e-04, 2.6709e-02, 0.0000e+00,
        4.6694e-04, 1.3074e-03, 5.0430e-03, 2.0545e-03, 3.5749e-01, 0.0000e+00,
        4.1091e-03, 7.0601e-02, 3.7355e-04, 6.5372e-04])
[2026-06-25 21:42:44,730][root][INFO] - Epoch: 9 | train acc: 0.9311, train loss: 17.93493178, valid acc: 0.9173, valid loss: 0.25937988, test acc: 0.8958, test loss: 0.84612705
[2026-06-25 21:42:45,118][root][INFO] - reg loss: 4.41845396334532, entropy loss: 0.18086671837107846, leaf dev: 0.13698531687259674
[2026-06-25 21:42:45,119][root][INFO] - Val leaf stats: tensor([3.2434e-01, 4.4079e-02, 9.3388e-04, 9.3388e-05, 1.6791e-01, 0.0000e+00,
        2.8016e-04, 1.2140e-03, 0.0000e+00, 4.6694e-04, 4.5676e-01, 0.0000e+00,
        2.9884e-03, 2.8016e-04, 5.6033e-04, 9.3388e-05])
[2026-06-25 21:42:45,144][root][INFO] - reg loss: 4.469494867577124, entropy loss: 0.16804206891665383, leaf dev: 0.15006552636623383
[2026-06-25 21:42:45,145][root][INFO] - Val leaf stats: tensor([5.9217e-01, 8.5917e-02, 4.6694e-04, 9.3388e-03, 7.0508e-02, 9.3388e-04,
        4.7815e-02, 0.0000e+00, 9.3388e-05, 1.5876e-03, 1.8678e-01, 3.7355e-04,
        2.8950e-03, 9.3388e-05, 8.4049e-04, 1.8678e-04])
[2026-06-25 21:42:46,100][root][INFO] - reg loss: 4.429479154960188, entropy loss: 0.1769740654047204, leaf dev: 0.10019516199827194
[2026-06-25 21:42:46,101][root][INFO] - Val leaf stats: tensor([2.6597e-01, 9.9925e-03, 1.8762e-01, 9.3388e-05, 8.9372e-02, 1.9443e-01,
        1.8678e-04, 0.0000e+00, 1.8678e-04, 9.3388e-05, 9.3388e-04, 2.7083e-03,
        0.0000e+00, 2.4748e-01, 2.8016e-04, 6.5372e-04])
[2026-06-25 21:42:46,509][root][INFO] - Epoch: 10 | train acc: 0.9658, train loss: 4.65280283, valid acc: 0.9550, valid loss: 0.16225941, test acc: 0.9338, test loss: 0.83731089
[2026-06-25 21:42:46,670][root][INFO] - Epoch: 10 | train acc: 0.9430, train loss: 2.82182638, valid acc: 0.9201, valid loss: 0.27945284, test acc: 0.9007, test loss: 0.90980168
[2026-06-25 21:42:46,694][root][INFO] - Epoch: 10 | train acc: 0.9634, train loss: 18.27786598, valid acc: 0.9525, valid loss: 0.16816166, test acc: 0.9126, test loss: 0.54603506
[2026-06-25 21:42:47,973][root][INFO] - reg loss: 4.529395469282039, entropy loss: 0.16748763589316576, leaf dev: 0.17180754244327545
[2026-06-25 21:42:47,974][root][INFO] - Val leaf stats: tensor([6.8061e-01, 5.5099e-03, 0.0000e+00, 1.4288e-02, 7.1255e-02, 1.1207e-03,
        3.1378e-02, 5.6033e-04, 1.0273e-03, 5.6033e-04, 1.8902e-01, 1.8678e-04,
        2.2413e-03, 1.1207e-03, 5.6033e-04, 5.6033e-04])
[2026-06-25 21:42:48,350][root][INFO] - reg loss: 5.2428858141419745, entropy loss: 0.17581549105505465, leaf dev: 0.10392556339502335
[2026-06-25 21:42:48,351][root][INFO] - Val leaf stats: tensor([2.3767e-01, 2.3160e-01, 3.7355e-04, 1.5222e-02, 9.6190e-03, 2.8016e-04,
        1.7557e-02, 2.7083e-03, 4.6694e-04, 2.8950e-02, 3.0968e-01, 1.4008e-03,
        1.0553e-02, 1.2990e-01, 3.8289e-03, 1.8678e-04])
[2026-06-25 21:42:48,428][root][INFO] - reg loss: 4.536470511602977, entropy loss: 0.17457663468898288, leaf dev: 0.1192655861377716
[2026-06-25 21:42:48,429][root][INFO] - Val leaf stats: tensor([2.6102e-01, 2.1012e-02, 9.4229e-02, 7.4710e-04, 9.3855e-02, 1.0077e-01,
        8.4049e-04, 3.7355e-04, 1.7744e-03, 9.3388e-04, 1.8678e-04, 3.7355e-04,
        0.0000e+00, 4.2361e-01, 1.8678e-04, 9.3388e-05])
[2026-06-25 21:42:52,535][root][INFO] - Epoch: 10 | train acc: 0.9495, train loss: 5.02516102, valid acc: 0.9387, valid loss: 0.20963777, test acc: 0.9104, test loss: 0.78769173
[2026-06-25 21:42:53,969][root][INFO] - reg loss: 4.851598896046795, entropy loss: 0.16116988225273354, leaf dev: 0.09267401695251465
[2026-06-25 21:42:53,970][root][INFO] - Val leaf stats: tensor([2.2525e-01, 2.5775e-02, 1.3158e-01, 8.4049e-04, 7.1162e-02, 1.5306e-01,
        9.3388e-05, 7.1068e-02, 1.8678e-03, 1.7557e-02, 9.3388e-05, 1.1207e-03,
        9.3388e-05, 2.9791e-01, 6.5372e-04, 1.8678e-03])
[2026-06-25 21:42:58,147][root][INFO] - Epoch: 10 | train acc: 0.9368, train loss: 8.89696331, valid acc: 0.9278, valid loss: 0.23604148, test acc: 0.9139, test loss: 1.08941528
[2026-06-25 21:42:58,666][root][INFO] - Epoch: 10 | train acc: 0.9667, train loss: 2.64254370, valid acc: 0.9550, valid loss: 0.15592035, test acc: 0.9296, test loss: 0.46979824
[2026-06-25 21:42:59,663][root][INFO] - reg loss: 4.339701337158365, entropy loss: 0.1631963724497134, leaf dev: 0.15445370972156525
[2026-06-25 21:42:59,664][root][INFO] - Val leaf stats: tensor([0.2268, 0.0060, 0.0011, 0.0000, 0.1632, 0.0000, 0.0000, 0.0025, 0.0092,
        0.0027, 0.5849, 0.0000, 0.0010, 0.0010, 0.0015, 0.0000])
[2026-06-25 21:42:59,916][root][INFO] - Epoch: 10 | train acc: 0.9640, train loss: 9.38013103, valid acc: 0.9523, valid loss: 0.16077418, test acc: 0.9245, test loss: 0.93120127
[2026-06-25 21:43:00,108][root][INFO] - reg loss: 5.039321243447602, entropy loss: 0.18547211926450174, leaf dev: 0.12952126562595367
[2026-06-25 21:43:00,109][root][INFO] - Val leaf stats: tensor([4.8506e-01, 2.3394e-01, 6.5372e-04, 1.7370e-02, 4.6694e-04, 8.4049e-04,
        1.1851e-01, 2.8016e-04, 3.7355e-04, 8.4049e-04, 8.2555e-02, 5.4352e-02,
        2.9884e-03, 1.1207e-03, 0.0000e+00, 6.5372e-04])
[2026-06-25 21:43:01,575][root][INFO] - reg loss: 4.626920889294337, entropy loss: 0.18022179414355566, leaf dev: 0.11522573977708817
[2026-06-25 21:43:01,576][root][INFO] - Val leaf stats: tensor([3.9839e-01, 6.8453e-02, 1.4942e-02, 7.4710e-04, 8.9653e-02, 2.2142e-01,
        0.0000e+00, 0.0000e+00, 2.5215e-03, 1.8678e-04, 3.7355e-04, 6.5372e-04,
        1.8678e-04, 2.0237e-01, 0.0000e+00, 9.3388e-05])
[2026-06-25 21:43:02,765][root][INFO] - Epoch: 10 | train acc: 0.9419, train loss: 9.05892047, valid acc: 0.9384, valid loss: 0.21029458, test acc: 0.9144, test loss: 1.12388684
[2026-06-25 21:43:03,686][root][INFO] - Epoch: 10 | train acc: 0.9322, train loss: 34.07622942, valid acc: 0.9193, valid loss: 0.24612988, test acc: 0.9082, test loss: 0.64696673
[2026-06-25 21:43:03,995][root][INFO] - reg loss: 4.432097760457841, entropy loss: 0.178856133862778, leaf dev: 0.1349293440580368
[2026-06-25 21:43:03,996][root][INFO] - Val leaf stats: tensor([6.0049e-02, 4.5200e-02, 3.0538e-01, 6.5372e-04, 7.1629e-02, 2.3160e-02,
        0.0000e+00, 2.5215e-03, 4.6694e-04, 1.1207e-03, 2.8016e-04, 9.3388e-04,
        5.6033e-04, 4.8058e-01, 9.3388e-05, 7.3777e-03])
[2026-06-25 21:43:04,398][root][INFO] - Epoch: 11 | train acc: 0.9656, train loss: 2.60502252, valid acc: 0.9553, valid loss: 0.15963788, test acc: 0.9327, test loss: 0.58368877
[2026-06-25 21:43:05,161][root][INFO] - Epoch: 10 | train acc: 0.9614, train loss: 35.44973377, valid acc: 0.9506, valid loss: 0.17564498, test acc: 0.9157, test loss: 0.82408230
[2026-06-25 21:43:05,295][root][INFO] - reg loss: 4.2322664487929575, entropy loss: 0.17857389144165806, leaf dev: 0.14399632811546326
[2026-06-25 21:43:05,296][root][INFO] - Val leaf stats: tensor([5.5304e-01, 2.1012e-02, 2.0032e-01, 0.0000e+00, 7.0788e-02, 0.0000e+00,
        0.0000e+00, 1.8678e-04, 1.4942e-03, 2.3347e-03, 1.0273e-03, 1.2140e-03,
        0.0000e+00, 1.4858e-01, 0.0000e+00, 0.0000e+00])
[2026-06-25 21:43:05,386][root][INFO] - Epoch: 11 | train acc: 0.9698, train loss: 0.10385069, valid acc: 0.9577, valid loss: 0.14818422, test acc: 0.9334, test loss: 0.30170017
[2026-06-25 21:43:05,968][root][INFO] - reg loss: 4.971158557467991, entropy loss: 0.16622098625967743, leaf dev: 0.11032392829656601
[2026-06-25 21:43:05,969][root][INFO] - Val leaf stats: tensor([2.0377e-01, 1.0870e-01, 8.6477e-02, 5.6033e-04, 7.9287e-02, 1.2981e-02,
        2.0545e-02, 2.6149e-03, 1.4008e-03, 5.2297e-03, 2.2413e-03, 4.6694e-04,
        2.8016e-04, 4.1707e-01, 1.8678e-04, 5.8181e-02])
[2026-06-25 21:43:06,755][root][INFO] - reg loss: 4.414098641229054, entropy loss: 0.17554178479171934, leaf dev: 0.12562067806720734
[2026-06-25 21:43:06,756][root][INFO] - Val leaf stats: tensor([2.0004e-01, 1.4195e-02, 9.8711e-02, 0.0000e+00, 8.8158e-02, 1.1683e-01,
        1.8678e-03, 1.8678e-04, 9.3388e-04, 2.8016e-04, 9.3388e-04, 3.7355e-04,
        9.3388e-05, 4.7731e-01, 9.3388e-05, 0.0000e+00])
[2026-06-25 21:43:07,211][root][INFO] - reg loss: 6.733240526189249, entropy loss: 0.33690166299936003, leaf dev: 0.0856381431221962
[2026-06-25 21:43:07,212][root][INFO] - Val leaf stats: tensor([3.2266e-01, 1.0310e-01, 1.0058e-01, 1.4195e-02, 3.7355e-03, 2.9884e-03,
        8.6851e-03, 9.5069e-02, 3.6421e-03, 1.0179e-02, 1.7744e-03, 7.4150e-02,
        4.1091e-03, 9.3388e-05, 1.3644e-01, 1.1860e-01])
[2026-06-25 21:43:07,288][root][INFO] - Epoch: 10 | train acc: 0.9618, train loss: 32.56706972, valid acc: 0.9527, valid loss: 0.15928358, test acc: 0.9313, test loss: 1.13550441
[2026-06-25 21:43:08,510][root][INFO] - Epoch: 10 | train acc: 0.9410, train loss: 4.92032945, valid acc: 0.9253, valid loss: 0.24499212, test acc: 0.9076, test loss: 0.83742400
[2026-06-25 21:43:09,023][root][INFO] - reg loss: 4.053150901088008, entropy loss: 0.18224630280146523, leaf dev: 0.22225750982761383
[2026-06-25 21:43:09,024][root][INFO] - Val leaf stats: tensor([8.9307e-01, 0.0000e+00, 2.8016e-04, 0.0000e+00, 7.1629e-02, 0.0000e+00,
        2.7363e-02, 0.0000e+00, 1.1207e-03, 0.0000e+00, 2.1479e-03, 0.0000e+00,
        3.9223e-03, 0.0000e+00, 4.6694e-04, 0.0000e+00])
[2026-06-25 21:43:09,037][root][INFO] - Epoch: 11 | train acc: 0.9422, train loss: 17.71533949, valid acc: 0.9301, valid loss: 0.23090077, test acc: 0.9141, test loss: 0.99205615
[2026-06-25 21:43:09,866][root][INFO] - Epoch: 11 | train acc: 0.9681, train loss: 9.02719467, valid acc: 0.9563, valid loss: 0.15359288, test acc: 0.9223, test loss: 0.70126716
[2026-06-25 21:43:09,941][root][INFO] - Epoch: 10 | train acc: 0.9347, train loss: 17.90748097, valid acc: 0.9245, valid loss: 0.24596423, test acc: 0.8958, test loss: 0.91984191
[2026-06-25 21:43:09,956][root][INFO] - reg loss: 4.718661772510993, entropy loss: 0.17366794295727261, leaf dev: 0.12865610420703888
[2026-06-25 21:43:09,957][root][INFO] - Val leaf stats: tensor([1.7566e-01, 2.6896e-01, 6.5372e-04, 2.8016e-04, 1.5035e-02, 0.0000e+00,
        4.6694e-04, 2.2413e-03, 6.3504e-03, 2.3347e-03, 4.4938e-01, 0.0000e+00,
        4.3892e-03, 7.3123e-02, 5.6033e-04, 5.6033e-04])
[2026-06-25 21:43:10,607][root][INFO] - reg loss: 4.379837593704305, entropy loss: 0.174630412664363, leaf dev: 0.13383296132087708
[2026-06-25 21:43:10,608][root][INFO] - Val leaf stats: tensor([3.6197e-01, 4.8001e-02, 7.4710e-04, 9.3388e-05, 1.7314e-01, 0.0000e+00,
        2.8016e-04, 1.0273e-03, 0.0000e+00, 4.6694e-04, 4.0969e-01, 0.0000e+00,
        3.3620e-03, 5.6033e-04, 5.6033e-04, 9.3388e-05])
[2026-06-25 21:43:11,589][root][INFO] - reg loss: 4.455886608709103, entropy loss: 0.16397215370778684, leaf dev: 0.14409741759300232
[2026-06-25 21:43:11,590][root][INFO] - Val leaf stats: tensor([5.6705e-01, 7.8726e-02, 3.7355e-04, 9.1520e-03, 7.1349e-02, 9.3388e-04,
        8.0127e-02, 0.0000e+00, 9.3388e-05, 1.6810e-03, 1.8603e-01, 3.7355e-04,
        2.8016e-03, 9.3388e-05, 1.0273e-03, 1.8678e-04])
[2026-06-25 21:43:11,591][root][INFO] - Epoch: 11 | train acc: 0.9674, train loss: 4.60449521, valid acc: 0.9603, valid loss: 0.15246512, test acc: 0.9363, test loss: 0.82577430
[2026-06-25 21:43:11,600][root][INFO] - reg loss: 4.425300850439324, entropy loss: 0.16959282369525344, leaf dev: 0.10106289386749268
[2026-06-25 21:43:11,601][root][INFO] - Val leaf stats: tensor([2.7064e-01, 1.0740e-02, 1.8668e-01, 9.3388e-05, 8.8439e-02, 1.7744e-01,
        1.8678e-04, 9.3388e-05, 9.3388e-05, 9.3388e-05, 6.5372e-04, 2.8016e-03,
        0.0000e+00, 2.6111e-01, 1.8678e-04, 7.4710e-04])
[2026-06-25 21:43:12,678][root][INFO] - Epoch: 11 | train acc: 0.9474, train loss: 2.82622476, valid acc: 0.9407, valid loss: 0.20300278, test acc: 0.9175, test loss: 0.83038192
[2026-06-25 21:43:13,000][root][INFO] - Epoch: 11 | train acc: 0.9646, train loss: 18.20436241, valid acc: 0.9532, valid loss: 0.16729597, test acc: 0.9215, test loss: 0.53677814
[2026-06-25 21:43:13,292][root][INFO] - reg loss: 4.48659652124637, entropy loss: 0.16157994423278424, leaf dev: 0.1767883151769638
[2026-06-25 21:43:13,293][root][INFO] - Val leaf stats: tensor([7.0695e-01, 7.4710e-03, 0.0000e+00, 1.5876e-02, 7.1162e-02, 8.4049e-04,
        3.1752e-02, 7.4710e-04, 1.1207e-03, 5.6033e-04, 1.5857e-01, 1.8678e-04,
        2.3347e-03, 1.2140e-03, 6.5372e-04, 5.6033e-04])
[2026-06-25 21:43:14,040][root][INFO] - reg loss: 5.285116548891421, entropy loss: 0.17221464997246153, leaf dev: 0.10921598225831985
[2026-06-25 21:43:14,041][root][INFO] - Val leaf stats: tensor([2.5411e-01, 2.2693e-01, 4.6694e-04, 1.4569e-02, 1.2047e-02, 2.8016e-04,
        2.2133e-02, 2.0545e-03, 2.8016e-04, 3.7635e-02, 3.4217e-01, 3.5487e-03,
        4.3892e-03, 7.7232e-02, 1.9612e-03, 1.8678e-04])
[2026-06-25 21:43:14,723][root][INFO] - reg loss: 4.519747431316073, entropy loss: 0.16983421012838051, leaf dev: 0.11981984972953796
[2026-06-25 21:43:14,724][root][INFO] - Val leaf stats: tensor([2.6653e-01, 2.1199e-02, 9.4976e-02, 7.4710e-04, 9.2454e-02, 9.5443e-02,
        8.4049e-04, 3.7355e-04, 1.6810e-03, 9.3388e-04, 1.8678e-04, 3.7355e-04,
        0.0000e+00, 4.2389e-01, 2.8016e-04, 9.3388e-05])
[2026-06-25 21:43:17,425][root][INFO] - Epoch: 11 | train acc: 0.9533, train loss: 4.94283665, valid acc: 0.9426, valid loss: 0.20045919, test acc: 0.9104, test loss: 0.62194808
[2026-06-25 21:43:18,947][root][INFO] - reg loss: 4.781706996695705, entropy loss: 0.15765516176110222, leaf dev: 0.09182066470384598
[2026-06-25 21:43:18,948][root][INFO] - Val leaf stats: tensor([2.2198e-01, 2.5308e-02, 1.2785e-01, 8.4049e-04, 7.1349e-02, 1.5783e-01,
        0.0000e+00, 7.5271e-02, 1.8678e-03, 1.9518e-02, 9.3388e-05, 1.1207e-03,
        9.3388e-05, 2.9436e-01, 6.5372e-04, 1.8678e-03])
[2026-06-25 21:43:22,208][root][INFO] - Epoch: 11 | train acc: 0.9418, train loss: 8.88008388, valid acc: 0.9343, valid loss: 0.22530590, test acc: 0.9150, test loss: 1.12466296
[2026-06-25 21:43:23,008][root][INFO] - Epoch: 11 | train acc: 0.9675, train loss: 2.60357467, valid acc: 0.9579, valid loss: 0.15526960, test acc: 0.9317, test loss: 0.46790430
[2026-06-25 21:43:23,574][root][INFO] - reg loss: 4.338866945296999, entropy loss: 0.16069897220879004, leaf dev: 0.15343254804611206
[2026-06-25 21:43:23,575][root][INFO] - Val leaf stats: tensor([2.2908e-01, 6.7239e-03, 1.3074e-03, 0.0000e+00, 1.6362e-01, 0.0000e+00,
        9.3388e-05, 2.4281e-03, 8.6851e-03, 4.3892e-03, 5.7985e-01, 0.0000e+00,
        1.0273e-03, 1.4008e-03, 1.4008e-03, 0.0000e+00])
[2026-06-25 21:43:24,252][root][INFO] - Epoch: 11 | train acc: 0.9661, train loss: 9.30196069, valid acc: 0.9528, valid loss: 0.16156713, test acc: 0.9246, test loss: 0.99917724
[2026-06-25 21:43:24,492][root][INFO] - reg loss: 4.96781082506533, entropy loss: 0.1798964991929039, leaf dev: 0.13003286719322205
[2026-06-25 21:43:24,493][root][INFO] - Val leaf stats: tensor([4.8170e-01, 2.5112e-01, 5.6033e-04, 2.2226e-02, 2.8016e-04, 1.2140e-03,
        1.0002e-01, 3.7355e-04, 3.7355e-04, 1.0273e-03, 9.3201e-02, 4.2865e-02,
        2.8016e-03, 1.5876e-03, 0.0000e+00, 6.5372e-04])
[2026-06-25 21:43:25,910][root][INFO] - reg loss: 4.5912770720386, entropy loss: 0.17465866912925054, leaf dev: 0.11557182669639587
[2026-06-25 21:43:25,911][root][INFO] - Val leaf stats: tensor([3.9671e-01, 6.5558e-02, 1.4942e-02, 5.6033e-04, 8.6291e-02, 2.2955e-01,
        0.0000e+00, 0.0000e+00, 2.8016e-03, 2.8016e-04, 3.7355e-04, 5.6033e-04,
        2.8016e-04, 2.0200e-01, 0.0000e+00, 9.3388e-05])
[2026-06-25 21:43:28,501][root][INFO] - Epoch: 11 | train acc: 0.9333, train loss: 33.96623262, valid acc: 0.9222, valid loss: 0.24149918, test acc: 0.9066, test loss: 0.65762349
[2026-06-25 21:43:28,547][root][INFO] - Epoch: 11 | train acc: 0.9458, train loss: 9.04297711, valid acc: 0.9400, valid loss: 0.20136644, test acc: 0.9201, test loss: 1.12587021
[2026-06-25 21:43:29,016][root][INFO] - Epoch: 12 | train acc: 0.9697, train loss: 2.55547752, valid acc: 0.9552, valid loss: 0.15338333, test acc: 0.9291, test loss: 0.59673349
[2026-06-25 21:43:29,892][root][INFO] - Epoch: 11 | train acc: 0.9634, train loss: 35.26155074, valid acc: 0.9524, valid loss: 0.17221157, test acc: 0.9235, test loss: 0.83059313
[2026-06-25 21:43:30,051][root][INFO] - reg loss: 4.219022420348313, entropy loss: 0.17492106832839824, leaf dev: 0.1513134092092514
[2026-06-25 21:43:30,053][root][INFO] - Val leaf stats: tensor([5.9031e-01, 2.1946e-02, 1.9836e-01, 0.0000e+00, 7.0975e-02, 0.0000e+00,
        0.0000e+00, 1.8678e-04, 1.5876e-03, 2.1479e-03, 1.0273e-03, 1.2140e-03,
        0.0000e+00, 1.1225e-01, 0.0000e+00, 0.0000e+00])
[2026-06-25 21:43:30,101][root][INFO] - reg loss: 4.43022941659998, entropy loss: 0.17686731261866434, leaf dev: 0.13464337587356567
[2026-06-25 21:43:30,102][root][INFO] - Val leaf stats: tensor([5.7154e-02, 4.6881e-02, 3.0491e-01, 5.6033e-04, 7.2002e-02, 2.4094e-02,
        0.0000e+00, 2.5215e-03, 4.6694e-04, 1.1207e-03, 2.8016e-04, 9.3388e-04,
        5.6033e-04, 4.7973e-01, 0.0000e+00, 8.7785e-03])
[2026-06-25 21:43:30,439][root][INFO] - Epoch: 12 | train acc: 0.9551, train loss: 0.15480716, valid acc: 0.9517, valid loss: 0.16826397, test acc: 0.9233, test loss: 0.42796025
[2026-06-25 21:43:30,449][root][INFO] - reg loss: 4.899415056541483, entropy loss: 0.15302501066967292, leaf dev: 0.11191871017217636
[2026-06-25 21:43:30,450][root][INFO] - Val leaf stats: tensor([2.0826e-01, 1.0310e-01, 8.8532e-02, 5.6033e-04, 7.9473e-02, 1.3074e-02,
        2.1106e-02, 2.3347e-03, 1.8678e-03, 4.4826e-03, 1.0273e-03, 3.7355e-04,
        2.8016e-04, 4.2286e-01, 0.0000e+00, 5.2671e-02])
[2026-06-25 21:43:31,616][root][INFO] - reg loss: 4.391658349011941, entropy loss: 0.17160230378309885, leaf dev: 0.12368699908256531
[2026-06-25 21:43:31,617][root][INFO] - Val leaf stats: tensor([2.0760e-01, 1.4662e-02, 9.9458e-02, 0.0000e+00, 8.9279e-02, 1.1898e-01,
        1.8678e-03, 1.8678e-04, 8.4049e-04, 2.8016e-04, 8.4049e-04, 3.7355e-04,
        9.3388e-05, 4.6545e-01, 9.3388e-05, 0.0000e+00])
[2026-06-25 21:43:32,104][root][INFO] - reg loss: 6.902641422534115, entropy loss: 0.3261859210395308, leaf dev: 0.0708351731300354
[2026-06-25 21:43:32,105][root][INFO] - Val leaf stats: tensor([0.2070, 0.0775, 0.0968, 0.0450, 0.0014, 0.0006, 0.0054, 0.0907, 0.0031,
        0.0112, 0.0035, 0.1176, 0.0080, 0.0040, 0.1901, 0.1379])
[2026-06-25 21:43:33,240][root][INFO] - Epoch: 11 | train acc: 0.9631, train loss: 32.54170548, valid acc: 0.9573, valid loss: 0.15232881, test acc: 0.9339, test loss: 1.32574756
[2026-06-25 21:43:33,590][root][INFO] - Epoch: 11 | train acc: 0.9414, train loss: 4.80615768, valid acc: 0.9329, valid loss: 0.21802695, test acc: 0.9133, test loss: 0.81365627
[2026-06-25 21:43:34,646][root][INFO] - reg loss: 4.0506471628865235, entropy loss: 0.17941913600005802, leaf dev: 0.2222588062286377
[2026-06-25 21:43:34,647][root][INFO] - Val leaf stats: tensor([8.9307e-01, 0.0000e+00, 1.8678e-04, 0.0000e+00, 7.1722e-02, 0.0000e+00,
        2.7269e-02, 0.0000e+00, 1.1207e-03, 0.0000e+00, 2.2413e-03, 0.0000e+00,
        3.9223e-03, 0.0000e+00, 4.6694e-04, 0.0000e+00])
[2026-06-25 21:43:34,868][root][INFO] - Epoch: 12 | train acc: 0.9436, train loss: 17.59714146, valid acc: 0.9311, valid loss: 0.22511411, test acc: 0.9152, test loss: 0.96625712
[2026-06-25 21:43:35,240][root][INFO] - reg loss: 4.606475746820843, entropy loss: 0.1690895170288742, leaf dev: 0.12117794901132584
[2026-06-25 21:43:35,241][root][INFO] - Val leaf stats: tensor([2.0293e-01, 2.9651e-01, 5.6033e-04, 3.7355e-04, 3.0911e-02, 0.0000e+00,
        1.1207e-03, 1.4008e-03, 5.0430e-03, 5.6033e-04, 3.8420e-01, 0.0000e+00,
        4.2959e-03, 7.1068e-02, 4.6694e-04, 5.6033e-04])
[2026-06-25 21:43:35,901][root][INFO] - Epoch: 12 | train acc: 0.9690, train loss: 8.96266671, valid acc: 0.9571, valid loss: 0.15125239, test acc: 0.9193, test loss: 0.71960064
[2026-06-25 21:43:36,161][root][INFO] - Epoch: 11 | train acc: 0.9391, train loss: 17.78794600, valid acc: 0.9262, valid loss: 0.23722547, test acc: 0.8948, test loss: 0.96424393
[2026-06-25 21:43:36,534][root][INFO] - reg loss: 4.351210533626496, entropy loss: 0.1692960886728196, leaf dev: 0.13430660963058472
[2026-06-25 21:43:36,535][root][INFO] - Val leaf stats: tensor([3.5058e-01, 5.2484e-02, 9.3388e-04, 1.8678e-04, 1.6530e-01, 0.0000e+00,
        2.8016e-04, 1.0273e-03, 0.0000e+00, 4.6694e-04, 4.2436e-01, 0.0000e+00,
        3.1752e-03, 5.6033e-04, 5.6033e-04, 9.3388e-05])
[2026-06-25 21:43:37,306][root][INFO] - reg loss: 4.4255830497338025, entropy loss: 0.160274501515444, leaf dev: 0.14616765081882477
[2026-06-25 21:43:37,307][root][INFO] - Val leaf stats: tensor([5.7546e-01, 6.8080e-02, 3.7355e-04, 9.2454e-03, 7.1162e-02, 9.3388e-04,
        8.0034e-02, 0.0000e+00, 9.3388e-05, 1.2140e-03, 1.8874e-01, 5.6033e-04,
        2.8016e-03, 9.3388e-05, 1.0273e-03, 1.8678e-04])
[2026-06-25 21:43:37,571][root][INFO] - reg loss: 4.398025659026292, entropy loss: 0.16676722585208834, leaf dev: 0.1003340408205986
[2026-06-25 21:43:37,572][root][INFO] - Val leaf stats: tensor([2.7251e-01, 1.1113e-02, 1.7557e-01, 9.3388e-05, 9.2361e-02, 1.9350e-01,
        1.8678e-04, 0.0000e+00, 9.3388e-05, 9.3388e-05, 9.3388e-04, 2.8016e-03,
        0.0000e+00, 2.4963e-01, 2.8016e-04, 8.4049e-04])
[2026-06-25 21:43:37,758][root][INFO] - Epoch: 12 | train acc: 0.9676, train loss: 4.56779913, valid acc: 0.9586, valid loss: 0.15094845, test acc: 0.9367, test loss: 0.87181236
[2026-06-25 21:43:37,951][root][INFO] - Epoch: 12 | train acc: 0.9530, train loss: 2.74346220, valid acc: 0.9426, valid loss: 0.20132535, test acc: 0.9188, test loss: 0.73736260
[2026-06-25 21:43:38,422][root][INFO] - Epoch: 12 | train acc: 0.9671, train loss: 18.11300299, valid acc: 0.9540, valid loss: 0.16537825, test acc: 0.9224, test loss: 0.56396416
[2026-06-25 21:43:39,525][root][INFO] - reg loss: 4.44869584381265, entropy loss: 0.1587846136440045, leaf dev: 0.17734847962856293
[2026-06-25 21:43:39,526][root][INFO] - Val leaf stats: tensor([7.0956e-01, 7.0041e-03, 1.4008e-03, 1.2234e-02, 7.1162e-02, 8.4049e-04,
        3.4367e-02, 7.4710e-04, 1.1207e-03, 8.4049e-04, 1.5605e-01, 9.3388e-05,
        2.0545e-03, 1.2140e-03, 6.5372e-04, 6.5372e-04])
[2026-06-25 21:43:39,543][root][INFO] - reg loss: 5.154209159669422, entropy loss: 0.16857711103542772, leaf dev: 0.11480768769979477
[2026-06-25 21:43:39,544][root][INFO] - Val leaf stats: tensor([1.8678e-01, 2.2815e-01, 5.6033e-04, 1.5502e-02, 1.1580e-02, 9.3388e-05,
        2.0919e-02, 2.3347e-03, 2.8016e-04, 4.5106e-02, 4.0614e-01, 3.8289e-03,
        2.8016e-03, 7.3777e-02, 1.9612e-03, 1.8678e-04])
[2026-06-25 21:43:40,144][root][INFO] - reg loss: 4.498602037076597, entropy loss: 0.16488572963015743, leaf dev: 0.12054278701543808
[2026-06-25 21:43:40,145][root][INFO] - Val leaf stats: tensor([2.7157e-01, 2.1853e-02, 8.7038e-02, 7.4710e-04, 9.2174e-02, 9.6750e-02,
        8.4049e-04, 3.7355e-04, 1.6810e-03, 8.4049e-04, 1.8678e-04, 3.7355e-04,
        0.0000e+00, 4.2520e-01, 3.7355e-04, 0.0000e+00])
[2026-06-25 21:43:42,767][root][INFO] - Epoch: 12 | train acc: 0.9557, train loss: 4.90843079, valid acc: 0.9449, valid loss: 0.19625802, test acc: 0.9119, test loss: 0.61757457
[2026-06-25 21:43:44,211][root][INFO] - reg loss: 4.75319741516517, entropy loss: 0.15373583445473324, leaf dev: 0.0923621878027916
[2026-06-25 21:43:44,212][root][INFO] - Val leaf stats: tensor([2.1778e-01, 2.1666e-02, 1.2495e-01, 7.4710e-04, 7.0975e-02, 1.5577e-01,
        9.3388e-05, 7.4430e-02, 1.7744e-03, 2.5682e-02, 9.3388e-05, 1.0273e-03,
        9.3388e-05, 3.0239e-01, 7.4710e-04, 1.7744e-03])
[2026-06-25 21:43:46,051][root][INFO] - Epoch: 12 | train acc: 0.9449, train loss: 8.89293828, valid acc: 0.9343, valid loss: 0.22458515, test acc: 0.9163, test loss: 1.25607988
[2026-06-25 21:43:47,613][root][INFO] - reg loss: 4.349772745970065, entropy loss: 0.15702661059836232, leaf dev: 0.15020379424095154
[2026-06-25 21:43:47,614][root][INFO] - Val leaf stats: tensor([2.4589e-01, 7.5644e-03, 1.1207e-03, 0.0000e+00, 1.6735e-01, 0.0000e+00,
        9.3388e-05, 2.5215e-03, 7.8446e-03, 4.4826e-03, 5.5883e-01, 0.0000e+00,
        1.1207e-03, 1.4008e-03, 1.7744e-03, 0.0000e+00])
[2026-06-25 21:43:48,022][root][INFO] - Epoch: 12 | train acc: 0.9688, train loss: 2.57276432, valid acc: 0.9569, valid loss: 0.15146283, test acc: 0.9320, test loss: 0.47777274
[2026-06-25 21:43:48,787][root][INFO] - Epoch: 12 | train acc: 0.9681, train loss: 9.26155804, valid acc: 0.9564, valid loss: 0.15465265, test acc: 0.9280, test loss: 1.00686324
[2026-06-25 21:43:49,415][root][INFO] - reg loss: 4.918691153248782, entropy loss: 0.17316216569413584, leaf dev: 0.13021211326122284
[2026-06-25 21:43:49,416][root][INFO] - Val leaf stats: tensor([4.8982e-01, 2.3394e-01, 8.4049e-04, 2.3721e-02, 2.8016e-04, 1.2140e-03,
        1.0338e-01, 3.7355e-04, 3.7355e-04, 1.1207e-03, 9.3855e-02, 4.5854e-02,
        2.8950e-03, 1.6810e-03, 0.0000e+00, 6.5372e-04])
[2026-06-25 21:43:50,348][root][INFO] - reg loss: 4.573248949000444, entropy loss: 0.16964984089924545, leaf dev: 0.11301185190677643
[2026-06-25 21:43:50,349][root][INFO] - Val leaf stats: tensor([3.8383e-01, 7.7512e-02, 1.4569e-02, 5.6033e-04, 8.9653e-02, 2.2516e-01,
        0.0000e+00, 0.0000e+00, 2.8016e-03, 1.8678e-04, 3.7355e-04, 5.6033e-04,
        2.8016e-04, 2.0443e-01, 0.0000e+00, 9.3388e-05])
[2026-06-25 21:43:53,657][root][INFO] - Epoch: 12 | train acc: 0.9479, train loss: 8.99377282, valid acc: 0.9357, valid loss: 0.21062028, test acc: 0.9188, test loss: 1.65852814
[2026-06-25 21:43:54,215][root][INFO] - Epoch: 13 | train acc: 0.9719, train loss: 2.53712994, valid acc: 0.9565, valid loss: 0.15477627, test acc: 0.9305, test loss: 0.59427247
[2026-06-25 21:43:54,467][root][INFO] - Epoch: 12 | train acc: 0.9565, train loss: 35.10248087, valid acc: 0.9468, valid loss: 0.18428848, test acc: 0.9198, test loss: 0.91860744
[2026-06-25 21:43:54,528][root][INFO] - Epoch: 12 | train acc: 0.9358, train loss: 33.88595393, valid acc: 0.9249, valid loss: 0.23284232, test acc: 0.9104, test loss: 0.66224990
[2026-06-25 21:43:55,065][root][INFO] - reg loss: 4.408030820271326, entropy loss: 0.17399062547418806, leaf dev: 0.14215919375419617
[2026-06-25 21:43:55,065][root][INFO] - Val leaf stats: tensor([4.2492e-02, 3.8476e-02, 2.8334e-01, 6.5372e-04, 7.2002e-02, 2.0078e-02,
        9.3388e-05, 2.8016e-03, 4.6694e-04, 1.2140e-03, 0.0000e+00, 6.5372e-04,
        4.6694e-04, 5.2568e-01, 9.3388e-05, 1.1487e-02])
[2026-06-25 21:43:55,826][root][INFO] - reg loss: 4.878420766699251, entropy loss: 0.1495082058288433, leaf dev: 0.11214083433151245
[2026-06-25 21:43:55,827][root][INFO] - Val leaf stats: tensor([1.9808e-01, 1.1337e-01, 8.7785e-02, 5.6033e-04, 7.3030e-02, 1.9145e-02,
        2.1199e-02, 2.3347e-03, 1.9612e-03, 4.2959e-03, 5.6033e-04, 3.7355e-04,
        2.8016e-04, 4.2744e-01, 0.0000e+00, 4.9589e-02])
[2026-06-25 21:43:55,927][root][INFO] - Epoch: 13 | train acc: 0.9673, train loss: 0.11406557, valid acc: 0.9584, valid loss: 0.15075190, test acc: 0.9208, test loss: 0.48201821
[2026-06-25 21:43:56,184][root][INFO] - reg loss: 4.369132753402468, entropy loss: 0.16680371832279933, leaf dev: 0.13947956264019012
[2026-06-25 21:43:56,185][root][INFO] - Val leaf stats: tensor([1.7706e-01, 1.3915e-02, 9.7964e-02, 0.0000e+00, 8.2648e-02, 7.4991e-02,
        2.0545e-03, 1.8678e-04, 6.5372e-04, 2.8016e-04, 1.2140e-03, 2.8016e-04,
        0.0000e+00, 5.4838e-01, 3.7355e-04, 0.0000e+00])
[2026-06-25 21:43:56,228][root][INFO] - reg loss: 4.209655844976032, entropy loss: 0.1717267608043378, leaf dev: 0.14965447783470154
[2026-06-25 21:43:56,229][root][INFO] - Val leaf stats: tensor([5.8321e-01, 2.2973e-02, 1.9490e-01, 0.0000e+00, 7.1068e-02, 9.3388e-05,
        0.0000e+00, 1.8678e-04, 1.4942e-03, 2.3347e-03, 1.0273e-03, 1.3074e-03,
        0.0000e+00, 1.2140e-01, 0.0000e+00, 0.0000e+00])
[2026-06-25 21:43:57,713][root][INFO] - reg loss: 6.541386692612259, entropy loss: 0.30043537449584434, leaf dev: 0.07211975008249283
[2026-06-25 21:43:57,715][root][INFO] - Val leaf stats: tensor([0.2054, 0.0878, 0.0984, 0.0532, 0.0012, 0.0005, 0.0041, 0.0852, 0.0026,
        0.0076, 0.0028, 0.1167, 0.0010, 0.0018, 0.1984, 0.1333])
[2026-06-25 21:43:58,322][root][INFO] - Epoch: 12 | train acc: 0.9641, train loss: 32.50850710, valid acc: 0.9557, valid loss: 0.15151086, test acc: 0.9330, test loss: 1.55025043
[2026-06-25 21:43:59,321][root][INFO] - Epoch: 12 | train acc: 0.9403, train loss: 4.88441529, valid acc: 0.9269, valid loss: 0.25790943, test acc: 0.8858, test loss: 0.85667602
[2026-06-25 21:44:00,168][root][INFO] - reg loss: 4.046884491330101, entropy loss: 0.1768820267663431, leaf dev: 0.22230857610702515
[2026-06-25 21:44:00,169][root][INFO] - Val leaf stats: tensor([8.9326e-01, 0.0000e+00, 1.8678e-04, 0.0000e+00, 7.1815e-02, 0.0000e+00,
        2.6989e-02, 0.0000e+00, 1.1207e-03, 0.0000e+00, 2.2413e-03, 0.0000e+00,
        3.9223e-03, 0.0000e+00, 4.6694e-04, 0.0000e+00])
[2026-06-25 21:44:00,417][root][INFO] - Epoch: 13 | train acc: 0.9461, train loss: 17.60502999, valid acc: 0.9367, valid loss: 0.21147959, test acc: 0.9170, test loss: 0.91935006
[2026-06-25 21:44:00,745][root][INFO] - reg loss: 4.680738819970025, entropy loss: 0.16570547640954375, leaf dev: 0.11738927662372589
[2026-06-25 21:44:00,746][root][INFO] - Val leaf stats: tensor([2.4739e-01, 2.2721e-01, 7.4710e-04, 1.4008e-03, 5.3325e-02, 0.0000e+00,
        7.4710e-04, 1.3074e-03, 5.9768e-03, 1.1207e-03, 3.8541e-01, 0.0000e+00,
        4.2025e-03, 7.0228e-02, 3.7355e-04, 5.6033e-04])
[2026-06-25 21:44:01,352][root][INFO] - Epoch: 13 | train acc: 0.9702, train loss: 8.92539343, valid acc: 0.9548, valid loss: 0.15240129, test acc: 0.9250, test loss: 0.71459362
[2026-06-25 21:44:01,829][root][INFO] - Epoch: 12 | train acc: 0.9388, train loss: 17.68903973, valid acc: 0.9283, valid loss: 0.23547425, test acc: 0.9008, test loss: 0.99805787
[2026-06-25 21:44:02,066][root][INFO] - reg loss: 4.354859816334235, entropy loss: 0.16499833802066782, leaf dev: 0.13480155169963837
[2026-06-25 21:44:02,067][root][INFO] - Val leaf stats: tensor([3.4479e-01, 5.7154e-02, 8.4049e-04, 2.8016e-04, 1.5652e-01, 0.0000e+00,
        1.8678e-04, 1.2140e-03, 0.0000e+00, 5.6033e-04, 4.3407e-01, 0.0000e+00,
        3.0818e-03, 6.5372e-04, 5.6033e-04, 9.3388e-05])
[2026-06-25 21:44:02,679][root][INFO] - reg loss: 4.4090219048595936, entropy loss: 0.15635233084676126, leaf dev: 0.1460108757019043
[2026-06-25 21:44:02,680][root][INFO] - Val leaf stats: tensor([5.7471e-01, 6.8547e-02, 3.7355e-04, 9.1520e-03, 7.0508e-02, 9.3388e-04,
        8.0407e-02, 0.0000e+00, 9.3388e-05, 1.6810e-03, 1.8911e-01, 2.8016e-04,
        2.8950e-03, 9.3388e-05, 1.0273e-03, 1.8678e-04])
[2026-06-25 21:44:03,150][root][INFO] - reg loss: 4.373432474792319, entropy loss: 0.16241221169315317, leaf dev: 0.10129516571760178
[2026-06-25 21:44:03,151][root][INFO] - Val leaf stats: tensor([2.7493e-01, 1.1207e-02, 1.7977e-01, 1.8678e-04, 7.9847e-02, 1.9966e-01,
        1.8678e-04, 0.0000e+00, 9.3388e-05, 9.3388e-05, 9.3388e-04, 2.8950e-03,
        0.0000e+00, 2.4925e-01, 2.8016e-04, 6.5372e-04])
[2026-06-25 21:44:03,544][root][INFO] - Epoch: 13 | train acc: 0.9694, train loss: 4.54292571, valid acc: 0.9582, valid loss: 0.14705184, test acc: 0.9347, test loss: 0.87999176
[2026-06-25 21:44:03,659][root][INFO] - Epoch: 13 | train acc: 0.9541, train loss: 2.79484830, valid acc: 0.9286, valid loss: 0.26770853, test acc: 0.9154, test loss: 0.85895991
[2026-06-25 21:44:04,276][root][INFO] - Epoch: 13 | train acc: 0.9679, train loss: 18.03412292, valid acc: 0.9514, valid loss: 0.17004582, test acc: 0.9214, test loss: 0.95691391
[2026-06-25 21:44:05,231][root][INFO] - reg loss: 4.432298990784499, entropy loss: 0.15302492985649715, leaf dev: 0.175157830119133
[2026-06-25 21:44:05,232][root][INFO] - Val leaf stats: tensor([7.0060e-01, 6.8173e-03, 2.0545e-03, 1.6250e-02, 7.1255e-02, 8.4049e-04,
        3.6328e-02, 6.5372e-04, 1.1207e-03, 9.3388e-04, 1.5857e-01, 9.3388e-05,
        2.0545e-03, 1.2140e-03, 5.6033e-04, 6.5372e-04])
[2026-06-25 21:44:05,422][root][INFO] - reg loss: 5.259790077411308, entropy loss: 0.1685256678906698, leaf dev: 0.11221287399530411
[2026-06-25 21:44:05,423][root][INFO] - Val leaf stats: tensor([1.3317e-01, 1.9378e-01, 2.0545e-03, 1.1767e-02, 1.1207e-02, 1.7744e-03,
        7.0508e-02, 2.4281e-03, 2.8016e-04, 6.0702e-02, 4.2613e-01, 8.0314e-03,
        2.0545e-03, 7.4150e-02, 1.7744e-03, 1.8678e-04])
[2026-06-25 21:44:05,886][root][INFO] - reg loss: 4.479815467955574, entropy loss: 0.1611048643078123, leaf dev: 0.11949682980775833
[2026-06-25 21:44:05,887][root][INFO] - Val leaf stats: tensor([2.6784e-01, 2.0732e-02, 9.0773e-02, 7.4710e-04, 9.3108e-02, 9.7871e-02,
        8.4049e-04, 3.7355e-04, 1.5876e-03, 3.3620e-03, 2.8016e-04, 2.8016e-04,
        0.0000e+00, 4.2193e-01, 1.8678e-04, 9.3388e-05])
[2026-06-25 21:44:07,889][root][INFO] - Epoch: 13 | train acc: 0.9538, train loss: 4.84319802, valid acc: 0.9427, valid loss: 0.20187749, test acc: 0.9130, test loss: 0.67126168
[2026-06-25 21:44:09,290][root][INFO] - reg loss: 4.683882309646203, entropy loss: 0.14996380725550273, leaf dev: 0.09532704949378967
[2026-06-25 21:44:09,292][root][INFO] - Val leaf stats: tensor([2.1274e-01, 1.5502e-02, 9.3482e-02, 6.5372e-04, 7.0601e-02, 1.6726e-01,
        0.0000e+00, 8.6944e-02, 1.7744e-03, 2.5682e-02, 2.8016e-04, 1.3074e-03,
        9.3388e-05, 3.2154e-01, 4.6694e-04, 1.6810e-03])
[2026-06-25 21:44:11,496][root][INFO] - Epoch: 13 | train acc: 0.9465, train loss: 8.86114499, valid acc: 0.9371, valid loss: 0.21826881, test acc: 0.9190, test loss: 1.21113520
[2026-06-25 21:44:12,151][root][INFO] - Epoch: 13 | train acc: 0.9699, train loss: 2.56647227, valid acc: 0.9563, valid loss: 0.14922987, test acc: 0.9279, test loss: 0.45967555
[2026-06-25 21:44:13,035][root][INFO] - reg loss: 4.336406208219982, entropy loss: 0.15368747679644792, leaf dev: 0.14737722277641296
[2026-06-25 21:44:13,036][root][INFO] - Val leaf stats: tensor([2.6111e-01, 1.2888e-02, 1.3074e-03, 0.0000e+00, 1.6520e-01, 0.0000e+00,
        0.0000e+00, 2.3347e-03, 7.0041e-03, 4.6694e-03, 5.4090e-01, 0.0000e+00,
        1.0273e-03, 1.4942e-03, 1.9612e-03, 9.3388e-05])
[2026-06-25 21:44:13,475][root][INFO] - reg loss: 4.91893430992409, entropy loss: 0.16943839807358999, leaf dev: 0.1230582743883133
[2026-06-25 21:44:13,476][root][INFO] - Val leaf stats: tensor([4.4257e-01, 2.5943e-01, 7.4710e-04, 2.1386e-02, 2.8016e-04, 1.1207e-03,
        1.1823e-01, 9.3388e-05, 3.7355e-04, 7.4710e-04, 9.4789e-02, 5.5192e-02,
        2.8016e-03, 1.5876e-03, 0.0000e+00, 6.5372e-04])
[2026-06-25 21:44:13,613][root][INFO] - Epoch: 13 | train acc: 0.9697, train loss: 9.23708704, valid acc: 0.9565, valid loss: 0.15199009, test acc: 0.9281, test loss: 1.11326594
[2026-06-25 21:44:15,039][root][INFO] - reg loss: 4.563488801320394, entropy loss: 0.16707199394072175, leaf dev: 0.1137671023607254
[2026-06-25 21:44:15,040][root][INFO] - Val leaf stats: tensor([3.9186e-01, 7.5644e-02, 1.5316e-02, 5.6033e-04, 9.0867e-02, 2.1367e-01,
        0.0000e+00, 0.0000e+00, 2.8016e-03, 9.3388e-05, 3.7355e-04, 5.6033e-04,
        2.8016e-04, 2.0788e-01, 0.0000e+00, 9.3388e-05])
[2026-06-25 21:44:18,185][root][INFO] - Epoch: 13 | train acc: 0.9494, train loss: 8.93698620, valid acc: 0.9404, valid loss: 0.19519839, test acc: 0.9206, test loss: 1.66399054
[2026-06-25 21:44:19,064][root][INFO] - Epoch: 13 | train acc: 0.9619, train loss: 34.97026563, valid acc: 0.9523, valid loss: 0.16942791, test acc: 0.9228, test loss: 0.95399686
[2026-06-25 21:44:19,402][root][INFO] - Epoch: 14 | train acc: 0.9716, train loss: 2.55131263, valid acc: 0.9587, valid loss: 0.15202682, test acc: 0.9320, test loss: 0.57423886
[2026-06-25 21:44:19,523][root][INFO] - reg loss: 4.383243951847945, entropy loss: 0.1672458806365886, leaf dev: 0.1353202760219574
[2026-06-25 21:44:19,524][root][INFO] - Val leaf stats: tensor([5.3698e-02, 4.7161e-02, 3.0248e-01, 3.7355e-04, 7.1722e-02, 2.4001e-02,
        9.3388e-05, 2.5215e-03, 4.6694e-04, 1.4008e-03, 1.8678e-04, 8.4049e-04,
        4.6694e-04, 4.8450e-01, 0.0000e+00, 1.0086e-02])
[2026-06-25 21:44:19,634][root][INFO] - Epoch: 13 | train acc: 0.9375, train loss: 33.78162552, valid acc: 0.9252, valid loss: 0.23087405, test acc: 0.9105, test loss: 0.59871023
[2026-06-25 21:44:20,512][root][INFO] - reg loss: 4.354664310576424, entropy loss: 0.16258070929340585, leaf dev: 0.13665524125099182
[2026-06-25 21:44:20,513][root][INFO] - Val leaf stats: tensor([1.7744e-01, 1.5502e-02, 9.1334e-02, 0.0000e+00, 8.4329e-02, 9.0493e-02,
        2.0545e-03, 1.8678e-04, 6.5372e-04, 2.8016e-04, 1.0273e-03, 2.8016e-04,
        0.0000e+00, 5.3595e-01, 3.7355e-04, 9.3388e-05])
[2026-06-25 21:44:21,132][root][INFO] - reg loss: 4.903051144231564, entropy loss: 0.1458957738504208, leaf dev: 0.10867401957511902
[2026-06-25 21:44:21,133][root][INFO] - Val leaf stats: tensor([1.7576e-01, 1.0805e-01, 1.3457e-01, 3.7355e-04, 7.4804e-02, 1.8304e-02,
        2.3907e-02, 2.2413e-03, 2.5215e-03, 3.3620e-03, 4.6694e-04, 2.8016e-04,
        2.8016e-04, 4.1315e-01, 0.0000e+00, 4.1931e-02])
[2026-06-25 21:44:21,305][root][INFO] - reg loss: 4.197398216005356, entropy loss: 0.16891226062068232, leaf dev: 0.14843696355819702
[2026-06-25 21:44:21,306][root][INFO] - Val leaf stats: tensor([5.7779e-01, 2.3907e-02, 1.9331e-01, 0.0000e+00, 7.1068e-02, 9.3388e-05,
        0.0000e+00, 1.8678e-04, 1.6810e-03, 2.5215e-03, 1.1207e-03, 1.2140e-03,
        0.0000e+00, 1.2710e-01, 0.0000e+00, 0.0000e+00])
[2026-06-25 21:44:21,389][root][INFO] - Epoch: 14 | train acc: 0.9653, train loss: 0.11720734, valid acc: 0.9509, valid loss: 0.16632202, test acc: 0.9247, test loss: 0.39423958
[2026-06-25 21:44:23,110][root][INFO] - reg loss: 6.530830156235468, entropy loss: 0.29048083367801847, leaf dev: 0.07323407381772995
[2026-06-25 21:44:23,111][root][INFO] - Val leaf stats: tensor([0.2214, 0.0527, 0.1236, 0.0403, 0.0012, 0.0003, 0.0049, 0.0940, 0.0028,
        0.0130, 0.0014, 0.1247, 0.0085, 0.0026, 0.1856, 0.1231])
[2026-06-25 21:44:24,478][root][INFO] - Epoch: 13 | train acc: 0.9649, train loss: 32.48377044, valid acc: 0.9540, valid loss: 0.15107738, test acc: 0.9319, test loss: 1.75099765
[2026-06-25 21:44:25,400][root][INFO] - Epoch: 13 | train acc: 0.9418, train loss: 4.80645690, valid acc: 0.9324, valid loss: 0.23728450, test acc: 0.9107, test loss: 0.94620727
[2026-06-25 21:44:25,750][root][INFO] - Epoch: 14 | train acc: 0.9490, train loss: 17.56130983, valid acc: 0.9361, valid loss: 0.21224984, test acc: 0.9190, test loss: 0.92559318
[2026-06-25 21:44:25,905][root][INFO] - Epoch: 14 | train acc: 0.9704, train loss: 8.92190094, valid acc: 0.9546, valid loss: 0.15836438, test acc: 0.9209, test loss: 0.73469403
[2026-06-25 21:44:26,274][root][INFO] - reg loss: 4.044287237540755, entropy loss: 0.17440346750632796, leaf dev: 0.22196917235851288
[2026-06-25 21:44:26,275][root][INFO] - Val leaf stats: tensor([8.9195e-01, 0.0000e+00, 1.8678e-04, 0.0000e+00, 7.1909e-02, 0.0000e+00,
        2.8016e-02, 0.0000e+00, 1.1207e-03, 0.0000e+00, 2.4281e-03, 0.0000e+00,
        4.1091e-03, 0.0000e+00, 2.8016e-04, 0.0000e+00])
[2026-06-25 21:44:27,035][root][INFO] - reg loss: 4.604222365788051, entropy loss: 0.1614108948165147, leaf dev: 0.13161884248256683
[2026-06-25 21:44:27,036][root][INFO] - Val leaf stats: tensor([1.6614e-01, 2.2133e-01, 1.0273e-03, 5.6033e-04, 3.5114e-02, 0.0000e+00,
        6.5372e-04, 2.9884e-03, 7.3777e-03, 2.6149e-03, 4.8954e-01, 0.0000e+00,
        2.7083e-03, 6.9294e-02, 9.3388e-05, 5.6033e-04])
[2026-06-25 21:44:27,293][root][INFO] - Epoch: 13 | train acc: 0.9394, train loss: 17.72180288, valid acc: 0.9254, valid loss: 0.23656963, test acc: 0.8986, test loss: 1.03635762
[2026-06-25 21:44:27,443][root][INFO] - reg loss: 4.346030908917624, entropy loss: 0.1613682078779059, leaf dev: 0.13467693328857422
[2026-06-25 21:44:27,444][root][INFO] - Val leaf stats: tensor([3.5413e-01, 5.4165e-02, 7.4710e-04, 2.8016e-04, 1.5895e-01, 0.0000e+00,
        1.8678e-04, 1.2140e-03, 0.0000e+00, 5.6033e-04, 4.2538e-01, 0.0000e+00,
        3.1752e-03, 6.5372e-04, 4.6694e-04, 9.3388e-05])
[2026-06-25 21:44:27,741][root][INFO] - reg loss: 4.40775106319044, entropy loss: 0.15325132327735738, leaf dev: 0.13977637887001038
[2026-06-25 21:44:27,743][root][INFO] - Val leaf stats: tensor([5.4333e-01, 6.0235e-02, 3.7355e-04, 9.3388e-03, 7.1162e-02, 5.6033e-04,
        1.1085e-01, 0.0000e+00, 9.3388e-05, 1.5876e-03, 1.9817e-01, 9.3388e-05,
        2.9884e-03, 0.0000e+00, 1.0273e-03, 1.8678e-04])
[2026-06-25 21:44:28,926][root][INFO] - reg loss: 4.382109866571174, entropy loss: 0.1604373946234032, leaf dev: 0.10104706138372421
[2026-06-25 21:44:28,927][root][INFO] - Val leaf stats: tensor([2.7400e-01, 1.2701e-02, 1.8958e-01, 2.8016e-04, 8.1154e-02, 1.8407e-01,
        1.8678e-04, 0.0000e+00, 9.3388e-05, 9.3388e-05, 9.3388e-04, 2.8950e-03,
        0.0000e+00, 2.5299e-01, 3.7355e-04, 6.5372e-04])
[2026-06-25 21:44:29,901][root][INFO] - Epoch: 14 | train acc: 0.9697, train loss: 17.98013072, valid acc: 0.9521, valid loss: 0.16494738, test acc: 0.9243, test loss: 0.66549309
[2026-06-25 21:44:29,958][root][INFO] - Epoch: 14 | train acc: 0.9684, train loss: 4.55990381, valid acc: 0.9589, valid loss: 0.14841538, test acc: 0.9341, test loss: 0.89364374
[2026-06-25 21:44:30,190][root][INFO] - Epoch: 14 | train acc: 0.9501, train loss: 2.78071939, valid acc: 0.9470, valid loss: 0.18935867, test acc: 0.9223, test loss: 0.85360619
[2026-06-25 21:44:31,478][root][INFO] - reg loss: 4.447703961972837, entropy loss: 0.14836672232264564, leaf dev: 0.1719837486743927
[2026-06-25 21:44:31,484][root][INFO] - Val leaf stats: tensor([6.8575e-01, 5.5099e-03, 4.6694e-04, 1.1020e-02, 7.0601e-02, 9.3388e-04,
        5.0523e-02, 6.5372e-04, 9.3388e-04, 9.3388e-04, 1.6801e-01, 9.3388e-05,
        2.0545e-03, 1.2140e-03, 6.5372e-04, 6.5372e-04])
[2026-06-25 21:44:31,580][root][INFO] - reg loss: 4.46772269849424, entropy loss: 0.15677647395108743, leaf dev: 0.1202261745929718
[2026-06-25 21:44:31,581][root][INFO] - Val leaf stats: tensor([2.6905e-01, 2.1012e-02, 9.4696e-02, 7.4710e-04, 9.0306e-02, 9.3388e-02,
        8.4049e-04, 5.6033e-04, 1.9612e-03, 1.5876e-03, 3.7355e-04, 2.8016e-04,
        0.0000e+00, 4.2501e-01, 1.8678e-04, 0.0000e+00])
[2026-06-25 21:44:31,672][root][INFO] - Epoch: 14 | train acc: 0.9578, train loss: 4.79960201, valid acc: 0.9459, valid loss: 0.19268822, test acc: 0.9167, test loss: 0.65654406
[2026-06-25 21:44:31,759][root][INFO] - reg loss: 5.214495058412905, entropy loss: 0.17085392339519723, leaf dev: 0.10505495965480804
[2026-06-25 21:44:31,764][root][INFO] - Val leaf stats: tensor([1.9546e-01, 2.0284e-01, 1.5876e-03, 1.5596e-02, 7.5644e-03, 7.4710e-04,
        4.3519e-02, 9.8058e-03, 2.8016e-04, 5.8554e-02, 3.7066e-01, 1.5689e-02,
        2.8016e-03, 7.3030e-02, 1.6810e-03, 1.8678e-04])
[2026-06-25 21:44:33,383][root][INFO] - reg loss: 4.651449750970911, entropy loss: 0.14709071160624268, leaf dev: 0.09267069399356842
[2026-06-25 21:44:33,385][root][INFO] - Val leaf stats: tensor([2.1199e-01, 1.5783e-02, 1.1244e-01, 6.5372e-04, 7.1535e-02, 1.5969e-01,
        0.0000e+00, 8.4516e-02, 1.7744e-03, 2.9230e-02, 7.4710e-04, 9.3388e-04,
        9.3388e-05, 3.0799e-01, 8.4049e-04, 1.7744e-03])
[2026-06-25 21:44:36,984][root][INFO] - Epoch: 14 | train acc: 0.9478, train loss: 8.93933476, valid acc: 0.9382, valid loss: 0.21707504, test acc: 0.9198, test loss: 1.24835180
[2026-06-25 21:44:37,363][root][INFO] - Epoch: 14 | train acc: 0.9720, train loss: 2.55931466, valid acc: 0.9588, valid loss: 0.14832635, test acc: 0.9311, test loss: 0.46127484
[2026-06-25 21:44:38,159][root][INFO] - Epoch: 14 | train acc: 0.9702, train loss: 9.18676157, valid acc: 0.9567, valid loss: 0.15166531, test acc: 0.9284, test loss: 1.16223858
[2026-06-25 21:44:38,475][root][INFO] - reg loss: 4.377589508339211, entropy loss: 0.15363963996922528, leaf dev: 0.14663177728652954
[2026-06-25 21:44:38,476][root][INFO] - Val leaf stats: tensor([2.4953e-01, 6.3504e-03, 1.3074e-03, 0.0000e+00, 1.7071e-01, 0.0000e+00,
        1.8678e-04, 2.3347e-03, 1.1113e-02, 1.1767e-02, 5.4156e-01, 1.8678e-04,
        1.0273e-03, 1.5876e-03, 2.3347e-03, 0.0000e+00])
[2026-06-25 21:44:38,719][root][INFO] - reg loss: 4.9140984923751265, entropy loss: 0.16768060372304663, leaf dev: 0.12442807108163834
[2026-06-25 21:44:38,720][root][INFO] - Val leaf stats: tensor([4.5219e-01, 2.5738e-01, 2.0545e-03, 2.4748e-02, 2.8016e-04, 1.2140e-03,
        1.1169e-01, 9.3388e-05, 2.8016e-04, 8.4049e-04, 8.8532e-02, 5.5473e-02,
        2.8016e-03, 1.6810e-03, 9.3388e-05, 6.5372e-04])
[2026-06-25 21:44:39,646][root][INFO] - reg loss: 4.540363170482494, entropy loss: 0.16333429436519664, leaf dev: 0.11467297375202179
[2026-06-25 21:44:39,647][root][INFO] - Val leaf stats: tensor([3.9214e-01, 6.6959e-02, 1.4195e-02, 6.5372e-04, 9.0213e-02, 2.1956e-01,
        0.0000e+00, 0.0000e+00, 2.8016e-03, 9.3388e-05, 3.7355e-04, 6.5372e-04,
        2.8016e-04, 2.1199e-01, 0.0000e+00, 9.3388e-05])
[2026-06-25 21:44:42,745][root][INFO] - Epoch: 14 | train acc: 0.9498, train loss: 9.06523782, valid acc: 0.9392, valid loss: 0.20190303, test acc: 0.9195, test loss: 1.71265586
[2026-06-25 21:44:43,957][root][INFO] - Epoch: 14 | train acc: 0.9646, train loss: 34.83776960, valid acc: 0.9527, valid loss: 0.17148154, test acc: 0.9242, test loss: 0.97584917
[2026-06-25 21:44:44,163][root][INFO] - Epoch: 14 | train acc: 0.9392, train loss: 33.70502306, valid acc: 0.9250, valid loss: 0.23139338, test acc: 0.9136, test loss: 0.60013138
[2026-06-25 21:44:44,166][root][INFO] - reg loss: 4.44753639534037, entropy loss: 0.1642590742262583, leaf dev: 0.127603679895401
[2026-06-25 21:44:44,167][root][INFO] - Val leaf stats: tensor([8.5170e-02, 6.0796e-02, 2.7036e-01, 5.6033e-04, 7.2563e-02, 2.6989e-02,
        9.3388e-05, 1.5876e-03, 1.5876e-03, 1.4008e-03, 0.0000e+00, 1.0273e-03,
        6.5372e-04, 4.6535e-01, 0.0000e+00, 1.1860e-02])
[2026-06-25 21:44:44,575][root][INFO] - Epoch: 15 | train acc: 0.9714, train loss: 2.57582445, valid acc: 0.9570, valid loss: 0.15906890, test acc: 0.9297, test loss: 0.60738067
[2026-06-25 21:44:45,408][root][INFO] - reg loss: 4.339322039689967, entropy loss: 0.15839955723159527, leaf dev: 0.13458356261253357
[2026-06-25 21:44:45,409][root][INFO] - Val leaf stats: tensor([1.6614e-01, 1.3821e-02, 1.0525e-01, 0.0000e+00, 8.5263e-02, 9.6657e-02,
        2.0545e-03, 1.8678e-04, 5.6033e-04, 2.8016e-04, 1.0273e-03, 3.7355e-04,
        0.0000e+00, 5.2792e-01, 3.7355e-04, 9.3388e-05])
[2026-06-25 21:44:45,678][root][INFO] - reg loss: 4.188340381339744, entropy loss: 0.16574920508912, leaf dev: 0.14898952841758728
[2026-06-25 21:44:45,679][root][INFO] - Val leaf stats: tensor([5.8078e-01, 2.3254e-02, 1.9014e-01, 0.0000e+00, 7.1162e-02, 0.0000e+00,
        0.0000e+00, 1.8678e-04, 1.5876e-03, 2.5215e-03, 1.1207e-03, 1.2140e-03,
        0.0000e+00, 1.2804e-01, 0.0000e+00, 0.0000e+00])
[2026-06-25 21:44:46,069][root][INFO] - Epoch: 15 | train acc: 0.9693, train loss: 0.10551553, valid acc: 0.9555, valid loss: 0.15684327, test acc: 0.9215, test loss: 0.49591118
[2026-06-25 21:44:46,115][root][INFO] - reg loss: 4.952421049592356, entropy loss: 0.1431683752902601, leaf dev: 0.09363755583763123
[2026-06-25 21:44:46,127][root][INFO] - Val leaf stats: tensor([1.7650e-01, 1.0628e-01, 1.4074e-01, 2.8016e-04, 7.6858e-02, 1.0926e-02,
        2.4281e-02, 2.0545e-03, 2.6149e-03, 4.4826e-03, 4.6694e-04, 2.8016e-04,
        3.7355e-04, 3.3237e-01, 4.6694e-04, 1.2103e-01])
[2026-06-25 21:44:47,876][root][INFO] - reg loss: 6.6592388809042635, entropy loss: 0.283251598083153, leaf dev: 0.06752100586891174
[2026-06-25 21:44:47,877][root][INFO] - Val leaf stats: tensor([0.1905, 0.0489, 0.1327, 0.0810, 0.0011, 0.0004, 0.0035, 0.1019, 0.0029,
        0.0105, 0.0014, 0.1255, 0.0104, 0.0043, 0.1648, 0.1203])
[2026-06-25 21:44:50,016][root][INFO] - Epoch: 14 | train acc: 0.9656, train loss: 32.47999082, valid acc: 0.9579, valid loss: 0.14950524, test acc: 0.9345, test loss: 1.95724634
[2026-06-25 21:44:50,888][root][INFO] - Epoch: 14 | train acc: 0.9471, train loss: 4.79712771, valid acc: 0.9379, valid loss: 0.21503664, test acc: 0.9139, test loss: 0.96756528
[2026-06-25 21:44:51,067][root][INFO] - Epoch: 15 | train acc: 0.9503, train loss: 17.46552136, valid acc: 0.9385, valid loss: 0.20961737, test acc: 0.9147, test loss: 1.01822698
[2026-06-25 21:44:51,711][root][INFO] - Epoch: 15 | train acc: 0.9712, train loss: 8.89611388, valid acc: 0.9556, valid loss: 0.15522358, test acc: 0.9213, test loss: 0.78215958
[2026-06-25 21:44:51,763][root][INFO] - reg loss: 4.0440568545508, entropy loss: 0.17190416630298372, leaf dev: 0.22228464484214783
[2026-06-25 21:44:51,764][root][INFO] - Val leaf stats: tensor([8.9316e-01, 0.0000e+00, 0.0000e+00, 0.0000e+00, 7.1815e-02, 0.0000e+00,
        2.7083e-02, 0.0000e+00, 1.1207e-03, 0.0000e+00, 2.4281e-03, 0.0000e+00,
        4.1091e-03, 0.0000e+00, 2.8016e-04, 0.0000e+00])
[2026-06-25 21:44:52,442][root][INFO] - reg loss: 4.612359352212734, entropy loss: 0.15383526533053665, leaf dev: 0.12711499631404877
[2026-06-25 21:44:52,443][root][INFO] - Val leaf stats: tensor([0.1841, 0.2343, 0.0012, 0.0005, 0.0326, 0.0000, 0.0006, 0.0028, 0.0065,
        0.0035, 0.4582, 0.0000, 0.0036, 0.0710, 0.0007, 0.0006])
[2026-06-25 21:44:52,656][root][INFO] - Epoch: 14 | train acc: 0.9429, train loss: 17.61867875, valid acc: 0.9328, valid loss: 0.22605000, test acc: 0.8995, test loss: 1.12570692
[2026-06-25 21:44:52,796][root][INFO] - reg loss: 4.323176035805354, entropy loss: 0.1582837946831234, leaf dev: 0.133749857544899
[2026-06-25 21:44:52,797][root][INFO] - Val leaf stats: tensor([3.6309e-01, 5.2297e-02, 7.4710e-04, 1.8678e-04, 1.6670e-01, 0.0000e+00,
        1.8678e-04, 9.3388e-04, 9.3388e-05, 5.6033e-04, 4.1044e-01, 0.0000e+00,
        3.3620e-03, 7.4710e-04, 5.6033e-04, 9.3388e-05])
[2026-06-25 21:44:53,371][root][INFO] - reg loss: 4.396133072161801, entropy loss: 0.15065699508265842, leaf dev: 0.1452988088130951
[2026-06-25 21:44:53,372][root][INFO] - Val leaf stats: tensor([5.6911e-01, 6.4531e-02, 3.7355e-04, 8.6851e-03, 7.0695e-02, 8.4049e-04,
        8.1154e-02, 0.0000e+00, 9.3388e-05, 1.6810e-03, 1.9864e-01, 9.3388e-05,
        2.8950e-03, 0.0000e+00, 1.0273e-03, 1.8678e-04])
[2026-06-25 21:44:54,340][root][INFO] - reg loss: 4.358825628088896, entropy loss: 0.15678530355925283, leaf dev: 0.10147709399461746
[2026-06-25 21:44:54,341][root][INFO] - Val leaf stats: tensor([2.8661e-01, 1.3635e-02, 1.8155e-01, 3.7355e-04, 8.8439e-02, 1.6829e-01,
        9.3388e-05, 0.0000e+00, 9.3388e-05, 9.3388e-05, 1.0273e-03, 2.7083e-03,
        0.0000e+00, 2.5598e-01, 3.7355e-04, 7.4710e-04])
[2026-06-25 21:44:55,604][root][INFO] - Epoch: 15 | train acc: 0.9579, train loss: 2.75243341, valid acc: 0.9456, valid loss: 0.18453585, test acc: 0.9233, test loss: 0.85108428
[2026-06-25 21:44:55,630][root][INFO] - Epoch: 15 | train acc: 0.9701, train loss: 4.53409989, valid acc: 0.9595, valid loss: 0.14544143, test acc: 0.9346, test loss: 1.02079075
[2026-06-25 21:44:56,569][root][INFO] - Epoch: 15 | train acc: 0.9706, train loss: 17.90170880, valid acc: 0.9546, valid loss: 0.16051386, test acc: 0.9247, test loss: 0.71014265
[2026-06-25 21:44:57,053][root][INFO] - reg loss: 5.207210323797963, entropy loss: 0.16192725308673092, leaf dev: 0.11031202226877213
[2026-06-25 21:44:57,054][root][INFO] - Val leaf stats: tensor([1.7576e-01, 2.1218e-01, 1.2140e-03, 1.2888e-02, 9.5256e-03, 2.8016e-04,
        3.3993e-02, 2.2413e-03, 2.8016e-04, 5.8648e-02, 3.9765e-01, 1.1954e-02,
        3.4554e-03, 7.7325e-02, 2.4281e-03, 1.8678e-04])
[2026-06-25 21:44:57,403][root][INFO] - reg loss: 4.427777113737883, entropy loss: 0.1457989129124495, leaf dev: 0.174521803855896
[2026-06-25 21:44:57,404][root][INFO] - Val leaf stats: tensor([6.9621e-01, 5.8835e-03, 3.7355e-04, 1.1020e-02, 7.0788e-02, 8.4049e-04,
        4.0811e-02, 7.4710e-04, 1.1207e-03, 7.4710e-04, 1.6679e-01, 9.3388e-05,
        2.0545e-03, 1.3074e-03, 5.6033e-04, 6.5372e-04])
[2026-06-25 21:44:57,659][root][INFO] - Epoch: 15 | train acc: 0.9573, train loss: 4.79946164, valid acc: 0.9418, valid loss: 0.20950079, test acc: 0.9134, test loss: 0.65380254
[2026-06-25 21:44:58,178][root][INFO] - reg loss: 4.448961449678613, entropy loss: 0.1505557766194066, leaf dev: 0.11990423500537872
[2026-06-25 21:44:58,179][root][INFO] - Val leaf stats: tensor([2.7045e-01, 2.1106e-02, 9.5723e-02, 7.4710e-04, 8.9653e-02, 9.4135e-02,
        8.4049e-04, 5.6033e-04, 1.8678e-03, 1.5876e-03, 2.8016e-04, 2.8016e-04,
        0.0000e+00, 4.2249e-01, 1.8678e-04, 9.3388e-05])
[2026-06-25 21:44:59,213][root][INFO] - reg loss: 4.6515819332587025, entropy loss: 0.1448146528194821, leaf dev: 0.0943559929728508
[2026-06-25 21:44:59,215][root][INFO] - Val leaf stats: tensor([2.1292e-01, 1.5969e-02, 9.7871e-02, 6.5372e-04, 7.1349e-02, 1.4681e-01,
        0.0000e+00, 8.0501e-02, 1.7744e-03, 4.2678e-02, 5.6033e-04, 9.3388e-04,
        9.3388e-05, 3.2546e-01, 8.4049e-04, 1.5876e-03])
[2026-06-25 21:45:02,081][root][INFO] - Epoch: 15 | train acc: 0.9734, train loss: 2.53005719, valid acc: 0.9596, valid loss: 0.14339855, test acc: 0.9298, test loss: 0.49269237
[2026-06-25 21:45:02,332][root][INFO] - Epoch: 15 | train acc: 0.9503, train loss: 8.84443305, valid acc: 0.9397, valid loss: 0.21385206, test acc: 0.9210, test loss: 1.30306433
[2026-06-25 21:45:03,160][root][INFO] - Epoch: 15 | train acc: 0.9719, train loss: 9.13586530, valid acc: 0.9596, valid loss: 0.14632518, test acc: 0.9286, test loss: 1.20341608
[2026-06-25 21:45:03,551][root][INFO] - reg loss: 4.865792390530702, entropy loss: 0.16526646368087283, leaf dev: 0.125126913189888
[2026-06-25 21:45:03,552][root][INFO] - Val leaf stats: tensor([4.6190e-01, 2.4244e-01, 2.7083e-03, 2.1573e-02, 1.8678e-04, 1.3074e-03,
        1.1123e-01, 1.8678e-04, 9.3388e-05, 9.3388e-04, 9.6283e-02, 5.5659e-02,
        2.8016e-03, 1.8678e-03, 9.3388e-05, 7.4710e-04])
[2026-06-25 21:45:03,740][root][INFO] - reg loss: 4.334807930800019, entropy loss: 0.14890606496384534, leaf dev: 0.14582711458206177
[2026-06-25 21:45:03,741][root][INFO] - Val leaf stats: tensor([2.5121e-01, 6.8173e-03, 1.3074e-03, 9.3388e-05, 1.7109e-01, 0.0000e+00,
        1.8678e-04, 2.3347e-03, 1.1767e-02, 1.2234e-02, 5.3736e-01, 1.8678e-04,
        1.0273e-03, 1.5876e-03, 2.8016e-03, 0.0000e+00])
[2026-06-25 21:45:04,593][root][INFO] - reg loss: 4.517304849372339, entropy loss: 0.16105684551297042, leaf dev: 0.1130104660987854
[2026-06-25 21:45:04,594][root][INFO] - Val leaf stats: tensor([3.8084e-01, 7.3216e-02, 1.4008e-02, 6.5372e-04, 9.0773e-02, 2.2292e-01,
        0.0000e+00, 0.0000e+00, 2.8016e-03, 0.0000e+00, 3.7355e-04, 6.5372e-04,
        2.8016e-04, 2.1339e-01, 0.0000e+00, 9.3388e-05])
[2026-06-25 21:45:07,596][root][INFO] - Epoch: 15 | train acc: 0.9527, train loss: 9.11773535, valid acc: 0.9435, valid loss: 0.18674156, test acc: 0.9224, test loss: 1.75012205
[2026-06-25 21:45:08,527][root][INFO] - Epoch: 15 | train acc: 0.9674, train loss: 34.73309885, valid acc: 0.9541, valid loss: 0.16725643, test acc: 0.9214, test loss: 0.99401000
[2026-06-25 21:45:08,968][root][INFO] - reg loss: 4.477909925753478, entropy loss: 0.16035139253215183, leaf dev: 0.1314689815044403
[2026-06-25 21:45:08,969][root][INFO] - Val leaf stats: tensor([6.4158e-02, 5.4912e-02, 2.8623e-01, 4.6694e-04, 7.3030e-02, 2.7176e-02,
        9.3388e-05, 2.1479e-03, 8.4049e-04, 1.4942e-03, 3.7355e-04, 1.0273e-03,
        6.5372e-04, 4.7591e-01, 0.0000e+00, 1.1487e-02])
[2026-06-25 21:45:09,191][root][INFO] - Epoch: 15 | train acc: 0.9405, train loss: 33.67477847, valid acc: 0.9275, valid loss: 0.22713570, test acc: 0.9113, test loss: 0.61385433
[2026-06-25 21:45:09,390][root][INFO] - Epoch: 16 | train acc: 0.9721, train loss: 2.56304734, valid acc: 0.9582, valid loss: 0.14950101, test acc: 0.9334, test loss: 0.62894969
[2026-06-25 21:45:09,743][root][INFO] - reg loss: 4.327135290418353, entropy loss: 0.1552079790641391, leaf dev: 0.13356205821037292
[2026-06-25 21:45:09,743][root][INFO] - Val leaf stats: tensor([1.7258e-01, 1.4382e-02, 1.0161e-01, 0.0000e+00, 8.5637e-02, 9.8524e-02,
        2.0545e-03, 1.8678e-04, 6.5372e-04, 2.8016e-04, 1.1207e-03, 3.7355e-04,
        0.0000e+00, 5.2223e-01, 2.8016e-04, 9.3388e-05])
[2026-06-25 21:45:10,320][root][INFO] - Epoch: 16 | train acc: 0.9654, train loss: 0.12009262, valid acc: 0.9499, valid loss: 0.18309018, test acc: 0.9252, test loss: 0.51539263
[2026-06-25 21:45:10,635][root][INFO] - reg loss: 4.18490243336511, entropy loss: 0.1631913230059639, leaf dev: 0.14775671064853668
[2026-06-25 21:45:10,636][root][INFO] - Val leaf stats: tensor([5.7462e-01, 2.3814e-02, 1.9369e-01, 0.0000e+00, 7.3030e-02, 3.7355e-04,
        0.0000e+00, 9.3388e-05, 1.5876e-03, 2.5215e-03, 1.1207e-03, 1.2140e-03,
        0.0000e+00, 1.2794e-01, 0.0000e+00, 0.0000e+00])
[2026-06-25 21:45:10,920][root][INFO] - reg loss: 4.932361993840132, entropy loss: 0.13863845358765314, leaf dev: 0.10200285166501999
[2026-06-25 21:45:10,921][root][INFO] - Val leaf stats: tensor([2.2768e-01, 1.0646e-01, 7.2563e-02, 4.6694e-04, 7.4991e-02, 1.2327e-02,
        2.8857e-02, 2.3347e-03, 2.0545e-03, 3.7355e-03, 4.6694e-04, 4.6694e-04,
        2.8016e-04, 3.6477e-01, 3.7355e-04, 1.0217e-01])
[2026-06-25 21:45:11,810][root][INFO] - reg loss: 6.409582498843077, entropy loss: 0.26297706988438097, leaf dev: 0.07743404060602188
[2026-06-25 21:45:11,811][root][INFO] - Val leaf stats: tensor([0.2789, 0.0588, 0.1558, 0.0662, 0.0007, 0.0012, 0.0116, 0.0923, 0.0036,
        0.0092, 0.0011, 0.1137, 0.0053, 0.0038, 0.0734, 0.1243])
[2026-06-25 21:45:15,859][root][INFO] - Epoch: 15 | train acc: 0.9664, train loss: 32.44706284, valid acc: 0.9573, valid loss: 0.14840698, test acc: 0.9350, test loss: 2.12734264
[2026-06-25 21:45:16,372][root][INFO] - Epoch: 15 | train acc: 0.9490, train loss: 4.71352346, valid acc: 0.9379, valid loss: 0.20992479, test acc: 0.9116, test loss: 1.09967401
[2026-06-25 21:45:16,960][root][INFO] - Epoch: 16 | train acc: 0.9509, train loss: 17.39673695, valid acc: 0.9386, valid loss: 0.20794527, test acc: 0.9161, test loss: 1.00641893
[2026-06-25 21:45:17,231][root][INFO] - Epoch: 16 | train acc: 0.9726, train loss: 8.81232432, valid acc: 0.9556, valid loss: 0.14998010, test acc: 0.9272, test loss: 0.79081964
[2026-06-25 21:45:17,798][root][INFO] - reg loss: 4.040064112849967, entropy loss: 0.16954369283227064, leaf dev: 0.22213388979434967
[2026-06-25 21:45:17,799][root][INFO] - Val leaf stats: tensor([8.9260e-01, 0.0000e+00, 1.8678e-04, 0.0000e+00, 7.1535e-02, 0.0000e+00,
        2.7736e-02, 0.0000e+00, 1.1207e-03, 0.0000e+00, 2.4281e-03, 0.0000e+00,
        4.1091e-03, 0.0000e+00, 2.8016e-04, 0.0000e+00])
[2026-06-25 21:45:18,112][root][INFO] - Epoch: 15 | train acc: 0.9417, train loss: 17.67238271, valid acc: 0.9315, valid loss: 0.22804450, test acc: 0.9011, test loss: 1.07476707
[2026-06-25 21:45:18,139][root][INFO] - reg loss: 4.539210927549493, entropy loss: 0.1443388331977148, leaf dev: 0.13030849397182465
[2026-06-25 21:45:18,140][root][INFO] - Val leaf stats: tensor([0.1614, 0.2329, 0.0013, 0.0006, 0.0334, 0.0000, 0.0008, 0.0028, 0.0071,
        0.0044, 0.4804, 0.0000, 0.0035, 0.0702, 0.0007, 0.0006])
[2026-06-25 21:45:18,532][root][INFO] - reg loss: 4.307078911513878, entropy loss: 0.1548961356834129, leaf dev: 0.13337552547454834
[2026-06-25 21:45:18,533][root][INFO] - Val leaf stats: tensor([3.7084e-01, 5.4072e-02, 7.4710e-04, 1.8678e-04, 1.6595e-01, 0.0000e+00,
        1.8678e-04, 9.3388e-04, 9.3388e-05, 5.6033e-04, 4.0166e-01, 0.0000e+00,
        3.3620e-03, 7.4710e-04, 5.6033e-04, 9.3388e-05])
[2026-06-25 21:45:19,028][root][INFO] - reg loss: 4.357331669519818, entropy loss: 0.14716153477550184, leaf dev: 0.14821551740169525
[2026-06-25 21:45:19,029][root][INFO] - Val leaf stats: tensor([5.8199e-01, 4.6601e-02, 4.6694e-04, 9.1520e-03, 7.0788e-02, 9.3388e-04,
        8.8812e-02, 0.0000e+00, 9.3388e-05, 1.6810e-03, 1.9527e-01, 0.0000e+00,
        2.8950e-03, 0.0000e+00, 1.1207e-03, 1.8678e-04])
[2026-06-25 21:45:19,945][root][INFO] - reg loss: 4.372040213731231, entropy loss: 0.15424509464748323, leaf dev: 0.10256985574960709
[2026-06-25 21:45:19,946][root][INFO] - Val leaf stats: tensor([2.9679e-01, 1.5035e-02, 1.9929e-01, 3.7355e-04, 8.5263e-02, 1.4475e-01,
        9.3388e-05, 9.3388e-05, 9.3388e-05, 9.3388e-05, 8.4049e-04, 2.8016e-03,
        0.0000e+00, 2.5308e-01, 3.7355e-04, 1.0273e-03])
[2026-06-25 21:45:21,158][root][INFO] - Epoch: 16 | train acc: 0.9597, train loss: 2.69594198, valid acc: 0.9492, valid loss: 0.18717031, test acc: 0.9157, test loss: 0.86285808
[2026-06-25 21:45:21,579][root][INFO] - Epoch: 16 | train acc: 0.9715, train loss: 4.48852298, valid acc: 0.9541, valid loss: 0.15378886, test acc: 0.9317, test loss: 1.04009146
[2026-06-25 21:45:22,661][root][INFO] - Epoch: 16 | train acc: 0.9598, train loss: 4.79252857, valid acc: 0.9456, valid loss: 0.19064992, test acc: 0.9177, test loss: 0.66705651
[2026-06-25 21:45:22,677][root][INFO] - reg loss: 5.104862621852329, entropy loss: 0.15343086184963348, leaf dev: 0.11115124821662903
[2026-06-25 21:45:22,678][root][INFO] - Val leaf stats: tensor([1.7529e-01, 2.2432e-01, 8.4049e-04, 1.8864e-02, 9.7124e-03, 5.6033e-04,
        3.0538e-02, 2.9884e-03, 2.8016e-04, 5.2671e-02, 3.9578e-01, 5.0430e-03,
        3.8289e-03, 7.6952e-02, 2.0545e-03, 2.8016e-04])
[2026-06-25 21:45:22,688][root][INFO] - Epoch: 16 | train acc: 0.9713, train loss: 17.84652706, valid acc: 0.9567, valid loss: 0.15726806, test acc: 0.9258, test loss: 0.75296416
[2026-06-25 21:45:23,257][root][INFO] - reg loss: 4.38573045579214, entropy loss: 0.14323675443255712, leaf dev: 0.18080365657806396
[2026-06-25 21:45:23,258][root][INFO] - Val leaf stats: tensor([7.2908e-01, 6.5372e-03, 3.7355e-04, 1.2234e-02, 4.7908e-02, 8.4049e-04,
        4.4640e-02, 7.4710e-04, 1.1207e-03, 7.4710e-04, 1.2719e-01, 9.3388e-05,
        2.4281e-03, 2.4935e-02, 4.6694e-04, 6.5372e-04])
[2026-06-25 21:45:24,416][root][INFO] - reg loss: 4.652727883959574, entropy loss: 0.1425449620321314, leaf dev: 0.09278576076030731
[2026-06-25 21:45:24,418][root][INFO] - Val leaf stats: tensor([2.0489e-01, 2.2693e-02, 9.5723e-02, 6.5372e-04, 7.1162e-02, 1.5586e-01,
        0.0000e+00, 8.8812e-02, 1.7744e-03, 3.6235e-02, 2.8016e-04, 9.3388e-04,
        9.3388e-05, 3.1845e-01, 8.4049e-04, 1.5876e-03])
[2026-06-25 21:45:24,546][root][INFO] - reg loss: 4.436283351252318, entropy loss: 0.1471213670792403, leaf dev: 0.11998602002859116
[2026-06-25 21:45:24,547][root][INFO] - Val leaf stats: tensor([2.6914e-01, 2.1199e-02, 9.4696e-02, 7.4710e-04, 9.1520e-02, 9.3201e-02,
        8.4049e-04, 4.6694e-04, 2.0545e-03, 1.5876e-03, 1.8678e-04, 3.7355e-04,
        0.0000e+00, 4.2370e-01, 1.8678e-04, 9.3388e-05])
[2026-06-25 21:45:27,090][root][INFO] - Epoch: 16 | train acc: 0.9526, train loss: 8.88115057, valid acc: 0.9406, valid loss: 0.20570615, test acc: 0.9181, test loss: 1.27568898
[2026-06-25 21:45:27,229][root][INFO] - Epoch: 16 | train acc: 0.9667, train loss: 2.56155957, valid acc: 0.9554, valid loss: 0.15885345, test acc: 0.9276, test loss: 0.48949792
[2026-06-25 21:45:28,035][root][INFO] - Epoch: 16 | train acc: 0.9721, train loss: 9.10328728, valid acc: 0.9583, valid loss: 0.14981431, test acc: 0.9293, test loss: 1.23162971
[2026-06-25 21:45:28,627][root][INFO] - reg loss: 4.35601440308586, entropy loss: 0.14532025576268554, leaf dev: 0.14865660667419434
[2026-06-25 21:45:28,628][root][INFO] - Val leaf stats: tensor([2.3188e-01, 6.8173e-03, 1.5876e-03, 9.3388e-05, 1.6941e-01, 0.0000e+00,
        1.8678e-04, 2.0545e-03, 1.2327e-02, 1.2140e-02, 5.5781e-01, 1.8678e-04,
        1.0273e-03, 1.4942e-03, 2.9884e-03, 0.0000e+00])
[2026-06-25 21:45:28,821][root][INFO] - reg loss: 4.887853221287803, entropy loss: 0.16042937850826, leaf dev: 0.11655554175376892
[2026-06-25 21:45:28,822][root][INFO] - Val leaf stats: tensor([4.2706e-01, 1.0273e-01, 8.4049e-04, 3.0911e-02, 4.6694e-04, 2.9884e-03,
        1.0544e-01, 0.0000e+00, 9.3388e-05, 1.9612e-03, 9.7030e-02, 2.2768e-01,
        1.1207e-03, 9.3388e-04, 9.3388e-05, 6.5372e-04])
[2026-06-25 21:45:29,520][root][INFO] - reg loss: 4.501567174517919, entropy loss: 0.15868344966065948, leaf dev: 0.11390692740678787
[2026-06-25 21:45:29,521][root][INFO] - Val leaf stats: tensor([3.8270e-01, 7.5271e-02, 1.4102e-02, 6.5372e-04, 7.9660e-02, 2.2992e-01,
        0.0000e+00, 0.0000e+00, 2.8016e-03, 0.0000e+00, 3.7355e-04, 6.5372e-04,
        2.8016e-04, 2.1349e-01, 0.0000e+00, 9.3388e-05])
[2026-06-25 21:45:32,687][root][INFO] - Epoch: 16 | train acc: 0.9550, train loss: 8.96046968, valid acc: 0.9448, valid loss: 0.18346385, test acc: 0.9252, test loss: 1.86009962
[2026-06-25 21:45:33,198][root][INFO] - Epoch: 16 | train acc: 0.9685, train loss: 34.65510575, valid acc: 0.9542, valid loss: 0.16261198, test acc: 0.9238, test loss: 0.99683680
[2026-06-25 21:45:33,727][root][INFO] - Epoch: 16 | train acc: 0.9415, train loss: 33.62400075, valid acc: 0.9282, valid loss: 0.22477757, test acc: 0.9126, test loss: 0.62499864
[2026-06-25 21:45:33,961][root][INFO] - Epoch: 17 | train acc: 0.9747, train loss: 2.50431832, valid acc: 0.9583, valid loss: 0.15184056, test acc: 0.9286, test loss: 0.64980379
[2026-06-25 21:45:34,026][root][INFO] - reg loss: 4.403837690908442, entropy loss: 0.15404831582591647, leaf dev: 0.13359162211418152
[2026-06-25 21:45:34,026][root][INFO] - Val leaf stats: tensor([5.2111e-02, 5.5379e-02, 2.8960e-01, 4.6694e-04, 7.3123e-02, 2.5588e-02,
        9.3388e-05, 2.4281e-03, 7.4710e-04, 1.6810e-03, 4.6694e-04, 9.3388e-04,
        4.6694e-04, 4.8412e-01, 0.0000e+00, 1.2794e-02])
[2026-06-25 21:45:34,529][root][INFO] - reg loss: 4.317727459801568, entropy loss: 0.15249069776169208, leaf dev: 0.13271735608577728
[2026-06-25 21:45:34,530][root][INFO] - Val leaf stats: tensor([1.7669e-01, 1.4288e-02, 1.0291e-01, 0.0000e+00, 8.2835e-02, 1.0077e-01,
        2.0545e-03, 1.8678e-04, 6.5372e-04, 1.8678e-04, 1.1207e-03, 4.6694e-04,
        9.3388e-05, 5.1737e-01, 1.8678e-04, 1.8678e-04])
[2026-06-25 21:45:34,978][root][INFO] - reg loss: 4.179258899083213, entropy loss: 0.16014316134036533, leaf dev: 0.1478475034236908
[2026-06-25 21:45:34,979][root][INFO] - Val leaf stats: tensor([5.7471e-01, 2.3534e-02, 1.9443e-01, 0.0000e+00, 7.2002e-02, 2.8016e-04,
        0.0000e+00, 9.3388e-05, 1.5876e-03, 2.5215e-03, 9.3388e-04, 1.3074e-03,
        0.0000e+00, 1.2860e-01, 0.0000e+00, 0.0000e+00])
[2026-06-25 21:45:35,138][root][INFO] - Epoch: 17 | train acc: 0.9689, train loss: 0.10663482, valid acc: 0.9584, valid loss: 0.15584443, test acc: 0.9243, test loss: 0.84036169
[2026-06-25 21:45:35,460][root][INFO] - reg loss: 4.829149712961187, entropy loss: 0.1340481704347348, leaf dev: 0.10106249898672104
[2026-06-25 21:45:35,461][root][INFO] - Val leaf stats: tensor([1.0049e-01, 9.1427e-02, 2.0480e-01, 2.8016e-04, 7.7139e-02, 1.3074e-02,
        2.6709e-02, 2.4281e-03, 1.7744e-03, 3.9223e-03, 4.6694e-04, 4.6694e-04,
        2.8016e-04, 3.7066e-01, 9.3388e-04, 1.0516e-01])
[2026-06-25 21:45:36,641][root][INFO] - reg loss: 5.969838177716291, entropy loss: 0.24950007991816, leaf dev: 0.08729413896799088
[2026-06-25 21:45:36,642][root][INFO] - Val leaf stats: tensor([0.3284, 0.0571, 0.1452, 0.0254, 0.0009, 0.0013, 0.0143, 0.0855, 0.0037,
        0.0024, 0.0010, 0.1194, 0.0044, 0.0056, 0.0799, 0.1253])
[2026-06-25 21:45:41,251][root][INFO] - Epoch: 16 | train acc: 0.9671, train loss: 32.42864068, valid acc: 0.9597, valid loss: 0.14890780, test acc: 0.9332, test loss: 2.39593886
[2026-06-25 21:45:41,377][root][INFO] - Epoch: 17 | train acc: 0.9523, train loss: 17.25070095, valid acc: 0.9396, valid loss: 0.20411417, test acc: 0.9172, test loss: 0.82121140
[2026-06-25 21:45:42,054][root][INFO] - Epoch: 16 | train acc: 0.9514, train loss: 4.69124731, valid acc: 0.9428, valid loss: 0.19735534, test acc: 0.9169, test loss: 1.10228215
[2026-06-25 21:45:42,444][root][INFO] - Epoch: 17 | train acc: 0.9725, train loss: 8.78632117, valid acc: 0.9561, valid loss: 0.15409533, test acc: 0.9219, test loss: 0.81640699
[2026-06-25 21:45:42,803][root][INFO] - reg loss: 4.038236290058761, entropy loss: 0.16736869789935924, leaf dev: 0.22208113968372345
[2026-06-25 21:45:42,804][root][INFO] - Val leaf stats: tensor([8.9242e-01, 0.0000e+00, 4.6694e-04, 9.3388e-05, 7.1442e-02, 0.0000e+00,
        2.7643e-02, 0.0000e+00, 1.2140e-03, 0.0000e+00, 2.4281e-03, 0.0000e+00,
        4.1091e-03, 0.0000e+00, 1.8678e-04, 0.0000e+00])
[2026-06-25 21:45:42,944][root][INFO] - reg loss: 4.271147183009556, entropy loss: 0.1514357796737126, leaf dev: 0.13248978555202484
[2026-06-25 21:45:42,945][root][INFO] - Val leaf stats: tensor([3.7439e-01, 5.5473e-02, 7.4710e-04, 2.8016e-04, 1.7090e-01, 9.3388e-05,
        1.8678e-04, 5.6033e-04, 9.3388e-05, 5.6033e-04, 3.9158e-01, 0.0000e+00,
        3.8289e-03, 7.4710e-04, 5.6033e-04, 0.0000e+00])
[2026-06-25 21:45:43,830][root][INFO] - reg loss: 4.5258498166604015, entropy loss: 0.14292275945030192, leaf dev: 0.12773077189922333
[2026-06-25 21:45:43,831][root][INFO] - Val leaf stats: tensor([0.1823, 0.2403, 0.0014, 0.0005, 0.0271, 0.0000, 0.0006, 0.0023, 0.0069,
        0.0037, 0.4587, 0.0000, 0.0041, 0.0708, 0.0007, 0.0006])
[2026-06-25 21:45:43,919][root][INFO] - Epoch: 16 | train acc: 0.9447, train loss: 17.57108721, valid acc: 0.9310, valid loss: 0.22336803, test acc: 0.8978, test loss: 1.30943338
[2026-06-25 21:45:44,281][root][INFO] - reg loss: 4.344187940870013, entropy loss: 0.1429387125230971, leaf dev: 0.148685485124588
[2026-06-25 21:45:44,281][root][INFO] - Val leaf stats: tensor([5.8732e-01, 5.1830e-02, 9.3388e-04, 9.8058e-03, 7.0695e-02, 8.4049e-04,
        8.9279e-02, 0.0000e+00, 9.3388e-05, 1.9612e-03, 1.8276e-01, 0.0000e+00,
        2.8950e-03, 0.0000e+00, 1.4008e-03, 1.8678e-04])
[2026-06-25 21:45:45,741][root][INFO] - reg loss: 4.348754035101996, entropy loss: 0.14934689153439154, leaf dev: 0.10154590010643005
[2026-06-25 21:45:45,742][root][INFO] - Val leaf stats: tensor([2.9343e-01, 1.4475e-02, 1.8594e-01, 4.6694e-04, 8.9746e-02, 1.6025e-01,
        9.3388e-05, 0.0000e+00, 9.3388e-05, 9.3388e-05, 1.0273e-03, 2.8950e-03,
        0.0000e+00, 2.5009e-01, 2.8016e-04, 1.1207e-03])
[2026-06-25 21:45:46,610][root][INFO] - Epoch: 17 | train acc: 0.9593, train loss: 2.65121766, valid acc: 0.9463, valid loss: 0.19286246, test acc: 0.9224, test loss: 0.86245044
[2026-06-25 21:45:47,150][root][INFO] - Epoch: 17 | train acc: 0.9676, train loss: 4.46981703, valid acc: 0.9569, valid loss: 0.14685963, test acc: 0.9349, test loss: 0.53351445
[2026-06-25 21:45:48,213][root][INFO] - reg loss: 5.0138920526655895, entropy loss: 0.14702489357146006, leaf dev: 0.10699813812971115
[2026-06-25 21:45:48,214][root][INFO] - Val leaf stats: tensor([1.8005e-01, 2.1218e-01, 6.5372e-04, 1.6250e-02, 1.0459e-02, 9.3388e-05,
        2.9324e-02, 3.0818e-03, 5.6033e-04, 4.6974e-02, 3.8186e-01, 3.0164e-02,
        3.5487e-03, 8.1154e-02, 3.4554e-03, 1.8678e-04])
[2026-06-25 21:45:48,414][root][INFO] - Epoch: 17 | train acc: 0.9729, train loss: 17.78794475, valid acc: 0.9570, valid loss: 0.15559396, test acc: 0.9249, test loss: 0.81281766
[2026-06-25 21:45:48,467][root][INFO] - Epoch: 17 | train acc: 0.9597, train loss: 4.74791033, valid acc: 0.9470, valid loss: 0.19234062, test acc: 0.9150, test loss: 0.81070109
[2026-06-25 21:45:48,730][root][INFO] - reg loss: 4.3577345489824895, entropy loss: 0.13583646296824098, leaf dev: 0.18008165061473846
[2026-06-25 21:45:48,731][root][INFO] - Val leaf stats: tensor([7.2600e-01, 5.6967e-03, 4.6694e-04, 1.2140e-02, 4.2118e-02, 9.3388e-04,
        4.7535e-02, 7.4710e-04, 1.1207e-03, 7.4710e-04, 1.2953e-01, 9.3388e-05,
        2.3347e-03, 2.9417e-02, 4.6694e-04, 6.5372e-04])
[2026-06-25 21:45:49,975][root][INFO] - reg loss: 4.606738352901721, entropy loss: 0.13909063673524, leaf dev: 0.09552118182182312
[2026-06-25 21:45:49,975][root][INFO] - Val leaf stats: tensor([2.4608e-01, 3.1005e-02, 6.0609e-02, 8.4049e-04, 7.1442e-02, 1.5614e-01,
        0.0000e+00, 8.8345e-02, 1.7744e-03, 3.0351e-02, 2.8016e-04, 9.3388e-04,
        9.3388e-05, 3.0977e-01, 8.4049e-04, 1.4942e-03])
[2026-06-25 21:45:50,036][root][INFO] - reg loss: 4.422678024049789, entropy loss: 0.14404034039015493, leaf dev: 0.12039212882518768
[2026-06-25 21:45:50,037][root][INFO] - Val leaf stats: tensor([2.7092e-01, 2.1199e-02, 9.5443e-02, 7.4710e-04, 9.1427e-02, 8.9653e-02,
        8.4049e-04, 4.6694e-04, 2.0545e-03, 1.4942e-03, 1.8678e-04, 3.7355e-04,
        0.0000e+00, 4.2492e-01, 1.8678e-04, 9.3388e-05])
[2026-06-25 21:45:52,508][root][INFO] - Epoch: 17 | train acc: 0.9517, train loss: 8.83323951, valid acc: 0.9408, valid loss: 0.20921704, test acc: 0.9186, test loss: 1.28490191
[2026-06-25 21:45:52,856][root][INFO] - Epoch: 17 | train acc: 0.9704, train loss: 2.53519988, valid acc: 0.9580, valid loss: 0.14635378, test acc: 0.9304, test loss: 0.52444416
[2026-06-25 21:45:53,045][root][INFO] - Epoch: 17 | train acc: 0.9720, train loss: 9.06886068, valid acc: 0.9573, valid loss: 0.15039255, test acc: 0.9300, test loss: 1.37447251
[2026-06-25 21:45:54,080][root][INFO] - reg loss: 4.331591273111011, entropy loss: 0.13940290010795392, leaf dev: 0.141731396317482
[2026-06-25 21:45:54,081][root][INFO] - Val leaf stats: tensor([2.8119e-01, 8.9653e-03, 1.3074e-03, 9.3388e-05, 1.7230e-01, 0.0000e+00,
        1.8678e-04, 2.1479e-03, 1.0646e-02, 1.2514e-02, 5.0467e-01, 2.8016e-04,
        1.1207e-03, 1.6810e-03, 2.8950e-03, 0.0000e+00])
[2026-06-25 21:45:54,599][root][INFO] - reg loss: 4.85955230016557, entropy loss: 0.15722534762173102, leaf dev: 0.11926715821027756
[2026-06-25 21:45:54,600][root][INFO] - Val leaf stats: tensor([4.5405e-01, 1.2888e-01, 8.4049e-04, 2.6802e-02, 5.6033e-04, 2.6149e-03,
        1.0702e-01, 0.0000e+00, 9.3388e-05, 2.4281e-03, 9.5349e-02, 1.7837e-01,
        1.2140e-03, 9.3388e-04, 9.3388e-05, 7.4710e-04])
[2026-06-25 21:45:54,710][root][INFO] - reg loss: 4.484862398218225, entropy loss: 0.15635175884716093, leaf dev: 0.11353692412376404
[2026-06-25 21:45:54,711][root][INFO] - Val leaf stats: tensor([3.7691e-01, 7.2376e-02, 1.3541e-02, 6.5372e-04, 8.1808e-02, 2.3609e-01,
        0.0000e+00, 0.0000e+00, 2.8016e-03, 0.0000e+00, 4.6694e-04, 7.4710e-04,
        1.8678e-04, 2.1433e-01, 0.0000e+00, 9.3388e-05])
[2026-06-25 21:45:57,261][root][INFO] - Epoch: 17 | train acc: 0.9693, train loss: 34.58057870, valid acc: 0.9555, valid loss: 0.15891926, test acc: 0.9239, test loss: 1.00319990
[2026-06-25 21:45:57,272][root][INFO] - Epoch: 17 | train acc: 0.9549, train loss: 8.89219852, valid acc: 0.9446, valid loss: 0.18341030, test acc: 0.9239, test loss: 1.69555362
[2026-06-25 21:45:58,730][root][INFO] - Epoch: 17 | train acc: 0.9436, train loss: 33.58065203, valid acc: 0.9303, valid loss: 0.22240364, test acc: 0.9153, test loss: 0.53754396
[2026-06-25 21:45:58,767][root][INFO] - reg loss: 4.308985152572551, entropy loss: 0.14920007559672865, leaf dev: 0.13205143809318542
[2026-06-25 21:45:58,768][root][INFO] - Val leaf stats: tensor([1.7258e-01, 1.4288e-02, 1.0385e-01, 0.0000e+00, 8.5077e-02, 1.0431e-01,
        2.0545e-03, 1.8678e-04, 6.5372e-04, 1.8678e-04, 1.0273e-03, 4.6694e-04,
        9.3388e-05, 5.1494e-01, 1.8678e-04, 9.3388e-05])
[2026-06-25 21:45:58,837][root][INFO] - reg loss: 4.3687480694402465, entropy loss: 0.1487525981412363, leaf dev: 0.1363348513841629
[2026-06-25 21:45:58,838][root][INFO] - Val leaf stats: tensor([5.1363e-02, 4.6974e-02, 2.8287e-01, 4.6694e-04, 7.2843e-02, 2.2600e-02,
        9.3388e-05, 2.4281e-03, 1.3074e-03, 1.9612e-03, 9.3388e-05, 8.4049e-04,
        1.8678e-04, 5.0037e-01, 0.0000e+00, 1.5596e-02])
[2026-06-25 21:45:58,977][root][INFO] - Epoch: 18 | train acc: 0.9761, train loss: 2.50544637, valid acc: 0.9593, valid loss: 0.14336639, test acc: 0.9322, test loss: 0.66542045
[2026-06-25 21:45:59,516][root][INFO] - Epoch: 18 | train acc: 0.9725, train loss: 0.09393909, valid acc: 0.9573, valid loss: 0.15022107, test acc: 0.9248, test loss: 0.66594132
[2026-06-25 21:46:00,322][root][INFO] - reg loss: 4.174346626120269, entropy loss: 0.15763270492276188, leaf dev: 0.14794529974460602
[2026-06-25 21:46:00,323][root][INFO] - Val leaf stats: tensor([5.7639e-01, 2.5215e-02, 1.8818e-01, 0.0000e+00, 7.1722e-02, 1.8678e-04,
        0.0000e+00, 9.3388e-05, 1.5876e-03, 2.5215e-03, 9.3388e-04, 1.3074e-03,
        0.0000e+00, 1.3186e-01, 0.0000e+00, 0.0000e+00])
[2026-06-25 21:46:00,499][root][INFO] - reg loss: 4.840411748835649, entropy loss: 0.13118059846459243, leaf dev: 0.10029447078704834
[2026-06-25 21:46:00,500][root][INFO] - Val leaf stats: tensor([1.1225e-01, 9.7871e-02, 1.8108e-01, 3.7355e-04, 7.8446e-02, 1.4569e-02,
        2.8483e-02, 2.4281e-03, 1.7744e-03, 3.9223e-03, 4.6694e-04, 4.6694e-04,
        2.8016e-04, 3.7570e-01, 1.5876e-03, 1.0030e-01])
[2026-06-25 21:46:00,819][root][INFO] - reg loss: 5.740692918262784, entropy loss: 0.24161115935239844, leaf dev: 0.0897611677646637
[2026-06-25 21:46:00,820][root][INFO] - Val leaf stats: tensor([0.3381, 0.0347, 0.1381, 0.0252, 0.0007, 0.0016, 0.0106, 0.1023, 0.0038,
        0.0026, 0.0011, 0.1200, 0.0045, 0.0055, 0.0855, 0.1257])
[2026-06-25 21:46:06,564][root][INFO] - Epoch: 18 | train acc: 0.9536, train loss: 17.16787898, valid acc: 0.9384, valid loss: 0.20350807, test acc: 0.9175, test loss: 0.96638752
[2026-06-25 21:46:06,960][root][INFO] - Epoch: 17 | train acc: 0.9677, train loss: 32.42285217, valid acc: 0.9597, valid loss: 0.14998702, test acc: 0.9346, test loss: 2.68228417
[2026-06-25 21:46:06,985][root][INFO] - Epoch: 17 | train acc: 0.9532, train loss: 4.70552438, valid acc: 0.9437, valid loss: 0.19338033, test acc: 0.9185, test loss: 1.19966603
[2026-06-25 21:46:07,981][root][INFO] - Epoch: 18 | train acc: 0.9735, train loss: 8.74842210, valid acc: 0.9589, valid loss: 0.14548471, test acc: 0.9195, test loss: 0.88191827
[2026-06-25 21:46:08,060][root][INFO] - reg loss: 4.251693208381613, entropy loss: 0.14897417202197685, leaf dev: 0.13247747719287872
[2026-06-25 21:46:08,061][root][INFO] - Val leaf stats: tensor([3.7383e-01, 5.7154e-02, 7.4710e-04, 2.8016e-04, 1.6819e-01, 9.3388e-05,
        1.8678e-04, 5.6033e-04, 0.0000e+00, 7.4710e-04, 3.9298e-01, 0.0000e+00,
        3.8289e-03, 8.4049e-04, 5.6033e-04, 0.0000e+00])
[2026-06-25 21:46:08,659][root][INFO] - reg loss: 4.544288874933959, entropy loss: 0.14245911076586082, leaf dev: 0.12946246564388275
[2026-06-25 21:46:08,661][root][INFO] - Val leaf stats: tensor([0.1647, 0.2451, 0.0015, 0.0006, 0.0258, 0.0000, 0.0006, 0.0025, 0.0075,
        0.0042, 0.4700, 0.0000, 0.0051, 0.0709, 0.0010, 0.0006])
[2026-06-25 21:46:08,695][root][INFO] - reg loss: 4.037758340280523, entropy loss: 0.16492858466017182, leaf dev: 0.22150647640228271
[2026-06-25 21:46:08,696][root][INFO] - Val leaf stats: tensor([8.9018e-01, 0.0000e+00, 1.8678e-04, 9.3388e-05, 7.1815e-02, 0.0000e+00,
        2.9697e-02, 0.0000e+00, 1.2140e-03, 0.0000e+00, 2.5215e-03, 0.0000e+00,
        4.1091e-03, 0.0000e+00, 1.8678e-04, 0.0000e+00])
[2026-06-25 21:46:09,516][root][INFO] - Epoch: 17 | train acc: 0.9471, train loss: 17.47245537, valid acc: 0.9341, valid loss: 0.22021556, test acc: 0.9026, test loss: 1.28394243
[2026-06-25 21:46:09,732][root][INFO] - reg loss: 4.3275557674428144, entropy loss: 0.1394437495520506, leaf dev: 0.14677274227142334
[2026-06-25 21:46:09,733][root][INFO] - Val leaf stats: tensor([5.7789e-01, 5.3978e-02, 8.4049e-04, 9.0586e-03, 7.0788e-02, 8.4049e-04,
        9.2921e-02, 0.0000e+00, 9.3388e-05, 1.9612e-03, 1.8715e-01, 0.0000e+00,
        2.8950e-03, 0.0000e+00, 1.4008e-03, 1.8678e-04])
[2026-06-25 21:46:10,946][root][INFO] - reg loss: 4.3257798013233, entropy loss: 0.14508344461678196, leaf dev: 0.1006244644522667
[2026-06-25 21:46:10,948][root][INFO] - Val leaf stats: tensor([2.8530e-01, 1.5969e-02, 1.7884e-01, 3.7355e-04, 9.2454e-02, 1.7025e-01,
        9.3388e-05, 0.0000e+00, 9.3388e-05, 9.3388e-05, 1.0273e-03, 2.8950e-03,
        0.0000e+00, 2.5140e-01, 2.8016e-04, 9.3388e-04])
[2026-06-25 21:46:12,217][root][INFO] - Epoch: 18 | train acc: 0.9578, train loss: 2.67958301, valid acc: 0.9460, valid loss: 0.19524477, test acc: 0.9209, test loss: 0.83461009
[2026-06-25 21:46:12,870][root][INFO] - Epoch: 18 | train acc: 0.9709, train loss: 4.47743388, valid acc: 0.9578, valid loss: 0.14080115, test acc: 0.9335, test loss: 0.55389346
[2026-06-25 21:46:13,699][root][INFO] - reg loss: 5.059455208046726, entropy loss: 0.1468155614282719, leaf dev: 0.10459757596254349
[2026-06-25 21:46:13,700][root][INFO] - Val leaf stats: tensor([3.1565e-01, 2.4300e-01, 2.8016e-04, 1.4382e-02, 1.0833e-02, 1.8678e-04,
        3.3059e-02, 3.4554e-03, 2.8016e-04, 4.7721e-02, 2.4188e-01, 5.0430e-03,
        5.2297e-03, 7.5177e-02, 3.4554e-03, 3.7355e-04])
[2026-06-25 21:46:14,068][root][INFO] - Epoch: 18 | train acc: 0.9709, train loss: 17.76615582, valid acc: 0.9545, valid loss: 0.16726923, test acc: 0.9220, test loss: 0.82445208
[2026-06-25 21:46:14,300][root][INFO] - reg loss: 4.374597985908468, entropy loss: 0.13405535279443023, leaf dev: 0.1796409785747528
[2026-06-25 21:46:14,312][root][INFO] - Val leaf stats: tensor([7.2329e-01, 6.7239e-03, 9.3388e-04, 1.3168e-02, 6.1916e-02, 9.3388e-04,
        4.6507e-02, 8.4049e-04, 1.0273e-03, 6.5372e-04, 1.3074e-01, 9.3388e-05,
        2.3347e-03, 9.7124e-03, 3.7355e-04, 7.4710e-04])
[2026-06-25 21:46:14,340][root][INFO] - Epoch: 18 | train acc: 0.9616, train loss: 4.71781377, valid acc: 0.9491, valid loss: 0.17901440, test acc: 0.9127, test loss: 0.85932291
[2026-06-25 21:46:15,750][root][INFO] - reg loss: 4.416292823811688, entropy loss: 0.14117366138589446, leaf dev: 0.11847459524869919
[2026-06-25 21:46:15,751][root][INFO] - Val leaf stats: tensor([2.4561e-01, 1.8024e-02, 9.1240e-02, 7.4710e-04, 9.5349e-02, 1.1739e-01,
        8.4049e-04, 7.4710e-04, 2.0545e-03, 1.4942e-03, 1.8678e-04, 3.7355e-04,
        0.0000e+00, 4.2566e-01, 1.8678e-04, 9.3388e-05])
[2026-06-25 21:46:15,973][root][INFO] - reg loss: 4.582803496608028, entropy loss: 0.13518813812228106, leaf dev: 0.09517906606197357
[2026-06-25 21:46:15,974][root][INFO] - Val leaf stats: tensor([2.5047e-01, 3.1192e-02, 6.8640e-02, 9.3388e-04, 7.1815e-02, 1.4251e-01,
        0.0000e+00, 8.4516e-02, 1.7744e-03, 3.4087e-02, 5.6033e-04, 9.3388e-04,
        9.3388e-05, 3.1014e-01, 8.4049e-04, 1.4942e-03])
[2026-06-25 21:46:17,277][root][INFO] - Epoch: 18 | train acc: 0.9520, train loss: 8.93197735, valid acc: 0.9414, valid loss: 0.20616158, test acc: 0.9217, test loss: 1.30630109
[2026-06-25 21:46:18,124][root][INFO] - Epoch: 18 | train acc: 0.9743, train loss: 2.48747475, valid acc: 0.9583, valid loss: 0.14370469, test acc: 0.9305, test loss: 0.49991106
[2026-06-25 21:46:18,632][root][INFO] - Epoch: 18 | train acc: 0.9739, train loss: 9.03330433, valid acc: 0.9572, valid loss: 0.15357922, test acc: 0.9299, test loss: 1.29722422
[2026-06-25 21:46:18,723][root][INFO] - reg loss: 4.382533058287605, entropy loss: 0.13621638462972388, leaf dev: 0.1544342339038849
[2026-06-25 21:46:18,724][root][INFO] - Val leaf stats: tensor([1.9612e-01, 9.6190e-03, 1.4008e-03, 1.8678e-04, 1.5932e-01, 0.0000e+00,
        3.7355e-04, 2.2413e-03, 1.4102e-02, 1.4382e-02, 5.9656e-01, 1.8678e-04,
        1.0273e-03, 1.6810e-03, 2.8016e-03, 0.0000e+00])
[2026-06-25 21:46:19,936][root][INFO] - reg loss: 4.787994155177364, entropy loss: 0.15061987006159686, leaf dev: 0.12113269418478012
[2026-06-25 21:46:19,937][root][INFO] - Val leaf stats: tensor([4.6190e-01, 1.4578e-01, 3.7355e-04, 1.4755e-02, 4.6694e-04, 2.8016e-03,
        1.0217e-01, 0.0000e+00, 1.8678e-04, 1.1207e-03, 1.0581e-01, 1.6165e-01,
        1.3074e-03, 9.3388e-04, 9.3388e-05, 6.5372e-04])
[2026-06-25 21:46:20,291][root][INFO] - reg loss: 4.469520200497259, entropy loss: 0.15385412255292216, leaf dev: 0.11328350752592087
[2026-06-25 21:46:20,292][root][INFO] - Val leaf stats: tensor([3.8317e-01, 8.0034e-02, 1.4755e-02, 4.6694e-04, 8.4983e-02, 2.3842e-01,
        0.0000e+00, 0.0000e+00, 2.8016e-03, 0.0000e+00, 5.6033e-04, 8.4049e-04,
        2.8016e-04, 1.9359e-01, 0.0000e+00, 9.3388e-05])
[2026-06-25 21:46:21,745][root][INFO] - Epoch: 18 | train acc: 0.9575, train loss: 8.87591099, valid acc: 0.9449, valid loss: 0.19002477, test acc: 0.9219, test loss: 1.63788323
[2026-06-25 21:46:22,259][root][INFO] - Epoch: 18 | train acc: 0.9709, train loss: 34.48616480, valid acc: 0.9535, valid loss: 0.16221572, test acc: 0.9234, test loss: 1.05046030
[2026-06-25 21:46:23,102][root][INFO] - reg loss: 4.364368930695549, entropy loss: 0.1449511809639199, leaf dev: 0.13438938558101654
[2026-06-25 21:46:23,103][root][INFO] - Val leaf stats: tensor([5.3044e-02, 4.9029e-02, 2.8876e-01, 3.7355e-04, 7.2843e-02, 2.2693e-02,
        9.3388e-05, 2.3347e-03, 1.1207e-03, 4.9496e-03, 2.8016e-04, 6.5372e-04,
        3.7355e-04, 4.8861e-01, 0.0000e+00, 1.4849e-02])
[2026-06-25 21:46:23,589][root][INFO] - reg loss: 4.297788741096618, entropy loss: 0.1467775940579712, leaf dev: 0.131996288895607
[2026-06-25 21:46:23,590][root][INFO] - Val leaf stats: tensor([1.8239e-01, 1.4475e-02, 1.0618e-01, 0.0000e+00, 8.5730e-02, 9.3201e-02,
        2.0545e-03, 1.8678e-04, 6.5372e-04, 1.8678e-04, 1.1207e-03, 4.6694e-04,
        9.3388e-05, 5.1289e-01, 1.8678e-04, 1.8678e-04])
[2026-06-25 21:46:23,923][root][INFO] - Epoch: 19 | train acc: 0.9782, train loss: 2.48252127, valid acc: 0.9601, valid loss: 0.14517558, test acc: 0.9305, test loss: 0.66860994
[2026-06-25 21:46:24,001][root][INFO] - Epoch: 18 | train acc: 0.9442, train loss: 33.54993899, valid acc: 0.9298, valid loss: 0.22370834, test acc: 0.9128, test loss: 0.53287212
[2026-06-25 21:46:24,367][root][INFO] - Epoch: 19 | train acc: 0.9741, train loss: 0.08813018, valid acc: 0.9569, valid loss: 0.15558260, test acc: 0.9182, test loss: 1.19027204
[2026-06-25 21:46:25,522][root][INFO] - reg loss: 4.810643150692894, entropy loss: 0.1275031783829921, leaf dev: 0.10112575441598892
[2026-06-25 21:46:25,523][root][INFO] - Val leaf stats: tensor([1.1421e-01, 1.0217e-01, 1.7641e-01, 5.6033e-04, 7.9287e-02, 1.4102e-02,
        2.4748e-02, 2.4281e-03, 1.7744e-03, 3.8289e-03, 5.6033e-04, 4.6694e-04,
        2.8016e-04, 3.8037e-01, 1.4008e-03, 9.7404e-02])
[2026-06-25 21:46:25,536][root][INFO] - reg loss: 4.170520540267702, entropy loss: 0.15454193784130943, leaf dev: 0.14573267102241516
[2026-06-25 21:46:25,537][root][INFO] - Val leaf stats: tensor([5.6369e-01, 2.4188e-02, 1.9929e-01, 0.0000e+00, 7.2096e-02, 1.8678e-04,
        0.0000e+00, 9.3388e-05, 1.9612e-03, 2.8016e-03, 8.4049e-04, 1.3074e-03,
        0.0000e+00, 1.3345e-01, 0.0000e+00, 9.3388e-05])
[2026-06-25 21:46:25,801][root][INFO] - reg loss: 5.675160950453824, entropy loss: 0.23287956850238578, leaf dev: 0.09102863818407059
[2026-06-25 21:46:25,802][root][INFO] - Val leaf stats: tensor([0.3423, 0.0378, 0.1391, 0.0278, 0.0007, 0.0007, 0.0031, 0.0712, 0.0035,
        0.0028, 0.0012, 0.1326, 0.0064, 0.0079, 0.0965, 0.1265])
[2026-06-25 21:46:31,885][root][INFO] - Epoch: 19 | train acc: 0.9530, train loss: 17.11011332, valid acc: 0.9364, valid loss: 0.20843142, test acc: 0.9158, test loss: 0.94776512
[2026-06-25 21:46:32,039][root][INFO] - Epoch: 18 | train acc: 0.9679, train loss: 32.41514614, valid acc: 0.9582, valid loss: 0.14958811, test acc: 0.9331, test loss: 3.09949170
[2026-06-25 21:46:32,518][root][INFO] - Epoch: 18 | train acc: 0.9542, train loss: 4.63539270, valid acc: 0.9381, valid loss: 0.28144938, test acc: 0.9160, test loss: 1.26117282
[2026-06-25 21:46:32,979][root][INFO] - Epoch: 19 | train acc: 0.9744, train loss: 8.72098925, valid acc: 0.9584, valid loss: 0.14637794, test acc: 0.9211, test loss: 0.92492412
[2026-06-25 21:46:33,328][root][INFO] - reg loss: 4.236816348222198, entropy loss: 0.14615072451886676, leaf dev: 0.13521970808506012
[2026-06-25 21:46:33,329][root][INFO] - Val leaf stats: tensor([3.9120e-01, 4.0344e-02, 7.4710e-04, 2.8016e-04, 1.6847e-01, 9.3388e-05,
        2.8016e-04, 3.7355e-04, 0.0000e+00, 1.0273e-03, 3.9204e-01, 0.0000e+00,
        3.8289e-03, 6.5372e-04, 6.5372e-04, 0.0000e+00])
[2026-06-25 21:46:33,534][root][INFO] - reg loss: 4.036981739064373, entropy loss: 0.1624287420479709, leaf dev: 0.22191354632377625
[2026-06-25 21:46:33,535][root][INFO] - Val leaf stats: tensor([8.9176e-01, 0.0000e+00, 2.8016e-04, 9.3388e-05, 7.1535e-02, 0.0000e+00,
        2.8297e-02, 0.0000e+00, 1.2140e-03, 0.0000e+00, 2.5215e-03, 0.0000e+00,
        4.1091e-03, 0.0000e+00, 1.8678e-04, 0.0000e+00])
[2026-06-25 21:46:34,138][root][INFO] - reg loss: 4.476375269511389, entropy loss: 0.13999957997332174, leaf dev: 0.13006159663200378
[2026-06-25 21:46:34,138][root][INFO] - Val leaf stats: tensor([0.1463, 0.2399, 0.0016, 0.0006, 0.0300, 0.0000, 0.0006, 0.0029, 0.0084,
        0.0034, 0.4795, 0.0000, 0.0059, 0.0792, 0.0012, 0.0006])
[2026-06-25 21:46:34,652][root][INFO] - reg loss: 4.3145997133204546, entropy loss: 0.13692092414570864, leaf dev: 0.1510286033153534
[2026-06-25 21:46:34,653][root][INFO] - Val leaf stats: tensor([5.9563e-01, 5.0897e-02, 0.0000e+00, 6.4438e-03, 7.0415e-02, 8.4049e-04,
        7.9753e-02, 0.0000e+00, 9.3388e-05, 1.9612e-03, 1.8948e-01, 0.0000e+00,
        2.8950e-03, 0.0000e+00, 1.4008e-03, 1.8678e-04])
[2026-06-25 21:46:34,717][root][INFO] - Epoch: 18 | train acc: 0.9471, train loss: 17.42631662, valid acc: 0.9324, valid loss: 0.22152097, test acc: 0.9016, test loss: 1.35035001
[2026-06-25 21:46:36,442][root][INFO] - reg loss: 4.313939250966229, entropy loss: 0.14192371953416755, leaf dev: 0.10349839925765991
[2026-06-25 21:46:36,443][root][INFO] - Val leaf stats: tensor([3.3601e-01, 2.0359e-02, 1.4251e-01, 1.8678e-04, 9.6003e-02, 1.8304e-01,
        9.3388e-05, 0.0000e+00, 9.3388e-05, 0.0000e+00, 1.1207e-03, 2.9884e-03,
        0.0000e+00, 2.1638e-01, 2.8016e-04, 9.3388e-04])
[2026-06-25 21:46:37,912][root][INFO] - Epoch: 19 | train acc: 0.9616, train loss: 2.64766626, valid acc: 0.9480, valid loss: 0.18784775, test acc: 0.9216, test loss: 0.88116893
[2026-06-25 21:46:38,353][root][INFO] - Epoch: 19 | train acc: 0.9721, train loss: 4.45003747, valid acc: 0.9602, valid loss: 0.13677477, test acc: 0.9331, test loss: 1.13345617
[2026-06-25 21:46:39,270][root][INFO] - reg loss: 5.020423624250624, entropy loss: 0.14347360318615324, leaf dev: 0.10386044532060623
[2026-06-25 21:46:39,272][root][INFO] - Val leaf stats: tensor([2.5981e-01, 2.5327e-01, 1.8678e-04, 1.6810e-02, 1.0740e-02, 9.3388e-05,
        2.8764e-02, 2.8950e-03, 2.8016e-04, 4.8749e-02, 2.8866e-01, 6.6306e-03,
        4.1091e-03, 7.5177e-02, 3.4554e-03, 3.7355e-04])
[2026-06-25 21:46:39,876][root][INFO] - reg loss: 4.353273356402362, entropy loss: 0.13080533526877247, leaf dev: 0.177528977394104
[2026-06-25 21:46:39,877][root][INFO] - Val leaf stats: tensor([7.1274e-01, 6.8173e-03, 1.1207e-03, 1.3355e-02, 7.0041e-02, 1.1207e-03,
        4.6321e-02, 5.6033e-04, 1.0273e-03, 6.5372e-04, 1.4130e-01, 9.3388e-05,
        2.0545e-03, 1.4942e-03, 5.6033e-04, 7.4710e-04])
[2026-06-25 21:46:40,020][root][INFO] - Epoch: 19 | train acc: 0.9623, train loss: 4.77282960, valid acc: 0.9491, valid loss: 0.18052688, test acc: 0.9181, test loss: 0.96921070
[2026-06-25 21:46:40,180][root][INFO] - Epoch: 19 | train acc: 0.9727, train loss: 17.71108917, valid acc: 0.9555, valid loss: 0.16215178, test acc: 0.9226, test loss: 0.66526054
[2026-06-25 21:46:41,656][root][INFO] - reg loss: 4.640967300959995, entropy loss: 0.13489547293022197, leaf dev: 0.09167660027742386
[2026-06-25 21:46:41,657][root][INFO] - Val leaf stats: tensor([0.2145, 0.0293, 0.0652, 0.0012, 0.0720, 0.1611, 0.0009, 0.1072, 0.0018,
        0.0363, 0.0006, 0.0009, 0.0008, 0.3058, 0.0008, 0.0015])
[2026-06-25 21:46:41,918][root][INFO] - reg loss: 4.403886338390371, entropy loss: 0.1375300043789798, leaf dev: 0.12038661539554596
[2026-06-25 21:46:41,919][root][INFO] - Val leaf stats: tensor([2.5766e-01, 1.7464e-02, 8.1901e-02, 6.5372e-04, 9.4696e-02, 1.1141e-01,
        8.4049e-04, 8.4049e-04, 1.9612e-03, 1.4942e-03, 1.8678e-04, 3.7355e-04,
        0.0000e+00, 4.3024e-01, 1.8678e-04, 9.3388e-05])
[2026-06-25 21:46:42,808][root][INFO] - Epoch: 19 | train acc: 0.9542, train loss: 8.89617024, valid acc: 0.9434, valid loss: 0.19554401, test acc: 0.9213, test loss: 1.16600753
[2026-06-25 21:46:43,989][root][INFO] - Epoch: 19 | train acc: 0.9718, train loss: 9.04660579, valid acc: 0.9568, valid loss: 0.15424453, test acc: 0.9282, test loss: 1.13549319
[2026-06-25 21:46:44,081][root][INFO] - Epoch: 19 | train acc: 0.9720, train loss: 2.52688192, valid acc: 0.9456, valid loss: 0.18389163, test acc: 0.9195, test loss: 0.53889749
[2026-06-25 21:46:44,306][root][INFO] - reg loss: 4.366714939238533, entropy loss: 0.13273856686378913, leaf dev: 0.14822690188884735
[2026-06-25 21:46:44,307][root][INFO] - Val leaf stats: tensor([2.3487e-01, 8.4983e-03, 1.2140e-03, 1.8678e-04, 1.6128e-01, 0.0000e+00,
        5.6033e-04, 2.4281e-03, 1.4195e-02, 1.3074e-02, 5.5715e-01, 9.3388e-05,
        9.3388e-04, 1.4008e-03, 4.1091e-03, 0.0000e+00])
[2026-06-25 21:46:45,728][root][INFO] - reg loss: 4.473323541974264, entropy loss: 0.15173186164684396, leaf dev: 0.11699552834033966
[2026-06-25 21:46:45,729][root][INFO] - Val leaf stats: tensor([4.0334e-01, 4.7161e-02, 2.5215e-02, 2.8016e-04, 8.6384e-02, 2.4010e-01,
        0.0000e+00, 0.0000e+00, 2.8016e-03, 0.0000e+00, 6.5372e-04, 8.4049e-04,
        2.8016e-04, 1.9275e-01, 0.0000e+00, 1.8678e-04])
[2026-06-25 21:46:45,820][root][INFO] - reg loss: 4.854233184188762, entropy loss: 0.14938468056381063, leaf dev: 0.10268330574035645
[2026-06-25 21:46:45,821][root][INFO] - Val leaf stats: tensor([3.3125e-01, 1.4830e-01, 9.3388e-04, 9.9925e-03, 8.4049e-04, 2.3347e-03,
        2.1405e-01, 0.0000e+00, 0.0000e+00, 1.5876e-03, 1.1599e-01, 1.7193e-01,
        1.3074e-03, 7.4710e-04, 9.3388e-05, 6.5372e-04])
[2026-06-25 21:46:46,214][root][INFO] - Epoch: 19 | train acc: 0.9568, train loss: 8.95037019, valid acc: 0.9448, valid loss: 0.19351488, test acc: 0.9229, test loss: 1.71199079
[2026-06-25 21:46:46,544][root][INFO] - Epoch: 19 | train acc: 0.9720, train loss: 34.44480050, valid acc: 0.9575, valid loss: 0.15501946, test acc: 0.9237, test loss: 1.04265525
[2026-06-25 21:46:47,597][root][INFO] - reg loss: 4.401097073126092, entropy loss: 0.1434425777859158, leaf dev: 0.12343650311231613
[2026-06-25 21:46:47,598][root][INFO] - Val leaf stats: tensor([9.3388e-02, 5.4632e-02, 3.0557e-01, 3.7355e-04, 7.4897e-02, 2.4935e-02,
        0.0000e+00, 1.4942e-03, 1.9612e-03, 3.3620e-03, 4.6694e-04, 8.4049e-04,
        2.8016e-04, 4.2370e-01, 0.0000e+00, 1.4102e-02])
[2026-06-25 21:46:47,915][root][INFO] - reg loss: 4.293248555016896, entropy loss: 0.14489089756731002, leaf dev: 0.12954770028591156
[2026-06-25 21:46:47,916][root][INFO] - Val leaf stats: tensor([1.9257e-01, 1.4849e-02, 1.0870e-01, 0.0000e+00, 8.5450e-02, 9.4509e-02,
        2.0545e-03, 1.8678e-04, 6.5372e-04, 1.8678e-04, 1.0273e-03, 4.6694e-04,
        9.3388e-05, 4.9888e-01, 1.8678e-04, 1.8678e-04])
[2026-06-25 21:46:48,452][root][INFO] - Epoch: 19 | train acc: 0.9454, train loss: 33.53921549, valid acc: 0.9314, valid loss: 0.22086117, test acc: 0.9154, test loss: 0.69768935
[2026-06-25 21:46:48,647][root][INFO] - Epoch: 20 | train acc: 0.9791, train loss: 2.47077019, valid acc: 0.9610, valid loss: 0.14207223, test acc: 0.9320, test loss: 0.69291342
[2026-06-25 21:46:49,373][root][INFO] - Epoch: 20 | train acc: 0.9750, train loss: 0.08535883, valid acc: 0.9598, valid loss: 0.14722214, test acc: 0.9277, test loss: 0.58881605
[2026-06-25 21:46:49,937][root][INFO] - reg loss: 4.169685666523282, entropy loss: 0.15230368385239254, leaf dev: 0.14709794521331787
[2026-06-25 21:46:49,938][root][INFO] - Val leaf stats: tensor([5.7144e-01, 2.6616e-02, 1.9677e-01, 0.0000e+00, 7.2189e-02, 1.8678e-04,
        0.0000e+00, 9.3388e-05, 1.8678e-03, 2.5215e-03, 8.4049e-04, 1.4008e-03,
        0.0000e+00, 1.2598e-01, 0.0000e+00, 9.3388e-05])
[2026-06-25 21:46:50,117][root][INFO] - reg loss: 4.795277855383656, entropy loss: 0.12603438874243428, leaf dev: 0.10164984315633774
[2026-06-25 21:46:50,117][root][INFO] - Val leaf stats: tensor([1.6716e-01, 9.7310e-02, 1.1832e-01, 6.5372e-04, 7.9006e-02, 1.1020e-02,
        2.7083e-02, 2.4281e-03, 1.4942e-03, 4.8562e-03, 5.6033e-04, 4.6694e-04,
        1.8678e-04, 3.8541e-01, 2.0545e-03, 1.0198e-01])
[2026-06-25 21:46:50,835][root][INFO] - reg loss: 5.544162308728254, entropy loss: 0.2300677029859452, leaf dev: 0.09172727167606354
[2026-06-25 21:46:50,836][root][INFO] - Val leaf stats: tensor([0.3367, 0.0343, 0.1496, 0.0196, 0.0006, 0.0004, 0.0044, 0.0724, 0.0036,
        0.0026, 0.0013, 0.1440, 0.0050, 0.0033, 0.0928, 0.1294])
[2026-06-25 21:46:56,068][root][INFO] - Epoch: 20 | train acc: 0.9519, train loss: 17.11977904, valid acc: 0.9398, valid loss: 0.19897226, test acc: 0.9167, test loss: 0.96042053
[2026-06-25 21:46:56,924][root][INFO] - Epoch: 19 | train acc: 0.9682, train loss: 32.39065287, valid acc: 0.9591, valid loss: 0.14907759, test acc: 0.9356, test loss: 3.37519110
[2026-06-25 21:46:57,294][root][INFO] - reg loss: 4.238915403053244, entropy loss: 0.14466121217245778, leaf dev: 0.13488775491714478
[2026-06-25 21:46:57,295][root][INFO] - Val leaf stats: tensor([3.8653e-01, 4.2678e-02, 7.4710e-04, 3.7355e-04, 1.6726e-01, 0.0000e+00,
        2.8016e-04, 4.6694e-04, 0.0000e+00, 1.0273e-03, 3.9522e-01, 0.0000e+00,
        3.8289e-03, 1.0273e-03, 5.6033e-04, 0.0000e+00])
[2026-06-25 21:46:58,242][root][INFO] - reg loss: 4.034209233743173, entropy loss: 0.16019821923876565, leaf dev: 0.22193685173988342
[2026-06-25 21:46:58,243][root][INFO] - Val leaf stats: tensor([8.9186e-01, 0.0000e+00, 3.7355e-04, 9.3388e-05, 7.1535e-02, 0.0000e+00,
        2.8110e-02, 0.0000e+00, 1.2140e-03, 0.0000e+00, 2.6149e-03, 9.3388e-05,
        3.9223e-03, 0.0000e+00, 1.8678e-04, 0.0000e+00])
[2026-06-25 21:46:58,304][root][INFO] - Epoch: 20 | train acc: 0.9734, train loss: 8.76775676, valid acc: 0.9570, valid loss: 0.16847350, test acc: 0.9185, test loss: 0.76598977
[2026-06-25 21:46:58,308][root][INFO] - Epoch: 19 | train acc: 0.9541, train loss: 4.62755659, valid acc: 0.9398, valid loss: 0.20411657, test acc: 0.9111, test loss: 0.71757526
[2026-06-25 21:46:59,975][root][INFO] - reg loss: 4.470410319232436, entropy loss: 0.13930895530357562, leaf dev: 0.12977397441864014
[2026-06-25 21:46:59,976][root][INFO] - Val leaf stats: tensor([1.2990e-01, 2.3618e-01, 1.6810e-03, 4.6694e-04, 5.4539e-02, 0.0000e+00,
        6.5372e-04, 2.8950e-03, 9.3388e-03, 5.8835e-03, 4.8422e-01, 0.0000e+00,
        2.9884e-03, 6.9854e-02, 8.4049e-04, 5.6033e-04])
[2026-06-25 21:47:00,039][root][INFO] - Epoch: 19 | train acc: 0.9432, train loss: 17.40885740, valid acc: 0.9315, valid loss: 0.22781253, test acc: 0.9013, test loss: 3.26636572
[2026-06-25 21:47:00,058][root][INFO] - reg loss: 4.336452521975079, entropy loss: 0.1349242846013377, leaf dev: 0.14427317678928375
[2026-06-25 21:47:00,059][root][INFO] - Val leaf stats: tensor([5.5687e-01, 5.3044e-02, 0.0000e+00, 5.8835e-03, 7.0601e-02, 8.4049e-04,
        8.3115e-02, 0.0000e+00, 2.8016e-04, 1.8678e-03, 2.2329e-01, 0.0000e+00,
        2.7083e-03, 0.0000e+00, 1.3074e-03, 1.8678e-04])
[2026-06-25 21:47:01,820][root][INFO] - reg loss: 4.305032288586652, entropy loss: 0.1392967475469781, leaf dev: 0.10169313102960587
[2026-06-25 21:47:01,821][root][INFO] - Val leaf stats: tensor([3.2359e-01, 2.1199e-02, 1.4513e-01, 1.8678e-04, 1.1057e-01, 1.6847e-01,
        9.3388e-05, 0.0000e+00, 9.3388e-05, 0.0000e+00, 1.2140e-03, 3.0818e-03,
        0.0000e+00, 2.2535e-01, 1.8678e-04, 8.4049e-04])
[2026-06-25 21:47:02,631][root][INFO] - Epoch: 20 | train acc: 0.9635, train loss: 2.63087277, valid acc: 0.9516, valid loss: 0.17681017, test acc: 0.9227, test loss: 0.91419078
[2026-06-25 21:47:03,951][root][INFO] - Epoch: 20 | train acc: 0.9734, train loss: 4.41631724, valid acc: 0.9620, valid loss: 0.13466562, test acc: 0.9333, test loss: 1.15538387
[2026-06-25 21:47:04,183][root][INFO] - reg loss: 5.000665382102683, entropy loss: 0.14247104809397743, leaf dev: 0.10433150082826614
[2026-06-25 21:47:04,201][root][INFO] - Val leaf stats: tensor([1.9658e-01, 2.3646e-01, 3.7355e-04, 1.6810e-02, 1.0459e-02, 1.8678e-04,
        3.1005e-02, 3.0818e-03, 3.7355e-04, 5.3418e-02, 3.4768e-01, 2.1759e-02,
        3.0818e-03, 7.4991e-02, 3.3620e-03, 3.7355e-04])
[2026-06-25 21:47:05,044][root][INFO] - Epoch: 20 | train acc: 0.9633, train loss: 4.69325152, valid acc: 0.9462, valid loss: 0.18822535, test acc: 0.9130, test loss: 1.02183368
[2026-06-25 21:47:05,389][root][INFO] - reg loss: 4.323246393254195, entropy loss: 0.127994573581471, leaf dev: 0.17542299628257751
[2026-06-25 21:47:05,390][root][INFO] - Val leaf stats: tensor([7.0284e-01, 5.7901e-03, 1.2140e-03, 1.3821e-02, 7.0134e-02, 1.1207e-03,
        4.7348e-02, 4.6694e-04, 1.0273e-03, 6.5372e-04, 1.5073e-01, 9.3388e-05,
        2.0545e-03, 1.4008e-03, 6.5372e-04, 6.5372e-04])
[2026-06-25 21:47:06,173][root][INFO] - Epoch: 20 | train acc: 0.9737, train loss: 17.67118389, valid acc: 0.9556, valid loss: 0.16406787, test acc: 0.9238, test loss: 0.69175083
[2026-06-25 21:47:06,551][root][INFO] - reg loss: 4.567534915984623, entropy loss: 0.12728265132853595, leaf dev: 0.09133320301771164
[2026-06-25 21:47:06,552][root][INFO] - Val leaf stats: tensor([1.9714e-01, 1.3541e-02, 1.4279e-01, 5.6033e-04, 7.2002e-02, 1.3541e-01,
        2.8016e-04, 8.8999e-02, 1.7744e-03, 3.4460e-02, 4.6694e-04, 9.3388e-04,
        1.8678e-04, 3.0911e-01, 8.4049e-04, 1.4942e-03])
[2026-06-25 21:47:07,930][root][INFO] - reg loss: 4.394570297665066, entropy loss: 0.133972098587682, leaf dev: 0.11994326859712601
[2026-06-25 21:47:07,931][root][INFO] - Val leaf stats: tensor([2.5840e-01, 1.8304e-02, 8.2182e-02, 9.3388e-04, 9.4135e-02, 1.1235e-01,
        8.4049e-04, 7.4710e-04, 1.9612e-03, 1.4942e-03, 1.8678e-04, 3.7355e-04,
        0.0000e+00, 4.2772e-01, 1.8678e-04, 1.8678e-04])
[2026-06-25 21:47:08,276][root][INFO] - Epoch: 20 | train acc: 0.9566, train loss: 8.80487562, valid acc: 0.9443, valid loss: 0.19374541, test acc: 0.9239, test loss: 1.12950863
[2026-06-25 21:47:10,048][root][INFO] - reg loss: 4.324944887211714, entropy loss: 0.13085015587232732, leaf dev: 0.14678475260734558
[2026-06-25 21:47:10,049][root][INFO] - Val leaf stats: tensor([2.4038e-01, 7.6578e-03, 1.2140e-03, 1.8678e-04, 1.6726e-01, 0.0000e+00,
        3.7355e-04, 2.4281e-03, 1.3355e-02, 1.3448e-02, 5.4725e-01, 1.8678e-04,
        9.3388e-04, 2.2413e-03, 3.0818e-03, 0.0000e+00])
[2026-06-25 21:47:10,288][root][INFO] - Epoch: 20 | train acc: 0.9732, train loss: 2.51596583, valid acc: 0.9608, valid loss: 0.13900361, test acc: 0.9316, test loss: 0.49913782
[2026-06-25 21:47:10,429][root][INFO] - Epoch: 20 | train acc: 0.9706, train loss: 9.13441957, valid acc: 0.9513, valid loss: 0.16607956, test acc: 0.9267, test loss: 1.19444691
[2026-06-25 21:47:10,892][root][INFO] - Epoch: 20 | train acc: 0.9718, train loss: 34.35214195, valid acc: 0.9570, valid loss: 0.15895867, test acc: 0.9228, test loss: 1.03912213
[2026-06-25 21:47:11,750][root][INFO] - Epoch: 20 | train acc: 0.9584, train loss: 9.07356653, valid acc: 0.9458, valid loss: 0.19277900, test acc: 0.9246, test loss: 1.83719927
[2026-06-25 21:47:11,998][root][INFO] - reg loss: 4.5149665988942305, entropy loss: 0.15168958192779905, leaf dev: 0.10439898818731308
[2026-06-25 21:47:11,999][root][INFO] - Val leaf stats: tensor([3.3470e-01, 5.3605e-02, 8.0220e-02, 2.8016e-04, 8.8065e-02, 2.3926e-01,
        0.0000e+00, 0.0000e+00, 2.8016e-03, 0.0000e+00, 6.5372e-04, 8.4049e-04,
        2.8016e-04, 1.9910e-01, 0.0000e+00, 1.8678e-04])
[2026-06-25 21:47:12,122][root][INFO] - reg loss: 4.841181765157709, entropy loss: 0.14884157131904016, leaf dev: 0.11506345123052597
[2026-06-25 21:47:12,123][root][INFO] - Val leaf stats: tensor([4.2828e-01, 1.5586e-01, 7.4710e-04, 1.5783e-02, 6.5372e-04, 2.6149e-03,
        1.1095e-01, 0.0000e+00, 0.0000e+00, 2.0545e-03, 1.1216e-01, 1.6801e-01,
        1.2140e-03, 9.3388e-04, 9.3388e-05, 6.5372e-04])
[2026-06-25 21:47:12,232][root][INFO] - reg loss: 4.281751975811348, entropy loss: 0.14211068353640338, leaf dev: 0.1355278491973877
[2026-06-25 21:47:12,233][root][INFO] - Val leaf stats: tensor([1.5745e-01, 1.4755e-02, 1.0684e-01, 0.0000e+00, 8.6291e-02, 9.5349e-02,
        2.0545e-03, 2.8016e-04, 5.6033e-04, 1.8678e-04, 1.5876e-03, 3.7355e-04,
        0.0000e+00, 5.3390e-01, 9.3388e-05, 2.8016e-04])
[2026-06-25 21:47:13,098][root][INFO] - Epoch: 20 | train acc: 0.9457, train loss: 33.50973099, valid acc: 0.9323, valid loss: 0.21706089, test acc: 0.9137, test loss: 0.70144243
[2026-06-25 21:47:13,140][root][INFO] - reg loss: 4.465423639489229, entropy loss: 0.14059244238194965, leaf dev: 0.12175874412059784
[2026-06-25 21:47:13,141][root][INFO] - Val leaf stats: tensor([1.0077e-01, 5.6033e-02, 2.8586e-01, 4.6694e-04, 7.5084e-02, 3.2779e-02,
        0.0000e+00, 1.4008e-03, 1.9612e-03, 2.2413e-03, 3.7355e-04, 8.4049e-04,
        2.8016e-04, 4.2772e-01, 0.0000e+00, 1.4195e-02])
[2026-06-25 21:47:14,153][root][INFO] - Epoch: 21 | train acc: 0.9794, train loss: 2.45951543, valid acc: 0.9595, valid loss: 0.14529064, test acc: 0.9337, test loss: 0.69589428
[2026-06-25 21:47:14,434][root][INFO] - Epoch: 21 | train acc: 0.9773, train loss: 0.07779510, valid acc: 0.9590, valid loss: 0.14443465, test acc: 0.9282, test loss: 0.65306616
[2026-06-25 21:47:14,527][root][INFO] - reg loss: 4.166390154096815, entropy loss: 0.15016201438096466, leaf dev: 0.1443852335214615
[2026-06-25 21:47:14,527][root][INFO] - Val leaf stats: tensor([5.5445e-01, 2.5215e-02, 2.1367e-01, 0.0000e+00, 7.1909e-02, 9.3388e-05,
        0.0000e+00, 9.3388e-05, 1.9612e-03, 2.6149e-03, 8.4049e-04, 1.3074e-03,
        0.0000e+00, 1.2775e-01, 0.0000e+00, 9.3388e-05])
[2026-06-25 21:47:15,587][root][INFO] - reg loss: 4.774348639937305, entropy loss: 0.12464655080327282, leaf dev: 0.10209183394908905
[2026-06-25 21:47:15,587][root][INFO] - Val leaf stats: tensor([2.0293e-01, 1.0665e-01, 8.1248e-02, 6.5372e-04, 8.0501e-02, 1.2794e-02,
        2.9324e-02, 1.8678e-03, 1.6810e-03, 4.0157e-03, 5.6033e-04, 4.6694e-04,
        2.8016e-04, 3.7757e-01, 1.4942e-03, 9.7964e-02])
[2026-06-25 21:47:15,914][root][INFO] - reg loss: 5.555565379914784, entropy loss: 0.22928522495681017, leaf dev: 0.09140358865261078
[2026-06-25 21:47:15,915][root][INFO] - Val leaf stats: tensor([0.3399, 0.0350, 0.1515, 0.0228, 0.0005, 0.0007, 0.0057, 0.0737, 0.0039,
        0.0023, 0.0012, 0.1301, 0.0072, 0.0049, 0.0908, 0.1298])
[2026-06-25 21:47:20,129][root][INFO] - Epoch: 21 | train acc: 0.9538, train loss: 17.10796455, valid acc: 0.9367, valid loss: 0.20620347, test acc: 0.9119, test loss: 1.01190402
[2026-06-25 21:47:21,296][root][INFO] - Epoch: 20 | train acc: 0.9681, train loss: 32.36436902, valid acc: 0.9595, valid loss: 0.14797407, test acc: 0.9346, test loss: 3.68612567
[2026-06-25 21:47:21,498][root][INFO] - reg loss: 4.237308827657548, entropy loss: 0.14224340313326114, leaf dev: 0.1320100724697113
[2026-06-25 21:47:21,498][root][INFO] - Val leaf stats: tensor([3.5478e-01, 4.1558e-02, 8.4049e-04, 2.8016e-04, 1.9966e-01, 9.3388e-05,
        5.6033e-04, 3.7355e-04, 0.0000e+00, 9.3388e-04, 3.9550e-01, 0.0000e+00,
        3.8289e-03, 9.3388e-04, 6.5372e-04, 0.0000e+00])
[2026-06-25 21:47:22,815][root][INFO] - Epoch: 20 | train acc: 0.9546, train loss: 4.59363830, valid acc: 0.9439, valid loss: 0.18632703, test acc: 0.9121, test loss: 0.52773163
[2026-06-25 21:47:22,824][root][INFO] - reg loss: 4.0308864078824485, entropy loss: 0.15838790712533174, leaf dev: 0.22213560342788696
[2026-06-25 21:47:22,825][root][INFO] - Val leaf stats: tensor([8.9260e-01, 0.0000e+00, 9.3388e-05, 9.3388e-05, 7.1722e-02, 0.0000e+00,
        2.7456e-02, 0.0000e+00, 1.2140e-03, 0.0000e+00, 2.7083e-03, 9.3388e-05,
        3.9223e-03, 0.0000e+00, 9.3388e-05, 0.0000e+00])
[2026-06-25 21:47:23,476][root][INFO] - Epoch: 21 | train acc: 0.9692, train loss: 8.79106532, valid acc: 0.9566, valid loss: 0.15535573, test acc: 0.9198, test loss: 0.93261998
[2026-06-25 21:47:24,183][root][INFO] - reg loss: 4.4375908185565285, entropy loss: 0.13781883311334742, leaf dev: 0.13223369419574738
[2026-06-25 21:47:24,184][root][INFO] - Val leaf stats: tensor([0.1339, 0.2427, 0.0017, 0.0007, 0.0348, 0.0000, 0.0006, 0.0030, 0.0095,
        0.0045, 0.4914, 0.0000, 0.0041, 0.0714, 0.0010, 0.0006])
[2026-06-25 21:47:24,938][root][INFO] - reg loss: 4.342114776530594, entropy loss: 0.13136679588486908, leaf dev: 0.1386597752571106
[2026-06-25 21:47:24,939][root][INFO] - Val leaf stats: tensor([5.1298e-01, 4.8562e-02, 0.0000e+00, 5.9768e-03, 7.1349e-02, 8.4049e-04,
        8.3396e-02, 0.0000e+00, 1.8678e-04, 1.7744e-03, 2.7073e-01, 0.0000e+00,
        2.8016e-03, 0.0000e+00, 1.2140e-03, 1.8678e-04])
[2026-06-25 21:47:25,574][root][INFO] - Epoch: 20 | train acc: 0.9484, train loss: 17.36601921, valid acc: 0.9333, valid loss: 0.21522224, test acc: 0.9026, test loss: 3.37789402
[2026-06-25 21:47:27,134][root][INFO] - reg loss: 4.299338297869163, entropy loss: 0.13790257732388833, leaf dev: 0.10139162838459015
[2026-06-25 21:47:27,135][root][INFO] - Val leaf stats: tensor([3.1677e-01, 2.1199e-02, 1.4811e-01, 2.8016e-04, 1.0273e-01, 1.7744e-01,
        1.8678e-04, 0.0000e+00, 9.3388e-05, 0.0000e+00, 1.2140e-03, 3.0818e-03,
        0.0000e+00, 2.2787e-01, 1.8678e-04, 8.4049e-04])
[2026-06-25 21:47:27,703][root][INFO] - Epoch: 21 | train acc: 0.9641, train loss: 2.59141487, valid acc: 0.9502, valid loss: 0.18025116, test acc: 0.9241, test loss: 0.97318667
[2026-06-25 21:47:29,081][root][INFO] - reg loss: 4.925139999894238, entropy loss: 0.14100643235539634, leaf dev: 0.10917645692825317
[2026-06-25 21:47:29,082][root][INFO] - Val leaf stats: tensor([1.5951e-01, 2.2731e-01, 6.5372e-04, 1.1860e-02, 9.1520e-03, 9.3388e-05,
        3.1939e-02, 3.1752e-03, 3.7355e-04, 5.7527e-02, 3.9111e-01, 2.1386e-02,
        3.7355e-03, 7.8539e-02, 3.2686e-03, 3.7355e-04])
[2026-06-25 21:47:29,511][root][INFO] - Epoch: 21 | train acc: 0.9740, train loss: 4.40466859, valid acc: 0.9611, valid loss: 0.13854770, test acc: 0.9332, test loss: 1.16093035
[2026-06-25 21:47:30,877][root][INFO] - reg loss: 4.313169746802598, entropy loss: 0.12719949989249466, leaf dev: 0.17472940683364868
[2026-06-25 21:47:30,878][root][INFO] - Val leaf stats: tensor([6.9920e-01, 7.0041e-03, 1.4942e-03, 1.1300e-02, 7.0134e-02, 1.1207e-03,
        4.6974e-02, 4.6694e-04, 1.1207e-03, 6.5372e-04, 1.5577e-01, 9.3388e-05,
        2.0545e-03, 1.4008e-03, 6.5372e-04, 5.6033e-04])
[2026-06-25 21:47:30,942][root][INFO] - Epoch: 21 | train acc: 0.9652, train loss: 4.68341791, valid acc: 0.9483, valid loss: 0.17861675, test acc: 0.9203, test loss: 1.01678220
[2026-06-25 21:47:32,599][root][INFO] - reg loss: 4.562356860549362, entropy loss: 0.12394365242549352, leaf dev: 0.09051783382892609
[2026-06-25 21:47:32,600][root][INFO] - Val leaf stats: tensor([0.1938, 0.0135, 0.1208, 0.0006, 0.0720, 0.1548, 0.0008, 0.0974, 0.0018,
        0.0351, 0.0005, 0.0009, 0.0004, 0.3053, 0.0008, 0.0015])
[2026-06-25 21:47:32,607][root][INFO] - Epoch: 21 | train acc: 0.9747, train loss: 17.62228151, valid acc: 0.9565, valid loss: 0.16317406, test acc: 0.9224, test loss: 0.74188347
[2026-06-25 21:47:34,484][root][INFO] - reg loss: 4.383406467538662, entropy loss: 0.131069010921887, leaf dev: 0.1196184828877449
[2026-06-25 21:47:34,485][root][INFO] - Val leaf stats: tensor([2.5719e-01, 1.8304e-02, 8.8812e-02, 8.4049e-04, 9.3108e-02, 1.0889e-01,
        8.4049e-04, 7.4710e-04, 2.0545e-03, 1.4942e-03, 1.8678e-04, 3.7355e-04,
        0.0000e+00, 4.2688e-01, 1.8678e-04, 9.3388e-05])
[2026-06-25 21:47:34,686][root][INFO] - Epoch: 21 | train acc: 0.9573, train loss: 8.74949746, valid acc: 0.9455, valid loss: 0.19924994, test acc: 0.9228, test loss: 1.17422900
[2026-06-25 21:47:35,574][root][INFO] - Epoch: 21 | train acc: 0.9763, train loss: 2.47451100, valid acc: 0.9611, valid loss: 0.14309985, test acc: 0.9304, test loss: 0.57537767
[2026-06-25 21:47:36,103][root][INFO] - reg loss: 4.298504932847603, entropy loss: 0.12915060657357413, leaf dev: 0.14498142898082733
[2026-06-25 21:47:36,104][root][INFO] - Val leaf stats: tensor([2.4533e-01, 7.9380e-03, 1.4942e-03, 2.8016e-04, 1.7118e-01, 0.0000e+00,
        3.7355e-04, 2.1479e-03, 1.3168e-02, 1.3821e-02, 5.3651e-01, 3.7355e-04,
        9.3388e-04, 2.6149e-03, 3.7355e-03, 9.3388e-05])
[2026-06-25 21:47:36,176][root][INFO] - Epoch: 21 | train acc: 0.9726, train loss: 9.21536552, valid acc: 0.9569, valid loss: 0.15553117, test acc: 0.9262, test loss: 1.70235224
[2026-06-25 21:47:36,545][root][INFO] - Epoch: 21 | train acc: 0.9728, train loss: 34.25994960, valid acc: 0.9561, valid loss: 0.15799804, test acc: 0.9222, test loss: 1.08233656
[2026-06-25 21:47:36,621][root][INFO] - Epoch: 21 | train acc: 0.9597, train loss: 9.07081702, valid acc: 0.9460, valid loss: 0.18836595, test acc: 0.9213, test loss: 1.97965865
[2026-06-25 21:47:36,864][root][INFO] - reg loss: 4.780778213783547, entropy loss: 0.14550621586817283, leaf dev: 0.11357579380273819
[2026-06-25 21:47:36,865][root][INFO] - Val leaf stats: tensor([4.1791e-01, 1.6492e-01, 7.4710e-04, 1.6530e-02, 6.5372e-04, 2.6149e-03,
        1.0852e-01, 9.3388e-05, 9.3388e-05, 1.7744e-03, 1.1132e-01, 1.7230e-01,
        1.2140e-03, 5.6033e-04, 9.3388e-05, 6.5372e-04])
[2026-06-25 21:47:37,477][root][INFO] - reg loss: 4.558392658435478, entropy loss: 0.151429833952712, leaf dev: 0.10953044146299362
[2026-06-25 21:47:37,478][root][INFO] - Val leaf stats: tensor([3.6393e-01, 6.2944e-02, 4.1651e-02, 2.8016e-04, 8.7691e-02, 2.3655e-01,
        0.0000e+00, 0.0000e+00, 2.8950e-03, 2.8016e-04, 6.5372e-04, 1.0273e-03,
        2.8016e-04, 2.0162e-01, 0.0000e+00, 1.8678e-04])
[2026-06-25 21:47:37,920][root][INFO] - Epoch: 21 | train acc: 0.9466, train loss: 33.50849242, valid acc: 0.9360, valid loss: 0.21020573, test acc: 0.9173, test loss: 0.56735278
[2026-06-25 21:47:38,008][root][INFO] - reg loss: 4.2704505869951195, entropy loss: 0.1396433975173052, leaf dev: 0.13354526460170746
[2026-06-25 21:47:38,009][root][INFO] - Val leaf stats: tensor([1.6558e-01, 1.4942e-02, 1.0553e-01, 0.0000e+00, 8.6384e-02, 9.8898e-02,
        2.0545e-03, 2.8016e-04, 5.6033e-04, 2.8016e-04, 1.4008e-03, 3.7355e-04,
        0.0000e+00, 5.2344e-01, 9.3388e-05, 1.8678e-04])
[2026-06-25 21:47:38,058][root][INFO] - reg loss: 4.466247056527113, entropy loss: 0.13695888938727202, leaf dev: 0.12179075926542282
[2026-06-25 21:47:38,059][root][INFO] - Val leaf stats: tensor([1.0114e-01, 6.1076e-02, 2.7783e-01, 3.7355e-04, 7.4710e-02, 3.0351e-02,
        0.0000e+00, 1.5876e-03, 2.0545e-03, 2.4281e-03, 3.7355e-04, 8.4049e-04,
        1.8678e-04, 4.3257e-01, 0.0000e+00, 1.4475e-02])
[2026-06-25 21:47:38,653][root][INFO] - Epoch: 22 | train acc: 0.9808, train loss: 2.45008475, valid acc: 0.9577, valid loss: 0.15339538, test acc: 0.9323, test loss: 0.69841573
[2026-06-25 21:47:38,833][root][INFO] - Epoch: 22 | train acc: 0.9788, train loss: 0.07164672, valid acc: 0.9597, valid loss: 0.13898173, test acc: 0.9446, test loss: 0.56777034
[2026-06-25 21:47:39,383][root][INFO] - reg loss: 4.166516205621144, entropy loss: 0.148360035170323, leaf dev: 0.14174813032150269
[2026-06-25 21:47:39,384][root][INFO] - Val leaf stats: tensor([5.4623e-01, 4.0811e-02, 2.0527e-01, 0.0000e+00, 7.2096e-02, 1.8678e-04,
        0.0000e+00, 9.3388e-05, 1.9612e-03, 2.6149e-03, 9.3388e-04, 1.3074e-03,
        0.0000e+00, 1.2850e-01, 0.0000e+00, 0.0000e+00])
[2026-06-25 21:47:40,096][root][INFO] - reg loss: 4.765359563171549, entropy loss: 0.1223951636089219, leaf dev: 0.09940386563539505
[2026-06-25 21:47:40,097][root][INFO] - Val leaf stats: tensor([1.5923e-01, 1.0039e-01, 9.9739e-02, 7.4710e-04, 8.0874e-02, 3.8196e-02,
        3.0725e-02, 2.0545e-03, 1.7744e-03, 4.8562e-03, 4.6694e-04, 4.6694e-04,
        1.8678e-04, 3.8383e-01, 1.4008e-03, 9.5069e-02])
[2026-06-25 21:47:40,361][root][INFO] - reg loss: 5.602191586973806, entropy loss: 0.23210857635137266, leaf dev: 0.09045205265283585
[2026-06-25 21:47:40,362][root][INFO] - Val leaf stats: tensor([0.3373, 0.0418, 0.1457, 0.0260, 0.0005, 0.0009, 0.0080, 0.0750, 0.0037,
        0.0031, 0.0013, 0.1360, 0.0057, 0.0036, 0.0811, 0.1303])
[2026-06-25 21:47:44,473][root][INFO] - Epoch: 22 | train acc: 0.9542, train loss: 17.10009883, valid acc: 0.9402, valid loss: 0.19639425, test acc: 0.9120, test loss: 1.02018846
[2026-06-25 21:47:46,038][root][INFO] - reg loss: 4.235434191567557, entropy loss: 0.14034295389576565, leaf dev: 0.1335422843694687
[2026-06-25 21:47:46,039][root][INFO] - Val leaf stats: tensor([3.7888e-01, 4.3052e-02, 8.4049e-04, 1.8678e-04, 1.7884e-01, 9.3388e-05,
        6.5372e-04, 3.7355e-04, 9.3388e-05, 1.0273e-03, 3.9064e-01, 0.0000e+00,
        3.8289e-03, 9.3388e-04, 5.6033e-04, 0.0000e+00])
[2026-06-25 21:47:46,294][root][INFO] - Epoch: 21 | train acc: 0.9691, train loss: 32.35985069, valid acc: 0.9602, valid loss: 0.14862733, test acc: 0.9340, test loss: 3.86883495
[2026-06-25 21:47:47,650][root][INFO] - Epoch: 21 | train acc: 0.9558, train loss: 4.58999927, valid acc: 0.9436, valid loss: 0.18906151, test acc: 0.9128, test loss: 0.87179291
[2026-06-25 21:47:47,687][root][INFO] - reg loss: 4.030688351424283, entropy loss: 0.15648221157530628, leaf dev: 0.22152704000473022
[2026-06-25 21:47:47,688][root][INFO] - Val leaf stats: tensor([8.9027e-01, 0.0000e+00, 5.6033e-04, 9.3388e-05, 7.1909e-02, 0.0000e+00,
        2.8950e-02, 0.0000e+00, 1.2140e-03, 0.0000e+00, 2.8950e-03, 9.3388e-05,
        3.9223e-03, 0.0000e+00, 9.3388e-05, 0.0000e+00])
[2026-06-25 21:47:48,160][root][INFO] - Epoch: 22 | train acc: 0.9729, train loss: 8.74522441, valid acc: 0.9556, valid loss: 0.15346048, test acc: 0.9235, test loss: 0.89738172
[2026-06-25 21:47:49,265][root][INFO] - reg loss: 4.438798155103411, entropy loss: 0.13205463924105204, leaf dev: 0.13073545694351196
[2026-06-25 21:47:49,266][root][INFO] - Val leaf stats: tensor([1.2869e-01, 2.3786e-01, 1.3074e-03, 3.7355e-04, 4.5760e-02, 0.0000e+00,
        1.2140e-03, 2.9884e-03, 1.0273e-02, 5.2297e-03, 4.8795e-01, 0.0000e+00,
        3.4554e-03, 7.3403e-02, 1.0273e-03, 4.6694e-04])
[2026-06-25 21:47:49,576][root][INFO] - reg loss: 4.325068693312388, entropy loss: 0.12827736620234434, leaf dev: 0.1383373886346817
[2026-06-25 21:47:49,577][root][INFO] - Val leaf stats: tensor([5.1289e-01, 5.0336e-02, 9.3388e-05, 6.0702e-03, 7.1349e-02, 7.4710e-04,
        8.4516e-02, 0.0000e+00, 9.3388e-05, 1.8678e-03, 2.6774e-01, 0.0000e+00,
        2.8950e-03, 0.0000e+00, 1.2140e-03, 1.8678e-04])
[2026-06-25 21:47:50,696][root][INFO] - Epoch: 21 | train acc: 0.9499, train loss: 17.35172875, valid acc: 0.9347, valid loss: 0.20927409, test acc: 0.9040, test loss: 1.16136444
[2026-06-25 21:47:52,208][root][INFO] - reg loss: 4.297327684977698, entropy loss: 0.13688411701608588, leaf dev: 0.10116574168205261
[2026-06-25 21:47:52,208][root][INFO] - Val leaf stats: tensor([3.1369e-01, 2.1946e-02, 1.5260e-01, 2.8016e-04, 9.5816e-02, 1.8864e-01,
        1.8678e-04, 0.0000e+00, 9.3388e-05, 0.0000e+00, 1.2140e-03, 3.0818e-03,
        0.0000e+00, 2.2152e-01, 2.8016e-04, 6.5372e-04])
[2026-06-25 21:47:52,400][root][INFO] - Epoch: 22 | train acc: 0.9614, train loss: 2.61512556, valid acc: 0.9451, valid loss: 0.20705455, test acc: 0.9190, test loss: 0.43239908
[2026-06-25 21:47:54,050][root][INFO] - reg loss: 4.9542511379908, entropy loss: 0.13906730206870527, leaf dev: 0.1035384014248848
[2026-06-25 21:47:54,051][root][INFO] - Val leaf stats: tensor([2.0443e-01, 2.3758e-01, 6.5372e-04, 1.4195e-02, 1.4662e-02, 9.3388e-05,
        3.2312e-02, 2.8950e-03, 2.8016e-04, 4.9402e-02, 3.3965e-01, 2.4841e-02,
        3.4554e-03, 7.1815e-02, 2.7083e-03, 1.0273e-03])
[2026-06-25 21:47:54,792][root][INFO] - Epoch: 22 | train acc: 0.9741, train loss: 4.39874025, valid acc: 0.9586, valid loss: 0.14393806, test acc: 0.9347, test loss: 1.16243718
[2026-06-25 21:47:56,323][root][INFO] - reg loss: 4.308332859523713, entropy loss: 0.12611611108615917, leaf dev: 0.1711731255054474
[2026-06-25 21:47:56,324][root][INFO] - Val leaf stats: tensor([6.8453e-01, 7.9380e-03, 1.3074e-03, 1.1207e-02, 6.9574e-02, 1.1207e-03,
        5.9862e-02, 4.6694e-04, 1.0273e-03, 6.5372e-04, 1.5745e-01, 9.3388e-05,
        2.0545e-03, 1.4008e-03, 5.6033e-04, 7.4710e-04])
[2026-06-25 21:47:56,945][root][INFO] - Epoch: 22 | train acc: 0.9669, train loss: 4.64516957, valid acc: 0.9507, valid loss: 0.17759446, test acc: 0.9213, test loss: 1.04793535
[2026-06-25 21:47:58,157][root][INFO] - Epoch: 22 | train acc: 0.9762, train loss: 17.57743598, valid acc: 0.9556, valid loss: 0.15968314, test acc: 0.9238, test loss: 0.78551649
[2026-06-25 21:47:58,491][root][INFO] - reg loss: 4.528062318367933, entropy loss: 0.12246357275064661, leaf dev: 0.09047071635723114
[2026-06-25 21:47:58,492][root][INFO] - Val leaf stats: tensor([1.9490e-01, 1.2514e-02, 1.0693e-01, 2.8016e-04, 7.2002e-02, 1.5521e-01,
        1.0273e-03, 1.1010e-01, 1.7744e-03, 3.6328e-02, 3.7355e-04, 9.3388e-04,
        3.7355e-04, 3.0491e-01, 8.4049e-04, 1.4942e-03])
[2026-06-25 21:47:59,782][root][INFO] - Epoch: 22 | train acc: 0.9574, train loss: 8.71109975, valid acc: 0.9438, valid loss: 0.19769520, test acc: 0.9210, test loss: 1.19611429
[2026-06-25 21:47:59,944][root][INFO] - reg loss: 4.3731124968755815, entropy loss: 0.1287273727554493, leaf dev: 0.11836352199316025
[2026-06-25 21:47:59,945][root][INFO] - Val leaf stats: tensor([2.5719e-01, 1.8678e-02, 9.8151e-02, 8.4049e-04, 9.3948e-02, 1.0487e-01,
        8.4049e-04, 6.5372e-04, 2.0545e-03, 1.4942e-03, 1.8678e-04, 3.7355e-04,
        0.0000e+00, 4.2034e-01, 1.8678e-04, 1.8678e-04])
[2026-06-25 21:48:00,851][root][INFO] - Epoch: 22 | train acc: 0.9776, train loss: 2.45747071, valid acc: 0.9605, valid loss: 0.14093731, test acc: 0.9315, test loss: 0.56878150
[2026-06-25 21:48:01,374][root][INFO] - reg loss: 4.280706506557565, entropy loss: 0.12546190651005537, leaf dev: 0.14383363723754883
[2026-06-25 21:48:01,375][root][INFO] - Val leaf stats: tensor([2.5430e-01, 8.2182e-03, 1.4942e-03, 1.8678e-04, 1.7520e-01, 0.0000e+00,
        1.8678e-04, 2.1479e-03, 1.2701e-02, 1.3448e-02, 5.2634e-01, 3.7355e-04,
        9.3388e-04, 5.6033e-04, 3.8289e-03, 9.3388e-05])
[2026-06-25 21:48:01,997][root][INFO] - Epoch: 22 | train acc: 0.9607, train loss: 9.02535088, valid acc: 0.9481, valid loss: 0.18406213, test acc: 0.9236, test loss: 2.45067290
[2026-06-25 21:48:02,118][root][INFO] - Epoch: 22 | train acc: 0.9756, train loss: 9.08048975, valid acc: 0.9600, valid loss: 0.14920129, test acc: 0.9300, test loss: 1.59960624
[2026-06-25 21:48:02,255][root][INFO] - Epoch: 22 | train acc: 0.9736, train loss: 34.21142372, valid acc: 0.9574, valid loss: 0.16424592, test acc: 0.9243, test loss: 1.13035442
[2026-06-25 21:48:02,262][root][INFO] - reg loss: 4.756102609886694, entropy loss: 0.14305469716982866, leaf dev: 0.11528772115707397
[2026-06-25 21:48:02,263][root][INFO] - Val leaf stats: tensor([4.2949e-01, 1.5661e-01, 5.6033e-04, 1.6530e-02, 5.6033e-04, 2.8016e-03,
        1.0628e-01, 9.3388e-05, 0.0000e+00, 1.4942e-03, 1.1515e-01, 1.6744e-01,
        1.3074e-03, 9.3388e-04, 9.3388e-05, 6.5372e-04])
[2026-06-25 21:48:02,663][root][INFO] - Epoch: 22 | train acc: 0.9486, train loss: 33.74563405, valid acc: 0.9358, valid loss: 0.20898764, test acc: 0.9178, test loss: 0.46895855
[2026-06-25 21:48:03,401][root][INFO] - reg loss: 4.445242720306235, entropy loss: 0.1343211548984366, leaf dev: 0.12349791824817657
[2026-06-25 21:48:03,402][root][INFO] - Val leaf stats: tensor([9.5069e-02, 5.9862e-02, 2.8437e-01, 4.6694e-04, 7.7419e-02, 2.2600e-02,
        0.0000e+00, 1.4942e-03, 2.0545e-03, 2.1479e-03, 4.6694e-04, 8.4049e-04,
        1.8678e-04, 4.3706e-01, 0.0000e+00, 1.5969e-02])
[2026-06-25 21:48:03,650][root][INFO] - reg loss: 4.495781946434546, entropy loss: 0.14684238217810475, leaf dev: 0.1090284138917923
[2026-06-25 21:48:03,651][root][INFO] - Val leaf stats: tensor([3.6113e-01, 7.5364e-02, 3.2873e-02, 1.8678e-04, 8.8905e-02, 2.3450e-01,
        0.0000e+00, 0.0000e+00, 2.8950e-03, 1.8678e-04, 6.5372e-04, 1.0273e-03,
        2.8016e-04, 2.0181e-01, 0.0000e+00, 1.8678e-04])
[2026-06-25 21:48:03,895][root][INFO] - reg loss: 4.264824191098491, entropy loss: 0.13754077168999526, leaf dev: 0.1267922967672348
[2026-06-25 21:48:03,896][root][INFO] - Val leaf stats: tensor([2.0069e-01, 1.5502e-02, 1.0441e-01, 0.0000e+00, 8.7038e-02, 1.0310e-01,
        1.9612e-03, 1.8678e-04, 7.4710e-04, 2.8016e-04, 1.1207e-03, 4.6694e-04,
        9.3388e-05, 4.8375e-01, 4.6694e-04, 1.8678e-04])
[2026-06-25 21:48:04,078][root][INFO] - reg loss: 4.196079355068307, entropy loss: 0.14772164632403662, leaf dev: 0.14305801689624786
[2026-06-25 21:48:04,079][root][INFO] - Val leaf stats: tensor([5.5258e-01, 3.5021e-02, 2.0219e-01, 0.0000e+00, 7.4057e-02, 2.8016e-04,
        0.0000e+00, 9.3388e-05, 1.7744e-03, 3.0818e-03, 1.0273e-03, 1.3074e-03,
        0.0000e+00, 1.2860e-01, 0.0000e+00, 0.0000e+00])
[2026-06-25 21:48:04,100][root][INFO] - Epoch: 23 | train acc: 0.9814, train loss: 2.47821043, valid acc: 0.9599, valid loss: 0.14387025, test acc: 0.9354, test loss: 0.75874970
[2026-06-25 21:48:04,197][root][INFO] - Epoch: 23 | train acc: 0.9801, train loss: 0.06934460, valid acc: 0.9611, valid loss: 0.13658133, test acc: 0.9415, test loss: 0.68302691
[2026-06-25 21:48:05,794][root][INFO] - reg loss: 4.823794627315784, entropy loss: 0.12256132669392086, leaf dev: 0.09959304332733154
[2026-06-25 21:48:05,795][root][INFO] - Val leaf stats: tensor([1.5680e-01, 1.0375e-01, 1.1608e-01, 5.6033e-04, 8.0127e-02, 1.8678e-02,
        2.9978e-02, 2.2413e-03, 1.4008e-03, 4.2959e-03, 5.6033e-04, 4.6694e-04,
        1.8678e-04, 3.7972e-01, 2.3347e-03, 1.0282e-01])
[2026-06-25 21:48:05,898][root][INFO] - reg loss: 5.542792933327811, entropy loss: 0.22739859185521566, leaf dev: 0.08794169872999191
[2026-06-25 21:48:05,899][root][INFO] - Val leaf stats: tensor([0.3261, 0.0414, 0.1470, 0.0333, 0.0007, 0.0010, 0.0050, 0.0787, 0.0037,
        0.0031, 0.0012, 0.1299, 0.0068, 0.0057, 0.0843, 0.1320])
[2026-06-25 21:48:09,521][root][INFO] - Epoch: 23 | train acc: 0.9552, train loss: 17.06980955, valid acc: 0.9391, valid loss: 0.20512668, test acc: 0.9141, test loss: 0.97896455
[2026-06-25 21:48:10,929][root][INFO] - reg loss: 4.228313731138037, entropy loss: 0.13832976751857334, leaf dev: 0.13278694450855255
[2026-06-25 21:48:10,930][root][INFO] - Val leaf stats: tensor([3.6851e-01, 4.3612e-02, 8.4049e-04, 1.8678e-04, 1.8743e-01, 0.0000e+00,
        5.6033e-04, 4.6694e-04, 0.0000e+00, 6.5372e-04, 3.9260e-01, 0.0000e+00,
        3.7355e-03, 8.4049e-04, 5.6033e-04, 0.0000e+00])
[2026-06-25 21:48:11,365][root][INFO] - Epoch: 22 | train acc: 0.9694, train loss: 32.36499752, valid acc: 0.9577, valid loss: 0.15344539, test acc: 0.9344, test loss: 4.86295652
[2026-06-25 21:48:12,626][root][INFO] - Epoch: 22 | train acc: 0.9560, train loss: 4.61772353, valid acc: 0.9436, valid loss: 0.19117426, test acc: 0.9084, test loss: 0.66279345
[2026-06-25 21:48:12,977][root][INFO] - Epoch: 23 | train acc: 0.9742, train loss: 8.70132368, valid acc: 0.9570, valid loss: 0.14771114, test acc: 0.9227, test loss: 0.87674239
[2026-06-25 21:48:13,005][root][INFO] - reg loss: 4.0313783221774635, entropy loss: 0.1547239981788807, leaf dev: 0.22211022675037384
[2026-06-25 21:48:13,007][root][INFO] - Val leaf stats: tensor([8.9251e-01, 0.0000e+00, 3.7355e-04, 9.3388e-05, 7.1909e-02, 0.0000e+00,
        2.6896e-02, 0.0000e+00, 1.2140e-03, 0.0000e+00, 2.8950e-03, 9.3388e-05,
        3.9223e-03, 0.0000e+00, 9.3388e-05, 0.0000e+00])
[2026-06-25 21:48:14,105][root][INFO] - reg loss: 4.469807211053435, entropy loss: 0.1313401826869243, leaf dev: 0.1179848313331604
[2026-06-25 21:48:14,106][root][INFO] - Val leaf stats: tensor([2.1722e-01, 2.6065e-01, 2.0545e-03, 3.7355e-04, 4.1371e-02, 0.0000e+00,
        1.1207e-03, 1.4008e-03, 6.8173e-03, 2.8016e-03, 3.8588e-01, 0.0000e+00,
        4.7628e-03, 7.4057e-02, 1.0273e-03, 4.6694e-04])
[2026-06-25 21:48:14,481][root][INFO] - reg loss: 4.305528305194996, entropy loss: 0.12514959031311923, leaf dev: 0.14443083107471466
[2026-06-25 21:48:14,482][root][INFO] - Val leaf stats: tensor([5.5585e-01, 4.6414e-02, 0.0000e+00, 6.5372e-03, 7.1162e-02, 7.4710e-04,
        8.4329e-02, 0.0000e+00, 9.3388e-05, 2.4281e-03, 2.2815e-01, 9.3388e-05,
        2.7083e-03, 0.0000e+00, 1.3074e-03, 1.8678e-04])
[2026-06-25 21:48:15,364][root][INFO] - Epoch: 22 | train acc: 0.9507, train loss: 17.28754747, valid acc: 0.9336, valid loss: 0.20937888, test acc: 0.9044, test loss: 1.10486518
[2026-06-25 21:48:16,857][root][INFO] - reg loss: 4.282145787799169, entropy loss: 0.13575532646090896, leaf dev: 0.10069938749074936
[2026-06-25 21:48:16,858][root][INFO] - Val leaf stats: tensor([2.9230e-01, 2.0078e-02, 1.4699e-01, 2.8016e-04, 9.5443e-02, 1.8948e-01,
        9.3388e-05, 0.0000e+00, 9.3388e-05, 0.0000e+00, 1.2140e-03, 3.0818e-03,
        1.8678e-04, 2.4925e-01, 2.8016e-04, 1.2140e-03])
[2026-06-25 21:48:17,036][root][INFO] - Epoch: 23 | train acc: 0.9590, train loss: 2.58441153, valid acc: 0.9474, valid loss: 0.19529842, test acc: 0.9215, test loss: 0.61418212
[2026-06-25 21:48:18,750][root][INFO] - reg loss: 4.883350506030693, entropy loss: 0.13415684208037362, leaf dev: 0.10786852985620499
[2026-06-25 21:48:18,755][root][INFO] - Val leaf stats: tensor([0.2177, 0.2445, 0.0007, 0.0080, 0.0073, 0.0000, 0.0164, 0.0026, 0.0011,
        0.0482, 0.3481, 0.0241, 0.0045, 0.0735, 0.0022, 0.0010])
[2026-06-25 21:48:20,201][root][INFO] - Epoch: 23 | train acc: 0.9751, train loss: 4.38705712, valid acc: 0.9600, valid loss: 0.13868702, test acc: 0.9344, test loss: 1.19974000
[2026-06-25 21:48:21,874][root][INFO] - reg loss: 4.2988048558512695, entropy loss: 0.12372663889139418, leaf dev: 0.1742878407239914
[2026-06-25 21:48:21,875][root][INFO] - Val leaf stats: tensor([6.9724e-01, 6.6306e-03, 1.4008e-03, 1.1767e-02, 6.9948e-02, 1.0273e-03,
        4.8001e-02, 5.6033e-04, 9.3388e-04, 6.5372e-04, 1.5689e-01, 9.3388e-05,
        2.0545e-03, 1.4008e-03, 6.5372e-04, 7.4710e-04])
[2026-06-25 21:48:22,792][root][INFO] - Epoch: 23 | train acc: 0.9676, train loss: 4.63637984, valid acc: 0.9490, valid loss: 0.17716116, test acc: 0.9190, test loss: 1.12364800
[2026-06-25 21:48:23,991][root][INFO] - Epoch: 23 | train acc: 0.9753, train loss: 17.55568557, valid acc: 0.9583, valid loss: 0.15806777, test acc: 0.9262, test loss: 0.82932937
[2026-06-25 21:48:24,395][root][INFO] - reg loss: 4.521023387000675, entropy loss: 0.12122093913731752, leaf dev: 0.09017051756381989
[2026-06-25 21:48:24,396][root][INFO] - Val leaf stats: tensor([1.9509e-01, 1.2701e-02, 1.0796e-01, 2.8016e-04, 7.6111e-02, 1.5260e-01,
        6.5372e-04, 1.0712e-01, 1.7744e-03, 3.7355e-02, 3.7355e-04, 9.3388e-04,
        3.7355e-04, 3.0435e-01, 8.4049e-04, 1.4942e-03])
[2026-06-25 21:48:25,815][root][INFO] - reg loss: 4.36757442433998, entropy loss: 0.125832154440186, leaf dev: 0.12066479027271271
[2026-06-25 21:48:25,815][root][INFO] - Epoch: 23 | train acc: 0.9577, train loss: 8.67381115, valid acc: 0.9436, valid loss: 0.19914895, test acc: 0.9238, test loss: 1.12595833
[2026-06-25 21:48:25,816][root][INFO] - Val leaf stats: tensor([2.8530e-01, 1.9145e-02, 9.9272e-02, 7.4710e-04, 9.0960e-02, 8.1621e-02,
        8.4049e-04, 3.7355e-04, 2.0545e-03, 1.4942e-03, 1.8678e-04, 3.7355e-04,
        0.0000e+00, 4.1754e-01, 9.3388e-05, 0.0000e+00])
[2026-06-25 21:48:25,949][root][INFO] - Epoch: 23 | train acc: 0.9791, train loss: 2.43186326, valid acc: 0.9593, valid loss: 0.14063411, test acc: 0.9302, test loss: 0.61873736
[2026-06-25 21:48:26,961][root][INFO] - Epoch: 23 | train acc: 0.9611, train loss: 9.05663949, valid acc: 0.9447, valid loss: 0.18569446, test acc: 0.9226, test loss: 2.38214548
[2026-06-25 21:48:27,061][root][INFO] - Epoch: 23 | train acc: 0.9770, train loss: 9.00897647, valid acc: 0.9586, valid loss: 0.14959337, test acc: 0.9321, test loss: 1.64927026
[2026-06-25 21:48:27,565][root][INFO] - reg loss: 4.261679472746672, entropy loss: 0.12133754762234511, leaf dev: 0.14414720237255096
[2026-06-25 21:48:27,566][root][INFO] - Val leaf stats: tensor([2.5205e-01, 1.0646e-02, 1.5876e-03, 1.8678e-04, 1.7267e-01, 0.0000e+00,
        9.3388e-05, 2.0545e-03, 1.1767e-02, 1.3168e-02, 5.2951e-01, 2.8016e-04,
        9.3388e-04, 9.3388e-04, 3.5487e-03, 5.6033e-04])
[2026-06-25 21:48:27,686][root][INFO] - reg loss: 4.712263568999275, entropy loss: 0.1409460141387566, leaf dev: 0.11626645922660828
[2026-06-25 21:48:27,687][root][INFO] - Val leaf stats: tensor([4.3594e-01, 1.4802e-01, 4.6694e-04, 1.7931e-02, 4.6694e-04, 2.8950e-03,
        1.0572e-01, 9.3388e-05, 0.0000e+00, 1.6810e-03, 1.1421e-01, 1.6959e-01,
        1.3074e-03, 9.3388e-04, 9.3388e-05, 6.5372e-04])
[2026-06-25 21:48:28,225][root][INFO] - Epoch: 23 | train acc: 0.9503, train loss: 33.49788684, valid acc: 0.9343, valid loss: 0.21217935, test acc: 0.9176, test loss: 0.48316792
[2026-06-25 21:48:28,419][root][INFO] - reg loss: 4.460535115035123, entropy loss: 0.13317057797833096, leaf dev: 0.12214881926774979
[2026-06-25 21:48:28,420][root][INFO] - Val leaf stats: tensor([8.9839e-02, 5.9395e-02, 2.6569e-01, 5.6033e-04, 7.4244e-02, 4.4640e-02,
        0.0000e+00, 1.3074e-03, 1.9612e-03, 2.2413e-03, 5.6033e-04, 8.4049e-04,
        1.8678e-04, 4.4313e-01, 0.0000e+00, 1.5409e-02])
[2026-06-25 21:48:28,568][root][INFO] - reg loss: 4.4623334496109575, entropy loss: 0.14354384915223198, leaf dev: 0.11016818135976791
[2026-06-25 21:48:28,568][root][INFO] - Val leaf stats: tensor([3.6832e-01, 6.7893e-02, 3.3713e-02, 2.8016e-04, 8.8719e-02, 2.3067e-01,
        0.0000e+00, 0.0000e+00, 2.9884e-03, 9.3388e-05, 7.4710e-04, 1.0273e-03,
        2.8016e-04, 2.0508e-01, 0.0000e+00, 1.8678e-04])
[2026-06-25 21:48:28,586][root][INFO] - Epoch: 23 | train acc: 0.9746, train loss: 34.24828686, valid acc: 0.9589, valid loss: 0.15748534, test acc: 0.9236, test loss: 1.19473719
[2026-06-25 21:48:28,972][root][INFO] - Epoch: 24 | train acc: 0.9804, train loss: 0.06631068, valid acc: 0.9588, valid loss: 0.15094645, test acc: 0.9227, test loss: 0.76569664
[2026-06-25 21:48:29,658][root][INFO] - reg loss: 4.166331631796701, entropy loss: 0.14446975448459545, leaf dev: 0.14201191067695618
[2026-06-25 21:48:29,659][root][INFO] - Val leaf stats: tensor([5.4427e-01, 3.2032e-02, 2.1349e-01, 0.0000e+00, 7.2749e-02, 1.8678e-04,
        0.0000e+00, 9.3388e-05, 1.7744e-03, 3.1752e-03, 1.0273e-03, 1.3074e-03,
        0.0000e+00, 1.2990e-01, 0.0000e+00, 0.0000e+00])
[2026-06-25 21:48:29,894][root][INFO] - Epoch: 24 | train acc: 0.9827, train loss: 2.44780339, valid acc: 0.9621, valid loss: 0.14427685, test acc: 0.9308, test loss: 0.76487421
[2026-06-25 21:48:30,361][root][INFO] - reg loss: 4.269821441993511, entropy loss: 0.13572625295510368, leaf dev: 0.12463711202144623
[2026-06-25 21:48:30,362][root][INFO] - Val leaf stats: tensor([2.1498e-01, 1.6343e-02, 1.0590e-01, 0.0000e+00, 8.6851e-02, 1.0198e-01,
        1.9612e-03, 9.3388e-05, 8.4049e-04, 2.8016e-04, 9.3388e-04, 4.6694e-04,
        9.3388e-05, 4.6890e-01, 1.8678e-04, 1.8678e-04])
[2026-06-25 21:48:30,545][root][INFO] - reg loss: 5.4768032724895175, entropy loss: 0.22478173602195012, leaf dev: 0.08933266997337341
[2026-06-25 21:48:30,546][root][INFO] - Val leaf stats: tensor([0.3363, 0.0435, 0.1348, 0.0235, 0.0007, 0.0010, 0.0069, 0.0775, 0.0037,
        0.0028, 0.0013, 0.1242, 0.0121, 0.0049, 0.0892, 0.1374])
[2026-06-25 21:48:31,326][root][INFO] - reg loss: 4.771291382098324, entropy loss: 0.12332355471515151, leaf dev: 0.10113153606653214
[2026-06-25 21:48:31,327][root][INFO] - Val leaf stats: tensor([1.5885e-01, 9.4322e-02, 1.2542e-01, 5.6033e-04, 7.9940e-02, 1.3261e-02,
        2.7549e-02, 2.3347e-03, 1.4942e-03, 4.5760e-03, 8.4049e-04, 4.6694e-04,
        2.8016e-04, 3.8467e-01, 1.8678e-03, 1.0357e-01])
[2026-06-25 21:48:33,791][root][INFO] - Epoch: 24 | train acc: 0.9554, train loss: 17.06597930, valid acc: 0.9434, valid loss: 0.19143863, test acc: 0.9144, test loss: 1.04554886
[2026-06-25 21:48:35,283][root][INFO] - reg loss: 4.2276154699779696, entropy loss: 0.1356135148693014, leaf dev: 0.13314488530158997
[2026-06-25 21:48:35,284][root][INFO] - Val leaf stats: tensor([3.6010e-01, 4.7068e-02, 7.4710e-04, 2.8016e-04, 1.7912e-01, 0.0000e+00,
        6.5372e-04, 8.4049e-04, 1.8678e-04, 7.4710e-04, 4.0549e-01, 0.0000e+00,
        3.6421e-03, 5.6033e-04, 4.6694e-04, 9.3388e-05])
[2026-06-25 21:48:36,881][root][INFO] - Epoch: 23 | train acc: 0.9699, train loss: 32.34869629, valid acc: 0.9578, valid loss: 0.15097473, test acc: 0.9328, test loss: 4.76817419
[2026-06-25 21:48:37,365][root][INFO] - Epoch: 23 | train acc: 0.9578, train loss: 4.61787910, valid acc: 0.9450, valid loss: 0.18531307, test acc: 0.9126, test loss: 0.67822702
[2026-06-25 21:48:37,677][root][INFO] - Epoch: 24 | train acc: 0.9752, train loss: 8.64204419, valid acc: 0.9572, valid loss: 0.14886309, test acc: 0.9239, test loss: 0.93903185
[2026-06-25 21:48:38,497][root][INFO] - reg loss: 4.029580393796245, entropy loss: 0.15303503875694577, leaf dev: 0.2214091420173645
[2026-06-25 21:48:38,498][root][INFO] - Val leaf stats: tensor([8.8980e-01, 0.0000e+00, 3.7355e-04, 9.3388e-05, 7.1909e-02, 0.0000e+00,
        2.9791e-02, 0.0000e+00, 1.3074e-03, 0.0000e+00, 2.6149e-03, 9.3388e-05,
        3.9223e-03, 0.0000e+00, 9.3388e-05, 0.0000e+00])
[2026-06-25 21:48:38,722][root][INFO] - reg loss: 4.473953744091054, entropy loss: 0.1276809778163042, leaf dev: 0.12218678742647171
[2026-06-25 21:48:38,723][root][INFO] - Val leaf stats: tensor([1.9126e-01, 2.5831e-01, 1.6810e-03, 2.8016e-04, 3.4367e-02, 0.0000e+00,
        9.3388e-04, 1.8678e-03, 7.3777e-03, 3.0818e-03, 4.1978e-01, 0.0000e+00,
        4.3892e-03, 7.5177e-02, 1.0273e-03, 4.6694e-04])
[2026-06-25 21:48:38,976][root][INFO] - reg loss: 4.277692497091949, entropy loss: 0.12348343987786581, leaf dev: 0.14483876526355743
[2026-06-25 21:48:38,977][root][INFO] - Val leaf stats: tensor([5.5883e-01, 4.6134e-02, 0.0000e+00, 6.7239e-03, 7.1349e-02, 8.4049e-04,
        8.5077e-02, 0.0000e+00, 9.3388e-05, 2.3347e-03, 2.2441e-01, 0.0000e+00,
        2.7083e-03, 0.0000e+00, 1.3074e-03, 1.8678e-04])
[2026-06-25 21:48:40,878][root][INFO] - Epoch: 23 | train acc: 0.9500, train loss: 17.33454040, valid acc: 0.9344, valid loss: 0.21152987, test acc: 0.8999, test loss: 1.26546312
[2026-06-25 21:48:42,268][root][INFO] - reg loss: 4.292514841392557, entropy loss: 0.13549248968798017, leaf dev: 0.1002974882721901
[2026-06-25 21:48:42,269][root][INFO] - Val leaf stats: tensor([2.8708e-01, 2.0172e-02, 1.4849e-01, 3.7355e-04, 9.4135e-02, 2.0004e-01,
        9.3388e-05, 0.0000e+00, 9.3388e-05, 0.0000e+00, 1.1207e-03, 3.0818e-03,
        9.3388e-05, 2.4421e-01, 3.7355e-04, 6.5372e-04])
[2026-06-25 21:48:42,377][root][INFO] - Epoch: 24 | train acc: 0.9612, train loss: 2.54678748, valid acc: 0.9487, valid loss: 0.18758231, test acc: 0.9203, test loss: 0.64628437
[2026-06-25 21:48:43,759][root][INFO] - reg loss: 4.824062546724996, entropy loss: 0.13276310178337905, leaf dev: 0.10474149137735367
[2026-06-25 21:48:43,760][root][INFO] - Val leaf stats: tensor([2.0723e-01, 2.4673e-01, 4.6694e-04, 1.0740e-02, 1.8491e-02, 1.8678e-04,
        1.4288e-02, 3.2686e-03, 4.6694e-04, 5.0803e-02, 3.3722e-01, 2.8203e-02,
        4.7628e-03, 7.3777e-02, 2.4281e-03, 9.3388e-04])
[2026-06-25 21:48:45,069][root][INFO] - Epoch: 24 | train acc: 0.9751, train loss: 4.37638570, valid acc: 0.9594, valid loss: 0.14052259, test acc: 0.9340, test loss: 1.21462775
[2026-06-25 21:48:46,491][root][INFO] - reg loss: 4.28830528763867, entropy loss: 0.12367526335375649, leaf dev: 0.16990172863006592
[2026-06-25 21:48:46,492][root][INFO] - Val leaf stats: tensor([6.7893e-01, 4.2025e-03, 1.4942e-03, 1.2607e-02, 7.0975e-02, 9.3388e-04,
        6.5558e-02, 6.5372e-04, 9.3388e-04, 6.5372e-04, 1.5820e-01, 9.3388e-05,
        2.0545e-03, 1.3074e-03, 6.5372e-04, 7.4710e-04])
[2026-06-25 21:48:48,222][root][INFO] - Epoch: 24 | train acc: 0.9687, train loss: 4.62143451, valid acc: 0.9515, valid loss: 0.17665887, test acc: 0.9197, test loss: 1.14581154
[2026-06-25 21:48:49,857][root][INFO] - reg loss: 4.511956204812994, entropy loss: 0.11930014445352807, leaf dev: 0.09071352332830429
[2026-06-25 21:48:49,858][root][INFO] - Val leaf stats: tensor([1.9275e-01, 1.4008e-02, 1.0749e-01, 4.6694e-04, 7.4804e-02, 1.5297e-01,
        5.6033e-04, 1.0487e-01, 1.7744e-03, 3.6888e-02, 5.6033e-04, 9.3388e-04,
        2.8016e-04, 3.0930e-01, 8.4049e-04, 1.4942e-03])
[2026-06-25 21:48:50,365][root][INFO] - Epoch: 24 | train acc: 0.9764, train loss: 17.52266349, valid acc: 0.9584, valid loss: 0.15558442, test acc: 0.9263, test loss: 0.89659171
[2026-06-25 21:48:51,602][root][INFO] - Epoch: 24 | train acc: 0.9791, train loss: 2.41200806, valid acc: 0.9603, valid loss: 0.14047575, test acc: 0.9321, test loss: 0.58668588
[2026-06-25 21:48:51,795][root][INFO] - Epoch: 24 | train acc: 0.9590, train loss: 8.70676620, valid acc: 0.9463, valid loss: 0.19530158, test acc: 0.9227, test loss: 1.11458951
[2026-06-25 21:48:51,953][root][INFO] - reg loss: 4.359813210825441, entropy loss: 0.12299107228006635, leaf dev: 0.11989495158195496
[2026-06-25 21:48:51,954][root][INFO] - Val leaf stats: tensor([2.7848e-01, 1.8864e-02, 9.9365e-02, 5.6033e-04, 9.2081e-02, 8.7131e-02,
        8.4049e-04, 1.8678e-04, 2.2413e-03, 1.4008e-03, 1.8678e-04, 3.7355e-04,
        0.0000e+00, 4.1744e-01, 7.4710e-04, 9.3388e-05])
[2026-06-25 21:48:52,216][root][INFO] - Epoch: 24 | train acc: 0.9780, train loss: 8.96770376, valid acc: 0.9589, valid loss: 0.15187875, test acc: 0.9306, test loss: 1.64998800
[2026-06-25 21:48:52,773][root][INFO] - Epoch: 24 | train acc: 0.9629, train loss: 9.01860965, valid acc: 0.9481, valid loss: 0.18047959, test acc: 0.9260, test loss: 2.30370323
[2026-06-25 21:48:53,188][root][INFO] - reg loss: 4.676565947356047, entropy loss: 0.1381371254643435, leaf dev: 0.120729960501194
[2026-06-25 21:48:53,189][root][INFO] - Val leaf stats: tensor([4.5816e-01, 1.8061e-01, 3.7355e-04, 1.7650e-02, 4.6694e-04, 2.1479e-03,
        1.0656e-01, 0.0000e+00, 0.0000e+00, 2.8950e-03, 8.9839e-02, 1.3728e-01,
        2.1479e-03, 1.1207e-03, 9.3388e-05, 6.5372e-04])
[2026-06-25 21:48:53,492][root][INFO] - reg loss: 4.280652555839095, entropy loss: 0.12000235331752312, leaf dev: 0.14405320584774017
[2026-06-25 21:48:53,493][root][INFO] - Val leaf stats: tensor([2.4944e-01, 9.8991e-03, 1.5876e-03, 1.8678e-04, 1.7118e-01, 0.0000e+00,
        5.6033e-04, 2.0545e-03, 1.2514e-02, 1.4008e-02, 5.3082e-01, 1.8678e-04,
        1.1207e-03, 2.7083e-03, 3.5487e-03, 1.8678e-04])
[2026-06-25 21:48:53,497][root][INFO] - Epoch: 24 | train acc: 0.9506, train loss: 33.41726069, valid acc: 0.9358, valid loss: 0.20955215, test acc: 0.9198, test loss: 0.52643229
[2026-06-25 21:48:53,772][root][INFO] - reg loss: 4.443870440992729, entropy loss: 0.14094979446085673, leaf dev: 0.1100764274597168
[2026-06-25 21:48:53,773][root][INFO] - Val leaf stats: tensor([3.6711e-01, 7.1722e-02, 2.9791e-02, 1.8678e-04, 8.9746e-02, 2.2917e-01,
        0.0000e+00, 0.0000e+00, 2.9884e-03, 9.3388e-05, 7.4710e-04, 9.3388e-04,
        2.8016e-04, 2.0704e-01, 0.0000e+00, 1.8678e-04])
[2026-06-25 21:48:54,248][root][INFO] - Epoch: 25 | train acc: 0.9816, train loss: 0.06350407, valid acc: 0.9618, valid loss: 0.13865167, test acc: 0.9354, test loss: 0.67351545
[2026-06-25 21:48:54,274][root][INFO] - reg loss: 4.445022588053709, entropy loss: 0.12894774740808224, leaf dev: 0.12405693531036377
[2026-06-25 21:48:54,275][root][INFO] - Val leaf stats: tensor([8.6291e-02, 5.9675e-02, 2.8091e-01, 5.6033e-04, 7.3496e-02, 3.1192e-02,
        0.0000e+00, 1.3074e-03, 1.9612e-03, 3.0818e-03, 5.6033e-04, 8.4049e-04,
        1.8678e-04, 4.4359e-01, 0.0000e+00, 1.6343e-02])
[2026-06-25 21:48:54,594][root][INFO] - Epoch: 25 | train acc: 0.9831, train loss: 2.43483292, valid acc: 0.9600, valid loss: 0.14736237, test acc: 0.9317, test loss: 0.78244335
[2026-06-25 21:48:54,723][root][INFO] - Epoch: 24 | train acc: 0.9751, train loss: 34.20450578, valid acc: 0.9597, valid loss: 0.15059267, test acc: 0.9212, test loss: 1.19835631
[2026-06-25 21:48:54,982][root][INFO] - reg loss: 4.156618963473688, entropy loss: 0.14158751787962737, leaf dev: 0.14189034700393677
[2026-06-25 21:48:54,983][root][INFO] - Val leaf stats: tensor([5.4268e-01, 3.0351e-02, 2.1629e-01, 0.0000e+00, 7.2656e-02, 1.8678e-04,
        0.0000e+00, 9.3388e-05, 1.5876e-03, 3.3620e-03, 1.0273e-03, 1.4008e-03,
        0.0000e+00, 1.3037e-01, 0.0000e+00, 0.0000e+00])
[2026-06-25 21:48:55,880][root][INFO] - reg loss: 5.531532751820075, entropy loss: 0.22285308117273622, leaf dev: 0.08661969006061554
[2026-06-25 21:48:55,881][root][INFO] - Val leaf stats: tensor([0.3224, 0.0512, 0.1363, 0.0327, 0.0008, 0.0007, 0.0068, 0.0789, 0.0038,
        0.0028, 0.0015, 0.1284, 0.0074, 0.0040, 0.0858, 0.1365])
[2026-06-25 21:48:56,182][root][INFO] - reg loss: 4.750387252323211, entropy loss: 0.12062608608335414, leaf dev: 0.09671635925769806
[2026-06-25 21:48:56,183][root][INFO] - Val leaf stats: tensor([1.6866e-01, 1.0086e-01, 1.2290e-01, 6.5372e-04, 7.9660e-02, 1.7370e-02,
        3.5768e-02, 1.9612e-03, 2.0545e-03, 5.2297e-03, 2.7083e-03, 4.6694e-04,
        2.8016e-04, 3.6291e-01, 1.4942e-03, 9.7030e-02])
[2026-06-25 21:48:56,348][root][INFO] - reg loss: 4.26473602920613, entropy loss: 0.13317902007746318, leaf dev: 0.12663398683071136
[2026-06-25 21:48:56,349][root][INFO] - Val leaf stats: tensor([2.0004e-01, 1.5409e-02, 1.0413e-01, 0.0000e+00, 8.7131e-02, 1.0516e-01,
        1.9612e-03, 1.8678e-04, 7.4710e-04, 2.8016e-04, 1.0273e-03, 4.6694e-04,
        9.3388e-05, 4.8300e-01, 1.8678e-04, 1.8678e-04])
[2026-06-25 21:48:58,670][root][INFO] - Epoch: 25 | train acc: 0.9575, train loss: 17.00355972, valid acc: 0.9434, valid loss: 0.19370775, test acc: 0.9183, test loss: 0.99954054
[2026-06-25 21:49:00,020][root][INFO] - reg loss: 4.213699835318106, entropy loss: 0.12990694173744746, leaf dev: 0.13312548398971558
[2026-06-25 21:49:00,021][root][INFO] - Val leaf stats: tensor([3.7542e-01, 5.0616e-02, 7.4710e-04, 2.8016e-04, 1.7155e-01, 9.3388e-05,
        3.7355e-04, 7.4710e-04, 2.8016e-04, 7.4710e-04, 3.9419e-01, 0.0000e+00,
        3.6421e-03, 6.5372e-04, 5.6033e-04, 9.3388e-05])
[2026-06-25 21:49:01,492][root][INFO] - Epoch: 24 | train acc: 0.9700, train loss: 32.34576834, valid acc: 0.9594, valid loss: 0.15042452, test acc: 0.9344, test loss: 4.68392886
[2026-06-25 21:49:02,217][root][INFO] - Epoch: 24 | train acc: 0.9584, train loss: 4.60864967, valid acc: 0.9435, valid loss: 0.18711293, test acc: 0.9167, test loss: 0.61537076
[2026-06-25 21:49:02,461][root][INFO] - Epoch: 25 | train acc: 0.9760, train loss: 8.62229029, valid acc: 0.9579, valid loss: 0.14324620, test acc: 0.9250, test loss: 0.98802583
[2026-06-25 21:49:03,023][root][INFO] - reg loss: 4.029242079093973, entropy loss: 0.1509699363399435, leaf dev: 0.22155117988586426
[2026-06-25 21:49:03,024][root][INFO] - Val leaf stats: tensor([8.9036e-01, 0.0000e+00, 4.6694e-04, 9.3388e-05, 7.1909e-02, 0.0000e+00,
        2.8857e-02, 0.0000e+00, 1.3074e-03, 0.0000e+00, 2.8016e-03, 1.8678e-04,
        3.9223e-03, 0.0000e+00, 9.3388e-05, 0.0000e+00])
[2026-06-25 21:49:03,640][root][INFO] - reg loss: 4.467058514791821, entropy loss: 0.12597998712586347, leaf dev: 0.12438573688268661
[2026-06-25 21:49:03,641][root][INFO] - Val leaf stats: tensor([1.5334e-01, 2.4561e-01, 2.5215e-03, 2.8016e-04, 5.7434e-02, 0.0000e+00,
        1.2140e-03, 2.1479e-03, 6.9107e-03, 1.6810e-03, 4.4929e-01, 0.0000e+00,
        3.9223e-03, 7.4150e-02, 1.0273e-03, 4.6694e-04])
[2026-06-25 21:49:03,816][root][INFO] - reg loss: 4.2693964160939375, entropy loss: 0.12112488640994622, leaf dev: 0.14371247589588165
[2026-06-25 21:49:03,817][root][INFO] - Val leaf stats: tensor([5.5454e-01, 5.2391e-02, 0.0000e+00, 7.0041e-03, 7.1162e-02, 8.4049e-04,
        8.4236e-02, 0.0000e+00, 9.3388e-05, 2.3347e-03, 2.2320e-01, 0.0000e+00,
        2.7083e-03, 0.0000e+00, 1.3074e-03, 1.8678e-04])
[2026-06-25 21:49:05,385][root][INFO] - Epoch: 24 | train acc: 0.9531, train loss: 17.24692134, valid acc: 0.9357, valid loss: 0.20544118, test acc: 0.9051, test loss: 1.32175046
[2026-06-25 21:49:06,818][root][INFO] - reg loss: 4.272909265346628, entropy loss: 0.13210290197342162, leaf dev: 0.10106752812862396
[2026-06-25 21:49:06,819][root][INFO] - Val leaf stats: tensor([3.0108e-01, 2.0172e-02, 1.4354e-01, 1.8678e-04, 9.6096e-02, 1.9313e-01,
        9.3388e-05, 0.0000e+00, 9.3388e-05, 0.0000e+00, 1.2140e-03, 3.0818e-03,
        9.3388e-05, 2.3982e-01, 3.7355e-04, 1.0273e-03])
[2026-06-25 21:49:06,921][root][INFO] - Epoch: 25 | train acc: 0.9631, train loss: 2.55163063, valid acc: 0.9442, valid loss: 0.20194479, test acc: 0.9175, test loss: 0.70121514
[2026-06-25 21:49:08,296][root][INFO] - reg loss: 4.844405714166228, entropy loss: 0.13107597697821874, leaf dev: 0.0981743335723877
[2026-06-25 21:49:08,297][root][INFO] - Val leaf stats: tensor([2.2628e-01, 2.5579e-01, 2.8016e-04, 2.6335e-02, 1.7183e-02, 1.8678e-04,
        1.5409e-02, 3.0818e-03, 3.7355e-04, 5.1457e-02, 2.8185e-01, 3.3620e-02,
        5.4165e-03, 7.7045e-02, 5.0430e-03, 6.5372e-04])
[2026-06-25 21:49:09,868][root][INFO] - Epoch: 25 | train acc: 0.9756, train loss: 4.37182238, valid acc: 0.9599, valid loss: 0.13601960, test acc: 0.9334, test loss: 1.23494183
[2026-06-25 21:49:11,359][root][INFO] - reg loss: 4.286596848220421, entropy loss: 0.12229285688785019, leaf dev: 0.17062999308109283
[2026-06-25 21:49:11,360][root][INFO] - Val leaf stats: tensor([6.8099e-01, 5.9768e-03, 1.4008e-03, 1.2794e-02, 7.0415e-02, 1.2140e-03,
        5.5192e-02, 5.6033e-04, 1.0273e-03, 6.5372e-04, 1.6511e-01, 9.3388e-05,
        1.8678e-03, 1.4008e-03, 5.6033e-04, 7.4710e-04])
[2026-06-25 21:49:14,014][root][INFO] - Epoch: 25 | train acc: 0.9651, train loss: 4.63941622, valid acc: 0.9439, valid loss: 0.19704247, test acc: 0.9154, test loss: 1.26020208
[2026-06-25 21:49:15,592][root][INFO] - reg loss: 4.517952992171837, entropy loss: 0.1164253181408322, leaf dev: 0.08634860813617706
[2026-06-25 21:49:15,594][root][INFO] - Val leaf stats: tensor([2.2936e-01, 2.1012e-02, 1.2075e-01, 1.1207e-03, 7.5084e-02, 1.7604e-01,
        8.4049e-04, 1.1272e-01, 1.7744e-03, 1.8678e-02, 1.8678e-04, 1.2140e-03,
        2.8016e-04, 2.3879e-01, 9.3388e-04, 1.2140e-03])
[2026-06-25 21:49:16,500][root][INFO] - Epoch: 25 | train acc: 0.9790, train loss: 2.38898791, valid acc: 0.9613, valid loss: 0.13829846, test acc: 0.9302, test loss: 0.58839942
[2026-06-25 21:49:16,532][root][INFO] - Epoch: 25 | train acc: 0.9777, train loss: 17.48716966, valid acc: 0.9586, valid loss: 0.15799546, test acc: 0.9262, test loss: 0.95748293
[2026-06-25 21:49:17,417][root][INFO] - Epoch: 25 | train acc: 0.9638, train loss: 8.98157370, valid acc: 0.9483, valid loss: 0.18305715, test acc: 0.9253, test loss: 2.35246635
[2026-06-25 21:49:17,494][root][INFO] - Epoch: 25 | train acc: 0.9595, train loss: 8.71481967, valid acc: 0.9414, valid loss: 0.21123841, test acc: 0.9205, test loss: 0.67749355
[2026-06-25 21:49:18,106][root][INFO] - Epoch: 25 | train acc: 0.9784, train loss: 8.92661905, valid acc: 0.9608, valid loss: 0.14826223, test acc: 0.9327, test loss: 1.69904646
[2026-06-25 21:49:18,142][root][INFO] - reg loss: 4.632961449799715, entropy loss: 0.13592759050704814, leaf dev: 0.12109875679016113
[2026-06-25 21:49:18,143][root][INFO] - Val leaf stats: tensor([4.6218e-01, 1.6642e-01, 2.8016e-04, 1.8678e-02, 3.7355e-04, 2.5215e-03,
        1.0656e-01, 0.0000e+00, 0.0000e+00, 1.2140e-03, 9.5910e-02, 1.4232e-01,
        1.8678e-03, 9.3388e-04, 9.3388e-05, 6.5372e-04])
[2026-06-25 21:49:18,218][root][INFO] - reg loss: 4.351974855655085, entropy loss: 0.11748608170205323, leaf dev: 0.11879993230104446
[2026-06-25 21:49:18,219][root][INFO] - Val leaf stats: tensor([2.7549e-01, 1.8958e-02, 9.7030e-02, 5.6033e-04, 9.4415e-02, 9.4415e-02,
        8.4049e-04, 1.8678e-04, 2.3347e-03, 1.4008e-03, 1.8678e-04, 4.6694e-04,
        0.0000e+00, 4.1315e-01, 4.6694e-04, 9.3388e-05])
[2026-06-25 21:49:18,904][root][INFO] - reg loss: 4.428296167383749, entropy loss: 0.12721283927007956, leaf dev: 0.1251750886440277
[2026-06-25 21:49:18,906][root][INFO] - Val leaf stats: tensor([8.5170e-02, 5.9395e-02, 2.8044e-01, 5.6033e-04, 7.5084e-02, 2.7363e-02,
        0.0000e+00, 1.3074e-03, 1.9612e-03, 2.1479e-03, 5.6033e-04, 8.4049e-04,
        1.8678e-04, 4.4882e-01, 0.0000e+00, 1.6156e-02])
[2026-06-25 21:49:19,037][root][INFO] - reg loss: 4.281008044247905, entropy loss: 0.11669330799548083, leaf dev: 0.1394096165895462
[2026-06-25 21:49:19,038][root][INFO] - Val leaf stats: tensor([2.3917e-01, 2.6335e-02, 1.5876e-03, 3.7355e-04, 1.7043e-01, 0.0000e+00,
        5.6033e-04, 2.0545e-03, 1.4475e-02, 1.7090e-02, 5.1625e-01, 9.3388e-05,
        9.3388e-04, 3.3620e-03, 7.0041e-03, 2.8016e-04])
[2026-06-25 21:49:19,128][root][INFO] - Epoch: 25 | train acc: 0.9518, train loss: 33.48289623, valid acc: 0.9372, valid loss: 0.20978071, test acc: 0.9194, test loss: 0.60846299
[2026-06-25 21:49:19,785][root][INFO] - Epoch: 26 | train acc: 0.9817, train loss: 0.06264642, valid acc: 0.9636, valid loss: 0.13481407, test acc: 0.9325, test loss: 0.62910977
[2026-06-25 21:49:19,843][root][INFO] - reg loss: 4.424215864252161, entropy loss: 0.13891052056557288, leaf dev: 0.11061756312847137
[2026-06-25 21:49:19,844][root][INFO] - Val leaf stats: tensor([3.6804e-01, 6.9387e-02, 2.8390e-02, 1.8678e-04, 8.9839e-02, 2.3618e-01,
        0.0000e+00, 0.0000e+00, 2.9884e-03, 9.3388e-05, 7.4710e-04, 9.3388e-04,
        2.8016e-04, 2.0275e-01, 0.0000e+00, 1.8678e-04])
[2026-06-25 21:49:20,240][root][INFO] - Epoch: 26 | train acc: 0.9820, train loss: 2.41556448, valid acc: 0.9591, valid loss: 0.15317990, test acc: 0.9337, test loss: 0.76665562
[2026-06-25 21:49:20,270][root][INFO] - Epoch: 25 | train acc: 0.9764, train loss: 34.07326417, valid acc: 0.9590, valid loss: 0.15607066, test acc: 0.9218, test loss: 1.21089325
[2026-06-25 21:49:20,750][root][INFO] - reg loss: 4.165032497789494, entropy loss: 0.1395763981909979, leaf dev: 0.14221450686454773
[2026-06-25 21:49:20,751][root][INFO] - Val leaf stats: tensor([5.4623e-01, 3.2126e-02, 2.1012e-01, 0.0000e+00, 7.4710e-02, 1.8678e-04,
        0.0000e+00, 9.3388e-05, 1.7744e-03, 3.0818e-03, 1.0273e-03, 1.3074e-03,
        0.0000e+00, 1.2934e-01, 0.0000e+00, 0.0000e+00])
[2026-06-25 21:49:21,170][root][INFO] - reg loss: 5.51098347971679, entropy loss: 0.22262685134928062, leaf dev: 0.08621706813573837
[2026-06-25 21:49:21,171][root][INFO] - Val leaf stats: tensor([0.3185, 0.0549, 0.1320, 0.0288, 0.0010, 0.0007, 0.0073, 0.0795, 0.0035,
        0.0039, 0.0015, 0.1370, 0.0054, 0.0034, 0.0855, 0.1372])
[2026-06-25 21:49:21,679][root][INFO] - reg loss: 4.705750185345846, entropy loss: 0.11721186777428975, leaf dev: 0.10133552551269531
[2026-06-25 21:49:21,680][root][INFO] - Val leaf stats: tensor([1.8967e-01, 1.0413e-01, 9.9365e-02, 8.4049e-04, 7.6391e-02, 9.1520e-03,
        3.0258e-02, 2.4281e-03, 1.7744e-03, 4.2025e-03, 1.4008e-03, 4.6694e-04,
        9.3388e-05, 3.7860e-01, 3.0818e-03, 9.8151e-02])
[2026-06-25 21:49:21,851][root][INFO] - reg loss: 4.248745226986194, entropy loss: 0.13017854886868643, leaf dev: 0.1275700330734253
[2026-06-25 21:49:21,852][root][INFO] - Val leaf stats: tensor([1.9331e-01, 1.5035e-02, 1.0665e-01, 0.0000e+00, 8.6571e-02, 1.0375e-01,
        1.9612e-03, 1.8678e-04, 7.4710e-04, 2.8016e-04, 1.2140e-03, 4.6694e-04,
        9.3388e-05, 4.8926e-01, 2.8016e-04, 1.8678e-04])
[2026-06-25 21:49:23,179][root][INFO] - Epoch: 26 | train acc: 0.9595, train loss: 16.99198230, valid acc: 0.9426, valid loss: 0.18909866, test acc: 0.9161, test loss: 1.01492677
[2026-06-25 21:49:24,698][root][INFO] - reg loss: 4.211848692919212, entropy loss: 0.12828548993698505, leaf dev: 0.13233767449855804
[2026-06-25 21:49:24,699][root][INFO] - Val leaf stats: tensor([3.7084e-01, 5.3885e-02, 7.4710e-04, 2.8016e-04, 1.7286e-01, 9.3388e-05,
        4.6694e-04, 8.4049e-04, 3.7355e-04, 1.1207e-03, 3.9354e-01, 0.0000e+00,
        3.6421e-03, 7.4710e-04, 4.6694e-04, 9.3388e-05])
[2026-06-25 21:49:26,111][root][INFO] - Epoch: 25 | train acc: 0.9701, train loss: 32.33429571, valid acc: 0.9567, valid loss: 0.15069393, test acc: 0.9331, test loss: 4.65962588
[2026-06-25 21:49:26,707][root][INFO] - Epoch: 26 | train acc: 0.9766, train loss: 8.61914413, valid acc: 0.9579, valid loss: 0.14682720, test acc: 0.9245, test loss: 1.33736759
[2026-06-25 21:49:27,126][root][INFO] - Epoch: 25 | train acc: 0.9592, train loss: 4.59869223, valid acc: 0.9457, valid loss: 0.18442826, test acc: 0.9213, test loss: 1.16820658
[2026-06-25 21:49:27,603][root][INFO] - reg loss: 4.0281281572170355, entropy loss: 0.14887232802532338, leaf dev: 0.22167374193668365
[2026-06-25 21:49:27,604][root][INFO] - Val leaf stats: tensor([8.9083e-01, 0.0000e+00, 3.7355e-04, 9.3388e-05, 7.1909e-02, 0.0000e+00,
        2.8577e-02, 0.0000e+00, 1.3074e-03, 0.0000e+00, 2.8016e-03, 1.8678e-04,
        3.8289e-03, 0.0000e+00, 9.3388e-05, 0.0000e+00])
[2026-06-25 21:49:27,955][root][INFO] - reg loss: 4.268792866399049, entropy loss: 0.11961371625068958, leaf dev: 0.14261028170585632
[2026-06-25 21:49:27,956][root][INFO] - Val leaf stats: tensor([5.4735e-01, 5.0897e-02, 0.0000e+00, 7.0975e-03, 7.1162e-02, 7.4710e-04,
        8.6477e-02, 0.0000e+00, 9.3388e-05, 2.1479e-03, 2.2973e-01, 9.3388e-05,
        2.8016e-03, 0.0000e+00, 1.2140e-03, 1.8678e-04])
[2026-06-25 21:49:28,506][root][INFO] - reg loss: 4.458581021223119, entropy loss: 0.1259815353486273, leaf dev: 0.12601953744888306
[2026-06-25 21:49:28,507][root][INFO] - Val leaf stats: tensor([1.6016e-01, 2.5065e-01, 2.6149e-03, 3.7355e-04, 4.1278e-02, 0.0000e+00,
        1.0273e-03, 2.2413e-03, 7.4710e-03, 2.3347e-03, 4.5284e-01, 0.0000e+00,
        4.2959e-03, 7.3310e-02, 9.3388e-04, 4.6694e-04])
[2026-06-25 21:49:29,401][root][INFO] - Epoch: 25 | train acc: 0.9490, train loss: 17.39107517, valid acc: 0.9311, valid loss: 0.21827597, test acc: 0.9063, test loss: 1.35192411
[2026-06-25 21:49:30,699][root][INFO] - reg loss: 4.306347286890423, entropy loss: 0.1310344616335536, leaf dev: 0.10235989093780518
[2026-06-25 21:49:30,700][root][INFO] - Val leaf stats: tensor([2.5682e-01, 1.7277e-02, 1.4559e-01, 4.6694e-04, 9.3855e-02, 1.7193e-01,
        1.8678e-04, 1.8678e-04, 9.3388e-05, 0.0000e+00, 1.1207e-03, 2.8950e-03,
        3.7355e-04, 3.0631e-01, 2.8016e-04, 2.6149e-03])
[2026-06-25 21:49:31,321][root][INFO] - Epoch: 26 | train acc: 0.9559, train loss: 2.57859434, valid acc: 0.9352, valid loss: 0.23803000, test acc: 0.9140, test loss: 0.75241654
[2026-06-25 21:49:32,887][root][INFO] - reg loss: 4.850510874753276, entropy loss: 0.1287085495928608, leaf dev: 0.10157326608896255
[2026-06-25 21:49:32,888][root][INFO] - Val leaf stats: tensor([1.2355e-01, 1.8043e-01, 1.8678e-04, 1.6997e-02, 1.0553e-02, 1.8678e-04,
        1.3074e-02, 4.2025e-03, 4.6694e-04, 9.2828e-02, 3.8149e-01, 8.9839e-02,
        1.4942e-03, 8.1341e-02, 2.6149e-03, 7.4710e-04])
[2026-06-25 21:49:35,031][root][INFO] - Epoch: 26 | train acc: 0.9765, train loss: 4.35159444, valid acc: 0.9614, valid loss: 0.13634840, test acc: 0.9346, test loss: 1.34764546
[2026-06-25 21:49:36,461][root][INFO] - reg loss: 4.268010104144061, entropy loss: 0.12019565768500484, leaf dev: 0.17299862205982208
[2026-06-25 21:49:36,462][root][INFO] - Val leaf stats: tensor([6.9201e-01, 8.4983e-03, 1.4008e-03, 1.2701e-02, 7.0508e-02, 1.1207e-03,
        4.8375e-02, 4.6694e-04, 1.3074e-03, 6.5372e-04, 1.5811e-01, 9.3388e-05,
        2.0545e-03, 1.5876e-03, 5.6033e-04, 5.6033e-04])
[2026-06-25 21:49:39,445][root][INFO] - Epoch: 26 | train acc: 0.9631, train loss: 4.67507567, valid acc: 0.9474, valid loss: 0.19115984, test acc: 0.9172, test loss: 1.32975441
[2026-06-25 21:49:40,931][root][INFO] - reg loss: 4.547757713883011, entropy loss: 0.11022463775974102, leaf dev: 0.08689866960048676
[2026-06-25 21:49:40,933][root][INFO] - Val leaf stats: tensor([2.3366e-01, 2.1946e-02, 1.3252e-01, 5.6033e-04, 7.4991e-02, 1.6586e-01,
        2.3347e-03, 1.0114e-01, 1.7744e-03, 1.7370e-02, 1.8678e-04, 1.2140e-03,
        3.7355e-04, 2.4384e-01, 9.3388e-04, 1.3074e-03])
[2026-06-25 21:49:42,178][root][INFO] - Epoch: 26 | train acc: 0.9782, train loss: 17.45485357, valid acc: 0.9595, valid loss: 0.16049942, test acc: 0.9239, test loss: 1.00216756
[2026-06-25 21:49:42,990][root][INFO] - Epoch: 26 | train acc: 0.9643, train loss: 8.94139259, valid acc: 0.9483, valid loss: 0.18289201, test acc: 0.9185, test loss: 2.36209341
[2026-06-25 21:49:43,159][root][INFO] - Epoch: 26 | train acc: 0.9805, train loss: 2.38508593, valid acc: 0.9604, valid loss: 0.13976135, test acc: 0.9336, test loss: 0.58794976
[2026-06-25 21:49:43,353][root][INFO] - Epoch: 26 | train acc: 0.9603, train loss: 8.72713978, valid acc: 0.9448, valid loss: 0.19794741, test acc: 0.9229, test loss: 0.75537921
[2026-06-25 21:49:43,599][root][INFO] - reg loss: 4.3442524324649225, entropy loss: 0.11445660731464467, leaf dev: 0.11923737078905106
[2026-06-25 21:49:43,601][root][INFO] - Val leaf stats: tensor([2.6634e-01, 1.9331e-02, 9.3295e-02, 5.6033e-04, 9.5349e-02, 9.8618e-02,
        8.4049e-04, 1.8678e-04, 2.3347e-03, 1.4008e-03, 1.8678e-04, 3.7355e-04,
        0.0000e+00, 4.2062e-01, 4.6694e-04, 9.3388e-05])
[2026-06-25 21:49:44,101][root][INFO] - Epoch: 26 | train acc: 0.9790, train loss: 8.87678481, valid acc: 0.9587, valid loss: 0.15060422, test acc: 0.9312, test loss: 1.72842852
[2026-06-25 21:49:44,357][root][INFO] - reg loss: 4.4089785252929365, entropy loss: 0.1249938269771596, leaf dev: 0.1252717524766922
[2026-06-25 21:49:44,358][root][INFO] - Val leaf stats: tensor([9.2267e-02, 6.1916e-02, 2.7008e-01, 6.5372e-04, 7.4057e-02, 2.5869e-02,
        9.3388e-05, 1.4008e-03, 1.8678e-03, 2.3347e-03, 4.6694e-04, 8.4049e-04,
        1.8678e-04, 4.5415e-01, 0.0000e+00, 1.3821e-02])
[2026-06-25 21:49:44,636][root][INFO] - Epoch: 26 | train acc: 0.9520, train loss: 33.43502456, valid acc: 0.9398, valid loss: 0.20477288, test acc: 0.9158, test loss: 0.63306841
[2026-06-25 21:49:44,711][root][INFO] - reg loss: 4.631096983712817, entropy loss: 0.1345238258283605, leaf dev: 0.12025821208953857
[2026-06-25 21:49:44,712][root][INFO] - Val leaf stats: tensor([4.5966e-01, 1.5717e-01, 2.8016e-04, 2.1106e-02, 2.8016e-04, 2.7083e-03,
        1.0656e-01, 0.0000e+00, 0.0000e+00, 1.6810e-03, 1.0011e-01, 1.4699e-01,
        1.6810e-03, 9.3388e-04, 9.3388e-05, 7.4710e-04])
[2026-06-25 21:49:44,763][root][INFO] - Epoch: 27 | train acc: 0.9822, train loss: 0.05971967, valid acc: 0.9607, valid loss: 0.14376296, test acc: 0.9435, test loss: 0.67830690
[2026-06-25 21:49:45,071][root][INFO] - reg loss: 4.290966137376412, entropy loss: 0.12362300009323807, leaf dev: 0.14059409499168396
[2026-06-25 21:49:45,072][root][INFO] - Val leaf stats: tensor([2.5196e-01, 1.6250e-02, 1.4942e-03, 9.3388e-05, 1.6847e-01, 0.0000e+00,
        5.6033e-04, 2.1479e-03, 1.7837e-02, 1.7090e-02, 5.1597e-01, 9.3388e-05,
        9.3388e-04, 2.5215e-03, 4.4826e-03, 9.3388e-05])
[2026-06-25 21:49:45,337][root][INFO] - Epoch: 27 | train acc: 0.9835, train loss: 2.38974825, valid acc: 0.9601, valid loss: 0.14973857, test acc: 0.9337, test loss: 0.74615961
[2026-06-25 21:49:45,418][root][INFO] - Epoch: 26 | train acc: 0.9758, train loss: 34.07262298, valid acc: 0.9582, valid loss: 0.16460110, test acc: 0.9267, test loss: 1.17273356
[2026-06-25 21:49:45,510][root][INFO] - reg loss: 4.400165873229819, entropy loss: 0.13656987896356634, leaf dev: 0.11225373297929764
[2026-06-25 21:49:45,511][root][INFO] - Val leaf stats: tensor([3.7654e-01, 7.0695e-02, 2.4468e-02, 1.8678e-04, 8.4983e-02, 2.4075e-01,
        0.0000e+00, 0.0000e+00, 2.9884e-03, 0.0000e+00, 7.4710e-04, 8.4049e-04,
        2.8016e-04, 1.9733e-01, 0.0000e+00, 1.8678e-04])
[2026-06-25 21:49:46,265][root][INFO] - reg loss: 4.15919710340954, entropy loss: 0.13709546586193105, leaf dev: 0.14247532188892365
[2026-06-25 21:49:46,266][root][INFO] - Val leaf stats: tensor([5.4819e-01, 3.4834e-02, 2.0900e-01, 0.0000e+00, 7.2749e-02, 1.8678e-04,
        0.0000e+00, 9.3388e-05, 1.7744e-03, 3.1752e-03, 1.0273e-03, 1.4008e-03,
        0.0000e+00, 1.2757e-01, 0.0000e+00, 0.0000e+00])
[2026-06-25 21:49:46,448][root][INFO] - reg loss: 5.4964914372358376, entropy loss: 0.21961398320223288, leaf dev: 0.0890955775976181
[2026-06-25 21:49:46,449][root][INFO] - Val leaf stats: tensor([0.3349, 0.0547, 0.1276, 0.0237, 0.0017, 0.0007, 0.0033, 0.0827, 0.0035,
        0.0037, 0.0014, 0.1240, 0.0056, 0.0036, 0.0910, 0.1378])
[2026-06-25 21:49:47,119][root][INFO] - reg loss: 4.661863662578441, entropy loss: 0.11365198403123826, leaf dev: 0.09964866936206818
[2026-06-25 21:49:47,121][root][INFO] - Val leaf stats: tensor([1.8799e-01, 1.0254e-01, 9.7310e-02, 7.4710e-04, 7.8726e-02, 1.0179e-02,
        3.1005e-02, 2.1479e-03, 1.4942e-03, 4.1091e-03, 1.3074e-03, 4.6694e-04,
        1.8678e-04, 3.6963e-01, 1.6810e-03, 1.1048e-01])
[2026-06-25 21:49:47,270][root][INFO] - reg loss: 4.248368876320975, entropy loss: 0.12761790904576187, leaf dev: 0.13072967529296875
[2026-06-25 21:49:47,271][root][INFO] - Val leaf stats: tensor([2.3758e-01, 1.7650e-02, 1.1048e-01, 0.0000e+00, 8.3769e-02, 5.5099e-02,
        2.0545e-03, 2.8016e-04, 7.4710e-04, 2.8016e-04, 1.2140e-03, 4.6694e-04,
        9.3388e-05, 4.8973e-01, 3.7355e-04, 1.8678e-04])
[2026-06-25 21:49:48,589][root][INFO] - Epoch: 27 | train acc: 0.9594, train loss: 17.10216308, valid acc: 0.9441, valid loss: 0.19992795, test acc: 0.9201, test loss: 0.96350300
[2026-06-25 21:49:49,986][root][INFO] - reg loss: 4.239816138353297, entropy loss: 0.12882724526540312, leaf dev: 0.13214991986751556
[2026-06-25 21:49:49,987][root][INFO] - Val leaf stats: tensor([3.4936e-01, 5.4632e-02, 7.4710e-04, 2.8016e-04, 1.7697e-01, 9.3388e-05,
        5.6033e-04, 8.4049e-04, 6.5372e-04, 4.6694e-04, 4.0997e-01, 9.3388e-05,
        3.5487e-03, 7.4710e-04, 9.3388e-04, 9.3388e-05])
[2026-06-25 21:49:51,248][root][INFO] - Epoch: 27 | train acc: 0.9768, train loss: 8.60537973, valid acc: 0.9581, valid loss: 0.14617301, test acc: 0.9251, test loss: 1.79344699
[2026-06-25 21:49:51,575][root][INFO] - Epoch: 26 | train acc: 0.9704, train loss: 32.32978728, valid acc: 0.9591, valid loss: 0.15058375, test acc: 0.9348, test loss: 4.36796501
[2026-06-25 21:49:51,806][root][INFO] - Epoch: 26 | train acc: 0.9598, train loss: 4.58843604, valid acc: 0.9480, valid loss: 0.17797777, test acc: 0.9197, test loss: 0.81812928
[2026-06-25 21:49:52,603][root][INFO] - reg loss: 4.26243617799547, entropy loss: 0.11813779273834178, leaf dev: 0.14368180930614471
[2026-06-25 21:49:52,604][root][INFO] - Val leaf stats: tensor([5.5482e-01, 4.9963e-02, 9.3388e-05, 7.2843e-03, 7.0975e-02, 8.4049e-04,
        8.8532e-02, 0.0000e+00, 9.3388e-05, 1.8678e-03, 2.2114e-01, 9.3388e-05,
        2.8950e-03, 0.0000e+00, 1.2140e-03, 1.8678e-04])
[2026-06-25 21:49:52,900][root][INFO] - reg loss: 4.027628742197834, entropy loss: 0.1470726891642525, leaf dev: 0.22159288823604584
[2026-06-25 21:49:52,901][root][INFO] - Val leaf stats: tensor([8.9055e-01, 0.0000e+00, 9.3388e-04, 9.3388e-05, 7.1815e-02, 0.0000e+00,
        2.8110e-02, 0.0000e+00, 1.6810e-03, 0.0000e+00, 2.7083e-03, 1.8678e-04,
        3.8289e-03, 0.0000e+00, 9.3388e-05, 0.0000e+00])
[2026-06-25 21:49:53,230][root][INFO] - reg loss: 4.452163204314217, entropy loss: 0.12418861253551705, leaf dev: 0.12105262279510498
[2026-06-25 21:49:53,231][root][INFO] - Val leaf stats: tensor([1.8145e-01, 2.5290e-01, 2.9884e-03, 3.7355e-04, 4.5667e-02, 0.0000e+00,
        1.2140e-03, 1.9612e-03, 7.6578e-03, 2.4281e-03, 4.2127e-01, 9.3388e-05,
        4.8562e-03, 7.5925e-02, 7.4710e-04, 4.6694e-04])
[2026-06-25 21:49:53,784][root][INFO] - Epoch: 26 | train acc: 0.9516, train loss: 17.38668599, valid acc: 0.9363, valid loss: 0.20396699, test acc: 0.9059, test loss: 1.00017054
[2026-06-25 21:49:55,185][root][INFO] - reg loss: 4.307353753892202, entropy loss: 0.12844253993696636, leaf dev: 0.10172110050916672
[2026-06-25 21:49:55,186][root][INFO] - Val leaf stats: tensor([2.7699e-01, 1.8024e-02, 1.4419e-01, 4.6694e-04, 9.4229e-02, 1.7818e-01,
        9.3388e-05, 0.0000e+00, 9.3388e-05, 0.0000e+00, 1.1207e-03, 3.0818e-03,
        1.8678e-04, 2.8147e-01, 2.8016e-04, 1.5876e-03])
[2026-06-25 21:49:55,592][root][INFO] - Epoch: 27 | train acc: 0.9514, train loss: 2.50574829, valid acc: 0.9459, valid loss: 0.19347567, test acc: 0.9224, test loss: 0.75130085
[2026-06-25 21:49:57,153][root][INFO] - reg loss: 4.683993226005917, entropy loss: 0.12258634538877577, leaf dev: 0.09640313684940338
[2026-06-25 21:49:57,154][root][INFO] - Val leaf stats: tensor([1.3326e-01, 2.0237e-01, 1.8678e-04, 1.7277e-02, 1.0740e-02, 1.8678e-04,
        1.3915e-02, 4.0157e-03, 8.4049e-04, 8.8812e-02, 3.4442e-01, 9.8618e-02,
        2.1479e-03, 7.9473e-02, 2.9884e-03, 7.4710e-04])
[2026-06-25 21:49:59,505][root][INFO] - Epoch: 27 | train acc: 0.9766, train loss: 4.33766447, valid acc: 0.9594, valid loss: 0.13696574, test acc: 0.9331, test loss: 1.36553405
[2026-06-25 21:50:00,895][root][INFO] - reg loss: 4.255216209976761, entropy loss: 0.11752252797128032, leaf dev: 0.17602886259555817
[2026-06-25 21:50:00,896][root][INFO] - Val leaf stats: tensor([7.0704e-01, 8.2182e-03, 1.5876e-03, 1.3168e-02, 7.0508e-02, 1.0273e-03,
        5.1644e-02, 5.6033e-04, 1.2140e-03, 6.5372e-04, 1.3962e-01, 9.3388e-05,
        2.1479e-03, 1.4008e-03, 4.6694e-04, 6.5372e-04])
[2026-06-25 21:50:04,016][root][INFO] - Epoch: 27 | train acc: 0.9663, train loss: 4.64861387, valid acc: 0.9486, valid loss: 0.18781721, test acc: 0.9156, test loss: 1.40412672
[2026-06-25 21:50:05,740][root][INFO] - reg loss: 4.53218563271578, entropy loss: 0.10745434313224106, leaf dev: 0.08632776886224747
[2026-06-25 21:50:05,742][root][INFO] - Val leaf stats: tensor([2.2852e-01, 2.4281e-02, 1.2430e-01, 1.9612e-03, 7.6485e-02, 1.6959e-01,
        2.0545e-03, 1.0198e-01, 1.7744e-03, 1.8771e-02, 1.8678e-04, 1.1207e-03,
        3.7355e-04, 2.4626e-01, 9.3388e-04, 1.4008e-03])
[2026-06-25 21:50:07,908][root][INFO] - Epoch: 27 | train acc: 0.9788, train loss: 17.41179425, valid acc: 0.9594, valid loss: 0.15660635, test acc: 0.9265, test loss: 1.05234074
[2026-06-25 21:50:08,121][root][INFO] - Epoch: 27 | train acc: 0.9639, train loss: 8.95036000, valid acc: 0.9485, valid loss: 0.18227796, test acc: 0.9214, test loss: 2.11718570
[2026-06-25 21:50:08,995][root][INFO] - Epoch: 27 | train acc: 0.9811, train loss: 2.37758453, valid acc: 0.9616, valid loss: 0.14211983, test acc: 0.9326, test loss: 0.60139550
[2026-06-25 21:50:09,209][root][INFO] - Epoch: 27 | train acc: 0.9598, train loss: 8.72129487, valid acc: 0.9442, valid loss: 0.19702783, test acc: 0.9222, test loss: 0.75814784
[2026-06-25 21:50:09,547][root][INFO] - reg loss: 4.412202872927227, entropy loss: 0.12258690934647959, leaf dev: 0.1261299103498459
[2026-06-25 21:50:09,548][root][INFO] - Val leaf stats: tensor([8.2742e-02, 5.9301e-02, 2.7680e-01, 6.5372e-04, 7.3777e-02, 2.6429e-02,
        9.3388e-05, 1.4942e-03, 1.8678e-03, 2.2413e-03, 4.6694e-04, 8.4049e-04,
        1.8678e-04, 4.5573e-01, 0.0000e+00, 1.7370e-02])
[2026-06-25 21:50:09,581][root][INFO] - reg loss: 4.3341845128902055, entropy loss: 0.11215172483334465, leaf dev: 0.11910975724458694
[2026-06-25 21:50:09,582][root][INFO] - Val leaf stats: tensor([2.6504e-01, 1.9612e-02, 9.5443e-02, 5.6033e-04, 9.5536e-02, 9.7124e-02,
        8.4049e-04, 1.8678e-04, 2.4281e-03, 1.4008e-03, 1.8678e-04, 3.7355e-04,
        0.0000e+00, 4.2071e-01, 4.6694e-04, 9.3388e-05])
[2026-06-25 21:50:09,588][root][INFO] - Epoch: 27 | train acc: 0.9790, train loss: 8.83415458, valid acc: 0.9605, valid loss: 0.14953080, test acc: 0.9319, test loss: 1.78839766
[2026-06-25 21:50:10,015][root][INFO] - Epoch: 28 | train acc: 0.9829, train loss: 0.05801246, valid acc: 0.9617, valid loss: 0.13964861, test acc: 0.9468, test loss: 0.69253128
[2026-06-25 21:50:10,139][root][INFO] - Epoch: 27 | train acc: 0.9523, train loss: 33.37363109, valid acc: 0.9386, valid loss: 0.20392598, test acc: 0.9164, test loss: 0.62466785
[2026-06-25 21:50:10,433][root][INFO] - reg loss: 4.621856497709082, entropy loss: 0.13267436686647002, leaf dev: 0.11722911149263382
[2026-06-25 21:50:10,434][root][INFO] - Val leaf stats: tensor([4.4210e-01, 1.7034e-01, 3.7355e-04, 2.1479e-02, 1.8678e-04, 2.7083e-03,
        1.0572e-01, 0.0000e+00, 0.0000e+00, 1.9612e-03, 1.0525e-01, 1.4643e-01,
        1.6810e-03, 9.3388e-04, 9.3388e-05, 7.4710e-04])
[2026-06-25 21:50:10,628][root][INFO] - Epoch: 27 | train acc: 0.9749, train loss: 34.03498959, valid acc: 0.9573, valid loss: 0.16060438, test acc: 0.9271, test loss: 1.17830992
[2026-06-25 21:50:10,822][root][INFO] - reg loss: 4.288389723136942, entropy loss: 0.12153811815869871, leaf dev: 0.1392265260219574
[2026-06-25 21:50:10,823][root][INFO] - Val leaf stats: tensor([2.6298e-01, 1.1207e-02, 1.4008e-03, 9.3388e-05, 1.5848e-01, 0.0000e+00,
        6.5372e-04, 2.3347e-03, 2.5215e-02, 2.1759e-02, 5.0766e-01, 1.8678e-04,
        9.3388e-04, 2.8016e-03, 4.2025e-03, 9.3388e-05])
[2026-06-25 21:50:11,058][root][INFO] - Epoch: 28 | train acc: 0.9789, train loss: 2.40817190, valid acc: 0.9543, valid loss: 0.16473927, test acc: 0.9251, test loss: 0.67597734
[2026-06-25 21:50:11,190][root][INFO] - reg loss: 4.378566641025443, entropy loss: 0.1345054253383919, leaf dev: 0.11149220168590546
[2026-06-25 21:50:11,191][root][INFO] - Val leaf stats: tensor([3.7430e-01, 7.2282e-02, 2.4188e-02, 1.8678e-04, 8.8345e-02, 2.3076e-01,
        0.0000e+00, 0.0000e+00, 2.9884e-03, 0.0000e+00, 7.4710e-04, 8.4049e-04,
        2.8016e-04, 2.0489e-01, 0.0000e+00, 1.8678e-04])
[2026-06-25 21:50:11,702][root][INFO] - reg loss: 5.468780752212282, entropy loss: 0.22123726492836363, leaf dev: 0.08787524700164795
[2026-06-25 21:50:11,703][root][INFO] - Val leaf stats: tensor([0.3298, 0.0468, 0.1387, 0.0343, 0.0016, 0.0014, 0.0033, 0.0776, 0.0036,
        0.0034, 0.0015, 0.1189, 0.0083, 0.0057, 0.0869, 0.1384])
[2026-06-25 21:50:11,752][root][INFO] - reg loss: 4.151640238585295, entropy loss: 0.1360692545850441, leaf dev: 0.14074695110321045
[2026-06-25 21:50:11,753][root][INFO] - Val leaf stats: tensor([5.3530e-01, 3.2312e-02, 2.2469e-01, 0.0000e+00, 7.2656e-02, 1.8678e-04,
        0.0000e+00, 9.3388e-05, 1.5876e-03, 3.1752e-03, 1.0273e-03, 1.4008e-03,
        0.0000e+00, 1.2757e-01, 0.0000e+00, 0.0000e+00])
[2026-06-25 21:50:12,344][root][INFO] - reg loss: 4.243549907018268, entropy loss: 0.12518916373688077, leaf dev: 0.1307411640882492
[2026-06-25 21:50:12,345][root][INFO] - Val leaf stats: tensor([2.3160e-01, 1.7090e-02, 1.0142e-01, 0.0000e+00, 8.5263e-02, 6.6025e-02,
        2.0545e-03, 1.8678e-04, 7.4710e-04, 2.8016e-04, 1.3074e-03, 4.6694e-04,
        9.3388e-05, 4.9300e-01, 2.8016e-04, 1.8678e-04])
[2026-06-25 21:50:12,780][root][INFO] - Epoch: 28 | train acc: 0.9603, train loss: 16.96325822, valid acc: 0.9452, valid loss: 0.19853117, test acc: 0.9330, test loss: 0.85649640
[2026-06-25 21:50:12,820][root][INFO] - reg loss: 4.67161659462742, entropy loss: 0.11066578099967311, leaf dev: 0.09591113775968552
[2026-06-25 21:50:12,821][root][INFO] - Val leaf stats: tensor([3.2901e-01, 1.3467e-01, 9.6003e-02, 6.5372e-04, 7.4057e-02, 1.3448e-02,
        3.3713e-02, 7.4710e-04, 4.2025e-03, 7.6578e-03, 7.4710e-04, 6.5372e-04,
        2.8016e-04, 2.2973e-01, 2.1479e-03, 7.2282e-02])
[2026-06-25 21:50:14,425][root][INFO] - reg loss: 4.206124482331453, entropy loss: 0.12677602718273798, leaf dev: 0.13141678273677826
[2026-06-25 21:50:14,426][root][INFO] - Val leaf stats: tensor([3.6898e-01, 5.8368e-02, 7.4710e-04, 3.7355e-04, 1.7333e-01, 9.3388e-05,
        4.6694e-04, 8.4049e-04, 8.4049e-04, 7.4710e-04, 3.8980e-01, 1.8678e-04,
        3.5487e-03, 7.4710e-04, 8.4049e-04, 9.3388e-05])
[2026-06-25 21:50:15,970][root][INFO] - Epoch: 28 | train acc: 0.9772, train loss: 8.60771704, valid acc: 0.9586, valid loss: 0.14939708, test acc: 0.9265, test loss: 1.84413827
[2026-06-25 21:50:17,116][root][INFO] - Epoch: 27 | train acc: 0.9706, train loss: 32.32730060, valid acc: 0.9601, valid loss: 0.15179757, test acc: 0.9346, test loss: 4.31985723
[2026-06-25 21:50:17,316][root][INFO] - reg loss: 4.2639397843174205, entropy loss: 0.11711967866572123, leaf dev: 0.13797684013843536
[2026-06-25 21:50:17,317][root][INFO] - Val leaf stats: tensor([5.3287e-01, 8.2555e-02, 0.0000e+00, 7.3777e-03, 7.1068e-02, 7.4710e-04,
        8.8252e-02, 0.0000e+00, 9.3388e-05, 2.0545e-03, 2.1068e-01, 9.3388e-05,
        2.8950e-03, 0.0000e+00, 1.1207e-03, 1.8678e-04])
[2026-06-25 21:50:17,361][root][INFO] - Epoch: 27 | train acc: 0.9610, train loss: 4.56779747, valid acc: 0.9471, valid loss: 0.17677047, test acc: 0.9230, test loss: 1.31331662
[2026-06-25 21:50:18,347][root][INFO] - Epoch: 27 | train acc: 0.9552, train loss: 17.27477507, valid acc: 0.9360, valid loss: 0.20452660, test acc: 0.8984, test loss: 1.07564985
[2026-06-25 21:50:18,740][root][INFO] - reg loss: 4.027484202511096, entropy loss: 0.14539143608676064, leaf dev: 0.2210434228181839
[2026-06-25 21:50:18,741][root][INFO] - Val leaf stats: tensor([8.8840e-01, 0.0000e+00, 9.3388e-04, 0.0000e+00, 7.2376e-02, 0.0000e+00,
        2.9697e-02, 0.0000e+00, 1.7744e-03, 0.0000e+00, 2.7083e-03, 1.8678e-04,
        3.8289e-03, 0.0000e+00, 9.3388e-05, 0.0000e+00])
[2026-06-25 21:50:18,915][root][INFO] - reg loss: 4.43541795236093, entropy loss: 0.12491146404118765, leaf dev: 0.12810179591178894
[2026-06-25 21:50:18,916][root][INFO] - Val leaf stats: tensor([1.4923e-01, 2.4776e-01, 4.2025e-03, 4.6694e-04, 3.5021e-02, 0.0000e+00,
        1.4008e-03, 2.6149e-03, 8.1248e-03, 3.1752e-03, 4.6694e-01, 1.8678e-04,
        4.7628e-03, 7.4897e-02, 7.4710e-04, 4.6694e-04])
[2026-06-25 21:50:19,863][root][INFO] - reg loss: 4.281498462434799, entropy loss: 0.11760901277342801, leaf dev: 0.10133673250675201
[2026-06-25 21:50:19,864][root][INFO] - Val leaf stats: tensor([2.8175e-01, 1.9145e-02, 1.4466e-01, 5.6033e-04, 9.4509e-02, 1.8043e-01,
        1.8678e-04, 0.0000e+00, 9.3388e-05, 0.0000e+00, 1.1207e-03, 3.1752e-03,
        1.8678e-04, 2.7269e-01, 2.8016e-04, 1.2140e-03])
[2026-06-25 21:50:20,432][root][INFO] - Epoch: 28 | train acc: 0.9594, train loss: 2.48265076, valid acc: 0.9526, valid loss: 0.17852950, test acc: 0.9215, test loss: 0.73658677
[2026-06-25 21:50:22,081][root][INFO] - reg loss: 4.688298977241314, entropy loss: 0.12110314940018628, leaf dev: 0.09401196986436844
[2026-06-25 21:50:22,082][root][INFO] - Val leaf stats: tensor([1.5278e-01, 1.9873e-01, 2.8016e-04, 1.9705e-02, 1.2140e-02, 9.3388e-05,
        1.4475e-02, 4.0157e-03, 6.5372e-04, 9.1427e-02, 3.2975e-01, 8.7131e-02,
        2.3347e-03, 8.2275e-02, 3.5487e-03, 6.5372e-04])
[2026-06-25 21:50:24,493][root][INFO] - Epoch: 28 | train acc: 0.9768, train loss: 4.33144576, valid acc: 0.9597, valid loss: 0.14327169, test acc: 0.9348, test loss: 1.36709265
[2026-06-25 21:50:25,887][root][INFO] - reg loss: 4.2505091939653665, entropy loss: 0.11526141122535423, leaf dev: 0.17092940211296082
[2026-06-25 21:50:25,888][root][INFO] - Val leaf stats: tensor([6.8416e-01, 5.6967e-03, 1.4942e-03, 1.3168e-02, 7.0508e-02, 1.0273e-03,
        6.4158e-02, 4.6694e-04, 1.0273e-03, 7.4710e-04, 1.5288e-01, 9.3388e-05,
        1.9612e-03, 1.3074e-03, 5.6033e-04, 7.4710e-04])
[2026-06-25 21:50:28,854][root][INFO] - Epoch: 28 | train acc: 0.9648, train loss: 4.67511261, valid acc: 0.9497, valid loss: 0.18687903, test acc: 0.9179, test loss: 1.50629120
[2026-06-25 21:50:30,289][root][INFO] - reg loss: 4.554112429341311, entropy loss: 0.10365145984623167, leaf dev: 0.086857371032238
[2026-06-25 21:50:30,291][root][INFO] - Val leaf stats: tensor([2.2917e-01, 2.4374e-02, 1.3233e-01, 1.5876e-03, 7.6952e-02, 1.5185e-01,
        3.0818e-03, 1.0375e-01, 1.7744e-03, 1.4942e-02, 9.3388e-05, 1.1207e-03,
        1.4942e-03, 2.5504e-01, 1.0273e-03, 1.4008e-03])
[2026-06-25 21:50:33,222][root][INFO] - Epoch: 28 | train acc: 0.9787, train loss: 17.38528625, valid acc: 0.9594, valid loss: 0.16028304, test acc: 0.9219, test loss: 1.11849741
[2026-06-25 21:50:33,705][root][INFO] - Epoch: 28 | train acc: 0.9618, train loss: 8.97580652, valid acc: 0.9464, valid loss: 0.17509152, test acc: 0.9214, test loss: 1.58591834
[2026-06-25 21:50:34,354][root][INFO] - Epoch: 28 | train acc: 0.9817, train loss: 2.37412276, valid acc: 0.9580, valid loss: 0.14898456, test acc: 0.9321, test loss: 0.63643965
[2026-06-25 21:50:34,532][root][INFO] - reg loss: 4.327739213509535, entropy loss: 0.11034732690406224, leaf dev: 0.11864198744297028
[2026-06-25 21:50:34,533][root][INFO] - Val leaf stats: tensor([2.5766e-01, 1.7837e-02, 1.0459e-01, 5.6033e-04, 9.5629e-02, 9.6377e-02,
        8.4049e-04, 1.8678e-04, 2.4281e-03, 1.4008e-03, 1.8678e-04, 3.7355e-04,
        0.0000e+00, 4.2137e-01, 4.6694e-04, 9.3388e-05])
[2026-06-25 21:50:34,742][root][INFO] - Epoch: 28 | train acc: 0.9795, train loss: 8.81551678, valid acc: 0.9589, valid loss: 0.15084681, test acc: 0.9290, test loss: 1.83763364
[2026-06-25 21:50:35,147][root][INFO] - Epoch: 28 | train acc: 0.9613, train loss: 8.68858633, valid acc: 0.9474, valid loss: 0.18811385, test acc: 0.9232, test loss: 0.78442384
[2026-06-25 21:50:35,279][root][INFO] - reg loss: 4.41579479136795, entropy loss: 0.12135173900732918, leaf dev: 0.1263047754764557
[2026-06-25 21:50:35,281][root][INFO] - Val leaf stats: tensor([7.8166e-02, 5.7994e-02, 2.8343e-01, 6.5372e-04, 7.3963e-02, 2.4841e-02,
        9.3388e-05, 1.4008e-03, 1.8678e-03, 2.6149e-03, 4.6694e-04, 8.4049e-04,
        1.8678e-04, 4.5349e-01, 6.1636e-03, 1.3821e-02])
[2026-06-25 21:50:35,618][root][INFO] - Epoch: 28 | train acc: 0.9530, train loss: 33.30482093, valid acc: 0.9393, valid loss: 0.20401387, test acc: 0.9178, test loss: 0.59020503
[2026-06-25 21:50:35,868][root][INFO] - Epoch: 29 | train acc: 0.9807, train loss: 0.06596450, valid acc: 0.9624, valid loss: 0.13978644, test acc: 0.9439, test loss: 0.70748650
[2026-06-25 21:50:35,875][root][INFO] - reg loss: 4.617585431961786, entropy loss: 0.13072674149874025, leaf dev: 0.11362562328577042
[2026-06-25 21:50:35,876][root][INFO] - Val leaf stats: tensor([4.1679e-01, 1.9658e-01, 3.7355e-04, 2.2880e-02, 1.8678e-04, 2.6149e-03,
        1.0534e-01, 0.0000e+00, 0.0000e+00, 1.6810e-03, 1.0422e-01, 1.4597e-01,
        1.6810e-03, 9.3388e-04, 9.3388e-05, 6.5372e-04])
[2026-06-25 21:50:35,970][root][INFO] - Epoch: 28 | train acc: 0.9762, train loss: 33.93894781, valid acc: 0.9558, valid loss: 0.15950352, test acc: 0.9244, test loss: 1.18865948
[2026-06-25 21:50:36,164][root][INFO] - reg loss: 4.3709050461098, entropy loss: 0.13334997826152378, leaf dev: 0.11181695014238358
[2026-06-25 21:50:36,165][root][INFO] - Val leaf stats: tensor([3.8224e-01, 7.4991e-02, 2.4841e-02, 1.8678e-04, 8.9186e-02, 2.1685e-01,
        0.0000e+00, 0.0000e+00, 3.0818e-03, 0.0000e+00, 6.5372e-04, 8.4049e-04,
        2.8016e-04, 2.0667e-01, 0.0000e+00, 1.8678e-04])
[2026-06-25 21:50:36,212][root][INFO] - Epoch: 29 | train acc: 0.9768, train loss: 2.43270210, valid acc: 0.9572, valid loss: 0.16205091, test acc: 0.9239, test loss: 0.74969071
[2026-06-25 21:50:36,702][root][INFO] - reg loss: 4.275311174846831, entropy loss: 0.11709522491409666, leaf dev: 0.14215153455734253
[2026-06-25 21:50:36,703][root][INFO] - Val leaf stats: tensor([2.6429e-01, 9.3388e-03, 1.4008e-03, 9.3388e-05, 1.6427e-01, 0.0000e+00,
        4.6694e-04, 2.2413e-03, 1.5222e-02, 1.6156e-02, 5.1784e-01, 1.8678e-04,
        9.3388e-04, 2.8016e-03, 4.6694e-03, 9.3388e-05])
[2026-06-25 21:50:37,102][root][INFO] - reg loss: 4.143248078684327, entropy loss: 0.13505515369473312, leaf dev: 0.14155131578445435
[2026-06-25 21:50:37,103][root][INFO] - Val leaf stats: tensor([5.4184e-01, 3.3059e-02, 2.1498e-01, 9.3388e-05, 7.2376e-02, 1.8678e-04,
        0.0000e+00, 9.3388e-05, 1.6810e-03, 3.3620e-03, 1.0273e-03, 1.3074e-03,
        0.0000e+00, 1.3000e-01, 0.0000e+00, 0.0000e+00])
[2026-06-25 21:50:37,518][root][INFO] - reg loss: 5.484700904321418, entropy loss: 0.216111966384151, leaf dev: 0.07920965552330017
[2026-06-25 21:50:37,518][root][INFO] - Val leaf stats: tensor([0.2869, 0.0483, 0.1478, 0.0603, 0.0012, 0.0011, 0.0032, 0.0791, 0.0038,
        0.0029, 0.0015, 0.1093, 0.0169, 0.0060, 0.0925, 0.1391])
[2026-06-25 21:50:37,804][root][INFO] - reg loss: 4.232011893438915, entropy loss: 0.12324830601928095, leaf dev: 0.12987865507602692
[2026-06-25 21:50:37,805][root][INFO] - Val leaf stats: tensor([2.2068e-01, 1.6903e-02, 1.0114e-01, 0.0000e+00, 8.6010e-02, 7.6578e-02,
        2.0545e-03, 1.8678e-04, 6.5372e-04, 2.8016e-04, 1.4008e-03, 5.6033e-04,
        9.3388e-05, 4.9300e-01, 2.8016e-04, 1.8678e-04])
[2026-06-25 21:50:37,915][root][INFO] - Epoch: 29 | train acc: 0.9608, train loss: 16.88439203, valid acc: 0.9452, valid loss: 0.18532681, test acc: 0.9183, test loss: 0.94103131
[2026-06-25 21:50:38,107][root][INFO] - reg loss: 4.704733666919527, entropy loss: 0.10778377055333405, leaf dev: 0.0939905196428299
[2026-06-25 21:50:38,109][root][INFO] - Val leaf stats: tensor([3.2051e-01, 1.3168e-01, 1.0151e-01, 7.4710e-04, 7.7512e-02, 1.2140e-02,
        3.1378e-02, 1.2140e-03, 3.4554e-03, 8.1248e-03, 5.6033e-04, 4.6694e-04,
        2.8016e-04, 2.2544e-01, 3.8289e-03, 8.1154e-02])
[2026-06-25 21:50:39,615][root][INFO] - reg loss: 4.186807481069414, entropy loss: 0.12401702069731617, leaf dev: 0.13303065299987793
[2026-06-25 21:50:39,616][root][INFO] - Val leaf stats: tensor([3.7486e-01, 4.8282e-02, 7.4710e-04, 5.6033e-04, 1.7277e-01, 9.3388e-05,
        4.6694e-04, 8.4049e-04, 9.3388e-04, 1.3074e-03, 3.9400e-01, 1.8678e-04,
        3.5487e-03, 6.5372e-04, 6.5372e-04, 9.3388e-05])
[2026-06-25 21:50:40,649][root][INFO] - Epoch: 29 | train acc: 0.9776, train loss: 8.60093243, valid acc: 0.9589, valid loss: 0.15001420, test acc: 0.9286, test loss: 1.95635725
[2026-06-25 21:50:42,039][root][INFO] - reg loss: 4.261557061836203, entropy loss: 0.11588423316756254, leaf dev: 0.14304736256599426
[2026-06-25 21:50:42,040][root][INFO] - Val leaf stats: tensor([5.5398e-01, 5.7060e-02, 9.3388e-05, 7.3777e-03, 7.1068e-02, 7.4710e-04,
        8.7598e-02, 0.0000e+00, 9.3388e-05, 2.2413e-03, 2.1563e-01, 0.0000e+00,
        2.6149e-03, 0.0000e+00, 1.3074e-03, 1.8678e-04])
[2026-06-25 21:50:42,619][root][INFO] - Epoch: 28 | train acc: 0.9599, train loss: 4.57555568, valid acc: 0.9463, valid loss: 0.18584447, test acc: 0.9199, test loss: 2.88181052
[2026-06-25 21:50:42,866][root][INFO] - Epoch: 28 | train acc: 0.9711, train loss: 32.32442232, valid acc: 0.9607, valid loss: 0.14974469, test acc: 0.9363, test loss: 4.24767632
[2026-06-25 21:50:43,900][root][INFO] - Epoch: 28 | train acc: 0.9566, train loss: 17.23665721, valid acc: 0.9379, valid loss: 0.20529994, test acc: 0.8997, test loss: 1.10761923
[2026-06-25 21:50:43,954][root][INFO] - reg loss: 4.437117917197091, entropy loss: 0.12327762168866617, leaf dev: 0.11639391630887985
[2026-06-25 21:50:43,955][root][INFO] - Val leaf stats: tensor([2.6307e-01, 2.4234e-01, 4.4826e-03, 5.6033e-04, 2.7736e-02, 0.0000e+00,
        1.3074e-03, 1.4942e-03, 9.2454e-03, 4.2959e-03, 3.6207e-01, 1.8678e-04,
        5.8835e-03, 7.5831e-02, 8.4049e-04, 6.5372e-04])
[2026-06-25 21:50:44,166][root][INFO] - reg loss: 4.0270968215175404, entropy loss: 0.14423849003970937, leaf dev: 0.2213321328163147
[2026-06-25 21:50:44,167][root][INFO] - Val leaf stats: tensor([8.8952e-01, 0.0000e+00, 4.6694e-04, 9.3388e-05, 7.2002e-02, 0.0000e+00,
        2.9324e-02, 0.0000e+00, 1.7744e-03, 0.0000e+00, 2.7083e-03, 1.8678e-04,
        3.8289e-03, 0.0000e+00, 9.3388e-05, 0.0000e+00])
[2026-06-25 21:50:44,753][root][INFO] - Epoch: 29 | train acc: 0.9645, train loss: 2.48123822, valid acc: 0.9555, valid loss: 0.16589123, test acc: 0.9221, test loss: 0.73436718
[2026-06-25 21:50:45,531][root][INFO] - reg loss: 4.273057574317569, entropy loss: 0.11678378283977509, leaf dev: 0.10114578902721405
[2026-06-25 21:50:45,532][root][INFO] - Val leaf stats: tensor([2.8222e-01, 1.9518e-02, 1.4737e-01, 6.5372e-04, 9.4789e-02, 1.7865e-01,
        1.8678e-04, 0.0000e+00, 9.3388e-05, 0.0000e+00, 1.1207e-03, 3.3620e-03,
        9.3388e-05, 2.7073e-01, 0.0000e+00, 1.2140e-03])
[2026-06-25 21:50:46,335][root][INFO] - reg loss: 4.714182654385844, entropy loss: 0.12084824446017149, leaf dev: 0.09380382299423218
[2026-06-25 21:50:46,336][root][INFO] - Val leaf stats: tensor([1.4400e-01, 2.1339e-01, 4.6694e-04, 1.9331e-02, 1.4195e-02, 1.8678e-04,
        1.5969e-02, 3.9223e-03, 6.5372e-04, 8.6851e-02, 3.2471e-01, 8.3582e-02,
        2.3347e-03, 8.5917e-02, 3.7355e-03, 7.4710e-04])
[2026-06-25 21:50:48,615][root][INFO] - Epoch: 29 | train acc: 0.9774, train loss: 4.31651658, valid acc: 0.9604, valid loss: 0.13698274, test acc: 0.9355, test loss: 1.38380991
[2026-06-25 21:50:50,038][root][INFO] - reg loss: 4.237325098148729, entropy loss: 0.1133853739137372, leaf dev: 0.17429718375205994
[2026-06-25 21:50:50,039][root][INFO] - Val leaf stats: tensor([6.9761e-01, 7.9380e-03, 1.4942e-03, 1.4102e-02, 7.0228e-02, 1.1207e-03,
        4.4453e-02, 4.6694e-04, 1.0273e-03, 7.4710e-04, 1.5605e-01, 9.3388e-05,
        1.9612e-03, 1.4008e-03, 5.6033e-04, 7.4710e-04])
[2026-06-25 21:50:53,117][root][INFO] - Epoch: 29 | train acc: 0.9668, train loss: 4.65786346, valid acc: 0.9517, valid loss: 0.18212616, test acc: 0.9173, test loss: 1.62161910
[2026-06-25 21:50:54,604][root][INFO] - reg loss: 4.543206840595871, entropy loss: 0.10208215891684173, leaf dev: 0.08575180172920227
[2026-06-25 21:50:54,605][root][INFO] - Val leaf stats: tensor([2.1843e-01, 2.6429e-02, 1.3691e-01, 1.0273e-03, 7.6765e-02, 1.5017e-01,
        2.8016e-03, 1.0814e-01, 1.7744e-03, 1.7277e-02, 9.3388e-05, 1.2140e-03,
        1.3074e-03, 2.5532e-01, 9.3388e-04, 1.4008e-03])
[2026-06-25 21:50:58,581][root][INFO] - Epoch: 29 | train acc: 0.9792, train loss: 17.35628339, valid acc: 0.9594, valid loss: 0.16344932, test acc: 0.9243, test loss: 1.14266875
[2026-06-25 21:50:59,150][root][INFO] - Epoch: 29 | train acc: 0.9639, train loss: 8.89680592, valid acc: 0.9496, valid loss: 0.17240943, test acc: 0.9237, test loss: 1.58617667
[2026-06-25 21:50:59,807][root][INFO] - Epoch: 29 | train acc: 0.9802, train loss: 2.41987929, valid acc: 0.9609, valid loss: 0.14352892, test acc: 0.9332, test loss: 0.76190404
[2026-06-25 21:51:00,221][root][INFO] - Epoch: 29 | train acc: 0.9799, train loss: 8.79136407, valid acc: 0.9597, valid loss: 0.15065039, test acc: 0.9289, test loss: 1.82641899
[2026-06-25 21:51:00,233][root][INFO] - reg loss: 4.321010256570483, entropy loss: 0.10814753801576675, leaf dev: 0.11916989088058472
[2026-06-25 21:51:00,234][root][INFO] - Val leaf stats: tensor([2.6214e-01, 1.8864e-02, 9.6190e-02, 5.6033e-04, 9.6470e-02, 9.7684e-02,
        8.4049e-04, 1.8678e-04, 2.4281e-03, 1.4008e-03, 1.8678e-04, 3.7355e-04,
        0.0000e+00, 4.2230e-01, 2.8016e-04, 9.3388e-05])
[2026-06-25 21:51:00,679][root][INFO] - reg loss: 4.387584875500392, entropy loss: 0.11780133240279697, leaf dev: 0.12752866744995117
[2026-06-25 21:51:00,680][root][INFO] - Val leaf stats: tensor([6.9948e-02, 5.9301e-02, 2.7839e-01, 6.5372e-04, 7.4430e-02, 2.8016e-02,
        9.3388e-05, 1.4942e-03, 1.7744e-03, 2.3347e-03, 5.6033e-04, 8.4049e-04,
        9.3388e-05, 4.6255e-01, 4.2025e-03, 1.5316e-02])
[2026-06-25 21:51:00,831][root][INFO] - Epoch: 29 | train acc: 0.9621, train loss: 8.69609690, valid acc: 0.9470, valid loss: 0.19459158, test acc: 0.9228, test loss: 0.77818126
[2026-06-25 21:51:00,922][root][INFO] - Epoch: 29 | train acc: 0.9545, train loss: 33.28937894, valid acc: 0.9408, valid loss: 0.19680915, test acc: 0.9183, test loss: 0.54053030
[2026-06-25 21:51:01,062][root][INFO] - reg loss: 4.701118660982324, entropy loss: 0.13203049778307557, leaf dev: 0.11489797383546829
[2026-06-25 21:51:01,063][root][INFO] - Val leaf stats: tensor([4.2818e-01, 1.8080e-01, 3.7355e-04, 2.1386e-02, 1.8678e-04, 2.8016e-03,
        1.0534e-01, 0.0000e+00, 0.0000e+00, 1.6810e-03, 1.1972e-01, 1.3635e-01,
        1.4942e-03, 8.4049e-04, 9.3388e-05, 7.4710e-04])
[2026-06-25 21:51:01,418][root][INFO] - Epoch: 30 | train acc: 0.9828, train loss: 0.05824678, valid acc: 0.9626, valid loss: 0.13635141, test acc: 0.9427, test loss: 0.68705119
[2026-06-25 21:51:01,681][root][INFO] - reg loss: 4.359903893142781, entropy loss: 0.13165060418938834, leaf dev: 0.11184636503458023
[2026-06-25 21:51:01,682][root][INFO] - Val leaf stats: tensor([3.7682e-01, 7.1722e-02, 2.2133e-02, 1.8678e-04, 9.0493e-02, 2.3001e-01,
        0.0000e+00, 0.0000e+00, 3.0818e-03, 0.0000e+00, 6.5372e-04, 9.3388e-04,
        2.8016e-04, 2.0349e-01, 0.0000e+00, 1.8678e-04])
[2026-06-25 21:51:01,969][root][INFO] - Epoch: 30 | train acc: 0.9794, train loss: 2.40847458, valid acc: 0.9591, valid loss: 0.15313265, test acc: 0.9255, test loss: 0.79605995
[2026-06-25 21:51:02,248][root][INFO] - Epoch: 29 | train acc: 0.9770, train loss: 33.88310143, valid acc: 0.9568, valid loss: 0.16106436, test acc: 0.9232, test loss: 1.23302156
[2026-06-25 21:51:02,368][root][INFO] - reg loss: 4.2795297758919855, entropy loss: 0.11253313968578975, leaf dev: 0.14590656757354736
[2026-06-25 21:51:02,380][root][INFO] - Val leaf stats: tensor([2.3907e-01, 8.9653e-03, 1.4008e-03, 0.0000e+00, 1.5232e-01, 0.0000e+00,
        5.6033e-04, 2.2413e-03, 1.9145e-02, 1.9518e-02, 5.4828e-01, 2.8016e-04,
        1.1207e-03, 2.8950e-03, 4.1091e-03, 9.3388e-05])
[2026-06-25 21:51:02,460][root][INFO] - reg loss: 4.141710972659802, entropy loss: 0.13461156788641815, leaf dev: 0.14102685451507568
[2026-06-25 21:51:02,460][root][INFO] - Val leaf stats: tensor([5.3913e-01, 3.4180e-02, 2.1638e-01, 9.3388e-05, 7.2376e-02, 1.8678e-04,
        0.0000e+00, 9.3388e-05, 1.6810e-03, 3.4554e-03, 1.0273e-03, 1.3074e-03,
        0.0000e+00, 1.3009e-01, 0.0000e+00, 0.0000e+00])
[2026-06-25 21:51:03,118][root][INFO] - reg loss: 5.545844635635457, entropy loss: 0.21906832869721468, leaf dev: 0.07466446608304977
[2026-06-25 21:51:03,119][root][INFO] - Val leaf stats: tensor([0.2533, 0.0472, 0.1383, 0.0970, 0.0016, 0.0011, 0.0032, 0.0787, 0.0035,
        0.0037, 0.0009, 0.1258, 0.0055, 0.0039, 0.0938, 0.1425])
[2026-06-25 21:51:03,236][root][INFO] - Epoch: 30 | train acc: 0.9611, train loss: 16.86164228, valid acc: 0.9435, valid loss: 0.21165553, test acc: 0.9180, test loss: 1.01038416
[2026-06-25 21:51:03,835][root][INFO] - reg loss: 4.2254586976671975, entropy loss: 0.12120460561185918, leaf dev: 0.12739251554012299
[2026-06-25 21:51:03,836][root][INFO] - Val leaf stats: tensor([1.9705e-01, 1.5783e-02, 9.0026e-02, 0.0000e+00, 9.0586e-02, 1.1356e-01,
        1.9612e-03, 1.8678e-04, 6.5372e-04, 2.8016e-04, 1.2140e-03, 5.6033e-04,
        9.3388e-05, 4.8749e-01, 2.8016e-04, 2.8016e-04])
[2026-06-25 21:51:03,847][root][INFO] - reg loss: 4.674071190849183, entropy loss: 0.10221768888058486, leaf dev: 0.09504089504480362
[2026-06-25 21:51:03,848][root][INFO] - Val leaf stats: tensor([3.2219e-01, 1.3355e-01, 9.6657e-02, 5.6033e-04, 7.5738e-02, 1.0553e-02,
        3.0725e-02, 1.3074e-03, 3.1752e-03, 8.2182e-03, 5.6033e-04, 5.6033e-04,
        2.8016e-04, 2.3132e-01, 3.2686e-03, 8.1341e-02])
[2026-06-25 21:51:04,874][root][INFO] - reg loss: 4.181308092894377, entropy loss: 0.1213563572240885, leaf dev: 0.13116203248500824
[2026-06-25 21:51:04,876][root][INFO] - Val leaf stats: tensor([3.8877e-01, 6.3317e-02, 7.4710e-04, 2.5215e-03, 1.6287e-01, 9.3388e-05,
        4.6694e-04, 4.6694e-04, 6.5372e-04, 1.5876e-03, 3.7262e-01, 4.6694e-04,
        3.8289e-03, 9.3388e-04, 5.6033e-04, 9.3388e-05])
[2026-06-25 21:51:06,326][root][INFO] - Epoch: 30 | train acc: 0.9784, train loss: 8.54456250, valid acc: 0.9604, valid loss: 0.14788194, test acc: 0.9274, test loss: 1.98150993
[2026-06-25 21:51:07,390][root][INFO] - Epoch: 29 | train acc: 0.9573, train loss: 4.56852537, valid acc: 0.9431, valid loss: 0.19016411, test acc: 0.9147, test loss: 2.58747994
[2026-06-25 21:51:07,624][root][INFO] - reg loss: 4.234796728406634, entropy loss: 0.11267159291833796, leaf dev: 0.14436817169189453
[2026-06-25 21:51:07,625][root][INFO] - Val leaf stats: tensor([5.6089e-01, 5.3044e-02, 9.3388e-05, 7.2843e-03, 7.1068e-02, 8.4049e-04,
        8.8439e-02, 0.0000e+00, 9.3388e-05, 2.1479e-03, 2.1162e-01, 9.3388e-05,
        2.8016e-03, 0.0000e+00, 1.4008e-03, 1.8678e-04])
[2026-06-25 21:51:08,118][root][INFO] - Epoch: 29 | train acc: 0.9713, train loss: 32.30935838, valid acc: 0.9601, valid loss: 0.14909224, test acc: 0.9368, test loss: 4.14258643
[2026-06-25 21:51:08,770][root][INFO] - reg loss: 4.421730581414763, entropy loss: 0.12025510019095487, leaf dev: 0.11213085800409317
[2026-06-25 21:51:08,771][root][INFO] - Val leaf stats: tensor([2.2889e-01, 2.2049e-01, 5.6033e-03, 4.6694e-04, 6.7987e-02, 0.0000e+00,
        3.2686e-03, 8.4049e-04, 9.9925e-03, 4.6694e-03, 3.7318e-01, 9.3388e-05,
        5.7901e-03, 7.7512e-02, 7.4710e-04, 4.6694e-04])
[2026-06-25 21:51:08,952][root][INFO] - Epoch: 29 | train acc: 0.9560, train loss: 17.22417182, valid acc: 0.9368, valid loss: 0.21436542, test acc: 0.8963, test loss: 1.52469896
[2026-06-25 21:51:09,591][root][INFO] - Epoch: 30 | train acc: 0.9655, train loss: 2.47029742, valid acc: 0.9552, valid loss: 0.16484062, test acc: 0.9262, test loss: 0.74992192
[2026-06-25 21:51:09,627][root][INFO] - reg loss: 4.025387943106353, entropy loss: 0.14227127295637887, leaf dev: 0.22135290503501892
[2026-06-25 21:51:09,628][root][INFO] - Val leaf stats: tensor([8.8962e-01, 0.0000e+00, 1.0273e-03, 0.0000e+00, 7.2096e-02, 0.0000e+00,
        2.8577e-02, 0.0000e+00, 1.7744e-03, 0.0000e+00, 2.7083e-03, 1.8678e-04,
        3.9223e-03, 0.0000e+00, 9.3388e-05, 0.0000e+00])
[2026-06-25 21:51:10,518][root][INFO] - reg loss: 4.269472919443928, entropy loss: 0.1164383520840337, leaf dev: 0.09962598979473114
[2026-06-25 21:51:10,519][root][INFO] - Val leaf stats: tensor([2.7914e-01, 2.0732e-02, 1.5120e-01, 7.4710e-04, 1.1188e-01, 1.6492e-01,
        2.8016e-04, 9.3388e-05, 9.3388e-05, 0.0000e+00, 1.1207e-03, 3.3620e-03,
        9.3388e-05, 2.6541e-01, 0.0000e+00, 9.3388e-04])
[2026-06-25 21:51:11,065][root][INFO] - reg loss: 4.700120408698996, entropy loss: 0.11936252087196976, leaf dev: 0.0976690724492073
[2026-06-25 21:51:11,066][root][INFO] - Val leaf stats: tensor([0.1416, 0.2096, 0.0005, 0.0176, 0.0106, 0.0000, 0.0141, 0.0039, 0.0007,
        0.0908, 0.3469, 0.0738, 0.0025, 0.0832, 0.0036, 0.0006])
[2026-06-25 21:51:12,912][root][INFO] - Epoch: 30 | train acc: 0.9779, train loss: 4.30992576, valid acc: 0.9618, valid loss: 0.13646681, test acc: 0.9359, test loss: 1.40480932
[2026-06-25 21:51:14,290][root][INFO] - reg loss: 4.231658342654113, entropy loss: 0.10912628621651382, leaf dev: 0.17412468791007996
[2026-06-25 21:51:14,291][root][INFO] - Val leaf stats: tensor([6.9705e-01, 7.2843e-03, 9.3388e-04, 1.2981e-02, 7.0321e-02, 1.3074e-03,
        4.8749e-02, 1.8678e-04, 1.1207e-03, 7.4710e-04, 1.5446e-01, 9.3388e-05,
        2.0545e-03, 1.4942e-03, 5.6033e-04, 6.5372e-04])
[2026-06-25 21:51:17,434][root][INFO] - Epoch: 30 | train acc: 0.9690, train loss: 4.61539464, valid acc: 0.9510, valid loss: 0.18490117, test acc: 0.9171, test loss: 1.73548494
[2026-06-25 21:51:18,723][root][INFO] - reg loss: 4.508902060291755, entropy loss: 0.1031802666802255, leaf dev: 0.08620043843984604
[2026-06-25 21:51:18,724][root][INFO] - Val leaf stats: tensor([0.2243, 0.0229, 0.1281, 0.0008, 0.0763, 0.1590, 0.0025, 0.1040, 0.0018,
        0.0214, 0.0006, 0.0010, 0.0011, 0.2535, 0.0011, 0.0014])
[2026-06-25 21:51:23,953][root][INFO] - Epoch: 30 | train acc: 0.9652, train loss: 8.86574234, valid acc: 0.9488, valid loss: 0.17464174, test acc: 0.9247, test loss: 1.61207956
[2026-06-25 21:51:24,513][root][INFO] - Epoch: 30 | train acc: 0.9803, train loss: 17.32299490, valid acc: 0.9584, valid loss: 0.16029323, test acc: 0.9243, test loss: 1.17821707
[2026-06-25 21:51:24,587][root][INFO] - Epoch: 30 | train acc: 0.9822, train loss: 2.38265339, valid acc: 0.9615, valid loss: 0.14326976, test acc: 0.9319, test loss: 0.77573043
[2026-06-25 21:51:25,107][root][INFO] - Epoch: 30 | train acc: 0.9804, train loss: 8.75929133, valid acc: 0.9609, valid loss: 0.14737780, test acc: 0.9294, test loss: 1.88419789
[2026-06-25 21:51:25,553][root][INFO] - reg loss: 4.372687042074859, entropy loss: 0.11822717408181499, leaf dev: 0.1287352591753006
[2026-06-25 21:51:25,554][root][INFO] - Val leaf stats: tensor([6.0422e-02, 6.4811e-02, 2.8381e-01, 6.5372e-04, 7.3777e-02, 2.4748e-02,
        9.3388e-05, 1.4942e-03, 1.7744e-03, 2.4281e-03, 5.6033e-04, 8.4049e-04,
        9.3388e-05, 4.6507e-01, 1.2140e-03, 1.8211e-02])
[2026-06-25 21:51:25,931][root][INFO] - Epoch: 30 | train acc: 0.9592, train loss: 8.67887731, valid acc: 0.9467, valid loss: 0.21997505, test acc: 0.9184, test loss: 0.84244315
[2026-06-25 21:51:25,939][root][INFO] - reg loss: 4.638755412328811, entropy loss: 0.13017133410487855, leaf dev: 0.11523140221834183
[2026-06-25 21:51:25,942][root][INFO] - Val leaf stats: tensor([4.2846e-01, 1.8360e-01, 1.8678e-04, 2.1853e-02, 9.3388e-05, 2.8016e-03,
        1.0758e-01, 0.0000e+00, 0.0000e+00, 1.5876e-03, 1.0282e-01, 1.4746e-01,
        1.5876e-03, 1.0273e-03, 9.3388e-05, 8.4049e-04])
[2026-06-25 21:51:26,302][root][INFO] - reg loss: 4.31328394047167, entropy loss: 0.10622317044350205, leaf dev: 0.11903665959835052
[2026-06-25 21:51:26,303][root][INFO] - Val leaf stats: tensor([2.6205e-01, 2.0452e-02, 9.5910e-02, 5.6033e-04, 9.6096e-02, 9.7030e-02,
        8.4049e-04, 1.8678e-04, 2.4281e-03, 1.4008e-03, 1.8678e-04, 4.6694e-04,
        0.0000e+00, 4.2202e-01, 2.8016e-04, 9.3388e-05])
[2026-06-25 21:51:26,550][root][INFO] - Epoch: 30 | train acc: 0.9547, train loss: 33.27111447, valid acc: 0.9407, valid loss: 0.20305046, test acc: 0.9188, test loss: 0.62702752
[2026-06-25 21:51:26,639][root][INFO] - reg loss: 4.34394031100803, entropy loss: 0.12983176541864558, leaf dev: 0.11160711944103241
[2026-06-25 21:51:26,640][root][INFO] - Val leaf stats: tensor([3.7112e-01, 6.9294e-02, 2.1853e-02, 1.8678e-04, 8.9653e-02, 2.3291e-01,
        0.0000e+00, 0.0000e+00, 3.0818e-03, 0.0000e+00, 6.5372e-04, 9.3388e-04,
        2.8016e-04, 2.0984e-01, 0.0000e+00, 1.8678e-04])
[2026-06-25 21:51:27,117][root][INFO] - Epoch: 31 | train acc: 0.9825, train loss: 0.05881179, valid acc: 0.9592, valid loss: 0.14329828, test acc: 0.9439, test loss: 0.68732421
[2026-06-25 21:51:27,378][root][INFO] - reg loss: 4.266756834807219, entropy loss: 0.10784992686024418, leaf dev: 0.13856403529644012
[2026-06-25 21:51:27,380][root][INFO] - Val leaf stats: tensor([2.7437e-01, 9.2454e-03, 1.0273e-03, 1.7744e-03, 1.7370e-01, 0.0000e+00,
        5.6033e-04, 2.5215e-03, 1.5876e-02, 1.8117e-02, 4.9430e-01, 9.3388e-05,
        9.3388e-04, 2.1479e-03, 5.3231e-03, 0.0000e+00])
[2026-06-25 21:51:28,017][root][INFO] - reg loss: 4.139620690118699, entropy loss: 0.1334877543979221, leaf dev: 0.13803990185260773
[2026-06-25 21:51:28,018][root][INFO] - Val leaf stats: tensor([5.2409e-01, 4.3145e-02, 2.2338e-01, 3.7355e-04, 7.2376e-02, 1.8678e-04,
        0.0000e+00, 9.3388e-05, 1.7744e-03, 3.3620e-03, 1.0273e-03, 1.2140e-03,
        0.0000e+00, 1.2897e-01, 0.0000e+00, 0.0000e+00])
[2026-06-25 21:51:28,158][root][INFO] - Epoch: 31 | train acc: 0.9813, train loss: 2.38653006, valid acc: 0.9609, valid loss: 0.14907609, test acc: 0.9259, test loss: 0.79175261
[2026-06-25 21:51:28,434][root][INFO] - Epoch: 30 | train acc: 0.9771, train loss: 33.84519345, valid acc: 0.9584, valid loss: 0.15507488, test acc: 0.9244, test loss: 1.38641226
[2026-06-25 21:51:28,713][root][INFO] - reg loss: 5.526960943111036, entropy loss: 0.21930848929301772, leaf dev: 0.08421911299228668
[2026-06-25 21:51:28,714][root][INFO] - Val leaf stats: tensor([0.3147, 0.0502, 0.1186, 0.0462, 0.0019, 0.0023, 0.0045, 0.0945, 0.0041,
        0.0042, 0.0008, 0.1204, 0.0060, 0.0039, 0.0848, 0.1428])
[2026-06-25 21:51:29,151][root][INFO] - Epoch: 31 | train acc: 0.9603, train loss: 16.85416982, valid acc: 0.9465, valid loss: 0.18539265, test acc: 0.9341, test loss: 0.87490483
[2026-06-25 21:51:29,971][root][INFO] - reg loss: 4.643839384512926, entropy loss: 0.10055991833802884, leaf dev: 0.0944463461637497
[2026-06-25 21:51:29,972][root][INFO] - Val leaf stats: tensor([3.0968e-01, 1.2673e-01, 9.8244e-02, 9.3388e-04, 7.7606e-02, 9.3388e-03,
        3.2032e-02, 1.1207e-03, 3.1752e-03, 7.4710e-03, 6.5372e-04, 5.6033e-04,
        1.8678e-04, 2.4598e-01, 2.8016e-03, 8.3489e-02])
[2026-06-25 21:51:30,360][root][INFO] - reg loss: 4.220568911739127, entropy loss: 0.11976073981908264, leaf dev: 0.1283281296491623
[2026-06-25 21:51:30,361][root][INFO] - Val leaf stats: tensor([1.9303e-01, 1.6063e-02, 9.1334e-02, 0.0000e+00, 8.7972e-02, 1.1263e-01,
        2.0545e-03, 1.8678e-04, 6.5372e-04, 2.8016e-04, 1.4008e-03, 4.6694e-04,
        9.3388e-05, 4.9318e-01, 2.8016e-04, 3.7355e-04])
[2026-06-25 21:51:30,934][root][INFO] - reg loss: 4.178635155713117, entropy loss: 0.11708083602959517, leaf dev: 0.1318093091249466
[2026-06-25 21:51:30,935][root][INFO] - Val leaf stats: tensor([3.7542e-01, 5.8461e-02, 7.4710e-04, 1.4008e-03, 1.6651e-01, 9.3388e-05,
        4.6694e-04, 6.5372e-04, 6.5372e-04, 1.7744e-03, 3.8859e-01, 2.8016e-04,
        3.6421e-03, 6.5372e-04, 5.6033e-04, 9.3388e-05])
[2026-06-25 21:51:31,628][root][INFO] - Epoch: 31 | train acc: 0.9793, train loss: 8.52296880, valid acc: 0.9608, valid loss: 0.14815830, test acc: 0.9296, test loss: 2.00521647
[2026-06-25 21:51:32,618][root][INFO] - Epoch: 30 | train acc: 0.9555, train loss: 4.60111167, valid acc: 0.9431, valid loss: 0.18726905, test acc: 0.9109, test loss: 2.80428387
[2026-06-25 21:51:33,029][root][INFO] - reg loss: 4.2252008624808495, entropy loss: 0.11114563982165049, leaf dev: 0.1439889520406723
[2026-06-25 21:51:33,030][root][INFO] - Val leaf stats: tensor([5.6024e-01, 5.5753e-02, 9.3388e-05, 7.4710e-03, 7.0882e-02, 7.4710e-04,
        8.9746e-02, 0.0000e+00, 9.3388e-05, 2.1479e-03, 2.0826e-01, 9.3388e-05,
        2.8950e-03, 0.0000e+00, 1.4008e-03, 1.8678e-04])
[2026-06-25 21:51:33,176][root][INFO] - Epoch: 30 | train acc: 0.9711, train loss: 32.31059899, valid acc: 0.9594, valid loss: 0.15508249, test acc: 0.9334, test loss: 4.13853059
[2026-06-25 21:51:33,963][root][INFO] - reg loss: 4.449238683811571, entropy loss: 0.12095334136454516, leaf dev: 0.11031574010848999
[2026-06-25 21:51:33,964][root][INFO] - Val leaf stats: tensor([2.3095e-01, 2.2609e-01, 7.6578e-03, 4.6694e-04, 5.2951e-02, 0.0000e+00,
        3.7355e-03, 8.4049e-04, 1.1954e-02, 3.9223e-03, 3.5796e-01, 9.3388e-05,
        4.5760e-03, 9.6937e-02, 1.2140e-03, 6.5372e-04])
[2026-06-25 21:51:34,143][root][INFO] - Epoch: 30 | train acc: 0.9571, train loss: 17.22517303, valid acc: 0.9379, valid loss: 0.20564881, test acc: 0.9023, test loss: 2.53061289
[2026-06-25 21:51:34,542][root][INFO] - Epoch: 31 | train acc: 0.9673, train loss: 2.45791508, valid acc: 0.9581, valid loss: 0.16097393, test acc: 0.9256, test loss: 0.76400730
[2026-06-25 21:51:34,738][root][INFO] - reg loss: 4.025623319010255, entropy loss: 0.14108044453083524, leaf dev: 0.2207268625497818
[2026-06-25 21:51:34,739][root][INFO] - Val leaf stats: tensor([8.8719e-01, 0.0000e+00, 9.3388e-04, 0.0000e+00, 7.2376e-02, 0.0000e+00,
        3.0631e-02, 0.0000e+00, 1.7744e-03, 0.0000e+00, 2.9884e-03, 1.8678e-04,
        3.8289e-03, 0.0000e+00, 9.3388e-05, 0.0000e+00])
[2026-06-25 21:51:35,446][root][INFO] - reg loss: 4.270560655644331, entropy loss: 0.11633796390717623, leaf dev: 0.10024777054786682
[2026-06-25 21:51:35,447][root][INFO] - Val leaf stats: tensor([2.8409e-01, 2.0732e-02, 1.4989e-01, 7.4710e-04, 1.0002e-01, 1.7856e-01,
        9.3388e-05, 0.0000e+00, 9.3388e-05, 0.0000e+00, 1.1207e-03, 3.3620e-03,
        0.0000e+00, 2.6027e-01, 0.0000e+00, 1.0273e-03])
[2026-06-25 21:51:35,999][root][INFO] - reg loss: 4.687733135526142, entropy loss: 0.12067051937498113, leaf dev: 0.0969642698764801
[2026-06-25 21:51:36,000][root][INFO] - Val leaf stats: tensor([0.1518, 0.2133, 0.0004, 0.0197, 0.0123, 0.0000, 0.0149, 0.0036, 0.0015,
        0.0857, 0.3400, 0.0671, 0.0022, 0.0818, 0.0049, 0.0006])
[2026-06-25 21:51:37,018][root][INFO] - Epoch: 31 | train acc: 0.9786, train loss: 4.31352792, valid acc: 0.9622, valid loss: 0.13577818, test acc: 0.9347, test loss: 1.54175358
[2026-06-25 21:51:38,501][root][INFO] - reg loss: 4.238143292684404, entropy loss: 0.10792836787366362, leaf dev: 0.17149043083190918
[2026-06-25 21:51:38,502][root][INFO] - Val leaf stats: tensor([6.8510e-01, 9.7124e-03, 7.4710e-04, 1.2327e-02, 7.0975e-02, 1.2140e-03,
        4.9869e-02, 2.8016e-04, 1.1207e-03, 4.6694e-04, 1.6278e-01, 9.3388e-05,
        2.2413e-03, 1.6810e-03, 8.4049e-04, 5.6033e-04])
[2026-06-25 21:51:41,705][root][INFO] - Epoch: 31 | train acc: 0.9706, train loss: 4.59137858, valid acc: 0.9517, valid loss: 0.17972685, test acc: 0.9191, test loss: 1.82819296
[2026-06-25 21:51:43,129][root][INFO] - reg loss: 4.488756707105687, entropy loss: 0.1015236537371363, leaf dev: 0.08595684915781021
[2026-06-25 21:51:43,131][root][INFO] - Val leaf stats: tensor([2.1377e-01, 2.7923e-02, 1.2953e-01, 8.4049e-04, 7.6485e-02, 1.5512e-01,
        2.8016e-03, 1.0637e-01, 1.7744e-03, 1.8958e-02, 9.3388e-05, 1.2140e-03,
        1.1207e-03, 2.6167e-01, 9.3388e-04, 1.4008e-03])
[2026-06-25 21:51:48,715][root][INFO] - Epoch: 31 | train acc: 0.9626, train loss: 8.81192421, valid acc: 0.9437, valid loss: 0.18585614, test acc: 0.9234, test loss: 1.66040173
[2026-06-25 21:51:49,466][root][INFO] - Epoch: 31 | train acc: 0.9814, train loss: 2.38134003, valid acc: 0.9625, valid loss: 0.14548459, test acc: 0.9313, test loss: 1.74521240
[2026-06-25 21:51:49,811][root][INFO] - Epoch: 31 | train acc: 0.9805, train loss: 17.29742161, valid acc: 0.9591, valid loss: 0.15937364, test acc: 0.9235, test loss: 1.21285921
[2026-06-25 21:51:50,079][root][INFO] - reg loss: 4.342911092061845, entropy loss: 0.11430355736975947, leaf dev: 0.13337726891040802
[2026-06-25 21:51:50,081][root][INFO] - Val leaf stats: tensor([5.1270e-02, 4.5387e-02, 3.1518e-01, 1.8678e-04, 7.3777e-02, 2.3907e-02,
        0.0000e+00, 1.4942e-03, 1.7744e-03, 2.2413e-03, 6.5372e-04, 8.4049e-04,
        9.3388e-05, 4.6806e-01, 8.4049e-04, 1.4288e-02])
[2026-06-25 21:51:50,474][root][INFO] - Epoch: 31 | train acc: 0.9808, train loss: 8.74402129, valid acc: 0.9576, valid loss: 0.15159292, test acc: 0.9299, test loss: 1.91957791
[2026-06-25 21:51:51,097][root][INFO] - reg loss: 4.631438368842716, entropy loss: 0.12811190280176343, leaf dev: 0.1160411536693573
[2026-06-25 21:51:51,098][root][INFO] - Val leaf stats: tensor([4.3575e-01, 1.5484e-01, 3.7355e-04, 2.2320e-02, 1.8678e-04, 2.8950e-03,
        1.1085e-01, 9.3388e-05, 2.8016e-04, 1.3074e-03, 1.0590e-01, 1.6315e-01,
        1.2140e-03, 9.3388e-05, 9.3388e-05, 6.5372e-04])
[2026-06-25 21:51:51,421][root][INFO] - reg loss: 4.307207776125146, entropy loss: 0.10422998706184367, leaf dev: 0.11927203088998795
[2026-06-25 21:51:51,422][root][INFO] - Val leaf stats: tensor([2.6354e-01, 2.0732e-02, 9.3015e-02, 5.6033e-04, 9.5349e-02, 9.7964e-02,
        8.4049e-04, 4.6694e-04, 2.4281e-03, 1.4008e-03, 1.8678e-04, 4.6694e-04,
        0.0000e+00, 4.2267e-01, 2.8016e-04, 9.3388e-05])
[2026-06-25 21:51:51,649][root][INFO] - Epoch: 31 | train acc: 0.9546, train loss: 33.29708249, valid acc: 0.9411, valid loss: 0.19699091, test acc: 0.9187, test loss: 0.66614592
[2026-06-25 21:51:51,741][root][INFO] - Epoch: 32 | train acc: 0.9824, train loss: 0.05995298, valid acc: 0.9608, valid loss: 0.14150693, test acc: 0.9445, test loss: 0.75595024
[2026-06-25 21:51:51,765][root][INFO] - Epoch: 31 | train acc: 0.9610, train loss: 8.65113428, valid acc: 0.9433, valid loss: 0.20765770, test acc: 0.9207, test loss: 0.85794084
[2026-06-25 21:51:51,938][root][INFO] - reg loss: 4.337583642788034, entropy loss: 0.1285872163753661, leaf dev: 0.1115560457110405
[2026-06-25 21:51:51,939][root][INFO] - Val leaf stats: tensor([3.7430e-01, 7.2563e-02, 2.1759e-02, 2.8016e-04, 8.9933e-02, 2.2731e-01,
        0.0000e+00, 0.0000e+00, 3.0818e-03, 0.0000e+00, 6.5372e-04, 9.3388e-04,
        2.8016e-04, 2.0872e-01, 0.0000e+00, 1.8678e-04])
[2026-06-25 21:51:53,404][root][INFO] - reg loss: 4.142739084031847, entropy loss: 0.1325090072615437, leaf dev: 0.14276747405529022
[2026-06-25 21:51:53,406][root][INFO] - Val leaf stats: tensor([5.4791e-01, 3.8663e-02, 2.2002e-01, 8.4049e-04, 7.3870e-02, 1.8678e-04,
        0.0000e+00, 0.0000e+00, 1.6810e-03, 1.7744e-03, 1.1207e-03, 1.4008e-03,
        0.0000e+00, 1.1253e-01, 0.0000e+00, 0.0000e+00])
[2026-06-25 21:51:53,406][root][INFO] - reg loss: 4.255088775876969, entropy loss: 0.1028213422922861, leaf dev: 0.14365966618061066
[2026-06-25 21:51:53,408][root][INFO] - Val leaf stats: tensor([2.8465e-01, 1.1113e-02, 8.4049e-04, 2.8016e-04, 1.3420e-01, 0.0000e+00,
        6.5372e-04, 2.8016e-03, 1.6810e-02, 1.9051e-02, 5.2176e-01, 9.3388e-05,
        9.3388e-04, 2.1479e-03, 4.6694e-03, 0.0000e+00])
[2026-06-25 21:51:53,427][root][INFO] - reg loss: 5.495432144750363, entropy loss: 0.21837729877895778, leaf dev: 0.07515532523393631
[2026-06-25 21:51:53,429][root][INFO] - Val leaf stats: tensor([0.2668, 0.0547, 0.1202, 0.0895, 0.0018, 0.0017, 0.0053, 0.0875, 0.0039,
        0.0043, 0.0009, 0.1215, 0.0075, 0.0038, 0.0883, 0.1422])
[2026-06-25 21:51:53,990][root][INFO] - Epoch: 32 | train acc: 0.9834, train loss: 2.36260736, valid acc: 0.9613, valid loss: 0.14861287, test acc: 0.9259, test loss: 0.81707707
[2026-06-25 21:51:54,581][root][INFO] - Epoch: 31 | train acc: 0.9780, train loss: 33.78402437, valid acc: 0.9583, valid loss: 0.15948003, test acc: 0.9236, test loss: 2.11250984
[2026-06-25 21:51:54,905][root][INFO] - Epoch: 32 | train acc: 0.9624, train loss: 16.82411726, valid acc: 0.9476, valid loss: 0.18308109, test acc: 0.9204, test loss: 0.88365302
[2026-06-25 21:51:55,735][root][INFO] - reg loss: 4.609465119699952, entropy loss: 0.09724232570204154, leaf dev: 0.0938744992017746
[2026-06-25 21:51:55,736][root][INFO] - Val leaf stats: tensor([2.9380e-01, 1.3672e-01, 1.0217e-01, 8.4049e-04, 7.7886e-02, 1.0273e-02,
        3.1005e-02, 1.1207e-03, 3.1752e-03, 7.6578e-03, 7.4710e-04, 5.6033e-04,
        1.8678e-04, 2.5794e-01, 1.7744e-03, 7.4150e-02])
[2026-06-25 21:51:56,257][root][INFO] - reg loss: 4.213600236902792, entropy loss: 0.11789616796547774, leaf dev: 0.12741757929325104
[2026-06-25 21:51:56,258][root][INFO] - Val leaf stats: tensor([1.9733e-01, 1.5409e-02, 9.3762e-02, 0.0000e+00, 8.8812e-02, 1.1151e-01,
        1.9612e-03, 1.8678e-04, 6.5372e-04, 2.8016e-04, 1.2140e-03, 5.6033e-04,
        9.3388e-05, 4.8758e-01, 1.8678e-04, 4.6694e-04])
[2026-06-25 21:51:56,483][root][INFO] - reg loss: 4.173197309806864, entropy loss: 0.11681305940346744, leaf dev: 0.1318841129541397
[2026-06-25 21:51:56,484][root][INFO] - Val leaf stats: tensor([3.6898e-01, 5.8087e-02, 7.4710e-04, 1.2140e-03, 1.6810e-01, 9.3388e-05,
        5.6033e-04, 7.4710e-04, 5.6033e-04, 1.4008e-03, 3.9447e-01, 9.3388e-05,
        3.5487e-03, 7.4710e-04, 5.6033e-04, 9.3388e-05])
[2026-06-25 21:51:56,869][root][INFO] - Epoch: 32 | train acc: 0.9801, train loss: 8.51121488, valid acc: 0.9594, valid loss: 0.15144040, test acc: 0.9206, test loss: 2.06722717
[2026-06-25 21:51:58,146][root][INFO] - Epoch: 31 | train acc: 0.9596, train loss: 4.61631817, valid acc: 0.9474, valid loss: 0.18595023, test acc: 0.9194, test loss: 0.62431016
[2026-06-25 21:51:58,155][root][INFO] - Epoch: 31 | train acc: 0.9714, train loss: 32.31735805, valid acc: 0.9593, valid loss: 0.14842852, test acc: 0.9347, test loss: 4.16247285
[2026-06-25 21:51:58,278][root][INFO] - reg loss: 4.21987643065276, entropy loss: 0.10975755384517094, leaf dev: 0.14264890551567078
[2026-06-25 21:51:58,279][root][INFO] - Val leaf stats: tensor([5.5435e-01, 5.5379e-02, 9.3388e-05, 7.7512e-03, 7.0975e-02, 8.4049e-04,
        9.6843e-02, 0.0000e+00, 9.3388e-05, 2.1479e-03, 2.0704e-01, 9.3388e-05,
        2.8950e-03, 0.0000e+00, 1.3074e-03, 1.8678e-04])
[2026-06-25 21:51:59,337][root][INFO] - Epoch: 32 | train acc: 0.9687, train loss: 2.47503834, valid acc: 0.9528, valid loss: 0.17581879, test acc: 0.9236, test loss: 0.65381959
[2026-06-25 21:51:59,390][root][INFO] - Epoch: 31 | train acc: 0.9587, train loss: 17.15666240, valid acc: 0.9387, valid loss: 0.20013892, test acc: 0.9054, test loss: 2.60811716
[2026-06-25 21:51:59,784][root][INFO] - reg loss: 4.026511154477558, entropy loss: 0.13922929487846517, leaf dev: 0.22314342856407166
[2026-06-25 21:51:59,785][root][INFO] - Val leaf stats: tensor([8.9653e-01, 0.0000e+00, 1.4008e-03, 0.0000e+00, 7.1629e-02, 0.0000e+00,
        2.1853e-02, 0.0000e+00, 1.5876e-03, 0.0000e+00, 2.8016e-03, 1.8678e-04,
        3.9223e-03, 0.0000e+00, 9.3388e-05, 0.0000e+00])
[2026-06-25 21:51:59,908][root][INFO] - reg loss: 4.478656289438722, entropy loss: 0.11728720970097042, leaf dev: 0.10738859325647354
[2026-06-25 21:51:59,909][root][INFO] - Val leaf stats: tensor([2.6718e-01, 2.3721e-01, 8.6851e-03, 4.6694e-04, 6.7613e-02, 0.0000e+00,
        2.7083e-03, 7.4710e-04, 9.7124e-03, 4.1091e-03, 3.0921e-01, 3.7355e-04,
        4.9496e-03, 8.6197e-02, 7.4710e-04, 9.3388e-05])
[2026-06-25 21:52:00,694][root][INFO] - reg loss: 4.729887649495765, entropy loss: 0.12117211201361247, leaf dev: 0.09569093585014343
[2026-06-25 21:52:00,695][root][INFO] - Val leaf stats: tensor([0.1319, 0.2027, 0.0004, 0.0245, 0.0152, 0.0000, 0.0148, 0.0040, 0.0010,
        0.0890, 0.3447, 0.0809, 0.0017, 0.0836, 0.0051, 0.0006])
[2026-06-25 21:52:00,810][root][INFO] - reg loss: 4.254813320422299, entropy loss: 0.11354669530398001, leaf dev: 0.10029955953359604
[2026-06-25 21:52:00,811][root][INFO] - Val leaf stats: tensor([2.8521e-01, 2.0826e-02, 1.4895e-01, 4.6694e-04, 9.8898e-02, 1.8183e-01,
        9.3388e-05, 0.0000e+00, 9.3388e-05, 0.0000e+00, 1.1207e-03, 3.3620e-03,
        9.3388e-05, 2.5803e-01, 0.0000e+00, 1.0273e-03])
[2026-06-25 21:52:02,221][root][INFO] - Epoch: 32 | train acc: 0.9774, train loss: 4.33105123, valid acc: 0.9609, valid loss: 0.14298557, test acc: 0.9333, test loss: 1.47360072
[2026-06-25 21:52:03,789][root][INFO] - reg loss: 4.251766030750577, entropy loss: 0.10678446348066684, leaf dev: 0.17354172468185425
[2026-06-25 21:52:03,790][root][INFO] - Val leaf stats: tensor([6.9733e-01, 9.8058e-03, 7.4710e-04, 1.4288e-02, 4.3986e-02, 1.1207e-03,
        4.8001e-02, 3.7355e-04, 1.0273e-03, 1.0273e-03, 1.5054e-01, 9.3388e-05,
        2.6149e-03, 2.7736e-02, 6.5372e-04, 6.5372e-04])
[2026-06-25 21:52:06,491][root][INFO] - Epoch: 32 | train acc: 0.9650, train loss: 4.63104831, valid acc: 0.9470, valid loss: 0.18847947, test acc: 0.9157, test loss: 1.63695545
[2026-06-25 21:52:08,012][root][INFO] - reg loss: 4.513254685376687, entropy loss: 0.10352152960483359, leaf dev: 0.08595744520425797
[2026-06-25 21:52:08,013][root][INFO] - Val leaf stats: tensor([1.4223e-01, 3.7916e-02, 1.5288e-01, 6.5372e-04, 7.7699e-02, 1.7230e-01,
        2.5215e-03, 1.0562e-01, 1.7744e-03, 1.6250e-02, 1.8678e-04, 1.1207e-03,
        1.3074e-03, 2.8483e-01, 9.3388e-04, 1.7744e-03])
[2026-06-25 21:52:13,240][root][INFO] - Epoch: 32 | train acc: 0.9606, train loss: 8.75911336, valid acc: 0.9453, valid loss: 0.18182426, test acc: 0.9249, test loss: 1.66662503
[2026-06-25 21:52:14,591][root][INFO] - Epoch: 32 | train acc: 0.9829, train loss: 2.35479175, valid acc: 0.9626, valid loss: 0.14278489, test acc: 0.9320, test loss: 1.56736441
[2026-06-25 21:52:14,689][root][INFO] - reg loss: 4.313865636391615, entropy loss: 0.11068291130362365, leaf dev: 0.1334056854248047
[2026-06-25 21:52:14,689][root][INFO] - Val leaf stats: tensor([5.0616e-02, 4.5573e-02, 3.1276e-01, 2.8016e-04, 7.3496e-02, 2.5121e-02,
        0.0000e+00, 1.4942e-03, 1.7744e-03, 2.3347e-03, 6.5372e-04, 8.4049e-04,
        9.3388e-05, 4.6984e-01, 6.5372e-04, 1.4475e-02])
[2026-06-25 21:52:16,072][root][INFO] - Epoch: 32 | train acc: 0.9812, train loss: 8.73441840, valid acc: 0.9612, valid loss: 0.14461957, test acc: 0.9315, test loss: 1.99130431
[2026-06-25 21:52:16,179][root][INFO] - Epoch: 32 | train acc: 0.9808, train loss: 17.27318398, valid acc: 0.9593, valid loss: 0.15943709, test acc: 0.9273, test loss: 1.22663881
[2026-06-25 21:52:16,191][root][INFO] - reg loss: 4.589311185967985, entropy loss: 0.12458883233802029, leaf dev: 0.1171363815665245
[2026-06-25 21:52:16,192][root][INFO] - Val leaf stats: tensor([4.4201e-01, 1.7828e-01, 2.8016e-04, 2.3721e-02, 1.8678e-04, 2.6149e-03,
        1.0880e-01, 0.0000e+00, 1.8678e-04, 2.8016e-03, 1.0385e-01, 1.3401e-01,
        1.6810e-03, 6.5372e-04, 1.8678e-04, 7.4710e-04])
[2026-06-25 21:52:17,212][root][INFO] - Epoch: 32 | train acc: 0.9544, train loss: 33.21632676, valid acc: 0.9421, valid loss: 0.19522788, test acc: 0.9192, test loss: 0.67509027
[2026-06-25 21:52:17,349][root][INFO] - Epoch: 33 | train acc: 0.9849, train loss: 0.05107043, valid acc: 0.9608, valid loss: 0.14270878, test acc: 0.9411, test loss: 0.88990197
[2026-06-25 21:52:17,410][root][INFO] - Epoch: 32 | train acc: 0.9602, train loss: 8.64141586, valid acc: 0.9442, valid loss: 0.19892978, test acc: 0.9220, test loss: 0.77613429
[2026-06-25 21:52:17,794][root][INFO] - reg loss: 4.332772691413839, entropy loss: 0.1273579578551035, leaf dev: 0.11154834181070328
[2026-06-25 21:52:17,795][root][INFO] - Val leaf stats: tensor([3.7458e-01, 7.1722e-02, 2.1573e-02, 1.8678e-04, 9.1520e-02, 2.2609e-01,
        0.0000e+00, 0.0000e+00, 3.0818e-03, 0.0000e+00, 7.4710e-04, 9.3388e-04,
        2.8016e-04, 2.0910e-01, 0.0000e+00, 1.8678e-04])
[2026-06-25 21:52:18,024][root][INFO] - reg loss: 4.3015100287381935, entropy loss: 0.10276557335620204, leaf dev: 0.11890950798988342
[2026-06-25 21:52:18,025][root][INFO] - Val leaf stats: tensor([2.6784e-01, 2.0265e-02, 9.5536e-02, 5.6033e-04, 9.4789e-02, 9.6750e-02,
        8.4049e-04, 3.7355e-04, 2.5215e-03, 1.2140e-03, 1.8678e-04, 4.6694e-04,
        0.0000e+00, 4.1829e-01, 2.8016e-04, 9.3388e-05])
[2026-06-25 21:52:18,734][root][INFO] - reg loss: 5.461328889957811, entropy loss: 0.2183909445370316, leaf dev: 0.07335063815116882
[2026-06-25 21:52:18,736][root][INFO] - Val leaf stats: tensor([0.2572, 0.0576, 0.1282, 0.0840, 0.0012, 0.0018, 0.0046, 0.0839, 0.0035,
        0.0045, 0.0008, 0.1145, 0.0120, 0.0058, 0.0980, 0.1423])
[2026-06-25 21:52:18,838][root][INFO] - reg loss: 4.249513477244705, entropy loss: 0.0943038243623007, leaf dev: 0.1418122500181198
[2026-06-25 21:52:18,839][root][INFO] - Val leaf stats: tensor([2.7101e-01, 1.2981e-02, 8.4049e-04, 0.0000e+00, 1.5064e-01, 0.0000e+00,
        6.5372e-04, 2.8016e-03, 1.6903e-02, 1.8024e-02, 5.1690e-01, 9.3388e-05,
        1.0273e-03, 1.5876e-03, 6.4438e-03, 9.3388e-05])
[2026-06-25 21:52:18,889][root][INFO] - reg loss: 4.132770038786388, entropy loss: 0.13169664538726605, leaf dev: 0.14347460865974426
[2026-06-25 21:52:18,890][root][INFO] - Val leaf stats: tensor([5.5136e-01, 3.6982e-02, 2.1862e-01, 2.8016e-04, 7.3870e-02, 1.8678e-04,
        0.0000e+00, 0.0000e+00, 1.6810e-03, 2.0545e-03, 1.1207e-03, 1.4008e-03,
        0.0000e+00, 1.1244e-01, 0.0000e+00, 0.0000e+00])
[2026-06-25 21:52:19,483][root][INFO] - Epoch: 33 | train acc: 0.9847, train loss: 2.35376813, valid acc: 0.9607, valid loss: 0.14784288, test acc: 0.9271, test loss: 0.80736591
[2026-06-25 21:52:20,197][root][INFO] - Epoch: 32 | train acc: 0.9788, train loss: 33.72012154, valid acc: 0.9583, valid loss: 0.15898675, test acc: 0.9269, test loss: 1.94591523
[2026-06-25 21:52:20,818][root][INFO] - Epoch: 33 | train acc: 0.9640, train loss: 16.81877652, valid acc: 0.9488, valid loss: 0.18155415, test acc: 0.9204, test loss: 0.92921193
[2026-06-25 21:52:21,027][root][INFO] - reg loss: 4.598663668153147, entropy loss: 0.09659012028622249, leaf dev: 0.09483696520328522
[2026-06-25 21:52:21,028][root][INFO] - Val leaf stats: tensor([3.0192e-01, 1.2832e-01, 1.0067e-01, 9.3388e-04, 7.5551e-02, 1.1113e-02,
        3.2686e-02, 1.0273e-03, 3.1752e-03, 7.5644e-03, 5.6033e-04, 5.6033e-04,
        1.8678e-04, 2.5906e-01, 2.0545e-03, 7.4617e-02])
[2026-06-25 21:52:21,888][root][INFO] - reg loss: 4.2058380848516235, entropy loss: 0.11634568361535905, leaf dev: 0.12701769173145294
[2026-06-25 21:52:21,889][root][INFO] - Val leaf stats: tensor([1.9527e-01, 1.5783e-02, 9.4415e-02, 0.0000e+00, 8.8719e-02, 1.1384e-01,
        1.9612e-03, 1.8678e-04, 6.5372e-04, 2.8016e-04, 1.3074e-03, 5.6033e-04,
        9.3388e-05, 4.8618e-01, 2.8016e-04, 4.6694e-04])
[2026-06-25 21:52:22,383][root][INFO] - reg loss: 4.172879279605926, entropy loss: 0.11456778093620583, leaf dev: 0.13086962699890137
[2026-06-25 21:52:22,384][root][INFO] - Val leaf stats: tensor([3.6459e-01, 6.2663e-02, 7.4710e-04, 1.4008e-03, 1.6894e-01, 9.3388e-05,
        5.6033e-04, 7.4710e-04, 7.4710e-04, 1.8678e-03, 3.9242e-01, 3.7355e-04,
        3.5487e-03, 6.5372e-04, 5.6033e-04, 9.3388e-05])
[2026-06-25 21:52:22,623][root][INFO] - Epoch: 33 | train acc: 0.9798, train loss: 8.49613317, valid acc: 0.9598, valid loss: 0.14525853, test acc: 0.9219, test loss: 2.12343128
[2026-06-25 21:52:23,350][root][INFO] - Epoch: 32 | train acc: 0.9707, train loss: 32.30081017, valid acc: 0.9597, valid loss: 0.14165215, test acc: 0.9354, test loss: 4.23084156
[2026-06-25 21:52:23,994][root][INFO] - reg loss: 4.212988992216726, entropy loss: 0.10840308662287142, leaf dev: 0.1423722207546234
[2026-06-25 21:52:23,995][root][INFO] - Val leaf stats: tensor([5.5388e-01, 6.3691e-02, 9.3388e-05, 7.9380e-03, 7.0882e-02, 8.4049e-04,
        8.9466e-02, 0.0000e+00, 9.3388e-05, 2.1479e-03, 2.0639e-01, 9.3388e-05,
        2.8016e-03, 0.0000e+00, 1.4942e-03, 1.8678e-04])
[2026-06-25 21:52:24,129][root][INFO] - Epoch: 32 | train acc: 0.9628, train loss: 4.58845908, valid acc: 0.9488, valid loss: 0.17399013, test acc: 0.9185, test loss: 0.67358381
[2026-06-25 21:52:24,418][root][INFO] - Epoch: 33 | train acc: 0.9695, train loss: 2.44534142, valid acc: 0.9574, valid loss: 0.16512382, test acc: 0.9256, test loss: 0.85951717
[2026-06-25 21:52:24,616][root][INFO] - reg loss: 4.024470069421032, entropy loss: 0.1388552199122767, leaf dev: 0.221033975481987
[2026-06-25 21:52:24,617][root][INFO] - Val leaf stats: tensor([8.8840e-01, 0.0000e+00, 1.3074e-03, 0.0000e+00, 7.2002e-02, 0.0000e+00,
        2.9511e-02, 0.0000e+00, 1.6810e-03, 0.0000e+00, 2.8950e-03, 1.8678e-04,
        3.9223e-03, 0.0000e+00, 9.3388e-05, 0.0000e+00])
[2026-06-25 21:52:24,699][root][INFO] - Epoch: 32 | train acc: 0.9600, train loss: 17.12058267, valid acc: 0.9394, valid loss: 0.19900382, test acc: 0.9084, test loss: 2.67567740
[2026-06-25 21:52:25,831][root][INFO] - reg loss: 4.460444334322814, entropy loss: 0.11236451605640391, leaf dev: 0.11099819839000702
[2026-06-25 21:52:25,832][root][INFO] - Val leaf stats: tensor([0.2460, 0.2327, 0.0108, 0.0005, 0.0504, 0.0000, 0.0026, 0.0007, 0.0101,
        0.0048, 0.3503, 0.0004, 0.0051, 0.0843, 0.0008, 0.0004])
[2026-06-25 21:52:25,982][root][INFO] - reg loss: 4.674361478714716, entropy loss: 0.11525703962675478, leaf dev: 0.09675583988428116
[2026-06-25 21:52:25,982][root][INFO] - Val leaf stats: tensor([0.1325, 0.2001, 0.0006, 0.0206, 0.0140, 0.0000, 0.0149, 0.0040, 0.0006,
        0.0879, 0.3507, 0.0762, 0.0021, 0.0889, 0.0064, 0.0006])
[2026-06-25 21:52:26,385][root][INFO] - reg loss: 4.246651149931408, entropy loss: 0.11077060798803966, leaf dev: 0.1003916934132576
[2026-06-25 21:52:26,386][root][INFO] - Val leaf stats: tensor([2.8876e-01, 2.0919e-02, 1.5064e-01, 5.6033e-04, 9.8244e-02, 1.7949e-01,
        1.8678e-04, 0.0000e+00, 9.3388e-05, 0.0000e+00, 1.1207e-03, 3.3620e-03,
        0.0000e+00, 2.5551e-01, 0.0000e+00, 1.1207e-03])
[2026-06-25 21:52:26,423][root][INFO] - Epoch: 33 | train acc: 0.9785, train loss: 4.32589535, valid acc: 0.9610, valid loss: 0.13656305, test acc: 0.9354, test loss: 1.44200306
[2026-06-25 21:52:28,008][root][INFO] - reg loss: 4.249825992281475, entropy loss: 0.10416628420352936, leaf dev: 0.17347650229930878
[2026-06-25 21:52:28,009][root][INFO] - Val leaf stats: tensor([6.9499e-01, 7.1909e-03, 8.4049e-04, 1.4755e-02, 6.9761e-02, 1.0273e-03,
        5.1270e-02, 3.7355e-04, 1.0273e-03, 8.4049e-04, 1.5204e-01, 9.3388e-05,
        2.5215e-03, 1.9612e-03, 5.6033e-04, 7.4710e-04])
[2026-06-25 21:52:31,230][root][INFO] - Epoch: 33 | train acc: 0.9682, train loss: 4.63947152, valid acc: 0.9517, valid loss: 0.18221701, test acc: 0.9157, test loss: 1.70543234
[2026-06-25 21:52:32,657][root][INFO] - reg loss: 4.530319234050771, entropy loss: 0.10359164847741051, leaf dev: 0.08505414426326752
[2026-06-25 21:52:32,658][root][INFO] - Val leaf stats: tensor([1.5026e-01, 3.3246e-02, 1.5428e-01, 6.5372e-04, 7.7232e-02, 1.7062e-01,
        4.1091e-03, 1.0833e-01, 1.7744e-03, 1.8117e-02, 9.3388e-05, 1.1207e-03,
        1.2140e-03, 2.7634e-01, 9.3388e-04, 1.6810e-03])
[2026-06-25 21:52:38,101][root][INFO] - Epoch: 33 | train acc: 0.9616, train loss: 8.73182507, valid acc: 0.9468, valid loss: 0.18001054, test acc: 0.9264, test loss: 1.70252571
[2026-06-25 21:52:38,956][root][INFO] - Epoch: 33 | train acc: 0.9838, train loss: 2.34704289, valid acc: 0.9631, valid loss: 0.13927813, test acc: 0.9317, test loss: 1.71050519
[2026-06-25 21:52:39,628][root][INFO] - reg loss: 4.302296822663968, entropy loss: 0.10946374792585928, leaf dev: 0.13353165984153748
[2026-06-25 21:52:39,629][root][INFO] - Val leaf stats: tensor([5.0336e-02, 4.4733e-02, 3.1434e-01, 3.7355e-04, 7.3683e-02, 2.2880e-02,
        0.0000e+00, 1.6810e-03, 1.6810e-03, 2.5215e-03, 6.5372e-04, 8.4049e-04,
        9.3388e-05, 4.6946e-01, 8.4049e-04, 1.5876e-02])
[2026-06-25 21:52:40,616][root][INFO] - reg loss: 4.580483010206273, entropy loss: 0.1240499839580879, leaf dev: 0.11884044855833054
[2026-06-25 21:52:40,617][root][INFO] - Val leaf stats: tensor([4.5191e-01, 1.7688e-01, 2.8016e-04, 2.5121e-02, 9.3388e-05, 2.4281e-03,
        1.1020e-01, 0.0000e+00, 9.3388e-05, 2.2413e-03, 1.0217e-01, 1.2495e-01,
        1.9612e-03, 7.4710e-04, 1.8678e-04, 7.4710e-04])
[2026-06-25 21:52:40,661][root][INFO] - Epoch: 33 | train acc: 0.9818, train loss: 8.70438579, valid acc: 0.9597, valid loss: 0.15145877, test acc: 0.9312, test loss: 2.10157960
[2026-06-25 21:52:42,033][root][INFO] - Epoch: 33 | train acc: 0.9815, train loss: 17.24182055, valid acc: 0.9601, valid loss: 0.16022669, test acc: 0.9244, test loss: 1.30881740
[2026-06-25 21:52:42,054][root][INFO] - reg loss: 4.318700533064585, entropy loss: 0.12613292917530372, leaf dev: 0.11472047120332718
[2026-06-25 21:52:42,055][root][INFO] - Val leaf stats: tensor([4.0120e-01, 7.3310e-02, 2.3721e-02, 3.7355e-04, 8.8719e-02, 2.3609e-01,
        0.0000e+00, 0.0000e+00, 3.0818e-03, 0.0000e+00, 7.4710e-04, 9.3388e-04,
        1.8678e-04, 1.7146e-01, 0.0000e+00, 1.8678e-04])
[2026-06-25 21:52:42,365][root][INFO] - Epoch: 34 | train acc: 0.9839, train loss: 0.05516041, valid acc: 0.9577, valid loss: 0.15044204, test acc: 0.9329, test loss: 1.65563121
[2026-06-25 21:52:42,867][root][INFO] - Epoch: 33 | train acc: 0.9559, train loss: 33.20470445, valid acc: 0.9413, valid loss: 0.19601167, test acc: 0.9190, test loss: 0.72012184
[2026-06-25 21:52:42,904][root][INFO] - Epoch: 33 | train acc: 0.9632, train loss: 8.60337321, valid acc: 0.9479, valid loss: 0.19294284, test acc: 0.9247, test loss: 0.76419843
[2026-06-25 21:52:43,606][root][INFO] - reg loss: 4.294136241630271, entropy loss: 0.10112762758656153, leaf dev: 0.11922398209571838
[2026-06-25 21:52:43,607][root][INFO] - Val leaf stats: tensor([2.6700e-01, 2.0452e-02, 9.4789e-02, 5.6033e-04, 9.4976e-02, 9.5256e-02,
        8.4049e-04, 5.6033e-04, 2.4281e-03, 1.4008e-03, 1.8678e-04, 5.6033e-04,
        0.0000e+00, 4.2062e-01, 1.8678e-04, 1.8678e-04])
[2026-06-25 21:52:44,102][root][INFO] - reg loss: 5.53219797497704, entropy loss: 0.21694208279488578, leaf dev: 0.08246707171201706
[2026-06-25 21:52:44,103][root][INFO] - Val leaf stats: tensor([0.3087, 0.0545, 0.1084, 0.0684, 0.0012, 0.0013, 0.0033, 0.0773, 0.0034,
        0.0036, 0.0010, 0.1208, 0.0064, 0.0057, 0.0925, 0.1434])
[2026-06-25 21:52:44,403][root][INFO] - reg loss: 4.131733435171622, entropy loss: 0.13071471673470955, leaf dev: 0.14204517006874084
[2026-06-25 21:52:44,404][root][INFO] - Val leaf stats: tensor([5.4417e-01, 3.9783e-02, 2.2114e-01, 0.0000e+00, 7.3777e-02, 1.8678e-04,
        0.0000e+00, 0.0000e+00, 1.7744e-03, 2.1479e-03, 1.2140e-03, 1.4008e-03,
        0.0000e+00, 1.1440e-01, 0.0000e+00, 0.0000e+00])
[2026-06-25 21:52:44,613][root][INFO] - reg loss: 4.235258064572773, entropy loss: 0.09567944370407276, leaf dev: 0.14137475192546844
[2026-06-25 21:52:44,614][root][INFO] - Val leaf stats: tensor([2.5700e-01, 1.8304e-02, 8.4049e-04, 9.3388e-05, 1.5316e-01, 0.0000e+00,
        7.4710e-04, 2.8016e-03, 1.7931e-02, 1.8397e-02, 5.2129e-01, 2.8016e-04,
        1.0273e-03, 1.6810e-03, 6.3504e-03, 9.3388e-05])
[2026-06-25 21:52:45,204][root][INFO] - Epoch: 34 | train acc: 0.9829, train loss: 2.36608203, valid acc: 0.9573, valid loss: 0.16160340, test acc: 0.9258, test loss: 0.83347361
[2026-06-25 21:52:45,560][root][INFO] - Epoch: 34 | train acc: 0.9641, train loss: 16.82270903, valid acc: 0.9479, valid loss: 0.19573878, test acc: 0.9360, test loss: 0.92952054
[2026-06-25 21:52:45,717][root][INFO] - Epoch: 33 | train acc: 0.9795, train loss: 33.67107821, valid acc: 0.9586, valid loss: 0.15882771, test acc: 0.9252, test loss: 2.04216893
[2026-06-25 21:52:47,119][root][INFO] - reg loss: 4.60818782685295, entropy loss: 0.09368413560604923, leaf dev: 0.10911258310079575
[2026-06-25 21:52:47,120][root][INFO] - Val leaf stats: tensor([3.7486e-01, 1.4176e-01, 7.9380e-03, 1.0273e-03, 7.7792e-02, 1.4102e-02,
        3.2032e-02, 4.6694e-04, 3.1752e-03, 8.8719e-03, 7.4710e-04, 4.6694e-04,
        3.7355e-04, 2.5971e-01, 1.9612e-03, 7.4710e-02])
[2026-06-25 21:52:47,238][root][INFO] - reg loss: 4.200015951085974, entropy loss: 0.11450430537973132, leaf dev: 0.12770433723926544
[2026-06-25 21:52:47,239][root][INFO] - Val leaf stats: tensor([1.8799e-01, 1.4942e-02, 9.9272e-02, 0.0000e+00, 8.8252e-02, 1.1272e-01,
        1.9612e-03, 1.8678e-04, 6.5372e-04, 2.8016e-04, 1.3074e-03, 5.6033e-04,
        9.3388e-05, 4.9113e-01, 2.8016e-04, 3.7355e-04])
[2026-06-25 21:52:47,365][root][INFO] - reg loss: 4.173628141009618, entropy loss: 0.11533389555871802, leaf dev: 0.13083477318286896
[2026-06-25 21:52:47,366][root][INFO] - Val leaf stats: tensor([3.6543e-01, 6.2010e-02, 7.4710e-04, 1.6810e-03, 1.6847e-01, 9.3388e-05,
        9.3388e-04, 9.3388e-04, 8.4049e-04, 1.5876e-03, 3.9176e-01, 4.6694e-04,
        3.5487e-03, 8.4049e-04, 5.6033e-04, 9.3388e-05])
[2026-06-25 21:52:48,015][root][INFO] - Epoch: 34 | train acc: 0.9797, train loss: 8.50496681, valid acc: 0.9587, valid loss: 0.15226690, test acc: 0.9264, test loss: 2.15483218
[2026-06-25 21:52:48,719][root][INFO] - Epoch: 33 | train acc: 0.9721, train loss: 32.29412517, valid acc: 0.9596, valid loss: 0.14276572, test acc: 0.9350, test loss: 4.62165775
[2026-06-25 21:52:49,380][root][INFO] - reg loss: 4.217534847360439, entropy loss: 0.10734019152544162, leaf dev: 0.14102254807949066
[2026-06-25 21:52:49,381][root][INFO] - Val leaf stats: tensor([5.4707e-01, 6.6306e-02, 9.3388e-05, 8.2182e-03, 7.0975e-02, 8.4049e-04,
        9.0400e-02, 0.0000e+00, 9.3388e-05, 2.1479e-03, 2.0938e-01, 0.0000e+00,
        2.8016e-03, 0.0000e+00, 1.4942e-03, 1.8678e-04])
[2026-06-25 21:52:49,979][root][INFO] - reg loss: 4.023902252237633, entropy loss: 0.13681510295817462, leaf dev: 0.22115454077720642
[2026-06-25 21:52:49,980][root][INFO] - Val leaf stats: tensor([8.8887e-01, 0.0000e+00, 1.2140e-03, 0.0000e+00, 7.1909e-02, 0.0000e+00,
        2.9230e-02, 0.0000e+00, 1.6810e-03, 0.0000e+00, 2.8950e-03, 1.8678e-04,
        3.9223e-03, 0.0000e+00, 9.3388e-05, 0.0000e+00])
[2026-06-25 21:52:49,991][root][INFO] - Epoch: 34 | train acc: 0.9710, train loss: 2.42359624, valid acc: 0.9587, valid loss: 0.15981567, test acc: 0.9237, test loss: 0.79320212
[2026-06-25 21:52:50,378][root][INFO] - Epoch: 33 | train acc: 0.9599, train loss: 17.09503407, valid acc: 0.9361, valid loss: 0.20704116, test acc: 0.9068, test loss: 2.71100705
[2026-06-25 21:52:50,575][root][INFO] - Epoch: 33 | train acc: 0.9627, train loss: 4.55384048, valid acc: 0.9486, valid loss: 0.17588351, test acc: 0.9193, test loss: 0.96082625
[2026-06-25 21:52:51,410][root][INFO] - reg loss: 4.640888234294912, entropy loss: 0.11365633197720089, leaf dev: 0.09736978262662888
[2026-06-25 21:52:51,411][root][INFO] - Val leaf stats: tensor([0.1547, 0.2106, 0.0007, 0.0218, 0.0121, 0.0000, 0.0144, 0.0035, 0.0005,
        0.0885, 0.3425, 0.0579, 0.0022, 0.0839, 0.0064, 0.0005])
[2026-06-25 21:52:51,734][root][INFO] - Epoch: 34 | train acc: 0.9792, train loss: 4.30686153, valid acc: 0.9603, valid loss: 0.14157953, test acc: 0.9327, test loss: 1.57270865
[2026-06-25 21:52:52,054][root][INFO] - reg loss: 4.239889488018379, entropy loss: 0.10962032652878888, leaf dev: 0.10047482699155807
[2026-06-25 21:52:52,055][root][INFO] - Val leaf stats: tensor([2.8371e-01, 1.9705e-02, 1.4755e-01, 1.8678e-04, 9.5443e-02, 1.9238e-01,
        1.8678e-04, 9.3388e-05, 9.3388e-05, 0.0000e+00, 1.1207e-03, 3.2686e-03,
        0.0000e+00, 2.5523e-01, 0.0000e+00, 1.0273e-03])
[2026-06-25 21:52:52,407][root][INFO] - reg loss: 4.4275461857911775, entropy loss: 0.10993821725801185, leaf dev: 0.1130281388759613
[2026-06-25 21:52:52,409][root][INFO] - Val leaf stats: tensor([0.2424, 0.2341, 0.0120, 0.0005, 0.0391, 0.0000, 0.0021, 0.0009, 0.0099,
        0.0040, 0.3625, 0.0005, 0.0056, 0.0854, 0.0007, 0.0004])
[2026-06-25 21:52:53,342][root][INFO] - reg loss: 4.231257685908565, entropy loss: 0.10287411806602327, leaf dev: 0.17277370393276215
[2026-06-25 21:52:53,343][root][INFO] - Val leaf stats: tensor([6.9303e-01, 1.1300e-02, 1.0273e-03, 1.4569e-02, 7.0228e-02, 1.0273e-03,
        5.0430e-02, 2.8016e-04, 1.4942e-03, 7.4710e-04, 1.4877e-01, 9.3388e-05,
        2.1479e-03, 2.0545e-03, 2.3347e-03, 4.6694e-04])
[2026-06-25 21:52:56,237][root][INFO] - Epoch: 34 | train acc: 0.9703, train loss: 4.61750203, valid acc: 0.9504, valid loss: 0.18893023, test acc: 0.9155, test loss: 1.79239126
[2026-06-25 21:52:57,555][root][INFO] - reg loss: 4.516835962023054, entropy loss: 0.10162261199383509, leaf dev: 0.08452390134334564
[2026-06-25 21:52:57,556][root][INFO] - Val leaf stats: tensor([0.1693, 0.0340, 0.1561, 0.0009, 0.0780, 0.1591, 0.0030, 0.1045, 0.0018,
        0.0180, 0.0003, 0.0011, 0.0012, 0.2698, 0.0009, 0.0019])
[2026-06-25 21:53:03,101][root][INFO] - Epoch: 34 | train acc: 0.9621, train loss: 8.71297644, valid acc: 0.9456, valid loss: 0.18525995, test acc: 0.9260, test loss: 1.72344739
[2026-06-25 21:53:03,605][root][INFO] - Epoch: 34 | train acc: 0.9833, train loss: 2.34919203, valid acc: 0.9611, valid loss: 0.14898925, test acc: 0.9336, test loss: 0.86715876
[2026-06-25 21:53:04,520][root][INFO] - reg loss: 4.294161143126311, entropy loss: 0.10830938350902032, leaf dev: 0.1339375525712967
[2026-06-25 21:53:04,521][root][INFO] - Val leaf stats: tensor([5.0056e-02, 4.4173e-02, 3.1108e-01, 3.7355e-04, 7.3870e-02, 2.3814e-02,
        0.0000e+00, 1.6810e-03, 1.6810e-03, 2.3347e-03, 6.5372e-04, 8.4049e-04,
        9.3388e-05, 4.7338e-01, 6.5372e-04, 1.5316e-02])
[2026-06-25 21:53:05,139][root][INFO] - Epoch: 34 | train acc: 0.9790, train loss: 8.67908139, valid acc: 0.9588, valid loss: 0.15480152, test acc: 0.9311, test loss: 2.28976785
[2026-06-25 21:53:05,189][root][INFO] - reg loss: 4.580109124461179, entropy loss: 0.12325622590761336, leaf dev: 0.11588884145021439
[2026-06-25 21:53:05,190][root][INFO] - Val leaf stats: tensor([4.3724e-01, 1.4400e-01, 4.6694e-04, 2.3814e-02, 9.3388e-05, 2.8950e-03,
        1.0646e-01, 9.3388e-05, 3.7355e-04, 2.5215e-03, 1.1552e-01, 1.6362e-01,
        1.1207e-03, 1.0273e-03, 1.8678e-04, 5.6033e-04])
[2026-06-25 21:53:06,586][root][INFO] - reg loss: 4.301770765314657, entropy loss: 0.12443523455864539, leaf dev: 0.11343424767255783
[2026-06-25 21:53:06,587][root][INFO] - Val leaf stats: tensor([3.9382e-01, 7.5738e-02, 2.2787e-02, 2.8016e-04, 9.1987e-02, 2.3254e-01,
        0.0000e+00, 0.0000e+00, 2.9884e-03, 0.0000e+00, 7.4710e-04, 9.3388e-04,
        1.8678e-04, 1.7781e-01, 0.0000e+00, 1.8678e-04])
[2026-06-25 21:53:07,281][root][INFO] - Epoch: 34 | train acc: 0.9818, train loss: 17.23954626, valid acc: 0.9569, valid loss: 0.17016650, test acc: 0.9230, test loss: 1.36974769
[2026-06-25 21:53:07,754][root][INFO] - Epoch: 35 | train acc: 0.9831, train loss: 0.05761695, valid acc: 0.9600, valid loss: 0.14631137, test acc: 0.9309, test loss: 1.65345738
[2026-06-25 21:53:08,073][root][INFO] - Epoch: 34 | train acc: 0.9557, train loss: 33.17082216, valid acc: 0.9415, valid loss: 0.19377473, test acc: 0.9175, test loss: 0.75177326
[2026-06-25 21:53:08,755][root][INFO] - reg loss: 4.293488298143659, entropy loss: 0.09950717148326692, leaf dev: 0.12475895136594772
[2026-06-25 21:53:08,756][root][INFO] - Val leaf stats: tensor([2.3132e-01, 1.7557e-02, 9.3015e-02, 1.1207e-03, 9.4042e-02, 9.2361e-02,
        1.2140e-03, 3.7355e-04, 2.0545e-03, 1.0273e-03, 1.8678e-04, 4.6694e-04,
        0.0000e+00, 4.6489e-01, 2.8016e-04, 9.3388e-05])
[2026-06-25 21:53:08,759][root][INFO] - Epoch: 34 | train acc: 0.9645, train loss: 8.60806720, valid acc: 0.9427, valid loss: 0.20018892, test acc: 0.9153, test loss: 0.81779680
[2026-06-25 21:53:09,406][root][INFO] - reg loss: 5.374558534571733, entropy loss: 0.20519576280836074, leaf dev: 0.08507460355758667
[2026-06-25 21:53:09,407][root][INFO] - Val leaf stats: tensor([0.3258, 0.0620, 0.1179, 0.0544, 0.0007, 0.0014, 0.0043, 0.0795, 0.0035,
        0.0039, 0.0012, 0.0893, 0.0111, 0.0064, 0.0947, 0.1439])
[2026-06-25 21:53:09,409][root][INFO] - reg loss: 4.127613572216538, entropy loss: 0.1277222703137095, leaf dev: 0.14217984676361084
[2026-06-25 21:53:09,410][root][INFO] - Val leaf stats: tensor([5.4436e-01, 3.7542e-02, 2.2217e-01, 4.6694e-04, 7.3496e-02, 1.8678e-04,
        0.0000e+00, 0.0000e+00, 1.7744e-03, 2.4281e-03, 1.2140e-03, 1.4008e-03,
        0.0000e+00, 1.1496e-01, 0.0000e+00, 0.0000e+00])
[2026-06-25 21:53:10,298][root][INFO] - reg loss: 4.2389098273383246, entropy loss: 0.09600833602367885, leaf dev: 0.14043506979942322
[2026-06-25 21:53:10,299][root][INFO] - Val leaf stats: tensor([2.5149e-01, 1.7837e-02, 6.5372e-04, 5.8835e-03, 1.5699e-01, 0.0000e+00,
        7.4710e-04, 2.8016e-03, 1.6903e-02, 1.8211e-02, 5.1905e-01, 2.8016e-04,
        9.3388e-04, 1.7744e-03, 6.2570e-03, 1.8678e-04])
[2026-06-25 21:53:11,353][root][INFO] - Epoch: 35 | train acc: 0.9647, train loss: 16.80020292, valid acc: 0.9486, valid loss: 0.18308769, test acc: 0.9332, test loss: 0.90335261
[2026-06-25 21:53:11,687][root][INFO] - Epoch: 35 | train acc: 0.9794, train loss: 2.34770230, valid acc: 0.9590, valid loss: 0.16098314, test acc: 0.9258, test loss: 0.81560766
[2026-06-25 21:53:11,698][root][INFO] - Epoch: 34 | train acc: 0.9796, train loss: 33.62657392, valid acc: 0.9586, valid loss: 0.16293262, test acc: 0.9232, test loss: 2.54856699
[2026-06-25 21:53:13,102][root][INFO] - reg loss: 4.168945115710062, entropy loss: 0.11511256415692586, leaf dev: 0.13187870383262634
[2026-06-25 21:53:13,103][root][INFO] - Val leaf stats: tensor([3.5926e-01, 5.9675e-02, 8.4049e-04, 2.5215e-03, 1.6334e-01, 9.3388e-05,
        8.4049e-04, 7.4710e-04, 6.5372e-04, 1.4942e-03, 4.0502e-01, 7.4710e-04,
        3.5487e-03, 4.6694e-04, 6.5372e-04, 9.3388e-05])
[2026-06-25 21:53:13,155][root][INFO] - Epoch: 35 | train acc: 0.9812, train loss: 8.48119631, valid acc: 0.9608, valid loss: 0.14865823, test acc: 0.9291, test loss: 2.17665607
[2026-06-25 21:53:13,299][root][INFO] - reg loss: 4.194480845537135, entropy loss: 0.11250218898846359, leaf dev: 0.12779520452022552
[2026-06-25 21:53:13,300][root][INFO] - Val leaf stats: tensor([1.9313e-01, 1.5596e-02, 9.6563e-02, 0.0000e+00, 8.7505e-02, 1.1085e-01,
        1.9612e-03, 1.8678e-04, 6.5372e-04, 2.8016e-04, 1.3074e-03, 5.6033e-04,
        1.8678e-04, 4.9057e-01, 2.8016e-04, 3.7355e-04])
[2026-06-25 21:53:13,386][root][INFO] - reg loss: 4.549570603345437, entropy loss: 0.08818330868053689, leaf dev: 0.10675018280744553
[2026-06-25 21:53:13,387][root][INFO] - Val leaf stats: tensor([0.3729, 0.1404, 0.0076, 0.0010, 0.0775, 0.0123, 0.0369, 0.0005, 0.0032,
        0.0086, 0.0008, 0.0006, 0.0005, 0.2429, 0.0050, 0.0894])
[2026-06-25 21:53:14,357][root][INFO] - Epoch: 34 | train acc: 0.9723, train loss: 32.29025262, valid acc: 0.9609, valid loss: 0.14029716, test acc: 0.9372, test loss: 4.44017056
[2026-06-25 21:53:14,985][root][INFO] - reg loss: 4.207303301997916, entropy loss: 0.10568718884199385, leaf dev: 0.14280322194099426
[2026-06-25 21:53:14,986][root][INFO] - Val leaf stats: tensor([5.5519e-01, 6.2944e-02, 9.3388e-05, 8.4983e-03, 7.0601e-02, 9.3388e-04,
        8.6010e-02, 0.0000e+00, 9.3388e-05, 2.0545e-03, 2.0910e-01, 0.0000e+00,
        2.8016e-03, 0.0000e+00, 1.4942e-03, 1.8678e-04])
[2026-06-25 21:53:15,337][root][INFO] - Epoch: 35 | train acc: 0.9685, train loss: 2.47347076, valid acc: 0.9607, valid loss: 0.15517907, test acc: 0.9243, test loss: 0.80997177
[2026-06-25 21:53:15,645][root][INFO] - reg loss: 4.0235645758411875, entropy loss: 0.13530094432767736, leaf dev: 0.22105596959590912
[2026-06-25 21:53:15,645][root][INFO] - Val leaf stats: tensor([8.8849e-01, 0.0000e+00, 1.2140e-03, 0.0000e+00, 7.2002e-02, 0.0000e+00,
        2.9137e-02, 0.0000e+00, 1.7744e-03, 0.0000e+00, 3.1752e-03, 1.8678e-04,
        3.9223e-03, 0.0000e+00, 9.3388e-05, 0.0000e+00])
[2026-06-25 21:53:16,029][root][INFO] - Epoch: 34 | train acc: 0.9602, train loss: 17.08665908, valid acc: 0.9375, valid loss: 0.20541235, test acc: 0.9053, test loss: 1.25301261
[2026-06-25 21:53:16,894][root][INFO] - reg loss: 4.7287695370023215, entropy loss: 0.11477998159234486, leaf dev: 0.09100416302680969
[2026-06-25 21:53:16,895][root][INFO] - Val leaf stats: tensor([0.1375, 0.2096, 0.0007, 0.0233, 0.0145, 0.0000, 0.0149, 0.0035, 0.0005,
        0.0852, 0.3135, 0.1040, 0.0013, 0.0803, 0.0106, 0.0007])
[2026-06-25 21:53:17,195][root][INFO] - Epoch: 34 | train acc: 0.9642, train loss: 4.52177567, valid acc: 0.9486, valid loss: 0.17508686, test acc: 0.9234, test loss: 0.72805623
[2026-06-25 21:53:17,304][root][INFO] - Epoch: 35 | train acc: 0.9780, train loss: 4.31732889, valid acc: 0.9612, valid loss: 0.14030232, test acc: 0.9329, test loss: 1.50182413
[2026-06-25 21:53:17,647][root][INFO] - reg loss: 4.23836164878159, entropy loss: 0.10893240275364073, leaf dev: 0.10012553632259369
[2026-06-25 21:53:17,648][root][INFO] - Val leaf stats: tensor([2.8231e-01, 2.0732e-02, 1.4793e-01, 1.8678e-04, 9.6657e-02, 1.9070e-01,
        9.3388e-05, 2.8016e-04, 9.3388e-05, 0.0000e+00, 1.1207e-03, 3.2686e-03,
        0.0000e+00, 2.5523e-01, 9.3388e-05, 1.3074e-03])
[2026-06-25 21:53:18,933][root][INFO] - reg loss: 4.238843483899636, entropy loss: 0.10248144120766373, leaf dev: 0.16835439205169678
[2026-06-25 21:53:18,934][root][INFO] - Val leaf stats: tensor([6.7426e-01, 1.9331e-02, 1.0273e-03, 1.4475e-02, 7.0508e-02, 1.0273e-03,
        5.5659e-02, 2.8016e-04, 1.6810e-03, 8.4049e-04, 1.5605e-01, 9.3388e-05,
        2.0545e-03, 1.8678e-03, 5.6033e-04, 2.8016e-04])
[2026-06-25 21:53:19,152][root][INFO] - reg loss: 4.400549192277212, entropy loss: 0.10903752563649384, leaf dev: 0.11227337270975113
[2026-06-25 21:53:19,153][root][INFO] - Val leaf stats: tensor([0.2415, 0.2387, 0.0124, 0.0005, 0.0438, 0.0000, 0.0022, 0.0007, 0.0101,
        0.0038, 0.3568, 0.0005, 0.0052, 0.0820, 0.0009, 0.0007])
[2026-06-25 21:53:21,460][root][INFO] - Epoch: 35 | train acc: 0.9717, train loss: 4.60427357, valid acc: 0.9527, valid loss: 0.18186177, test acc: 0.9190, test loss: 1.78836677
[2026-06-25 21:53:22,728][root][INFO] - reg loss: 4.506153850959092, entropy loss: 0.09907974673326685, leaf dev: 0.08485526591539383
[2026-06-25 21:53:22,729][root][INFO] - Val leaf stats: tensor([1.7557e-01, 3.2686e-02, 1.4830e-01, 1.2140e-03, 7.6578e-02, 1.6109e-01,
        2.7083e-03, 1.0693e-01, 1.7744e-03, 1.7557e-02, 1.8678e-04, 1.1207e-03,
        1.2140e-03, 2.7027e-01, 9.3388e-04, 1.8678e-03])
[2026-06-25 21:53:27,224][root][INFO] - Epoch: 35 | train acc: 0.9628, train loss: 8.70797113, valid acc: 0.9451, valid loss: 0.18848951, test acc: 0.9266, test loss: 1.61899258
[2026-06-25 21:53:28,481][root][INFO] - Epoch: 35 | train acc: 0.9839, train loss: 2.33942677, valid acc: 0.9610, valid loss: 0.15933703, test acc: 0.9309, test loss: 0.88701200
[2026-06-25 21:53:28,758][root][INFO] - Epoch: 35 | train acc: 0.9803, train loss: 8.66036091, valid acc: 0.9584, valid loss: 0.15339721, test acc: 0.9333, test loss: 2.81137989
[2026-06-25 21:53:28,773][root][INFO] - reg loss: 4.292190059782967, entropy loss: 0.1054117609426458, leaf dev: 0.1325327605009079
[2026-06-25 21:53:28,774][root][INFO] - Val leaf stats: tensor([5.2578e-02, 4.2585e-02, 3.0902e-01, 4.6694e-04, 7.5084e-02, 2.1759e-02,
        9.3388e-05, 1.6810e-03, 1.6810e-03, 2.4281e-03, 4.6694e-04, 8.4049e-04,
        9.3388e-05, 4.6834e-01, 2.1479e-03, 2.0732e-02])
[2026-06-25 21:53:29,924][root][INFO] - reg loss: 4.568127634664061, entropy loss: 0.12255929974178789, leaf dev: 0.11259331554174423
[2026-06-25 21:53:29,925][root][INFO] - Val leaf stats: tensor([4.2678e-01, 1.4307e-01, 1.8678e-04, 2.7363e-02, 0.0000e+00, 3.0818e-03,
        8.0594e-02, 2.8016e-04, 2.8016e-04, 3.9223e-03, 1.3130e-01, 1.5811e-01,
        1.0273e-03, 2.3160e-02, 1.8678e-04, 6.5372e-04])
[2026-06-25 21:53:30,315][root][INFO] - reg loss: 4.295484013027615, entropy loss: 0.12336798670588348, leaf dev: 0.11306748539209366
[2026-06-25 21:53:30,316][root][INFO] - Val leaf stats: tensor([3.9699e-01, 8.1248e-02, 2.2787e-02, 1.8678e-04, 9.1053e-02, 2.1358e-01,
        0.0000e+00, 0.0000e+00, 3.1752e-03, 0.0000e+00, 7.4710e-04, 9.3388e-04,
        2.8016e-04, 1.8874e-01, 0.0000e+00, 2.8016e-04])
[2026-06-25 21:53:32,780][root][INFO] - Epoch: 35 | train acc: 0.9565, train loss: 33.14418435, valid acc: 0.9412, valid loss: 0.19548678, test acc: 0.9189, test loss: 0.77337512
[2026-06-25 21:53:33,010][root][INFO] - Epoch: 35 | train acc: 0.9783, train loss: 17.41149677, valid acc: 0.9595, valid loss: 0.16658598, test acc: 0.9266, test loss: 1.42772352
[2026-06-25 21:53:33,012][root][INFO] - Epoch: 36 | train acc: 0.9830, train loss: 0.05790509, valid acc: 0.9620, valid loss: 0.14558442, test acc: 0.9248, test loss: 1.54868041
[2026-06-25 21:53:33,709][root][INFO] - Epoch: 35 | train acc: 0.9655, train loss: 8.59610208, valid acc: 0.9486, valid loss: 0.19018476, test acc: 0.9235, test loss: 0.84630922
[2026-06-25 21:53:34,201][root][INFO] - reg loss: 4.124517915110109, entropy loss: 0.12601180421927619, leaf dev: 0.1423799693584442
[2026-06-25 21:53:34,202][root][INFO] - Val leaf stats: tensor([5.4641e-01, 3.6888e-02, 2.1815e-01, 2.8016e-04, 7.5364e-02, 1.8678e-04,
        0.0000e+00, 0.0000e+00, 1.7744e-03, 2.7083e-03, 1.2140e-03, 1.4008e-03,
        0.0000e+00, 1.1561e-01, 0.0000e+00, 0.0000e+00])
[2026-06-25 21:53:34,759][root][INFO] - reg loss: 5.309246305435423, entropy loss: 0.19664639754900856, leaf dev: 0.08168390393257141
[2026-06-25 21:53:34,761][root][INFO] - Val leaf stats: tensor([0.3041, 0.0623, 0.1232, 0.0627, 0.0004, 0.0017, 0.0027, 0.0805, 0.0035,
        0.0053, 0.0007, 0.1066, 0.0043, 0.0059, 0.0926, 0.1435])
[2026-06-25 21:53:34,776][root][INFO] - reg loss: 4.334007245522958, entropy loss: 0.09929737831076617, leaf dev: 0.1246652752161026
[2026-06-25 21:53:34,777][root][INFO] - Val leaf stats: tensor([2.3665e-01, 1.8397e-02, 9.1240e-02, 1.0273e-03, 9.3388e-02, 9.0960e-02,
        1.2140e-03, 3.7355e-04, 2.0545e-03, 1.0273e-03, 1.8678e-04, 4.6694e-04,
        0.0000e+00, 4.6255e-01, 2.8016e-04, 1.8678e-04])
[2026-06-25 21:53:35,309][root][INFO] - reg loss: 4.235353131773611, entropy loss: 0.0956293349228208, leaf dev: 0.14256714284420013
[2026-06-25 21:53:35,310][root][INFO] - Val leaf stats: tensor([2.4701e-01, 1.6997e-02, 6.5372e-04, 7.4710e-04, 1.5493e-01, 0.0000e+00,
        9.3388e-04, 2.8016e-03, 1.7464e-02, 1.8584e-02, 5.3044e-01, 1.8678e-04,
        8.4049e-04, 2.1479e-03, 6.0702e-03, 1.8678e-04])
[2026-06-25 21:53:37,072][root][INFO] - Epoch: 36 | train acc: 0.9793, train loss: 2.36160293, valid acc: 0.9557, valid loss: 0.16264735, test acc: 0.9270, test loss: 0.82853460
[2026-06-25 21:53:37,348][root][INFO] - Epoch: 35 | train acc: 0.9802, train loss: 33.63067223, valid acc: 0.9587, valid loss: 0.16388642, test acc: 0.9260, test loss: 3.88502973
[2026-06-25 21:53:37,660][root][INFO] - Epoch: 36 | train acc: 0.9644, train loss: 16.81287824, valid acc: 0.9482, valid loss: 0.19175701, test acc: 0.9203, test loss: 1.02169298
[2026-06-25 21:53:38,573][root][INFO] - reg loss: 4.576230286290406, entropy loss: 0.08919485843686199, leaf dev: 0.1076439917087555
[2026-06-25 21:53:38,574][root][INFO] - Val leaf stats: tensor([0.3778, 0.1390, 0.0409, 0.0006, 0.0449, 0.0091, 0.0312, 0.0009, 0.0031,
        0.0079, 0.0007, 0.0006, 0.0006, 0.2480, 0.0059, 0.0890])
[2026-06-25 21:53:38,871][root][INFO] - reg loss: 4.195109334572282, entropy loss: 0.10967981074222181, leaf dev: 0.12504488229751587
[2026-06-25 21:53:38,872][root][INFO] - Val leaf stats: tensor([2.1143e-01, 1.6250e-02, 9.4509e-02, 0.0000e+00, 8.7878e-02, 1.1207e-01,
        1.9612e-03, 9.3388e-05, 7.4710e-04, 1.8678e-04, 1.1207e-03, 5.6033e-04,
        1.8678e-04, 4.7208e-01, 3.7355e-04, 5.6033e-04])
[2026-06-25 21:53:38,882][root][INFO] - Epoch: 36 | train acc: 0.9811, train loss: 8.47066240, valid acc: 0.9597, valid loss: 0.15147249, test acc: 0.9280, test loss: 2.20655612
[2026-06-25 21:53:39,338][root][INFO] - reg loss: 4.171664119397522, entropy loss: 0.11101208587802908, leaf dev: 0.13103559613227844
[2026-06-25 21:53:39,339][root][INFO] - Val leaf stats: tensor([3.6589e-01, 6.5092e-02, 6.5372e-04, 1.4008e-03, 1.6334e-01, 9.3388e-05,
        7.4710e-04, 8.4049e-04, 7.4710e-04, 1.6810e-03, 3.9400e-01, 2.8016e-04,
        3.5487e-03, 8.4049e-04, 7.4710e-04, 9.3388e-05])
[2026-06-25 21:53:39,622][root][INFO] - Epoch: 35 | train acc: 0.9722, train loss: 32.30003153, valid acc: 0.9618, valid loss: 0.13768775, test acc: 0.9384, test loss: 4.43885982
[2026-06-25 21:53:40,456][root][INFO] - reg loss: 4.202330768423736, entropy loss: 0.10446011495810968, leaf dev: 0.1418905109167099
[2026-06-25 21:53:40,457][root][INFO] - Val leaf stats: tensor([5.5174e-01, 6.5465e-02, 9.3388e-05, 8.4049e-03, 7.0975e-02, 9.3388e-04,
        8.8999e-02, 0.0000e+00, 9.3388e-05, 2.0545e-03, 2.0676e-01, 0.0000e+00,
        2.8016e-03, 0.0000e+00, 1.4942e-03, 1.8678e-04])
[2026-06-25 21:53:40,796][root][INFO] - Epoch: 36 | train acc: 0.9704, train loss: 2.43669321, valid acc: 0.9596, valid loss: 0.15882161, test acc: 0.9269, test loss: 0.80851015
[2026-06-25 21:53:41,239][root][INFO] - reg loss: 4.024868107346631, entropy loss: 0.13317054525885003, leaf dev: 0.21997031569480896
[2026-06-25 21:53:41,240][root][INFO] - Val leaf stats: tensor([8.8429e-01, 0.0000e+00, 1.3074e-03, 0.0000e+00, 7.2002e-02, 0.0000e+00,
        3.3433e-02, 0.0000e+00, 1.6810e-03, 0.0000e+00, 3.0818e-03, 1.8678e-04,
        3.9223e-03, 0.0000e+00, 9.3388e-05, 0.0000e+00])
[2026-06-25 21:53:41,518][root][INFO] - Epoch: 35 | train acc: 0.9615, train loss: 17.05333167, valid acc: 0.9376, valid loss: 0.20557180, test acc: 0.9082, test loss: 1.25722874
[2026-06-25 21:53:42,285][root][INFO] - reg loss: 4.666542540151606, entropy loss: 0.11066385606924693, leaf dev: 0.09351879358291626
[2026-06-25 21:53:42,286][root][INFO] - Val leaf stats: tensor([1.2701e-01, 2.2161e-01, 3.7355e-04, 2.2133e-02, 1.2140e-02, 9.3388e-05,
        1.2794e-02, 3.7355e-03, 4.6694e-04, 8.7598e-02, 3.2247e-01, 9.7030e-02,
        1.4008e-03, 8.0314e-02, 1.0086e-02, 7.4710e-04])
[2026-06-25 21:53:43,100][root][INFO] - reg loss: 4.230828580402193, entropy loss: 0.10818422309778354, leaf dev: 0.10009467601776123
[2026-06-25 21:53:43,101][root][INFO] - Val leaf stats: tensor([2.8362e-01, 2.1479e-02, 1.5064e-01, 1.8678e-04, 9.6003e-02, 1.8762e-01,
        9.3388e-05, 9.3388e-05, 9.3388e-05, 0.0000e+00, 1.1207e-03, 3.2686e-03,
        0.0000e+00, 2.5448e-01, 0.0000e+00, 1.3074e-03])
[2026-06-25 21:53:43,194][root][INFO] - Epoch: 36 | train acc: 0.9792, train loss: 4.30545247, valid acc: 0.9592, valid loss: 0.15393968, test acc: 0.9282, test loss: 1.51881615
[2026-06-25 21:53:43,549][root][INFO] - Epoch: 35 | train acc: 0.9650, train loss: 4.49325494, valid acc: 0.9441, valid loss: 0.19300790, test acc: 0.9128, test loss: 1.58198456
[2026-06-25 21:53:44,993][root][INFO] - reg loss: 4.231497113666837, entropy loss: 0.10098503612809712, leaf dev: 0.1711939424276352
[2026-06-25 21:53:44,995][root][INFO] - Val leaf stats: tensor([6.8622e-01, 1.6156e-02, 1.6810e-03, 2.0359e-02, 6.9948e-02, 1.3074e-03,
        4.2118e-02, 1.8678e-04, 1.6810e-03, 8.4049e-04, 1.5446e-01, 9.3388e-05,
        2.1479e-03, 1.9612e-03, 5.6033e-04, 2.8016e-04])
[2026-06-25 21:53:45,291][root][INFO] - reg loss: 4.373261961356673, entropy loss: 0.1070487851661349, leaf dev: 0.10975822061300278
[2026-06-25 21:53:45,292][root][INFO] - Val leaf stats: tensor([2.1330e-01, 2.2871e-01, 9.8991e-03, 2.8016e-04, 7.2376e-02, 0.0000e+00,
        5.6967e-03, 8.4049e-04, 1.0553e-02, 4.9496e-03, 3.6524e-01, 1.1207e-03,
        5.0430e-03, 8.0407e-02, 1.0273e-03, 5.6033e-04])
[2026-06-25 21:53:46,098][root][INFO] - Epoch: 36 | train acc: 0.9726, train loss: 4.57485007, valid acc: 0.9539, valid loss: 0.17950113, test acc: 0.9202, test loss: 1.92571747
[2026-06-25 21:53:47,458][root][INFO] - reg loss: 4.481135370870116, entropy loss: 0.09776027670139989, leaf dev: 0.08570815622806549
[2026-06-25 21:53:47,459][root][INFO] - Val leaf stats: tensor([0.1667, 0.0319, 0.1401, 0.0011, 0.0779, 0.1649, 0.0026, 0.1109, 0.0018,
        0.0166, 0.0003, 0.0010, 0.0012, 0.2800, 0.0009, 0.0020])
[2026-06-25 21:53:51,598][root][INFO] - Epoch: 36 | train acc: 0.9634, train loss: 8.75115441, valid acc: 0.9459, valid loss: 0.18857681, test acc: 0.9248, test loss: 1.64360678
[2026-06-25 21:53:53,012][root][INFO] - Epoch: 36 | train acc: 0.9802, train loss: 2.40256591, valid acc: 0.9562, valid loss: 0.16814205, test acc: 0.9231, test loss: 0.98199522
[2026-06-25 21:53:53,081][root][INFO] - reg loss: 4.3142987483392945, entropy loss: 0.10354043365943999, leaf dev: 0.13050101697444916
[2026-06-25 21:53:53,082][root][INFO] - Val leaf stats: tensor([5.4912e-02, 4.9309e-02, 3.0510e-01, 3.7355e-04, 7.4617e-02, 2.8857e-02,
        9.3388e-05, 1.4942e-03, 1.6810e-03, 1.9612e-03, 7.4710e-04, 9.3388e-04,
        2.8016e-04, 4.6124e-01, 2.1479e-03, 1.6250e-02])
[2026-06-25 21:53:53,423][root][INFO] - Epoch: 36 | train acc: 0.9796, train loss: 8.67153517, valid acc: 0.9582, valid loss: 0.15527555, test acc: 0.9310, test loss: 2.26867134
[2026-06-25 21:53:54,702][root][INFO] - reg loss: 4.665320696654143, entropy loss: 0.1205319599420936, leaf dev: 0.10938537865877151
[2026-06-25 21:53:54,703][root][INFO] - Val leaf stats: tensor([4.0596e-01, 1.3560e-01, 9.3388e-04, 2.6429e-02, 0.0000e+00, 3.2686e-03,
        3.0071e-02, 3.7355e-04, 3.7355e-04, 2.1479e-03, 1.5204e-01, 1.7034e-01,
        7.4710e-04, 7.0975e-02, 1.8678e-04, 5.6033e-04])
[2026-06-25 21:53:54,898][root][INFO] - reg loss: 4.300214267912365, entropy loss: 0.1223610604487399, leaf dev: 0.11150287836790085
[2026-06-25 21:53:54,899][root][INFO] - Val leaf stats: tensor([3.8560e-01, 8.0501e-02, 2.5402e-02, 1.8678e-04, 9.1427e-02, 2.1218e-01,
        0.0000e+00, 0.0000e+00, 3.1752e-03, 0.0000e+00, 7.4710e-04, 7.4710e-04,
        2.8016e-04, 1.9948e-01, 0.0000e+00, 2.8016e-04])
[2026-06-25 21:53:56,847][root][INFO] - Epoch: 36 | train acc: 0.9572, train loss: 33.12806768, valid acc: 0.9427, valid loss: 0.19486936, test acc: 0.9177, test loss: 0.73679704
[2026-06-25 21:53:57,591][root][INFO] - Epoch: 37 | train acc: 0.9862, train loss: 0.04710443, valid acc: 0.9612, valid loss: 0.14730986, test acc: 0.9279, test loss: 1.54554760
[2026-06-25 21:53:58,144][root][INFO] - Epoch: 36 | train acc: 0.9797, train loss: 17.39974522, valid acc: 0.9595, valid loss: 0.16612932, test acc: 0.9227, test loss: 1.54164363
[2026-06-25 21:53:58,248][root][INFO] - reg loss: 4.1228702686451095, entropy loss: 0.12494300652748694, leaf dev: 0.14189961552619934
[2026-06-25 21:53:58,249][root][INFO] - Val leaf stats: tensor([5.4315e-01, 3.6795e-02, 2.2142e-01, 2.8016e-04, 7.4617e-02, 1.8678e-04,
        0.0000e+00, 0.0000e+00, 1.8678e-03, 2.7083e-03, 1.2140e-03, 1.3074e-03,
        0.0000e+00, 1.1645e-01, 0.0000e+00, 0.0000e+00])
[2026-06-25 21:53:58,940][root][INFO] - reg loss: 5.299558533562554, entropy loss: 0.19442443226380324, leaf dev: 0.08189687877893448
[2026-06-25 21:53:58,941][root][INFO] - Val leaf stats: tensor([0.3078, 0.0645, 0.1066, 0.0692, 0.0004, 0.0017, 0.0031, 0.0823, 0.0035,
        0.0056, 0.0007, 0.1092, 0.0045, 0.0047, 0.0925, 0.1438])
[2026-06-25 21:53:58,964][root][INFO] - Epoch: 36 | train acc: 0.9648, train loss: 8.63384461, valid acc: 0.9492, valid loss: 0.19023924, test acc: 0.9133, test loss: 1.24476686
[2026-06-25 21:53:59,809][root][INFO] - reg loss: 4.332263911211932, entropy loss: 0.09793176249694571, leaf dev: 0.11674119532108307
[2026-06-25 21:53:59,810][root][INFO] - Val leaf stats: tensor([2.9258e-01, 2.1573e-02, 9.9552e-02, 1.3074e-03, 9.4509e-02, 9.3108e-02,
        1.8678e-04, 3.7355e-04, 3.0818e-03, 9.3388e-04, 1.8678e-04, 4.6694e-04,
        9.3388e-05, 3.9158e-01, 2.8016e-04, 1.8678e-04])
[2026-06-25 21:54:00,674][root][INFO] - reg loss: 4.2528641741111795, entropy loss: 0.09359363021043243, leaf dev: 0.1410335749387741
[2026-06-25 21:54:00,675][root][INFO] - Val leaf stats: tensor([2.5271e-01, 1.8864e-02, 7.4710e-04, 8.4049e-04, 1.5269e-01, 0.0000e+00,
        8.4049e-04, 2.8016e-03, 1.9798e-02, 1.8864e-02, 5.2204e-01, 4.6694e-04,
        9.3388e-04, 2.1479e-03, 6.0702e-03, 1.8678e-04])
[2026-06-25 21:54:02,350][root][INFO] - Epoch: 36 | train acc: 0.9807, train loss: 33.57161244, valid acc: 0.9594, valid loss: 0.16487951, test acc: 0.9240, test loss: 3.94894391
[2026-06-25 21:54:02,919][root][INFO] - Epoch: 37 | train acc: 0.9792, train loss: 2.37018548, valid acc: 0.9574, valid loss: 0.15836311, test acc: 0.9278, test loss: 1.05089915
[2026-06-25 21:54:03,165][root][INFO] - Epoch: 37 | train acc: 0.9657, train loss: 16.77093034, valid acc: 0.9484, valid loss: 0.20034583, test acc: 0.9338, test loss: 1.05908485
[2026-06-25 21:54:03,963][root][INFO] - reg loss: 4.187985349584509, entropy loss: 0.10805051478128584, leaf dev: 0.12839731574058533
[2026-06-25 21:54:03,963][root][INFO] - Val leaf stats: tensor([1.8659e-01, 1.4662e-02, 9.7964e-02, 0.0000e+00, 8.7225e-02, 1.1291e-01,
        1.9612e-03, 1.8678e-04, 6.5372e-04, 1.8678e-04, 1.4008e-03, 5.6033e-04,
        1.8678e-04, 4.9477e-01, 2.8016e-04, 4.6694e-04])
[2026-06-25 21:54:04,347][root][INFO] - Epoch: 37 | train acc: 0.9807, train loss: 8.47954097, valid acc: 0.9538, valid loss: 0.17676674, test acc: 0.9220, test loss: 2.27033894
[2026-06-25 21:54:04,451][root][INFO] - reg loss: 4.162554026911498, entropy loss: 0.10790968315784262, leaf dev: 0.13065576553344727
[2026-06-25 21:54:04,452][root][INFO] - Val leaf stats: tensor([3.6552e-01, 6.4158e-02, 6.5372e-04, 1.5876e-03, 1.6623e-01, 9.3388e-05,
        8.4049e-04, 8.4049e-04, 6.5372e-04, 1.7744e-03, 3.9139e-01, 1.8678e-04,
        3.5487e-03, 1.4942e-03, 8.4049e-04, 1.8678e-04])
[2026-06-25 21:54:04,753][root][INFO] - reg loss: 4.593312833675001, entropy loss: 0.08997780924278592, leaf dev: 0.10636470466852188
[2026-06-25 21:54:04,754][root][INFO] - Val leaf stats: tensor([0.3734, 0.1363, 0.0212, 0.0006, 0.0642, 0.0092, 0.0346, 0.0013, 0.0025,
        0.0103, 0.0077, 0.0006, 0.0009, 0.2470, 0.0059, 0.0845])
[2026-06-25 21:54:05,479][root][INFO] - Epoch: 36 | train acc: 0.9728, train loss: 32.30837952, valid acc: 0.9586, valid loss: 0.14639966, test acc: 0.9369, test loss: 4.35733182
[2026-06-25 21:54:05,828][root][INFO] - Epoch: 37 | train acc: 0.9722, train loss: 2.44450355, valid acc: 0.9594, valid loss: 0.15547852, test acc: 0.9285, test loss: 0.79241326
[2026-06-25 21:54:05,927][root][INFO] - reg loss: 4.205399894209766, entropy loss: 0.10355806027455304, leaf dev: 0.13136796653270721
[2026-06-25 21:54:05,928][root][INFO] - Val leaf stats: tensor([4.9384e-01, 5.0710e-02, 0.0000e+00, 5.6033e-03, 7.1349e-02, 4.6694e-04,
        1.6558e-01, 0.0000e+00, 9.3388e-05, 2.0545e-03, 2.0583e-01, 0.0000e+00,
        2.8016e-03, 0.0000e+00, 1.4942e-03, 1.8678e-04])
[2026-06-25 21:54:06,945][root][INFO] - reg loss: 4.025989171689149, entropy loss: 0.1308536079352495, leaf dev: 0.22064772248268127
[2026-06-25 21:54:06,946][root][INFO] - Val leaf stats: tensor([8.8691e-01, 0.0000e+00, 1.0273e-03, 0.0000e+00, 7.2096e-02, 0.0000e+00,
        3.0818e-02, 0.0000e+00, 1.7744e-03, 0.0000e+00, 3.1752e-03, 1.8678e-04,
        3.9223e-03, 0.0000e+00, 9.3388e-05, 0.0000e+00])
[2026-06-25 21:54:07,160][root][INFO] - Epoch: 36 | train acc: 0.9613, train loss: 17.03816125, valid acc: 0.9386, valid loss: 0.20580885, test acc: 0.9083, test loss: 1.29499330
[2026-06-25 21:54:07,173][root][INFO] - reg loss: 4.694107842823816, entropy loss: 0.10875413614133048, leaf dev: 0.09159286320209503
[2026-06-25 21:54:07,174][root][INFO] - Val leaf stats: tensor([1.3597e-01, 2.2012e-01, 3.7355e-04, 2.4654e-02, 1.2794e-02, 9.3388e-05,
        1.3448e-02, 3.5487e-03, 4.6694e-04, 8.4516e-02, 3.1108e-01, 9.7871e-02,
        1.1207e-03, 8.2648e-02, 1.0553e-02, 7.4710e-04])
[2026-06-25 21:54:08,865][root][INFO] - reg loss: 4.227426506224132, entropy loss: 0.10704494748639051, leaf dev: 0.09967867285013199
[2026-06-25 21:54:08,866][root][INFO] - Val leaf stats: tensor([2.7792e-01, 2.0265e-02, 1.5288e-01, 1.8678e-04, 9.7124e-02, 1.9350e-01,
        9.3388e-05, 9.3388e-05, 9.3388e-05, 0.0000e+00, 1.1207e-03, 3.2686e-03,
        0.0000e+00, 2.5224e-01, 0.0000e+00, 1.2140e-03])
[2026-06-25 21:54:08,889][root][INFO] - Epoch: 37 | train acc: 0.9792, train loss: 4.29586638, valid acc: 0.9615, valid loss: 0.13710661, test acc: 0.9340, test loss: 1.49433010
[2026-06-25 21:54:09,643][root][INFO] - Epoch: 36 | train acc: 0.9623, train loss: 4.50642062, valid acc: 0.9470, valid loss: 0.18182343, test acc: 0.9159, test loss: 1.56357087
[2026-06-25 21:54:10,129][root][INFO] - Epoch: 37 | train acc: 0.9729, train loss: 4.56004905, valid acc: 0.9559, valid loss: 0.17926556, test acc: 0.9192, test loss: 3.12718191
[2026-06-25 21:54:10,498][root][INFO] - reg loss: 4.222284528944227, entropy loss: 0.09826725149753864, leaf dev: 0.16989387571811676
[2026-06-25 21:54:10,499][root][INFO] - Val leaf stats: tensor([6.8043e-01, 1.7837e-02, 2.8016e-04, 1.5689e-02, 7.0321e-02, 1.4008e-03,
        4.9869e-02, 1.8678e-04, 1.6810e-03, 8.4049e-04, 1.5643e-01, 9.3388e-05,
        2.1479e-03, 1.9612e-03, 5.6033e-04, 2.8016e-04])
[2026-06-25 21:54:11,567][root][INFO] - reg loss: 4.465411688284899, entropy loss: 0.09908605993740142, leaf dev: 0.08597172051668167
[2026-06-25 21:54:11,568][root][INFO] - Val leaf stats: tensor([1.5755e-01, 3.0258e-02, 1.3719e-01, 8.4049e-04, 7.9940e-02, 1.7015e-01,
        4.0157e-03, 1.1095e-01, 1.7744e-03, 1.7931e-02, 2.8016e-04, 1.0273e-03,
        1.2140e-03, 2.8427e-01, 9.3388e-04, 1.6810e-03])
[2026-06-25 21:54:11,587][root][INFO] - reg loss: 4.378887348074131, entropy loss: 0.10486448430037372, leaf dev: 0.10982624441385269
[2026-06-25 21:54:11,588][root][INFO] - Val leaf stats: tensor([2.1610e-01, 2.3030e-01, 8.1248e-03, 1.8678e-04, 7.2096e-02, 0.0000e+00,
        5.8835e-03, 8.4049e-04, 1.0459e-02, 4.8562e-03, 3.6281e-01, 1.0273e-03,
        4.8562e-03, 8.1248e-02, 8.4049e-04, 3.7355e-04])
[2026-06-25 21:54:16,339][root][INFO] - Epoch: 37 | train acc: 0.9617, train loss: 8.91141572, valid acc: 0.9465, valid loss: 0.18841042, test acc: 0.9251, test loss: 1.44912931
[2026-06-25 21:54:17,462][root][INFO] - Epoch: 37 | train acc: 0.9813, train loss: 2.39904157, valid acc: 0.9608, valid loss: 0.15092952, test acc: 0.9317, test loss: 2.14311848
[2026-06-25 21:54:17,883][root][INFO] - reg loss: 4.389927886781239, entropy loss: 0.10563550120781338, leaf dev: 0.1281958520412445
[2026-06-25 21:54:17,884][root][INFO] - Val leaf stats: tensor([6.0982e-02, 4.1838e-02, 2.8241e-01, 3.7355e-04, 7.4710e-02, 5.1083e-02,
        9.3388e-05, 1.5876e-03, 1.5876e-03, 1.5876e-03, 5.6033e-04, 9.3388e-04,
        9.3388e-05, 4.6405e-01, 2.4281e-03, 1.5689e-02])
[2026-06-25 21:54:18,299][root][INFO] - Epoch: 37 | train acc: 0.9817, train loss: 8.65661112, valid acc: 0.9594, valid loss: 0.15390948, test acc: 0.9321, test loss: 1.89660236
[2026-06-25 21:54:18,888][root][INFO] - reg loss: 4.668406935595962, entropy loss: 0.11899981576771963, leaf dev: 0.11270667612552643
[2026-06-25 21:54:18,889][root][INFO] - Val leaf stats: tensor([4.3192e-01, 1.5428e-01, 1.4942e-03, 2.5775e-02, 0.0000e+00, 2.8950e-03,
        4.4079e-02, 9.3388e-05, 1.8678e-04, 2.8016e-03, 1.3728e-01, 1.2850e-01,
        1.4008e-03, 6.8547e-02, 1.8678e-04, 5.6033e-04])
[2026-06-25 21:54:19,818][root][INFO] - reg loss: 4.295089338191603, entropy loss: 0.12155175047419059, leaf dev: 0.1100650206208229
[2026-06-25 21:54:19,819][root][INFO] - Val leaf stats: tensor([3.7309e-01, 8.4610e-02, 2.4094e-02, 1.8678e-04, 9.1334e-02, 2.1694e-01,
        0.0000e+00, 0.0000e+00, 3.0818e-03, 0.0000e+00, 7.4710e-04, 7.4710e-04,
        2.8016e-04, 2.0461e-01, 0.0000e+00, 2.8016e-04])
[2026-06-25 21:54:21,261][root][INFO] - Epoch: 37 | train acc: 0.9568, train loss: 33.18242754, valid acc: 0.9401, valid loss: 0.20153690, test acc: 0.9190, test loss: 0.75049243
[2026-06-25 21:54:22,118][root][INFO] - Epoch: 38 | train acc: 0.9873, train loss: 0.04446192, valid acc: 0.9622, valid loss: 0.14317922, test acc: 0.9292, test loss: 2.07231014
[2026-06-25 21:54:22,595][root][INFO] - reg loss: 4.129544242979988, entropy loss: 0.12460726105346881, leaf dev: 0.1390373557806015
[2026-06-25 21:54:22,596][root][INFO] - Val leaf stats: tensor([5.2493e-01, 3.9597e-02, 2.3730e-01, 5.6033e-04, 7.3590e-02, 1.8678e-04,
        0.0000e+00, 0.0000e+00, 1.8678e-03, 2.8016e-03, 1.2140e-03, 1.3074e-03,
        0.0000e+00, 1.1664e-01, 0.0000e+00, 0.0000e+00])
[2026-06-25 21:54:22,834][root][INFO] - Epoch: 37 | train acc: 0.9806, train loss: 17.31811211, valid acc: 0.9598, valid loss: 0.16267028, test acc: 0.9210, test loss: 1.67363855
[2026-06-25 21:54:23,375][root][INFO] - reg loss: 5.260184308208486, entropy loss: 0.19292617979503812, leaf dev: 0.08371270447969437
[2026-06-25 21:54:23,377][root][INFO] - Val leaf stats: tensor([0.3125, 0.0615, 0.1134, 0.0473, 0.0007, 0.0010, 0.0044, 0.0876, 0.0030,
        0.0029, 0.0005, 0.1174, 0.0048, 0.0054, 0.0933, 0.1444])
[2026-06-25 21:54:24,249][root][INFO] - Epoch: 37 | train acc: 0.9621, train loss: 8.64077150, valid acc: 0.9474, valid loss: 0.20040243, test acc: 0.9148, test loss: 1.08390874
[2026-06-25 21:54:24,265][root][INFO] - reg loss: 4.312229837690081, entropy loss: 0.09649979240364498, leaf dev: 0.11578572541475296
[2026-06-25 21:54:24,266][root][INFO] - Val leaf stats: tensor([3.1117e-01, 2.0826e-02, 1.0077e-01, 1.0273e-03, 9.4882e-02, 9.3108e-02,
        1.8678e-04, 4.6694e-04, 3.0818e-03, 1.2140e-03, 1.8678e-04, 4.6694e-04,
        0.0000e+00, 3.7215e-01, 3.7355e-04, 9.3388e-05])
[2026-06-25 21:54:25,760][root][INFO] - reg loss: 4.252404962267194, entropy loss: 0.09099316687653304, leaf dev: 0.13586416840553284
[2026-06-25 21:54:25,761][root][INFO] - Val leaf stats: tensor([2.7307e-01, 1.9518e-02, 7.4710e-04, 4.6694e-04, 1.6446e-01, 9.3388e-05,
        7.4710e-04, 2.8016e-03, 2.0732e-02, 2.1199e-02, 4.8627e-01, 2.8016e-04,
        9.3388e-04, 2.4281e-03, 6.1636e-03, 9.3388e-05])
[2026-06-25 21:54:27,822][root][INFO] - Epoch: 37 | train acc: 0.9808, train loss: 33.50592241, valid acc: 0.9586, valid loss: 0.16600627, test acc: 0.9238, test loss: 4.01495302
[2026-06-25 21:54:28,277][root][INFO] - Epoch: 38 | train acc: 0.9652, train loss: 16.79414131, valid acc: 0.9477, valid loss: 0.19193902, test acc: 0.9348, test loss: 1.10444997
[2026-06-25 21:54:29,252][root][INFO] - reg loss: 4.179924414902137, entropy loss: 0.10656864152698921, leaf dev: 0.1277039796113968
[2026-06-25 21:54:29,253][root][INFO] - Val leaf stats: tensor([1.9145e-01, 1.4942e-02, 9.6190e-02, 0.0000e+00, 8.8065e-02, 1.1337e-01,
        1.9612e-03, 9.3388e-05, 7.4710e-04, 2.8016e-04, 1.2140e-03, 5.6033e-04,
        1.8678e-04, 4.9029e-01, 2.8016e-04, 3.7355e-04])
[2026-06-25 21:54:29,474][root][INFO] - Epoch: 38 | train acc: 0.9782, train loss: 8.54247874, valid acc: 0.9586, valid loss: 0.15514025, test acc: 0.9268, test loss: 2.27993315
[2026-06-25 21:54:29,585][root][INFO] - Epoch: 38 | train acc: 0.9825, train loss: 2.34668977, valid acc: 0.9579, valid loss: 0.15937005, test acc: 0.9284, test loss: 0.93735505
[2026-06-25 21:54:29,858][root][INFO] - reg loss: 4.1678541501363116, entropy loss: 0.10405761547504909, leaf dev: 0.13164402544498444
[2026-06-25 21:54:29,859][root][INFO] - Val leaf stats: tensor([3.4890e-01, 6.2850e-02, 7.4710e-04, 1.4008e-03, 1.6520e-01, 0.0000e+00,
        7.4710e-04, 9.3388e-04, 7.4710e-04, 1.4942e-03, 4.1165e-01, 3.7355e-04,
        3.5487e-03, 6.5372e-04, 6.5372e-04, 9.3388e-05])
[2026-06-25 21:54:30,557][root][INFO] - Epoch: 37 | train acc: 0.9728, train loss: 32.28980804, valid acc: 0.9608, valid loss: 0.13797346, test acc: 0.9371, test loss: 4.44799825
[2026-06-25 21:54:30,814][root][INFO] - Epoch: 38 | train acc: 0.9731, train loss: 2.43117127, valid acc: 0.9592, valid loss: 0.15707693, test acc: 0.9257, test loss: 0.81189093
[2026-06-25 21:54:31,176][root][INFO] - reg loss: 4.2326441618500565, entropy loss: 0.10374382291994398, leaf dev: 0.1355571448802948
[2026-06-25 21:54:31,177][root][INFO] - Val leaf stats: tensor([5.2036e-01, 5.6687e-02, 0.0000e+00, 5.8835e-03, 7.0882e-02, 6.5372e-04,
        1.3887e-01, 0.0000e+00, 9.3388e-05, 2.1479e-03, 1.9948e-01, 4.6694e-04,
        2.8016e-03, 0.0000e+00, 1.4942e-03, 1.8678e-04])
[2026-06-25 21:54:31,292][root][INFO] - reg loss: 4.565981991076596, entropy loss: 0.08635650827455774, leaf dev: 0.10489756613969803
[2026-06-25 21:54:31,293][root][INFO] - Val leaf stats: tensor([0.3643, 0.1385, 0.0246, 0.0007, 0.0683, 0.0092, 0.0346, 0.0012, 0.0026,
        0.0102, 0.0057, 0.0007, 0.0008, 0.2479, 0.0044, 0.0864])
[2026-06-25 21:54:32,354][root][INFO] - reg loss: 4.674691429844609, entropy loss: 0.106172408218737, leaf dev: 0.09099356085062027
[2026-06-25 21:54:32,355][root][INFO] - Val leaf stats: tensor([1.3868e-01, 2.1358e-01, 4.6694e-04, 2.4654e-02, 1.2607e-02, 9.3388e-05,
        1.3821e-02, 3.4554e-03, 4.6694e-04, 8.5730e-02, 3.1080e-01, 1.0161e-01,
        1.7744e-03, 8.0501e-02, 1.1300e-02, 4.6694e-04])
[2026-06-25 21:54:32,417][root][INFO] - reg loss: 4.0236926028337425, entropy loss: 0.12985403445504962, leaf dev: 0.22086943686008453
[2026-06-25 21:54:32,418][root][INFO] - Val leaf stats: tensor([8.8775e-01, 0.0000e+00, 6.5372e-04, 0.0000e+00, 7.2096e-02, 0.0000e+00,
        3.0445e-02, 0.0000e+00, 1.4942e-03, 0.0000e+00, 3.3620e-03, 1.8678e-04,
        3.9223e-03, 0.0000e+00, 9.3388e-05, 0.0000e+00])
[2026-06-25 21:54:32,754][root][INFO] - Epoch: 37 | train acc: 0.9623, train loss: 17.03049724, valid acc: 0.9398, valid loss: 0.20175528, test acc: 0.9082, test loss: 1.38297089
[2026-06-25 21:54:34,138][root][INFO] - Epoch: 38 | train acc: 0.9801, train loss: 4.28491340, valid acc: 0.9622, valid loss: 0.13964807, test acc: 0.9339, test loss: 1.50238946
[2026-06-25 21:54:34,311][root][INFO] - reg loss: 4.2260449348934115, entropy loss: 0.10617843676338751, leaf dev: 0.09960613399744034
[2026-06-25 21:54:34,312][root][INFO] - Val leaf stats: tensor([2.8157e-01, 2.2040e-02, 1.5446e-01, 1.8678e-04, 9.7124e-02, 1.8734e-01,
        9.3388e-05, 1.8678e-04, 9.3388e-05, 0.0000e+00, 1.1207e-03, 3.2686e-03,
        0.0000e+00, 2.5131e-01, 0.0000e+00, 1.2140e-03])
[2026-06-25 21:54:35,334][root][INFO] - Epoch: 38 | train acc: 0.9735, train loss: 4.55452943, valid acc: 0.9529, valid loss: 0.17938858, test acc: 0.9191, test loss: 1.95757250
[2026-06-25 21:54:35,791][root][INFO] - reg loss: 4.2133267821458285, entropy loss: 0.09512468864993444, leaf dev: 0.16920357942581177
[2026-06-25 21:54:35,793][root][INFO] - Val leaf stats: tensor([6.7744e-01, 1.5783e-02, 3.7355e-04, 1.5876e-02, 6.9948e-02, 1.3074e-03,
        5.4539e-02, 3.7355e-04, 1.6810e-03, 8.4049e-04, 1.5699e-01, 9.3388e-05,
        1.9612e-03, 1.9612e-03, 5.6033e-04, 2.8016e-04])
[2026-06-25 21:54:36,065][root][INFO] - Epoch: 37 | train acc: 0.9641, train loss: 4.49036662, valid acc: 0.9477, valid loss: 0.18273166, test acc: 0.9188, test loss: 1.94923077
[2026-06-25 21:54:36,764][root][INFO] - reg loss: 4.462436350565108, entropy loss: 0.09891625801249156, leaf dev: 0.08677435666322708
[2026-06-25 21:54:36,766][root][INFO] - Val leaf stats: tensor([1.6866e-01, 2.9884e-02, 1.4662e-01, 8.4049e-04, 7.9287e-02, 1.6698e-01,
        2.5215e-03, 9.6470e-02, 1.7744e-03, 1.7557e-02, 2.8016e-04, 1.0273e-03,
        1.1207e-03, 2.8427e-01, 9.3388e-04, 1.7744e-03])
[2026-06-25 21:54:37,763][root][INFO] - reg loss: 4.36755053454606, entropy loss: 0.10664290891437934, leaf dev: 0.10813666135072708
[2026-06-25 21:54:37,764][root][INFO] - Val leaf stats: tensor([2.1993e-01, 2.3254e-01, 1.0366e-02, 1.8678e-04, 6.9201e-02, 3.7355e-04,
        4.4826e-03, 9.3388e-04, 1.2981e-02, 5.6967e-03, 3.5179e-01, 3.9223e-03,
        5.2297e-03, 8.0874e-02, 7.4710e-04, 7.4710e-04])
[2026-06-25 21:54:41,182][root][INFO] - Epoch: 38 | train acc: 0.9582, train loss: 8.83077729, valid acc: 0.9427, valid loss: 0.19959808, test acc: 0.9232, test loss: 1.41572734
[2026-06-25 21:54:42,121][root][INFO] - Epoch: 38 | train acc: 0.9830, train loss: 2.37726199, valid acc: 0.9613, valid loss: 0.15279889, test acc: 0.9307, test loss: 1.71908782
[2026-06-25 21:54:42,621][root][INFO] - reg loss: 4.345799695877802, entropy loss: 0.10091228526893747, leaf dev: 0.12079743295907974
[2026-06-25 21:54:42,622][root][INFO] - Val leaf stats: tensor([1.1393e-01, 4.2398e-02, 3.6580e-01, 3.7355e-04, 7.2843e-02, 2.4841e-02,
        9.3388e-05, 6.5372e-04, 2.8950e-03, 2.4281e-03, 4.6694e-04, 6.5372e-04,
        9.3388e-05, 3.5581e-01, 8.4049e-04, 1.5876e-02])
[2026-06-25 21:54:42,757][root][INFO] - Epoch: 38 | train acc: 0.9826, train loss: 8.63751363, valid acc: 0.9606, valid loss: 0.15099538, test acc: 0.9298, test loss: 1.81134858
[2026-06-25 21:54:43,614][root][INFO] - reg loss: 4.635389020203283, entropy loss: 0.11942551107633681, leaf dev: 0.1146659106016159
[2026-06-25 21:54:43,615][root][INFO] - Val leaf stats: tensor([4.3864e-01, 1.6483e-01, 1.2140e-03, 3.0631e-02, 0.0000e+00, 2.9884e-03,
        2.8764e-02, 9.3388e-05, 2.8016e-04, 2.9884e-03, 1.2878e-01, 1.3130e-01,
        1.4008e-03, 6.7333e-02, 1.8678e-04, 5.6033e-04])
[2026-06-25 21:54:44,233][root][INFO] - reg loss: 4.286920426383851, entropy loss: 0.12037912235846596, leaf dev: 0.11147250235080719
[2026-06-25 21:54:44,235][root][INFO] - Val leaf stats: tensor([3.7832e-01, 7.7139e-02, 2.1759e-02, 1.8678e-04, 9.0680e-02, 2.1965e-01,
        0.0000e+00, 0.0000e+00, 3.0818e-03, 0.0000e+00, 7.4710e-04, 7.4710e-04,
        3.7355e-04, 2.0704e-01, 0.0000e+00, 2.8016e-04])
[2026-06-25 21:54:45,603][root][INFO] - Epoch: 38 | train acc: 0.9578, train loss: 33.15055849, valid acc: 0.9437, valid loss: 0.18774523, test acc: 0.9190, test loss: 0.74695952
[2026-06-25 21:54:46,962][root][INFO] - Epoch: 39 | train acc: 0.9874, train loss: 0.04390416, valid acc: 0.9606, valid loss: 0.14735386, test acc: 0.9311, test loss: 2.88023465
[2026-06-25 21:54:47,080][root][INFO] - reg loss: 4.125679916805691, entropy loss: 0.12354598387523934, leaf dev: 0.14042359590530396
[2026-06-25 21:54:47,081][root][INFO] - Val leaf stats: tensor([5.3381e-01, 3.7262e-02, 2.2992e-01, 1.3074e-03, 7.3590e-02, 1.8678e-04,
        0.0000e+00, 0.0000e+00, 1.7744e-03, 2.7083e-03, 1.2140e-03, 1.4008e-03,
        0.0000e+00, 1.1683e-01, 0.0000e+00, 0.0000e+00])
[2026-06-25 21:54:47,960][root][INFO] - Epoch: 38 | train acc: 0.9810, train loss: 17.15975322, valid acc: 0.9602, valid loss: 0.16369112, test acc: 0.9212, test loss: 1.76706120
[2026-06-25 21:54:48,386][root][INFO] - reg loss: 5.2034460148483355, entropy loss: 0.1901372364431462, leaf dev: 0.08671870827674866
[2026-06-25 21:54:48,387][root][INFO] - Val leaf stats: tensor([0.3251, 0.0620, 0.1127, 0.0394, 0.0007, 0.0015, 0.0049, 0.0850, 0.0031,
        0.0026, 0.0005, 0.1147, 0.0007, 0.0016, 0.1009, 0.1447])
[2026-06-25 21:54:49,366][root][INFO] - Epoch: 38 | train acc: 0.9649, train loss: 8.60532632, valid acc: 0.9486, valid loss: 0.18943055, test acc: 0.9241, test loss: 0.90638234
[2026-06-25 21:54:49,490][root][INFO] - reg loss: 4.273206627558148, entropy loss: 0.09388000545678316, leaf dev: 0.11530134081840515
[2026-06-25 21:54:49,491][root][INFO] - Val leaf stats: tensor([3.1995e-01, 2.0545e-02, 1.0049e-01, 1.2140e-03, 9.6003e-02, 9.4042e-02,
        9.3388e-05, 3.7355e-04, 3.0818e-03, 1.3074e-03, 1.8678e-04, 4.6694e-04,
        0.0000e+00, 3.6188e-01, 2.8016e-04, 9.3388e-05])
[2026-06-25 21:54:51,050][root][INFO] - reg loss: 4.239707913979021, entropy loss: 0.08693465665377006, leaf dev: 0.13721001148223877
[2026-06-25 21:54:51,051][root][INFO] - Val leaf stats: tensor([2.7055e-01, 1.8304e-02, 8.4049e-04, 2.8016e-04, 1.6268e-01, 0.0000e+00,
        1.0273e-03, 2.7083e-03, 1.9331e-02, 2.0452e-02, 4.9402e-01, 2.8016e-04,
        1.0273e-03, 2.3347e-03, 6.0702e-03, 9.3388e-05])
[2026-06-25 21:54:52,379][root][INFO] - Epoch: 38 | train acc: 0.9820, train loss: 33.46421602, valid acc: 0.9587, valid loss: 0.16927388, test acc: 0.9227, test loss: 4.13601596
[2026-06-25 21:54:53,668][root][INFO] - Epoch: 39 | train acc: 0.9657, train loss: 16.79319049, valid acc: 0.9487, valid loss: 0.20262156, test acc: 0.9249, test loss: 1.16239247
[2026-06-25 21:54:53,903][root][INFO] - reg loss: 4.174958748792214, entropy loss: 0.10535368812147272, leaf dev: 0.12761321663856506
[2026-06-25 21:54:53,905][root][INFO] - Val leaf stats: tensor([1.8696e-01, 1.5316e-02, 9.4882e-02, 0.0000e+00, 8.8812e-02, 1.1730e-01,
        1.9612e-03, 1.8678e-04, 6.5372e-04, 1.8678e-04, 1.4008e-03, 5.6033e-04,
        9.3388e-05, 4.9085e-01, 2.8016e-04, 5.6033e-04])
[2026-06-25 21:54:54,901][root][INFO] - Epoch: 39 | train acc: 0.9807, train loss: 8.53970327, valid acc: 0.9589, valid loss: 0.15270046, test acc: 0.9265, test loss: 2.32153875
[2026-06-25 21:54:55,037][root][INFO] - reg loss: 4.167577206142365, entropy loss: 0.09826539346465359, leaf dev: 0.13186773657798767
[2026-06-25 21:54:55,038][root][INFO] - Val leaf stats: tensor([3.7168e-01, 6.1543e-02, 5.6033e-04, 3.6421e-03, 1.5558e-01, 9.3388e-05,
        5.6033e-04, 1.2140e-03, 8.4049e-04, 1.9612e-03, 3.9643e-01, 5.6033e-04,
        3.4554e-03, 1.3074e-03, 4.6694e-04, 9.3388e-05])
[2026-06-25 21:54:55,184][root][INFO] - Epoch: 39 | train acc: 0.9825, train loss: 2.33777137, valid acc: 0.9585, valid loss: 0.16074850, test acc: 0.9293, test loss: 0.93154361
[2026-06-25 21:54:56,098][root][INFO] - Epoch: 39 | train acc: 0.9742, train loss: 2.41278760, valid acc: 0.9591, valid loss: 0.15698472, test acc: 0.9257, test loss: 0.82405430
[2026-06-25 21:54:56,501][root][INFO] - Epoch: 38 | train acc: 0.9726, train loss: 32.28511952, valid acc: 0.9612, valid loss: 0.15321405, test acc: 0.9363, test loss: 4.48114362
[2026-06-25 21:54:56,692][root][INFO] - reg loss: 4.236236885111168, entropy loss: 0.1029262620778311, leaf dev: 0.13582304120063782
[2026-06-25 21:54:56,692][root][INFO] - Val leaf stats: tensor([5.2195e-01, 5.8274e-02, 0.0000e+00, 6.6306e-03, 7.0882e-02, 5.6033e-04,
        1.3373e-01, 0.0000e+00, 9.3388e-05, 2.1479e-03, 2.0106e-01, 2.8016e-04,
        2.9884e-03, 0.0000e+00, 1.2140e-03, 1.8678e-04])
[2026-06-25 21:54:56,747][root][INFO] - reg loss: 4.551593470194983, entropy loss: 0.08418137434298399, leaf dev: 0.1058843582868576
[2026-06-25 21:54:56,748][root][INFO] - Val leaf stats: tensor([0.3694, 0.1293, 0.0138, 0.0007, 0.0768, 0.0118, 0.0370, 0.0007, 0.0026,
        0.0100, 0.0051, 0.0006, 0.0009, 0.2490, 0.0044, 0.0879])
[2026-06-25 21:54:57,531][root][INFO] - reg loss: 4.642624158707876, entropy loss: 0.10490910720730585, leaf dev: 0.09151071310043335
[2026-06-25 21:54:57,533][root][INFO] - Val leaf stats: tensor([1.3607e-01, 2.1853e-01, 3.7355e-04, 2.2973e-02, 1.3261e-02, 9.3388e-05,
        1.5222e-02, 3.5487e-03, 3.7355e-04, 8.5730e-02, 3.1238e-01, 9.4042e-02,
        1.7744e-03, 8.3582e-02, 1.1393e-02, 6.5372e-04])
[2026-06-25 21:54:58,065][root][INFO] - Epoch: 38 | train acc: 0.9624, train loss: 17.03260523, valid acc: 0.9393, valid loss: 0.20641426, test acc: 0.9072, test loss: 2.44512291
[2026-06-25 21:54:58,621][root][INFO] - reg loss: 4.023166028280107, entropy loss: 0.13179765113447078, leaf dev: 0.2209591120481491
[2026-06-25 21:54:58,622][root][INFO] - Val leaf stats: tensor([8.8812e-01, 0.0000e+00, 1.3074e-03, 0.0000e+00, 7.2002e-02, 0.0000e+00,
        2.9511e-02, 0.0000e+00, 1.7744e-03, 0.0000e+00, 3.0818e-03, 1.8678e-04,
        3.9223e-03, 0.0000e+00, 9.3388e-05, 0.0000e+00])
[2026-06-25 21:54:59,325][root][INFO] - Epoch: 39 | train acc: 0.9806, train loss: 4.28201213, valid acc: 0.9632, valid loss: 0.14131041, test acc: 0.9323, test loss: 1.50401325
[2026-06-25 21:54:59,530][root][INFO] - reg loss: 4.226688410239245, entropy loss: 0.10496612125761294, leaf dev: 0.09960628300905228
[2026-06-25 21:54:59,532][root][INFO] - Val leaf stats: tensor([2.8026e-01, 2.1012e-02, 1.5372e-01, 1.8678e-04, 9.8151e-02, 1.8911e-01,
        9.3388e-05, 1.8678e-04, 9.3388e-05, 0.0000e+00, 1.1207e-03, 3.2686e-03,
        0.0000e+00, 2.5159e-01, 0.0000e+00, 1.2140e-03])
[2026-06-25 21:55:00,486][root][INFO] - Epoch: 39 | train acc: 0.9732, train loss: 4.53707958, valid acc: 0.9526, valid loss: 0.17964754, test acc: 0.9210, test loss: 1.71245132
[2026-06-25 21:55:00,796][root][INFO] - reg loss: 4.214456502722685, entropy loss: 0.09384245606799604, leaf dev: 0.16675885021686554
[2026-06-25 21:55:00,797][root][INFO] - Val leaf stats: tensor([6.6763e-01, 1.8211e-02, 4.6694e-04, 1.5783e-02, 7.0788e-02, 1.2140e-03,
        6.1823e-02, 3.7355e-04, 1.6810e-03, 8.4049e-04, 1.5643e-01, 9.3388e-05,
        1.9612e-03, 1.8678e-03, 5.6033e-04, 2.8016e-04])
[2026-06-25 21:55:01,873][root][INFO] - reg loss: 4.444163148365323, entropy loss: 0.095632758090105, leaf dev: 0.08707249909639359
[2026-06-25 21:55:01,875][root][INFO] - Val leaf stats: tensor([1.6978e-01, 3.0258e-02, 1.5306e-01, 1.0273e-03, 8.0314e-02, 1.5521e-01,
        2.5215e-03, 9.6937e-02, 1.8678e-03, 1.6063e-02, 1.8678e-04, 1.0273e-03,
        9.3388e-04, 2.8782e-01, 8.4049e-04, 2.1479e-03])
[2026-06-25 21:55:01,963][root][INFO] - Epoch: 38 | train acc: 0.9655, train loss: 4.47126832, valid acc: 0.9472, valid loss: 0.18309724, test acc: 0.9190, test loss: 1.99836020
[2026-06-25 21:55:03,818][root][INFO] - reg loss: 4.353841420834657, entropy loss: 0.1049823568217338, leaf dev: 0.11142843961715698
[2026-06-25 21:55:03,819][root][INFO] - Val leaf stats: tensor([2.4337e-01, 2.4384e-01, 1.2421e-02, 1.8678e-04, 4.1931e-02, 0.0000e+00,
        2.8950e-03, 9.3388e-04, 1.1767e-02, 5.4165e-03, 3.4834e-01, 1.2140e-03,
        5.2297e-03, 8.1248e-02, 8.4049e-04, 3.7355e-04])
[2026-06-25 21:55:06,521][root][INFO] - Epoch: 39 | train acc: 0.9616, train loss: 8.79945908, valid acc: 0.9471, valid loss: 0.18745028, test acc: 0.9242, test loss: 1.44672499
[2026-06-25 21:55:07,969][root][INFO] - Epoch: 39 | train acc: 0.9834, train loss: 2.36051556, valid acc: 0.9612, valid loss: 0.15223760, test acc: 0.9317, test loss: 2.36456993
[2026-06-25 21:55:08,103][root][INFO] - reg loss: 4.335192498706636, entropy loss: 0.0983776172238683, leaf dev: 0.12052050232887268
[2026-06-25 21:55:08,104][root][INFO] - Val leaf stats: tensor([1.1076e-01, 4.3799e-02, 3.5600e-01, 2.8016e-04, 7.3590e-02, 2.6429e-02,
        9.3388e-05, 6.5372e-04, 2.8016e-03, 2.3347e-03, 4.6694e-04, 7.4710e-04,
        9.3388e-05, 3.6477e-01, 7.4710e-04, 1.6436e-02])
[2026-06-25 21:55:08,211][root][INFO] - Epoch: 39 | train acc: 0.9823, train loss: 8.64212145, valid acc: 0.9596, valid loss: 0.15358879, test acc: 0.9294, test loss: 1.83628864
[2026-06-25 21:55:09,608][root][INFO] - reg loss: 4.607078088023675, entropy loss: 0.1126989428564985, leaf dev: 0.11422663927078247
[2026-06-25 21:55:09,609][root][INFO] - Val leaf stats: tensor([4.4163e-01, 1.5530e-01, 9.3388e-04, 2.4094e-02, 0.0000e+00, 2.9884e-03,
        4.2025e-02, 9.3388e-05, 3.7355e-04, 1.2794e-02, 1.2178e-01, 1.3298e-01,
        1.0273e-03, 6.3411e-02, 1.8678e-04, 3.7355e-04])
[2026-06-25 21:55:09,675][root][INFO] - reg loss: 4.29001993098587, entropy loss: 0.11915401972475506, leaf dev: 0.11091753840446472
[2026-06-25 21:55:09,676][root][INFO] - Val leaf stats: tensor([3.7617e-01, 7.7512e-02, 2.3721e-02, 1.8678e-04, 9.1987e-02, 2.1965e-01,
        0.0000e+00, 0.0000e+00, 3.0818e-03, 0.0000e+00, 7.4710e-04, 7.4710e-04,
        3.7355e-04, 2.0555e-01, 0.0000e+00, 2.8016e-04])
[2026-06-25 21:55:10,587][root][INFO] - Epoch: 39 | train acc: 0.9590, train loss: 33.11959042, valid acc: 0.9449, valid loss: 0.19062944, test acc: 0.9169, test loss: 0.69172389
[2026-06-25 21:55:12,035][root][INFO] - reg loss: 4.122315828131621, entropy loss: 0.12256275018844655, leaf dev: 0.14001156389713287
[2026-06-25 21:55:12,036][root][INFO] - Val leaf stats: tensor([5.3157e-01, 3.6048e-02, 2.2973e-01, 1.2140e-03, 7.3496e-02, 1.8678e-04,
        0.0000e+00, 0.0000e+00, 1.8678e-03, 2.9884e-03, 1.2140e-03, 1.3074e-03,
        0.0000e+00, 1.2038e-01, 0.0000e+00, 0.0000e+00])
[2026-06-25 21:55:12,113][root][INFO] - Epoch: 40 | train acc: 0.9874, train loss: 0.04358694, valid acc: 0.9599, valid loss: 0.15052360, test acc: 0.9364, test loss: 2.28961470
[2026-06-25 21:55:12,531][root][INFO] - Epoch: 39 | train acc: 0.9808, train loss: 17.06434343, valid acc: 0.9585, valid loss: 0.16167837, test acc: 0.9216, test loss: 1.82099078
[2026-06-25 21:55:13,720][root][INFO] - reg loss: 5.136319173076165, entropy loss: 0.18871810921916254, leaf dev: 0.07896669954061508
[2026-06-25 21:55:13,721][root][INFO] - Val leaf stats: tensor([0.2874, 0.0611, 0.1024, 0.0929, 0.0007, 0.0016, 0.0045, 0.0812, 0.0031,
        0.0041, 0.0007, 0.1165, 0.0007, 0.0013, 0.0973, 0.1448])
[2026-06-25 21:55:14,032][root][INFO] - reg loss: 4.2494221465297475, entropy loss: 0.09211831342764001, leaf dev: 0.11514870077371597
[2026-06-25 21:55:14,033][root][INFO] - Val leaf stats: tensor([3.2387e-01, 2.0172e-02, 1.0011e-01, 1.3074e-03, 9.5723e-02, 9.5349e-02,
        9.3388e-05, 3.7355e-04, 3.1752e-03, 1.3074e-03, 1.8678e-04, 4.6694e-04,
        0.0000e+00, 3.5749e-01, 2.8016e-04, 9.3388e-05])
[2026-06-25 21:55:14,507][root][INFO] - Epoch: 39 | train acc: 0.9649, train loss: 8.63308181, valid acc: 0.9452, valid loss: 0.19890412, test acc: 0.9205, test loss: 0.85074385
[2026-06-25 21:55:15,894][root][INFO] - reg loss: 4.253336644046521, entropy loss: 0.08592874004885002, leaf dev: 0.13417579233646393
[2026-06-25 21:55:15,895][root][INFO] - Val leaf stats: tensor([3.3227e-01, 1.7183e-02, 7.4710e-04, 1.8678e-04, 1.5390e-01, 0.0000e+00,
        1.2140e-03, 2.0545e-03, 1.6623e-02, 2.2133e-02, 4.4425e-01, 4.6694e-04,
        1.6810e-03, 2.4281e-03, 4.6694e-03, 1.8678e-04])
[2026-06-25 21:55:16,222][root][INFO] - Epoch: 39 | train acc: 0.9817, train loss: 33.42685292, valid acc: 0.9577, valid loss: 0.17257530, test acc: 0.9236, test loss: 2.00470577
[2026-06-25 21:55:17,646][root][INFO] - reg loss: 4.170398654130401, entropy loss: 0.1042772019824023, leaf dev: 0.12579111754894257
[2026-06-25 21:55:17,647][root][INFO] - Val leaf stats: tensor([1.9406e-01, 1.5783e-02, 9.6937e-02, 0.0000e+00, 8.8999e-02, 1.1804e-01,
        1.9612e-03, 9.3388e-05, 7.4710e-04, 1.8678e-04, 1.5876e-03, 5.6033e-04,
        9.3388e-05, 4.8030e-01, 2.8016e-04, 3.7355e-04])
[2026-06-25 21:55:19,018][root][INFO] - Epoch: 40 | train acc: 0.9663, train loss: 16.76235082, valid acc: 0.9479, valid loss: 0.19195479, test acc: 0.9357, test loss: 1.24165746
[2026-06-25 21:55:20,394][root][INFO] - Epoch: 40 | train acc: 0.9817, train loss: 8.52732176, valid acc: 0.9586, valid loss: 0.15272304, test acc: 0.9181, test loss: 2.42421720
[2026-06-25 21:55:20,453][root][INFO] - reg loss: 4.160602125541243, entropy loss: 0.09482649315601935, leaf dev: 0.13114789128303528
[2026-06-25 21:55:20,454][root][INFO] - Val leaf stats: tensor([3.6477e-01, 6.4811e-02, 5.6033e-04, 2.2413e-03, 1.5979e-01, 9.3388e-05,
        8.4049e-04, 1.0273e-03, 8.4049e-04, 2.1479e-03, 3.9709e-01, 4.6694e-04,
        3.4554e-03, 1.3074e-03, 4.6694e-04, 9.3388e-05])
[2026-06-25 21:55:20,582][root][INFO] - Epoch: 40 | train acc: 0.9839, train loss: 2.32265549, valid acc: 0.9598, valid loss: 0.15349770, test acc: 0.9286, test loss: 1.04343950
[2026-06-25 21:55:21,068][root][INFO] - Epoch: 40 | train acc: 0.9748, train loss: 2.43209656, valid acc: 0.9612, valid loss: 0.15494382, test acc: 0.9268, test loss: 0.80939678
[2026-06-25 21:55:22,096][root][INFO] - reg loss: 4.232022588215177, entropy loss: 0.10168572901575654, leaf dev: 0.13561636209487915
[2026-06-25 21:55:22,097][root][INFO] - Val leaf stats: tensor([5.2083e-01, 5.7714e-02, 0.0000e+00, 6.8173e-03, 7.0975e-02, 5.6033e-04,
        1.3513e-01, 9.3388e-05, 9.3388e-05, 2.1479e-03, 2.0106e-01, 1.8678e-04,
        2.8950e-03, 0.0000e+00, 1.3074e-03, 1.8678e-04])
[2026-06-25 21:55:22,356][root][INFO] - reg loss: 4.5317398177252874, entropy loss: 0.08334367982451878, leaf dev: 0.10356453061103821
[2026-06-25 21:55:22,358][root][INFO] - Val leaf stats: tensor([0.3509, 0.1264, 0.0127, 0.0007, 0.0784, 0.0154, 0.0342, 0.0014, 0.0026,
        0.0114, 0.0057, 0.0006, 0.0007, 0.2593, 0.0040, 0.0955])
[2026-06-25 21:55:22,544][root][INFO] - reg loss: 4.68754686880364, entropy loss: 0.10668411141350156, leaf dev: 0.09100860357284546
[2026-06-25 21:55:22,545][root][INFO] - Val leaf stats: tensor([1.3355e-01, 2.1769e-01, 3.7355e-04, 2.2973e-02, 1.3355e-02, 9.3388e-05,
        1.7370e-02, 3.5487e-03, 4.6694e-04, 8.8065e-02, 3.1052e-01, 9.4135e-02,
        1.8678e-03, 8.5824e-02, 9.4322e-03, 7.4710e-04])
[2026-06-25 21:55:22,691][root][INFO] - Epoch: 39 | train acc: 0.9730, train loss: 32.27851757, valid acc: 0.9608, valid loss: 0.15581664, test acc: 0.9351, test loss: 4.38840112
[2026-06-25 21:55:23,270][root][INFO] - Epoch: 39 | train acc: 0.9633, train loss: 16.99006295, valid acc: 0.9385, valid loss: 0.20295131, test acc: 0.9073, test loss: 2.81944666
[2026-06-25 21:55:24,597][root][INFO] - reg loss: 4.022528789661549, entropy loss: 0.1308434314671017, leaf dev: 0.2209111750125885
[2026-06-25 21:55:24,598][root][INFO] - Val leaf stats: tensor([8.8793e-01, 0.0000e+00, 1.2140e-03, 0.0000e+00, 7.2096e-02, 0.0000e+00,
        2.9511e-02, 0.0000e+00, 1.9612e-03, 0.0000e+00, 3.0818e-03, 1.8678e-04,
        3.9223e-03, 0.0000e+00, 9.3388e-05, 0.0000e+00])
[2026-06-25 21:55:24,926][root][INFO] - reg loss: 4.216734472405974, entropy loss: 0.1039116582463658, leaf dev: 0.09966269135475159
[2026-06-25 21:55:24,927][root][INFO] - Val leaf stats: tensor([2.8063e-01, 2.1573e-02, 1.5362e-01, 1.8678e-04, 9.7124e-02, 1.8892e-01,
        9.3388e-05, 9.3388e-05, 9.3388e-05, 0.0000e+00, 1.1207e-03, 3.2686e-03,
        0.0000e+00, 2.5205e-01, 0.0000e+00, 1.2140e-03])
[2026-06-25 21:55:25,196][root][INFO] - Epoch: 40 | train acc: 0.9815, train loss: 4.26794951, valid acc: 0.9644, valid loss: 0.13701730, test acc: 0.9345, test loss: 1.50359387
[2026-06-25 21:55:26,642][root][INFO] - Epoch: 40 | train acc: 0.9719, train loss: 4.60778404, valid acc: 0.9546, valid loss: 0.18415465, test acc: 0.9217, test loss: 1.81489284
[2026-06-25 21:55:26,736][root][INFO] - reg loss: 4.2025265542287675, entropy loss: 0.0920680606412509, leaf dev: 0.16813786327838898
[2026-06-25 21:55:26,737][root][INFO] - Val leaf stats: tensor([6.7277e-01, 1.6343e-02, 3.7355e-04, 1.5409e-02, 7.0601e-02, 1.3074e-03,
        5.6313e-02, 4.6694e-04, 1.6810e-03, 8.4049e-04, 1.5895e-01, 9.3388e-05,
        2.0545e-03, 1.9612e-03, 5.6033e-04, 2.8016e-04])
[2026-06-25 21:55:27,644][root][INFO] - Epoch: 39 | train acc: 0.9663, train loss: 4.46941426, valid acc: 0.9489, valid loss: 0.18338237, test acc: 0.9199, test loss: 1.91546078
[2026-06-25 21:55:28,504][root][INFO] - reg loss: 4.509696526502175, entropy loss: 0.10138198488919192, leaf dev: 0.08736933767795563
[2026-06-25 21:55:28,505][root][INFO] - Val leaf stats: tensor([0.1272, 0.0286, 0.1212, 0.0012, 0.0785, 0.2083, 0.0067, 0.1143, 0.0018,
        0.0204, 0.0006, 0.0008, 0.0008, 0.2867, 0.0008, 0.0020])
[2026-06-25 21:55:29,296][root][INFO] - reg loss: 4.354826351952931, entropy loss: 0.10579097117223436, leaf dev: 0.10961940884590149
[2026-06-25 21:55:29,297][root][INFO] - Val leaf stats: tensor([2.4981e-01, 2.4654e-01, 1.2607e-02, 9.3388e-05, 4.1558e-02, 0.0000e+00,
        4.6694e-03, 1.0273e-03, 1.3168e-02, 8.8719e-03, 3.3284e-01, 1.4008e-03,
        5.1363e-03, 8.1154e-02, 7.4710e-04, 3.7355e-04])
[2026-06-25 21:55:32,077][root][INFO] - Epoch: 40 | train acc: 0.9641, train loss: 8.83074270, valid acc: 0.9472, valid loss: 0.18180596, test acc: 0.9260, test loss: 1.46416498
[2026-06-25 21:55:32,798][root][INFO] - Epoch: 40 | train acc: 0.9835, train loss: 8.61164833, valid acc: 0.9614, valid loss: 0.15431229, test acc: 0.9316, test loss: 1.81878221
[2026-06-25 21:55:33,202][root][INFO] - Epoch: 40 | train acc: 0.9855, train loss: 2.35748515, valid acc: 0.9633, valid loss: 0.14766467, test acc: 0.9342, test loss: 2.38379060
[2026-06-25 21:55:33,440][root][INFO] - reg loss: 4.35545660452868, entropy loss: 0.0980829958010603, leaf dev: 0.12226056307554245
[2026-06-25 21:55:33,441][root][INFO] - Val leaf stats: tensor([9.6096e-02, 4.1651e-02, 3.3452e-01, 3.7355e-04, 7.3870e-02, 3.1659e-02,
        9.3388e-05, 1.1207e-03, 2.2413e-03, 2.3347e-03, 5.6033e-04, 7.4710e-04,
        9.3388e-05, 3.9634e-01, 1.4008e-03, 1.6903e-02])
[2026-06-25 21:55:34,138][root][INFO] - reg loss: 4.275682512414519, entropy loss: 0.11681547721542379, leaf dev: 0.11043442785739899
[2026-06-25 21:55:34,139][root][INFO] - Val leaf stats: tensor([3.7159e-01, 8.1808e-02, 2.1759e-02, 1.8678e-04, 9.0867e-02, 2.2105e-01,
        0.0000e+00, 0.0000e+00, 3.0818e-03, 0.0000e+00, 7.4710e-04, 7.4710e-04,
        3.7355e-04, 2.0751e-01, 0.0000e+00, 2.8016e-04])
[2026-06-25 21:55:34,610][root][INFO] - reg loss: 4.611010034248312, entropy loss: 0.11333976674174505, leaf dev: 0.1123993843793869
[2026-06-25 21:55:34,611][root][INFO] - Val leaf stats: tensor([4.2818e-01, 1.6567e-01, 8.4049e-04, 2.6522e-02, 0.0000e+00, 3.0818e-03,
        3.7635e-02, 9.3388e-05, 4.6694e-04, 5.6967e-03, 1.2897e-01, 1.3345e-01,
        9.3388e-04, 6.7893e-02, 1.8678e-04, 3.7355e-04])
[2026-06-25 21:55:35,210][root][INFO] - Epoch: 40 | train acc: 0.9591, train loss: 33.08203416, valid acc: 0.9426, valid loss: 0.19513474, test acc: 0.9190, test loss: 0.76651495
[2026-06-25 21:55:36,468][root][INFO] - Epoch: 41 | train acc: 0.9874, train loss: 0.04291425, valid acc: 0.9625, valid loss: 0.14519587, test acc: 0.9318, test loss: 2.02264271
[2026-06-25 21:55:36,647][root][INFO] - reg loss: 4.117816294311846, entropy loss: 0.12165072449931393, leaf dev: 0.14107081294059753
[2026-06-25 21:55:36,648][root][INFO] - Val leaf stats: tensor([5.3848e-01, 3.7075e-02, 2.2451e-01, 1.2140e-03, 7.3310e-02, 1.8678e-04,
        0.0000e+00, 0.0000e+00, 1.9612e-03, 2.8950e-03, 1.2140e-03, 1.3074e-03,
        0.0000e+00, 1.1786e-01, 0.0000e+00, 0.0000e+00])
[2026-06-25 21:55:37,538][root][INFO] - Epoch: 40 | train acc: 0.9819, train loss: 17.00696419, valid acc: 0.9599, valid loss: 0.16560871, test acc: 0.9216, test loss: 1.91961040
[2026-06-25 21:55:37,873][root][INFO] - reg loss: 5.186415372071443, entropy loss: 0.19119380926959728, leaf dev: 0.08785804361104965
[2026-06-25 21:55:37,874][root][INFO] - Val leaf stats: tensor([0.3295, 0.0445, 0.1237, 0.0423, 0.0007, 0.0016, 0.0077, 0.0815, 0.0031,
        0.0049, 0.0006, 0.1118, 0.0007, 0.0014, 0.0990, 0.1470])
[2026-06-25 21:55:38,994][root][INFO] - Epoch: 40 | train acc: 0.9630, train loss: 8.68809535, valid acc: 0.9474, valid loss: 0.19220978, test acc: 0.9236, test loss: 0.93543741
[2026-06-25 21:55:39,046][root][INFO] - reg loss: 4.23592671641597, entropy loss: 0.09007568097619152, leaf dev: 0.11481013149023056
[2026-06-25 21:55:39,047][root][INFO] - Val leaf stats: tensor([3.2256e-01, 1.9238e-02, 1.0273e-01, 1.1207e-03, 9.6096e-02, 9.6283e-02,
        9.3388e-05, 3.7355e-04, 3.0818e-03, 1.4008e-03, 1.8678e-04, 4.6694e-04,
        0.0000e+00, 3.5600e-01, 2.8016e-04, 9.3388e-05])
[2026-06-25 21:55:40,589][root][INFO] - reg loss: 4.279600819582662, entropy loss: 0.08610197598183597, leaf dev: 0.13735386729240417
[2026-06-25 21:55:40,590][root][INFO] - Val leaf stats: tensor([2.8297e-01, 1.5222e-02, 8.4049e-04, 1.8678e-04, 1.6352e-01, 0.0000e+00,
        1.2140e-03, 2.5215e-03, 1.6156e-02, 2.0359e-02, 4.8758e-01, 7.4710e-04,
        1.2140e-03, 2.4281e-03, 4.9496e-03, 9.3388e-05])
[2026-06-25 21:55:40,828][root][INFO] - Epoch: 40 | train acc: 0.9812, train loss: 33.44995303, valid acc: 0.9574, valid loss: 0.17648648, test acc: 0.9211, test loss: 4.24862994
[2026-06-25 21:55:42,661][root][INFO] - reg loss: 4.172850096667254, entropy loss: 0.10174961644348013, leaf dev: 0.12606848776340485
[2026-06-25 21:55:42,662][root][INFO] - Val leaf stats: tensor([2.2871e-01, 1.5969e-02, 1.0450e-01, 0.0000e+00, 8.7878e-02, 8.5263e-02,
        2.0545e-03, 2.8016e-04, 5.6033e-04, 1.8678e-04, 1.5876e-03, 5.6033e-04,
        9.3388e-05, 4.7161e-01, 1.8678e-04, 5.6033e-04])
[2026-06-25 21:55:44,437][root][INFO] - Epoch: 41 | train acc: 0.9663, train loss: 16.75499122, valid acc: 0.9475, valid loss: 0.18563375, test acc: 0.9181, test loss: 1.25347060
[2026-06-25 21:55:45,080][root][INFO] - Epoch: 41 | train acc: 0.9814, train loss: 8.56582350, valid acc: 0.9574, valid loss: 0.15641235, test acc: 0.9214, test loss: 2.53627330
[2026-06-25 21:55:45,769][root][INFO] - reg loss: 4.158326466878255, entropy loss: 0.09250295063648274, leaf dev: 0.13041023910045624
[2026-06-25 21:55:45,770][root][INFO] - Val leaf stats: tensor([3.7860e-01, 6.2196e-02, 5.6033e-04, 2.2413e-03, 1.6950e-01, 2.8016e-04,
        8.4049e-04, 9.3388e-04, 1.0273e-03, 1.6810e-03, 3.7635e-01, 4.6694e-04,
        3.8289e-03, 1.0273e-03, 4.6694e-04, 0.0000e+00])
[2026-06-25 21:55:46,385][root][INFO] - Epoch: 41 | train acc: 0.9746, train loss: 2.42800953, valid acc: 0.9597, valid loss: 0.15935559, test acc: 0.9261, test loss: 0.60078439
[2026-06-25 21:55:46,594][root][INFO] - Epoch: 41 | train acc: 0.9839, train loss: 2.32019209, valid acc: 0.9584, valid loss: 0.16158085, test acc: 0.9274, test loss: 1.12817011
[2026-06-25 21:55:46,603][root][INFO] - reg loss: 4.250497727167039, entropy loss: 0.10241022717858118, leaf dev: 0.1306162178516388
[2026-06-25 21:55:46,604][root][INFO] - Val leaf stats: tensor([4.9795e-01, 7.9473e-02, 0.0000e+00, 7.1909e-03, 7.1068e-02, 5.6033e-04,
        1.3457e-01, 1.8678e-04, 9.3388e-05, 2.0545e-03, 2.0228e-01, 1.8678e-04,
        2.8016e-03, 0.0000e+00, 1.4008e-03, 1.8678e-04])
[2026-06-25 21:55:47,993][root][INFO] - reg loss: 4.67691078387871, entropy loss: 0.10636248995387365, leaf dev: 0.09018691629171371
[2026-06-25 21:55:47,994][root][INFO] - Val leaf stats: tensor([1.3364e-01, 2.2254e-01, 3.7355e-04, 2.4468e-02, 1.5035e-02, 9.3388e-05,
        1.7557e-02, 3.6421e-03, 4.6694e-04, 8.4610e-02, 3.0454e-01, 9.4789e-02,
        1.3074e-03, 8.3115e-02, 1.3261e-02, 5.6033e-04])
[2026-06-25 21:55:48,302][root][INFO] - reg loss: 4.526958296538661, entropy loss: 0.08240438804582313, leaf dev: 0.10387350618839264
[2026-06-25 21:55:48,303][root][INFO] - Val leaf stats: tensor([0.3478, 0.1420, 0.0160, 0.0007, 0.0768, 0.0096, 0.0287, 0.0012, 0.0026,
        0.0098, 0.0042, 0.0007, 0.0006, 0.2583, 0.0046, 0.0964])
[2026-06-25 21:55:48,749][root][INFO] - Epoch: 40 | train acc: 0.9624, train loss: 16.98611236, valid acc: 0.9400, valid loss: 0.20637610, test acc: 0.9076, test loss: 2.97819455
[2026-06-25 21:55:48,974][root][INFO] - Epoch: 40 | train acc: 0.9730, train loss: 32.27536905, valid acc: 0.9610, valid loss: 0.15388193, test acc: 0.9378, test loss: 4.45031062
[2026-06-25 21:55:50,538][root][INFO] - reg loss: 4.21501509853141, entropy loss: 0.10262876339059658, leaf dev: 0.09955041855573654
[2026-06-25 21:55:50,539][root][INFO] - Val leaf stats: tensor([2.7512e-01, 2.1106e-02, 1.4503e-01, 1.8678e-04, 9.8244e-02, 2.0219e-01,
        2.8016e-04, 0.0000e+00, 9.3388e-05, 0.0000e+00, 1.4008e-03, 3.3620e-03,
        0.0000e+00, 2.5187e-01, 0.0000e+00, 1.1207e-03])
[2026-06-25 21:55:50,654][root][INFO] - reg loss: 4.02225682596681, entropy loss: 0.12854568234511785, leaf dev: 0.22064727544784546
[2026-06-25 21:55:50,655][root][INFO] - Val leaf stats: tensor([8.8691e-01, 0.0000e+00, 1.1207e-03, 0.0000e+00, 7.2189e-02, 0.0000e+00,
        3.0538e-02, 0.0000e+00, 1.7744e-03, 0.0000e+00, 3.2686e-03, 1.8678e-04,
        3.9223e-03, 0.0000e+00, 9.3388e-05, 0.0000e+00])
[2026-06-25 21:55:50,901][root][INFO] - Epoch: 41 | train acc: 0.9818, train loss: 4.27192004, valid acc: 0.9626, valid loss: 0.14163223, test acc: 0.9346, test loss: 1.51096092
[2026-06-25 21:55:52,399][root][INFO] - reg loss: 4.207288600780346, entropy loss: 0.09177011992565538, leaf dev: 0.17182466387748718
[2026-06-25 21:55:52,400][root][INFO] - Val leaf stats: tensor([6.8734e-01, 1.5316e-02, 1.8678e-04, 1.6436e-02, 6.9574e-02, 1.4942e-03,
        4.0904e-02, 2.8016e-04, 1.6810e-03, 8.4049e-04, 1.6091e-01, 9.3388e-05,
        2.0545e-03, 1.9612e-03, 6.5372e-04, 2.8016e-04])
[2026-06-25 21:55:52,733][root][INFO] - Epoch: 41 | train acc: 0.9731, train loss: 4.61285998, valid acc: 0.9539, valid loss: 0.17764171, test acc: 0.9215, test loss: 2.04822049
[2026-06-25 21:55:53,550][root][INFO] - Epoch: 40 | train acc: 0.9667, train loss: 4.47755191, valid acc: 0.9502, valid loss: 0.17457706, test acc: 0.9161, test loss: 1.87694087
[2026-06-25 21:55:54,540][root][INFO] - reg loss: 4.52002582348213, entropy loss: 0.10092651788835172, leaf dev: 0.08679656684398651
[2026-06-25 21:55:54,541][root][INFO] - Val leaf stats: tensor([0.1446, 0.0292, 0.1247, 0.0010, 0.0798, 0.1861, 0.0046, 0.1103, 0.0018,
        0.0219, 0.0004, 0.0009, 0.0009, 0.2907, 0.0009, 0.0021])
[2026-06-25 21:55:55,157][root][INFO] - reg loss: 4.360958745239904, entropy loss: 0.1067704651800413, leaf dev: 0.1107473075389862
[2026-06-25 21:55:55,158][root][INFO] - Val leaf stats: tensor([2.4262e-01, 2.4374e-01, 1.2794e-02, 1.8678e-04, 4.1091e-02, 0.0000e+00,
        4.3892e-03, 9.3388e-04, 1.2047e-02, 7.3777e-03, 3.4572e-01, 1.4008e-03,
        5.3231e-03, 8.1061e-02, 8.4049e-04, 4.6694e-04])
[2026-06-25 21:55:57,521][root][INFO] - Epoch: 41 | train acc: 0.9834, train loss: 8.60302102, valid acc: 0.9590, valid loss: 0.15553951, test acc: 0.9300, test loss: 2.64549731
[2026-06-25 21:55:57,880][root][INFO] - Epoch: 41 | train acc: 0.9862, train loss: 2.34719951, valid acc: 0.9627, valid loss: 0.14566731, test acc: 0.9342, test loss: 2.47860105
[2026-06-25 21:55:57,928][root][INFO] - Epoch: 41 | train acc: 0.9648, train loss: 8.81217391, valid acc: 0.9471, valid loss: 0.18333036, test acc: 0.9257, test loss: 1.46679304
[2026-06-25 21:55:58,986][root][INFO] - reg loss: 4.2718270392644975, entropy loss: 0.11465554278363627, leaf dev: 0.11336164176464081
[2026-06-25 21:55:58,987][root][INFO] - Val leaf stats: tensor([3.8868e-01, 6.3877e-02, 2.3160e-02, 1.8678e-04, 9.2454e-02, 2.1881e-01,
        0.0000e+00, 0.0000e+00, 3.0818e-03, 0.0000e+00, 7.4710e-04, 7.4710e-04,
        3.7355e-04, 2.0770e-01, 0.0000e+00, 1.8678e-04])
[2026-06-25 21:55:59,280][root][INFO] - reg loss: 4.347988953666081, entropy loss: 0.09697516112731247, leaf dev: 0.12422233819961548
[2026-06-25 21:55:59,281][root][INFO] - Val leaf stats: tensor([9.4882e-02, 4.2398e-02, 3.3396e-01, 2.8016e-04, 7.3777e-02, 2.7549e-02,
        9.3388e-05, 1.1207e-03, 2.2413e-03, 2.4281e-03, 5.6033e-04, 7.4710e-04,
        9.3388e-05, 4.0652e-01, 3.7355e-04, 1.2981e-02])
[2026-06-25 21:55:59,340][root][INFO] - reg loss: 4.597659391070169, entropy loss: 0.11222384026441624, leaf dev: 0.11399592459201813
[2026-06-25 21:55:59,341][root][INFO] - Val leaf stats: tensor([4.3827e-01, 1.5727e-01, 1.1207e-03, 2.8950e-02, 0.0000e+00, 2.9884e-03,
        3.4460e-02, 1.8678e-04, 4.6694e-04, 5.3231e-03, 1.2972e-01, 1.2962e-01,
        9.3388e-04, 7.0134e-02, 1.8678e-04, 3.7355e-04])
[2026-06-25 21:55:59,937][root][INFO] - Epoch: 41 | train acc: 0.9591, train loss: 33.15764771, valid acc: 0.9435, valid loss: 0.19236190, test acc: 0.9180, test loss: 0.66620679
[2026-06-25 21:56:00,545][root][INFO] - Epoch: 42 | train acc: 0.9871, train loss: 0.04482318, valid acc: 0.9591, valid loss: 0.15887445, test acc: 0.9343, test loss: 1.08289005
[2026-06-25 21:56:01,226][root][INFO] - reg loss: 4.127206378512913, entropy loss: 0.12146489558711884, leaf dev: 0.13949522376060486
[2026-06-25 21:56:01,227][root][INFO] - Val leaf stats: tensor([5.3147e-01, 4.1371e-02, 2.2488e-01, 1.6810e-03, 7.3777e-02, 1.8678e-04,
        0.0000e+00, 0.0000e+00, 1.7744e-03, 3.0818e-03, 1.2140e-03, 1.4008e-03,
        9.3388e-05, 1.1907e-01, 0.0000e+00, 0.0000e+00])
[2026-06-25 21:56:01,863][root][INFO] - reg loss: 5.127223764147077, entropy loss: 0.1912926039683125, leaf dev: 0.07657673954963684
[2026-06-25 21:56:01,864][root][INFO] - Val leaf stats: tensor([0.2688, 0.0482, 0.1220, 0.1006, 0.0013, 0.0016, 0.0038, 0.0776, 0.0031,
        0.0082, 0.0005, 0.1162, 0.0007, 0.0017, 0.0996, 0.1462])
[2026-06-25 21:56:02,167][root][INFO] - Epoch: 41 | train acc: 0.9820, train loss: 16.98286868, valid acc: 0.9580, valid loss: 0.16396383, test acc: 0.9228, test loss: 1.98428871
[2026-06-25 21:56:03,321][root][INFO] - Epoch: 41 | train acc: 0.9647, train loss: 8.60748476, valid acc: 0.9414, valid loss: 0.21720516, test acc: 0.9053, test loss: 1.11225162
[2026-06-25 21:56:03,712][root][INFO] - reg loss: 4.230148587908063, entropy loss: 0.08883906396293136, leaf dev: 0.11485158652067184
[2026-06-25 21:56:03,713][root][INFO] - Val leaf stats: tensor([3.2359e-01, 2.0826e-02, 1.0263e-01, 1.1207e-03, 9.5069e-02, 9.4696e-02,
        9.3388e-05, 4.6694e-04, 3.1752e-03, 1.4008e-03, 1.8678e-04, 4.6694e-04,
        0.0000e+00, 3.5590e-01, 2.8016e-04, 9.3388e-05])
[2026-06-25 21:56:04,738][root][INFO] - reg loss: 4.242432473197816, entropy loss: 0.08524479571158293, leaf dev: 0.13274259865283966
[2026-06-25 21:56:04,739][root][INFO] - Val leaf stats: tensor([3.4880e-01, 1.6903e-02, 9.3388e-04, 2.8016e-04, 1.6595e-01, 0.0000e+00,
        8.4049e-04, 1.7744e-03, 1.4008e-02, 1.9985e-02, 4.2034e-01, 7.4710e-04,
        1.8678e-03, 2.8016e-03, 4.5760e-03, 1.8678e-04])
[2026-06-25 21:56:06,122][root][INFO] - Epoch: 41 | train acc: 0.9787, train loss: 33.44900466, valid acc: 0.9581, valid loss: 0.17477504, test acc: 0.9127, test loss: 8.11109783
[2026-06-25 21:56:07,601][root][INFO] - reg loss: 4.171349136917679, entropy loss: 0.10068312870762336, leaf dev: 0.12641562521457672
[2026-06-25 21:56:07,602][root][INFO] - Val leaf stats: tensor([2.2217e-01, 1.6063e-02, 1.0123e-01, 0.0000e+00, 8.8345e-02, 9.0213e-02,
        2.0545e-03, 2.8016e-04, 6.5372e-04, 1.8678e-04, 1.1207e-03, 5.6033e-04,
        9.3388e-05, 4.7581e-01, 3.7355e-04, 8.4049e-04])
[2026-06-25 21:56:08,787][root][INFO] - Epoch: 42 | train acc: 0.9632, train loss: 16.81309600, valid acc: 0.9472, valid loss: 0.18792676, test acc: 0.9317, test loss: 1.22720428
[2026-06-25 21:56:09,945][root][INFO] - Epoch: 42 | train acc: 0.9821, train loss: 8.55744400, valid acc: 0.9598, valid loss: 0.15331670, test acc: 0.9256, test loss: 2.65259755
[2026-06-25 21:56:10,187][root][INFO] - reg loss: 4.168647137899248, entropy loss: 0.0881303968252959, leaf dev: 0.1288144588470459
[2026-06-25 21:56:10,188][root][INFO] - Val leaf stats: tensor([3.6552e-01, 7.1909e-02, 5.6033e-04, 2.2413e-03, 1.7043e-01, 9.3388e-05,
        9.3388e-04, 9.3388e-04, 9.3388e-04, 1.6810e-03, 3.7888e-01, 3.7355e-04,
        3.7355e-03, 1.2140e-03, 5.6033e-04, 0.0000e+00])
[2026-06-25 21:56:11,236][root][INFO] - reg loss: 4.248261560207952, entropy loss: 0.10198355903701177, leaf dev: 0.1348194032907486
[2026-06-25 21:56:11,237][root][INFO] - Val leaf stats: tensor([5.1718e-01, 6.0609e-02, 0.0000e+00, 7.6578e-03, 7.1162e-02, 6.5372e-04,
        1.3280e-01, 1.8678e-04, 9.3388e-05, 2.0545e-03, 2.0303e-01, 1.8678e-04,
        2.8016e-03, 0.0000e+00, 1.4008e-03, 1.8678e-04])
[2026-06-25 21:56:11,416][root][INFO] - Epoch: 42 | train acc: 0.9750, train loss: 2.40963887, valid acc: 0.9587, valid loss: 0.16006126, test acc: 0.9272, test loss: 0.76538953
[2026-06-25 21:56:12,205][root][INFO] - Epoch: 42 | train acc: 0.9831, train loss: 2.33558402, valid acc: 0.9592, valid loss: 0.15814325, test acc: 0.9269, test loss: 1.10245552
[2026-06-25 21:56:12,922][root][INFO] - reg loss: 4.645540638575478, entropy loss: 0.10245434533824366, leaf dev: 0.09063026309013367
[2026-06-25 21:56:12,923][root][INFO] - Val leaf stats: tensor([1.2710e-01, 2.1498e-01, 3.7355e-04, 2.2973e-02, 1.3915e-02, 9.3388e-05,
        1.9145e-02, 2.8950e-03, 5.6033e-04, 9.9365e-02, 3.1070e-01, 8.9746e-02,
        1.4942e-03, 8.7785e-02, 8.2182e-03, 6.5372e-04])
[2026-06-25 21:56:13,531][root][INFO] - reg loss: 4.5537166898212735, entropy loss: 0.08329164658589337, leaf dev: 0.10534725338220596
[2026-06-25 21:56:13,532][root][INFO] - Val leaf stats: tensor([0.3604, 0.1276, 0.0148, 0.0007, 0.0760, 0.0122, 0.0299, 0.0012, 0.0027,
        0.0090, 0.0039, 0.0007, 0.0006, 0.2567, 0.0049, 0.0987])
[2026-06-25 21:56:14,460][root][INFO] - Epoch: 41 | train acc: 0.9735, train loss: 32.26922149, valid acc: 0.9615, valid loss: 0.18870033, test acc: 0.9368, test loss: 4.51824314
[2026-06-25 21:56:14,882][root][INFO] - Epoch: 41 | train acc: 0.9629, train loss: 16.97284346, valid acc: 0.9406, valid loss: 0.20535072, test acc: 0.9083, test loss: 3.04191122
[2026-06-25 21:56:15,890][root][INFO] - reg loss: 4.021630862402538, entropy loss: 0.1262302458601654, leaf dev: 0.2206205278635025
[2026-06-25 21:56:15,891][root][INFO] - Val leaf stats: tensor([8.8681e-01, 0.0000e+00, 1.3074e-03, 0.0000e+00, 7.2189e-02, 0.0000e+00,
        3.0351e-02, 0.0000e+00, 1.9612e-03, 0.0000e+00, 3.0818e-03, 2.8016e-04,
        3.9223e-03, 0.0000e+00, 9.3388e-05, 0.0000e+00])
[2026-06-25 21:56:16,268][root][INFO] - reg loss: 4.211649690355573, entropy loss: 0.09966080915675592, leaf dev: 0.10008810460567474
[2026-06-25 21:56:16,269][root][INFO] - Val leaf stats: tensor([2.7839e-01, 2.0639e-02, 1.4970e-01, 1.8678e-04, 9.0773e-02, 2.0368e-01,
        2.8016e-04, 9.3388e-05, 0.0000e+00, 0.0000e+00, 1.3074e-03, 3.4554e-03,
        0.0000e+00, 2.5037e-01, 0.0000e+00, 1.1207e-03])
[2026-06-25 21:56:16,862][root][INFO] - Epoch: 42 | train acc: 0.9804, train loss: 4.26177721, valid acc: 0.9614, valid loss: 0.14275193, test acc: 0.9321, test loss: 1.52077773
[2026-06-25 21:56:18,362][root][INFO] - reg loss: 4.190620904246336, entropy loss: 0.08957636872769664, leaf dev: 0.16845451295375824
[2026-06-25 21:56:18,363][root][INFO] - Val leaf stats: tensor([6.7585e-01, 3.0258e-02, 1.8678e-04, 1.6343e-02, 6.9948e-02, 1.4942e-03,
        4.6040e-02, 1.8678e-04, 1.6810e-03, 8.4049e-04, 1.5222e-01, 9.3388e-05,
        1.9612e-03, 1.9612e-03, 6.5372e-04, 2.8016e-04])
[2026-06-25 21:56:18,537][root][INFO] - Epoch: 42 | train acc: 0.9749, train loss: 4.58095492, valid acc: 0.9523, valid loss: 0.17671781, test acc: 0.9195, test loss: 1.99129836
[2026-06-25 21:56:19,192][root][INFO] - Epoch: 41 | train acc: 0.9683, train loss: 4.45956260, valid acc: 0.9526, valid loss: 0.16982977, test acc: 0.9215, test loss: 1.65413190
[2026-06-25 21:56:20,249][root][INFO] - reg loss: 4.494735715250489, entropy loss: 0.09784245739380519, leaf dev: 0.0854913666844368
[2026-06-25 21:56:20,250][root][INFO] - Val leaf stats: tensor([0.1601, 0.0352, 0.1276, 0.0010, 0.0799, 0.1684, 0.0040, 0.1087, 0.0018,
        0.0219, 0.0005, 0.0009, 0.0009, 0.2862, 0.0009, 0.0019])
[2026-06-25 21:56:21,034][root][INFO] - reg loss: 4.350552422659738, entropy loss: 0.10418796007122312, leaf dev: 0.11135412752628326
[2026-06-25 21:56:21,035][root][INFO] - Val leaf stats: tensor([2.3898e-01, 2.4234e-01, 1.2701e-02, 9.3388e-05, 4.0904e-02, 0.0000e+00,
        4.1091e-03, 9.3388e-04, 1.2047e-02, 7.5644e-03, 3.5207e-01, 3.7355e-04,
        5.2297e-03, 8.1341e-02, 7.4710e-04, 5.6033e-04])
[2026-06-25 21:56:22,573][root][INFO] - Epoch: 42 | train acc: 0.9831, train loss: 8.58266929, valid acc: 0.9599, valid loss: 0.15288037, test acc: 0.9282, test loss: 2.64297894
[2026-06-25 21:56:22,658][root][INFO] - Epoch: 42 | train acc: 0.9858, train loss: 2.34373259, valid acc: 0.9618, valid loss: 0.15611473, test acc: 0.9314, test loss: 2.55211310
[2026-06-25 21:56:22,879][root][INFO] - Epoch: 42 | train acc: 0.9655, train loss: 8.79368292, valid acc: 0.9465, valid loss: 0.17822651, test acc: 0.9243, test loss: 1.47875568
[2026-06-25 21:56:24,107][root][INFO] - reg loss: 4.5905287303621805, entropy loss: 0.1098023543439845, leaf dev: 0.11448057740926743
[2026-06-25 21:56:24,108][root][INFO] - Val leaf stats: tensor([4.4145e-01, 1.6212e-01, 1.3074e-03, 2.9884e-02, 0.0000e+00, 2.4281e-03,
        5.3792e-02, 3.7355e-04, 5.6033e-04, 2.0545e-03, 1.2673e-01, 1.2290e-01,
        1.4008e-03, 5.4445e-02, 1.8678e-04, 3.7355e-04])
[2026-06-25 21:56:24,205][root][INFO] - reg loss: 4.339179208038976, entropy loss: 0.09499910726118341, leaf dev: 0.12311837822198868
[2026-06-25 21:56:24,206][root][INFO] - Val leaf stats: tensor([9.7871e-02, 4.5013e-02, 3.3424e-01, 1.8678e-04, 7.4057e-02, 2.7363e-02,
        9.3388e-05, 8.4049e-04, 2.6149e-03, 2.9884e-03, 4.6694e-04, 6.5372e-04,
        1.8678e-04, 4.0017e-01, 2.8016e-04, 1.2981e-02])
[2026-06-25 21:56:24,210][root][INFO] - Epoch: 42 | train acc: 0.9598, train loss: 33.07705466, valid acc: 0.9441, valid loss: 0.18887397, test acc: 0.9187, test loss: 0.71493976
[2026-06-25 21:56:24,220][root][INFO] - reg loss: 4.261169718686865, entropy loss: 0.11143512203895226, leaf dev: 0.11258021742105484
[2026-06-25 21:56:24,221][root][INFO] - Val leaf stats: tensor([3.8261e-01, 6.8267e-02, 2.2413e-02, 1.8678e-04, 9.0960e-02, 2.2366e-01,
        0.0000e+00, 0.0000e+00, 3.0818e-03, 0.0000e+00, 7.4710e-04, 7.4710e-04,
        3.7355e-04, 2.0676e-01, 0.0000e+00, 1.8678e-04])
[2026-06-25 21:56:25,251][root][INFO] - Epoch: 43 | train acc: 0.9858, train loss: 0.04838221, valid acc: 0.9609, valid loss: 0.15236627, test acc: 0.9223, test loss: 2.79569690
[2026-06-25 21:56:25,759][root][INFO] - reg loss: 4.117494956526176, entropy loss: 0.11824316038656488, leaf dev: 0.13946372270584106
[2026-06-25 21:56:25,760][root][INFO] - Val leaf stats: tensor([5.3110e-01, 3.8476e-02, 2.2376e-01, 1.6810e-03, 7.3310e-02, 1.8678e-04,
        0.0000e+00, 0.0000e+00, 1.8678e-03, 3.5487e-03, 1.2140e-03, 1.3074e-03,
        9.3388e-05, 1.2346e-01, 0.0000e+00, 0.0000e+00])
[2026-06-25 21:56:26,543][root][INFO] - reg loss: 5.0951860569141525, entropy loss: 0.18627259710793773, leaf dev: 0.08083456009626389
[2026-06-25 21:56:26,544][root][INFO] - Val leaf stats: tensor([0.2919, 0.0536, 0.1253, 0.0748, 0.0007, 0.0012, 0.0029, 0.0747, 0.0030,
        0.0037, 0.0006, 0.1196, 0.0007, 0.0017, 0.1002, 0.1454])
[2026-06-25 21:56:27,472][root][INFO] - Epoch: 42 | train acc: 0.9827, train loss: 16.94460607, valid acc: 0.9597, valid loss: 0.16530605, test acc: 0.9219, test loss: 2.07814534
[2026-06-25 21:56:28,539][root][INFO] - Epoch: 42 | train acc: 0.9579, train loss: 8.65711998, valid acc: 0.9438, valid loss: 0.20399225, test acc: 0.9161, test loss: 0.97142130
[2026-06-25 21:56:28,805][root][INFO] - reg loss: 4.221065009081805, entropy loss: 0.08730034865241833, leaf dev: 0.11500236392021179
[2026-06-25 21:56:28,806][root][INFO] - Val leaf stats: tensor([3.2658e-01, 2.0919e-02, 1.0123e-01, 1.0273e-03, 9.5069e-02, 9.4976e-02,
        9.3388e-05, 3.7355e-04, 3.0818e-03, 1.4008e-03, 1.8678e-04, 4.6694e-04,
        0.0000e+00, 3.5422e-01, 2.8016e-04, 9.3388e-05])
[2026-06-25 21:56:29,943][root][INFO] - reg loss: 4.255886148523401, entropy loss: 0.08477366077048439, leaf dev: 0.1325281709432602
[2026-06-25 21:56:29,943][root][INFO] - Val leaf stats: tensor([3.4329e-01, 1.7370e-02, 9.3388e-04, 2.8016e-04, 1.6446e-01, 0.0000e+00,
        2.8016e-04, 1.8678e-03, 1.6156e-02, 2.1479e-02, 4.2426e-01, 3.7355e-04,
        1.6810e-03, 2.8950e-03, 4.4826e-03, 1.8678e-04])
[2026-06-25 21:56:30,053][root][INFO] - Epoch: 42 | train acc: 0.9807, train loss: 33.37206313, valid acc: 0.9571, valid loss: 0.17275213, test acc: 0.9246, test loss: 4.52450891
[2026-06-25 21:56:31,419][root][INFO] - reg loss: 4.163058742644295, entropy loss: 0.1002411833673558, leaf dev: 0.12691321969032288
[2026-06-25 21:56:31,420][root][INFO] - Val leaf stats: tensor([2.1694e-01, 1.6997e-02, 9.9085e-02, 0.0000e+00, 8.8625e-02, 9.2081e-02,
        2.0545e-03, 2.8016e-04, 5.6033e-04, 2.8016e-04, 1.4942e-03, 5.6033e-04,
        0.0000e+00, 4.8020e-01, 3.7355e-04, 4.6694e-04])
[2026-06-25 21:56:33,071][root][INFO] - Epoch: 43 | train acc: 0.9658, train loss: 16.75168506, valid acc: 0.9470, valid loss: 0.18237840, test acc: 0.9211, test loss: 1.19801876
[2026-06-25 21:56:34,258][root][INFO] - Epoch: 43 | train acc: 0.9827, train loss: 8.50752148, valid acc: 0.9584, valid loss: 0.15611597, test acc: 0.9255, test loss: 2.76090624
[2026-06-25 21:56:34,451][root][INFO] - reg loss: 4.157643716802042, entropy loss: 0.08771477817069917, leaf dev: 0.1296444982290268
[2026-06-25 21:56:34,452][root][INFO] - Val leaf stats: tensor([3.6412e-01, 6.8547e-02, 5.6033e-04, 2.0545e-03, 1.6875e-01, 0.0000e+00,
        1.0273e-03, 1.0273e-03, 8.4049e-04, 1.2140e-03, 3.8579e-01, 3.7355e-04,
        3.6421e-03, 1.4942e-03, 5.6033e-04, 0.0000e+00])
[2026-06-25 21:56:35,677][root][INFO] - reg loss: 4.223400534776153, entropy loss: 0.09930306704586776, leaf dev: 0.13282635807991028
[2026-06-25 21:56:35,678][root][INFO] - Val leaf stats: tensor([5.0719e-01, 6.0235e-02, 0.0000e+00, 7.7512e-03, 7.1535e-02, 6.5372e-04,
        1.4755e-01, 1.8678e-04, 9.3388e-05, 1.9612e-03, 1.9826e-01, 1.8678e-04,
        2.8016e-03, 0.0000e+00, 1.4008e-03, 1.8678e-04])
[2026-06-25 21:56:35,773][root][INFO] - Epoch: 43 | train acc: 0.9752, train loss: 2.40374323, valid acc: 0.9607, valid loss: 0.15628469, test acc: 0.9251, test loss: 0.77714520
[2026-06-25 21:56:37,202][root][INFO] - Epoch: 43 | train acc: 0.9861, train loss: 2.29926649, valid acc: 0.9615, valid loss: 0.15084406, test acc: 0.9283, test loss: 1.12434651
[2026-06-25 21:56:37,267][root][INFO] - reg loss: 4.633889894636851, entropy loss: 0.09978888810627044, leaf dev: 0.09134173393249512
[2026-06-25 21:56:37,268][root][INFO] - Val leaf stats: tensor([1.2794e-01, 2.2964e-01, 4.6694e-04, 2.3534e-02, 1.3635e-02, 9.3388e-05,
        1.8304e-02, 2.8016e-03, 3.7355e-04, 8.4423e-02, 3.0641e-01, 9.2174e-02,
        2.0545e-03, 8.8719e-02, 8.8719e-03, 5.6033e-04])
[2026-06-25 21:56:38,943][root][INFO] - reg loss: 4.499139187827943, entropy loss: 0.08027691133911648, leaf dev: 0.10471848398447037
[2026-06-25 21:56:38,944][root][INFO] - Val leaf stats: tensor([0.3541, 0.1278, 0.0143, 0.0009, 0.0779, 0.0116, 0.0315, 0.0010, 0.0026,
        0.0085, 0.0038, 0.0007, 0.0005, 0.2608, 0.0054, 0.0985])
[2026-06-25 21:56:40,099][root][INFO] - Epoch: 42 | train acc: 0.9732, train loss: 32.27605049, valid acc: 0.9607, valid loss: 0.15521046, test acc: 0.9368, test loss: 4.49771861
[2026-06-25 21:56:40,140][root][INFO] - Epoch: 42 | train acc: 0.9629, train loss: 16.95146019, valid acc: 0.9388, valid loss: 0.20728126, test acc: 0.9059, test loss: 3.13547697
[2026-06-25 21:56:41,770][root][INFO] - reg loss: 4.206548524281335, entropy loss: 0.09558251192645421, leaf dev: 0.09934170544147491
[2026-06-25 21:56:41,771][root][INFO] - Val leaf stats: tensor([2.7755e-01, 2.1573e-02, 1.6483e-01, 2.8016e-04, 9.2734e-02, 1.8603e-01,
        2.8016e-04, 1.8678e-04, 0.0000e+00, 0.0000e+00, 1.4008e-03, 3.6421e-03,
        0.0000e+00, 2.5028e-01, 0.0000e+00, 1.2140e-03])
[2026-06-25 21:56:41,778][root][INFO] - reg loss: 4.022466899225951, entropy loss: 0.12443868957814716, leaf dev: 0.22055180370807648
[2026-06-25 21:56:41,779][root][INFO] - Val leaf stats: tensor([8.8653e-01, 0.0000e+00, 1.0273e-03, 0.0000e+00, 7.2282e-02, 0.0000e+00,
        3.0818e-02, 0.0000e+00, 1.9612e-03, 0.0000e+00, 3.1752e-03, 1.8678e-04,
        3.9223e-03, 0.0000e+00, 9.3388e-05, 0.0000e+00])
[2026-06-25 21:56:42,862][root][INFO] - Epoch: 43 | train acc: 0.9816, train loss: 4.26332643, valid acc: 0.9621, valid loss: 0.14059865, test acc: 0.9329, test loss: 1.52336087
[2026-06-25 21:56:44,206][root][INFO] - Epoch: 43 | train acc: 0.9759, train loss: 4.54867401, valid acc: 0.9543, valid loss: 0.18235219, test acc: 0.9202, test loss: 1.99858592
[2026-06-25 21:56:44,391][root][INFO] - reg loss: 4.19687824905234, entropy loss: 0.08838156255937758, leaf dev: 0.17024265229701996
[2026-06-25 21:56:44,391][root][INFO] - Val leaf stats: tensor([6.8332e-01, 1.9705e-02, 9.3388e-05, 1.6716e-02, 7.0228e-02, 1.4008e-03,
        5.3325e-02, 1.8678e-04, 1.6810e-03, 8.4049e-04, 1.4783e-01, 0.0000e+00,
        2.0545e-03, 1.6810e-03, 6.5372e-04, 2.8016e-04])
[2026-06-25 21:56:45,611][root][INFO] - Epoch: 42 | train acc: 0.9676, train loss: 4.49171055, valid acc: 0.9474, valid loss: 0.19350312, test acc: 0.9187, test loss: 0.86527998
[2026-06-25 21:56:45,796][root][INFO] - reg loss: 4.465265672673624, entropy loss: 0.09670420874048162, leaf dev: 0.08567462861537933
[2026-06-25 21:56:45,797][root][INFO] - Val leaf stats: tensor([0.1708, 0.0334, 0.1285, 0.0011, 0.0808, 0.1649, 0.0039, 0.1023, 0.0019,
        0.0226, 0.0004, 0.0010, 0.0008, 0.2847, 0.0009, 0.0019])
[2026-06-25 21:56:47,084][root][INFO] - reg loss: 4.377848019675603, entropy loss: 0.10235252357506879, leaf dev: 0.10717318207025528
[2026-06-25 21:56:47,085][root][INFO] - Val leaf stats: tensor([2.6672e-01, 2.5112e-01, 8.5917e-03, 0.0000e+00, 7.0228e-02, 9.3388e-05,
        4.6694e-03, 9.3388e-04, 9.6190e-03, 5.9768e-03, 2.9940e-01, 1.8678e-04,
        5.3231e-03, 7.5925e-02, 6.5372e-04, 5.6033e-04])
[2026-06-25 21:56:47,553][root][INFO] - Epoch: 43 | train acc: 0.9666, train loss: 8.78490138, valid acc: 0.9476, valid loss: 0.17911592, test acc: 0.9256, test loss: 1.48621535
[2026-06-25 21:56:48,306][root][INFO] - Epoch: 43 | train acc: 0.9858, train loss: 2.35013408, valid acc: 0.9627, valid loss: 0.15664512, test acc: 0.9305, test loss: 3.14275330
[2026-06-25 21:56:48,668][root][INFO] - Epoch: 43 | train acc: 0.9839, train loss: 8.56906180, valid acc: 0.9609, valid loss: 0.15357178, test acc: 0.9279, test loss: 2.71413361
[2026-06-25 21:56:48,996][root][INFO] - reg loss: 4.336158883634698, entropy loss: 0.09431026004767291, leaf dev: 0.12360769510269165
[2026-06-25 21:56:48,997][root][INFO] - Val leaf stats: tensor([9.4415e-02, 4.6227e-02, 3.3087e-01, 3.7355e-04, 7.3403e-02, 2.7830e-02,
        9.3388e-05, 1.0273e-03, 2.2413e-03, 2.5215e-03, 6.5372e-04, 7.4710e-04,
        9.3388e-05, 4.0596e-01, 2.8016e-04, 1.3261e-02])
[2026-06-25 21:56:49,249][root][INFO] - Epoch: 43 | train acc: 0.9609, train loss: 33.03517076, valid acc: 0.9428, valid loss: 0.19150155, test acc: 0.9205, test loss: 0.78833278
[2026-06-25 21:56:49,742][root][INFO] - reg loss: 4.600808678480683, entropy loss: 0.10699337705102548, leaf dev: 0.11140301078557968
[2026-06-25 21:56:49,743][root][INFO] - Val leaf stats: tensor([4.2370e-01, 1.7277e-01, 1.1207e-03, 3.1285e-02, 0.0000e+00, 2.4281e-03,
        4.6974e-02, 9.3388e-05, 4.6694e-04, 2.8950e-03, 1.2785e-01, 1.2579e-01,
        1.3074e-03, 6.2570e-02, 3.7355e-04, 3.7355e-04])
[2026-06-25 21:56:50,155][root][INFO] - reg loss: 4.255741772828279, entropy loss: 0.1111313449958014, leaf dev: 0.1119382306933403
[2026-06-25 21:56:50,156][root][INFO] - Val leaf stats: tensor([3.7953e-01, 7.1629e-02, 2.1666e-02, 1.8678e-04, 9.2828e-02, 2.2320e-01,
        0.0000e+00, 0.0000e+00, 3.0818e-03, 0.0000e+00, 7.4710e-04, 7.4710e-04,
        3.7355e-04, 2.0583e-01, 0.0000e+00, 1.8678e-04])
[2026-06-25 21:56:50,192][root][INFO] - Epoch: 44 | train acc: 0.9835, train loss: 0.05805613, valid acc: 0.9598, valid loss: 0.16287687, test acc: 0.9300, test loss: 1.61959662
[2026-06-25 21:56:50,860][root][INFO] - reg loss: 4.1125375909149335, entropy loss: 0.11702177831262507, leaf dev: 0.13977886736392975
[2026-06-25 21:56:50,861][root][INFO] - Val leaf stats: tensor([5.3203e-01, 3.7449e-02, 2.2507e-01, 1.6810e-03, 7.3030e-02, 1.8678e-04,
        0.0000e+00, 0.0000e+00, 1.7744e-03, 3.1752e-03, 1.2140e-03, 1.4008e-03,
        9.3388e-05, 1.2290e-01, 0.0000e+00, 0.0000e+00])
[2026-06-25 21:56:51,638][root][INFO] - reg loss: 5.1269403891588645, entropy loss: 0.1846187821929417, leaf dev: 0.08249139040708542
[2026-06-25 21:56:51,639][root][INFO] - Val leaf stats: tensor([0.3026, 0.0456, 0.1182, 0.0488, 0.0011, 0.0011, 0.0027, 0.0765, 0.0031,
        0.0203, 0.0000, 0.1253, 0.0013, 0.0018, 0.1041, 0.1475])
[2026-06-25 21:56:52,487][root][INFO] - Epoch: 43 | train acc: 0.9813, train loss: 16.94988284, valid acc: 0.9587, valid loss: 0.17460083, test acc: 0.9212, test loss: 1.95915141
[2026-06-25 21:56:53,178][root][INFO] - Epoch: 43 | train acc: 0.9594, train loss: 8.64052200, valid acc: 0.9421, valid loss: 0.20383003, test acc: 0.9159, test loss: 1.03693825
[2026-06-25 21:56:53,887][root][INFO] - reg loss: 4.221359840776555, entropy loss: 0.08569867901070408, leaf dev: 0.11313264816999435
[2026-06-25 21:56:53,888][root][INFO] - Val leaf stats: tensor([3.1276e-01, 2.0452e-02, 9.9272e-02, 1.2140e-03, 9.6190e-02, 1.1038e-01,
        0.0000e+00, 7.4710e-04, 3.0818e-03, 1.4008e-03, 1.8678e-04, 4.6694e-04,
        0.0000e+00, 3.5347e-01, 2.8016e-04, 9.3388e-05])
[2026-06-25 21:56:54,436][root][INFO] - Epoch: 43 | train acc: 0.9814, train loss: 33.31950290, valid acc: 0.9588, valid loss: 0.16700308, test acc: 0.9255, test loss: 4.54639508
[2026-06-25 21:56:54,599][root][INFO] - reg loss: 4.251297748908795, entropy loss: 0.08336701149505282, leaf dev: 0.13549824059009552
[2026-06-25 21:56:54,600][root][INFO] - Val leaf stats: tensor([3.2686e-01, 1.6436e-02, 1.3074e-03, 3.7355e-04, 1.6306e-01, 0.0000e+00,
        4.6694e-04, 1.8678e-03, 1.4195e-02, 1.6343e-02, 4.5134e-01, 1.1207e-03,
        1.2140e-03, 2.3347e-03, 2.8950e-03, 1.8678e-04])
[2026-06-25 21:56:55,830][root][INFO] - reg loss: 4.156940762958829, entropy loss: 0.09896994874906287, leaf dev: 0.12755358219146729
[2026-06-25 21:56:55,831][root][INFO] - Val leaf stats: tensor([2.1264e-01, 1.5502e-02, 9.9645e-02, 0.0000e+00, 8.8625e-02, 9.3015e-02,
        2.0545e-03, 2.8016e-04, 5.6033e-04, 2.8016e-04, 1.5876e-03, 5.6033e-04,
        0.0000e+00, 4.8440e-01, 3.7355e-04, 4.6694e-04])
[2026-06-25 21:56:57,546][root][INFO] - Epoch: 44 | train acc: 0.9668, train loss: 16.72485211, valid acc: 0.9461, valid loss: 0.20055120, test acc: 0.9322, test loss: 1.21760106
[2026-06-25 21:56:59,037][root][INFO] - reg loss: 4.15132613661428, entropy loss: 0.08647021734052235, leaf dev: 0.1295318305492401
[2026-06-25 21:56:59,038][root][INFO] - Val leaf stats: tensor([3.6300e-01, 6.6866e-02, 5.6033e-04, 2.6149e-03, 1.7137e-01, 0.0000e+00,
        9.3388e-04, 9.3388e-04, 8.4049e-04, 1.6810e-03, 3.8541e-01, 3.7355e-04,
        3.6421e-03, 1.4008e-03, 3.7355e-04, 0.0000e+00])
[2026-06-25 21:56:59,372][root][INFO] - Epoch: 44 | train acc: 0.9826, train loss: 8.49270401, valid acc: 0.9608, valid loss: 0.15484406, test acc: 0.9259, test loss: 2.84480745
[2026-06-25 21:57:00,677][root][INFO] - reg loss: 4.216851416088286, entropy loss: 0.09846871590645856, leaf dev: 0.133571058511734
[2026-06-25 21:57:00,678][root][INFO] - Val leaf stats: tensor([5.1121e-01, 6.1356e-02, 0.0000e+00, 7.8446e-03, 7.1535e-02, 6.5372e-04,
        1.4036e-01, 1.8678e-04, 9.3388e-05, 1.9612e-03, 2.0032e-01, 9.3388e-05,
        2.8016e-03, 0.0000e+00, 1.4008e-03, 1.8678e-04])
[2026-06-25 21:57:00,786][root][INFO] - Epoch: 44 | train acc: 0.9665, train loss: 2.47426822, valid acc: 0.9511, valid loss: 0.19139172, test acc: 0.9187, test loss: 0.62467420
[2026-06-25 21:57:02,218][root][INFO] - reg loss: 4.713281467478112, entropy loss: 0.09795184362502325, leaf dev: 0.08473600447177887
[2026-06-25 21:57:02,219][root][INFO] - Val leaf stats: tensor([1.7109e-01, 1.8397e-01, 5.6033e-04, 2.8857e-02, 1.8117e-02, 9.3388e-05,
        2.0359e-02, 3.3620e-03, 2.8016e-04, 1.0618e-01, 2.8063e-01, 9.0306e-02,
        1.1207e-03, 8.4983e-02, 9.5256e-03, 5.6033e-04])
[2026-06-25 21:57:02,981][root][INFO] - Epoch: 44 | train acc: 0.9869, train loss: 2.29197126, valid acc: 0.9602, valid loss: 0.15361645, test acc: 0.9281, test loss: 1.12240932
[2026-06-25 21:57:04,452][root][INFO] - reg loss: 4.488927107008677, entropy loss: 0.08027363883912879, leaf dev: 0.10428893566131592
[2026-06-25 21:57:04,453][root][INFO] - Val leaf stats: tensor([0.3557, 0.1313, 0.0145, 0.0011, 0.0786, 0.0110, 0.0351, 0.0007, 0.0028,
        0.0085, 0.0035, 0.0007, 0.0005, 0.2541, 0.0048, 0.0971])
[2026-06-25 21:57:05,278][root][INFO] - Epoch: 43 | train acc: 0.9731, train loss: 32.31549740, valid acc: 0.9598, valid loss: 0.16113826, test acc: 0.9362, test loss: 4.70836159
[2026-06-25 21:57:05,317][root][INFO] - Epoch: 43 | train acc: 0.9622, train loss: 16.93596961, valid acc: 0.9382, valid loss: 0.21032025, test acc: 0.9071, test loss: 3.28190835
[2026-06-25 21:57:06,901][root][INFO] - reg loss: 4.202554808722602, entropy loss: 0.09517711672991042, leaf dev: 0.09850601851940155
[2026-06-25 21:57:06,902][root][INFO] - Val leaf stats: tensor([2.8072e-01, 2.2787e-02, 1.5773e-01, 1.8678e-04, 9.7591e-02, 2.0545e-01,
        3.7355e-04, 5.6033e-04, 0.0000e+00, 0.0000e+00, 1.4008e-03, 3.6421e-03,
        0.0000e+00, 2.2824e-01, 0.0000e+00, 1.3074e-03])
[2026-06-25 21:57:06,983][root][INFO] - reg loss: 4.027251569051591, entropy loss: 0.12260882844212194, leaf dev: 0.2192012071609497
[2026-06-25 21:57:06,984][root][INFO] - Val leaf stats: tensor([8.8130e-01, 0.0000e+00, 1.1207e-03, 0.0000e+00, 7.2189e-02, 0.0000e+00,
        3.6048e-02, 0.0000e+00, 1.9612e-03, 0.0000e+00, 3.1752e-03, 1.8678e-04,
        3.9223e-03, 0.0000e+00, 9.3388e-05, 0.0000e+00])
[2026-06-25 21:57:07,572][root][INFO] - Epoch: 44 | train acc: 0.9783, train loss: 4.29898216, valid acc: 0.9612, valid loss: 0.14376812, test acc: 0.9202, test loss: 3.19627599
[2026-06-25 21:57:09,108][root][INFO] - reg loss: 4.222089780070794, entropy loss: 0.0866200751255429, leaf dev: 0.17423169314861298
[2026-06-25 21:57:09,109][root][INFO] - Val leaf stats: tensor([6.9976e-01, 1.6063e-02, 3.7355e-04, 1.7183e-02, 6.9854e-02, 1.4008e-03,
        4.3892e-02, 2.8016e-04, 1.7744e-03, 9.3388e-04, 1.4428e-01, 9.3388e-05,
        2.1479e-03, 1.2140e-03, 3.7355e-04, 3.7355e-04])
[2026-06-25 21:57:09,832][root][INFO] - Epoch: 44 | train acc: 0.9763, train loss: 4.53521163, valid acc: 0.9549, valid loss: 0.17554296, test acc: 0.9207, test loss: 1.86194797
[2026-06-25 21:57:11,003][root][INFO] - Epoch: 43 | train acc: 0.9660, train loss: 4.47069047, valid acc: 0.9495, valid loss: 0.18083063, test acc: 0.9203, test loss: 1.13038871
[2026-06-25 21:57:11,592][root][INFO] - reg loss: 4.453133197057815, entropy loss: 0.09584464065769993, leaf dev: 0.08565583825111389
[2026-06-25 21:57:11,593][root][INFO] - Val leaf stats: tensor([1.7211e-01, 3.3806e-02, 1.2888e-01, 1.4942e-03, 8.0314e-02, 1.6334e-01,
        4.5760e-03, 1.0693e-01, 1.7744e-03, 1.8864e-02, 1.8678e-04, 1.1207e-03,
        1.1207e-03, 2.8325e-01, 7.4710e-04, 1.4942e-03])
[2026-06-25 21:57:12,725][root][INFO] - reg loss: 4.352944245414128, entropy loss: 0.09757899406252715, leaf dev: 0.11021366715431213
[2026-06-25 21:57:12,726][root][INFO] - Val leaf stats: tensor([2.5579e-01, 2.3627e-01, 9.7124e-03, 9.3388e-05, 5.1177e-02, 9.3388e-05,
        4.4826e-03, 9.3388e-04, 1.0646e-02, 6.7239e-03, 3.3825e-01, 4.6694e-04,
        5.8835e-03, 7.8166e-02, 7.4710e-04, 5.6033e-04])
[2026-06-25 21:57:13,105][root][INFO] - Epoch: 44 | train acc: 0.9672, train loss: 8.77728104, valid acc: 0.9484, valid loss: 0.17843838, test acc: 0.9259, test loss: 1.48177891
[2026-06-25 21:57:13,993][root][INFO] - Epoch: 44 | train acc: 0.9871, train loss: 2.33362888, valid acc: 0.9604, valid loss: 0.15586071, test acc: 0.9318, test loss: 2.43426217
[2026-06-25 21:57:14,137][root][INFO] - Epoch: 44 | train acc: 0.9604, train loss: 33.03982062, valid acc: 0.9441, valid loss: 0.18700997, test acc: 0.9187, test loss: 0.74101679
[2026-06-25 21:57:14,164][root][INFO] - Epoch: 44 | train acc: 0.9842, train loss: 8.55610918, valid acc: 0.9586, valid loss: 0.15483965, test acc: 0.9279, test loss: 2.72839788
[2026-06-25 21:57:14,718][root][INFO] - reg loss: 4.333555342659118, entropy loss: 0.09379721460519014, leaf dev: 0.1235046312212944
[2026-06-25 21:57:14,721][root][INFO] - Val leaf stats: tensor([9.3948e-02, 4.6601e-02, 3.2919e-01, 4.6694e-04, 7.3496e-02, 2.7923e-02,
        9.3388e-05, 1.0273e-03, 2.2413e-03, 2.9884e-03, 6.5372e-04, 8.4049e-04,
        9.3388e-05, 4.0689e-01, 2.8016e-04, 1.3261e-02])
[2026-06-25 21:57:15,244][root][INFO] - Epoch: 45 | train acc: 0.9878, train loss: 0.04208983, valid acc: 0.9610, valid loss: 0.14718088, test acc: 0.9288, test loss: 1.72329654
[2026-06-25 21:57:15,596][root][INFO] - reg loss: 4.576613274831621, entropy loss: 0.10631911519658628, leaf dev: 0.11259506642818451
[2026-06-25 21:57:15,597][root][INFO] - Val leaf stats: tensor([4.2323e-01, 1.8155e-01, 4.6694e-04, 1.9612e-02, 0.0000e+00, 2.8950e-03,
        3.6141e-02, 9.3388e-05, 4.6694e-04, 3.1752e-03, 1.3130e-01, 1.2916e-01,
        9.3388e-04, 7.0321e-02, 2.8016e-04, 3.7355e-04])
[2026-06-25 21:57:15,773][root][INFO] - reg loss: 4.113140762167633, entropy loss: 0.11685572710459825, leaf dev: 0.13932828605175018
[2026-06-25 21:57:15,775][root][INFO] - Val leaf stats: tensor([5.3035e-01, 3.9503e-02, 2.2357e-01, 1.1207e-03, 7.2843e-02, 1.8678e-04,
        0.0000e+00, 0.0000e+00, 1.7744e-03, 3.3620e-03, 1.2140e-03, 1.4008e-03,
        0.0000e+00, 1.2467e-01, 0.0000e+00, 0.0000e+00])
[2026-06-25 21:57:15,788][root][INFO] - reg loss: 4.249673593611944, entropy loss: 0.11016878052047951, leaf dev: 0.1119467094540596
[2026-06-25 21:57:15,789][root][INFO] - Val leaf stats: tensor([3.8018e-01, 7.2189e-02, 2.2040e-02, 1.8678e-04, 9.2361e-02, 2.2152e-01,
        0.0000e+00, 0.0000e+00, 2.9884e-03, 0.0000e+00, 7.4710e-04, 7.4710e-04,
        3.7355e-04, 2.0648e-01, 0.0000e+00, 1.8678e-04])
[2026-06-25 21:57:16,663][root][INFO] - reg loss: 5.101464498610723, entropy loss: 0.18781227448945323, leaf dev: 0.08348537236452103
[2026-06-25 21:57:16,664][root][INFO] - Val leaf stats: tensor([0.3080, 0.0443, 0.1150, 0.0498, 0.0015, 0.0014, 0.0043, 0.0853, 0.0031,
        0.0144, 0.0000, 0.1245, 0.0009, 0.0012, 0.0992, 0.1473])
[2026-06-25 21:57:17,500][root][INFO] - Epoch: 44 | train acc: 0.9829, train loss: 16.93363106, valid acc: 0.9590, valid loss: 0.16379094, test acc: 0.9184, test loss: 1.94428293
[2026-06-25 21:57:18,269][root][INFO] - Epoch: 44 | train acc: 0.9598, train loss: 8.65016963, valid acc: 0.9428, valid loss: 0.20401511, test acc: 0.9072, test loss: 1.09421239
[2026-06-25 21:57:18,695][root][INFO] - Epoch: 44 | train acc: 0.9825, train loss: 33.28417953, valid acc: 0.9605, valid loss: 0.16429551, test acc: 0.9243, test loss: 4.62501119
[2026-06-25 21:57:18,867][root][INFO] - reg loss: 4.2182152233426535, entropy loss: 0.08402555258501143, leaf dev: 0.11245910823345184
[2026-06-25 21:57:18,868][root][INFO] - Val leaf stats: tensor([3.1201e-01, 2.2133e-02, 1.0217e-01, 1.2140e-03, 9.7124e-02, 1.0880e-01,
        0.0000e+00, 6.5372e-04, 3.1752e-03, 1.3074e-03, 2.8016e-04, 4.6694e-04,
        0.0000e+00, 3.5021e-01, 3.7355e-04, 9.3388e-05])
[2026-06-25 21:57:19,805][root][INFO] - reg loss: 4.256465253375826, entropy loss: 0.08088993442752374, leaf dev: 0.13163362443447113
[2026-06-25 21:57:19,806][root][INFO] - Val leaf stats: tensor([3.1117e-01, 1.6250e-02, 9.3388e-04, 7.0975e-03, 1.6109e-01, 9.3388e-05,
        6.5372e-04, 2.4281e-03, 2.3814e-02, 2.1106e-02, 4.4527e-01, 1.8678e-03,
        1.0273e-03, 2.8950e-03, 4.1091e-03, 1.8678e-04])
[2026-06-25 21:57:20,230][root][INFO] - reg loss: 4.152864511681612, entropy loss: 0.09750373058375858, leaf dev: 0.12716816365718842
[2026-06-25 21:57:20,231][root][INFO] - Val leaf stats: tensor([2.0984e-01, 1.5409e-02, 9.6190e-02, 0.0000e+00, 8.9746e-02, 9.9178e-02,
        2.0545e-03, 2.8016e-04, 5.6033e-04, 2.8016e-04, 1.6810e-03, 5.6033e-04,
        0.0000e+00, 4.8338e-01, 3.7355e-04, 4.6694e-04])
[2026-06-25 21:57:21,419][root][INFO] - Epoch: 45 | train acc: 0.9676, train loss: 16.73111787, valid acc: 0.9476, valid loss: 0.18621879, test acc: 0.9201, test loss: 1.00271539
[2026-06-25 21:57:22,746][root][INFO] - reg loss: 4.153741664987392, entropy loss: 0.08713618717180989, leaf dev: 0.13052962720394135
[2026-06-25 21:57:22,748][root][INFO] - Val leaf stats: tensor([3.5301e-01, 6.6492e-02, 5.6033e-04, 2.2413e-03, 1.6408e-01, 0.0000e+00,
        9.3388e-04, 9.3388e-04, 5.6033e-04, 1.7744e-03, 4.0260e-01, 4.6694e-04,
        3.5487e-03, 1.9612e-03, 5.6033e-04, 2.8016e-04])
[2026-06-25 21:57:23,162][root][INFO] - Epoch: 45 | train acc: 0.9835, train loss: 8.49791299, valid acc: 0.9596, valid loss: 0.15143812, test acc: 0.9272, test loss: 2.93396269
[2026-06-25 21:57:24,571][root][INFO] - reg loss: 4.2202714864539095, entropy loss: 0.09795812202036065, leaf dev: 0.13208140432834625
[2026-06-25 21:57:24,572][root][INFO] - Val leaf stats: tensor([5.0355e-01, 6.5839e-02, 0.0000e+00, 7.8446e-03, 7.1722e-02, 6.5372e-04,
        1.3952e-01, 1.8678e-04, 9.3388e-05, 2.1479e-03, 2.0396e-01, 9.3388e-05,
        2.8016e-03, 0.0000e+00, 1.4008e-03, 1.8678e-04])
[2026-06-25 21:57:24,762][root][INFO] - Epoch: 45 | train acc: 0.9709, train loss: 2.42161459, valid acc: 0.9513, valid loss: 0.18639973, test acc: 0.9176, test loss: 0.62872506
[2026-06-25 21:57:26,184][root][INFO] - reg loss: 4.639663620600625, entropy loss: 0.09255246053297053, leaf dev: 0.08870187401771545
[2026-06-25 21:57:26,185][root][INFO] - Val leaf stats: tensor([2.3627e-01, 2.1311e-01, 4.6694e-04, 2.7923e-02, 1.8304e-02, 9.3388e-05,
        2.4281e-02, 2.7083e-03, 2.8016e-04, 5.7434e-02, 2.4841e-01, 7.1722e-02,
        2.5215e-03, 8.5450e-02, 1.0366e-02, 6.5372e-04])
[2026-06-25 21:57:28,106][root][INFO] - Epoch: 45 | train acc: 0.9870, train loss: 2.28853556, valid acc: 0.9611, valid loss: 0.15296457, test acc: 0.9261, test loss: 1.14137646
[2026-06-25 21:57:29,431][root][INFO] - reg loss: 4.4835571384934525, entropy loss: 0.07939506318203356, leaf dev: 0.1037033349275589
[2026-06-25 21:57:29,432][root][INFO] - Val leaf stats: tensor([0.3423, 0.1254, 0.0147, 0.0011, 0.0798, 0.0098, 0.0351, 0.0010, 0.0026,
        0.0085, 0.0035, 0.0007, 0.0005, 0.2700, 0.0050, 0.1001])
[2026-06-25 21:57:30,146][root][INFO] - Epoch: 44 | train acc: 0.9628, train loss: 16.91725628, valid acc: 0.9396, valid loss: 0.20372535, test acc: 0.9096, test loss: 3.35287260
[2026-06-25 21:57:30,714][root][INFO] - Epoch: 44 | train acc: 0.9741, train loss: 32.29822157, valid acc: 0.9606, valid loss: 0.18712751, test acc: 0.9369, test loss: 5.15968031
[2026-06-25 21:57:31,625][root][INFO] - reg loss: 4.198213705940852, entropy loss: 0.09436275880961191, leaf dev: 0.09865923225879669
[2026-06-25 21:57:31,626][root][INFO] - Val leaf stats: tensor([2.8334e-01, 2.3440e-02, 1.5885e-01, 1.8678e-04, 9.7684e-02, 1.9864e-01,
        1.8678e-04, 9.3388e-05, 0.0000e+00, 0.0000e+00, 1.4008e-03, 3.6421e-03,
        0.0000e+00, 2.3114e-01, 0.0000e+00, 1.4008e-03])
[2026-06-25 21:57:32,372][root][INFO] - reg loss: 4.025361222564859, entropy loss: 0.12376209900335029, leaf dev: 0.21960197389125824
[2026-06-25 21:57:32,373][root][INFO] - Val leaf stats: tensor([8.8289e-01, 1.8678e-04, 1.4008e-03, 9.3388e-05, 7.2096e-02, 0.0000e+00,
        3.3900e-02, 0.0000e+00, 1.9612e-03, 0.0000e+00, 3.1752e-03, 2.8016e-04,
        3.9223e-03, 0.0000e+00, 9.3388e-05, 0.0000e+00])
[2026-06-25 21:57:32,514][root][INFO] - Epoch: 45 | train acc: 0.9791, train loss: 4.27157268, valid acc: 0.9605, valid loss: 0.15106377, test acc: 0.9212, test loss: 2.99536798
[2026-06-25 21:57:34,101][root][INFO] - reg loss: 4.197451803419325, entropy loss: 0.08510376445988499, leaf dev: 0.17273172736167908
[2026-06-25 21:57:34,102][root][INFO] - Val leaf stats: tensor([6.9350e-01, 1.7931e-02, 0.0000e+00, 1.7183e-02, 6.9948e-02, 1.4008e-03,
        4.6227e-02, 3.7355e-04, 1.6810e-03, 1.0273e-03, 1.4643e-01, 1.8678e-04,
        2.1479e-03, 1.2140e-03, 3.7355e-04, 3.7355e-04])
[2026-06-25 21:57:35,643][root][INFO] - Epoch: 45 | train acc: 0.9767, train loss: 4.52538794, valid acc: 0.9546, valid loss: 0.20146038, test acc: 0.9190, test loss: 2.14077656
[2026-06-25 21:57:36,381][root][INFO] - Epoch: 44 | train acc: 0.9657, train loss: 4.49671936, valid acc: 0.9481, valid loss: 0.17649510, test acc: 0.9053, test loss: 1.99890638
[2026-06-25 21:57:37,376][root][INFO] - reg loss: 4.444723913909266, entropy loss: 0.09471421176321292, leaf dev: 0.08499083667993546
[2026-06-25 21:57:37,376][root][INFO] - Val leaf stats: tensor([0.1688, 0.0332, 0.1249, 0.0016, 0.0846, 0.1632, 0.0060, 0.1071, 0.0019,
        0.0211, 0.0004, 0.0010, 0.0010, 0.2827, 0.0009, 0.0017])
[2026-06-25 21:57:37,965][root][INFO] - reg loss: 4.379332032783952, entropy loss: 0.0977063367054576, leaf dev: 0.10796897113323212
[2026-06-25 21:57:37,966][root][INFO] - Val leaf stats: tensor([2.4318e-01, 2.3515e-01, 1.0553e-02, 1.8678e-04, 4.8282e-02, 0.0000e+00,
        4.7628e-03, 9.3388e-04, 1.2327e-02, 6.5372e-03, 3.3414e-01, 2.5215e-03,
        6.1636e-03, 9.2548e-02, 1.7744e-03, 9.3388e-04])
[2026-06-25 21:57:38,774][root][INFO] - Epoch: 45 | train acc: 0.9681, train loss: 8.77701419, valid acc: 0.9474, valid loss: 0.17778992, test acc: 0.9256, test loss: 1.48446413
[2026-06-25 21:57:39,110][root][INFO] - Epoch: 45 | train acc: 0.9854, train loss: 2.36209574, valid acc: 0.9632, valid loss: 0.15320509, test acc: 0.9322, test loss: 2.36342247
[2026-06-25 21:57:39,754][root][INFO] - Epoch: 45 | train acc: 0.9609, train loss: 33.03716746, valid acc: 0.9450, valid loss: 0.18774493, test acc: 0.9174, test loss: 0.88086329
[2026-06-25 21:57:39,967][root][INFO] - Epoch: 45 | train acc: 0.9841, train loss: 8.55242231, valid acc: 0.9605, valid loss: 0.15895234, test acc: 0.9293, test loss: 2.78040935
[2026-06-25 21:57:40,243][root][INFO] - Epoch: 46 | train acc: 0.9885, train loss: 0.03894965, valid acc: 0.9635, valid loss: 0.14563348, test acc: 0.9303, test loss: 1.78439484
[2026-06-25 21:57:40,446][root][INFO] - reg loss: 4.334064642588298, entropy loss: 0.094432338126122, leaf dev: 0.12249281257390976
[2026-06-25 21:57:40,446][root][INFO] - Val leaf stats: tensor([9.5069e-02, 4.7535e-02, 3.2228e-01, 5.6033e-04, 7.3870e-02, 3.2312e-02,
        9.3388e-05, 1.1207e-03, 2.3347e-03, 2.8950e-03, 3.7355e-04, 7.4710e-04,
        1.8678e-04, 4.0708e-01, 3.7355e-04, 1.3168e-02])
[2026-06-25 21:57:40,780][root][INFO] - reg loss: 4.6226523767703425, entropy loss: 0.1049926833658622, leaf dev: 0.11436934769153595
[2026-06-25 21:57:40,781][root][INFO] - Val leaf stats: tensor([4.3846e-01, 1.4550e-01, 4.6694e-04, 2.1199e-02, 0.0000e+00, 3.0818e-03,
        3.7542e-02, 2.8016e-04, 4.6694e-04, 3.7355e-03, 1.3523e-01, 1.4167e-01,
        7.4710e-04, 7.1068e-02, 1.8678e-04, 3.7355e-04])
[2026-06-25 21:57:41,410][root][INFO] - reg loss: 4.248223044884899, entropy loss: 0.10976781246681062, leaf dev: 0.11077828705310822
[2026-06-25 21:57:41,410][root][INFO] - reg loss: 4.112951510797733, entropy loss: 0.11579954080165379, leaf dev: 0.13875745236873627
[2026-06-25 21:57:41,411][root][INFO] - Val leaf stats: tensor([3.7383e-01, 7.2936e-02, 2.7083e-02, 1.8678e-04, 9.1707e-02, 2.2469e-01,
        0.0000e+00, 0.0000e+00, 2.9884e-03, 0.0000e+00, 7.4710e-04, 7.4710e-04,
        2.8016e-04, 2.0461e-01, 0.0000e+00, 1.8678e-04])
[2026-06-25 21:57:41,411][root][INFO] - Val leaf stats: tensor([5.2820e-01, 4.0064e-02, 2.2236e-01, 1.5876e-03, 7.4524e-02, 1.8678e-04,
        0.0000e+00, 0.0000e+00, 1.7744e-03, 3.4554e-03, 1.1207e-03, 1.4008e-03,
        0.0000e+00, 1.2523e-01, 0.0000e+00, 9.3388e-05])
[2026-06-25 21:57:42,053][root][INFO] - reg loss: 5.092637561616444, entropy loss: 0.18846177865588476, leaf dev: 0.0836220383644104
[2026-06-25 21:57:42,054][root][INFO] - Val leaf stats: tensor([0.3094, 0.0506, 0.1138, 0.0470, 0.0007, 0.0007, 0.0049, 0.0868, 0.0032,
        0.0122, 0.0000, 0.1194, 0.0009, 0.0016, 0.1017, 0.1471])
[2026-06-25 21:57:42,504][root][INFO] - Epoch: 45 | train acc: 0.9835, train loss: 16.91776879, valid acc: 0.9583, valid loss: 0.16673508, test acc: 0.9211, test loss: 2.01724095
[2026-06-25 21:57:43,618][root][INFO] - Epoch: 45 | train acc: 0.9825, train loss: 33.27209410, valid acc: 0.9588, valid loss: 0.16835045, test acc: 0.9240, test loss: 4.72604422
[2026-06-25 21:57:43,947][root][INFO] - reg loss: 4.2148087012073985, entropy loss: 0.08253464694060976, leaf dev: 0.11233269423246384
[2026-06-25 21:57:43,948][root][INFO] - Val leaf stats: tensor([3.1061e-01, 2.1386e-02, 1.0656e-01, 1.3074e-03, 9.6843e-02, 1.0702e-01,
        0.0000e+00, 6.5372e-04, 3.1752e-03, 1.0273e-03, 2.8016e-04, 4.6694e-04,
        0.0000e+00, 3.5021e-01, 3.7355e-04, 9.3388e-05])
[2026-06-25 21:57:44,294][root][INFO] - Epoch: 45 | train acc: 0.9632, train loss: 8.64198148, valid acc: 0.9477, valid loss: 0.19210693, test acc: 0.9207, test loss: 1.03434927
[2026-06-25 21:57:44,892][root][INFO] - reg loss: 4.151446501413981, entropy loss: 0.09715292137608957, leaf dev: 0.12695467472076416
[2026-06-25 21:57:44,893][root][INFO] - Val leaf stats: tensor([2.1087e-01, 1.5689e-02, 9.5910e-02, 0.0000e+00, 8.9466e-02, 9.9739e-02,
        2.0545e-03, 2.8016e-04, 4.6694e-04, 9.3388e-05, 1.6810e-03, 5.6033e-04,
        0.0000e+00, 4.8207e-01, 6.5372e-04, 4.6694e-04])
[2026-06-25 21:57:45,517][root][INFO] - Epoch: 46 | train acc: 0.9674, train loss: 16.74839977, valid acc: 0.9500, valid loss: 0.21611172, test acc: 0.9206, test loss: 1.01054466
[2026-06-25 21:57:45,791][root][INFO] - reg loss: 4.25654322508151, entropy loss: 0.08240843410529787, leaf dev: 0.13444694876670837
[2026-06-25 21:57:45,792][root][INFO] - Val leaf stats: tensor([3.0538e-01, 1.5409e-02, 9.3388e-04, 9.3388e-04, 1.6250e-01, 9.3388e-05,
        6.5372e-04, 2.4281e-03, 2.0359e-02, 1.9051e-02, 4.6143e-01, 1.6810e-03,
        1.0273e-03, 2.9884e-03, 4.9496e-03, 1.8678e-04])
[2026-06-25 21:57:47,067][root][INFO] - reg loss: 4.158058153889167, entropy loss: 0.0868813879196606, leaf dev: 0.12955878674983978
[2026-06-25 21:57:47,068][root][INFO] - Val leaf stats: tensor([3.6188e-01, 6.6586e-02, 5.6033e-04, 2.5215e-03, 1.6950e-01, 9.3388e-05,
        9.3388e-04, 9.3388e-04, 7.4710e-04, 2.1479e-03, 3.8747e-01, 4.6694e-04,
        3.5487e-03, 2.1479e-03, 3.7355e-04, 9.3388e-05])
[2026-06-25 21:57:47,952][root][INFO] - Epoch: 46 | train acc: 0.9841, train loss: 8.49163683, valid acc: 0.9592, valid loss: 0.15671789, test acc: 0.9226, test loss: 3.01044086
[2026-06-25 21:57:49,115][root][INFO] - Epoch: 46 | train acc: 0.9712, train loss: 2.45246998, valid acc: 0.9573, valid loss: 0.16945894, test acc: 0.9223, test loss: 0.68516501
[2026-06-25 21:57:49,391][root][INFO] - reg loss: 4.217493738446917, entropy loss: 0.0968776252219286, leaf dev: 0.1310688704252243
[2026-06-25 21:57:49,392][root][INFO] - Val leaf stats: tensor([4.9953e-01, 7.4524e-02, 0.0000e+00, 8.0314e-03, 7.1535e-02, 6.5372e-04,
        1.3401e-01, 1.8678e-04, 9.3388e-05, 2.0545e-03, 2.0480e-01, 1.8678e-04,
        2.8016e-03, 0.0000e+00, 1.4008e-03, 1.8678e-04])
[2026-06-25 21:57:50,532][root][INFO] - reg loss: 4.70663357790185, entropy loss: 0.09670039696037454, leaf dev: 0.08966385573148727
[2026-06-25 21:57:50,533][root][INFO] - Val leaf stats: tensor([1.5661e-01, 2.4701e-01, 5.6033e-04, 2.4281e-02, 2.0265e-02, 9.3388e-05,
        2.2413e-02, 2.8950e-03, 2.8016e-04, 6.3317e-02, 2.7895e-01, 8.4329e-02,
        3.8289e-03, 8.3489e-02, 1.1020e-02, 6.5372e-04])
[2026-06-25 21:57:51,363][root][INFO] - Epoch: 46 | train acc: 0.9869, train loss: 2.28914602, valid acc: 0.9612, valid loss: 0.15374442, test acc: 0.9277, test loss: 1.16431763
[2026-06-25 21:57:52,873][root][INFO] - reg loss: 4.4842441573975576, entropy loss: 0.08036826791429015, leaf dev: 0.10178761929273605
[2026-06-25 21:57:52,874][root][INFO] - Val leaf stats: tensor([0.3345, 0.1352, 0.0139, 0.0011, 0.0784, 0.0094, 0.0416, 0.0007, 0.0026,
        0.0084, 0.0038, 0.0007, 0.0005, 0.2642, 0.0069, 0.0982])
[2026-06-25 21:57:54,970][root][INFO] - Epoch: 45 | train acc: 0.9647, train loss: 16.89320456, valid acc: 0.9414, valid loss: 0.20227263, test acc: 0.9098, test loss: 3.42184149
[2026-06-25 21:57:56,314][root][INFO] - Epoch: 45 | train acc: 0.9733, train loss: 32.30166628, valid acc: 0.9606, valid loss: 0.18904351, test acc: 0.9366, test loss: 5.71625956
[2026-06-25 21:57:56,317][root][INFO] - reg loss: 4.193280240215322, entropy loss: 0.093357423074031, leaf dev: 0.09868858754634857
[2026-06-25 21:57:56,318][root][INFO] - Val leaf stats: tensor([2.8054e-01, 2.2880e-02, 1.5344e-01, 1.8678e-04, 9.8618e-02, 2.0443e-01,
        4.6694e-04, 0.0000e+00, 0.0000e+00, 0.0000e+00, 1.4008e-03, 3.6421e-03,
        0.0000e+00, 2.3300e-01, 0.0000e+00, 1.4008e-03])
[2026-06-25 21:57:57,312][root][INFO] - Epoch: 46 | train acc: 0.9804, train loss: 4.27184111, valid acc: 0.9583, valid loss: 0.16300164, test acc: 0.9289, test loss: 1.78665447
[2026-06-25 21:57:58,142][root][INFO] - reg loss: 4.025694138158566, entropy loss: 0.12423560425402626, leaf dev: 0.21774448454380035
[2026-06-25 21:57:58,143][root][INFO] - Val leaf stats: tensor([8.7561e-01, 0.0000e+00, 1.2140e-03, 9.3388e-05, 7.2376e-02, 0.0000e+00,
        4.1651e-02, 0.0000e+00, 1.6810e-03, 9.3388e-05, 3.0818e-03, 1.8678e-04,
        3.9223e-03, 0.0000e+00, 9.3388e-05, 0.0000e+00])
[2026-06-25 21:57:58,837][root][INFO] - reg loss: 4.200307540792637, entropy loss: 0.08583894048733685, leaf dev: 0.1710817813873291
[2026-06-25 21:57:58,839][root][INFO] - Val leaf stats: tensor([6.8780e-01, 1.7090e-02, 0.0000e+00, 2.3254e-02, 6.9574e-02, 1.3074e-03,
        5.0430e-02, 3.7355e-04, 1.4942e-03, 1.2140e-03, 1.4223e-01, 9.3388e-05,
        2.4281e-03, 1.7744e-03, 4.6694e-04, 4.6694e-04])
[2026-06-25 21:58:00,414][root][INFO] - Epoch: 46 | train acc: 0.9761, train loss: 4.52864617, valid acc: 0.9552, valid loss: 0.17514589, test acc: 0.9222, test loss: 2.03946008
[2026-06-25 21:58:02,144][root][INFO] - Epoch: 45 | train acc: 0.9693, train loss: 4.47843804, valid acc: 0.9520, valid loss: 0.17468426, test acc: 0.9057, test loss: 3.32361718
[2026-06-25 21:58:02,144][root][INFO] - reg loss: 4.444171577534347, entropy loss: 0.09520118364265986, leaf dev: 0.08526784926652908
[2026-06-25 21:58:02,145][root][INFO] - Val leaf stats: tensor([1.6885e-01, 3.5954e-02, 1.2579e-01, 1.4942e-03, 7.8259e-02, 1.6147e-01,
        5.7901e-03, 1.0964e-01, 1.8678e-03, 2.0826e-02, 1.8678e-04, 1.0273e-03,
        8.4049e-04, 2.8502e-01, 9.3388e-04, 2.0545e-03])
[2026-06-25 21:58:03,866][root][INFO] - reg loss: 4.3724275291281405, entropy loss: 0.09668532546077456, leaf dev: 0.10941047221422195
[2026-06-25 21:58:03,867][root][INFO] - Val leaf stats: tensor([2.2833e-01, 2.4963e-01, 1.0740e-02, 9.3388e-05, 4.8188e-02, 0.0000e+00,
        4.3892e-03, 9.3388e-04, 1.1954e-02, 7.0975e-03, 3.4292e-01, 2.5215e-03,
        6.2570e-03, 8.5544e-02, 8.4049e-04, 5.6033e-04])
[2026-06-25 21:58:04,187][root][INFO] - Epoch: 46 | train acc: 0.9680, train loss: 8.78116726, valid acc: 0.9464, valid loss: 0.17761627, test acc: 0.9268, test loss: 1.49475944
[2026-06-25 21:58:04,901][root][INFO] - Epoch: 46 | train acc: 0.9858, train loss: 2.30961407, valid acc: 0.9618, valid loss: 0.15378060, test acc: 0.9309, test loss: 2.37085817
[2026-06-25 21:58:05,142][root][INFO] - Epoch: 46 | train acc: 0.9843, train loss: 8.56166560, valid acc: 0.9592, valid loss: 0.15486104, test acc: 0.9294, test loss: 2.82664921
[2026-06-25 21:58:05,145][root][INFO] - Epoch: 46 | train acc: 0.9609, train loss: 33.01566870, valid acc: 0.9463, valid loss: 0.18506394, test acc: 0.9174, test loss: 0.93233014
[2026-06-25 21:58:05,838][root][INFO] - reg loss: 4.336921636389677, entropy loss: 0.09331542186478459, leaf dev: 0.12162959575653076
[2026-06-25 21:58:05,845][root][INFO] - Val leaf stats: tensor([9.9085e-02, 4.9682e-02, 3.2527e-01, 8.4049e-04, 7.3870e-02, 3.0164e-02,
        9.3388e-05, 9.3388e-04, 2.7083e-03, 2.8950e-03, 3.7355e-04, 6.5372e-04,
        1.8678e-04, 3.9970e-01, 3.7355e-04, 1.3168e-02])
[2026-06-25 21:58:06,215][root][INFO] - Epoch: 47 | train acc: 0.9886, train loss: 0.04069346, valid acc: 0.9617, valid loss: 0.15423148, test acc: 0.9305, test loss: 1.57234914
[2026-06-25 21:58:06,458][root][INFO] - reg loss: 4.522771880740211, entropy loss: 0.10083338381752135, leaf dev: 0.11103019118309021
[2026-06-25 21:58:06,459][root][INFO] - Val leaf stats: tensor([4.1352e-01, 1.9406e-01, 4.6694e-04, 2.2880e-02, 0.0000e+00, 2.8016e-03,
        3.5954e-02, 3.7355e-04, 4.6694e-04, 4.4826e-03, 1.2710e-01, 1.2542e-01,
        1.0273e-03, 7.0882e-02, 1.8678e-04, 3.7355e-04])
[2026-06-25 21:58:06,695][root][INFO] - reg loss: 4.110006753729765, entropy loss: 0.11519636734137459, leaf dev: 0.1386570930480957
[2026-06-25 21:58:06,696][root][INFO] - Val leaf stats: tensor([5.2830e-01, 4.0250e-02, 2.2058e-01, 1.7744e-03, 7.2843e-02, 1.8678e-04,
        0.0000e+00, 9.3388e-05, 1.8678e-03, 4.2959e-03, 1.0273e-03, 1.4008e-03,
        9.3388e-05, 1.2719e-01, 0.0000e+00, 9.3388e-05])
[2026-06-25 21:58:06,753][root][INFO] - reg loss: 4.2526026554208585, entropy loss: 0.10760223498893162, leaf dev: 0.11052918434143066
[2026-06-25 21:58:06,754][root][INFO] - Val leaf stats: tensor([3.7542e-01, 7.7512e-02, 2.7176e-02, 1.8678e-04, 9.1240e-02, 2.1825e-01,
        0.0000e+00, 0.0000e+00, 2.9884e-03, 0.0000e+00, 7.4710e-04, 7.4710e-04,
        3.7355e-04, 2.0517e-01, 0.0000e+00, 1.8678e-04])
[2026-06-25 21:58:07,740][root][INFO] - reg loss: 5.055922023833744, entropy loss: 0.18745391386211233, leaf dev: 0.08312778174877167
[2026-06-25 21:58:07,741][root][INFO] - Val leaf stats: tensor([0.3075, 0.0621, 0.1091, 0.0420, 0.0007, 0.0009, 0.0053, 0.0881, 0.0031,
        0.0105, 0.0000, 0.1143, 0.0008, 0.0016, 0.1064, 0.1476])
[2026-06-25 21:58:08,081][root][INFO] - Epoch: 46 | train acc: 0.9828, train loss: 33.27248136, valid acc: 0.9593, valid loss: 0.20814995, test acc: 0.9254, test loss: 4.94537287
[2026-06-25 21:58:08,206][root][INFO] - Epoch: 46 | train acc: 0.9840, train loss: 16.88654155, valid acc: 0.9583, valid loss: 0.16870536, test acc: 0.9204, test loss: 2.05909846
[2026-06-25 21:58:09,318][root][INFO] - Epoch: 46 | train acc: 0.9649, train loss: 8.60558715, valid acc: 0.9484, valid loss: 0.19376723, test acc: 0.9222, test loss: 1.06052624
[2026-06-25 21:58:09,649][root][INFO] - reg loss: 4.151189846967263, entropy loss: 0.0958194409807523, leaf dev: 0.12490146607160568
[2026-06-25 21:58:09,650][root][INFO] - Val leaf stats: tensor([2.1236e-01, 1.5689e-02, 9.6470e-02, 0.0000e+00, 9.4135e-02, 1.0235e-01,
        2.0545e-03, 9.3388e-05, 6.5372e-04, 9.3388e-05, 2.6149e-03, 6.5372e-04,
        0.0000e+00, 4.7170e-01, 6.5372e-04, 4.6694e-04])
[2026-06-25 21:58:09,655][root][INFO] - reg loss: 4.207603583260188, entropy loss: 0.08177989709471899, leaf dev: 0.11256078630685806
[2026-06-25 21:58:09,656][root][INFO] - Val leaf stats: tensor([3.1855e-01, 1.9518e-02, 1.0441e-01, 1.1207e-03, 9.7404e-02, 1.0833e-01,
        0.0000e+00, 6.5372e-04, 3.2686e-03, 1.2140e-03, 2.8016e-04, 4.6694e-04,
        0.0000e+00, 3.4432e-01, 3.7355e-04, 9.3388e-05])
[2026-06-25 21:58:10,089][root][INFO] - Epoch: 47 | train acc: 0.9682, train loss: 16.69219953, valid acc: 0.9486, valid loss: 0.22069662, test acc: 0.9184, test loss: 1.22300468
[2026-06-25 21:58:10,965][root][INFO] - reg loss: 4.2406848372605745, entropy loss: 0.08181762506091406, leaf dev: 0.13480013608932495
[2026-06-25 21:58:10,966][root][INFO] - Val leaf stats: tensor([3.0585e-01, 1.6436e-02, 9.3388e-04, 8.4049e-04, 1.5988e-01, 0.0000e+00,
        6.5372e-04, 2.5215e-03, 1.9051e-02, 1.9425e-02, 4.6358e-01, 1.4942e-03,
        1.0273e-03, 2.9884e-03, 5.1363e-03, 1.8678e-04])
[2026-06-25 21:58:11,514][root][INFO] - reg loss: 4.145039359097758, entropy loss: 0.08448296312301878, leaf dev: 0.12967754900455475
[2026-06-25 21:58:11,515][root][INFO] - Val leaf stats: tensor([3.6207e-01, 6.7146e-02, 5.6033e-04, 2.1479e-03, 1.6875e-01, 9.3388e-05,
        7.4710e-04, 9.3388e-04, 6.5372e-04, 2.2413e-03, 3.8812e-01, 5.6033e-04,
        3.5487e-03, 1.8678e-03, 5.6033e-04, 0.0000e+00])
[2026-06-25 21:58:12,687][root][INFO] - Epoch: 47 | train acc: 0.9833, train loss: 8.51169150, valid acc: 0.9587, valid loss: 0.15802061, test acc: 0.9255, test loss: 3.12604736
[2026-06-25 21:58:12,911][root][INFO] - Epoch: 47 | train acc: 0.9745, train loss: 2.45786260, valid acc: 0.9577, valid loss: 0.16106855, test acc: 0.9226, test loss: 0.70663656
[2026-06-25 21:58:14,090][root][INFO] - reg loss: 4.227011201242921, entropy loss: 0.09651656480377944, leaf dev: 0.13085344433784485
[2026-06-25 21:58:14,091][root][INFO] - Val leaf stats: tensor([4.9262e-01, 6.5185e-02, 0.0000e+00, 8.4049e-03, 7.1349e-02, 5.6033e-04,
        1.2990e-01, 2.8016e-04, 9.3388e-05, 2.6149e-03, 2.2441e-01, 2.8016e-04,
        2.7083e-03, 0.0000e+00, 1.4942e-03, 9.3388e-05])
[2026-06-25 21:58:14,354][root][INFO] - reg loss: 4.7409336579539785, entropy loss: 0.09567070023092643, leaf dev: 0.08975730091333389
[2026-06-25 21:58:14,355][root][INFO] - Val leaf stats: tensor([1.6343e-01, 2.3272e-01, 5.6033e-04, 2.3534e-02, 1.6903e-02, 9.3388e-05,
        2.3440e-02, 2.8016e-03, 3.7355e-04, 6.4251e-02, 2.8679e-01, 8.5730e-02,
        3.9223e-03, 8.5077e-02, 9.8058e-03, 5.6033e-04])
[2026-06-25 21:58:15,530][root][INFO] - Epoch: 47 | train acc: 0.9879, train loss: 2.28708053, valid acc: 0.9600, valid loss: 0.16096684, test acc: 0.9259, test loss: 1.20562804
[2026-06-25 21:58:17,055][root][INFO] - reg loss: 4.4855772023478515, entropy loss: 0.08064211928655231, leaf dev: 0.10242791473865509
[2026-06-25 21:58:17,056][root][INFO] - Val leaf stats: tensor([0.3425, 0.1271, 0.0152, 0.0011, 0.0802, 0.0073, 0.0421, 0.0007, 0.0025,
        0.0092, 0.0045, 0.0007, 0.0006, 0.2634, 0.0118, 0.0913])
[2026-06-25 21:58:20,232][root][INFO] - Epoch: 46 | train acc: 0.9644, train loss: 16.90553225, valid acc: 0.9386, valid loss: 0.21054275, test acc: 0.9073, test loss: 3.50721243
[2026-06-25 21:58:21,712][root][INFO] - reg loss: 4.1959704848193615, entropy loss: 0.09355634675612526, leaf dev: 0.10063521564006805
[2026-06-25 21:58:21,713][root][INFO] - Val leaf stats: tensor([3.0939e-01, 2.6429e-02, 1.4186e-01, 9.3388e-05, 9.8524e-02, 1.7828e-01,
        9.3388e-05, 1.4008e-03, 0.0000e+00, 0.0000e+00, 1.4008e-03, 3.6421e-03,
        0.0000e+00, 2.3739e-01, 0.0000e+00, 1.4942e-03])
[2026-06-25 21:58:21,878][root][INFO] - Epoch: 46 | train acc: 0.9740, train loss: 32.31204070, valid acc: 0.9614, valid loss: 0.15529512, test acc: 0.9361, test loss: 5.36261057
[2026-06-25 21:58:22,224][root][INFO] - Epoch: 47 | train acc: 0.9810, train loss: 4.25930036, valid acc: 0.9626, valid loss: 0.14628984, test acc: 0.9295, test loss: 1.88642891
[2026-06-25 21:58:23,522][root][INFO] - reg loss: 4.027181062748824, entropy loss: 0.12230160524920812, leaf dev: 0.21890629827976227
[2026-06-25 21:58:23,523][root][INFO] - Val leaf stats: tensor([8.8018e-01, 0.0000e+00, 1.2140e-03, 9.3388e-05, 7.1815e-02, 0.0000e+00,
        3.7262e-02, 0.0000e+00, 1.7744e-03, 0.0000e+00, 3.3620e-03, 2.8016e-04,
        3.9223e-03, 0.0000e+00, 9.3388e-05, 0.0000e+00])
[2026-06-25 21:58:23,931][root][INFO] - reg loss: 4.191062427702404, entropy loss: 0.08425645262160629, leaf dev: 0.17026552557945251
[2026-06-25 21:58:23,933][root][INFO] - Val leaf stats: tensor([6.8379e-01, 2.2413e-02, 0.0000e+00, 1.6250e-02, 6.9854e-02, 1.3074e-03,
        5.1830e-02, 2.8016e-04, 1.4942e-03, 1.1207e-03, 1.4643e-01, 9.3388e-05,
        2.4281e-03, 1.6810e-03, 4.6694e-04, 5.6033e-04])
[2026-06-25 21:58:26,165][root][INFO] - Epoch: 47 | train acc: 0.9772, train loss: 4.49614731, valid acc: 0.9551, valid loss: 0.17802569, test acc: 0.9212, test loss: 2.05075309
[2026-06-25 21:58:28,041][root][INFO] - reg loss: 4.417678906173302, entropy loss: 0.09353980067230407, leaf dev: 0.08549226820468903
[2026-06-25 21:58:28,042][root][INFO] - Val leaf stats: tensor([1.7193e-01, 3.3433e-02, 1.2477e-01, 1.4942e-03, 7.8446e-02, 1.6100e-01,
        5.1363e-03, 1.1057e-01, 1.7744e-03, 2.1759e-02, 9.3388e-05, 9.3388e-04,
        8.4049e-04, 2.8474e-01, 1.0273e-03, 2.0545e-03])
[2026-06-25 21:58:28,159][root][INFO] - Epoch: 46 | train acc: 0.9700, train loss: 4.47904792, valid acc: 0.9503, valid loss: 0.17269492, test acc: 0.9064, test loss: 3.42674950
[2026-06-25 21:58:29,551][root][INFO] - Epoch: 47 | train acc: 0.9687, train loss: 8.77967487, valid acc: 0.9477, valid loss: 0.17709484, test acc: 0.9250, test loss: 1.50953154
[2026-06-25 21:58:29,820][root][INFO] - reg loss: 4.375020710879533, entropy loss: 0.09619964426629758, leaf dev: 0.10856685042381287
[2026-06-25 21:58:29,820][root][INFO] - Val leaf stats: tensor([2.4206e-01, 2.3851e-01, 1.0926e-02, 9.3388e-05, 4.8468e-02, 0.0000e+00,
        4.4826e-03, 9.3388e-04, 1.4569e-02, 9.8058e-03, 3.3797e-01, 2.5215e-03,
        5.8835e-03, 8.2182e-02, 9.3388e-04, 6.5372e-04])
[2026-06-25 21:58:30,426][root][INFO] - Epoch: 47 | train acc: 0.9876, train loss: 2.30178963, valid acc: 0.9619, valid loss: 0.15991859, test acc: 0.9320, test loss: 2.36650057
[2026-06-25 21:58:30,712][root][INFO] - Epoch: 47 | train acc: 0.9852, train loss: 8.54892467, valid acc: 0.9597, valid loss: 0.16047483, test acc: 0.9226, test loss: 3.15025930
[2026-06-25 21:58:31,004][root][INFO] - Epoch: 47 | train acc: 0.9609, train loss: 33.01514148, valid acc: 0.9416, valid loss: 0.19934168, test acc: 0.9115, test loss: 1.13357628
[2026-06-25 21:58:31,270][root][INFO] - reg loss: 4.336733679292063, entropy loss: 0.0941807381296284, leaf dev: 0.12170662730932236
[2026-06-25 21:58:31,271][root][INFO] - Val leaf stats: tensor([9.7964e-02, 5.0523e-02, 3.2154e-01, 1.5876e-03, 7.3870e-02, 2.9884e-02,
        9.3388e-05, 1.1207e-03, 2.5215e-03, 2.8950e-03, 3.7355e-04, 7.4710e-04,
        1.8678e-04, 4.0325e-01, 2.8016e-04, 1.3168e-02])
[2026-06-25 21:58:31,752][root][INFO] - Epoch: 48 | train acc: 0.9855, train loss: 0.05036477, valid acc: 0.9626, valid loss: 0.15390339, test acc: 0.9280, test loss: 1.73614171
[2026-06-25 21:58:32,068][root][INFO] - reg loss: 4.516567820594425, entropy loss: 0.09876728491493003, leaf dev: 0.11131072044372559
[2026-06-25 21:58:32,069][root][INFO] - Val leaf stats: tensor([4.1773e-01, 1.8584e-01, 4.6694e-04, 2.5495e-02, 0.0000e+00, 2.8016e-03,
        3.5861e-02, 3.7355e-04, 4.6694e-04, 4.1091e-03, 1.2486e-01, 1.2934e-01,
        1.0273e-03, 7.0975e-02, 2.8016e-04, 3.7355e-04])
[2026-06-25 21:58:32,530][root][INFO] - reg loss: 4.247500303561095, entropy loss: 0.10675690587235506, leaf dev: 0.11098302155733109
[2026-06-25 21:58:32,546][root][INFO] - Val leaf stats: tensor([3.7393e-01, 7.6018e-02, 2.2507e-02, 2.8016e-04, 9.1614e-02, 2.1956e-01,
        0.0000e+00, 0.0000e+00, 2.8950e-03, 0.0000e+00, 7.4710e-04, 6.5372e-04,
        4.6694e-04, 2.1106e-01, 9.3388e-05, 1.8678e-04])
[2026-06-25 21:58:32,658][root][INFO] - reg loss: 4.109761745210678, entropy loss: 0.11396436211924074, leaf dev: 0.13552163541316986
[2026-06-25 21:58:32,659][root][INFO] - Val leaf stats: tensor([5.1130e-01, 3.8289e-02, 2.2040e-01, 1.9612e-03, 7.2189e-02, 9.3388e-05,
        0.0000e+00, 1.8678e-04, 1.9612e-03, 4.7628e-03, 1.0273e-03, 1.4008e-03,
        4.6694e-04, 1.4587e-01, 0.0000e+00, 9.3388e-05])
[2026-06-25 21:58:33,050][root][INFO] - reg loss: 5.02291113737399, entropy loss: 0.17981778534631881, leaf dev: 0.07035328447818756
[2026-06-25 21:58:33,051][root][INFO] - Val leaf stats: tensor([0.1802, 0.0513, 0.1015, 0.1878, 0.0009, 0.0011, 0.0050, 0.0885, 0.0030,
        0.0103, 0.0000, 0.1197, 0.0008, 0.0017, 0.0855, 0.1626])
[2026-06-25 21:58:33,510][root][INFO] - Epoch: 47 | train acc: 0.9839, train loss: 16.87181659, valid acc: 0.9594, valid loss: 0.16764090, test acc: 0.9207, test loss: 2.02574338
[2026-06-25 21:58:33,695][root][INFO] - Epoch: 47 | train acc: 0.9814, train loss: 33.23794830, valid acc: 0.9599, valid loss: 0.17900577, test acc: 0.9230, test loss: 4.82296107
[2026-06-25 21:58:34,747][root][INFO] - Epoch: 47 | train acc: 0.9657, train loss: 8.63383163, valid acc: 0.9490, valid loss: 0.20285589, test acc: 0.9167, test loss: 1.12867705
[2026-06-25 21:58:34,943][root][INFO] - Epoch: 48 | train acc: 0.9684, train loss: 16.71960577, valid acc: 0.9492, valid loss: 0.19714782, test acc: 0.9186, test loss: 1.25755975
[2026-06-25 21:58:34,948][root][INFO] - reg loss: 4.2037651879446845, entropy loss: 0.08018717875398657, leaf dev: 0.1127515435218811
[2026-06-25 21:58:34,949][root][INFO] - Val leaf stats: tensor([3.1743e-01, 2.1012e-02, 1.0441e-01, 1.1207e-03, 9.7497e-02, 1.0525e-01,
        0.0000e+00, 5.6033e-04, 3.2686e-03, 1.1207e-03, 2.8016e-04, 4.6694e-04,
        0.0000e+00, 3.4712e-01, 3.7355e-04, 9.3388e-05])
[2026-06-25 21:58:35,114][root][INFO] - reg loss: 4.146554454924568, entropy loss: 0.09067628674563907, leaf dev: 0.12458924949169159
[2026-06-25 21:58:35,115][root][INFO] - Val leaf stats: tensor([2.2320e-01, 1.7090e-02, 1.0114e-01, 0.0000e+00, 8.9653e-02, 9.5816e-02,
        2.0545e-03, 9.3388e-05, 9.3388e-04, 9.3388e-05, 1.5876e-03, 6.5372e-04,
        9.3388e-05, 4.6666e-01, 3.7355e-04, 5.6033e-04])
[2026-06-25 21:58:36,150][root][INFO] - reg loss: 4.256644849424009, entropy loss: 0.08152270652156658, leaf dev: 0.1330394148826599
[2026-06-25 21:58:36,151][root][INFO] - Val leaf stats: tensor([2.9604e-01, 1.6903e-02, 8.4049e-04, 5.6033e-04, 1.5717e-01, 9.3388e-05,
        6.5372e-04, 2.5215e-03, 2.5215e-02, 2.5028e-02, 4.6264e-01, 1.2140e-03,
        1.0273e-03, 3.7355e-03, 6.0702e-03, 2.8016e-04])
[2026-06-25 21:58:36,622][root][INFO] - reg loss: 4.151546273912702, entropy loss: 0.08417386214726816, leaf dev: 0.12912623584270477
[2026-06-25 21:58:36,623][root][INFO] - Val leaf stats: tensor([0.3562, 0.0655, 0.0007, 0.0035, 0.1740, 0.0000, 0.0012, 0.0009, 0.0007,
        0.0022, 0.3888, 0.0006, 0.0035, 0.0016, 0.0006, 0.0000])
[2026-06-25 21:58:38,032][root][INFO] - Epoch: 48 | train acc: 0.9837, train loss: 8.49879328, valid acc: 0.9615, valid loss: 0.15405722, test acc: 0.9172, test loss: 2.64102668
[2026-06-25 21:58:38,048][root][INFO] - Epoch: 48 | train acc: 0.9749, train loss: 2.42405484, valid acc: 0.9590, valid loss: 0.15829021, test acc: 0.9227, test loss: 0.80908690
[2026-06-25 21:58:39,538][root][INFO] - reg loss: 4.6745011869561734, entropy loss: 0.09105131637167048, leaf dev: 0.08808109909296036
[2026-06-25 21:58:39,539][root][INFO] - Val leaf stats: tensor([0.1707, 0.2088, 0.0006, 0.0234, 0.0185, 0.0000, 0.0267, 0.0027, 0.0005,
        0.0639, 0.2916, 0.0893, 0.0038, 0.0852, 0.0137, 0.0007])
[2026-06-25 21:58:39,542][root][INFO] - reg loss: 4.221148485859866, entropy loss: 0.09492555134510867, leaf dev: 0.13142859935760498
[2026-06-25 21:58:39,543][root][INFO] - Val leaf stats: tensor([4.9767e-01, 6.7146e-02, 0.0000e+00, 8.2182e-03, 7.1535e-02, 5.6033e-04,
        1.3130e-01, 1.8678e-04, 9.3388e-05, 1.4008e-03, 2.1675e-01, 2.8016e-04,
        3.2686e-03, 0.0000e+00, 1.4008e-03, 1.8678e-04])
[2026-06-25 21:58:40,872][root][INFO] - Epoch: 48 | train acc: 0.9864, train loss: 2.28255918, valid acc: 0.9612, valid loss: 0.16104419, test acc: 0.9300, test loss: 1.14220369
[2026-06-25 21:58:42,328][root][INFO] - reg loss: 4.468393499889071, entropy loss: 0.07829199037539265, leaf dev: 0.1046876534819603
[2026-06-25 21:58:42,329][root][INFO] - Val leaf stats: tensor([3.5273e-01, 1.2458e-01, 1.4942e-02, 7.4710e-04, 7.9940e-02, 9.6190e-03,
        3.4273e-02, 9.3388e-04, 2.8016e-03, 8.4049e-03, 4.2025e-03, 6.5372e-04,
        2.8016e-04, 2.6550e-01, 8.6851e-03, 9.1707e-02])
[2026-06-25 21:58:44,641][root][INFO] - Epoch: 47 | train acc: 0.9636, train loss: 16.91602025, valid acc: 0.9408, valid loss: 0.20320158, test acc: 0.9099, test loss: 3.42052940
[2026-06-25 21:58:46,087][root][INFO] - reg loss: 4.198419926658509, entropy loss: 0.09210627344707964, leaf dev: 0.10046935826539993
[2026-06-25 21:58:46,088][root][INFO] - Val leaf stats: tensor([3.0491e-01, 2.6149e-02, 1.4242e-01, 9.3388e-05, 9.5536e-02, 1.8276e-01,
        9.3388e-05, 1.4942e-03, 0.0000e+00, 0.0000e+00, 1.4008e-03, 3.6421e-03,
        9.3388e-05, 2.3963e-01, 0.0000e+00, 1.7744e-03])
[2026-06-25 21:58:46,365][root][INFO] - Epoch: 47 | train acc: 0.9740, train loss: 32.29462015, valid acc: 0.9622, valid loss: 0.18563495, test acc: 0.9374, test loss: 6.06762935
[2026-06-25 21:58:47,008][root][INFO] - Epoch: 48 | train acc: 0.9821, train loss: 4.25345178, valid acc: 0.9617, valid loss: 0.14680113, test acc: 0.9283, test loss: 1.96086719
[2026-06-25 21:58:48,072][root][INFO] - reg loss: 4.025144334823366, entropy loss: 0.12100166046903246, leaf dev: 0.2186635434627533
[2026-06-25 21:58:48,073][root][INFO] - Val leaf stats: tensor([8.7925e-01, 0.0000e+00, 1.4008e-03, 9.3388e-05, 7.2096e-02, 0.0000e+00,
        3.7355e-02, 0.0000e+00, 1.9612e-03, 0.0000e+00, 3.5487e-03, 2.8016e-04,
        3.9223e-03, 0.0000e+00, 9.3388e-05, 0.0000e+00])
[2026-06-25 21:58:48,452][root][INFO] - reg loss: 4.189567775322646, entropy loss: 0.0833279012293412, leaf dev: 0.16970142722129822
[2026-06-25 21:58:48,452][root][INFO] - Val leaf stats: tensor([6.8117e-01, 2.0452e-02, 0.0000e+00, 1.6250e-02, 6.9854e-02, 1.3074e-03,
        5.4725e-02, 2.8016e-04, 1.4942e-03, 1.1207e-03, 1.4802e-01, 9.3388e-05,
        2.6149e-03, 1.5876e-03, 5.6033e-04, 4.6694e-04])
[2026-06-25 21:58:52,252][root][INFO] - Epoch: 48 | train acc: 0.9779, train loss: 4.50971008, valid acc: 0.9547, valid loss: 0.18629963, test acc: 0.9205, test loss: 1.82161918
[2026-06-25 21:58:53,377][root][INFO] - Epoch: 47 | train acc: 0.9705, train loss: 4.45515487, valid acc: 0.9526, valid loss: 0.16765271, test acc: 0.9048, test loss: 3.55564021
[2026-06-25 21:58:53,822][root][INFO] - reg loss: 4.432618239569286, entropy loss: 0.09361059171339822, leaf dev: 0.08326107263565063
[2026-06-25 21:58:53,823][root][INFO] - Val leaf stats: tensor([1.7482e-01, 4.0250e-02, 1.2112e-01, 3.7355e-04, 7.8353e-02, 1.6483e-01,
        6.5372e-03, 1.1711e-01, 2.0545e-03, 2.1666e-02, 1.8678e-04, 9.3388e-04,
        3.7355e-04, 2.6849e-01, 1.0273e-03, 1.8678e-03])
[2026-06-25 21:58:55,186][root][INFO] - reg loss: 4.3527961912609285, entropy loss: 0.09842054364542482, leaf dev: 0.10987251251935959
[2026-06-25 21:58:55,187][root][INFO] - Val leaf stats: tensor([2.4393e-01, 2.3954e-01, 1.1487e-02, 9.3388e-05, 4.8562e-02, 0.0000e+00,
        4.4826e-03, 9.3388e-04, 1.0553e-02, 6.4438e-03, 3.4264e-01, 2.7083e-03,
        6.0702e-03, 8.1154e-02, 8.4049e-04, 5.6033e-04])
[2026-06-25 21:58:55,509][root][INFO] - Epoch: 48 | train acc: 0.9691, train loss: 8.75902414, valid acc: 0.9501, valid loss: 0.17412165, test acc: 0.9256, test loss: 1.47194869
[2026-06-25 21:58:55,894][root][INFO] - Epoch: 48 | train acc: 0.9878, train loss: 2.29140590, valid acc: 0.9634, valid loss: 0.15865690, test acc: 0.9293, test loss: 2.39437665
[2026-06-25 21:58:56,407][root][INFO] - Epoch: 48 | train acc: 0.9840, train loss: 8.56451536, valid acc: 0.9590, valid loss: 0.16386116, test acc: 0.9286, test loss: 2.88840207
[2026-06-25 21:58:56,858][root][INFO] - reg loss: 4.326834557548402, entropy loss: 0.09102750944082068, leaf dev: 0.1220061182975769
[2026-06-25 21:58:56,859][root][INFO] - Val leaf stats: tensor([9.6283e-02, 5.1550e-02, 3.2163e-01, 1.1207e-03, 7.3590e-02, 2.8764e-02,
        9.3388e-05, 1.1207e-03, 2.4281e-03, 3.5487e-03, 3.7355e-04, 6.5372e-04,
        1.8678e-04, 4.0493e-01, 4.6694e-04, 1.3261e-02])
[2026-06-25 21:58:56,877][root][INFO] - Epoch: 48 | train acc: 0.9611, train loss: 33.02436778, valid acc: 0.9445, valid loss: 0.18990030, test acc: 0.9180, test loss: 1.16550165
[2026-06-25 21:58:57,265][root][INFO] - Epoch: 49 | train acc: 0.9889, train loss: 0.04059543, valid acc: 0.9624, valid loss: 0.15904594, test acc: 0.9253, test loss: 1.79623789
[2026-06-25 21:58:57,464][root][INFO] - reg loss: 4.498726453730669, entropy loss: 0.0985126551733446, leaf dev: 0.11010555922985077
[2026-06-25 21:58:57,465][root][INFO] - Val leaf stats: tensor([4.1287e-01, 1.6950e-01, 3.7355e-04, 2.6335e-02, 9.3388e-05, 3.2686e-03,
        3.2966e-02, 1.8678e-04, 4.6694e-04, 4.8562e-03, 1.3653e-01, 1.3999e-01,
        6.5372e-04, 7.1442e-02, 9.3388e-05, 3.7355e-04])
[2026-06-25 21:58:57,921][root][INFO] - reg loss: 4.253456781780909, entropy loss: 0.10726249083955453, leaf dev: 0.10619092732667923
[2026-06-25 21:58:57,922][root][INFO] - Val leaf stats: tensor([3.5105e-01, 1.0656e-01, 2.6802e-02, 2.8016e-04, 9.1894e-02, 2.2273e-01,
        0.0000e+00, 0.0000e+00, 2.9884e-03, 0.0000e+00, 7.4710e-04, 7.4710e-04,
        3.7355e-04, 1.9565e-01, 0.0000e+00, 1.8678e-04])
[2026-06-25 21:58:58,536][root][INFO] - reg loss: 4.111268679300944, entropy loss: 0.11262764884208246, leaf dev: 0.13666537404060364
[2026-06-25 21:58:58,537][root][INFO] - Val leaf stats: tensor([5.1765e-01, 3.9597e-02, 2.2058e-01, 1.3074e-03, 7.2376e-02, 9.3388e-05,
        0.0000e+00, 9.3388e-05, 1.9612e-03, 4.5760e-03, 1.1207e-03, 1.4008e-03,
        4.6694e-04, 1.3859e-01, 0.0000e+00, 1.8678e-04])
[2026-06-25 21:58:58,911][root][INFO] - reg loss: 4.985688744398652, entropy loss: 0.1784406283860484, leaf dev: 0.06827376782894135
[2026-06-25 21:58:58,912][root][INFO] - Val leaf stats: tensor([0.1778, 0.0600, 0.1191, 0.1731, 0.0012, 0.0012, 0.0056, 0.0890, 0.0030,
        0.0114, 0.0000, 0.1124, 0.0008, 0.0016, 0.0856, 0.1580])
[2026-06-25 21:58:59,796][root][INFO] - Epoch: 48 | train acc: 0.9826, train loss: 33.19970719, valid acc: 0.9583, valid loss: 0.17565461, test acc: 0.9239, test loss: 4.82596977
[2026-06-25 21:58:59,922][root][INFO] - Epoch: 48 | train acc: 0.9641, train loss: 8.65132347, valid acc: 0.9466, valid loss: 0.19337073, test acc: 0.9193, test loss: 0.83110366
[2026-06-25 21:58:59,926][root][INFO] - Epoch: 48 | train acc: 0.9844, train loss: 16.84827310, valid acc: 0.9612, valid loss: 0.16425928, test acc: 0.9221, test loss: 2.06030856
[2026-06-25 21:59:00,393][root][INFO] - Epoch: 49 | train acc: 0.9685, train loss: 16.68440024, valid acc: 0.9500, valid loss: 0.19618691, test acc: 0.9210, test loss: 1.32946176
[2026-06-25 21:59:00,500][root][INFO] - Val leaf stats: tensor([0.1778, 0.0600, 0.1191, 0.1731, 0.0012, 0.0012, 0.0056, 0.0890, 0.0030,
        0.0114, 0.0000, 0.1124, 0.0008, 0.0016, 0.0856, 0.1580])
[2026-06-25 21:59:01,393][root][INFO] - reg loss: 4.142418059091719, entropy loss: 0.08852219163740753, leaf dev: 0.12662142515182495
[2026-06-25 21:59:01,394][root][INFO] - Val leaf stats: tensor([2.1012e-01, 1.5222e-02, 1.0049e-01, 0.0000e+00, 8.9092e-02, 9.8058e-02,
        2.0545e-03, 9.3388e-05, 8.4049e-04, 9.3388e-05, 1.6810e-03, 6.5372e-04,
        9.3388e-05, 4.8058e-01, 4.6694e-04, 4.6694e-04])
[2026-06-25 21:59:01,576][root][INFO] - reg loss: 4.262741141849094, entropy loss: 0.0807322830198303, leaf dev: 0.13371680676937103
[2026-06-25 21:59:01,577][root][INFO] - Val leaf stats: tensor([3.3134e-01, 1.8958e-02, 8.4049e-04, 8.4049e-04, 1.6362e-01, 1.8678e-04,
        9.3388e-04, 1.7744e-03, 1.3355e-02, 1.8678e-02, 4.3958e-01, 1.5876e-03,
        1.8678e-03, 2.6149e-03, 3.4554e-03, 3.7355e-04])
[2026-06-25 21:59:01,768][root][INFO] - reg loss: 4.198370090868107, entropy loss: 0.07929829157218732, leaf dev: 0.11359208077192307
[2026-06-25 21:59:01,769][root][INFO] - Val leaf stats: tensor([3.2443e-01, 2.2320e-02, 1.0357e-01, 1.2140e-03, 9.6377e-02, 9.9178e-02,
        0.0000e+00, 3.7355e-04, 3.1752e-03, 1.0273e-03, 2.8016e-04, 4.6694e-04,
        0.0000e+00, 3.4703e-01, 3.7355e-04, 1.8678e-04])
[2026-06-25 21:59:02,006][root][INFO] - reg loss: 4.14344707620207, entropy loss: 0.08441184606974718, leaf dev: 0.1295003592967987
[2026-06-25 21:59:02,007][root][INFO] - Val leaf stats: tensor([0.3615, 0.0667, 0.0006, 0.0033, 0.1689, 0.0000, 0.0010, 0.0009, 0.0007,
        0.0022, 0.3877, 0.0006, 0.0035, 0.0016, 0.0007, 0.0000])
[2026-06-25 21:59:02,578][root][INFO] - Epoch: 49 | train acc: 0.9726, train loss: 2.42711005, valid acc: 0.9564, valid loss: 0.17569643, test acc: 0.9207, test loss: 1.11525281
[2026-06-25 21:59:03,182][root][INFO] - Epoch: 49 | train acc: 0.9841, train loss: 8.48288640, valid acc: 0.9609, valid loss: 0.15223198, test acc: 0.9257, test loss: 1.99822036
[2026-06-25 21:59:03,426][root][INFO] - Val leaf stats: tensor([0.3615, 0.0667, 0.0006, 0.0033, 0.1689, 0.0000, 0.0010, 0.0009, 0.0007,
        0.0022, 0.3877, 0.0006, 0.0035, 0.0016, 0.0007, 0.0000])
[2026-06-25 21:59:03,901][root][INFO] - reg loss: 4.663819668784974, entropy loss: 0.09134369658887702, leaf dev: 0.08548545092344284
[2026-06-25 21:59:03,902][root][INFO] - Val leaf stats: tensor([1.0459e-01, 1.8827e-01, 1.4942e-03, 2.7269e-02, 2.0078e-02, 9.3388e-05,
        7.0415e-02, 2.9884e-03, 3.7355e-04, 7.1909e-02, 3.1164e-01, 9.9458e-02,
        3.7355e-03, 8.5357e-02, 1.1580e-02, 7.4710e-04])
[2026-06-25 21:59:04,154][root][INFO] - Test leaf std: 0.07253127545118332, Val leaf std: 0.06827376782894135
[2026-06-25 21:59:04,549][root][INFO] - reg loss: 4.214113661851832, entropy loss: 0.1014960054603834, leaf dev: 0.13222278654575348
[2026-06-25 21:59:04,551][root][INFO] - Val leaf stats: tensor([5.0280e-01, 6.5839e-02, 0.0000e+00, 8.3115e-03, 7.1349e-02, 5.6033e-04,
        1.3177e-01, 1.8678e-04, 9.3388e-05, 1.6810e-03, 2.1227e-01, 1.8678e-04,
        3.3620e-03, 0.0000e+00, 1.4008e-03, 1.8678e-04])
[2026-06-25 21:59:05,207][root][INFO] - Val leaf stats: tensor([1.0459e-01, 1.8827e-01, 1.4942e-03, 2.7269e-02, 2.0078e-02, 9.3388e-05,
        7.0415e-02, 2.9884e-03, 3.7355e-04, 7.1909e-02, 3.1164e-01, 9.9458e-02,
        3.7355e-03, 8.5357e-02, 1.1580e-02, 7.4710e-04])
[2026-06-25 21:59:05,581][root][INFO] - Epoch: 49 | train acc: 0.9881, train loss: 2.27349344, valid acc: 0.9624, valid loss: 0.15643999, test acc: 0.9287, test loss: 1.14659258
[2026-06-25 21:59:05,947][root][INFO] - Val leaf stats: tensor([5.0280e-01, 6.5839e-02, 0.0000e+00, 8.3115e-03, 7.1349e-02, 5.6033e-04,
        1.3177e-01, 1.8678e-04, 9.3388e-05, 1.6810e-03, 2.1227e-01, 1.8678e-04,
        3.3620e-03, 0.0000e+00, 1.4008e-03, 1.8678e-04])
[2026-06-25 21:59:06,643][root][INFO] - Test leaf std: 0.12562040984630585, Val leaf std: 0.1295003592967987
[2026-06-25 21:59:07,206][root][INFO] - reg loss: 4.462257985715513, entropy loss: 0.07746964724606308, leaf dev: 0.10371573269367218
[2026-06-25 21:59:07,213][root][INFO] - Val leaf stats: tensor([3.4712e-01, 1.2299e-01, 1.5222e-02, 1.1207e-03, 8.0968e-02, 9.7124e-03,
        3.6328e-02, 6.5372e-04, 2.8016e-03, 8.4983e-03, 3.6421e-03, 6.5372e-04,
        2.8016e-04, 2.6522e-01, 7.0975e-03, 9.7684e-02])
[2026-06-25 21:59:07,908][root][INFO] - FINAL TEST | acc: 0.9253, loss: 1.7962, 
[2026-06-25 21:59:08,017][root][INFO] - MLFlow run ID: ef42e4e80d0d4002a5092f5c2a0f3887, status: FINISHED
[2026-06-25 21:59:08,563][root][INFO] - Val leaf stats: tensor([3.4712e-01, 1.2299e-01, 1.5222e-02, 1.1207e-03, 8.0968e-02, 9.7124e-03,
        3.6328e-02, 6.5372e-04, 2.8016e-03, 8.4983e-03, 3.6421e-03, 6.5372e-04,
        2.8016e-04, 2.6522e-01, 7.0975e-03, 9.7684e-02])
[2026-06-25 21:59:08,787][root][INFO] - Test leaf std: 0.08904024213552475, Val leaf std: 0.08548545092344284
[2026-06-25 21:59:09,283][root][INFO] - Test leaf std: 0.13278958201408386, Val leaf std: 0.13222278654575348
[2026-06-25 21:59:09,706][root][INFO] - Epoch: 48 | train acc: 0.9655, train loss: 16.90494257, valid acc: 0.9383, valid loss: 0.20966759, test acc: 0.9078, test loss: 3.52599071
[2026-06-25 21:59:10,002][root][INFO] - FINAL TEST | acc: 0.9210, loss: 1.3295, 
[2026-06-25 21:59:10,069][root][INFO] - MLFlow run ID: a11bc4977949479caa764b88844e8bad, status: FINISHED
[2026-06-25 21:59:10,985][root][INFO] - Epoch: 49 | train acc: 0.9829, train loss: 4.25086184, valid acc: 0.9604, valid loss: 0.14938667, test acc: 0.9294, test loss: 1.84088448
[2026-06-25 21:59:10,986][root][INFO] - reg loss: 4.196779233437997, entropy loss: 0.09174113239718493, leaf dev: 0.09935682266950607
[2026-06-25 21:59:10,987][root][INFO] - Val leaf stats: tensor([2.9221e-01, 2.4748e-02, 1.4046e-01, 1.8678e-04, 1.0161e-01, 1.9612e-01,
        9.3388e-05, 1.0273e-03, 0.0000e+00, 0.0000e+00, 1.4008e-03, 3.6421e-03,
        2.8016e-04, 2.3674e-01, 0.0000e+00, 1.4942e-03])
[2026-06-25 21:59:11,122][root][INFO] - Epoch: 48 | train acc: 0.9746, train loss: 32.30874860, valid acc: 0.9605, valid loss: 0.19242796, test acc: 0.9347, test loss: 6.05396413
[2026-06-25 21:59:11,853][root][INFO] - Test leaf std: 0.11018121987581253, Val leaf std: 0.10371573269367218
[2026-06-25 21:59:12,107][root][INFO] - FINAL TEST | acc: 0.9207, loss: 1.1153, 
[2026-06-25 21:59:12,232][root][INFO] - MLFlow run ID: 5ee1a503f53549af8d0893f332ce38ec, status: FINISHED
[2026-06-25 21:59:12,469][root][INFO] - reg loss: 4.188809187954695, entropy loss: 0.08363073662159935, leaf dev: 0.169051393866539
[2026-06-25 21:59:12,470][root][INFO] - Val leaf stats: tensor([6.7828e-01, 2.0545e-02, 0.0000e+00, 1.6250e-02, 6.9761e-02, 1.3074e-03,
        5.5753e-02, 2.8016e-04, 1.4942e-03, 1.1207e-03, 1.4979e-01, 1.8678e-04,
        2.6149e-03, 1.5876e-03, 5.6033e-04, 4.6694e-04])
[2026-06-25 21:59:12,774][root][INFO] - reg loss: 4.02690474696891, entropy loss: 0.1188986528093222, leaf dev: 0.21789896488189697
[2026-06-25 21:59:12,775][root][INFO] - Val leaf stats: tensor([8.7626e-01, 0.0000e+00, 8.4049e-04, 9.3388e-05, 7.2282e-02, 0.0000e+00,
        4.0064e-02, 0.0000e+00, 2.2413e-03, 0.0000e+00, 3.8289e-03, 2.8016e-04,
        4.0157e-03, 0.0000e+00, 9.3388e-05, 0.0000e+00])
[2026-06-25 21:59:12,960][root][INFO] - FINAL TEST | acc: 0.9257, loss: 1.9982, 
[2026-06-25 21:59:13,062][root][INFO] - MLFlow run ID: fb31206231d24464ac165de409f298e8, status: FINISHED
[2026-06-25 21:59:13,994][root][INFO] - Val leaf stats: tensor([6.7828e-01, 2.0545e-02, 0.0000e+00, 1.6250e-02, 6.9761e-02, 1.3074e-03,
        5.5753e-02, 2.8016e-04, 1.4942e-03, 1.1207e-03, 1.4979e-01, 1.8678e-04,
        2.6149e-03, 1.5876e-03, 5.6033e-04, 4.6694e-04])
[2026-06-25 21:59:15,054][root][INFO] - FINAL TEST | acc: 0.9287, loss: 1.1466, 
[2026-06-25 21:59:15,126][root][INFO] - MLFlow run ID: afd72d91789f4f138ccb562771547999, status: FINISHED
[2026-06-25 21:59:15,875][root][INFO] - Epoch: 49 | train acc: 0.9747, train loss: 4.54229455, valid acc: 0.9534, valid loss: 0.19308318, test acc: 0.9202, test loss: 1.77922317
[2026-06-25 21:59:16,805][root][INFO] - Test leaf std: 0.1706545203924179, Val leaf std: 0.169051393866539
[2026-06-25 21:59:17,036][root][INFO] - Epoch: 48 | train acc: 0.9704, train loss: 4.44858264, valid acc: 0.9512, valid loss: 0.16995294, test acc: 0.9057, test loss: 3.75606685
[2026-06-25 21:59:17,328][root][INFO] - reg loss: 4.454879309134508, entropy loss: 0.08999086482815011, leaf dev: 0.08667126297950745
[2026-06-25 21:59:17,329][root][INFO] - Val leaf stats: tensor([1.9331e-01, 3.9877e-02, 1.3373e-01, 7.4710e-04, 7.9940e-02, 1.4559e-01,
        3.7355e-03, 9.1334e-02, 1.9612e-03, 1.8491e-02, 2.8016e-04, 9.3388e-04,
        3.7355e-04, 2.8642e-01, 9.3388e-04, 2.3347e-03])
[2026-06-25 21:59:18,529][root][INFO] - Epoch: 49 | train acc: 0.9697, train loss: 8.74673833, valid acc: 0.9482, valid loss: 0.17857589, test acc: 0.9251, test loss: 1.42921179
[2026-06-25 21:59:18,752][root][INFO] - reg loss: 4.346699777734343, entropy loss: 0.09661729759955533, leaf dev: 0.11012580990791321
[2026-06-25 21:59:18,753][root][INFO] - Val leaf stats: tensor([2.3272e-01, 2.3973e-01, 1.1954e-02, 9.3388e-05, 4.6227e-02, 0.0000e+00,
        4.7628e-03, 9.3388e-04, 1.2421e-02, 7.6578e-03, 3.5151e-01, 2.7083e-03,
        6.1636e-03, 8.1621e-02, 9.3388e-04, 5.6033e-04])
[2026-06-25 21:59:18,934][root][INFO] - Val leaf stats: tensor([1.9331e-01, 3.9877e-02, 1.3373e-01, 7.4710e-04, 7.9940e-02, 1.4559e-01,
        3.7355e-03, 9.1334e-02, 1.9612e-03, 1.8491e-02, 2.8016e-04, 9.3388e-04,
        3.7355e-04, 2.8642e-01, 9.3388e-04, 2.3347e-03])
[2026-06-25 21:59:19,069][root][INFO] - Epoch: 49 | train acc: 0.9868, train loss: 2.31309587, valid acc: 0.9589, valid loss: 0.16434868, test acc: 0.9292, test loss: 2.38899845
[2026-06-25 21:59:19,484][root][INFO] - Epoch: 49 | train acc: 0.9615, train loss: 33.10484433, valid acc: 0.9453, valid loss: 0.19386739, test acc: 0.9301, test loss: 1.16649397
[2026-06-25 21:59:19,625][root][INFO] - Epoch: 49 | train acc: 0.9836, train loss: 8.57345942, valid acc: 0.9584, valid loss: 0.16293705, test acc: 0.9109, test loss: 3.77748589
[2026-06-25 21:59:20,026][root][INFO] - reg loss: 4.3214647807772195, entropy loss: 0.0894525308536474, leaf dev: 0.12170256674289703
[2026-06-25 21:59:20,027][root][INFO] - Val leaf stats: tensor([9.8058e-02, 5.1177e-02, 3.2004e-01, 1.8678e-04, 7.3963e-02, 3.0071e-02,
        9.3388e-05, 1.0273e-03, 2.6149e-03, 3.5487e-03, 3.7355e-04, 6.5372e-04,
        1.8678e-04, 4.0428e-01, 4.6694e-04, 1.3261e-02])
[2026-06-25 21:59:20,122][root][INFO] - FINAL TEST | acc: 0.9294, loss: 1.8409, 
[2026-06-25 21:59:20,241][root][INFO] - MLFlow run ID: 44499b5d284846bdbf16cb85690b16c1, status: FINISHED
[2026-06-25 21:59:20,654][root][INFO] - reg loss: 4.533176131980129, entropy loss: 0.10241667567579835, leaf dev: 0.11112409085035324
[2026-06-25 21:59:20,655][root][INFO] - Val leaf stats: tensor([4.1847e-01, 1.8528e-01, 5.6033e-04, 2.8577e-02, 9.3388e-05, 2.0545e-03,
        3.5581e-02, 1.8678e-04, 4.6694e-04, 6.3504e-03, 1.3280e-01, 1.1580e-01,
        1.6810e-03, 7.1442e-02, 9.3388e-05, 5.6033e-04])
[2026-06-25 21:59:20,915][root][INFO] - reg loss: 4.121330743113523, entropy loss: 0.11167209591499712, leaf dev: 0.13622669875621796
[2026-06-25 21:59:20,916][root][INFO] - Val leaf stats: tensor([5.1438e-01, 3.8663e-02, 2.2451e-01, 1.7744e-03, 7.3310e-02, 9.3388e-05,
        0.0000e+00, 9.3388e-05, 1.9612e-03, 4.5760e-03, 1.0273e-03, 1.4008e-03,
        3.7355e-04, 1.3775e-01, 0.0000e+00, 9.3388e-05])
[2026-06-25 21:59:20,916][root][INFO] - reg loss: 4.257581075032552, entropy loss: 0.10639619977070541, leaf dev: 0.10756280273199081
[2026-06-25 21:59:20,917][root][INFO] - Val leaf stats: tensor([3.5459e-01, 9.0493e-02, 2.4094e-02, 1.8678e-04, 9.5910e-02, 2.2021e-01,
        0.0000e+00, 0.0000e+00, 2.9884e-03, 0.0000e+00, 7.4710e-04, 7.4710e-04,
        3.7355e-04, 2.0938e-01, 0.0000e+00, 2.8016e-04])
[2026-06-25 21:59:21,266][root][INFO] - Val leaf stats: tensor([9.8058e-02, 5.1177e-02, 3.2004e-01, 1.8678e-04, 7.3963e-02, 3.0071e-02,
        9.3388e-05, 1.0273e-03, 2.6149e-03, 3.5487e-03, 3.7355e-04, 6.5372e-04,
        1.8678e-04, 4.0428e-01, 4.6694e-04, 1.3261e-02])
[2026-06-25 21:59:21,987][root][INFO] - Test leaf std: 0.09129569679498672, Val leaf std: 0.08667126297950745
[2026-06-25 21:59:21,996][root][INFO] - Val leaf stats: tensor([4.1847e-01, 1.8528e-01, 5.6033e-04, 2.8577e-02, 9.3388e-05, 2.0545e-03,
        3.5581e-02, 1.8678e-04, 4.6694e-04, 6.3504e-03, 1.3280e-01, 1.1580e-01,
        1.6810e-03, 7.1442e-02, 9.3388e-05, 5.6033e-04])
[2026-06-25 21:59:22,135][root][INFO] - Val leaf stats: tensor([5.1438e-01, 3.8663e-02, 2.2451e-01, 1.7744e-03, 7.3310e-02, 9.3388e-05,
        0.0000e+00, 9.3388e-05, 1.9612e-03, 4.5760e-03, 1.0273e-03, 1.4008e-03,
        3.7355e-04, 1.3775e-01, 0.0000e+00, 9.3388e-05])
[2026-06-25 21:59:22,283][root][INFO] - Val leaf stats: tensor([3.5459e-01, 9.0493e-02, 2.4094e-02, 1.8678e-04, 9.5910e-02, 2.2021e-01,
        0.0000e+00, 0.0000e+00, 2.9884e-03, 0.0000e+00, 7.4710e-04, 7.4710e-04,
        3.7355e-04, 2.0938e-01, 0.0000e+00, 2.8016e-04])
[2026-06-25 21:59:22,312][root][INFO] - Epoch: 49 | train acc: 0.9832, train loss: 33.15591850, valid acc: 0.9592, valid loss: 0.17363718, test acc: 0.9238, test loss: 4.95907297
[2026-06-25 21:59:22,318][root][INFO] - Epoch: 49 | train acc: 0.9652, train loss: 8.68646011, valid acc: 0.9467, valid loss: 0.19776661, test acc: 0.9223, test loss: 0.81813493
[2026-06-25 21:59:23,036][root][INFO] - Epoch: 49 | train acc: 0.9846, train loss: 16.82563606, valid acc: 0.9606, valid loss: 0.16434244, test acc: 0.9209, test loss: 2.10573550
[2026-06-25 21:59:23,634][root][INFO] - reg loss: 4.282061705513606, entropy loss: 0.08161266057421922, leaf dev: 0.1310504823923111
[2026-06-25 21:59:23,635][root][INFO] - Val leaf stats: tensor([3.2350e-01, 1.9985e-02, 1.0273e-03, 4.6694e-04, 1.7342e-01, 0.0000e+00,
        1.1207e-03, 1.4942e-03, 1.7464e-02, 2.2600e-02, 4.2912e-01, 1.3074e-03,
        1.8678e-03, 2.7083e-03, 3.6421e-03, 2.8016e-04])
[2026-06-25 21:59:23,851][root][INFO] - reg loss: 4.137219643466687, entropy loss: 0.08736061517681394, leaf dev: 0.12661117315292358
[2026-06-25 21:59:23,852][root][INFO] - Val leaf stats: tensor([2.0835e-01, 1.5969e-02, 9.8805e-02, 0.0000e+00, 8.9186e-02, 9.9925e-02,
        2.0545e-03, 9.3388e-05, 8.4049e-04, 9.3388e-05, 1.6810e-03, 6.5372e-04,
        9.3388e-05, 4.8123e-01, 4.6694e-04, 5.6033e-04])
[2026-06-25 21:59:23,899][root][INFO] - Test leaf std: 0.12061525881290436, Val leaf std: 0.12170256674289703
[2026-06-25 21:59:24,247][root][INFO] - reg loss: 4.19285275191857, entropy loss: 0.0788360471053729, leaf dev: 0.11347351223230362
[2026-06-25 21:59:24,249][root][INFO] - Val leaf stats: tensor([3.2266e-01, 1.9985e-02, 1.0926e-01, 1.0273e-03, 9.6563e-02, 9.7777e-02,
        0.0000e+00, 3.7355e-04, 3.2686e-03, 1.0273e-03, 2.8016e-04, 4.6694e-04,
        0.0000e+00, 3.4684e-01, 3.7355e-04, 9.3388e-05])
[2026-06-25 21:59:24,736][root][INFO] - FINAL TEST | acc: 0.9202, loss: 1.7792, 
[2026-06-25 21:59:24,790][root][INFO] - Val leaf stats: tensor([3.2350e-01, 1.9985e-02, 1.0273e-03, 4.6694e-04, 1.7342e-01, 0.0000e+00,
        1.1207e-03, 1.4942e-03, 1.7464e-02, 2.2600e-02, 4.2912e-01, 1.3074e-03,
        1.8678e-03, 2.7083e-03, 3.6421e-03, 2.8016e-04])
[2026-06-25 21:59:24,820][root][INFO] - Test leaf std: 0.12159862369298935, Val leaf std: 0.13622669875621796
[2026-06-25 21:59:24,826][root][INFO] - MLFlow run ID: 1027b34971e94d33ab95fc6e15c853ab, status: FINISHED
[2026-06-25 21:59:24,970][root][INFO] - Val leaf stats: tensor([2.0835e-01, 1.5969e-02, 9.8805e-02, 0.0000e+00, 8.9186e-02, 9.9925e-02,
        2.0545e-03, 9.3388e-05, 8.4049e-04, 9.3388e-05, 1.6810e-03, 6.5372e-04,
        9.3388e-05, 4.8123e-01, 4.6694e-04, 5.6033e-04])
[2026-06-25 21:59:24,999][root][INFO] - Test leaf std: 0.11984262615442276, Val leaf std: 0.11112409085035324
[2026-06-25 21:59:25,012][root][INFO] - Test leaf std: 0.10103978961706161, Val leaf std: 0.10756280273199081
[2026-06-25 21:59:25,841][root][INFO] - Val leaf stats: tensor([3.2266e-01, 1.9985e-02, 1.0926e-01, 1.0273e-03, 9.6563e-02, 9.7777e-02,
        0.0000e+00, 3.7355e-04, 3.2686e-03, 1.0273e-03, 2.8016e-04, 4.6694e-04,
        0.0000e+00, 3.4684e-01, 3.7355e-04, 9.3388e-05])
[2026-06-25 21:59:26,478][root][INFO] - FINAL TEST | acc: 0.9251, loss: 1.4292, 
