[2026-06-26 13:47:41,175][root][INFO] - Feature size: (13, 61)
[2026-06-26 13:47:44,958][root][INFO] - MLFlow server is starting on LOCAL with experiment APL_SC_std_seeded...
[2026-06-26 13:47:45,106][root][INFO] - MLFlow run ID: 781d1a86ab1748359d6dc737a37e6683, status: RUNNING
[2026-06-26 13:47:45,197][root][INFO] - Starting experiment IATrain...
[2026-06-26 13:47:49,040][root][INFO] - Feature size: (13, 61)
[2026-06-26 13:47:49,407][root][INFO] - Feature size: (13, 61)
[2026-06-26 13:47:50,476][root][INFO] - Feature size: (13, 61)
[2026-06-26 13:47:52,183][root][INFO] - MLFlow server is starting on LOCAL with experiment STM_SC_std_seeded...
[2026-06-26 13:47:52,434][root][INFO] - MLFlow run ID: 3e714b57d9d2494a8b6858f1f19724b3, status: RUNNING
[2026-06-26 13:47:52,585][root][INFO] - Starting experiment IATrain...
[2026-06-26 13:47:53,187][root][INFO] - MLFlow server is starting on LOCAL with experiment STM_SC_std_seeded...
[2026-06-26 13:47:53,232][root][INFO] - Feature size: (13, 61)
[2026-06-26 13:47:53,410][root][INFO] - MLFlow run ID: 0f9edc8494354273b7440521e13a5885, status: RUNNING
[2026-06-26 13:47:53,563][root][INFO] - Starting experiment IATrain...
[2026-06-26 13:47:54,221][root][INFO] - MLFlow server is starting on LOCAL with experiment APL_SC_std_seeded...
[2026-06-26 13:47:54,529][root][INFO] - MLFlow run ID: 571818eb790f4121bdb2c30505189c09, status: RUNNING
[2026-06-26 13:47:54,731][root][INFO] - Starting experiment IATrain...
[2026-06-26 13:47:54,813][root][INFO] - Feature size: (13, 61)
[2026-06-26 13:47:57,271][root][INFO] - MLFlow server is starting on LOCAL with experiment APL_SC_std_seeded...
[2026-06-26 13:47:57,578][root][INFO] - MLFlow run ID: fd64a86a713c4c9592969c6864c95f3a, status: RUNNING
[2026-06-26 13:47:57,783][root][INFO] - Starting experiment IATrain...
[2026-06-26 13:47:58,343][root][INFO] - MLFlow server is starting on LOCAL with experiment APL_SC_std_seeded...
[2026-06-26 13:47:58,808][root][INFO] - MLFlow run ID: a8f180176a454111a5032b94791ba5d1, status: RUNNING
[2026-06-26 13:47:59,073][root][INFO] - Starting experiment IATrain...
[2026-06-26 13:48:22,387][root][INFO] - Epoch: 0 | train acc: 0.2889, train loss: 37.05413612, valid acc: 0.4116, valid loss: 1.67857389, test acc: 0.4060, test loss: 1.66871721
[2026-06-26 13:48:27,522][root][INFO] - reg loss: 4.374875459514681, entropy loss: 0.10513760662469708, leaf dev: 0.1370425522327423
[2026-06-26 13:48:27,523][root][INFO] - Val leaf stats: tensor([5.4010e-04, 2.9706e-03, 8.1015e-04, 0.0000e+00, 1.8904e-03, 2.4305e-03,
        1.0856e-01, 2.3116e-01, 2.7005e-04, 1.0802e-03, 5.1769e-01, 8.1015e-04,
        3.1326e-02, 9.9919e-02, 5.4010e-04, 0.0000e+00])
[2026-06-26 13:48:32,369][root][INFO] - Epoch: 0 | train acc: 0.2144, train loss: 37.33792189, valid acc: 0.3097, valid loss: 1.95867014, test acc: 0.3130, test loss: 1.92498799
[2026-06-26 13:48:35,326][root][INFO] - Epoch: 0 | train acc: 0.2113, train loss: 11.48473332, valid acc: 0.3097, valid loss: 1.94282664, test acc: 0.3149, test loss: 1.89888929
[2026-06-26 13:48:36,441][root][INFO] - Epoch: 0 | train acc: 0.2879, train loss: 20.46753145, valid acc: 0.3997, valid loss: 1.67512889, test acc: 0.4030, test loss: 1.68640779
[2026-06-26 13:48:37,958][root][INFO] - reg loss: 4.39827238927122, entropy loss: 0.08817980352972375, leaf dev: 0.14090479910373688
[2026-06-26 13:48:37,959][root][INFO] - Val leaf stats: tensor([0.0000e+00, 1.3233e-02, 0.0000e+00, 5.4010e-04, 2.7005e-04, 5.4010e-04,
        2.9706e-03, 5.3578e-01, 3.2406e-03, 1.0802e-03, 2.4116e-01, 8.2906e-02,
        3.6457e-02, 8.1826e-02, 0.0000e+00, 0.0000e+00])
[2026-06-26 13:48:39,622][root][INFO] - Epoch: 0 | train acc: 0.3485, train loss: 1.90541537, valid acc: 0.5288, valid loss: 1.42210002, test acc: 0.5167, test loss: 1.40192467
[2026-06-26 13:48:39,774][root][INFO] - Epoch: 0 | train acc: 0.3477, train loss: 1.91760710, valid acc: 0.5428, valid loss: 1.35989589, test acc: 0.5268, test loss: 1.33324558
[2026-06-26 13:48:41,303][root][INFO] - reg loss: 4.6648968868568295, entropy loss: 0.12124637917416994, leaf dev: 0.11447767913341522
[2026-06-26 13:48:41,310][root][INFO] - Val leaf stats: tensor([7.0213e-03, 2.7005e-04, 2.1334e-02, 2.7005e-04, 1.9498e-01, 2.5061e-01,
        5.6171e-02, 3.8968e-01, 1.6203e-03, 2.1604e-03, 4.7529e-02, 8.1015e-04,
        2.1334e-02, 4.3208e-03, 2.7005e-04, 1.6203e-03])
[2026-06-26 13:48:42,128][root][INFO] - reg loss: 4.600405951015285, entropy loss: 0.10428375494284708, leaf dev: 0.11008871346712112
[2026-06-26 13:48:42,129][root][INFO] - Val leaf stats: tensor([0.0000e+00, 8.1015e-03, 4.0508e-02, 0.0000e+00, 2.7005e-03, 0.0000e+00,
        6.0221e-02, 9.9649e-02, 0.0000e+00, 5.4010e-04, 3.9130e-01, 9.4248e-02,
        3.1596e-02, 2.5655e-01, 2.7005e-04, 1.4313e-02])
[2026-06-26 13:48:45,604][root][INFO] - reg loss: 5.017306640499928, entropy loss: 0.15323189242941435, leaf dev: 0.10175758600234985
[2026-06-26 13:48:45,605][root][INFO] - Val leaf stats: tensor([2.7005e-04, 2.3494e-02, 8.1015e-04, 4.5909e-03, 7.5614e-03, 0.0000e+00,
        2.1604e-03, 2.9706e-03, 1.3043e-01, 2.4467e-01, 1.8904e-03, 8.5876e-02,
        3.4972e-01, 3.2406e-03, 8.6686e-02, 5.5631e-02])
[2026-06-26 13:48:45,660][root][INFO] - reg loss: 4.843535134049713, entropy loss: 0.14229194087083222, leaf dev: 0.14123237133026123
[2026-06-26 13:48:45,661][root][INFO] - Val leaf stats: tensor([2.9706e-03, 7.0213e-03, 8.1015e-04, 2.7005e-03, 3.2406e-03, 8.1015e-04,
        4.5828e-01, 5.4550e-02, 8.1015e-04, 2.7005e-04, 5.4010e-04, 4.0508e-03,
        6.2382e-02, 3.7996e-01, 1.8363e-02, 3.2406e-03])
[2026-06-26 13:49:09,073][root][INFO] - Epoch: 1 | train acc: 0.5026, train loss: 35.08964095, valid acc: 0.5614, valid loss: 1.24275395, test acc: 0.5574, test loss: 1.26609380
[2026-06-26 13:49:14,874][root][INFO] - reg loss: 4.210479322026988, entropy loss: 0.08703745657303294, leaf dev: 0.10978715866804123
[2026-06-26 13:49:14,875][root][INFO] - Val leaf stats: tensor([5.4010e-04, 2.7005e-04, 2.4305e-03, 0.0000e+00, 1.8904e-03, 2.1604e-03,
        3.2325e-01, 1.4421e-01, 0.0000e+00, 0.0000e+00, 2.5007e-01, 1.0802e-03,
        4.2128e-02, 2.3170e-01, 0.0000e+00, 2.7005e-04])
[2026-06-26 13:49:21,186][root][INFO] - Epoch: 1 | train acc: 0.3601, train loss: 35.42599318, valid acc: 0.3794, valid loss: 1.71731327, test acc: 0.3751, test loss: 1.71226454
[2026-06-26 13:49:22,854][root][INFO] - Epoch: 1 | train acc: 0.3630, train loss: 10.52905753, valid acc: 0.4102, valid loss: 1.62555087, test acc: 0.4077, test loss: 1.62688114
[2026-06-26 13:49:23,241][root][INFO] - Epoch: 1 | train acc: 0.5128, train loss: 18.90127957, valid acc: 0.5730, valid loss: 1.21500198, test acc: 0.5491, test loss: 1.26792766
[2026-06-26 13:49:26,071][root][INFO] - Epoch: 1 | train acc: 0.6024, train loss: 1.14519416, valid acc: 0.6503, valid loss: 1.09463726, test acc: 0.6220, test loss: 1.09447618
[2026-06-26 13:49:26,781][root][INFO] - reg loss: 4.208647962476387, entropy loss: 0.06747545601158846, leaf dev: 0.1557021290063858
[2026-06-26 13:49:26,783][root][INFO] - Val leaf stats: tensor([0.0000e+00, 7.2914e-03, 0.0000e+00, 0.0000e+00, 0.0000e+00, 8.1015e-04,
        1.3503e-03, 6.0086e-01, 5.1310e-03, 0.0000e+00, 2.3846e-01, 3.3756e-02,
        3.6187e-02, 7.5614e-02, 2.7005e-04, 2.7005e-04])
[2026-06-26 13:49:27,660][root][INFO] - Epoch: 1 | train acc: 0.5958, train loss: 1.17575836, valid acc: 0.6438, valid loss: 1.08428745, test acc: 0.6244, test loss: 1.10925431
[2026-06-26 13:49:28,748][root][INFO] - reg loss: 4.3909561985828836, entropy loss: 0.0980377083674806, leaf dev: 0.12643754482269287
[2026-06-26 13:49:28,750][root][INFO] - Val leaf stats: tensor([0.0030, 0.0000, 0.0062, 0.0005, 0.3457, 0.0300, 0.1472, 0.3978, 0.0014,
        0.0019, 0.0397, 0.0038, 0.0192, 0.0005, 0.0027, 0.0005])
[2026-06-26 13:49:28,808][root][INFO] - reg loss: 4.3761085135037785, entropy loss: 0.07679042952959655, leaf dev: 0.10723541676998138
[2026-06-26 13:49:28,809][root][INFO] - Val leaf stats: tensor([5.4010e-04, 6.4812e-03, 4.7799e-02, 0.0000e+00, 8.1015e-04, 1.6203e-03,
        5.9141e-02, 1.8769e-01, 0.0000e+00, 2.7005e-04, 2.9922e-01, 2.4575e-02,
        5.2660e-02, 3.1785e-01, 5.4010e-04, 8.1015e-04])
[2026-06-26 13:49:32,162][root][INFO] - reg loss: 4.353697456297327, entropy loss: 0.10145328181688903, leaf dev: 0.15050144493579865
[2026-06-26 13:49:32,163][root][INFO] - Val leaf stats: tensor([0.0043, 0.0022, 0.0014, 0.0059, 0.0035, 0.0022, 0.4629, 0.0016, 0.0008,
        0.0005, 0.0016, 0.0068, 0.0697, 0.4278, 0.0068, 0.0022])
[2026-06-26 13:49:34,036][root][INFO] - reg loss: 4.524171407105492, entropy loss: 0.11875199489906187, leaf dev: 0.1074620932340622
[2026-06-26 13:49:34,038][root][INFO] - Val leaf stats: tensor([0.0000e+00, 2.4305e-03, 1.0802e-03, 5.4010e-03, 4.5909e-03, 2.7005e-04,
        1.3233e-02, 1.3503e-03, 7.1564e-02, 2.1523e-01, 1.3503e-03, 2.1685e-01,
        3.6052e-01, 2.7005e-03, 8.0745e-02, 2.2684e-02])
[2026-06-26 13:49:58,326][root][INFO] - Epoch: 2 | train acc: 0.6359, train loss: 34.58688861, valid acc: 0.6732, valid loss: 0.99539138, test acc: 0.6635, test loss: 0.98907094
[2026-06-26 13:50:03,972][root][INFO] - reg loss: 4.192472950356906, entropy loss: 0.0770125297493622, leaf dev: 0.10838546603918076
[2026-06-26 13:50:03,973][root][INFO] - Val leaf stats: tensor([2.7005e-04, 2.7005e-04, 8.1015e-04, 2.7005e-04, 2.7005e-03, 1.0802e-03,
        2.9706e-01, 1.7877e-01, 0.0000e+00, 0.0000e+00, 2.7302e-01, 5.4010e-04,
        3.7267e-02, 2.0632e-01, 5.4010e-04, 1.0802e-03])
[2026-06-26 13:50:08,748][root][INFO] - Epoch: 2 | train acc: 0.4123, train loss: 34.94369413, valid acc: 0.4288, valid loss: 1.61495726, test acc: 0.4227, test loss: 1.61083071
[2026-06-26 13:50:09,833][root][INFO] - Epoch: 2 | train acc: 0.6280, train loss: 18.30552401, valid acc: 0.6400, valid loss: 1.06430189, test acc: 0.6242, test loss: 1.10189187
[2026-06-26 13:50:10,433][root][INFO] - Epoch: 2 | train acc: 0.4551, train loss: 10.19159716, valid acc: 0.4504, valid loss: 1.56719257, test acc: 0.4573, test loss: 1.52655109
[2026-06-26 13:50:13,734][root][INFO] - Epoch: 2 | train acc: 0.6600, train loss: 0.99188084, valid acc: 0.6686, valid loss: 1.01045657, test acc: 0.6571, test loss: 1.00225107
[2026-06-26 13:50:14,752][root][INFO] - reg loss: 4.170631666652492, entropy loss: 0.06240308022157091, leaf dev: 0.13358937203884125
[2026-06-26 13:50:14,753][root][INFO] - Val leaf stats: tensor([0.0000e+00, 3.2406e-03, 2.7005e-04, 2.7005e-04, 5.4010e-04, 2.7005e-04,
        5.4010e-04, 5.1148e-01, 3.5107e-03, 0.0000e+00, 1.8147e-01, 1.3368e-01,
        3.1866e-02, 1.2935e-01, 2.9706e-03, 5.4010e-04])
[2026-06-26 13:50:15,351][root][INFO] - Epoch: 2 | train acc: 0.6793, train loss: 0.94699322, valid acc: 0.6662, valid loss: 1.03595769, test acc: 0.6367, test loss: 1.04547299
[2026-06-26 13:50:15,493][root][INFO] - reg loss: 4.303823369448303, entropy loss: 0.07062311165156912, leaf dev: 0.10605521500110626
[2026-06-26 13:50:15,495][root][INFO] - Val leaf stats: tensor([2.9706e-03, 2.7005e-04, 6.9943e-02, 1.3503e-03, 1.8904e-03, 2.7005e-04,
        1.4394e-01, 1.9903e-01, 0.0000e+00, 0.0000e+00, 1.1261e-01, 4.0508e-03,
        7.4804e-02, 3.8428e-01, 1.3503e-03, 3.2406e-03])
[2026-06-26 13:50:15,893][root][INFO] - reg loss: 4.337259777256699, entropy loss: 0.08990268164970835, leaf dev: 0.11330665647983551
[2026-06-26 13:50:15,894][root][INFO] - Val leaf stats: tensor([5.1310e-03, 0.0000e+00, 3.5107e-03, 2.7005e-04, 2.5952e-01, 2.5655e-02,
        3.5161e-01, 2.4548e-01, 1.9714e-02, 8.1015e-04, 4.3478e-02, 2.1064e-02,
        2.0254e-02, 5.4010e-04, 2.9706e-03, 0.0000e+00])
[2026-06-26 13:50:19,760][root][INFO] - reg loss: 4.296214095881728, entropy loss: 0.09583486384544217, leaf dev: 0.1503194272518158
[2026-06-26 13:50:19,761][root][INFO] - Val leaf stats: tensor([4.0508e-03, 5.1310e-03, 4.0508e-03, 1.2962e-02, 4.8609e-03, 1.8904e-03,
        4.2506e-01, 3.7807e-03, 1.3503e-03, 2.7005e-04, 5.4010e-03, 7.0213e-03,
        5.1310e-02, 4.6665e-01, 2.7005e-03, 3.5107e-03])
[2026-06-26 13:50:21,851][root][INFO] - reg loss: 4.391310863807553, entropy loss: 0.10255869929907752, leaf dev: 0.12697733938694
[2026-06-26 13:50:21,852][root][INFO] - Val leaf stats: tensor([2.7005e-04, 8.3716e-03, 8.1015e-04, 2.7005e-03, 3.7807e-03, 0.0000e+00,
        7.0213e-03, 5.9411e-03, 2.9436e-02, 8.7227e-02, 3.2406e-03, 3.8725e-01,
        3.7537e-01, 3.7807e-03, 6.6973e-02, 1.7823e-02])
[2026-06-26 13:50:45,529][root][INFO] - Epoch: 3 | train acc: 0.7152, train loss: 34.15919970, valid acc: 0.7321, valid loss: 0.85514341, test acc: 0.7182, test loss: 0.84424943
[2026-06-26 13:50:51,083][root][INFO] - reg loss: 4.165766919245486, entropy loss: 0.0687514856213429, leaf dev: 0.1041778028011322
[2026-06-26 13:50:51,085][root][INFO] - Val leaf stats: tensor([5.4010e-04, 2.7005e-04, 7.8315e-03, 5.4010e-04, 1.4583e-02, 2.1604e-03,
        2.1037e-01, 2.1361e-01, 0.0000e+00, 1.0802e-03, 2.9787e-01, 1.0802e-03,
        3.6727e-02, 2.1226e-01, 2.7005e-04, 8.1015e-04])
[2026-06-26 13:50:56,381][root][INFO] - Epoch: 3 | train acc: 0.4753, train loss: 34.89574970, valid acc: 0.4845, valid loss: 1.50484568, test acc: 0.4723, test loss: 1.50046186
[2026-06-26 13:50:57,825][root][INFO] - Epoch: 3 | train acc: 0.6986, train loss: 18.01819017, valid acc: 0.7024, valid loss: 0.86158842, test acc: 0.6765, test loss: 0.94635081
[2026-06-26 13:50:58,013][root][INFO] - Epoch: 3 | train acc: 0.4933, train loss: 10.04758399, valid acc: 0.4720, valid loss: 1.48426921, test acc: 0.4811, test loss: 1.45845076
[2026-06-26 13:51:01,021][root][INFO] - Epoch: 3 | train acc: 0.6952, train loss: 0.88597310, valid acc: 0.6843, valid loss: 0.96115981, test acc: 0.6642, test loss: 0.98329115
[2026-06-26 13:51:01,792][root][INFO] - reg loss: 4.179424145182625, entropy loss: 0.06238761067879005, leaf dev: 0.14985758066177368
[2026-06-26 13:51:01,794][root][INFO] - Val leaf stats: tensor([0.0000e+00, 4.8609e-03, 0.0000e+00, 1.0802e-03, 5.4010e-04, 2.7005e-04,
        2.4305e-03, 5.8439e-01, 2.4305e-03, 5.4010e-04, 1.9417e-01, 3.2136e-02,
        4.6179e-02, 1.3016e-01, 5.4010e-04, 2.7005e-04])
[2026-06-26 13:51:03,742][root][INFO] - Epoch: 3 | train acc: 0.7035, train loss: 0.86232737, valid acc: 0.7046, valid loss: 0.92148042, test acc: 0.6775, test loss: 0.95301408
[2026-06-26 13:51:03,969][root][INFO] - reg loss: 4.279278739553983, entropy loss: 0.0651376016560148, leaf dev: 0.09751482307910919
[2026-06-26 13:51:03,974][root][INFO] - Val leaf stats: tensor([2.1604e-03, 2.4305e-03, 1.1315e-01, 8.1015e-04, 2.4305e-03, 0.0000e+00,
        1.2449e-01, 2.1577e-01, 2.7005e-04, 2.7005e-04, 1.3179e-01, 2.1604e-02,
        4.2938e-02, 3.3243e-01, 1.0802e-03, 8.3716e-03])
[2026-06-26 13:51:04,226][root][INFO] - reg loss: 4.313374488080134, entropy loss: 0.08247411715202645, leaf dev: 0.11771048605442047
[2026-06-26 13:51:04,227][root][INFO] - Val leaf stats: tensor([5.4010e-03, 0.0000e+00, 1.0532e-02, 2.7005e-04, 2.8706e-01, 2.4575e-02,
        3.8374e-01, 1.9363e-01, 6.7513e-03, 5.4010e-04, 3.7267e-02, 2.1604e-02,
        2.2414e-02, 5.4010e-04, 5.6711e-03, 0.0000e+00])
[2026-06-26 13:51:07,572][root][INFO] - reg loss: 4.255701565351642, entropy loss: 0.09094350406380951, leaf dev: 0.15397974848747253
[2026-06-26 13:51:07,573][root][INFO] - Val leaf stats: tensor([5.1310e-03, 1.6203e-03, 5.6711e-03, 0.0000e+00, 5.9411e-03, 5.4010e-04,
        4.0940e-01, 2.4305e-03, 1.0802e-03, 2.7005e-04, 5.4010e-04, 8.6416e-03,
        5.0770e-02, 4.9770e-01, 1.8904e-03, 8.3716e-03])
[2026-06-26 13:51:10,224][root][INFO] - reg loss: 4.335241481906078, entropy loss: 0.09616633736696399, leaf dev: 0.11729929596185684
[2026-06-26 13:51:10,225][root][INFO] - Val leaf stats: tensor([0.0000, 0.0059, 0.0005, 0.0054, 0.0024, 0.0000, 0.0062, 0.0022, 0.0016,
        0.1496, 0.0035, 0.3003, 0.3848, 0.0138, 0.0735, 0.0502])
[2026-06-26 13:51:32,147][root][INFO] - Epoch: 4 | train acc: 0.7397, train loss: 33.85778346, valid acc: 0.7440, valid loss: 0.77967436, test acc: 0.7231, test loss: 0.81445998
[2026-06-26 13:51:38,039][root][INFO] - reg loss: 4.136602159406318, entropy loss: 0.06203640930232455, leaf dev: 0.10859031230211258
[2026-06-26 13:51:38,040][root][INFO] - Val leaf stats: tensor([2.7005e-04, 2.7005e-04, 8.1015e-03, 2.7005e-04, 2.1604e-03, 0.0000e+00,
        2.5547e-01, 1.8147e-01, 0.0000e+00, 0.0000e+00, 2.8922e-01, 1.3503e-03,
        2.1604e-02, 2.3873e-01, 8.1015e-04, 2.7005e-04])
[2026-06-26 13:51:43,761][root][INFO] - Epoch: 4 | train acc: 0.5166, train loss: 34.73763713, valid acc: 0.4923, valid loss: 1.51431880, test acc: 0.4971, test loss: 1.49053019
[2026-06-26 13:51:45,744][root][INFO] - Epoch: 4 | train acc: 0.5411, train loss: 9.88633612, valid acc: 0.5415, valid loss: 1.35914348, test acc: 0.5329, test loss: 1.36095271
[2026-06-26 13:51:46,065][root][INFO] - Epoch: 4 | train acc: 0.7121, train loss: 17.75494282, valid acc: 0.7100, valid loss: 0.89073841, test acc: 0.6932, test loss: 0.91448097
[2026-06-26 13:51:49,546][root][INFO] - Epoch: 4 | train acc: 0.6687, train loss: 0.96548405, valid acc: 0.6605, valid loss: 1.01267190, test acc: 0.6397, test loss: 1.05636300
[2026-06-26 13:51:49,562][root][INFO] - reg loss: 4.168256228087379, entropy loss: 0.05645012385288223, leaf dev: 0.12774422764778137
[2026-06-26 13:51:49,563][root][INFO] - Val leaf stats: tensor([0.0000, 0.0014, 0.0000, 0.0000, 0.0019, 0.0000, 0.0392, 0.4480, 0.0049,
        0.0000, 0.2962, 0.0964, 0.0238, 0.0859, 0.0011, 0.0014])
[2026-06-26 13:51:51,754][root][INFO] - reg loss: 4.302266715002841, entropy loss: 0.0788934026829532, leaf dev: 0.10300343483686447
[2026-06-26 13:51:51,755][root][INFO] - Val leaf stats: tensor([3.5107e-03, 0.0000e+00, 6.4812e-03, 0.0000e+00, 2.8760e-01, 1.1342e-01,
        2.0038e-01, 2.8787e-01, 2.4305e-03, 1.0802e-03, 3.6997e-02, 2.9976e-02,
        2.6465e-02, 2.7005e-04, 3.5107e-03, 0.0000e+00])
[2026-06-26 13:51:51,760][root][INFO] - reg loss: 4.227899551391602, entropy loss: 0.058914998882129546, leaf dev: 0.11136788129806519
[2026-06-26 13:51:51,761][root][INFO] - Val leaf stats: tensor([1.3503e-03, 2.1604e-03, 1.0424e-01, 8.1015e-04, 2.1604e-03, 5.4010e-04,
        5.4010e-02, 3.4432e-01, 5.4010e-04, 2.7005e-04, 1.1342e-01, 1.3233e-02,
        3.7537e-02, 3.1893e-01, 1.3503e-03, 5.1310e-03])
[2026-06-26 13:51:51,805][root][INFO] - Epoch: 4 | train acc: 0.7308, train loss: 0.79461758, valid acc: 0.6994, valid loss: 0.94762190, test acc: 0.6757, test loss: 0.97248133
[2026-06-26 13:51:55,751][root][INFO] - reg loss: 4.356197927818924, entropy loss: 0.08791722980190496, leaf dev: 0.1376083940267563
[2026-06-26 13:51:55,752][root][INFO] - Val leaf stats: tensor([0.0092, 0.0111, 0.0111, 0.0011, 0.0030, 0.0016, 0.2363, 0.0027, 0.0038,
        0.0005, 0.0359, 0.0200, 0.0586, 0.5315, 0.0419, 0.0319])
[2026-06-26 13:51:58,080][root][INFO] - reg loss: 4.30333511164931, entropy loss: 0.09077068540405055, leaf dev: 0.1286977380514145
[2026-06-26 13:51:58,082][root][INFO] - Val leaf stats: tensor([0.0000, 0.0046, 0.0005, 0.0068, 0.0005, 0.0000, 0.0000, 0.0005, 0.0014,
        0.1237, 0.0011, 0.3867, 0.3756, 0.0035, 0.0616, 0.0335])
[2026-06-26 13:52:19,188][root][INFO] - Epoch: 5 | train acc: 0.7667, train loss: 33.59296267, valid acc: 0.7513, valid loss: 0.79302400, test acc: 0.7376, test loss: 0.78017295
[2026-06-26 13:52:24,700][root][INFO] - reg loss: 4.114136852201868, entropy loss: 0.06071890927240497, leaf dev: 0.10883494466543198
[2026-06-26 13:52:24,702][root][INFO] - Val leaf stats: tensor([2.7005e-04, 2.7005e-04, 2.9706e-03, 2.7005e-04, 1.6203e-03, 2.7005e-04,
        2.3765e-01, 1.9903e-01, 0.0000e+00, 2.7005e-04, 2.9895e-01, 1.8904e-03,
        2.2684e-02, 2.3278e-01, 2.7005e-04, 8.1015e-04])
[2026-06-26 13:52:31,129][root][INFO] - Epoch: 5 | train acc: 0.5421, train loss: 34.75357556, valid acc: 0.5466, valid loss: 1.39447792, test acc: 0.5322, test loss: 1.37894432
[2026-06-26 13:52:33,553][root][INFO] - Epoch: 5 | train acc: 0.5678, train loss: 9.93185104, valid acc: 0.5606, valid loss: 1.31278637, test acc: 0.5422, test loss: 1.31409680
[2026-06-26 13:52:33,650][root][INFO] - Epoch: 5 | train acc: 0.7488, train loss: 17.62066910, valid acc: 0.7124, valid loss: 0.91858946, test acc: 0.6942, test loss: 0.90899018
[2026-06-26 13:52:36,989][root][INFO] - reg loss: 4.1800941795599265, entropy loss: 0.053992098350016796, leaf dev: 0.13059259951114655
[2026-06-26 13:52:36,991][root][INFO] - Val leaf stats: tensor([0.0000, 0.0008, 0.0000, 0.0000, 0.0016, 0.0000, 0.0257, 0.4980, 0.0068,
        0.0000, 0.2042, 0.1023, 0.0284, 0.1291, 0.0005, 0.0027])
[2026-06-26 13:52:37,146][root][INFO] - Epoch: 5 | train acc: 0.7124, train loss: 0.84562826, valid acc: 0.7119, valid loss: 0.86762007, test acc: 0.6905, test loss: 0.91747790
[2026-06-26 13:52:39,411][root][INFO] - Epoch: 5 | train acc: 0.7238, train loss: 0.80465776, valid acc: 0.7224, valid loss: 0.87724188, test acc: 0.7000, test loss: 0.88993593
[2026-06-26 13:52:39,489][root][INFO] - reg loss: 4.356717367641261, entropy loss: 0.07800611346715787, leaf dev: 0.08837296068668365
[2026-06-26 13:52:39,490][root][INFO] - Val leaf stats: tensor([2.7005e-03, 2.7005e-04, 8.1015e-04, 0.0000e+00, 2.0173e-01, 7.9935e-02,
        1.5744e-01, 3.0408e-01, 9.4518e-03, 1.6203e-03, 4.9689e-02, 8.7767e-02,
        5.2390e-02, 2.9706e-03, 1.3503e-03, 4.7799e-02])
[2026-06-26 13:52:39,596][root][INFO] - reg loss: 4.220758602267406, entropy loss: 0.057658844428961395, leaf dev: 0.1067720577120781
[2026-06-26 13:52:39,598][root][INFO] - Val leaf stats: tensor([1.6203e-03, 2.7005e-03, 1.2017e-01, 0.0000e+00, 3.2406e-03, 0.0000e+00,
        9.3978e-02, 3.3405e-01, 2.7005e-04, 8.3716e-03, 7.1294e-02, 7.2914e-03,
        4.6989e-02, 3.0192e-01, 1.0802e-03, 7.0213e-03])
[2026-06-26 13:52:43,301][root][INFO] - reg loss: 4.280340390127213, entropy loss: 0.08011033569203048, leaf dev: 0.14988228678703308
[2026-06-26 13:52:43,303][root][INFO] - Val leaf stats: tensor([9.1817e-03, 9.4518e-03, 5.6711e-03, 1.8904e-02, 4.3208e-03, 2.7005e-04,
        2.9004e-01, 2.1604e-03, 5.9411e-03, 8.1015e-04, 2.1604e-03, 2.1334e-02,
        6.6703e-02, 5.5658e-01, 6.4812e-03, 0.0000e+00])
[2026-06-26 13:52:45,918][root][INFO] - reg loss: 4.238953785818131, entropy loss: 0.08467974354986285, leaf dev: 0.13894566893577576
[2026-06-26 13:52:45,919][root][INFO] - Val leaf stats: tensor([0.0000e+00, 4.5909e-03, 5.4010e-04, 7.0213e-03, 5.4010e-04, 0.0000e+00,
        0.0000e+00, 5.4010e-04, 5.4010e-04, 3.8617e-02, 2.7005e-04, 4.4018e-01,
        3.8536e-01, 2.4305e-03, 8.3446e-02, 3.5917e-02])
[2026-06-26 13:53:05,589][root][INFO] - Epoch: 6 | train acc: 0.7845, train loss: 33.51393515, valid acc: 0.7264, valid loss: 0.83592117, test acc: 0.7145, test loss: 0.87731463
[2026-06-26 13:53:11,228][root][INFO] - reg loss: 4.110022435422803, entropy loss: 0.06045610622548666, leaf dev: 0.11803913861513138
[2026-06-26 13:53:11,229][root][INFO] - Val leaf stats: tensor([2.7005e-04, 2.7005e-04, 2.7005e-03, 2.7005e-04, 8.1015e-04, 2.7005e-04,
        1.5069e-01, 1.8363e-01, 0.0000e+00, 8.1015e-04, 4.0022e-01, 2.9706e-03,
        2.3765e-02, 2.3305e-01, 0.0000e+00, 2.7005e-04])
[2026-06-26 13:53:19,402][root][INFO] - Epoch: 6 | train acc: 0.5691, train loss: 34.59220755, valid acc: 0.5641, valid loss: 1.33392034, test acc: 0.5501, test loss: 1.32651053
[2026-06-26 13:53:20,738][root][INFO] - Epoch: 6 | train acc: 0.7587, train loss: 17.58411523, valid acc: 0.7337, valid loss: 0.84808043, test acc: 0.7101, test loss: 0.85748663
[2026-06-26 13:53:21,293][root][INFO] - Epoch: 6 | train acc: 0.5883, train loss: 9.87751739, valid acc: 0.5914, valid loss: 1.25583489, test acc: 0.5751, test loss: 1.25980137
[2026-06-26 13:53:24,326][root][INFO] - Epoch: 6 | train acc: 0.7411, train loss: 0.75824867, valid acc: 0.7218, valid loss: 0.81111475, test acc: 0.7140, test loss: 0.85369770
[2026-06-26 13:53:25,090][root][INFO] - reg loss: 4.170440009382904, entropy loss: 0.05230591311806538, leaf dev: 0.12255113571882248
[2026-06-26 13:53:25,091][root][INFO] - Val leaf stats: tensor([0.0000e+00, 1.0802e-03, 0.0000e+00, 2.7005e-04, 3.7807e-03, 0.0000e+00,
        5.8871e-02, 4.6071e-01, 4.0508e-03, 0.0000e+00, 2.0416e-01, 9.2628e-02,
        2.8625e-02, 1.4475e-01, 5.4010e-04, 5.4010e-04])
[2026-06-26 13:53:26,683][root][INFO] - reg loss: 4.216483467915019, entropy loss: 0.057806770393594366, leaf dev: 0.10993744432926178
[2026-06-26 13:53:26,685][root][INFO] - Val leaf stats: tensor([2.7005e-04, 1.3503e-03, 1.3151e-01, 0.0000e+00, 1.3503e-03, 0.0000e+00,
        1.2989e-01, 2.7032e-01, 0.0000e+00, 1.1882e-02, 5.3740e-02, 3.7807e-03,
        2.3494e-02, 3.6457e-01, 1.6203e-03, 6.2112e-03])
[2026-06-26 13:53:26,874][root][INFO] - Epoch: 6 | train acc: 0.7506, train loss: 0.74080794, valid acc: 0.7343, valid loss: 0.83263878, test acc: 0.7113, test loss: 0.89378768
[2026-06-26 13:53:27,184][root][INFO] - reg loss: 4.347738899168421, entropy loss: 0.06396957621222636, leaf dev: 0.09661387652158737
[2026-06-26 13:53:27,185][root][INFO] - Val leaf stats: tensor([4.0508e-03, 0.0000e+00, 1.8904e-03, 0.0000e+00, 1.6905e-01, 1.4232e-01,
        1.7121e-01, 3.4270e-01, 1.8904e-03, 5.4010e-04, 4.4829e-02, 4.4018e-02,
        3.4026e-02, 2.7005e-04, 8.1015e-04, 4.2398e-02])
[2026-06-26 13:53:30,344][root][INFO] - reg loss: 4.223194560066599, entropy loss: 0.07998332906453336, leaf dev: 0.1500561535358429
[2026-06-26 13:53:30,345][root][INFO] - Val leaf stats: tensor([0.0059, 0.0149, 0.0132, 0.0230, 0.0019, 0.0016, 0.2925, 0.0014, 0.0016,
        0.0019, 0.0022, 0.0205, 0.0594, 0.5566, 0.0035, 0.0000])
[2026-06-26 13:53:33,256][root][INFO] - reg loss: 4.230181318814637, entropy loss: 0.08248797608692138, leaf dev: 0.12677451968193054
[2026-06-26 13:53:33,259][root][INFO] - Val leaf stats: tensor([2.7005e-04, 3.7807e-03, 8.1015e-04, 7.0213e-03, 5.4010e-04, 0.0000e+00,
        0.0000e+00, 5.4010e-04, 3.2406e-03, 1.4556e-01, 5.4010e-04, 3.6619e-01,
        3.7645e-01, 1.6203e-03, 7.9395e-02, 1.4043e-02])
[2026-06-26 13:53:52,614][root][INFO] - Epoch: 7 | train acc: 0.7613, train loss: 33.52883736, valid acc: 0.7478, valid loss: 0.75560088, test acc: 0.7376, test loss: 0.77564140
[2026-06-26 13:53:58,046][root][INFO] - reg loss: 4.103524528565954, entropy loss: 0.05986291890750166, leaf dev: 0.11461002379655838
[2026-06-26 13:53:58,047][root][INFO] - Val leaf stats: tensor([0.0000e+00, 2.7005e-04, 2.4305e-03, 2.7005e-04, 8.1015e-04, 2.7005e-04,
        1.7742e-01, 1.7661e-01, 0.0000e+00, 2.7005e-04, 3.6781e-01, 1.0802e-03,
        2.5385e-02, 2.4683e-01, 5.4010e-04, 0.0000e+00])
[2026-06-26 13:54:07,301][root][INFO] - Epoch: 7 | train acc: 0.5859, train loss: 34.59139927, valid acc: 0.5722, valid loss: 1.25007755, test acc: 0.5540, test loss: 1.28820900
[2026-06-26 13:54:07,941][root][INFO] - Epoch: 7 | train acc: 0.6262, train loss: 9.62770127, valid acc: 0.6092, valid loss: 1.16463225, test acc: 0.5893, test loss: 1.21198358
[2026-06-26 13:54:08,056][root][INFO] - Epoch: 7 | train acc: 0.7821, train loss: 17.41087491, valid acc: 0.7591, valid loss: 0.75591250, test acc: 0.7374, test loss: 0.80090716
[2026-06-26 13:54:12,765][root][INFO] - Epoch: 7 | train acc: 0.7615, train loss: 0.69677861, valid acc: 0.7218, valid loss: 0.82985005, test acc: 0.7143, test loss: 0.84732482
[2026-06-26 13:54:13,168][root][INFO] - reg loss: 4.176858815990511, entropy loss: 0.049722176961234356, leaf dev: 0.1185985878109932
[2026-06-26 13:54:13,169][root][INFO] - Val leaf stats: tensor([0.0000e+00, 1.0802e-03, 0.0000e+00, 2.7005e-04, 4.5909e-03, 2.7005e-04,
        4.5909e-02, 4.4937e-01, 4.3208e-03, 0.0000e+00, 1.3800e-01, 1.3395e-01,
        4.1048e-02, 1.7526e-01, 4.0508e-03, 1.8904e-03])
[2026-06-26 13:54:13,538][root][INFO] - Epoch: 7 | train acc: 0.7743, train loss: 0.66810227, valid acc: 0.7435, valid loss: 0.80766882, test acc: 0.7145, test loss: 0.85527548
[2026-06-26 13:54:13,657][root][INFO] - reg loss: 4.284500301861372, entropy loss: 0.05758109267373554, leaf dev: 0.0992676168680191
[2026-06-26 13:54:13,659][root][INFO] - Val leaf stats: tensor([8.1015e-03, 0.0000e+00, 1.2152e-02, 0.0000e+00, 2.4656e-01, 8.1826e-02,
        1.5609e-01, 3.3432e-01, 1.6203e-03, 1.0802e-03, 4.4829e-02, 2.4575e-02,
        4.5639e-02, 8.1015e-04, 2.7005e-04, 4.2128e-02])
[2026-06-26 13:54:14,033][root][INFO] - reg loss: 4.191902379520604, entropy loss: 0.05427763116408567, leaf dev: 0.1047743409872055
[2026-06-26 13:54:14,034][root][INFO] - Val leaf stats: tensor([2.7005e-04, 2.1604e-03, 1.2665e-01, 0.0000e+00, 2.7005e-04, 5.4010e-04,
        1.4475e-01, 2.4845e-01, 0.0000e+00, 1.1072e-02, 7.8855e-02, 3.5107e-03,
        2.9976e-02, 3.4810e-01, 1.3503e-03, 4.0508e-03])
[2026-06-26 13:54:19,098][root][INFO] - reg loss: 4.203284521571925, entropy loss: 0.07767093719029036, leaf dev: 0.1473839432001114
[2026-06-26 13:54:19,101][root][INFO] - Val leaf stats: tensor([0.0038, 0.0159, 0.0000, 0.0262, 0.0024, 0.0046, 0.2944, 0.0016, 0.0011,
        0.0011, 0.0011, 0.0238, 0.0759, 0.5425, 0.0057, 0.0000])
[2026-06-26 13:54:20,213][root][INFO] - reg loss: 4.223702899745254, entropy loss: 0.08028872579824729, leaf dev: 0.1361975520849228
[2026-06-26 13:54:20,214][root][INFO] - Val leaf stats: tensor([0.0000e+00, 4.3208e-03, 5.4010e-04, 7.0213e-03, 5.4010e-04, 0.0000e+00,
        0.0000e+00, 5.4010e-04, 3.2406e-03, 7.2104e-02, 2.7005e-04, 4.2803e-01,
        3.7915e-01, 1.8904e-03, 9.1547e-02, 1.0802e-02])
[2026-06-26 13:54:40,371][root][INFO] - Epoch: 8 | train acc: 0.7909, train loss: 33.41200181, valid acc: 0.7594, valid loss: 0.78832477, test acc: 0.7342, test loss: 0.78777702
[2026-06-26 13:54:45,544][root][INFO] - reg loss: 4.100287828289095, entropy loss: 0.05882337994751383, leaf dev: 0.11043591052293777
[2026-06-26 13:54:45,545][root][INFO] - Val leaf stats: tensor([0.0000e+00, 2.7005e-04, 2.4305e-03, 0.0000e+00, 1.0802e-03, 0.0000e+00,
        2.1901e-01, 1.7229e-01, 0.0000e+00, 2.7005e-04, 3.0570e-01, 8.1015e-04,
        2.5925e-02, 2.7140e-01, 5.4010e-04, 2.7005e-04])
[2026-06-26 13:54:54,307][root][INFO] - Epoch: 8 | train acc: 0.5946, train loss: 34.55584267, valid acc: 0.5366, valid loss: 1.34702547, test acc: 0.5174, test loss: 1.38427265
[2026-06-26 13:54:55,059][root][INFO] - Epoch: 8 | train acc: 0.6168, train loss: 9.67931432, valid acc: 0.6041, valid loss: 1.15064921, test acc: 0.5859, test loss: 1.23108087
[2026-06-26 13:54:57,018][root][INFO] - Epoch: 8 | train acc: 0.8043, train loss: 17.32001258, valid acc: 0.7715, valid loss: 0.73457079, test acc: 0.7366, test loss: 0.80835433
[2026-06-26 13:54:59,881][root][INFO] - reg loss: 4.17386447406206, entropy loss: 0.04818373552111328, leaf dev: 0.10692040622234344
[2026-06-26 13:54:59,882][root][INFO] - Val leaf stats: tensor([2.7005e-04, 8.1015e-04, 0.0000e+00, 2.7005e-04, 3.2406e-03, 2.7005e-04,
        2.4926e-01, 3.4918e-01, 8.1015e-04, 2.7005e-04, 1.1531e-01, 6.0221e-02,
        4.2398e-02, 1.7661e-01, 8.1015e-04, 2.7005e-04])
[2026-06-26 13:55:00,946][root][INFO] - reg loss: 4.294894109006788, entropy loss: 0.05728213079884404, leaf dev: 0.09219057112932205
[2026-06-26 13:55:00,948][root][INFO] - Val leaf stats: tensor([9.7218e-03, 0.0000e+00, 1.5933e-02, 0.0000e+00, 1.9417e-01, 2.1442e-01,
        1.3097e-01, 2.8814e-01, 1.6203e-03, 1.0802e-03, 5.5901e-02, 3.6187e-02,
        2.2144e-02, 2.7005e-04, 2.7005e-04, 2.9166e-02])
[2026-06-26 13:55:01,410][root][INFO] - Epoch: 8 | train acc: 0.7785, train loss: 0.65178135, valid acc: 0.7475, valid loss: 0.78805929, test acc: 0.7297, test loss: 0.83271474
[2026-06-26 13:55:01,757][root][INFO] - Epoch: 8 | train acc: 0.7680, train loss: 0.67990882, valid acc: 0.7186, valid loss: 0.84493962, test acc: 0.6998, test loss: 0.88600731
[2026-06-26 13:55:02,980][root][INFO] - reg loss: 4.18493673449657, entropy loss: 0.0540178655112376, leaf dev: 0.09309688210487366
[2026-06-26 13:55:02,981][root][INFO] - Val leaf stats: tensor([0.0000, 0.0008, 0.1280, 0.0000, 0.0000, 0.0005, 0.1580, 0.2217, 0.0000,
        0.0124, 0.1499, 0.0065, 0.0389, 0.2790, 0.0008, 0.0035])
[2026-06-26 13:55:07,338][root][INFO] - reg loss: 4.145640545204038, entropy loss: 0.0769891773090988, leaf dev: 0.14387378096580505
[2026-06-26 13:55:07,339][root][INFO] - Val leaf stats: tensor([0.0000e+00, 4.0508e-03, 5.4010e-04, 7.0213e-03, 5.4010e-04, 0.0000e+00,
        0.0000e+00, 5.4010e-04, 2.7005e-04, 1.2692e-02, 5.4010e-04, 4.6773e-01,
        3.7537e-01, 5.4010e-04, 1.1315e-01, 1.7013e-02])
[2026-06-26 13:55:07,846][root][INFO] - reg loss: 4.2183687647835155, entropy loss: 0.07670270566080438, leaf dev: 0.14568087458610535
[2026-06-26 13:55:07,847][root][INFO] - Val leaf stats: tensor([1.0262e-02, 1.9984e-02, 0.0000e+00, 2.7545e-02, 2.8355e-02, 1.2692e-02,
        2.6330e-01, 2.7005e-04, 1.3503e-03, 2.7005e-04, 2.7005e-04, 2.1604e-02,
        5.6711e-02, 5.5280e-01, 4.5909e-03, 0.0000e+00])
[2026-06-26 13:55:27,393][root][INFO] - Epoch: 9 | train acc: 0.8014, train loss: 33.33538199, valid acc: 0.7564, valid loss: 0.76818984, test acc: 0.7550, test loss: 0.76587331
[2026-06-26 13:55:32,893][root][INFO] - reg loss: 4.092877208209429, entropy loss: 0.057894473987036066, leaf dev: 0.11079183965921402
[2026-06-26 13:55:32,894][root][INFO] - Val leaf stats: tensor([0.0000e+00, 2.7005e-04, 2.1604e-03, 0.0000e+00, 1.0802e-03, 0.0000e+00,
        2.1766e-01, 1.8958e-01, 0.0000e+00, 5.4010e-04, 3.3027e-01, 8.1015e-04,
        2.5655e-02, 2.3143e-01, 2.7005e-04, 2.7005e-04])
[2026-06-26 13:55:41,784][root][INFO] - Epoch: 9 | train acc: 0.5887, train loss: 34.58634161, valid acc: 0.5952, valid loss: 1.22938826, test acc: 0.5874, test loss: 1.22364998
[2026-06-26 13:55:43,300][root][INFO] - Epoch: 9 | train acc: 0.6400, train loss: 9.54833465, valid acc: 0.6271, valid loss: 1.10448611, test acc: 0.6065, test loss: 1.15259957
[2026-06-26 13:55:43,737][root][INFO] - Epoch: 9 | train acc: 0.8113, train loss: 17.28673976, valid acc: 0.7815, valid loss: 0.73234037, test acc: 0.7499, test loss: 0.77305806
[2026-06-26 13:55:47,520][root][INFO] - reg loss: 4.177051161156326, entropy loss: 0.0471141232696713, leaf dev: 0.10814543813467026
[2026-06-26 13:55:47,522][root][INFO] - Val leaf stats: tensor([0.0000e+00, 8.1015e-04, 0.0000e+00, 5.4010e-04, 4.0508e-03, 2.7005e-04,
        1.2557e-01, 3.9968e-01, 1.8904e-03, 0.0000e+00, 1.4394e-01, 1.3935e-01,
        3.7267e-02, 1.4448e-01, 1.6203e-03, 5.4010e-04])
[2026-06-26 13:55:47,645][root][INFO] - Epoch: 9 | train acc: 0.7782, train loss: 0.65030605, valid acc: 0.7424, valid loss: 0.80151407, test acc: 0.7116, test loss: 0.87474357
[2026-06-26 13:55:49,088][root][INFO] - Epoch: 9 | train acc: 0.7746, train loss: 0.67376620, valid acc: 0.7367, valid loss: 0.83873286, test acc: 0.7133, test loss: 0.85475695
[2026-06-26 13:55:49,259][root][INFO] - reg loss: 4.262906176144959, entropy loss: 0.05444769445257109, leaf dev: 0.09318812936544418
[2026-06-26 13:55:49,261][root][INFO] - Val leaf stats: tensor([8.1015e-03, 2.7005e-04, 3.5647e-02, 0.0000e+00, 2.6303e-01, 1.1072e-01,
        1.1963e-01, 2.9733e-01, 1.8904e-03, 8.1015e-04, 5.9411e-02, 4.5909e-02,
        2.8625e-02, 2.7005e-04, 0.0000e+00, 2.8355e-02])
[2026-06-26 13:55:49,419][root][INFO] - reg loss: 4.18121373848837, entropy loss: 0.05233287060114204, leaf dev: 0.0975126251578331
[2026-06-26 13:55:49,424][root][INFO] - Val leaf stats: tensor([0.0000e+00, 1.8904e-03, 1.2152e-01, 0.0000e+00, 2.7005e-04, 5.4010e-04,
        1.7661e-01, 2.2090e-01, 0.0000e+00, 3.5107e-03, 1.0478e-01, 5.1310e-03,
        4.8879e-02, 3.1137e-01, 1.6203e-03, 2.9706e-03])
[2026-06-26 13:55:54,260][root][INFO] - reg loss: 4.176389170474693, entropy loss: 0.07729555922942083, leaf dev: 0.11696179211139679
[2026-06-26 13:55:54,261][root][INFO] - Val leaf stats: tensor([0.0000e+00, 5.4010e-03, 8.1015e-04, 6.4812e-03, 8.1015e-04, 0.0000e+00,
        0.0000e+00, 2.7005e-04, 4.1588e-02, 2.6573e-01, 2.7005e-04, 2.2468e-01,
        3.7402e-01, 8.1015e-04, 6.9403e-02, 9.7218e-03])
[2026-06-26 13:55:55,406][root][INFO] - reg loss: 4.1876553160245304, entropy loss: 0.07498933057316014, leaf dev: 0.14600560069084167
[2026-06-26 13:55:55,408][root][INFO] - Val leaf stats: tensor([6.4812e-03, 2.2144e-02, 1.0802e-03, 3.8077e-02, 1.2692e-02, 1.6203e-03,
        3.1758e-01, 4.5909e-03, 1.0802e-03, 2.7005e-04, 0.0000e+00, 1.5933e-02,
        5.0230e-02, 5.2579e-01, 2.4305e-03, 0.0000e+00])
[2026-06-26 13:56:14,767][root][INFO] - Epoch: 10 | train acc: 0.8081, train loss: 33.30257610, valid acc: 0.7443, valid loss: 0.76554801, test acc: 0.7359, test loss: 0.80870517
[2026-06-26 13:56:20,211][root][INFO] - reg loss: 4.092315400233034, entropy loss: 0.05776140002197907, leaf dev: 0.11080636084079742
[2026-06-26 13:56:20,212][root][INFO] - Val leaf stats: tensor([0.0000e+00, 2.7005e-04, 2.1604e-03, 0.0000e+00, 1.6203e-03, 0.0000e+00,
        2.1334e-01, 1.8147e-01, 0.0000e+00, 2.7005e-04, 3.2946e-01, 8.1015e-04,
        2.7005e-02, 2.4278e-01, 5.4010e-04, 2.7005e-04])
[2026-06-26 13:56:27,529][root][INFO] - Epoch: 10 | train acc: 0.6038, train loss: 34.40304897, valid acc: 0.5957, valid loss: 1.26968560, test acc: 0.5665, test loss: 1.31194755
[2026-06-26 13:56:31,315][root][INFO] - Epoch: 10 | train acc: 0.6434, train loss: 9.48812816, valid acc: 0.6273, valid loss: 1.10623667, test acc: 0.5967, test loss: 1.20348649
[2026-06-26 13:56:31,581][root][INFO] - Epoch: 10 | train acc: 0.8218, train loss: 17.20343483, valid acc: 0.7729, valid loss: 0.75936127, test acc: 0.7472, test loss: 0.78102069
[2026-06-26 13:56:32,832][root][INFO] - reg loss: 4.157148603533135, entropy loss: 0.04856242605897247, leaf dev: 0.1250910758972168
[2026-06-26 13:56:32,834][root][INFO] - Val leaf stats: tensor([0.0000, 0.0011, 0.0000, 0.0008, 0.0041, 0.0000, 0.1264, 0.4226, 0.0016,
        0.0000, 0.0473, 0.0265, 0.0410, 0.3127, 0.0022, 0.0138])
[2026-06-26 13:56:36,007][root][INFO] - Epoch: 10 | train acc: 0.7883, train loss: 0.62549695, valid acc: 0.7435, valid loss: 0.77204436, test acc: 0.7268, test loss: 0.82956369
[2026-06-26 13:56:36,605][root][INFO] - Epoch: 10 | train acc: 0.7947, train loss: 0.59636950, valid acc: 0.7540, valid loss: 0.76745959, test acc: 0.7334, test loss: 0.82016508
[2026-06-26 13:56:37,213][root][INFO] - reg loss: 4.240792204122075, entropy loss: 0.05318145588284633, leaf dev: 0.09940999001264572
[2026-06-26 13:56:37,214][root][INFO] - Val leaf stats: tensor([2.7005e-04, 8.1015e-04, 4.6449e-02, 1.3503e-03, 2.7599e-01, 1.1504e-01,
        1.1045e-01, 3.1812e-01, 8.1015e-04, 6.4812e-03, 6.3462e-02, 8.9117e-03,
        3.7807e-02, 0.0000e+00, 2.7005e-04, 1.3773e-02])
[2026-06-26 13:56:37,301][root][INFO] - reg loss: 4.169447476746606, entropy loss: 0.05288368078773139, leaf dev: 0.09845583140850067
[2026-06-26 13:56:37,302][root][INFO] - Val leaf stats: tensor([0.0000e+00, 1.8904e-03, 1.2989e-01, 5.4010e-04, 2.7005e-04, 1.3503e-03,
        1.0316e-01, 2.4143e-01, 0.0000e+00, 4.5909e-03, 1.5150e-01, 8.1015e-03,
        4.4018e-02, 3.1164e-01, 8.1015e-04, 8.1015e-04])
[2026-06-26 13:56:42,244][root][INFO] - reg loss: 4.179184718210189, entropy loss: 0.07257078246015017, leaf dev: 0.14178861677646637
[2026-06-26 13:56:42,245][root][INFO] - Val leaf stats: tensor([1.0802e-03, 1.8634e-02, 5.4010e-03, 3.8347e-02, 4.8609e-03, 5.4010e-04,
        3.4945e-01, 2.4305e-03, 0.0000e+00, 0.0000e+00, 2.7005e-04, 1.4583e-02,
        7.3184e-02, 4.8420e-01, 7.0213e-03, 0.0000e+00])
[2026-06-26 13:56:42,938][root][INFO] - reg loss: 4.215185892386515, entropy loss: 0.07896185116689713, leaf dev: 0.11358616501092911
[2026-06-26 13:56:42,940][root][INFO] - Val leaf stats: tensor([0.0000e+00, 4.5909e-03, 5.4010e-04, 7.0213e-03, 8.1015e-04, 0.0000e+00,
        0.0000e+00, 5.4010e-04, 4.7799e-02, 1.7553e-01, 2.7005e-04, 2.8760e-01,
        3.6187e-01, 1.6203e-03, 9.4248e-02, 1.7553e-02])
[2026-06-26 13:57:02,393][root][INFO] - Epoch: 11 | train acc: 0.8122, train loss: 33.27892885, valid acc: 0.7594, valid loss: 0.76665551, test acc: 0.7494, test loss: 0.79949936
[2026-06-26 13:57:07,614][root][INFO] - reg loss: 4.090595229727323, entropy loss: 0.05665063894674426, leaf dev: 0.11129023879766464
[2026-06-26 13:57:07,615][root][INFO] - Val leaf stats: tensor([0.0000e+00, 2.7005e-04, 1.8904e-03, 2.7005e-04, 2.4305e-03, 0.0000e+00,
        2.1982e-01, 1.9228e-01, 2.7005e-04, 5.4010e-04, 3.4270e-01, 8.1015e-04,
        2.6735e-02, 2.1172e-01, 2.7005e-04, 0.0000e+00])
[2026-06-26 13:57:14,725][root][INFO] - Epoch: 11 | train acc: 0.6235, train loss: 34.20201273, valid acc: 0.6173, valid loss: 1.20510095, test acc: 0.5965, test loss: 1.21289586
[2026-06-26 13:57:18,489][root][INFO] - Epoch: 11 | train acc: 0.8292, train loss: 17.14934171, valid acc: 0.7723, valid loss: 0.77774425, test acc: 0.7550, test loss: 0.77847520
[2026-06-26 13:57:18,785][root][INFO] - Epoch: 11 | train acc: 0.6651, train loss: 9.37986164, valid acc: 0.6300, valid loss: 1.08947024, test acc: 0.6132, test loss: 1.16604169
[2026-06-26 13:57:20,288][root][INFO] - reg loss: 4.138763865486521, entropy loss: 0.04600940394352694, leaf dev: 0.11811045557260513
[2026-06-26 13:57:20,289][root][INFO] - Val leaf stats: tensor([0.0000, 0.0008, 0.0000, 0.0014, 0.0049, 0.0005, 0.0980, 0.4407, 0.0011,
        0.0000, 0.1221, 0.0829, 0.0281, 0.2128, 0.0054, 0.0014])
[2026-06-26 13:57:23,252][root][INFO] - Epoch: 11 | train acc: 0.7967, train loss: 0.59531193, valid acc: 0.7648, valid loss: 0.73691683, test acc: 0.7386, test loss: 0.78538895
[2026-06-26 13:57:24,157][root][INFO] - reg loss: 4.218003484069324, entropy loss: 0.0512514811803083, leaf dev: 0.09416515380144119
[2026-06-26 13:57:24,158][root][INFO] - Val leaf stats: tensor([0.0000e+00, 8.1015e-04, 5.2390e-02, 2.7005e-04, 2.1739e-01, 1.7634e-01,
        1.1558e-01, 3.0786e-01, 5.4010e-04, 3.2406e-03, 6.8323e-02, 1.0802e-02,
        3.7267e-02, 0.0000e+00, 0.0000e+00, 9.1817e-03])
[2026-06-26 13:57:24,525][root][INFO] - reg loss: 4.160462785939702, entropy loss: 0.05176352251504288, leaf dev: 0.09786245971918106
[2026-06-26 13:57:24,527][root][INFO] - Val leaf stats: tensor([0.0000e+00, 1.3503e-03, 1.2476e-01, 2.7005e-04, 2.7005e-04, 5.4010e-04,
        8.9927e-02, 2.0389e-01, 0.0000e+00, 4.8609e-03, 2.0605e-01, 5.6711e-03,
        4.9689e-02, 3.0975e-01, 1.0802e-03, 1.8904e-03])
[2026-06-26 13:57:25,319][root][INFO] - Epoch: 11 | train acc: 0.8084, train loss: 0.56400363, valid acc: 0.7459, valid loss: 0.78921146, test acc: 0.7207, test loss: 0.84385663
[2026-06-26 13:57:29,665][root][INFO] - reg loss: 4.171066463970747, entropy loss: 0.07009905430137134, leaf dev: 0.13832251727581024
[2026-06-26 13:57:29,666][root][INFO] - Val leaf stats: tensor([1.3503e-03, 1.1882e-02, 9.1817e-03, 4.5369e-02, 2.1604e-03, 2.7005e-04,
        3.1947e-01, 4.0508e-03, 1.0802e-03, 8.1015e-04, 8.1015e-04, 2.4305e-02,
        8.7767e-02, 4.8663e-01, 4.5909e-03, 2.7005e-04])
[2026-06-26 13:57:31,794][root][INFO] - reg loss: 4.209276480752914, entropy loss: 0.07790665719352785, leaf dev: 0.11945241689682007
[2026-06-26 13:57:31,795][root][INFO] - Val leaf stats: tensor([0.0000e+00, 5.1310e-03, 5.4010e-04, 7.0213e-03, 8.1015e-04, 2.7005e-04,
        0.0000e+00, 1.3503e-03, 1.0802e-03, 1.9228e-01, 2.7005e-04, 2.9949e-01,
        3.7294e-01, 1.3503e-03, 1.0235e-01, 1.5123e-02])
[2026-06-26 13:57:48,921][root][INFO] - Epoch: 12 | train acc: 0.7900, train loss: 33.37721240, valid acc: 0.7370, valid loss: 0.87321406, test acc: 0.7086, test loss: 0.93607836
[2026-06-26 13:57:54,737][root][INFO] - reg loss: 4.092422743312648, entropy loss: 0.05490449229713346, leaf dev: 0.12130284309387207
[2026-06-26 13:57:54,739][root][INFO] - Val leaf stats: tensor([8.1015e-04, 5.4010e-04, 5.4010e-04, 0.0000e+00, 2.9706e-03, 0.0000e+00,
        3.4945e-01, 1.0694e-01, 1.0802e-03, 2.7005e-04, 1.5528e-01, 5.4010e-04,
        2.7815e-02, 3.5323e-01, 0.0000e+00, 5.4010e-04])
[2026-06-26 13:58:02,503][root][INFO] - Epoch: 12 | train acc: 0.6461, train loss: 34.19847151, valid acc: 0.6214, valid loss: 1.18992165, test acc: 0.6060, test loss: 1.17269760
[2026-06-26 13:58:05,888][root][INFO] - Epoch: 12 | train acc: 0.8273, train loss: 17.11806588, valid acc: 0.7745, valid loss: 0.76342889, test acc: 0.7580, test loss: 0.77409952
[2026-06-26 13:58:06,386][root][INFO] - Epoch: 12 | train acc: 0.6475, train loss: 9.48511571, valid acc: 0.6165, valid loss: 1.15395267, test acc: 0.5997, test loss: 1.18997770
[2026-06-26 13:58:08,065][root][INFO] - reg loss: 4.1477778309681375, entropy loss: 0.044817670569068095, leaf dev: 0.1081165224313736
[2026-06-26 13:58:08,066][root][INFO] - Val leaf stats: tensor([0.0000e+00, 5.4010e-04, 0.0000e+00, 8.1015e-04, 0.0000e+00, 8.1015e-04,
        1.3287e-01, 3.8698e-01, 1.3503e-03, 2.7005e-04, 7.8585e-02, 1.7985e-01,
        3.3486e-02, 1.7526e-01, 7.8315e-03, 1.3503e-03])
[2026-06-26 13:58:10,856][root][INFO] - Epoch: 12 | train acc: 0.8022, train loss: 0.58944013, valid acc: 0.7332, valid loss: 0.82465038, test acc: 0.7224, test loss: 0.84258220
[2026-06-26 13:58:11,954][root][INFO] - reg loss: 4.150610697074015, entropy loss: 0.05159367730871576, leaf dev: 0.09836157411336899
[2026-06-26 13:58:11,956][root][INFO] - Val leaf stats: tensor([2.7005e-04, 2.9706e-03, 1.1909e-01, 2.7005e-04, 2.7005e-04, 2.1604e-03,
        2.2009e-01, 2.2063e-01, 0.0000e+00, 8.1015e-04, 8.8577e-02, 2.9706e-03,
        4.7799e-02, 2.9355e-01, 2.7005e-04, 2.7005e-04])
[2026-06-26 13:58:12,594][root][INFO] - reg loss: 4.246198185154649, entropy loss: 0.05443192597051136, leaf dev: 0.08370870351791382
[2026-06-26 13:58:12,595][root][INFO] - Val leaf stats: tensor([0.0008, 0.0008, 0.1890, 0.0011, 0.2285, 0.0583, 0.0697, 0.2139, 0.0032,
        0.0000, 0.1515, 0.0116, 0.0429, 0.0000, 0.0016, 0.0270])
[2026-06-26 13:58:13,719][root][INFO] - Epoch: 12 | train acc: 0.8108, train loss: 0.55635966, valid acc: 0.7532, valid loss: 0.78664779, test acc: 0.7268, test loss: 0.83129023
[2026-06-26 13:58:17,276][root][INFO] - reg loss: 4.170711978537137, entropy loss: 0.06845803180190384, leaf dev: 0.1351686716079712
[2026-06-26 13:58:17,278][root][INFO] - Val leaf stats: tensor([1.3503e-03, 2.1604e-02, 1.7013e-02, 2.6735e-02, 1.3233e-02, 5.4010e-04,
        3.0003e-01, 2.7005e-04, 1.0802e-03, 8.1015e-04, 8.1015e-04, 2.8355e-02,
        1.0073e-01, 4.8366e-01, 3.5107e-03, 2.7005e-04])
[2026-06-26 13:58:19,984][root][INFO] - reg loss: 4.182249975986168, entropy loss: 0.07644619975910812, leaf dev: 0.13418062031269073
[2026-06-26 13:58:19,985][root][INFO] - Val leaf stats: tensor([0.0000, 0.0046, 0.0005, 0.0062, 0.0011, 0.0000, 0.0000, 0.0011, 0.0008,
        0.0821, 0.0008, 0.4280, 0.3638, 0.0011, 0.1007, 0.0092])
[2026-06-26 13:58:36,218][root][INFO] - Epoch: 13 | train acc: 0.7927, train loss: 33.31355367, valid acc: 0.7680, valid loss: 0.77238696, test acc: 0.7371, test loss: 0.81788032
[2026-06-26 13:58:41,944][root][INFO] - reg loss: 4.086744871295866, entropy loss: 0.051315495530601406, leaf dev: 0.11337658017873764
[2026-06-26 13:58:41,945][root][INFO] - Val leaf stats: tensor([1.0802e-03, 2.7005e-04, 8.1015e-04, 0.0000e+00, 2.9706e-03, 0.0000e+00,
        2.9868e-01, 1.3854e-01, 1.0802e-03, 2.7005e-04, 2.0308e-01, 5.4010e-04,
        2.8625e-02, 3.2379e-01, 2.7005e-04, 0.0000e+00])
[2026-06-26 13:58:50,665][root][INFO] - Epoch: 13 | train acc: 0.6570, train loss: 34.15412540, valid acc: 0.6346, valid loss: 1.17201838, test acc: 0.6080, test loss: 1.19204093
[2026-06-26 13:58:53,193][root][INFO] - Epoch: 13 | train acc: 0.8451, train loss: 17.04663136, valid acc: 0.7780, valid loss: 0.75825514, test acc: 0.7526, test loss: 0.76458487
[2026-06-26 13:58:54,614][root][INFO] - Epoch: 13 | train acc: 0.6618, train loss: 9.41629436, valid acc: 0.6665, valid loss: 1.00614116, test acc: 0.6303, test loss: 1.10810543
[2026-06-26 13:58:56,056][root][INFO] - reg loss: 4.146269368343666, entropy loss: 0.04497889820180955, leaf dev: 0.11332454532384872
[2026-06-26 13:58:56,057][root][INFO] - Val leaf stats: tensor([0.0000e+00, 1.3503e-03, 0.0000e+00, 8.1015e-04, 0.0000e+00, 1.0802e-03,
        1.3719e-01, 4.2074e-01, 1.0802e-03, 2.7005e-04, 1.0181e-01, 1.0208e-01,
        3.6187e-02, 1.9282e-01, 4.0508e-03, 5.4010e-04])
[2026-06-26 13:58:59,000][root][INFO] - Epoch: 13 | train acc: 0.7965, train loss: 0.59502412, valid acc: 0.7413, valid loss: 0.78956720, test acc: 0.7270, test loss: 0.86445808
[2026-06-26 13:58:59,404][root][INFO] - reg loss: 4.144492047731994, entropy loss: 0.05173949005662418, leaf dev: 0.09623531252145767
[2026-06-26 13:58:59,405][root][INFO] - Val leaf stats: tensor([2.7005e-04, 2.7005e-03, 1.2773e-01, 2.7005e-04, 5.4010e-04, 2.7005e-04,
        2.0416e-01, 2.0875e-01, 0.0000e+00, 8.1015e-04, 1.0748e-01, 4.0508e-03,
        4.9149e-02, 2.9301e-01, 2.7005e-04, 5.4010e-04])
[2026-06-26 13:59:00,400][root][INFO] - reg loss: 4.223895424702128, entropy loss: 0.053057524513025756, leaf dev: 0.08791851997375488
[2026-06-26 13:59:00,401][root][INFO] - Val leaf stats: tensor([0.0014, 0.0008, 0.2096, 0.0011, 0.2595, 0.0818, 0.0635, 0.2142, 0.0014,
        0.0000, 0.0905, 0.0119, 0.0451, 0.0000, 0.0051, 0.0143])
[2026-06-26 13:59:00,403][root][INFO] - Epoch: 13 | train acc: 0.8112, train loss: 0.55144364, valid acc: 0.7545, valid loss: 0.80893928, test acc: 0.7273, test loss: 0.85057279
[2026-06-26 13:59:05,388][root][INFO] - reg loss: 4.183169083517106, entropy loss: 0.06796920214031564, leaf dev: 0.12980134785175323
[2026-06-26 13:59:05,390][root][INFO] - Val leaf stats: tensor([2.1874e-02, 1.2152e-02, 1.6203e-03, 7.0213e-03, 6.4812e-03, 2.7005e-04,
        3.1326e-01, 2.7005e-04, 0.0000e+00, 0.0000e+00, 2.1604e-03, 5.2660e-02,
        1.3287e-01, 4.4261e-01, 5.9411e-03, 8.1015e-04])
[2026-06-26 13:59:06,888][root][INFO] - reg loss: 4.171137973910472, entropy loss: 0.07611827992024969, leaf dev: 0.13162101805210114
[2026-06-26 13:59:06,890][root][INFO] - Val leaf stats: tensor([0.0000, 0.0027, 0.0005, 0.0070, 0.0008, 0.0000, 0.0000, 0.0005, 0.0005,
        0.0926, 0.0008, 0.4110, 0.3654, 0.0008, 0.1056, 0.0116])
[2026-06-26 13:59:23,867][root][INFO] - Epoch: 14 | train acc: 0.8189, train loss: 33.22077804, valid acc: 0.7726, valid loss: 0.77976355, test acc: 0.7432, test loss: 0.80797306
[2026-06-26 13:59:29,204][root][INFO] - reg loss: 4.085070852373467, entropy loss: 0.050638074452271226, leaf dev: 0.10804558545351028
[2026-06-26 13:59:29,206][root][INFO] - Val leaf stats: tensor([8.1015e-04, 5.4010e-04, 5.4010e-04, 0.0000e+00, 2.4305e-03, 0.0000e+00,
        2.8760e-01, 1.4880e-01, 1.0802e-03, 2.7005e-04, 2.1442e-01, 5.4010e-04,
        5.2930e-02, 2.8977e-01, 2.7005e-04, 0.0000e+00])
[2026-06-26 13:59:38,204][root][INFO] - Epoch: 14 | train acc: 0.6702, train loss: 34.11847149, valid acc: 0.6322, valid loss: 1.18074694, test acc: 0.6149, test loss: 1.17088105
[2026-06-26 13:59:41,565][root][INFO] - Epoch: 14 | train acc: 0.8300, train loss: 17.06783357, valid acc: 0.7640, valid loss: 0.77778940, test acc: 0.7491, test loss: 0.79191031
[2026-06-26 13:59:41,789][root][INFO] - Epoch: 14 | train acc: 0.6872, train loss: 9.29538322, valid acc: 0.6697, valid loss: 0.97776473, test acc: 0.6370, test loss: 1.08477212
[2026-06-26 13:59:44,209][root][INFO] - reg loss: 4.145132971591637, entropy loss: 0.04626061639092008, leaf dev: 0.1082640141248703
[2026-06-26 13:59:44,210][root][INFO] - Val leaf stats: tensor([0.0000e+00, 8.1015e-04, 0.0000e+00, 1.3503e-03, 1.0802e-03, 0.0000e+00,
        1.6230e-01, 3.9292e-01, 8.1015e-04, 2.7005e-04, 1.2827e-01, 8.2636e-02,
        3.8617e-02, 1.8093e-01, 8.1015e-03, 1.8904e-03])
[2026-06-26 13:59:46,810][root][INFO] - Epoch: 14 | train acc: 0.8030, train loss: 0.58060182, valid acc: 0.7470, valid loss: 0.78899948, test acc: 0.7258, test loss: 0.82542241
[2026-06-26 13:59:47,436][root][INFO] - reg loss: 4.210165852405986, entropy loss: 0.051753668938992456, leaf dev: 0.08615846931934357
[2026-06-26 13:59:47,437][root][INFO] - Val leaf stats: tensor([0.0008, 0.0005, 0.2020, 0.0043, 0.2463, 0.0691, 0.0824, 0.2312, 0.0014,
        0.0000, 0.0564, 0.0292, 0.0556, 0.0005, 0.0062, 0.0140])
[2026-06-26 13:59:47,803][root][INFO] - reg loss: 4.138494944963299, entropy loss: 0.05132710231376476, leaf dev: 0.10459887981414795
[2026-06-26 13:59:47,804][root][INFO] - Val leaf stats: tensor([5.4010e-04, 4.0508e-03, 1.2260e-01, 5.4010e-04, 5.4010e-04, 2.7005e-04,
        8.6146e-02, 3.1920e-01, 0.0000e+00, 5.4010e-04, 1.1558e-01, 6.7513e-03,
        4.8609e-02, 2.9409e-01, 0.0000e+00, 5.4010e-04])
[2026-06-26 13:59:48,417][root][INFO] - Epoch: 14 | train acc: 0.8194, train loss: 0.53255811, valid acc: 0.7605, valid loss: 0.81727860, test acc: 0.7423, test loss: 0.83046968
[2026-06-26 13:59:53,113][root][INFO] - reg loss: 4.149184242623751, entropy loss: 0.0628831466568298, leaf dev: 0.14027710258960724
[2026-06-26 13:59:53,115][root][INFO] - Val leaf stats: tensor([1.2422e-02, 1.7553e-02, 8.1015e-04, 1.0532e-02, 2.9706e-03, 8.1015e-04,
        3.1353e-01, 2.7005e-04, 0.0000e+00, 5.4010e-04, 2.7005e-04, 4.6989e-02,
        8.8037e-02, 4.9878e-01, 5.9411e-03, 5.4010e-04])
[2026-06-26 13:59:54,898][root][INFO] - reg loss: 4.1718043186625495, entropy loss: 0.07509469277546053, leaf dev: 0.12873780727386475
[2026-06-26 13:59:54,899][root][INFO] - Val leaf stats: tensor([0.0005, 0.0068, 0.0011, 0.0016, 0.0014, 0.0000, 0.0000, 0.0000, 0.0008,
        0.1153, 0.0016, 0.3940, 0.3632, 0.0011, 0.1023, 0.0103])
[2026-06-26 14:00:09,850][root][INFO] - Epoch: 15 | train acc: 0.8285, train loss: 33.19419192, valid acc: 0.7780, valid loss: 0.75609947, test acc: 0.7550, test loss: 0.82218438
[2026-06-26 14:00:15,223][root][INFO] - reg loss: 4.0863513399343026, entropy loss: 0.049590477261875494, leaf dev: 0.10765163600444794
[2026-06-26 14:00:15,225][root][INFO] - Val leaf stats: tensor([2.7005e-04, 2.7005e-04, 8.1015e-04, 2.7005e-04, 2.9706e-03, 0.0000e+00,
        2.6114e-01, 1.6365e-01, 2.7005e-04, 5.4010e-04, 2.3765e-01, 1.0802e-03,
        4.2938e-02, 2.8814e-01, 0.0000e+00, 0.0000e+00])
[2026-06-26 14:00:25,185][root][INFO] - Epoch: 15 | train acc: 0.6720, train loss: 34.05601476, valid acc: 0.6289, valid loss: 1.16464195, test acc: 0.6055, test loss: 1.17553876
[2026-06-26 14:00:28,814][root][INFO] - Epoch: 15 | train acc: 0.8424, train loss: 17.01729918, valid acc: 0.7753, valid loss: 0.73632681, test acc: 0.7607, test loss: 0.75627665
[2026-06-26 14:00:29,057][root][INFO] - Epoch: 15 | train acc: 0.7050, train loss: 9.23611925, valid acc: 0.6732, valid loss: 0.94583700, test acc: 0.6465, test loss: 1.04679928
[2026-06-26 14:00:31,307][root][INFO] - reg loss: 4.138083895698923, entropy loss: 0.04367225720989899, leaf dev: 0.11245013773441315
[2026-06-26 14:00:31,310][root][INFO] - Val leaf stats: tensor([0.0000e+00, 1.0802e-03, 0.0000e+00, 8.1015e-04, 8.1015e-04, 5.4010e-04,
        1.1936e-01, 4.2533e-01, 1.0802e-03, 2.7005e-04, 1.1396e-01, 9.8029e-02,
        4.2398e-02, 1.8012e-01, 1.2962e-02, 3.2406e-03])
[2026-06-26 14:00:34,783][root][INFO] - reg loss: 4.1371377335220085, entropy loss: 0.049708423433733766, leaf dev: 0.0973760262131691
[2026-06-26 14:00:34,784][root][INFO] - Val leaf stats: tensor([5.4010e-04, 3.7807e-03, 1.2719e-01, 2.7005e-04, 2.7005e-04, 0.0000e+00,
        1.2017e-01, 2.6573e-01, 0.0000e+00, 8.1015e-04, 1.4151e-01, 5.1310e-03,
        4.9149e-02, 2.8463e-01, 0.0000e+00, 8.1015e-04])
[2026-06-26 14:00:34,923][root][INFO] - reg loss: 4.2050311995334315, entropy loss: 0.05238547701327527, leaf dev: 0.08823272585868835
[2026-06-26 14:00:34,925][root][INFO] - Val leaf stats: tensor([0.0014, 0.0022, 0.1985, 0.0032, 0.2690, 0.0662, 0.0726, 0.2244, 0.0065,
        0.0003, 0.0594, 0.0221, 0.0567, 0.0000, 0.0030, 0.0146])
[2026-06-26 14:00:35,589][root][INFO] - Epoch: 15 | train acc: 0.8152, train loss: 0.54191042, valid acc: 0.7578, valid loss: 0.76055093, test acc: 0.7457, test loss: 0.80759219
[2026-06-26 14:00:35,820][root][INFO] - Epoch: 15 | train acc: 0.8256, train loss: 0.51882209, valid acc: 0.7551, valid loss: 0.78372804, test acc: 0.7297, test loss: 0.87787570
[2026-06-26 14:00:42,036][root][INFO] - reg loss: 4.145850259749616, entropy loss: 0.06006811033995425, leaf dev: 0.14366032183170319
[2026-06-26 14:00:42,038][root][INFO] - Val leaf stats: tensor([9.9919e-03, 1.3503e-02, 2.7005e-04, 2.0254e-02, 1.6203e-03, 8.1015e-04,
        3.0030e-01, 5.4010e-04, 0.0000e+00, 5.4010e-04, 0.0000e+00, 3.5917e-02,
        8.7497e-02, 5.2174e-01, 6.4812e-03, 5.4010e-04])
[2026-06-26 14:00:42,516][root][INFO] - reg loss: 4.18837537921843, entropy loss: 0.06426701084023616, leaf dev: 0.12392030656337738
[2026-06-26 14:00:42,518][root][INFO] - Val leaf stats: tensor([5.6711e-03, 8.6416e-03, 3.7807e-03, 1.3503e-03, 3.2406e-03, 2.7005e-04,
        4.8609e-03, 1.8093e-02, 1.3503e-03, 1.0964e-01, 2.7005e-04, 3.8590e-01,
        3.4999e-01, 1.3503e-03, 9.3708e-02, 1.1882e-02])
[2026-06-26 14:00:56,899][root][INFO] - Epoch: 16 | train acc: 0.8392, train loss: 33.14360747, valid acc: 0.7845, valid loss: 0.75792961, test acc: 0.7580, test loss: 0.79737010
[2026-06-26 14:01:01,668][root][INFO] - reg loss: 4.083021203025442, entropy loss: 0.04917714176852195, leaf dev: 0.10703852027654648
[2026-06-26 14:01:01,669][root][INFO] - Val leaf stats: tensor([2.7005e-04, 2.7005e-04, 1.0802e-03, 0.0000e+00, 2.7005e-03, 0.0000e+00,
        2.2657e-01, 1.8472e-01, 2.7005e-04, 5.4010e-04, 2.5277e-01, 1.0802e-03,
        4.0778e-02, 2.8868e-01, 2.7005e-04, 0.0000e+00])
[2026-06-26 14:01:11,484][root][INFO] - Epoch: 16 | train acc: 0.6650, train loss: 34.08795666, valid acc: 0.6055, valid loss: 1.18636538, test acc: 0.5886, test loss: 1.20827069
[2026-06-26 14:01:16,347][root][INFO] - Epoch: 16 | train acc: 0.7160, train loss: 9.19449315, valid acc: 0.6713, valid loss: 0.95636126, test acc: 0.6593, test loss: 1.03672093
[2026-06-26 14:01:16,938][root][INFO] - Epoch: 16 | train acc: 0.8526, train loss: 16.96965765, valid acc: 0.7877, valid loss: 0.70669343, test acc: 0.7649, test loss: 0.73897633
[2026-06-26 14:01:17,375][root][INFO] - reg loss: 4.14038501802038, entropy loss: 0.040192161732521214, leaf dev: 0.1098388209939003
[2026-06-26 14:01:17,377][root][INFO] - Val leaf stats: tensor([0.0000e+00, 1.0802e-03, 0.0000e+00, 1.0802e-03, 0.0000e+00, 8.1015e-04,
        1.2854e-01, 4.1048e-01, 8.1015e-04, 2.7005e-04, 8.2366e-02, 1.9039e-01,
        1.0586e-01, 6.3462e-02, 1.3503e-02, 1.3503e-03])
[2026-06-26 14:01:22,321][root][INFO] - reg loss: 4.202175359256932, entropy loss: 0.051671460209811323, leaf dev: 0.08857595175504684
[2026-06-26 14:01:22,322][root][INFO] - Val leaf stats: tensor([0.0000, 0.0000, 0.1955, 0.0027, 0.2641, 0.1018, 0.0818, 0.2206, 0.0041,
        0.0000, 0.0713, 0.0216, 0.0289, 0.0000, 0.0000, 0.0076])
[2026-06-26 14:01:23,221][root][INFO] - Epoch: 16 | train acc: 0.8245, train loss: 0.51988539, valid acc: 0.7605, valid loss: 0.75024710, test acc: 0.7467, test loss: 0.78580720
[2026-06-26 14:01:23,385][root][INFO] - reg loss: 4.131742266357922, entropy loss: 0.04638776958721583, leaf dev: 0.09793457388877869
[2026-06-26 14:01:23,387][root][INFO] - Val leaf stats: tensor([3.5107e-03, 0.0000e+00, 1.2665e-01, 2.7005e-04, 2.7005e-04, 0.0000e+00,
        1.5231e-01, 2.2900e-01, 0.0000e+00, 8.1015e-04, 1.3746e-01, 2.7005e-03,
        3.8617e-02, 3.0705e-01, 2.7005e-04, 1.0802e-03])
[2026-06-26 14:01:24,521][root][INFO] - Epoch: 16 | train acc: 0.8097, train loss: 0.57067550, valid acc: 0.7626, valid loss: 0.78310657, test acc: 0.7354, test loss: 0.86777118
[2026-06-26 14:01:29,620][root][INFO] - reg loss: 4.134699923093201, entropy loss: 0.05609847385375226, leaf dev: 0.14060711860656738
[2026-06-26 14:01:29,622][root][INFO] - Val leaf stats: tensor([9.4518e-03, 8.1015e-03, 5.4010e-04, 2.0794e-02, 2.1604e-03, 2.7005e-04,
        3.0732e-01, 5.4010e-04, 0.0000e+00, 5.4010e-04, 2.7005e-04, 3.3756e-02,
        1.0505e-01, 5.0176e-01, 9.1817e-03, 2.7005e-04])
[2026-06-26 14:01:30,900][root][INFO] - reg loss: 4.206326328340124, entropy loss: 0.06503588345939995, leaf dev: 0.1166873350739479
[2026-06-26 14:01:30,902][root][INFO] - Val leaf stats: tensor([0.0019, 0.0065, 0.0008, 0.0019, 0.0043, 0.0019, 0.0000, 0.0073, 0.0027,
        0.2104, 0.0011, 0.2935, 0.3551, 0.0011, 0.0996, 0.0119])
[2026-06-26 14:01:42,660][root][INFO] - Epoch: 17 | train acc: 0.8451, train loss: 33.10677025, valid acc: 0.7804, valid loss: 0.76271350, test acc: 0.7543, test loss: 0.79473138
[2026-06-26 14:01:48,181][root][INFO] - reg loss: 4.081339343649442, entropy loss: 0.04818023838957802, leaf dev: 0.10623586177825928
[2026-06-26 14:01:48,182][root][INFO] - Val leaf stats: tensor([8.1015e-04, 2.7005e-04, 8.1015e-04, 0.0000e+00, 3.7807e-03, 0.0000e+00,
        2.4548e-01, 1.8607e-01, 2.7005e-04, 5.4010e-04, 2.3738e-01, 1.0802e-03,
        4.2668e-02, 2.8058e-01, 2.7005e-04, 0.0000e+00])
[2026-06-26 14:01:58,638][root][INFO] - Epoch: 17 | train acc: 0.6625, train loss: 34.10369854, valid acc: 0.6376, valid loss: 1.11846030, test acc: 0.6269, test loss: 1.12171333
[2026-06-26 14:02:04,293][root][INFO] - Epoch: 17 | train acc: 0.7247, train loss: 9.16046091, valid acc: 0.6765, valid loss: 0.94479315, test acc: 0.6500, test loss: 1.03619092
[2026-06-26 14:02:04,354][root][INFO] - reg loss: 4.144299069388968, entropy loss: 0.0387467697995608, leaf dev: 0.10502289980649948
[2026-06-26 14:02:04,356][root][INFO] - Val leaf stats: tensor([0.0000, 0.0016, 0.0000, 0.0014, 0.0008, 0.0000, 0.0929, 0.3551, 0.0014,
        0.0000, 0.1159, 0.2414, 0.0289, 0.1431, 0.0119, 0.0057])
[2026-06-26 14:02:04,990][root][INFO] - Epoch: 17 | train acc: 0.8433, train loss: 16.99624012, valid acc: 0.7672, valid loss: 0.76959074, test acc: 0.7533, test loss: 0.80176551
[2026-06-26 14:02:10,359][root][INFO] - reg loss: 4.194963173788102, entropy loss: 0.05105939550233669, leaf dev: 0.0834420919418335
[2026-06-26 14:02:10,361][root][INFO] - Val leaf stats: tensor([0.0000, 0.0000, 0.1836, 0.0081, 0.2109, 0.1701, 0.0945, 0.2144, 0.0032,
        0.0000, 0.0570, 0.0162, 0.0354, 0.0000, 0.0000, 0.0065])
[2026-06-26 14:02:11,040][root][INFO] - reg loss: 4.127769235704766, entropy loss: 0.04434178189420309, leaf dev: 0.09911071509122849
[2026-06-26 14:02:11,042][root][INFO] - Val leaf stats: tensor([2.7005e-04, 0.0000e+00, 8.0745e-02, 0.0000e+00, 3.7807e-03, 1.3503e-03,
        1.6716e-01, 2.6924e-01, 0.0000e+00, 2.7005e-04, 1.3827e-01, 4.0508e-03,
        4.7529e-02, 2.8544e-01, 2.7005e-04, 1.6203e-03])
[2026-06-26 14:02:11,118][root][INFO] - Epoch: 17 | train acc: 0.7293, train loss: 0.78796796, valid acc: 0.7191, valid loss: 0.89103801, test acc: 0.6998, test loss: 0.90478633
[2026-06-26 14:02:12,422][root][INFO] - Epoch: 17 | train acc: 0.8274, train loss: 0.51113557, valid acc: 0.7591, valid loss: 0.76194629, test acc: 0.7425, test loss: 0.83396879
[2026-06-26 14:02:17,227][root][INFO] - reg loss: 4.172077397831151, entropy loss: 0.05510066425214048, leaf dev: 0.10908950120210648
[2026-06-26 14:02:17,228][root][INFO] - Val leaf stats: tensor([1.1072e-02, 9.1817e-03, 1.0802e-03, 2.5385e-02, 2.1604e-03, 5.4010e-04,
        3.1758e-01, 5.4010e-04, 0.0000e+00, 2.7005e-04, 0.0000e+00, 3.3756e-02,
        2.4656e-01, 2.6411e-01, 8.7227e-02, 5.4010e-04])
[2026-06-26 14:02:18,987][root][INFO] - reg loss: 4.16898546062532, entropy loss: 0.05835629981316504, leaf dev: 0.1300889253616333
[2026-06-26 14:02:18,989][root][INFO] - Val leaf stats: tensor([0.0005, 0.0049, 0.0005, 0.0016, 0.0011, 0.0019, 0.0000, 0.0032, 0.0008,
        0.0724, 0.0022, 0.3689, 0.3948, 0.0016, 0.1380, 0.0076])
[2026-06-26 14:02:29,333][root][INFO] - Epoch: 18 | train acc: 0.8518, train loss: 33.05242382, valid acc: 0.7769, valid loss: 0.77726163, test acc: 0.7526, test loss: 0.82853156
[2026-06-26 14:02:35,176][root][INFO] - reg loss: 4.077096212105673, entropy loss: 0.04761181667935653, leaf dev: 0.10627306252717972
[2026-06-26 14:02:35,177][root][INFO] - Val leaf stats: tensor([1.0802e-03, 2.7005e-04, 8.1015e-04, 0.0000e+00, 2.7005e-03, 0.0000e+00,
        2.3684e-01, 1.9228e-01, 2.7005e-04, 5.4010e-04, 2.3900e-01, 1.0802e-03,
        4.2128e-02, 2.8274e-01, 2.7005e-04, 0.0000e+00])
[2026-06-26 14:02:46,961][root][INFO] - Epoch: 18 | train acc: 0.6821, train loss: 33.96081030, valid acc: 0.6522, valid loss: 1.10102670, test acc: 0.6284, test loss: 1.11560000
[2026-06-26 14:02:51,318][root][INFO] - Epoch: 18 | train acc: 0.7369, train loss: 9.13433306, valid acc: 0.6965, valid loss: 0.91980920, test acc: 0.6652, test loss: 1.00695205
[2026-06-26 14:02:51,779][root][INFO] - Epoch: 18 | train acc: 0.8463, train loss: 16.99544222, valid acc: 0.7761, valid loss: 0.75236642, test acc: 0.7550, test loss: 0.76250627
[2026-06-26 14:02:52,751][root][INFO] - reg loss: 4.1326279718367775, entropy loss: 0.03715596720576286, leaf dev: 0.10660035163164139
[2026-06-26 14:02:52,753][root][INFO] - Val leaf stats: tensor([0.0000, 0.0019, 0.0000, 0.0014, 0.0005, 0.0005, 0.1069, 0.3827, 0.0008,
        0.0000, 0.0996, 0.1828, 0.0289, 0.1753, 0.0089, 0.0097])
[2026-06-26 14:02:57,340][root][INFO] - reg loss: 4.194390570531126, entropy loss: 0.05073096829115367, leaf dev: 0.08642727136611938
[2026-06-26 14:02:57,341][root][INFO] - Val leaf stats: tensor([0.0003, 0.0000, 0.1907, 0.0014, 0.2538, 0.1196, 0.0845, 0.2144, 0.0035,
        0.0000, 0.0637, 0.0132, 0.0443, 0.0000, 0.0000, 0.0105])
[2026-06-26 14:02:57,376][root][INFO] - reg loss: 4.133040240553559, entropy loss: 0.043776136868801274, leaf dev: 0.09892448037862778
[2026-06-26 14:02:57,377][root][INFO] - Val leaf stats: tensor([0.0000, 0.0000, 0.0951, 0.0000, 0.0014, 0.0008, 0.1944, 0.2574, 0.0000,
        0.0008, 0.1015, 0.0078, 0.0483, 0.2890, 0.0005, 0.0030])
[2026-06-26 14:02:59,285][root][INFO] - Epoch: 18 | train acc: 0.8025, train loss: 0.57695296, valid acc: 0.7421, valid loss: 0.84479102, test acc: 0.7209, test loss: 0.88467492
[2026-06-26 14:03:00,581][root][INFO] - Epoch: 18 | train acc: 0.8332, train loss: 0.50541090, valid acc: 0.7570, valid loss: 0.78657212, test acc: 0.7366, test loss: 0.86356103
[2026-06-26 14:03:05,356][root][INFO] - reg loss: 4.161895877025167, entropy loss: 0.05220899608780126, leaf dev: 0.11278798431158066
[2026-06-26 14:03:05,357][root][INFO] - Val leaf stats: tensor([8.3716e-03, 7.2914e-03, 2.7005e-04, 2.1874e-02, 2.1604e-03, 8.1015e-04,
        3.2595e-01, 5.4010e-04, 0.0000e+00, 5.4010e-04, 2.7005e-04, 3.2676e-02,
        1.4718e-01, 3.3000e-01, 1.2179e-01, 2.7005e-04])
[2026-06-26 14:03:06,474][root][INFO] - reg loss: 4.159801092304167, entropy loss: 0.058263875055508535, leaf dev: 0.1245882585644722
[2026-06-26 14:03:06,475][root][INFO] - Val leaf stats: tensor([0.0000, 0.0054, 0.0005, 0.0011, 0.0022, 0.0005, 0.0000, 0.0000, 0.0016,
        0.1048, 0.0103, 0.3335, 0.3927, 0.0046, 0.1369, 0.0059])
[2026-06-26 14:03:16,290][root][INFO] - Epoch: 19 | train acc: 0.8600, train loss: 33.00271663, valid acc: 0.7786, valid loss: 0.76891157, test acc: 0.7541, test loss: 0.83259603
[2026-06-26 14:03:21,970][root][INFO] - reg loss: 4.074172246651571, entropy loss: 0.047719945062379365, leaf dev: 0.10643767565488815
[2026-06-26 14:03:21,972][root][INFO] - Val leaf stats: tensor([0.0008, 0.0003, 0.0008, 0.0003, 0.0030, 0.0000, 0.2441, 0.1820, 0.0000,
        0.0003, 0.2592, 0.0011, 0.0416, 0.2660, 0.0003, 0.0003])
[2026-06-26 14:03:33,710][root][INFO] - Epoch: 19 | train acc: 0.6922, train loss: 33.87954330, valid acc: 0.6557, valid loss: 1.08223766, test acc: 0.6397, test loss: 1.08990533
[2026-06-26 14:03:38,285][root][INFO] - Epoch: 19 | train acc: 0.7397, train loss: 9.12199644, valid acc: 0.6932, valid loss: 0.93355080, test acc: 0.6576, test loss: 1.01381929
[2026-06-26 14:03:39,184][root][INFO] - reg loss: 4.1271147493456235, entropy loss: 0.03662084397233901, leaf dev: 0.10231492668390274
[2026-06-26 14:03:39,186][root][INFO] - Val leaf stats: tensor([0.0000e+00, 1.6203e-03, 0.0000e+00, 1.0802e-03, 1.0802e-03, 1.3503e-03,
        1.4097e-01, 3.6241e-01, 5.4010e-04, 2.7005e-04, 1.1234e-01, 1.7337e-01,
        3.0246e-02, 1.5663e-01, 1.1882e-02, 6.2112e-03])
[2026-06-26 14:03:39,485][root][INFO] - Epoch: 19 | train acc: 0.8600, train loss: 16.93588835, valid acc: 0.7888, valid loss: 0.73919931, test acc: 0.7602, test loss: 0.77011888
[2026-06-26 14:03:43,950][root][INFO] - reg loss: 4.1951995364955215, entropy loss: 0.04993266410759238, leaf dev: 0.0791587308049202
[2026-06-26 14:03:43,952][root][INFO] - Val leaf stats: tensor([0.0003, 0.0000, 0.1774, 0.0086, 0.2349, 0.0934, 0.1050, 0.2004, 0.0041,
        0.0000, 0.0802, 0.0197, 0.0462, 0.0003, 0.0003, 0.0292])
[2026-06-26 14:03:45,424][root][INFO] - reg loss: 4.126390496238333, entropy loss: 0.04251652870510445, leaf dev: 0.09721396863460541
[2026-06-26 14:03:45,426][root][INFO] - Val leaf stats: tensor([0.0000, 0.0000, 0.1005, 0.0000, 0.0008, 0.0011, 0.1942, 0.2393, 0.0000,
        0.0014, 0.1223, 0.0000, 0.0510, 0.2857, 0.0005, 0.0032])
[2026-06-26 14:03:46,733][root][INFO] - Epoch: 19 | train acc: 0.8086, train loss: 0.55723262, valid acc: 0.7607, valid loss: 0.74693073, test acc: 0.7423, test loss: 0.80616302
[2026-06-26 14:03:47,299][root][INFO] - Epoch: 19 | train acc: 0.8374, train loss: 0.48178044, valid acc: 0.7599, valid loss: 0.78167433, test acc: 0.7393, test loss: 0.84047092
[2026-06-26 14:03:53,476][root][INFO] - reg loss: 4.156431143401099, entropy loss: 0.051108709673901076, leaf dev: 0.11293406784534454
[2026-06-26 14:03:53,478][root][INFO] - Val leaf stats: tensor([5.4010e-03, 8.3716e-03, 2.7005e-04, 2.7815e-02, 2.4305e-03, 8.1015e-04,
        3.3324e-01, 5.4010e-04, 0.0000e+00, 5.4010e-04, 2.7005e-04, 3.1056e-02,
        1.2206e-01, 3.2649e-01, 1.3935e-01, 1.3503e-03])
[2026-06-26 14:03:53,888][root][INFO] - reg loss: 4.169119303343726, entropy loss: 0.05792651655244046, leaf dev: 0.1271035224199295
[2026-06-26 14:03:53,890][root][INFO] - Val leaf stats: tensor([0.0000e+00, 5.1310e-03, 5.4010e-04, 1.3503e-03, 2.4305e-03, 2.7005e-04,
        0.0000e+00, 0.0000e+00, 5.4010e-04, 1.3611e-01, 1.0802e-03, 3.2379e-01,
        4.1318e-01, 1.6203e-03, 1.0289e-01, 1.1072e-02])
[2026-06-26 14:04:03,574][root][INFO] - Epoch: 20 | train acc: 0.8593, train loss: 33.02775342, valid acc: 0.7740, valid loss: 0.80371571, test acc: 0.7568, test loss: 0.81548379
[2026-06-26 14:04:09,071][root][INFO] - reg loss: 4.075262288578221, entropy loss: 0.04737976950700166, leaf dev: 0.10935702174901962
[2026-06-26 14:04:09,073][root][INFO] - Val leaf stats: tensor([1.0802e-03, 2.7005e-04, 8.1015e-04, 0.0000e+00, 4.0508e-03, 0.0000e+00,
        2.4926e-01, 1.6284e-01, 1.6203e-03, 8.1015e-04, 3.1353e-01, 5.4010e-04,
        3.3216e-02, 2.3197e-01, 0.0000e+00, 0.0000e+00])
[2026-06-26 14:04:21,077][root][INFO] - Epoch: 20 | train acc: 0.6734, train loss: 34.06698458, valid acc: 0.6414, valid loss: 1.10023370, test acc: 0.6090, test loss: 1.14259992
[2026-06-26 14:04:26,165][root][INFO] - Epoch: 20 | train acc: 0.7321, train loss: 9.12827645, valid acc: 0.6684, valid loss: 1.02721877, test acc: 0.6394, test loss: 1.10110233
[2026-06-26 14:04:26,987][root][INFO] - reg loss: 4.14317181071297, entropy loss: 0.03679287015292488, leaf dev: 0.09478700906038284
[2026-06-26 14:04:26,989][root][INFO] - Val leaf stats: tensor([0.0000e+00, 2.7005e-04, 2.7005e-04, 1.3503e-03, 2.9706e-03, 1.0802e-03,
        2.3575e-01, 2.7086e-01, 2.1604e-03, 1.0802e-03, 1.0748e-01, 1.8472e-01,
        3.9698e-02, 1.4502e-01, 3.2406e-03, 4.0508e-03])
[2026-06-26 14:04:27,017][root][INFO] - Epoch: 20 | train acc: 0.8563, train loss: 16.91377186, valid acc: 0.7861, valid loss: 0.72761488, test acc: 0.7653, test loss: 0.74159922
[2026-06-26 14:04:32,013][root][INFO] - reg loss: 4.184438994673432, entropy loss: 0.04803588748222492, leaf dev: 0.09074050933122635
[2026-06-26 14:04:32,015][root][INFO] - Val leaf stats: tensor([0.0008, 0.0000, 0.2217, 0.0197, 0.2668, 0.0165, 0.1037, 0.2182, 0.0046,
        0.0000, 0.0613, 0.0189, 0.0443, 0.0003, 0.0000, 0.0232])
[2026-06-26 14:04:33,352][root][INFO] - reg loss: 4.120415085651835, entropy loss: 0.0408298775675844, leaf dev: 0.09895189851522446
[2026-06-26 14:04:33,353][root][INFO] - Val leaf stats: tensor([0.0005, 0.0000, 0.1078, 0.0000, 0.0027, 0.0014, 0.1828, 0.2298, 0.0000,
        0.0019, 0.1474, 0.0000, 0.0235, 0.2987, 0.0005, 0.0030])
[2026-06-26 14:04:33,710][root][INFO] - Epoch: 20 | train acc: 0.8367, train loss: 0.47220536, valid acc: 0.7669, valid loss: 0.75940920, test acc: 0.7432, test loss: 0.80354000
[2026-06-26 14:04:34,054][root][INFO] - Epoch: 20 | train acc: 0.8474, train loss: 0.45093703, valid acc: 0.7594, valid loss: 0.78349365, test acc: 0.7455, test loss: 0.82298411
[2026-06-26 14:04:40,173][root][INFO] - reg loss: 4.145041590831319, entropy loss: 0.04797690917478233, leaf dev: 0.11840761452913284
[2026-06-26 14:04:40,175][root][INFO] - Val leaf stats: tensor([1.3503e-03, 1.0802e-02, 0.0000e+00, 3.0516e-02, 2.4305e-03, 1.0802e-03,
        3.2892e-01, 8.1015e-04, 0.0000e+00, 5.4010e-04, 8.1015e-04, 3.2136e-02,
        1.1585e-01, 3.7240e-01, 1.0208e-01, 2.7005e-04])
[2026-06-26 14:04:40,280][root][INFO] - reg loss: 4.151947451419518, entropy loss: 0.05718010755591705, leaf dev: 0.1245826780796051
[2026-06-26 14:04:40,282][root][INFO] - Val leaf stats: tensor([0.0000e+00, 6.4812e-03, 5.4010e-04, 1.3503e-03, 2.1604e-03, 2.7005e-04,
        0.0000e+00, 0.0000e+00, 1.0802e-03, 1.4583e-01, 3.7807e-03, 3.4324e-01,
        3.8239e-01, 2.9706e-03, 9.9109e-02, 1.0802e-02])
[2026-06-26 14:04:51,769][root][INFO] - Epoch: 21 | train acc: 0.8588, train loss: 33.06402913, valid acc: 0.7883, valid loss: 0.73128644, test acc: 0.7585, test loss: 0.79608465
[2026-06-26 14:04:56,991][root][INFO] - reg loss: 4.080398309426229, entropy loss: 0.04710414743081468, leaf dev: 0.10823365300893784
[2026-06-26 14:04:56,993][root][INFO] - Val leaf stats: tensor([0.0000e+00, 2.7005e-04, 8.1015e-04, 2.7005e-04, 5.1310e-03, 0.0000e+00,
        2.6627e-01, 1.6095e-01, 2.7005e-04, 2.1604e-03, 2.9409e-01, 1.8904e-03,
        3.6457e-02, 2.3143e-01, 0.0000e+00, 0.0000e+00])
[2026-06-26 14:05:08,595][root][INFO] - Epoch: 21 | train acc: 0.6885, train loss: 33.97394849, valid acc: 0.6457, valid loss: 1.11915294, test acc: 0.6340, test loss: 1.09618483
[2026-06-26 14:05:13,699][root][INFO] - reg loss: 4.137518351195289, entropy loss: 0.03576302452043432, leaf dev: 0.09398902952671051
[2026-06-26 14:05:13,700][root][INFO] - Val leaf stats: tensor([0.0005, 0.0108, 0.0000, 0.0008, 0.0092, 0.0000, 0.1002, 0.2968, 0.0038,
        0.0000, 0.1126, 0.2322, 0.0356, 0.1680, 0.0230, 0.0065])
[2026-06-26 14:05:14,210][root][INFO] - Epoch: 21 | train acc: 0.7227, train loss: 9.15159713, valid acc: 0.6878, valid loss: 0.99549294, test acc: 0.6527, test loss: 1.05204463
[2026-06-26 14:05:14,537][root][INFO] - Epoch: 21 | train acc: 0.8641, train loss: 16.89250130, valid acc: 0.7807, valid loss: 0.74485221, test acc: 0.7683, test loss: 0.73242699
[2026-06-26 14:05:20,784][root][INFO] - reg loss: 4.176884354137983, entropy loss: 0.04579848405279097, leaf dev: 0.08874166756868362
[2026-06-26 14:05:20,785][root][INFO] - Val leaf stats: tensor([2.7005e-03, 0.0000e+00, 1.7904e-01, 1.6743e-02, 2.7329e-01, 2.8085e-02,
        1.1261e-01, 2.2927e-01, 4.5909e-03, 0.0000e+00, 6.5082e-02, 1.8093e-02,
        5.1040e-02, 2.7005e-04, 0.0000e+00, 1.9174e-02])
[2026-06-26 14:05:20,815][root][INFO] - reg loss: 4.1217577965533145, entropy loss: 0.03845963474424159, leaf dev: 0.10078296065330505
[2026-06-26 14:05:20,816][root][INFO] - Val leaf stats: tensor([2.7005e-04, 0.0000e+00, 1.0316e-01, 0.0000e+00, 5.4010e-04, 1.0802e-03,
        1.8661e-01, 2.3305e-01, 0.0000e+00, 1.3503e-03, 1.4124e-01, 0.0000e+00,
        2.2684e-02, 3.0759e-01, 5.4010e-04, 1.8904e-03])
[2026-06-26 14:05:21,437][root][INFO] - Epoch: 21 | train acc: 0.8473, train loss: 0.44120181, valid acc: 0.7723, valid loss: 0.74984251, test acc: 0.7401, test loss: 0.82324398
[2026-06-26 14:05:23,422][root][INFO] - Epoch: 21 | train acc: 0.8479, train loss: 0.44198662, valid acc: 0.7588, valid loss: 0.76358499, test acc: 0.7491, test loss: 0.84065684
[2026-06-26 14:05:27,820][root][INFO] - reg loss: 4.139340064564689, entropy loss: 0.04203149413720506, leaf dev: 0.11738692224025726
[2026-06-26 14:05:27,822][root][INFO] - Val leaf stats: tensor([2.7005e-04, 1.0532e-02, 1.3503e-03, 2.4845e-02, 2.4305e-03, 1.3503e-03,
        3.2541e-01, 1.0802e-03, 0.0000e+00, 2.7005e-04, 8.1015e-04, 3.9157e-02,
        1.2908e-01, 3.6808e-01, 9.4248e-02, 1.0802e-03])
[2026-06-26 14:05:29,704][root][INFO] - reg loss: 4.146632038178991, entropy loss: 0.05623181359689744, leaf dev: 0.12649452686309814
[2026-06-26 14:05:29,706][root][INFO] - Val leaf stats: tensor([0.0000e+00, 6.7513e-03, 8.1015e-04, 1.0802e-03, 2.1604e-03, 2.7005e-04,
        0.0000e+00, 0.0000e+00, 1.6203e-03, 1.2854e-01, 1.3503e-03, 3.2514e-01,
        4.1048e-01, 4.3208e-03, 1.0775e-01, 9.7218e-03])
[2026-06-26 14:05:38,795][root][INFO] - Epoch: 22 | train acc: 0.8671, train loss: 33.00281512, valid acc: 0.7813, valid loss: 0.74310508, test acc: 0.7651, test loss: 0.78966860
[2026-06-26 14:05:44,009][root][INFO] - reg loss: 4.075796314927398, entropy loss: 0.04661055031369944, leaf dev: 0.10839147120714188
[2026-06-26 14:05:44,011][root][INFO] - Val leaf stats: tensor([2.7005e-04, 5.4010e-04, 2.7005e-04, 2.7005e-04, 2.1604e-03, 0.0000e+00,
        2.5196e-01, 1.7040e-01, 2.7005e-04, 5.4010e-04, 2.9760e-01, 2.1604e-03,
        3.5917e-02, 2.3738e-01, 0.0000e+00, 2.7005e-04])
[2026-06-26 14:05:55,433][root][INFO] - Epoch: 22 | train acc: 0.6628, train loss: 33.99731427, valid acc: 0.5992, valid loss: 1.16332301, test acc: 0.5852, test loss: 1.22707780
[2026-06-26 14:06:00,174][root][INFO] - reg loss: 4.129034003273386, entropy loss: 0.029721701853587978, leaf dev: 0.10047098994255066
[2026-06-26 14:06:00,175][root][INFO] - Val leaf stats: tensor([0.0005, 0.0024, 0.0000, 0.0011, 0.0105, 0.0014, 0.1053, 0.3184, 0.0038,
        0.0000, 0.0351, 0.0861, 0.0446, 0.2930, 0.0440, 0.0537])
[2026-06-26 14:06:02,214][root][INFO] - Epoch: 22 | train acc: 0.7380, train loss: 9.09654896, valid acc: 0.6900, valid loss: 0.97898796, test acc: 0.6659, test loss: 1.02278042
[2026-06-26 14:06:02,854][root][INFO] - Epoch: 22 | train acc: 0.8701, train loss: 16.83990666, valid acc: 0.7885, valid loss: 0.76842435, test acc: 0.7639, test loss: 0.76052928
[2026-06-26 14:06:08,200][root][INFO] - reg loss: 4.175618257678923, entropy loss: 0.04538197980308142, leaf dev: 0.08781122416257858
[2026-06-26 14:06:08,202][root][INFO] - Val leaf stats: tensor([0.0027, 0.0000, 0.2277, 0.0149, 0.2649, 0.0408, 0.1053, 0.1890, 0.0049,
        0.0000, 0.0632, 0.0186, 0.0535, 0.0000, 0.0000, 0.0146])
[2026-06-26 14:06:08,801][root][INFO] - Epoch: 22 | train acc: 0.8562, train loss: 0.42560497, valid acc: 0.7718, valid loss: 0.72741132, test acc: 0.7531, test loss: 0.80233908
[2026-06-26 14:06:09,404][root][INFO] - reg loss: 4.11260528251773, entropy loss: 0.037528855573447026, leaf dev: 0.09957496076822281
[2026-06-26 14:06:09,406][root][INFO] - Val leaf stats: tensor([0.0000e+00, 0.0000e+00, 1.0856e-01, 2.7005e-04, 0.0000e+00, 8.1015e-04,
        1.9174e-01, 2.2819e-01, 0.0000e+00, 1.8904e-03, 1.4367e-01, 0.0000e+00,
        2.4305e-02, 2.9895e-01, 0.0000e+00, 1.6203e-03])
[2026-06-26 14:06:10,988][root][INFO] - Epoch: 22 | train acc: 0.8589, train loss: 0.41725396, valid acc: 0.7632, valid loss: 0.76814571, test acc: 0.7575, test loss: 0.81815860
[2026-06-26 14:06:15,123][root][INFO] - reg loss: 4.141191975015109, entropy loss: 0.04197104238584393, leaf dev: 0.11409715563058853
[2026-06-26 14:06:15,124][root][INFO] - Val leaf stats: tensor([5.4010e-04, 1.5393e-02, 2.7005e-04, 2.5115e-02, 2.1604e-03, 1.6203e-03,
        3.3027e-01, 1.0802e-03, 0.0000e+00, 5.4010e-04, 8.1015e-04, 3.5377e-02,
        1.2773e-01, 3.4216e-01, 1.1477e-01, 2.1604e-03])
[2026-06-26 14:06:17,449][root][INFO] - reg loss: 4.151212004364514, entropy loss: 0.056166867191185715, leaf dev: 0.13520872592926025
[2026-06-26 14:06:17,451][root][INFO] - Val leaf stats: tensor([0.0000e+00, 6.7513e-03, 5.4010e-04, 5.4010e-04, 2.1604e-03, 5.4010e-04,
        0.0000e+00, 2.7005e-04, 1.0802e-03, 6.4002e-02, 4.0508e-03, 4.1804e-01,
        3.8239e-01, 4.8609e-03, 1.0721e-01, 7.5614e-03])
[2026-06-26 14:06:26,505][root][INFO] - Epoch: 23 | train acc: 0.8684, train loss: 32.98873101, valid acc: 0.7821, valid loss: 0.77924399, test acc: 0.7641, test loss: 0.82744064
[2026-06-26 14:06:31,918][root][INFO] - reg loss: 4.074866615357946, entropy loss: 0.04651592421482821, leaf dev: 0.10774408280849457
[2026-06-26 14:06:31,919][root][INFO] - Val leaf stats: tensor([2.7005e-04, 2.7005e-04, 5.4010e-04, 2.7005e-04, 2.4305e-03, 2.7005e-04,
        2.5547e-01, 1.7364e-01, 2.7005e-04, 5.4010e-04, 2.8679e-01, 1.0802e-03,
        3.8077e-02, 2.3981e-01, 0.0000e+00, 2.7005e-04])
[2026-06-26 14:06:41,720][root][INFO] - Epoch: 23 | train acc: 0.6736, train loss: 33.86797164, valid acc: 0.6573, valid loss: 1.05152722, test acc: 0.6289, test loss: 1.06526572
[2026-06-26 14:06:46,831][root][INFO] - reg loss: 4.118568232802094, entropy loss: 0.026586703375959007, leaf dev: 0.0979229062795639
[2026-06-26 14:06:46,832][root][INFO] - Val leaf stats: tensor([2.7005e-04, 0.0000e+00, 0.0000e+00, 2.4305e-03, 8.9117e-03, 8.1015e-04,
        1.0991e-01, 3.3297e-01, 5.6711e-03, 2.7005e-04, 5.7791e-02, 1.9633e-01,
        4.4288e-02, 1.9471e-01, 3.8077e-02, 7.5614e-03])
[2026-06-26 14:06:49,836][root][INFO] - Epoch: 23 | train acc: 0.7464, train loss: 9.05520322, valid acc: 0.7008, valid loss: 0.94483867, test acc: 0.6640, test loss: 1.01470035
[2026-06-26 14:06:52,654][root][INFO] - Epoch: 23 | train acc: 0.8772, train loss: 16.83267406, valid acc: 0.7748, valid loss: 0.76238483, test acc: 0.7531, test loss: 0.79339273
[2026-06-26 14:06:56,066][root][INFO] - reg loss: 4.170504312046239, entropy loss: 0.04442531328465118, leaf dev: 0.08929330110549927
[2026-06-26 14:06:56,067][root][INFO] - Val leaf stats: tensor([0.0000, 0.0005, 0.2274, 0.0146, 0.2671, 0.0459, 0.0891, 0.2031, 0.0059,
        0.0003, 0.0618, 0.0178, 0.0575, 0.0003, 0.0000, 0.0086])
[2026-06-26 14:06:56,363][root][INFO] - Epoch: 23 | train acc: 0.8602, train loss: 0.40953311, valid acc: 0.7737, valid loss: 0.77043752, test acc: 0.7479, test loss: 0.82981540
[2026-06-26 14:06:58,427][root][INFO] - Epoch: 23 | train acc: 0.8492, train loss: 0.44442767, valid acc: 0.7632, valid loss: 0.78237678, test acc: 0.7457, test loss: 0.85876629
[2026-06-26 14:06:58,874][root][INFO] - reg loss: 4.115375026327665, entropy loss: 0.03705356105184946, leaf dev: 0.10094347596168518
[2026-06-26 14:06:58,875][root][INFO] - Val leaf stats: tensor([0.0000, 0.0000, 0.1137, 0.0000, 0.0008, 0.0008, 0.1267, 0.2760, 0.0000,
        0.0024, 0.1677, 0.0000, 0.0243, 0.2854, 0.0000, 0.0022])
[2026-06-26 14:07:02,762][root][INFO] - reg loss: 4.138086873976911, entropy loss: 0.04140999320833409, leaf dev: 0.11755334585905075
[2026-06-26 14:07:02,763][root][INFO] - Val leaf stats: tensor([0.0000e+00, 1.0262e-02, 2.7005e-04, 2.1604e-02, 1.8904e-03, 2.7005e-03,
        3.3864e-01, 1.3503e-03, 0.0000e+00, 5.4010e-04, 5.4010e-04, 3.4567e-02,
        1.2125e-01, 3.5539e-01, 1.1099e-01, 0.0000e+00])
[2026-06-26 14:07:04,692][root][INFO] - reg loss: 4.1258749023812715, entropy loss: 0.05453853095408346, leaf dev: 0.13012318313121796
[2026-06-26 14:07:04,694][root][INFO] - Val leaf stats: tensor([0.0000e+00, 6.7513e-03, 5.4010e-04, 5.4010e-04, 2.1604e-03, 5.4010e-04,
        0.0000e+00, 2.7005e-04, 3.5107e-03, 1.1477e-01, 1.0262e-02, 4.2074e-01,
        3.4297e-01, 2.1604e-03, 9.2087e-02, 2.7005e-03])
[2026-06-26 14:07:14,393][root][INFO] - Epoch: 24 | train acc: 0.8621, train loss: 32.98789109, valid acc: 0.7769, valid loss: 0.76772286, test acc: 0.7496, test loss: 0.84403200
[2026-06-26 14:07:19,752][root][INFO] - reg loss: 4.071973464528068, entropy loss: 0.046407988508705235, leaf dev: 0.10866282135248184
[2026-06-26 14:07:19,753][root][INFO] - Val leaf stats: tensor([0.0000e+00, 2.7005e-04, 1.8904e-03, 0.0000e+00, 1.6203e-03, 0.0000e+00,
        1.9849e-01, 1.7445e-01, 5.4010e-04, 1.3503e-03, 2.7086e-01, 5.4010e-04,
        4.2398e-02, 3.0759e-01, 0.0000e+00, 0.0000e+00])
[2026-06-26 14:07:29,599][root][INFO] - Epoch: 24 | train acc: 0.6980, train loss: 33.71556867, valid acc: 0.6554, valid loss: 1.05685818, test acc: 0.6411, test loss: 1.05798681
[2026-06-26 14:07:35,284][root][INFO] - reg loss: 4.109647524161417, entropy loss: 0.025964452075909396, leaf dev: 0.10210511088371277
[2026-06-26 14:07:35,285][root][INFO] - Val leaf stats: tensor([2.7005e-04, 2.7005e-04, 0.0000e+00, 2.4305e-03, 9.7218e-03, 2.7005e-03,
        9.2628e-02, 3.5350e-01, 4.3208e-03, 2.7005e-04, 5.0770e-02, 2.1712e-01,
        4.3478e-02, 1.7958e-01, 3.6187e-02, 6.7513e-03])
[2026-06-26 14:07:36,760][root][INFO] - Epoch: 24 | train acc: 0.6837, train loss: 9.26512548, valid acc: 0.6549, valid loss: 1.06027170, test acc: 0.6350, test loss: 1.09297244
[2026-06-26 14:07:39,831][root][INFO] - Epoch: 24 | train acc: 0.8737, train loss: 16.83617570, valid acc: 0.7967, valid loss: 0.70304880, test acc: 0.7653, test loss: 0.76643662
[2026-06-26 14:07:42,949][root][INFO] - reg loss: 4.190100208657687, entropy loss: 0.04217358660258231, leaf dev: 0.06990452855825424
[2026-06-26 14:07:42,950][root][INFO] - Val leaf stats: tensor([0.0000, 0.0008, 0.1437, 0.0140, 0.1736, 0.0224, 0.0618, 0.1958, 0.0116,
        0.0011, 0.1240, 0.0953, 0.1312, 0.0081, 0.0000, 0.0165])
[2026-06-26 14:07:44,650][root][INFO] - Epoch: 24 | train acc: 0.8682, train loss: 0.39036351, valid acc: 0.7737, valid loss: 0.76319816, test acc: 0.7580, test loss: 0.80054138
[2026-06-26 14:07:44,957][root][INFO] - Epoch: 24 | train acc: 0.8469, train loss: 0.45364877, valid acc: 0.7653, valid loss: 0.80030376, test acc: 0.7393, test loss: 0.85541401
[2026-06-26 14:07:46,165][root][INFO] - reg loss: 4.1148907239319845, entropy loss: 0.03710519870529409, leaf dev: 0.09844936430454254
[2026-06-26 14:07:46,166][root][INFO] - Val leaf stats: tensor([0.0000e+00, 0.0000e+00, 1.1963e-01, 0.0000e+00, 8.1015e-04, 1.0802e-03,
        1.4853e-01, 2.5682e-01, 0.0000e+00, 1.3503e-03, 1.6878e-01, 0.0000e+00,
        2.4305e-02, 2.7653e-01, 2.7005e-04, 1.8904e-03])
[2026-06-26 14:07:51,024][root][INFO] - reg loss: 4.138030552473224, entropy loss: 0.040967959483138854, leaf dev: 0.118273064494133
[2026-06-26 14:07:51,025][root][INFO] - Val leaf stats: tensor([0.0000e+00, 1.0532e-02, 2.7005e-04, 2.5115e-02, 2.1604e-03, 2.7005e-03,
        3.3675e-01, 1.8904e-03, 0.0000e+00, 5.4010e-04, 8.1015e-04, 3.2406e-02,
        1.2152e-01, 3.6322e-01, 1.0208e-01, 0.0000e+00])
[2026-06-26 14:07:51,296][root][INFO] - reg loss: 4.144515021902616, entropy loss: 0.055297356343171636, leaf dev: 0.13533298671245575
[2026-06-26 14:07:51,297][root][INFO] - Val leaf stats: tensor([2.7005e-04, 6.4812e-03, 5.4010e-04, 8.1015e-04, 2.1604e-03, 2.7005e-04,
        0.0000e+00, 2.7005e-04, 2.1604e-03, 7.5344e-02, 5.6711e-03, 4.2938e-01,
        3.6997e-01, 3.2406e-03, 1.0100e-01, 2.4305e-03])
[2026-06-26 14:08:02,145][root][INFO] - Epoch: 25 | train acc: 0.8710, train loss: 32.95631102, valid acc: 0.7861, valid loss: 0.76099370, test acc: 0.7626, test loss: 0.82359853
[2026-06-26 14:08:07,419][root][INFO] - reg loss: 4.071684915511335, entropy loss: 0.04654463979064441, leaf dev: 0.10732003301382065
[2026-06-26 14:08:07,421][root][INFO] - Val leaf stats: tensor([5.4010e-04, 5.4010e-04, 2.7005e-04, 2.7005e-04, 2.4305e-03, 2.7005e-04,
        2.4089e-01, 1.7580e-01, 2.7005e-04, 8.1015e-04, 2.6060e-01, 1.0802e-03,
        3.8617e-02, 2.7734e-01, 0.0000e+00, 2.7005e-04])
[2026-06-26 14:08:17,566][root][INFO] - Epoch: 25 | train acc: 0.7068, train loss: 33.65920051, valid acc: 0.6662, valid loss: 1.04713568, test acc: 0.6429, test loss: 1.05804287
[2026-06-26 14:08:22,964][root][INFO] - reg loss: 4.104410194959796, entropy loss: 0.025123189218708725, leaf dev: 0.10136912018060684
[2026-06-26 14:08:22,966][root][INFO] - Val leaf stats: tensor([2.7005e-04, 0.0000e+00, 0.0000e+00, 2.1604e-03, 1.2692e-02, 3.2406e-03,
        9.7489e-02, 3.4567e-01, 4.0508e-03, 0.0000e+00, 5.2390e-02, 2.1577e-01,
        4.9149e-02, 1.8661e-01, 3.0246e-02, 2.7005e-04])
[2026-06-26 14:08:24,930][root][INFO] - Epoch: 25 | train acc: 0.7134, train loss: 9.15945306, valid acc: 0.6821, valid loss: 1.00691900, test acc: 0.6608, test loss: 1.02581692
[2026-06-26 14:08:27,421][root][INFO] - Epoch: 25 | train acc: 0.8871, train loss: 16.78434954, valid acc: 0.7891, valid loss: 0.72834303, test acc: 0.7624, test loss: 0.77345360
[2026-06-26 14:08:31,119][root][INFO] - reg loss: 4.178675721903316, entropy loss: 0.04170744768420204, leaf dev: 0.08188337087631226
[2026-06-26 14:08:31,122][root][INFO] - Val leaf stats: tensor([0.0000, 0.0035, 0.1545, 0.0116, 0.2660, 0.0005, 0.0789, 0.1982, 0.0105,
        0.0005, 0.0867, 0.0594, 0.1067, 0.0127, 0.0000, 0.0103])
[2026-06-26 14:08:31,805][root][INFO] - Epoch: 25 | train acc: 0.8520, train loss: 0.43816348, valid acc: 0.7683, valid loss: 0.78262959, test acc: 0.7452, test loss: 0.84633997
[2026-06-26 14:08:32,740][root][INFO] - Epoch: 25 | train acc: 0.8725, train loss: 0.38188907, valid acc: 0.7831, valid loss: 0.74031943, test acc: 0.7545, test loss: 0.80231199
[2026-06-26 14:08:34,055][root][INFO] - reg loss: 4.108850471308974, entropy loss: 0.036717994474485274, leaf dev: 0.09962382167577744
[2026-06-26 14:08:34,065][root][INFO] - Val leaf stats: tensor([2.7005e-04, 0.0000e+00, 1.2746e-01, 0.0000e+00, 8.1015e-04, 2.7005e-04,
        1.3638e-01, 2.6033e-01, 0.0000e+00, 1.0802e-03, 1.5474e-01, 0.0000e+00,
        2.6195e-02, 2.9004e-01, 5.4010e-04, 1.8904e-03])
[2026-06-26 14:08:38,122][root][INFO] - reg loss: 4.137950396928631, entropy loss: 0.05348949665661718, leaf dev: 0.1205664649605751
[2026-06-26 14:08:38,124][root][INFO] - Val leaf stats: tensor([2.7005e-04, 6.4812e-03, 5.4010e-04, 8.1015e-04, 1.8904e-03, 2.7005e-04,
        0.0000e+00, 2.7005e-04, 4.8609e-03, 2.0902e-01, 1.3503e-03, 2.9166e-01,
        3.7645e-01, 3.7807e-03, 9.9919e-02, 2.4305e-03])
[2026-06-26 14:08:38,930][root][INFO] - reg loss: 4.137733185877566, entropy loss: 0.04003478861490234, leaf dev: 0.1171913594007492
[2026-06-26 14:08:38,931][root][INFO] - Val leaf stats: tensor([0.0005, 0.0100, 0.0019, 0.0359, 0.0022, 0.0027, 0.3335, 0.0016, 0.0005,
        0.0005, 0.0005, 0.0278, 0.1099, 0.3616, 0.1107, 0.0000])
[2026-06-26 14:08:48,118][root][INFO] - Epoch: 26 | train acc: 0.8800, train loss: 32.92381199, valid acc: 0.7975, valid loss: 0.77045565, test acc: 0.7597, test loss: 0.82049262
[2026-06-26 14:08:53,480][root][INFO] - reg loss: 4.070366546755931, entropy loss: 0.04540646717440887, leaf dev: 0.10737963020801544
[2026-06-26 14:08:53,482][root][INFO] - Val leaf stats: tensor([8.1015e-04, 5.4010e-04, 2.7005e-04, 0.0000e+00, 2.9706e-03, 0.0000e+00,
        2.6681e-01, 1.7904e-01, 0.0000e+00, 1.0802e-03, 2.2144e-01, 2.7005e-04,
        4.1048e-02, 2.8544e-01, 0.0000e+00, 2.7005e-04])
[2026-06-26 14:09:05,131][root][INFO] - Epoch: 26 | train acc: 0.7132, train loss: 33.64948767, valid acc: 0.6387, valid loss: 1.13066830, test acc: 0.6262, test loss: 1.14184176
[2026-06-26 14:09:09,968][root][INFO] - reg loss: 4.104641101399406, entropy loss: 0.024878090125371198, leaf dev: 0.11506712436676025
[2026-06-26 14:09:09,970][root][INFO] - Val leaf stats: tensor([2.7005e-04, 0.0000e+00, 0.0000e+00, 2.1604e-03, 8.1015e-03, 2.1604e-03,
        5.2930e-02, 3.8536e-01, 4.3208e-03, 2.7005e-04, 8.1555e-02, 3.0300e-01,
        2.9436e-02, 9.6408e-02, 3.2946e-02, 1.0802e-03])
[2026-06-26 14:09:10,934][root][INFO] - Epoch: 26 | train acc: 0.7341, train loss: 9.05137895, valid acc: 0.6676, valid loss: 1.05845547, test acc: 0.6537, test loss: 1.03977240
[2026-06-26 14:09:14,474][root][INFO] - Epoch: 26 | train acc: 0.8790, train loss: 16.81641819, valid acc: 0.7791, valid loss: 0.77165392, test acc: 0.7572, test loss: 0.80188737
[2026-06-26 14:09:16,805][root][INFO] - reg loss: 4.154926855056012, entropy loss: 0.039135658166936184, leaf dev: 0.08421485871076584
[2026-06-26 14:09:16,806][root][INFO] - Val leaf stats: tensor([0.0000, 0.0016, 0.1637, 0.0138, 0.2657, 0.0005, 0.0894, 0.1850, 0.0057,
        0.0003, 0.1472, 0.0635, 0.0578, 0.0011, 0.0000, 0.0049])
[2026-06-26 14:09:19,121][root][INFO] - Epoch: 26 | train acc: 0.8443, train loss: 0.46113645, valid acc: 0.7483, valid loss: 0.83418159, test acc: 0.7317, test loss: 0.89468650
[2026-06-26 14:09:20,690][root][INFO] - Epoch: 26 | train acc: 0.8576, train loss: 0.44275090, valid acc: 0.7526, valid loss: 0.81795834, test acc: 0.7320, test loss: 0.88406093
[2026-06-26 14:09:21,172][root][INFO] - reg loss: 4.112557067245733, entropy loss: 0.036108862120108526, leaf dev: 0.09890663623809814
[2026-06-26 14:09:21,174][root][INFO] - Val leaf stats: tensor([5.4010e-04, 0.0000e+00, 1.2233e-01, 0.0000e+00, 2.7005e-04, 8.1015e-04,
        2.1388e-01, 2.4332e-01, 0.0000e+00, 5.4010e-04, 1.1963e-01, 0.0000e+00,
        2.4845e-02, 2.7275e-01, 5.4010e-04, 5.4010e-04])
[2026-06-26 14:09:25,432][root][INFO] - reg loss: 4.1403031036502025, entropy loss: 0.05315774526508128, leaf dev: 0.12134961038827896
[2026-06-26 14:09:25,434][root][INFO] - Val leaf stats: tensor([2.7005e-04, 6.2112e-03, 8.1015e-04, 1.0802e-03, 1.8904e-03, 2.7005e-04,
        0.0000e+00, 0.0000e+00, 1.8904e-03, 8.1015e-02, 1.8904e-03, 3.5296e-01,
        3.6214e-01, 6.7513e-03, 1.3773e-01, 4.5099e-02])
[2026-06-26 14:09:27,343][root][INFO] - reg loss: 4.138724592865491, entropy loss: 0.03833044937155286, leaf dev: 0.11807047575712204
[2026-06-26 14:09:27,344][root][INFO] - Val leaf stats: tensor([2.1604e-03, 2.6195e-02, 2.7005e-04, 6.0221e-02, 1.6203e-03, 2.7005e-04,
        3.2217e-01, 0.0000e+00, 2.7005e-04, 1.0802e-03, 5.4010e-04, 3.7807e-03,
        9.2898e-02, 3.7753e-01, 1.1099e-01, 0.0000e+00])
[2026-06-26 14:09:34,942][root][INFO] - Epoch: 27 | train acc: 0.8802, train loss: 32.94324637, valid acc: 0.7548, valid loss: 0.87934503, test acc: 0.7312, test loss: 0.93938701
[2026-06-26 14:09:40,335][root][INFO] - reg loss: 4.0714175505716295, entropy loss: 0.04242189185785466, leaf dev: 0.11485512554645538
[2026-06-26 14:09:40,336][root][INFO] - Val leaf stats: tensor([0.0000e+00, 0.0000e+00, 1.3503e-03, 8.1015e-04, 2.7005e-04, 3.2406e-03,
        1.3179e-01, 1.7148e-01, 0.0000e+00, 5.4010e-04, 3.5350e-01, 1.3503e-03,
        4.0778e-02, 2.9490e-01, 0.0000e+00, 0.0000e+00])
[2026-06-26 14:09:51,641][root][INFO] - Epoch: 27 | train acc: 0.6957, train loss: 33.68270693, valid acc: 0.6460, valid loss: 1.08686411, test acc: 0.6249, test loss: 1.08525804
[2026-06-26 14:09:57,056][root][INFO] - reg loss: 4.1027065183295575, entropy loss: 0.023823727502441796, leaf dev: 0.10715119540691376
[2026-06-26 14:09:57,057][root][INFO] - Val leaf stats: tensor([2.7005e-04, 2.7005e-04, 0.0000e+00, 1.8904e-03, 1.4313e-02, 8.1015e-03,
        6.9673e-02, 3.5620e-01, 2.9706e-03, 0.0000e+00, 8.3986e-02, 2.8652e-01,
        3.1596e-02, 1.0613e-01, 3.5917e-02, 2.1604e-03])
[2026-06-26 14:09:57,696][root][INFO] - Epoch: 27 | train acc: 0.7376, train loss: 9.02860888, valid acc: 0.6851, valid loss: 0.97778875, test acc: 0.6645, test loss: 1.01228705
[2026-06-26 14:10:03,648][root][INFO] - Epoch: 27 | train acc: 0.8760, train loss: 16.79275263, valid acc: 0.7934, valid loss: 0.72226638, test acc: 0.7614, test loss: 0.78087236
[2026-06-26 14:10:03,896][root][INFO] - reg loss: 4.149329334008889, entropy loss: 0.0388596919594241, leaf dev: 0.0811857059597969
[2026-06-26 14:10:03,897][root][INFO] - Val leaf stats: tensor([0.0000, 0.0016, 0.1599, 0.0162, 0.2587, 0.0005, 0.0902, 0.1807, 0.0054,
        0.0003, 0.1013, 0.0546, 0.1204, 0.0022, 0.0000, 0.0081])
[2026-06-26 14:10:06,469][root][INFO] - Epoch: 27 | train acc: 0.8497, train loss: 0.44685928, valid acc: 0.7551, valid loss: 0.82846764, test acc: 0.7428, test loss: 0.89948582
[2026-06-26 14:10:08,590][root][INFO] - Epoch: 27 | train acc: 0.8484, train loss: 0.44819238, valid acc: 0.7702, valid loss: 0.78731786, test acc: 0.7516, test loss: 0.84513821
[2026-06-26 14:10:09,924][root][INFO] - reg loss: 4.1051183372247415, entropy loss: 0.03557290875765144, leaf dev: 0.09807842969894409
[2026-06-26 14:10:09,926][root][INFO] - Val leaf stats: tensor([0.0005, 0.0000, 0.1285, 0.0000, 0.0000, 0.0008, 0.2077, 0.2223, 0.0000,
        0.0005, 0.1310, 0.0000, 0.0254, 0.2827, 0.0000, 0.0005])
[2026-06-26 14:10:13,160][root][INFO] - reg loss: 4.135821068873171, entropy loss: 0.0523409300529566, leaf dev: 0.1196795105934143
[2026-06-26 14:10:13,162][root][INFO] - Val leaf stats: tensor([2.7005e-04, 6.2112e-03, 8.1015e-04, 1.0802e-03, 1.8904e-03, 2.7005e-04,
        0.0000e+00, 0.0000e+00, 3.5107e-03, 1.1585e-01, 2.9706e-03, 3.4810e-01,
        3.5782e-01, 4.8609e-03, 1.1288e-01, 4.3478e-02])
[2026-06-26 14:10:14,796][root][INFO] - reg loss: 4.12460437368174, entropy loss: 0.03783019943559756, leaf dev: 0.11864162236452103
[2026-06-26 14:10:14,797][root][INFO] - Val leaf stats: tensor([1.0802e-03, 1.6473e-02, 8.1015e-04, 5.4820e-02, 1.3503e-03, 2.7005e-04,
        3.1785e-01, 1.0802e-03, 0.0000e+00, 1.3503e-03, 5.4010e-04, 5.9411e-03,
        1.1180e-01, 3.8185e-01, 1.0478e-01, 0.0000e+00])
[2026-06-26 14:10:22,737][root][INFO] - Epoch: 28 | train acc: 0.8269, train loss: 33.08969085, valid acc: 0.7607, valid loss: 0.85083711, test acc: 0.7334, test loss: 0.90444622
[2026-06-26 14:10:28,264][root][INFO] - reg loss: 4.070917614170762, entropy loss: 0.03599047642506537, leaf dev: 0.11677780002355576
[2026-06-26 14:10:28,265][root][INFO] - Val leaf stats: tensor([0.0000e+00, 5.4010e-04, 1.6203e-03, 5.4010e-04, 1.0802e-03, 2.1604e-03,
        1.2395e-01, 1.6770e-01, 2.7005e-04, 5.4010e-04, 3.7618e-01, 1.3503e-03,
        4.0508e-02, 2.8355e-01, 0.0000e+00, 0.0000e+00])
[2026-06-26 14:10:40,118][root][INFO] - Epoch: 28 | train acc: 0.7182, train loss: 33.62795395, valid acc: 0.6740, valid loss: 1.00156946, test acc: 0.6635, test loss: 0.99812993
[2026-06-26 14:10:45,634][root][INFO] - Epoch: 28 | train acc: 0.6812, train loss: 9.18974726, valid acc: 0.6122, valid loss: 1.14572780, test acc: 0.5965, test loss: 1.21055546
[2026-06-26 14:10:45,808][root][INFO] - reg loss: 4.105482289048492, entropy loss: 0.024297108568373273, leaf dev: 0.10594526678323746
[2026-06-26 14:10:45,809][root][INFO] - Val leaf stats: tensor([2.7005e-04, 0.0000e+00, 0.0000e+00, 1.8904e-03, 5.9411e-03, 3.7807e-03,
        9.0737e-02, 3.4945e-01, 2.7005e-03, 0.0000e+00, 7.6425e-02, 2.7896e-01,
        3.1596e-02, 1.2044e-01, 3.5917e-02, 1.8904e-03])
[2026-06-26 14:10:51,199][root][INFO] - Epoch: 28 | train acc: 0.8914, train loss: 16.73504979, valid acc: 0.7958, valid loss: 0.74158230, test acc: 0.7656, test loss: 0.77679780
[2026-06-26 14:10:51,284][root][INFO] - reg loss: 4.147279223457712, entropy loss: 0.038334535404306945, leaf dev: 0.09937227517366409
[2026-06-26 14:10:51,286][root][INFO] - Val leaf stats: tensor([0.0000e+00, 1.8904e-03, 1.7553e-01, 1.4313e-02, 8.1826e-02, 0.0000e+00,
        3.8023e-01, 6.5352e-02, 8.3716e-03, 2.7005e-04, 9.2898e-02, 4.8879e-02,
        1.1288e-01, 2.7005e-03, 0.0000e+00, 1.4853e-02])
[2026-06-26 14:10:54,251][root][INFO] - Epoch: 28 | train acc: 0.8550, train loss: 0.43838382, valid acc: 0.7656, valid loss: 0.79512005, test acc: 0.7437, test loss: 0.87758525
[2026-06-26 14:10:55,013][root][INFO] - Epoch: 28 | train acc: 0.8610, train loss: 0.41596542, valid acc: 0.7699, valid loss: 0.74355384, test acc: 0.7626, test loss: 0.81623075
[2026-06-26 14:10:57,242][root][INFO] - reg loss: 4.101721591636783, entropy loss: 0.034610438175865864, leaf dev: 0.09779924154281616
[2026-06-26 14:10:57,243][root][INFO] - Val leaf stats: tensor([0.0005, 0.0000, 0.1310, 0.0000, 0.0000, 0.0008, 0.2109, 0.2128, 0.0000,
        0.0005, 0.1342, 0.0000, 0.0251, 0.2836, 0.0000, 0.0005])
[2026-06-26 14:11:00,664][root][INFO] - reg loss: 4.134429095221347, entropy loss: 0.051276447648396256, leaf dev: 0.12142835557460785
[2026-06-26 14:11:00,666][root][INFO] - Val leaf stats: tensor([2.7005e-04, 6.2112e-03, 8.1015e-04, 1.0802e-03, 1.8904e-03, 2.7005e-04,
        0.0000e+00, 0.0000e+00, 4.8609e-03, 1.0964e-01, 2.9706e-03, 3.6673e-01,
        3.5161e-01, 8.1015e-03, 1.1018e-01, 3.5377e-02])
[2026-06-26 14:11:01,318][root][INFO] - reg loss: 4.126627609378001, entropy loss: 0.0383206522244899, leaf dev: 0.11983678489923477
[2026-06-26 14:11:01,319][root][INFO] - Val leaf stats: tensor([2.7005e-03, 1.1612e-02, 2.7005e-04, 3.3486e-02, 5.4010e-04, 5.4010e-04,
        3.3189e-01, 1.3503e-03, 0.0000e+00, 1.3503e-03, 5.4010e-04, 7.2914e-03,
        1.1369e-01, 3.7213e-01, 1.2260e-01, 0.0000e+00])
[2026-06-26 14:11:09,067][root][INFO] - Epoch: 29 | train acc: 0.8635, train loss: 32.95275497, valid acc: 0.7856, valid loss: 0.80893875, test acc: 0.7577, test loss: 0.85182229
[2026-06-26 14:11:14,216][root][INFO] - reg loss: 4.067386431772201, entropy loss: 0.03444747635942014, leaf dev: 0.10933171957731247
[2026-06-26 14:11:14,217][root][INFO] - Val leaf stats: tensor([1.0802e-03, 1.8904e-03, 0.0000e+00, 8.1015e-04, 1.0802e-03, 2.1604e-03,
        2.0902e-01, 1.7850e-01, 2.7005e-04, 1.0802e-03, 3.3513e-01, 5.4010e-04,
        3.6727e-02, 2.2927e-01, 0.0000e+00, 2.4305e-03])
[2026-06-26 14:11:28,061][root][INFO] - Epoch: 29 | train acc: 0.7247, train loss: 33.53337491, valid acc: 0.6646, valid loss: 1.03209969, test acc: 0.6571, test loss: 1.00611886
[2026-06-26 14:11:31,840][root][INFO] - Epoch: 29 | train acc: 0.6833, train loss: 9.18429687, valid acc: 0.6371, valid loss: 1.07896334, test acc: 0.6325, test loss: 1.12584327
[2026-06-26 14:11:33,839][root][INFO] - reg loss: 4.096579708036829, entropy loss: 0.023954521162343808, leaf dev: 0.10859733819961548
[2026-06-26 14:11:33,840][root][INFO] - Val leaf stats: tensor([2.7005e-04, 8.1015e-04, 0.0000e+00, 1.6203e-03, 1.7013e-02, 5.4010e-03,
        7.2644e-02, 3.5512e-01, 4.3208e-03, 0.0000e+00, 7.5344e-02, 2.9841e-01,
        2.9436e-02, 1.0478e-01, 3.3216e-02, 1.6203e-03])
[2026-06-26 14:11:37,286][root][INFO] - Epoch: 29 | train acc: 0.9003, train loss: 16.69696076, valid acc: 0.7969, valid loss: 0.74712198, test acc: 0.7703, test loss: 0.76441187
[2026-06-26 14:11:37,958][root][INFO] - reg loss: 4.154259298668533, entropy loss: 0.03793855182460097, leaf dev: 0.09361407905817032
[2026-06-26 14:11:37,959][root][INFO] - Val leaf stats: tensor([0.0000e+00, 1.8904e-03, 1.8363e-01, 4.5909e-03, 1.0910e-01, 0.0000e+00,
        3.4297e-01, 8.1826e-02, 8.1015e-03, 2.7005e-04, 8.8847e-02, 4.8339e-02,
        1.1639e-01, 2.4305e-03, 0.0000e+00, 1.1612e-02])
[2026-06-26 14:11:42,254][root][INFO] - Epoch: 29 | train acc: 0.8114, train loss: 0.56900108, valid acc: 0.6641, valid loss: 1.04594827, test acc: 0.6770, test loss: 1.00401706
[2026-06-26 14:11:42,325][root][INFO] - Epoch: 29 | train acc: 0.8614, train loss: 0.40937758, valid acc: 0.7602, valid loss: 0.80729269, test acc: 0.7430, test loss: 0.90503921
[2026-06-26 14:11:43,374][root][INFO] - reg loss: 4.098509546186103, entropy loss: 0.03405158401879131, leaf dev: 0.09685271233320236
[2026-06-26 14:11:43,376][root][INFO] - Val leaf stats: tensor([2.7005e-04, 0.0000e+00, 1.2395e-01, 0.0000e+00, 0.0000e+00, 8.1015e-04,
        1.7958e-01, 2.2090e-01, 0.0000e+00, 5.4010e-04, 1.7148e-01, 0.0000e+00,
        2.4845e-02, 2.7707e-01, 0.0000e+00, 5.4010e-04])
[2026-06-26 14:11:48,757][root][INFO] - reg loss: 4.142021226101234, entropy loss: 0.051960176986749054, leaf dev: 0.1159217581152916
[2026-06-26 14:11:48,758][root][INFO] - Val leaf stats: tensor([2.7005e-04, 5.9411e-03, 8.1015e-04, 1.3503e-03, 1.8904e-03, 2.7005e-04,
        0.0000e+00, 0.0000e+00, 4.3208e-03, 2.2333e-01, 8.1015e-04, 2.4845e-01,
        3.7294e-01, 0.0000e+00, 1.1207e-01, 2.7545e-02])
[2026-06-26 14:11:48,866][root][INFO] - reg loss: 4.126520563344487, entropy loss: 0.03803574470955817, leaf dev: 0.12995681166648865
[2026-06-26 14:11:48,868][root][INFO] - Val leaf stats: tensor([3.2406e-03, 1.1882e-02, 2.7005e-04, 3.8887e-02, 5.4010e-04, 5.4010e-04,
        3.0300e-01, 1.3503e-03, 0.0000e+00, 1.6203e-03, 2.7005e-04, 9.1817e-03,
        6.1842e-02, 1.0775e-01, 4.5477e-01, 4.8609e-03])
[2026-06-26 14:11:55,353][root][INFO] - Epoch: 30 | train acc: 0.8793, train loss: 32.86906020, valid acc: 0.7845, valid loss: 0.83108901, test acc: 0.7607, test loss: 0.83124490
[2026-06-26 14:12:00,704][root][INFO] - reg loss: 4.062535754969863, entropy loss: 0.033000804422820204, leaf dev: 0.10878646373748779
[2026-06-26 14:12:00,706][root][INFO] - Val leaf stats: tensor([8.1015e-04, 2.7005e-04, 0.0000e+00, 8.1015e-04, 1.0802e-03, 1.6203e-03,
        1.9687e-01, 1.9471e-01, 8.1015e-04, 1.8904e-03, 3.3054e-01, 8.1015e-04,
        3.8887e-02, 2.2927e-01, 0.0000e+00, 1.6203e-03])
[2026-06-26 14:12:15,773][root][INFO] - Epoch: 30 | train acc: 0.7306, train loss: 33.52257069, valid acc: 0.6751, valid loss: 0.99558170, test acc: 0.6649, test loss: 0.97273447
[2026-06-26 14:12:19,037][root][INFO] - Epoch: 30 | train acc: 0.6942, train loss: 9.14715931, valid acc: 0.6427, valid loss: 1.08719560, test acc: 0.6303, test loss: 1.14488977
[2026-06-26 14:12:21,215][root][INFO] - reg loss: 4.096938875854993, entropy loss: 0.024420162052160403, leaf dev: 0.10697263479232788
[2026-06-26 14:12:21,216][root][INFO] - Val leaf stats: tensor([2.7005e-04, 1.0802e-03, 0.0000e+00, 1.3503e-03, 1.2962e-02, 2.7005e-03,
        8.6957e-02, 3.5728e-01, 9.7218e-03, 0.0000e+00, 7.3724e-02, 2.8274e-01,
        3.3486e-02, 1.0613e-01, 2.9976e-02, 1.6203e-03])
[2026-06-26 14:12:23,820][root][INFO] - Epoch: 30 | train acc: 0.9014, train loss: 16.68632520, valid acc: 0.7948, valid loss: 0.75818767, test acc: 0.7747, test loss: 0.77800559
[2026-06-26 14:12:25,220][root][INFO] - reg loss: 4.14785704847242, entropy loss: 0.03708968971107827, leaf dev: 0.08945459127426147
[2026-06-26 14:12:25,221][root][INFO] - Val leaf stats: tensor([5.4010e-04, 3.7807e-03, 3.2001e-01, 2.5655e-02, 8.6686e-02, 2.7005e-04,
        1.8039e-01, 4.2668e-02, 9.1817e-03, 2.7005e-04, 1.1288e-01, 5.6441e-02,
        1.4637e-01, 3.2406e-03, 2.7005e-04, 1.1342e-02])
[2026-06-26 14:12:29,336][root][INFO] - Epoch: 30 | train acc: 0.7672, train loss: 0.69474058, valid acc: 0.6703, valid loss: 1.09106803, test acc: 0.6809, test loss: 1.05597250
[2026-06-26 14:12:29,746][root][INFO] - Epoch: 30 | train acc: 0.8563, train loss: 0.42748139, valid acc: 0.7559, valid loss: 0.82675029, test acc: 0.7359, test loss: 0.92265584
[2026-06-26 14:12:29,973][root][INFO] - reg loss: 4.097413696226527, entropy loss: 0.033487177347062067, leaf dev: 0.09725002199411392
[2026-06-26 14:12:29,974][root][INFO] - Val leaf stats: tensor([0.0005, 0.0005, 0.1280, 0.0000, 0.0000, 0.0008, 0.1982, 0.2182, 0.0000,
        0.0005, 0.1453, 0.0000, 0.0251, 0.2817, 0.0000, 0.0011])
[2026-06-26 14:12:35,885][root][INFO] - reg loss: 4.128941379609655, entropy loss: 0.05097677473162041, leaf dev: 0.120323546230793
[2026-06-26 14:12:35,887][root][INFO] - Val leaf stats: tensor([5.4010e-04, 5.6711e-03, 8.1015e-04, 1.3503e-03, 2.1604e-03, 2.7005e-04,
        0.0000e+00, 0.0000e+00, 2.1604e-03, 3.1731e-01, 1.0802e-03, 1.4394e-01,
        3.7996e-01, 0.0000e+00, 1.1342e-01, 3.1326e-02])
[2026-06-26 14:12:35,988][root][INFO] - reg loss: 4.1267473033217135, entropy loss: 0.0386308811482836, leaf dev: 0.13525812327861786
[2026-06-26 14:12:35,989][root][INFO] - Val leaf stats: tensor([6.2112e-03, 6.1302e-02, 8.9117e-03, 3.9157e-02, 1.0802e-03, 3.2406e-03,
        5.3632e-01, 8.1015e-04, 0.0000e+00, 8.1015e-04, 2.7005e-04, 5.4010e-04,
        5.8601e-02, 1.1828e-01, 1.6257e-01, 1.8904e-03])
[2026-06-26 14:12:42,783][root][INFO] - Epoch: 31 | train acc: 0.8649, train loss: 32.90158112, valid acc: 0.7796, valid loss: 0.89752584, test acc: 0.7585, test loss: 0.84997904
[2026-06-26 14:12:48,560][root][INFO] - reg loss: 4.0604794220846205, entropy loss: 0.03310348285881222, leaf dev: 0.10918679088354111
[2026-06-26 14:12:48,561][root][INFO] - Val leaf stats: tensor([8.1015e-04, 0.0000e+00, 0.0000e+00, 8.1015e-04, 1.3503e-03, 1.3503e-03,
        1.5879e-01, 2.3548e-01, 1.3503e-03, 8.1015e-04, 3.1974e-01, 2.7005e-04,
        3.9427e-02, 2.3846e-01, 0.0000e+00, 1.3503e-03])
[2026-06-26 14:13:02,938][root][INFO] - Epoch: 31 | train acc: 0.7337, train loss: 33.54672741, valid acc: 0.6665, valid loss: 1.04023468, test acc: 0.6566, test loss: 0.99056616
[2026-06-26 14:13:06,421][root][INFO] - Epoch: 31 | train acc: 0.7128, train loss: 9.10086404, valid acc: 0.6611, valid loss: 1.00445259, test acc: 0.6473, test loss: 1.04884613
[2026-06-26 14:13:08,460][root][INFO] - reg loss: 4.0998097325934735, entropy loss: 0.024360869232504093, leaf dev: 0.09720756858587265
[2026-06-26 14:13:08,461][root][INFO] - Val leaf stats: tensor([2.7005e-04, 1.3503e-03, 0.0000e+00, 2.4305e-03, 1.0802e-02, 3.5107e-03,
        6.5352e-02, 3.2082e-01, 1.1882e-02, 0.0000e+00, 1.5177e-01, 2.3819e-01,
        3.4567e-02, 1.2044e-01, 3.5917e-02, 2.7005e-03])
[2026-06-26 14:13:11,624][root][INFO] - Epoch: 31 | train acc: 0.9035, train loss: 16.70856407, valid acc: 0.7977, valid loss: 0.77961271, test acc: 0.7727, test loss: 0.77890570
[2026-06-26 14:13:12,700][root][INFO] - reg loss: 4.149488941567843, entropy loss: 0.03776163333019272, leaf dev: 0.08711544424295425
[2026-06-26 14:13:12,701][root][INFO] - Val leaf stats: tensor([4.3208e-03, 2.7005e-03, 3.0084e-01, 2.8085e-02, 1.0937e-01, 2.7005e-04,
        2.0011e-01, 4.2938e-02, 1.1882e-02, 5.4010e-04, 1.1531e-01, 5.0770e-02,
        1.2287e-01, 3.2406e-03, 0.0000e+00, 6.7513e-03])
[2026-06-26 14:13:16,109][root][INFO] - Epoch: 31 | train acc: 0.7796, train loss: 0.64964599, valid acc: 0.7321, valid loss: 0.88127794, test acc: 0.7315, test loss: 0.87715974
[2026-06-26 14:13:16,935][root][INFO] - Epoch: 31 | train acc: 0.8537, train loss: 0.43036279, valid acc: 0.7575, valid loss: 0.83949333, test acc: 0.7428, test loss: 0.92270125
[2026-06-26 14:13:18,084][root][INFO] - reg loss: 4.104271458797768, entropy loss: 0.033409886459102395, leaf dev: 0.09659228473901749
[2026-06-26 14:13:18,085][root][INFO] - Val leaf stats: tensor([0.0005, 0.0005, 0.1226, 0.0005, 0.0000, 0.0005, 0.2031, 0.2228, 0.0000,
        0.0005, 0.1574, 0.0000, 0.0238, 0.2668, 0.0000, 0.0008])
[2026-06-26 14:13:22,608][root][INFO] - reg loss: 4.122620645116587, entropy loss: 0.03725501998770432, leaf dev: 0.12182561308145523
[2026-06-26 14:13:22,609][root][INFO] - Val leaf stats: tensor([5.4010e-03, 4.5369e-02, 1.2962e-02, 5.5090e-02, 1.0802e-03, 2.9706e-03,
        4.6800e-01, 1.0802e-03, 0.0000e+00, 0.0000e+00, 2.7005e-04, 8.1015e-04,
        7.3454e-02, 1.5528e-01, 1.7688e-01, 1.3503e-03])
[2026-06-26 14:13:23,016][root][INFO] - reg loss: 4.118630878260879, entropy loss: 0.050201099243808965, leaf dev: 0.11596314609050751
[2026-06-26 14:13:23,017][root][INFO] - Val leaf stats: tensor([5.4010e-04, 5.6711e-03, 8.1015e-04, 1.3503e-03, 1.8904e-03, 2.7005e-04,
        0.0000e+00, 0.0000e+00, 1.3503e-03, 2.2063e-01, 1.3503e-03, 2.5466e-01,
        3.7024e-01, 5.4010e-04, 1.1315e-01, 2.7545e-02])
[2026-06-26 14:13:29,700][root][INFO] - Epoch: 32 | train acc: 0.8812, train loss: 32.82264703, valid acc: 0.7826, valid loss: 0.83827594, test acc: 0.7651, test loss: 0.81189500
[2026-06-26 14:13:35,480][root][INFO] - reg loss: 4.0577146186203255, entropy loss: 0.03266250064260647, leaf dev: 0.10895423591136932
[2026-06-26 14:13:35,481][root][INFO] - Val leaf stats: tensor([8.1015e-04, 0.0000e+00, 0.0000e+00, 8.1015e-04, 5.4010e-04, 1.6203e-03,
        1.7175e-01, 2.2441e-01, 1.0802e-03, 2.7005e-04, 3.1839e-01, 5.4010e-04,
        3.7807e-02, 2.4062e-01, 0.0000e+00, 1.3503e-03])
[2026-06-26 14:13:49,761][root][INFO] - Epoch: 32 | train acc: 0.7345, train loss: 33.58147999, valid acc: 0.6843, valid loss: 1.00668801, test acc: 0.6745, test loss: 0.96730567
[2026-06-26 14:13:54,552][root][INFO] - Epoch: 32 | train acc: 0.7279, train loss: 9.03459333, valid acc: 0.6722, valid loss: 1.02434023, test acc: 0.6483, test loss: 1.05342071
[2026-06-26 14:13:55,607][root][INFO] - reg loss: 4.10417254244695, entropy loss: 0.02425662608298122, leaf dev: 0.10255727171897888
[2026-06-26 14:13:55,608][root][INFO] - Val leaf stats: tensor([2.7005e-04, 1.3503e-03, 0.0000e+00, 1.8904e-03, 5.9411e-03, 2.1604e-03,
        7.9395e-02, 3.3567e-01, 7.8315e-03, 0.0000e+00, 9.5598e-02, 2.7275e-01,
        3.8617e-02, 1.2260e-01, 3.3486e-02, 2.4305e-03])
[2026-06-26 14:13:59,481][root][INFO] - Epoch: 32 | train acc: 0.8996, train loss: 16.71288750, valid acc: 0.7656, valid loss: 0.87664271, test acc: 0.7423, test loss: 0.91268740
[2026-06-26 14:14:00,718][root][INFO] - reg loss: 4.140899877079198, entropy loss: 0.036581780089706674, leaf dev: 0.08625699579715729
[2026-06-26 14:14:00,719][root][INFO] - Val leaf stats: tensor([4.0508e-03, 2.4305e-03, 2.8949e-01, 2.9706e-02, 1.1585e-01, 2.7005e-04,
        2.0713e-01, 4.4829e-02, 6.4812e-03, 0.0000e+00, 1.3341e-01, 5.5901e-02,
        1.0019e-01, 3.7807e-03, 0.0000e+00, 6.4812e-03])
[2026-06-26 14:14:04,195][root][INFO] - Epoch: 32 | train acc: 0.8153, train loss: 0.54184129, valid acc: 0.7494, valid loss: 0.80214169, test acc: 0.7317, test loss: 0.85489843
[2026-06-26 14:14:04,283][root][INFO] - Epoch: 32 | train acc: 0.8673, train loss: 0.38767938, valid acc: 0.7686, valid loss: 0.80625136, test acc: 0.7543, test loss: 0.87595219
[2026-06-26 14:14:05,533][root][INFO] - reg loss: 4.097378597884882, entropy loss: 0.0330138377784217, leaf dev: 0.09824351221323013
[2026-06-26 14:14:05,535][root][INFO] - Val leaf stats: tensor([2.9706e-03, 1.8904e-03, 1.5744e-01, 2.7005e-04, 0.0000e+00, 1.6203e-03,
        2.2630e-01, 1.9336e-01, 0.0000e+00, 2.7005e-04, 1.0073e-01, 0.0000e+00,
        2.6465e-02, 2.8814e-01, 0.0000e+00, 5.4010e-04])
[2026-06-26 14:14:10,328][root][INFO] - reg loss: 4.109922096377513, entropy loss: 0.03458958326793108, leaf dev: 0.1194545328617096
[2026-06-26 14:14:10,330][root][INFO] - Val leaf stats: tensor([3.7807e-03, 4.5099e-02, 6.7513e-03, 5.5901e-02, 5.4010e-04, 2.4305e-03,
        4.5315e-01, 8.1015e-04, 0.0000e+00, 0.0000e+00, 2.7005e-04, 8.1015e-04,
        7.8855e-02, 1.7850e-01, 1.6689e-01, 6.2112e-03])
[2026-06-26 14:14:10,917][root][INFO] - reg loss: 4.12802668086818, entropy loss: 0.05006989079420684, leaf dev: 0.11463496088981628
[2026-06-26 14:14:10,918][root][INFO] - Val leaf stats: tensor([5.4010e-04, 5.6711e-03, 8.1015e-04, 1.3503e-03, 1.8904e-03, 2.7005e-04,
        0.0000e+00, 0.0000e+00, 2.9706e-03, 1.9039e-01, 1.3503e-03, 2.8463e-01,
        3.5836e-01, 2.7005e-04, 1.1045e-01, 4.1048e-02])
[2026-06-26 14:14:17,090][root][INFO] - Epoch: 33 | train acc: 0.8890, train loss: 32.78384556, valid acc: 0.7864, valid loss: 0.82390478, test acc: 0.7631, test loss: 0.81691986
[2026-06-26 14:14:22,796][root][INFO] - reg loss: 4.056316305379399, entropy loss: 0.032684030255577604, leaf dev: 0.10857871919870377
[2026-06-26 14:14:22,798][root][INFO] - Val leaf stats: tensor([5.4010e-04, 0.0000e+00, 2.7005e-04, 8.1015e-04, 1.3503e-03, 1.0802e-03,
        1.8769e-01, 2.0875e-01, 1.3503e-03, 2.7005e-04, 3.2406e-01, 2.7005e-04,
        3.9698e-02, 2.3224e-01, 0.0000e+00, 1.6203e-03])
[2026-06-26 14:14:37,530][root][INFO] - Epoch: 33 | train acc: 0.7486, train loss: 33.52814978, valid acc: 0.6716, valid loss: 1.00043348, test acc: 0.6730, test loss: 0.95995180
[2026-06-26 14:14:41,911][root][INFO] - Epoch: 33 | train acc: 0.7350, train loss: 9.01988955, valid acc: 0.6754, valid loss: 0.96954038, test acc: 0.6620, test loss: 1.01026519
[2026-06-26 14:14:42,884][root][INFO] - reg loss: 4.101927960505251, entropy loss: 0.0244648174428549, leaf dev: 0.0967174842953682
[2026-06-26 14:14:42,885][root][INFO] - Val leaf stats: tensor([2.7005e-04, 1.6203e-03, 0.0000e+00, 1.6203e-03, 1.3503e-02, 9.1817e-03,
        8.7767e-02, 3.2568e-01, 4.5909e-03, 0.0000e+00, 1.2557e-01, 2.3386e-01,
        3.6457e-02, 1.2638e-01, 3.1326e-02, 2.1604e-03])
[2026-06-26 14:14:45,512][root][INFO] - Epoch: 33 | train acc: 0.8743, train loss: 16.82528605, valid acc: 0.7837, valid loss: 0.83021553, test acc: 0.7683, test loss: 0.83864331
[2026-06-26 14:14:48,273][root][INFO] - reg loss: 4.137297434884994, entropy loss: 0.03523363899744925, leaf dev: 0.08467728644609451
[2026-06-26 14:14:48,275][root][INFO] - Val leaf stats: tensor([1.6203e-03, 4.5909e-03, 2.7707e-01, 4.0238e-02, 1.3260e-01, 2.7005e-04,
        2.0821e-01, 4.5639e-02, 6.7513e-03, 2.7005e-04, 1.1288e-01, 4.4829e-02,
        1.1747e-01, 3.5107e-03, 0.0000e+00, 4.0508e-03])
[2026-06-26 14:14:51,190][root][INFO] - Epoch: 33 | train acc: 0.8344, train loss: 0.47821379, valid acc: 0.7618, valid loss: 0.78825037, test acc: 0.7491, test loss: 0.81403503
[2026-06-26 14:14:51,412][root][INFO] - Epoch: 33 | train acc: 0.8727, train loss: 0.36811659, valid acc: 0.7618, valid loss: 0.85862923, test acc: 0.7474, test loss: 0.92508475
[2026-06-26 14:14:52,019][root][INFO] - reg loss: 4.109106360888872, entropy loss: 0.03482156711035087, leaf dev: 0.09681199491024017
[2026-06-26 14:14:52,020][root][INFO] - Val leaf stats: tensor([0.0000e+00, 0.0000e+00, 1.4367e-01, 8.1015e-04, 0.0000e+00, 1.3503e-03,
        2.1199e-01, 2.1550e-01, 0.0000e+00, 2.7005e-04, 1.2827e-01, 0.0000e+00,
        2.5655e-02, 2.7194e-01, 0.0000e+00, 5.4010e-04])
[2026-06-26 14:14:57,756][root][INFO] - reg loss: 4.101936426319059, entropy loss: 0.03517802282557136, leaf dev: 0.11227524280548096
[2026-06-26 14:14:57,758][root][INFO] - Val leaf stats: tensor([3.2406e-03, 3.0516e-02, 7.2914e-03, 5.5901e-02, 2.7005e-04, 2.7005e-03,
        3.9130e-01, 5.4010e-04, 0.0000e+00, 0.0000e+00, 1.0802e-03, 1.6203e-03,
        8.5336e-02, 2.0713e-01, 2.1010e-01, 2.9706e-03])
[2026-06-26 14:14:58,252][root][INFO] - reg loss: 4.120143827844839, entropy loss: 0.04976192324376497, leaf dev: 0.11453600972890854
[2026-06-26 14:14:58,254][root][INFO] - Val leaf stats: tensor([5.4010e-04, 5.6711e-03, 8.1015e-04, 1.3503e-03, 2.1604e-03, 2.7005e-04,
        0.0000e+00, 0.0000e+00, 3.5107e-03, 2.1874e-01, 2.7005e-04, 2.4305e-01,
        3.7213e-01, 2.7005e-04, 1.1018e-01, 4.1048e-02])
[2026-06-26 14:15:04,149][root][INFO] - Epoch: 34 | train acc: 0.8894, train loss: 32.81312580, valid acc: 0.7869, valid loss: 0.81603987, test acc: 0.7622, test loss: 0.84022181
[2026-06-26 14:15:09,623][root][INFO] - reg loss: 4.058832770488301, entropy loss: 0.0317692941085237, leaf dev: 0.10596849024295807
[2026-06-26 14:15:09,625][root][INFO] - Val leaf stats: tensor([5.6711e-03, 6.2112e-03, 5.9411e-03, 0.0000e+00, 1.0802e-03, 2.1604e-03,
        1.9336e-01, 1.8580e-01, 1.3503e-03, 2.7005e-04, 3.1137e-01, 2.7005e-04,
        3.9698e-02, 2.4575e-01, 0.0000e+00, 1.0802e-03])
[2026-06-26 14:15:24,256][root][INFO] - Epoch: 34 | train acc: 0.7551, train loss: 33.50123996, valid acc: 0.6932, valid loss: 0.99013764, test acc: 0.6765, test loss: 0.97811893
[2026-06-26 14:15:29,817][root][INFO] - reg loss: 4.101175886685731, entropy loss: 0.02442603943045022, leaf dev: 0.09542208164930344
[2026-06-26 14:15:29,819][root][INFO] - Val leaf stats: tensor([2.7005e-04, 1.6203e-03, 0.0000e+00, 1.6203e-03, 1.6473e-02, 4.5909e-03,
        9.6948e-02, 3.2298e-01, 2.9706e-03, 0.0000e+00, 1.2908e-01, 2.2117e-01,
        3.7267e-02, 1.3070e-01, 3.1596e-02, 2.7005e-03])
[2026-06-26 14:15:30,262][root][INFO] - Epoch: 34 | train acc: 0.7487, train loss: 8.96316297, valid acc: 0.6854, valid loss: 0.96250576, test acc: 0.6708, test loss: 1.00981036
[2026-06-26 14:15:32,908][root][INFO] - Epoch: 34 | train acc: 0.8979, train loss: 16.72192051, valid acc: 0.7867, valid loss: 0.80936540, test acc: 0.7604, test loss: 0.85649850
[2026-06-26 14:15:36,123][root][INFO] - reg loss: 4.12998399578157, entropy loss: 0.03469320905746007, leaf dev: 0.08515975624322891
[2026-06-26 14:15:36,124][root][INFO] - Val leaf stats: tensor([0.0005, 0.0038, 0.2690, 0.0348, 0.1547, 0.0003, 0.2147, 0.0456, 0.0073,
        0.0003, 0.0978, 0.0497, 0.1161, 0.0003, 0.0000, 0.0051])
[2026-06-26 14:15:38,484][root][INFO] - Epoch: 34 | train acc: 0.8758, train loss: 0.36453236, valid acc: 0.7707, valid loss: 0.81488553, test acc: 0.7533, test loss: 0.90029323
[2026-06-26 14:15:38,575][root][INFO] - Epoch: 34 | train acc: 0.8556, train loss: 0.42152123, valid acc: 0.7756, valid loss: 0.76330861, test acc: 0.7597, test loss: 0.80478790
[2026-06-26 14:15:39,196][root][INFO] - reg loss: 4.102518433430156, entropy loss: 0.03511942477255571, leaf dev: 0.09613421559333801
[2026-06-26 14:15:39,197][root][INFO] - Val leaf stats: tensor([2.7005e-04, 0.0000e+00, 1.3097e-01, 1.0802e-03, 2.7005e-04, 1.6203e-03,
        1.9147e-01, 2.2414e-01, 0.0000e+00, 5.4010e-04, 1.4448e-01, 0.0000e+00,
        3.0246e-02, 2.7437e-01, 0.0000e+00, 5.4010e-04])
[2026-06-26 14:15:44,788][root][INFO] - reg loss: 4.116616499228556, entropy loss: 0.049408669171274684, leaf dev: 0.11912370473146439
[2026-06-26 14:15:44,789][root][INFO] - Val leaf stats: tensor([5.4010e-04, 5.6711e-03, 8.1015e-04, 1.3503e-03, 2.1604e-03, 2.7005e-04,
        0.0000e+00, 0.0000e+00, 2.4305e-03, 1.4286e-01, 5.4010e-04, 3.2271e-01,
        3.6889e-01, 1.0802e-03, 1.1612e-01, 3.4567e-02])
[2026-06-26 14:15:45,192][root][INFO] - reg loss: 4.09670585100768, entropy loss: 0.03475448446439915, leaf dev: 0.11064618825912476
[2026-06-26 14:15:45,194][root][INFO] - Val leaf stats: tensor([3.5107e-03, 3.1596e-02, 4.8609e-03, 5.9411e-02, 2.7005e-04, 2.7005e-03,
        3.7618e-01, 1.0802e-03, 0.0000e+00, 0.0000e+00, 1.0802e-03, 1.3503e-03,
        8.5876e-02, 2.1874e-01, 2.1172e-01, 1.6203e-03])
[2026-06-26 14:15:49,614][root][INFO] - Epoch: 35 | train acc: 0.8877, train loss: 32.80533931, valid acc: 0.7861, valid loss: 0.83883923, test acc: 0.7666, test loss: 0.81325173
[2026-06-26 14:15:55,332][root][INFO] - reg loss: 4.059314188410024, entropy loss: 0.02825642908450033, leaf dev: 0.10930454730987549
[2026-06-26 14:15:55,333][root][INFO] - Val leaf stats: tensor([0.0035, 0.0068, 0.0057, 0.0000, 0.0011, 0.0016, 0.2047, 0.1804, 0.0022,
        0.0016, 0.2971, 0.0000, 0.0140, 0.2806, 0.0000, 0.0008])
[2026-06-26 14:16:11,346][root][INFO] - Epoch: 35 | train acc: 0.7532, train loss: 33.50004897, valid acc: 0.6889, valid loss: 0.98131019, test acc: 0.6821, test loss: 0.95667065
[2026-06-26 14:16:16,588][root][INFO] - reg loss: 4.099923978086378, entropy loss: 0.024632715299481252, leaf dev: 0.0948960930109024
[2026-06-26 14:16:16,589][root][INFO] - Val leaf stats: tensor([2.7005e-04, 1.6203e-03, 0.0000e+00, 1.6203e-03, 1.5933e-02, 5.9411e-03,
        9.2087e-02, 3.2541e-01, 4.8609e-03, 0.0000e+00, 1.3179e-01, 2.1064e-01,
        3.8347e-02, 1.3665e-01, 3.1596e-02, 3.2406e-03])
[2026-06-26 14:16:17,354][root][INFO] - Epoch: 35 | train acc: 0.7573, train loss: 8.93756866, valid acc: 0.6776, valid loss: 0.97119623, test acc: 0.6721, test loss: 1.00419948
[2026-06-26 14:16:20,377][root][INFO] - Epoch: 35 | train acc: 0.9013, train loss: 16.72190138, valid acc: 0.7721, valid loss: 0.84973161, test acc: 0.7614, test loss: 0.85564923
[2026-06-26 14:16:23,362][root][INFO] - reg loss: 4.126973746252841, entropy loss: 0.03396580963716155, leaf dev: 0.08399733155965805
[2026-06-26 14:16:23,364][root][INFO] - Val leaf stats: tensor([0.0005, 0.0019, 0.2611, 0.0356, 0.1615, 0.0003, 0.2115, 0.0429, 0.0081,
        0.0003, 0.1005, 0.0559, 0.1137, 0.0019, 0.0000, 0.0043])
[2026-06-26 14:16:26,366][root][INFO] - reg loss: 4.102925152075096, entropy loss: 0.03448047305716843, leaf dev: 0.09992662072181702
[2026-06-26 14:16:26,367][root][INFO] - Val leaf stats: tensor([0.0008, 0.0000, 0.1218, 0.0003, 0.0000, 0.0008, 0.2547, 0.2344, 0.0000,
        0.0005, 0.0951, 0.0000, 0.0313, 0.2601, 0.0000, 0.0003])
[2026-06-26 14:16:26,402][root][INFO] - Epoch: 35 | train acc: 0.8638, train loss: 0.40200078, valid acc: 0.7750, valid loss: 0.74949076, test acc: 0.7555, test loss: 0.79673810
[2026-06-26 14:16:27,689][root][INFO] - Epoch: 35 | train acc: 0.8768, train loss: 0.36769964, valid acc: 0.7696, valid loss: 0.82931117, test acc: 0.7545, test loss: 0.91552322
[2026-06-26 14:16:32,764][root][INFO] - reg loss: 4.09409053208398, entropy loss: 0.03423903626008112, leaf dev: 0.10934866219758987
[2026-06-26 14:16:32,766][root][INFO] - Val leaf stats: tensor([1.8904e-03, 3.4297e-02, 6.2112e-03, 6.3732e-02, 2.7005e-04, 2.1604e-03,
        3.6916e-01, 1.8904e-03, 0.0000e+00, 0.0000e+00, 1.0802e-03, 1.3503e-03,
        8.6416e-02, 2.2441e-01, 2.0605e-01, 1.0802e-03])
[2026-06-26 14:16:34,176][root][INFO] - reg loss: 4.116552853193439, entropy loss: 0.04923968780480447, leaf dev: 0.12072250247001648
[2026-06-26 14:16:34,177][root][INFO] - Val leaf stats: tensor([0.0005, 0.0038, 0.0008, 0.0011, 0.0030, 0.0005, 0.0000, 0.0000, 0.0035,
        0.1577, 0.0008, 0.3395, 0.3581, 0.0019, 0.1115, 0.0173])
[2026-06-26 14:16:37,082][root][INFO] - Epoch: 36 | train acc: 0.8912, train loss: 32.79923899, valid acc: 0.7921, valid loss: 0.82549566, test acc: 0.7683, test loss: 0.84397541
[2026-06-26 14:16:42,853][root][INFO] - reg loss: 4.058497124030942, entropy loss: 0.027489630963470114, leaf dev: 0.10929346829652786
[2026-06-26 14:16:42,854][root][INFO] - Val leaf stats: tensor([0.0046, 0.0049, 0.0027, 0.0000, 0.0014, 0.0014, 0.2133, 0.1820, 0.0019,
        0.0014, 0.2927, 0.0000, 0.0143, 0.2776, 0.0000, 0.0019])
[2026-06-26 14:16:57,296][root][INFO] - Epoch: 36 | train acc: 0.7628, train loss: 33.45241497, valid acc: 0.6854, valid loss: 0.99296368, test acc: 0.6816, test loss: 0.94468632
[2026-06-26 14:17:02,462][root][INFO] - reg loss: 4.097757964837746, entropy loss: 0.024258746933497367, leaf dev: 0.09495899081230164
[2026-06-26 14:17:02,463][root][INFO] - Val leaf stats: tensor([2.7005e-04, 1.3503e-03, 0.0000e+00, 1.6203e-03, 1.2692e-02, 5.1310e-03,
        9.4518e-02, 3.1920e-01, 4.8609e-03, 0.0000e+00, 1.2179e-01, 2.2549e-01,
        4.2938e-02, 1.3449e-01, 3.3216e-02, 2.4305e-03])
[2026-06-26 14:17:05,970][root][INFO] - Epoch: 36 | train acc: 0.7610, train loss: 8.93490210, valid acc: 0.6911, valid loss: 0.96979719, test acc: 0.6753, test loss: 1.01815624
[2026-06-26 14:17:08,087][root][INFO] - Epoch: 36 | train acc: 0.8835, train loss: 16.79134988, valid acc: 0.7772, valid loss: 0.82081287, test acc: 0.7585, test loss: 0.87371060
[2026-06-26 14:17:12,272][root][INFO] - reg loss: 4.133392240180344, entropy loss: 0.034101328614061, leaf dev: 0.0832129716873169
[2026-06-26 14:17:12,273][root][INFO] - Val leaf stats: tensor([0.0005, 0.0022, 0.2576, 0.0362, 0.1588, 0.0003, 0.2090, 0.0437, 0.0073,
        0.0003, 0.0967, 0.0559, 0.1237, 0.0019, 0.0000, 0.0059])
[2026-06-26 14:17:13,214][root][INFO] - Epoch: 36 | train acc: 0.8739, train loss: 0.37487301, valid acc: 0.7807, valid loss: 0.77068448, test acc: 0.7486, test loss: 0.83812603
[2026-06-26 14:17:14,076][root][INFO] - reg loss: 4.106657723911473, entropy loss: 0.03402079904421431, leaf dev: 0.09739129990339279
[2026-06-26 14:17:14,077][root][INFO] - Val leaf stats: tensor([0.0005, 0.0000, 0.1242, 0.0003, 0.0000, 0.0005, 0.2382, 0.2395, 0.0000,
        0.0003, 0.1002, 0.0000, 0.0446, 0.2514, 0.0003, 0.0000])
[2026-06-26 14:17:15,112][root][INFO] - Epoch: 36 | train acc: 0.8824, train loss: 0.35083438, valid acc: 0.7759, valid loss: 0.80778927, test acc: 0.7533, test loss: 0.91651950
[2026-06-26 14:17:19,932][root][INFO] - reg loss: 4.0960476984743215, entropy loss: 0.03441569636591145, leaf dev: 0.11076164245605469
[2026-06-26 14:17:19,934][root][INFO] - Val leaf stats: tensor([1.6203e-03, 3.2946e-02, 5.6711e-03, 6.0491e-02, 2.7005e-04, 3.7807e-03,
        3.7186e-01, 1.8904e-03, 0.0000e+00, 0.0000e+00, 1.0802e-03, 1.3503e-03,
        8.5066e-02, 2.5115e-01, 1.8201e-01, 8.1015e-04])
[2026-06-26 14:17:21,883][root][INFO] - reg loss: 4.118021152058586, entropy loss: 0.04833828804434323, leaf dev: 0.11986084282398224
[2026-06-26 14:17:21,884][root][INFO] - Val leaf stats: tensor([5.4010e-04, 3.7807e-03, 8.1015e-04, 1.0802e-03, 2.1604e-03, 1.0802e-03,
        0.0000e+00, 0.0000e+00, 3.5107e-03, 1.5312e-01, 2.7005e-04, 3.2433e-01,
        3.6889e-01, 3.2406e-03, 1.1234e-01, 2.4845e-02])
[2026-06-26 14:17:24,055][root][INFO] - Epoch: 37 | train acc: 0.8986, train loss: 32.77043296, valid acc: 0.7872, valid loss: 0.80754047, test acc: 0.7651, test loss: 0.85191521
[2026-06-26 14:17:30,021][root][INFO] - reg loss: 4.057015075058233, entropy loss: 0.02593298451822312, leaf dev: 0.11063120514154434
[2026-06-26 14:17:30,022][root][INFO] - Val leaf stats: tensor([0.0005, 0.0027, 0.0008, 0.0000, 0.0011, 0.0019, 0.2042, 0.1880, 0.0016,
        0.0016, 0.3014, 0.0000, 0.0162, 0.2792, 0.0000, 0.0008])
[2026-06-26 14:17:45,662][root][INFO] - Epoch: 37 | train acc: 0.7664, train loss: 33.42848030, valid acc: 0.6859, valid loss: 1.00927555, test acc: 0.6814, test loss: 0.96899828
[2026-06-26 14:17:51,016][root][INFO] - reg loss: 4.0962614700442455, entropy loss: 0.025136344989792246, leaf dev: 0.09497229754924774
[2026-06-26 14:17:51,017][root][INFO] - Val leaf stats: tensor([2.7005e-04, 1.6203e-03, 0.0000e+00, 1.6203e-03, 1.1072e-02, 4.3208e-03,
        9.7759e-02, 3.3054e-01, 4.5909e-03, 0.0000e+00, 1.3341e-01, 2.0227e-01,
        4.9689e-02, 1.2908e-01, 3.1056e-02, 2.7005e-03])
[2026-06-26 14:17:53,705][root][INFO] - Epoch: 37 | train acc: 0.7688, train loss: 8.91626608, valid acc: 0.6830, valid loss: 0.97682299, test acc: 0.6610, test loss: 1.05498389
[2026-06-26 14:17:54,475][root][INFO] - Epoch: 37 | train acc: 0.8804, train loss: 16.78618481, valid acc: 0.7664, valid loss: 0.92234104, test acc: 0.7482, test loss: 0.92300286
[2026-06-26 14:17:58,800][root][INFO] - Epoch: 37 | train acc: 0.8777, train loss: 0.35827986, valid acc: 0.7856, valid loss: 0.77751572, test acc: 0.7634, test loss: 0.79753591
[2026-06-26 14:17:59,865][root][INFO] - reg loss: 4.133071641452977, entropy loss: 0.03397964570121687, leaf dev: 0.09058069437742233
[2026-06-26 14:17:59,867][root][INFO] - Val leaf stats: tensor([5.4010e-04, 1.8904e-03, 2.7140e-01, 1.8363e-02, 2.1955e-01, 2.7005e-04,
        2.1442e-01, 4.8069e-02, 1.4583e-02, 2.7005e-04, 7.2104e-02, 4.7799e-02,
        8.5876e-02, 2.1604e-03, 0.0000e+00, 2.7005e-03])
[2026-06-26 14:18:00,470][root][INFO] - reg loss: 4.101766930251825, entropy loss: 0.03384942298785585, leaf dev: 0.10169115662574768
[2026-06-26 14:18:00,478][root][INFO] - Val leaf stats: tensor([5.4010e-04, 0.0000e+00, 1.2476e-01, 2.7005e-04, 0.0000e+00, 5.4010e-04,
        3.2325e-01, 1.3179e-01, 0.0000e+00, 5.4010e-04, 1.2611e-01, 0.0000e+00,
        4.1858e-02, 2.5007e-01, 2.7005e-04, 0.0000e+00])
[2026-06-26 14:18:02,838][root][INFO] - Epoch: 37 | train acc: 0.8888, train loss: 0.32942359, valid acc: 0.7699, valid loss: 0.83669169, test acc: 0.7349, test loss: 0.96406237
[2026-06-26 14:18:05,378][root][INFO] - reg loss: 4.090230402399282, entropy loss: 0.03385434812698208, leaf dev: 0.11019095033407211
[2026-06-26 14:18:05,380][root][INFO] - Val leaf stats: tensor([0.0024, 0.0356, 0.0016, 0.0637, 0.0041, 0.0000, 0.3692, 0.0016, 0.0000,
        0.0000, 0.0011, 0.0014, 0.0883, 0.2509, 0.1796, 0.0005])
[2026-06-26 14:18:09,137][root][INFO] - reg loss: 4.116364119482822, entropy loss: 0.0479692033812648, leaf dev: 0.14039582014083862
[2026-06-26 14:18:09,138][root][INFO] - Val leaf stats: tensor([0.0005, 0.0041, 0.0008, 0.0011, 0.0019, 0.0011, 0.0000, 0.0000, 0.0005,
        0.0311, 0.0032, 0.4734, 0.3467, 0.0022, 0.1110, 0.0224])
[2026-06-26 14:18:11,941][root][INFO] - Epoch: 38 | train acc: 0.8974, train loss: 32.71924566, valid acc: 0.7834, valid loss: 0.80340679, test acc: 0.7609, test loss: 0.85975539
[2026-06-26 14:18:17,719][root][INFO] - reg loss: 4.051731875685395, entropy loss: 0.02494655082338169, leaf dev: 0.11099978536367416
[2026-06-26 14:18:17,721][root][INFO] - Val leaf stats: tensor([5.4010e-04, 2.1604e-03, 2.7005e-04, 0.0000e+00, 1.0802e-03, 1.8904e-03,
        2.0362e-01, 1.8796e-01, 1.3503e-03, 1.8904e-03, 3.1542e-01, 0.0000e+00,
        1.6203e-02, 2.6600e-01, 0.0000e+00, 1.6203e-03])
[2026-06-26 14:18:32,055][root][INFO] - Epoch: 38 | train acc: 0.7694, train loss: 33.42211001, valid acc: 0.6897, valid loss: 0.97900014, test acc: 0.6836, test loss: 0.94743165
[2026-06-26 14:18:37,540][root][INFO] - reg loss: 4.096866388789943, entropy loss: 0.02548459123392574, leaf dev: 0.09447653591632843
[2026-06-26 14:18:37,542][root][INFO] - Val leaf stats: tensor([2.7005e-04, 1.6203e-03, 0.0000e+00, 1.3503e-03, 1.2422e-02, 4.8609e-03,
        1.0559e-01, 3.2487e-01, 5.6711e-03, 0.0000e+00, 1.1342e-01, 2.0983e-01,
        4.6719e-02, 1.3935e-01, 3.1326e-02, 2.7005e-03])
[2026-06-26 14:18:41,088][root][INFO] - Epoch: 38 | train acc: 0.8842, train loss: 16.73226491, valid acc: 0.7764, valid loss: 0.88784621, test acc: 0.7536, test loss: 0.89286121
[2026-06-26 14:18:41,471][root][INFO] - Epoch: 38 | train acc: 0.7420, train loss: 8.95798814, valid acc: 0.6727, valid loss: 0.98051757, test acc: 0.6546, test loss: 1.05469345
[2026-06-26 14:18:45,555][root][INFO] - Epoch: 38 | train acc: 0.8840, train loss: 0.34149904, valid acc: 0.7807, valid loss: 0.75328191, test acc: 0.7590, test loss: 0.82014509
[2026-06-26 14:18:47,275][root][INFO] - reg loss: 4.094479005844867, entropy loss: 0.033429857007548455, leaf dev: 0.09820475429296494
[2026-06-26 14:18:47,277][root][INFO] - Val leaf stats: tensor([8.1015e-04, 2.7005e-04, 1.2557e-01, 2.7005e-04, 0.0000e+00, 5.4010e-04,
        2.9247e-01, 1.4934e-01, 0.0000e+00, 5.4010e-04, 1.3800e-01, 0.0000e+00,
        4.1318e-02, 2.5061e-01, 0.0000e+00, 2.7005e-04])
[2026-06-26 14:18:47,432][root][INFO] - reg loss: 4.115565980067019, entropy loss: 0.032903772794076656, leaf dev: 0.0912359431385994
[2026-06-26 14:18:47,434][root][INFO] - Val leaf stats: tensor([0.0005, 0.0022, 0.2568, 0.0259, 0.2460, 0.0005, 0.2144, 0.0483, 0.0143,
        0.0003, 0.0645, 0.0529, 0.0686, 0.0032, 0.0000, 0.0014])
[2026-06-26 14:18:50,154][root][INFO] - Epoch: 38 | train acc: 0.8643, train loss: 0.40569189, valid acc: 0.7540, valid loss: 0.88923591, test acc: 0.7329, test loss: 0.99635567
[2026-06-26 14:18:52,072][root][INFO] - reg loss: 4.088725746655073, entropy loss: 0.03163488994001365, leaf dev: 0.10946806520223618
[2026-06-26 14:18:52,074][root][INFO] - Val leaf stats: tensor([0.0022, 0.0354, 0.0035, 0.0632, 0.0038, 0.0000, 0.3635, 0.0016, 0.0000,
        0.0000, 0.0011, 0.0014, 0.0902, 0.2533, 0.1804, 0.0005])
[2026-06-26 14:18:56,537][root][INFO] - reg loss: 4.072382411018747, entropy loss: 0.04502907199937789, leaf dev: 0.1417294442653656
[2026-06-26 14:18:56,538][root][INFO] - Val leaf stats: tensor([5.4010e-04, 4.5909e-03, 8.1015e-04, 1.0802e-03, 2.4305e-03, 5.4010e-04,
        0.0000e+00, 0.0000e+00, 0.0000e+00, 1.3233e-02, 2.7005e-04, 4.3424e-01,
        4.0373e-01, 3.2406e-03, 1.0559e-01, 2.9706e-02])
[2026-06-26 14:18:57,630][root][INFO] - Epoch: 39 | train acc: 0.9045, train loss: 32.70812719, valid acc: 0.7856, valid loss: 0.81476078, test acc: 0.7710, test loss: 0.85154495
[2026-06-26 14:19:03,839][root][INFO] - reg loss: 4.052914095706627, entropy loss: 0.024446278505149435, leaf dev: 0.11154298484325409
[2026-06-26 14:19:03,841][root][INFO] - Val leaf stats: tensor([5.4010e-04, 2.4305e-03, 2.7005e-04, 0.0000e+00, 1.0802e-03, 1.8904e-03,
        2.1388e-01, 1.7931e-01, 1.3503e-03, 1.6203e-03, 3.2514e-01, 0.0000e+00,
        1.5123e-02, 2.5547e-01, 0.0000e+00, 1.8904e-03])
[2026-06-26 14:19:18,884][root][INFO] - Epoch: 39 | train acc: 0.7697, train loss: 33.43578795, valid acc: 0.6840, valid loss: 1.04813161, test acc: 0.6792, test loss: 0.98980944
[2026-06-26 14:19:24,309][root][INFO] - reg loss: 4.098919368181073, entropy loss: 0.02547686085959927, leaf dev: 0.10006732493638992
[2026-06-26 14:19:24,310][root][INFO] - Val leaf stats: tensor([2.7005e-04, 1.6203e-03, 0.0000e+00, 1.6203e-03, 1.2422e-02, 4.5909e-03,
        1.2314e-01, 3.0111e-01, 7.2914e-03, 2.7005e-04, 7.6965e-02, 2.9436e-01,
        3.5107e-02, 1.0910e-01, 3.0516e-02, 1.6203e-03])
[2026-06-26 14:19:28,935][root][INFO] - Epoch: 39 | train acc: 0.8977, train loss: 16.67440433, valid acc: 0.7856, valid loss: 0.86629944, test acc: 0.7703, test loss: 0.83653696
[2026-06-26 14:19:29,063][root][INFO] - Epoch: 39 | train acc: 0.7524, train loss: 8.92899054, valid acc: 0.6908, valid loss: 0.95573891, test acc: 0.6716, test loss: 1.01106840
[2026-06-26 14:19:33,041][root][INFO] - Epoch: 39 | train acc: 0.8918, train loss: 0.32334610, valid acc: 0.7867, valid loss: 0.74506288, test acc: 0.7570, test loss: 0.80487363
[2026-06-26 14:19:35,047][root][INFO] - reg loss: 4.116629131504746, entropy loss: 0.03250199418942459, leaf dev: 0.09264898300170898
[2026-06-26 14:19:35,049][root][INFO] - Val leaf stats: tensor([0.0005, 0.0022, 0.2444, 0.0319, 0.2425, 0.0008, 0.2412, 0.0181, 0.0167,
        0.0003, 0.0691, 0.0608, 0.0667, 0.0032, 0.0000, 0.0016])
[2026-06-26 14:19:35,723][root][INFO] - reg loss: 4.091441412441066, entropy loss: 0.032772992691788516, leaf dev: 0.09528819471597672
[2026-06-26 14:19:35,725][root][INFO] - Val leaf stats: tensor([0.0011, 0.0005, 0.1221, 0.0003, 0.0000, 0.0005, 0.2525, 0.1742, 0.0000,
        0.0005, 0.1507, 0.0000, 0.0416, 0.2555, 0.0000, 0.0005])
[2026-06-26 14:19:36,446][root][INFO] - Epoch: 39 | train acc: 0.8703, train loss: 0.37568848, valid acc: 0.7691, valid loss: 0.84402095, test acc: 0.7405, test loss: 0.97486874
[2026-06-26 14:19:39,245][root][INFO] - reg loss: 4.089328421921026, entropy loss: 0.03165597902213941, leaf dev: 0.11093103885650635
[2026-06-26 14:19:39,247][root][INFO] - Val leaf stats: tensor([0.0032, 0.0340, 0.0024, 0.0605, 0.0035, 0.0000, 0.3708, 0.0016, 0.0000,
        0.0000, 0.0011, 0.0008, 0.0878, 0.2568, 0.1763, 0.0011])
[2026-06-26 14:19:43,157][root][INFO] - reg loss: 4.063521197584809, entropy loss: 0.044416872326467856, leaf dev: 0.14104236662387848
[2026-06-26 14:19:43,158][root][INFO] - Val leaf stats: tensor([0.0005, 0.0046, 0.0008, 0.0011, 0.0019, 0.0011, 0.0000, 0.0000, 0.0000,
        0.0143, 0.0008, 0.4426, 0.3897, 0.0035, 0.1096, 0.0294])
[2026-06-26 14:19:43,666][root][INFO] - Epoch: 40 | train acc: 0.9094, train loss: 32.69957940, valid acc: 0.7910, valid loss: 0.80104877, test acc: 0.7653, test loss: 0.88020387
[2026-06-26 14:19:49,887][root][INFO] - reg loss: 4.052834854751337, entropy loss: 0.023951635283769153, leaf dev: 0.11096420884132385
[2026-06-26 14:19:49,888][root][INFO] - Val leaf stats: tensor([5.4010e-04, 2.1604e-03, 2.7005e-04, 0.0000e+00, 1.0802e-03, 1.6203e-03,
        2.1307e-01, 1.8282e-01, 2.1604e-03, 5.4010e-04, 3.1407e-01, 5.4010e-04,
        1.5663e-02, 2.6357e-01, 0.0000e+00, 1.8904e-03])
[2026-06-26 14:20:05,683][root][INFO] - Epoch: 40 | train acc: 0.7651, train loss: 33.32880608, valid acc: 0.6930, valid loss: 1.02870715, test acc: 0.6775, test loss: 0.99519135
[2026-06-26 14:20:11,279][root][INFO] - reg loss: 4.084601957289899, entropy loss: 0.02377120042067082, leaf dev: 0.10338251292705536
[2026-06-26 14:20:11,280][root][INFO] - Val leaf stats: tensor([2.7005e-04, 1.3503e-03, 0.0000e+00, 1.0802e-03, 8.6416e-03, 5.9411e-03,
        1.1288e-01, 3.2676e-01, 3.7807e-03, 2.7005e-04, 6.5082e-02, 2.7248e-01,
        1.5123e-02, 1.5339e-01, 3.0516e-02, 2.4305e-03])
[2026-06-26 14:20:16,366][root][INFO] - Epoch: 40 | train acc: 0.7646, train loss: 8.89549463, valid acc: 0.6932, valid loss: 0.94710437, test acc: 0.6819, test loss: 0.99523492
[2026-06-26 14:20:16,402][root][INFO] - Epoch: 40 | train acc: 0.9091, train loss: 16.63660909, valid acc: 0.7872, valid loss: 0.87665982, test acc: 0.7639, test loss: 0.85778896
[2026-06-26 14:20:20,489][root][INFO] - Epoch: 40 | train acc: 0.8913, train loss: 0.31631077, valid acc: 0.7829, valid loss: 0.77344073, test acc: 0.7597, test loss: 0.83122453
[2026-06-26 14:20:22,405][root][INFO] - reg loss: 4.115900868275126, entropy loss: 0.031778982214507506, leaf dev: 0.09245919436216354
[2026-06-26 14:20:22,407][root][INFO] - Val leaf stats: tensor([0.0005, 0.0011, 0.2520, 0.0189, 0.2309, 0.0008, 0.2398, 0.0194, 0.0149,
        0.0003, 0.0735, 0.0662, 0.0753, 0.0035, 0.0000, 0.0030])
[2026-06-26 14:20:22,744][root][INFO] - reg loss: 4.089661324610476, entropy loss: 0.03255318053311012, leaf dev: 0.09448667615652084
[2026-06-26 14:20:22,745][root][INFO] - Val leaf stats: tensor([0.0005, 0.0003, 0.1234, 0.0000, 0.0000, 0.0000, 0.2395, 0.1809, 0.0000,
        0.0005, 0.1637, 0.0000, 0.0402, 0.2503, 0.0000, 0.0005])
[2026-06-26 14:20:23,368][root][INFO] - Epoch: 40 | train acc: 0.8777, train loss: 0.35557170, valid acc: 0.7726, valid loss: 0.86797277, test acc: 0.7435, test loss: 0.97961204
[2026-06-26 14:20:26,474][root][INFO] - reg loss: 4.091280561978699, entropy loss: 0.0313469192287961, leaf dev: 0.10846743732690811
[2026-06-26 14:20:26,496][root][INFO] - Val leaf stats: tensor([0.0022, 0.0365, 0.0049, 0.0672, 0.0030, 0.0000, 0.3548, 0.0016, 0.0000,
        0.0000, 0.0008, 0.0016, 0.0872, 0.2592, 0.1799, 0.0011])
[2026-06-26 14:20:29,629][root][INFO] - Epoch: 41 | train acc: 0.9121, train loss: 32.66061189, valid acc: 0.7869, valid loss: 0.80520821, test acc: 0.7663, test loss: 0.87611105
[2026-06-26 14:20:29,688][root][INFO] - reg loss: 4.061978871705102, entropy loss: 0.044592729296352045, leaf dev: 0.14308588206768036
[2026-06-26 14:20:29,689][root][INFO] - Val leaf stats: tensor([0.0005, 0.0046, 0.0008, 0.0011, 0.0016, 0.0011, 0.0000, 0.0000, 0.0000,
        0.0162, 0.0057, 0.4829, 0.3519, 0.0011, 0.1083, 0.0243])
[2026-06-26 14:20:36,096][root][INFO] - reg loss: 4.0495529721994865, entropy loss: 0.023773628180144262, leaf dev: 0.11059071868658066
[2026-06-26 14:20:36,098][root][INFO] - Val leaf stats: tensor([5.4010e-04, 2.1604e-03, 5.4010e-04, 0.0000e+00, 1.3503e-03, 1.6203e-03,
        2.1766e-01, 1.8309e-01, 2.1604e-03, 8.1015e-04, 3.1056e-01, 2.7005e-04,
        1.5933e-02, 2.6141e-01, 0.0000e+00, 1.8904e-03])
[2026-06-26 14:20:52,866][root][INFO] - Epoch: 41 | train acc: 0.7621, train loss: 33.32961079, valid acc: 0.6781, valid loss: 1.04386726, test acc: 0.6711, test loss: 0.99449843
[2026-06-26 14:20:58,225][root][INFO] - reg loss: 4.082026028242267, entropy loss: 0.020713139661267154, leaf dev: 0.10364117473363876
[2026-06-26 14:20:58,227][root][INFO] - Val leaf stats: tensor([2.7005e-04, 1.3503e-03, 0.0000e+00, 1.0802e-03, 7.2914e-03, 3.7807e-03,
        1.2503e-01, 3.1245e-01, 4.8609e-03, 2.7005e-04, 7.1023e-02, 2.8463e-01,
        3.2406e-03, 1.5258e-01, 3.0246e-02, 1.8904e-03])
[2026-06-26 14:21:03,206][root][INFO] - Epoch: 41 | train acc: 0.7749, train loss: 8.86031199, valid acc: 0.6913, valid loss: 0.95994995, test acc: 0.6848, test loss: 1.00615533
[2026-06-26 14:21:03,758][root][INFO] - Epoch: 41 | train acc: 0.9048, train loss: 16.63961814, valid acc: 0.7883, valid loss: 0.85172857, test acc: 0.7688, test loss: 0.83954957
[2026-06-26 14:21:07,863][root][INFO] - Epoch: 41 | train acc: 0.8933, train loss: 0.31662122, valid acc: 0.7796, valid loss: 0.77119591, test acc: 0.7634, test loss: 0.82921983
[2026-06-26 14:21:09,642][root][INFO] - reg loss: 4.114917669139925, entropy loss: 0.03213063303808697, leaf dev: 0.09052357077598572
[2026-06-26 14:21:09,644][root][INFO] - Val leaf stats: tensor([0.0005, 0.0011, 0.2449, 0.0230, 0.2274, 0.0008, 0.2355, 0.0216, 0.0127,
        0.0003, 0.0724, 0.0651, 0.0872, 0.0038, 0.0000, 0.0038])
[2026-06-26 14:21:09,916][root][INFO] - reg loss: 4.085466541227747, entropy loss: 0.03101999966091797, leaf dev: 0.09261670708656311
[2026-06-26 14:21:09,918][root][INFO] - Val leaf stats: tensor([0.0005, 0.0008, 0.1256, 0.0000, 0.0005, 0.0057, 0.2196, 0.1904, 0.0000,
        0.0005, 0.1718, 0.0000, 0.0394, 0.2447, 0.0000, 0.0005])
[2026-06-26 14:21:10,363][root][INFO] - Epoch: 41 | train acc: 0.8828, train loss: 0.34120036, valid acc: 0.7629, valid loss: 0.84341017, test acc: 0.7391, test loss: 0.96922687
[2026-06-26 14:21:14,315][root][INFO] - reg loss: 4.089533758945152, entropy loss: 0.03126783916329751, leaf dev: 0.10801048576831818
[2026-06-26 14:21:14,316][root][INFO] - Val leaf stats: tensor([0.0022, 0.0343, 0.0035, 0.0672, 0.0043, 0.0000, 0.3573, 0.0011, 0.0000,
        0.0000, 0.0011, 0.0014, 0.0969, 0.2495, 0.1801, 0.0011])
[2026-06-26 14:21:16,748][root][INFO] - reg loss: 4.064672173046675, entropy loss: 0.04454893093617236, leaf dev: 0.1432029902935028
[2026-06-26 14:21:16,750][root][INFO] - Val leaf stats: tensor([0.0005, 0.0046, 0.0008, 0.0011, 0.0019, 0.0011, 0.0000, 0.0000, 0.0000,
        0.0192, 0.0057, 0.4745, 0.3665, 0.0008, 0.0980, 0.0254])
[2026-06-26 14:21:16,808][root][INFO] - Epoch: 42 | train acc: 0.9167, train loss: 32.65022040, valid acc: 0.7880, valid loss: 0.83434964, test acc: 0.7685, test loss: 0.88084114
[2026-06-26 14:21:23,038][root][INFO] - reg loss: 4.049152507156622, entropy loss: 0.023883622139692307, leaf dev: 0.11050931364297867
[2026-06-26 14:21:23,040][root][INFO] - Val leaf stats: tensor([0.0008, 0.0024, 0.0005, 0.0000, 0.0014, 0.0016, 0.2182, 0.1839, 0.0016,
        0.0008, 0.3095, 0.0000, 0.0162, 0.2611, 0.0000, 0.0019])
[2026-06-26 14:21:40,502][root][INFO] - Epoch: 42 | train acc: 0.7606, train loss: 33.36079138, valid acc: 0.6840, valid loss: 1.04383085, test acc: 0.6816, test loss: 0.99454404
[2026-06-26 14:21:45,929][root][INFO] - reg loss: 4.086405269435195, entropy loss: 0.020900343376837792, leaf dev: 0.10111792385578156
[2026-06-26 14:21:45,930][root][INFO] - Val leaf stats: tensor([2.7005e-04, 1.6203e-03, 0.0000e+00, 8.1015e-04, 8.6416e-03, 4.3208e-03,
        1.3881e-01, 3.0057e-01, 6.4812e-03, 2.7005e-04, 8.3446e-02, 2.8004e-01,
        3.5107e-03, 1.4124e-01, 2.7815e-02, 2.1604e-03])
[2026-06-26 14:21:50,612][root][INFO] - Epoch: 42 | train acc: 0.7820, train loss: 8.84485115, valid acc: 0.7043, valid loss: 0.93113205, test acc: 0.6956, test loss: 0.98892792
[2026-06-26 14:21:51,461][root][INFO] - Epoch: 42 | train acc: 0.9097, train loss: 16.60829500, valid acc: 0.7799, valid loss: 0.90751088, test acc: 0.7619, test loss: 0.87083050
[2026-06-26 14:21:55,198][root][INFO] - Epoch: 42 | train acc: 0.8973, train loss: 0.30030841, valid acc: 0.7802, valid loss: 0.79028809, test acc: 0.7653, test loss: 0.82670660
[2026-06-26 14:21:56,673][root][INFO] - Epoch: 42 | train acc: 0.8875, train loss: 0.33338330, valid acc: 0.7683, valid loss: 0.86369294, test acc: 0.7410, test loss: 0.99156493
[2026-06-26 14:21:57,056][root][INFO] - reg loss: 4.118750376779525, entropy loss: 0.032460058169042474, leaf dev: 0.0892130583524704
[2026-06-26 14:21:57,058][root][INFO] - Val leaf stats: tensor([0.0008, 0.0008, 0.2331, 0.0273, 0.2298, 0.0011, 0.2349, 0.0270, 0.0084,
        0.0000, 0.0751, 0.0675, 0.0883, 0.0022, 0.0000, 0.0038])
[2026-06-26 14:21:57,657][root][INFO] - reg loss: 4.083085075753634, entropy loss: 0.030514282983590345, leaf dev: 0.09496651589870453
[2026-06-26 14:21:57,658][root][INFO] - Val leaf stats: tensor([0.0008, 0.0005, 0.1064, 0.0000, 0.0000, 0.0043, 0.2142, 0.2182, 0.0000,
        0.0005, 0.1539, 0.0000, 0.0405, 0.2601, 0.0000, 0.0005])
[2026-06-26 14:22:01,027][root][INFO] - reg loss: 4.087710638515285, entropy loss: 0.03107336078022347, leaf dev: 0.11004379391670227
[2026-06-26 14:22:01,029][root][INFO] - Val leaf stats: tensor([0.0054, 0.0313, 0.0041, 0.0605, 0.0046, 0.0000, 0.3621, 0.0014, 0.0000,
        0.0000, 0.0011, 0.0011, 0.0859, 0.2622, 0.1793, 0.0011])
[2026-06-26 14:22:03,253][root][INFO] - reg loss: 4.064851033883016, entropy loss: 0.04432457227443085, leaf dev: 0.14057619869709015
[2026-06-26 14:22:03,255][root][INFO] - Val leaf stats: tensor([0.0005, 0.0051, 0.0008, 0.0011, 0.0016, 0.0005, 0.0000, 0.0000, 0.0000,
        0.0176, 0.0019, 0.4507, 0.3781, 0.0014, 0.1064, 0.0343])
[2026-06-26 14:22:03,550][root][INFO] - Epoch: 43 | train acc: 0.9154, train loss: 32.65641897, valid acc: 0.7942, valid loss: 0.84639362, test acc: 0.7656, test loss: 0.89896008
[2026-06-26 14:22:10,189][root][INFO] - reg loss: 4.0499692979406134, entropy loss: 0.023957219890883712, leaf dev: 0.1104559376835823
[2026-06-26 14:22:10,191][root][INFO] - Val leaf stats: tensor([5.4010e-04, 2.4305e-03, 2.7005e-04, 0.0000e+00, 1.6203e-03, 1.3503e-03,
        2.1793e-01, 1.8390e-01, 1.6203e-03, 8.1015e-04, 3.0381e-01, 0.0000e+00,
        1.5933e-02, 2.6762e-01, 0.0000e+00, 2.1604e-03])
[2026-06-26 14:22:29,010][root][INFO] - Epoch: 43 | train acc: 0.7714, train loss: 33.30478943, valid acc: 0.6965, valid loss: 1.01510987, test acc: 0.6841, test loss: 0.98853155
[2026-06-26 14:22:34,168][root][INFO] - reg loss: 4.082941180369893, entropy loss: 0.02134718089440807, leaf dev: 0.1019875705242157
[2026-06-26 14:22:34,170][root][INFO] - Val leaf stats: tensor([2.7005e-04, 1.6203e-03, 0.0000e+00, 8.1015e-04, 7.8315e-03, 4.3208e-03,
        1.1936e-01, 3.1596e-01, 3.7807e-03, 2.7005e-04, 8.9927e-02, 2.6978e-01,
        3.7807e-03, 1.5015e-01, 3.0246e-02, 1.8904e-03])
[2026-06-26 14:22:37,878][root][INFO] - Epoch: 43 | train acc: 0.8909, train loss: 16.67470588, valid acc: 0.7788, valid loss: 0.93810210, test acc: 0.7518, test loss: 0.91422018
[2026-06-26 14:22:39,181][root][INFO] - Epoch: 43 | train acc: 0.7846, train loss: 8.84549168, valid acc: 0.7011, valid loss: 0.92235920, test acc: 0.6883, test loss: 1.00574206
[2026-06-26 14:22:41,881][root][INFO] - Epoch: 43 | train acc: 0.9003, train loss: 0.29246149, valid acc: 0.7742, valid loss: 0.78962859, test acc: 0.7550, test loss: 0.85342710
[2026-06-26 14:22:43,924][root][INFO] - reg loss: 4.084719345217845, entropy loss: 0.030209249282469514, leaf dev: 0.09942074865102768
[2026-06-26 14:22:43,926][root][INFO] - Val leaf stats: tensor([0.0005, 0.0000, 0.0629, 0.0000, 0.0003, 0.0068, 0.2079, 0.2636, 0.0000,
        0.0005, 0.1531, 0.0000, 0.0413, 0.2625, 0.0000, 0.0005])
[2026-06-26 14:22:44,750][root][INFO] - Epoch: 43 | train acc: 0.8886, train loss: 0.32480631, valid acc: 0.7723, valid loss: 0.84764063, test acc: 0.7445, test loss: 0.98633499
[2026-06-26 14:22:45,641][root][INFO] - reg loss: 4.119055443122739, entropy loss: 0.03266280535303178, leaf dev: 0.08944094926118851
[2026-06-26 14:22:45,642][root][INFO] - Val leaf stats: tensor([0.0008, 0.0008, 0.2468, 0.0232, 0.2228, 0.0011, 0.2320, 0.0278, 0.0246,
        0.0003, 0.0678, 0.0540, 0.0932, 0.0022, 0.0000, 0.0027])
[2026-06-26 14:22:48,038][root][INFO] - reg loss: 4.088860808825884, entropy loss: 0.031411118408451316, leaf dev: 0.10914064943790436
[2026-06-26 14:22:48,040][root][INFO] - Val leaf stats: tensor([0.0162, 0.0346, 0.0022, 0.0483, 0.0041, 0.0000, 0.3619, 0.0016, 0.0000,
        0.0000, 0.0008, 0.0014, 0.0940, 0.2571, 0.1774, 0.0005])
[2026-06-26 14:22:50,727][root][INFO] - Epoch: 44 | train acc: 0.9189, train loss: 32.62755553, valid acc: 0.7902, valid loss: 0.84599964, test acc: 0.7725, test loss: 0.88677383
[2026-06-26 14:22:51,228][root][INFO] - reg loss: 4.062909775092954, entropy loss: 0.04356816765226302, leaf dev: 0.1402893364429474
[2026-06-26 14:22:51,230][root][INFO] - Val leaf stats: tensor([0.0005, 0.0051, 0.0008, 0.0011, 0.0011, 0.0008, 0.0000, 0.0000, 0.0000,
        0.0178, 0.0019, 0.4464, 0.3794, 0.0016, 0.1156, 0.0278])
[2026-06-26 14:22:57,040][root][INFO] - reg loss: 4.0478325750007, entropy loss: 0.023744959750624954, leaf dev: 0.11079227924346924
[2026-06-26 14:22:57,041][root][INFO] - Val leaf stats: tensor([5.4010e-04, 1.8904e-03, 2.7005e-04, 0.0000e+00, 1.3503e-03, 1.6203e-03,
        2.1253e-01, 1.8363e-01, 1.6203e-03, 8.1015e-04, 3.1434e-01, 2.7005e-04,
        1.7013e-02, 2.6195e-01, 0.0000e+00, 2.1604e-03])
[2026-06-26 14:23:16,675][root][INFO] - Epoch: 44 | train acc: 0.7775, train loss: 33.24420310, valid acc: 0.7005, valid loss: 1.00619006, test acc: 0.6865, test loss: 0.98755967
[2026-06-26 14:23:21,675][root][INFO] - reg loss: 4.077861512293581, entropy loss: 0.02164608649298793, leaf dev: 0.10140431672334671
[2026-06-26 14:23:21,677][root][INFO] - Val leaf stats: tensor([2.7005e-04, 1.8904e-03, 0.0000e+00, 8.1015e-04, 8.3716e-03, 3.5107e-03,
        1.1801e-01, 3.1542e-01, 3.5107e-03, 2.7005e-04, 9.7489e-02, 2.6546e-01,
        3.7807e-03, 1.4961e-01, 2.9166e-02, 2.4305e-03])
[2026-06-26 14:23:24,758][root][INFO] - Epoch: 44 | train acc: 0.9028, train loss: 16.65204133, valid acc: 0.7694, valid loss: 0.95647347, test acc: 0.7499, test loss: 0.92561601
[2026-06-26 14:23:26,233][root][INFO] - Epoch: 44 | train acc: 0.7915, train loss: 8.81604786, valid acc: 0.7038, valid loss: 0.94527071, test acc: 0.6910, test loss: 1.01011395
[2026-06-26 14:23:28,127][root][INFO] - Epoch: 44 | train acc: 0.9040, train loss: 0.28335400, valid acc: 0.7780, valid loss: 0.81506529, test acc: 0.7575, test loss: 0.86405291
[2026-06-26 14:23:31,208][root][INFO] - reg loss: 4.087192855897497, entropy loss: 0.030278995877406636, leaf dev: 0.09504348039627075
[2026-06-26 14:23:31,209][root][INFO] - Val leaf stats: tensor([0.0008, 0.0005, 0.0996, 0.0000, 0.0003, 0.0035, 0.2077, 0.2298, 0.0000,
        0.0024, 0.2436, 0.0003, 0.0332, 0.1780, 0.0000, 0.0003])
[2026-06-26 14:23:31,267][root][INFO] - Epoch: 44 | train acc: 0.8895, train loss: 0.31512646, valid acc: 0.7683, valid loss: 0.86925253, test acc: 0.7457, test loss: 0.97804903
[2026-06-26 14:23:32,856][root][INFO] - reg loss: 4.1152472496032715, entropy loss: 0.03248884412841719, leaf dev: 0.08691194653511047
[2026-06-26 14:23:32,858][root][INFO] - Val leaf stats: tensor([0.0008, 0.0011, 0.2331, 0.0338, 0.2158, 0.0003, 0.2298, 0.0300, 0.0167,
        0.0003, 0.0721, 0.0562, 0.1069, 0.0003, 0.0000, 0.0030])
[2026-06-26 14:23:34,748][root][INFO] - reg loss: 4.087668645577352, entropy loss: 0.031235487123981852, leaf dev: 0.10938507318496704
[2026-06-26 14:23:34,749][root][INFO] - Val leaf stats: tensor([0.0076, 0.0348, 0.0008, 0.0589, 0.0049, 0.0000, 0.3613, 0.0014, 0.0000,
        0.0000, 0.0011, 0.0011, 0.0924, 0.2587, 0.1766, 0.0005])
[2026-06-26 14:23:37,613][root][INFO] - Epoch: 45 | train acc: 0.9228, train loss: 32.62157040, valid acc: 0.7869, valid loss: 0.86924833, test acc: 0.7717, test loss: 0.88933431
[2026-06-26 14:23:37,908][root][INFO] - reg loss: 4.0618503289144545, entropy loss: 0.04364607464827475, leaf dev: 0.14075765013694763
[2026-06-26 14:23:37,909][root][INFO] - Val leaf stats: tensor([0.0005, 0.0049, 0.0008, 0.0011, 0.0014, 0.0008, 0.0000, 0.0000, 0.0000,
        0.0167, 0.0019, 0.4486, 0.3792, 0.0019, 0.1175, 0.0248])
[2026-06-26 14:23:43,868][root][INFO] - reg loss: 4.048217335685354, entropy loss: 0.023745716289907206, leaf dev: 0.11051934957504272
[2026-06-26 14:23:43,870][root][INFO] - Val leaf stats: tensor([5.4010e-04, 2.4305e-03, 2.7005e-04, 0.0000e+00, 1.3503e-03, 1.6203e-03,
        2.1496e-01, 1.8282e-01, 1.6203e-03, 8.1015e-04, 3.0732e-01, 0.0000e+00,
        1.7013e-02, 2.6708e-01, 0.0000e+00, 2.1604e-03])
[2026-06-26 14:24:03,193][root][INFO] - Epoch: 45 | train acc: 0.7817, train loss: 33.23469093, valid acc: 0.7016, valid loss: 0.99447165, test acc: 0.6824, test loss: 0.97540324
[2026-06-26 14:24:08,432][root][INFO] - reg loss: 4.077777690574771, entropy loss: 0.0216165836595121, leaf dev: 0.10032963752746582
[2026-06-26 14:24:08,433][root][INFO] - Val leaf stats: tensor([2.7005e-04, 1.8904e-03, 0.0000e+00, 5.4010e-04, 8.6416e-03, 3.7807e-03,
        1.2071e-01, 3.1893e-01, 2.9706e-03, 5.4010e-04, 1.0208e-01, 2.4791e-01,
        3.7807e-03, 1.5609e-01, 2.8895e-02, 2.9706e-03])
[2026-06-26 14:24:12,480][root][INFO] - Epoch: 45 | train acc: 0.9068, train loss: 16.61870444, valid acc: 0.7885, valid loss: 0.89124465, test acc: 0.7646, test loss: 0.87715994
[2026-06-26 14:24:14,046][root][INFO] - Epoch: 45 | train acc: 0.7925, train loss: 8.82244452, valid acc: 0.7105, valid loss: 0.93519279, test acc: 0.7010, test loss: 0.97025838
[2026-06-26 14:24:15,457][root][INFO] - Epoch: 45 | train acc: 0.9077, train loss: 0.27228301, valid acc: 0.7794, valid loss: 0.81158970, test acc: 0.7604, test loss: 0.87284269
[2026-06-26 14:24:18,313][root][INFO] - reg loss: 4.083114764729484, entropy loss: 0.03031236727218159, leaf dev: 0.09301506727933884
[2026-06-26 14:24:18,314][root][INFO] - Val leaf stats: tensor([0.0000, 0.0000, 0.1113, 0.0003, 0.0003, 0.0030, 0.2087, 0.2185, 0.0000,
        0.0022, 0.2028, 0.0000, 0.0383, 0.2144, 0.0000, 0.0003])
[2026-06-26 14:24:19,016][root][INFO] - Epoch: 45 | train acc: 0.8989, train loss: 0.29468038, valid acc: 0.7726, valid loss: 0.84314740, test acc: 0.7403, test loss: 0.97919345
[2026-06-26 14:24:20,582][root][INFO] - reg loss: 4.11987720552038, entropy loss: 0.03312017857173427, leaf dev: 0.08593149483203888
[2026-06-26 14:24:20,583][root][INFO] - Val leaf stats: tensor([0.0008, 0.0005, 0.2285, 0.0340, 0.2096, 0.0003, 0.2336, 0.0321, 0.0173,
        0.0003, 0.0748, 0.0573, 0.1059, 0.0014, 0.0000, 0.0038])
[2026-06-26 14:24:22,086][root][INFO] - reg loss: 4.088632192768034, entropy loss: 0.031039487143031886, leaf dev: 0.11030662059783936
[2026-06-26 14:24:22,088][root][INFO] - Val leaf stats: tensor([0.0054, 0.0308, 0.0022, 0.0616, 0.0035, 0.0000, 0.3635, 0.0014, 0.0000,
        0.0000, 0.0008, 0.0014, 0.0864, 0.2579, 0.1847, 0.0005])
[2026-06-26 14:24:25,323][root][INFO] - reg loss: 4.062448439050893, entropy loss: 0.04292542878233018, leaf dev: 0.13974282145500183
[2026-06-26 14:24:25,325][root][INFO] - Val leaf stats: tensor([0.0005, 0.0057, 0.0008, 0.0008, 0.0016, 0.0008, 0.0000, 0.0000, 0.0000,
        0.0208, 0.0024, 0.4456, 0.3756, 0.0022, 0.1218, 0.0213])
[2026-06-26 14:24:25,679][root][INFO] - Epoch: 46 | train acc: 0.9268, train loss: 32.62071072, valid acc: 0.7837, valid loss: 0.89184058, test acc: 0.7703, test loss: 0.91423155
[2026-06-26 14:24:32,114][root][INFO] - reg loss: 4.0494502020663905, entropy loss: 0.023615936794486203, leaf dev: 0.11044511198997498
[2026-06-26 14:24:32,116][root][INFO] - Val leaf stats: tensor([0.0014, 0.0022, 0.0005, 0.0000, 0.0014, 0.0016, 0.2185, 0.1817, 0.0014,
        0.0008, 0.3006, 0.0000, 0.0159, 0.2722, 0.0000, 0.0019])
[2026-06-26 14:24:50,514][root][INFO] - Epoch: 46 | train acc: 0.7791, train loss: 33.25036677, valid acc: 0.6778, valid loss: 1.08809280, test acc: 0.6730, test loss: 1.09491222
[2026-06-26 14:24:55,816][root][INFO] - reg loss: 4.078599812554532, entropy loss: 0.021754688659652334, leaf dev: 0.10451057553291321
[2026-06-26 14:24:55,817][root][INFO] - Val leaf stats: tensor([2.7005e-04, 2.4305e-03, 0.0000e+00, 2.7005e-04, 1.6743e-02, 7.5614e-03,
        1.5744e-01, 3.5404e-01, 2.1604e-03, 2.7005e-04, 6.2652e-02, 2.2198e-01,
        3.7807e-03, 1.4907e-01, 2.0524e-02, 8.1015e-04])
[2026-06-26 14:24:58,527][root][INFO] - Epoch: 46 | train acc: 0.9232, train loss: 16.55179196, valid acc: 0.7850, valid loss: 0.89777545, test acc: 0.7754, test loss: 0.86572898
[2026-06-26 14:25:01,997][root][INFO] - Epoch: 46 | train acc: 0.7951, train loss: 8.80495497, valid acc: 0.6843, valid loss: 1.01732292, test acc: 0.6632, test loss: 1.09178641
[2026-06-26 14:25:02,695][root][INFO] - Epoch: 46 | train acc: 0.9130, train loss: 0.26390068, valid acc: 0.7848, valid loss: 0.80907518, test acc: 0.7541, test loss: 0.85616711
[2026-06-26 14:25:04,909][root][INFO] - reg loss: 4.077961859155874, entropy loss: 0.029800129229905176, leaf dev: 0.09298615902662277
[2026-06-26 14:25:04,911][root][INFO] - Val leaf stats: tensor([0.0000, 0.0000, 0.1156, 0.0005, 0.0003, 0.0027, 0.2069, 0.2169, 0.0000,
        0.0011, 0.1888, 0.0000, 0.0394, 0.2277, 0.0000, 0.0003])
[2026-06-26 14:25:06,469][root][INFO] - Epoch: 46 | train acc: 0.8949, train loss: 0.30608899, valid acc: 0.7745, valid loss: 0.85609123, test acc: 0.7401, test loss: 0.98079288
[2026-06-26 14:25:08,342][root][INFO] - reg loss: 4.113827892991363, entropy loss: 0.03187019832920833, leaf dev: 0.07764044404029846
[2026-06-26 14:25:08,343][root][INFO] - Val leaf stats: tensor([0.0005, 0.0005, 0.2004, 0.0302, 0.1023, 0.0003, 0.2060, 0.0259, 0.0167,
        0.0003, 0.1388, 0.0959, 0.1715, 0.0003, 0.0000, 0.0103])
[2026-06-26 14:25:09,054][root][INFO] - reg loss: 4.085740308292577, entropy loss: 0.030707059214349654, leaf dev: 0.10881872475147247
[2026-06-26 14:25:09,055][root][INFO] - Val leaf stats: tensor([6.2112e-03, 3.0516e-02, 3.2406e-03, 6.3462e-02, 3.5107e-03, 0.0000e+00,
        3.5917e-01, 1.8904e-03, 0.0000e+00, 0.0000e+00, 8.1015e-04, 1.0802e-03,
        9.5058e-02, 2.5304e-01, 1.8174e-01, 2.7005e-04])
[2026-06-26 14:25:12,587][root][INFO] - Epoch: 47 | train acc: 0.9247, train loss: 32.62831722, valid acc: 0.7783, valid loss: 0.89419865, test acc: 0.7658, test loss: 0.92463231
[2026-06-26 14:25:13,034][root][INFO] - reg loss: 4.060908043970827, entropy loss: 0.04284610837453701, leaf dev: 0.13947805762290955
[2026-06-26 14:25:13,035][root][INFO] - Val leaf stats: tensor([0.0005, 0.0051, 0.0008, 0.0008, 0.0014, 0.0008, 0.0000, 0.0000, 0.0000,
        0.0154, 0.0014, 0.4345, 0.3843, 0.0024, 0.1307, 0.0219])
[2026-06-26 14:25:19,058][root][INFO] - reg loss: 4.049663324825099, entropy loss: 0.022523630731052062, leaf dev: 0.11058443784713745
[2026-06-26 14:25:19,060][root][INFO] - Val leaf stats: tensor([0.0008, 0.0022, 0.0005, 0.0000, 0.0014, 0.0016, 0.2204, 0.1823, 0.0035,
        0.0005, 0.3200, 0.0008, 0.0159, 0.2479, 0.0000, 0.0022])
[2026-06-26 14:25:38,217][root][INFO] - Epoch: 47 | train acc: 0.7484, train loss: 33.47211144, valid acc: 0.6846, valid loss: 1.04566903, test acc: 0.6642, test loss: 1.06863645
[2026-06-26 14:25:43,687][root][INFO] - reg loss: 4.0916608591548735, entropy loss: 0.020902190464319754, leaf dev: 0.10326741635799408
[2026-06-26 14:25:43,688][root][INFO] - Val leaf stats: tensor([2.7005e-04, 2.4305e-03, 0.0000e+00, 0.0000e+00, 1.1072e-02, 1.9984e-02,
        1.7472e-01, 3.5134e-01, 1.6203e-03, 2.7005e-04, 6.3462e-02, 2.0497e-01,
        4.0508e-03, 1.4691e-01, 1.8093e-02, 8.1015e-04])
[2026-06-26 14:25:46,385][root][INFO] - Epoch: 47 | train acc: 0.9251, train loss: 16.53510425, valid acc: 0.7877, valid loss: 0.89433949, test acc: 0.7710, test loss: 0.87186668
[2026-06-26 14:25:48,716][root][INFO] - Epoch: 47 | train acc: 0.7366, train loss: 9.01404511, valid acc: 0.6762, valid loss: 1.03124883, test acc: 0.6554, test loss: 1.08083854
[2026-06-26 14:25:50,085][root][INFO] - Epoch: 47 | train acc: 0.9132, train loss: 0.25615006, valid acc: 0.7840, valid loss: 0.82020734, test acc: 0.7597, test loss: 0.86770263
[2026-06-26 14:25:52,470][root][INFO] - reg loss: 4.076690744181148, entropy loss: 0.029662436240764915, leaf dev: 0.09225916117429733
[2026-06-26 14:25:52,472][root][INFO] - Val leaf stats: tensor([0.0000, 0.0000, 0.1256, 0.0008, 0.0003, 0.0030, 0.2077, 0.2055, 0.0000,
        0.0014, 0.1823, 0.0000, 0.0402, 0.2328, 0.0000, 0.0005])
[2026-06-26 14:25:53,854][root][INFO] - Epoch: 47 | train acc: 0.9002, train loss: 0.29687359, valid acc: 0.7737, valid loss: 0.90973971, test acc: 0.7366, test loss: 1.03783010
[2026-06-26 14:25:55,130][root][INFO] - reg loss: 4.134127210398189, entropy loss: 0.031947941259771094, leaf dev: 0.0737665593624115
[2026-06-26 14:25:55,132][root][INFO] - Val leaf stats: tensor([0.0011, 0.0005, 0.1472, 0.0740, 0.1045, 0.0003, 0.2150, 0.0284, 0.0149,
        0.0003, 0.1204, 0.1037, 0.1831, 0.0000, 0.0000, 0.0068])
[2026-06-26 14:25:56,507][root][INFO] - reg loss: 4.083648376777524, entropy loss: 0.030447629478866936, leaf dev: 0.10927295684814453
[2026-06-26 14:25:56,514][root][INFO] - Val leaf stats: tensor([4.3208e-03, 3.1596e-02, 2.4305e-03, 6.4002e-02, 3.7807e-03, 2.7005e-04,
        3.5971e-01, 1.8904e-03, 0.0000e+00, 2.7005e-04, 2.7005e-04, 8.1015e-04,
        9.1277e-02, 2.5304e-01, 1.8634e-01, 0.0000e+00])
[2026-06-26 14:25:59,309][root][INFO] - Epoch: 48 | train acc: 0.9245, train loss: 32.63887105, valid acc: 0.7823, valid loss: 0.92911904, test acc: 0.7649, test loss: 0.96470802
[2026-06-26 14:26:00,171][root][INFO] - reg loss: 4.066984356426802, entropy loss: 0.04308142574107061, leaf dev: 0.1397312432527542
[2026-06-26 14:26:00,172][root][INFO] - Val leaf stats: tensor([0.0005, 0.0051, 0.0008, 0.0008, 0.0016, 0.0008, 0.0000, 0.0000, 0.0000,
        0.0176, 0.0019, 0.4569, 0.3621, 0.0016, 0.1188, 0.0313])
[2026-06-26 14:26:05,505][root][INFO] - reg loss: 4.050308555853172, entropy loss: 0.022636848394988012, leaf dev: 0.10911855101585388
[2026-06-26 14:26:05,506][root][INFO] - Val leaf stats: tensor([0.0019, 0.0027, 0.0011, 0.0000, 0.0014, 0.0014, 0.2239, 0.1890, 0.0032,
        0.0005, 0.2976, 0.0005, 0.0167, 0.2576, 0.0000, 0.0024])
[2026-06-26 14:26:26,355][root][INFO] - Epoch: 48 | train acc: 0.7653, train loss: 33.37060115, valid acc: 0.6781, valid loss: 1.07381586, test acc: 0.6642, test loss: 1.05597790
[2026-06-26 14:26:31,751][root][INFO] - reg loss: 4.086111170346619, entropy loss: 0.020309681469788315, leaf dev: 0.11110231280326843
[2026-06-26 14:26:31,753][root][INFO] - Val leaf stats: tensor([0.0005, 0.0022, 0.0000, 0.0000, 0.0127, 0.0116, 0.1015, 0.4051, 0.0016,
        0.0005, 0.0751, 0.2031, 0.0046, 0.1601, 0.0203, 0.0011])
[2026-06-26 14:26:33,337][root][INFO] - Epoch: 48 | train acc: 0.9306, train loss: 16.50979918, valid acc: 0.7910, valid loss: 0.89446225, test acc: 0.7730, test loss: 0.88268010
[2026-06-26 14:26:35,195][root][INFO] - Epoch: 48 | train acc: 0.7682, train loss: 8.89038291, valid acc: 0.7100, valid loss: 0.98861257, test acc: 0.6789, test loss: 1.04902307
[2026-06-26 14:26:37,618][root][INFO] - Epoch: 48 | train acc: 0.9135, train loss: 0.25323575, valid acc: 0.7837, valid loss: 0.83713216, test acc: 0.7607, test loss: 0.91016266
[2026-06-26 14:26:39,165][root][INFO] - reg loss: 4.0745075178928065, entropy loss: 0.029451757883195016, leaf dev: 0.09261360764503479
[2026-06-26 14:26:39,166][root][INFO] - Val leaf stats: tensor([0.0000, 0.0000, 0.1242, 0.0005, 0.0003, 0.0024, 0.2063, 0.2090, 0.0000,
        0.0008, 0.1761, 0.0000, 0.0416, 0.2382, 0.0000, 0.0005])
[2026-06-26 14:26:40,349][root][INFO] - reg loss: 4.118995932281995, entropy loss: 0.029781398134397678, leaf dev: 0.08702056854963303
[2026-06-26 14:26:40,350][root][INFO] - Val leaf stats: tensor([0.0005, 0.0005, 0.1874, 0.0491, 0.2579, 0.0049, 0.2325, 0.0332, 0.0227,
        0.0003, 0.0356, 0.0805, 0.0926, 0.0000, 0.0000, 0.0022])
[2026-06-26 14:26:40,518][root][INFO] - Epoch: 48 | train acc: 0.8986, train loss: 0.29888867, valid acc: 0.7753, valid loss: 0.87017074, test acc: 0.7459, test loss: 1.00192849
[2026-06-26 14:26:43,445][root][INFO] - reg loss: 4.086271809749916, entropy loss: 0.03056098966569197, leaf dev: 0.10954691469669342
[2026-06-26 14:26:43,447][root][INFO] - Val leaf stats: tensor([3.7807e-03, 3.0246e-02, 2.4305e-03, 6.6973e-02, 3.5107e-03, 0.0000e+00,
        3.5728e-01, 1.3503e-03, 0.0000e+00, 2.7005e-04, 2.7005e-04, 8.1015e-04,
        8.4796e-02, 2.5547e-01, 1.9228e-01, 5.4010e-04])
[2026-06-26 14:26:45,310][root][INFO] - Epoch: 49 | train acc: 0.9212, train loss: 32.61126734, valid acc: 0.7845, valid loss: 0.91064595, test acc: 0.7695, test loss: 0.95641594
[2026-06-26 14:26:46,332][root][INFO] - reg loss: 4.063923999911449, entropy loss: 0.04216475717601229, leaf dev: 0.14222779870033264
[2026-06-26 14:26:46,333][root][INFO] - Val leaf stats: tensor([5.4010e-04, 4.8609e-03, 8.1015e-04, 8.1015e-04, 2.4305e-03, 2.7005e-04,
        0.0000e+00, 0.0000e+00, 0.0000e+00, 1.7013e-02, 1.3503e-03, 4.6233e-01,
        3.7024e-01, 2.4305e-03, 1.2044e-01, 1.6473e-02])
[2026-06-26 14:26:50,305][root][INFO] - reg loss: 4.046617664274622, entropy loss: 0.0224788525126508, leaf dev: 0.11049844324588776
[2026-06-26 14:26:50,306][root][INFO] - Val leaf stats: tensor([2.7005e-03, 1.6203e-03, 8.1015e-04, 0.0000e+00, 1.6203e-03, 1.3503e-03,
        2.3738e-01, 1.6068e-01, 3.7807e-03, 2.7005e-04, 3.0678e-01, 2.7005e-04,
        1.7013e-02, 2.6276e-01, 0.0000e+00, 2.9706e-03])
[2026-06-26 14:26:55,199][root][INFO] - Val leaf stats: tensor([2.7005e-03, 1.6203e-03, 8.1015e-04, 0.0000e+00, 1.6203e-03, 1.3503e-03,
        2.3738e-01, 1.6068e-01, 3.7807e-03, 2.7005e-04, 3.0678e-01, 2.7005e-04,
        1.7013e-02, 2.6276e-01, 0.0000e+00, 2.9706e-03])
[2026-06-26 14:26:59,700][root][INFO] - Test leaf std: 0.11130638420581818, Val leaf std: 0.11049844324588776
[2026-06-26 14:27:05,252][root][INFO] - FINAL TEST | acc: 0.7695, loss: 0.9564, 
[2026-06-26 14:27:05,481][root][INFO] - MLFlow run ID: 781d1a86ab1748359d6dc737a37e6683, status: FINISHED
[2026-06-26 14:27:10,290][root][INFO] - Epoch: 49 | train acc: 0.7698, train loss: 33.30407565, valid acc: 0.6832, valid loss: 1.07436115, test acc: 0.6760, test loss: 0.99905935
[2026-06-26 14:27:15,601][root][INFO] - reg loss: 4.079603781465624, entropy loss: 0.02042493869962751, leaf dev: 0.10772544890642166
[2026-06-26 14:27:15,602][root][INFO] - Val leaf stats: tensor([2.7005e-04, 2.1604e-03, 0.0000e+00, 5.4010e-04, 7.0213e-03, 1.2152e-02,
        1.0802e-01, 3.8266e-01, 1.6203e-03, 5.4010e-04, 8.7227e-02, 2.1388e-01,
        5.6711e-03, 1.5636e-01, 2.0794e-02, 1.0802e-03])
[2026-06-26 14:27:16,923][root][INFO] - Epoch: 49 | train acc: 0.9321, train loss: 16.50938466, valid acc: 0.7950, valid loss: 0.90770558, test acc: 0.7730, test loss: 0.87486325
[2026-06-26 14:27:17,828][root][INFO] - Epoch: 49 | train acc: 0.7828, train loss: 8.82734422, valid acc: 0.7043, valid loss: 0.98707157, test acc: 0.6865, test loss: 1.01283095
[2026-06-26 14:27:20,861][root][INFO] - Val leaf stats: tensor([2.7005e-04, 2.1604e-03, 0.0000e+00, 5.4010e-04, 7.0213e-03, 1.2152e-02,
        1.0802e-01, 3.8266e-01, 1.6203e-03, 5.4010e-04, 8.7227e-02, 2.1388e-01,
        5.6711e-03, 1.5636e-01, 2.0794e-02, 1.0802e-03])
[2026-06-26 14:27:21,090][root][INFO] - Epoch: 49 | train acc: 0.9127, train loss: 0.25829384, valid acc: 0.7834, valid loss: 0.83156207, test acc: 0.7624, test loss: 0.87446425
[2026-06-26 14:27:22,363][root][INFO] - reg loss: 4.075307369232178, entropy loss: 0.029513673978995104, leaf dev: 0.09301010519266129
[2026-06-26 14:27:22,364][root][INFO] - Val leaf stats: tensor([0.0000, 0.0000, 0.1156, 0.0005, 0.0003, 0.0030, 0.2117, 0.2120, 0.0000,
        0.0005, 0.1850, 0.0000, 0.0400, 0.2309, 0.0000, 0.0005])
[2026-06-26 14:27:23,096][root][INFO] - reg loss: 4.10754352319436, entropy loss: 0.028744881758924392, leaf dev: 0.08765550702810287
[2026-06-26 14:27:23,097][root][INFO] - Val leaf stats: tensor([0.0005, 0.0005, 0.1925, 0.0454, 0.2617, 0.0049, 0.2312, 0.0338, 0.0308,
        0.0005, 0.0346, 0.0705, 0.0918, 0.0000, 0.0000, 0.0014])
[2026-06-26 14:27:24,939][root][INFO] - Epoch: 49 | train acc: 0.8483, train loss: 0.47619351, valid acc: 0.7408, valid loss: 0.96994220, test acc: 0.7192, test loss: 1.07515519
[2026-06-26 14:27:26,232][root][INFO] - Test leaf std: 0.10661909729242325, Val leaf std: 0.10772544890642166
[2026-06-26 14:27:26,260][root][INFO] - reg loss: 4.085419279630067, entropy loss: 0.03070787630486684, leaf dev: 0.10861928015947342
[2026-06-26 14:27:26,261][root][INFO] - Val leaf stats: tensor([3.5107e-03, 2.8895e-02, 4.0508e-03, 6.6433e-02, 3.7807e-03, 2.7005e-04,
        3.5836e-01, 1.3503e-03, 0.0000e+00, 2.7005e-04, 2.7005e-04, 1.0802e-03,
        9.6138e-02, 2.4818e-01, 1.8688e-01, 5.4010e-04])
[2026-06-26 14:27:27,403][root][INFO] - Val leaf stats: tensor([0.0000, 0.0000, 0.1156, 0.0005, 0.0003, 0.0030, 0.2117, 0.2120, 0.0000,
        0.0005, 0.1850, 0.0000, 0.0400, 0.2309, 0.0000, 0.0005])
[2026-06-26 14:27:28,152][root][INFO] - Val leaf stats: tensor([0.0005, 0.0005, 0.1925, 0.0454, 0.2617, 0.0049, 0.2312, 0.0338, 0.0308,
        0.0005, 0.0346, 0.0705, 0.0918, 0.0000, 0.0000, 0.0014])
[2026-06-26 14:27:29,783][root][INFO] - reg loss: 4.059754934467253, entropy loss: 0.041809370222150304, leaf dev: 0.15126758813858032
[2026-06-26 14:27:29,784][root][INFO] - Val leaf stats: tensor([5.4010e-04, 5.6711e-03, 8.1015e-04, 5.4010e-04, 2.1604e-03, 2.7005e-04,
        0.0000e+00, 0.0000e+00, 0.0000e+00, 1.9174e-02, 3.5107e-03, 5.3632e-01,
        3.3135e-01, 3.2406e-03, 8.8307e-02, 8.1015e-03])
[2026-06-26 14:27:30,970][root][INFO] - Val leaf stats: tensor([3.5107e-03, 2.8895e-02, 4.0508e-03, 6.6433e-02, 3.7807e-03, 2.7005e-04,
        3.5836e-01, 1.3503e-03, 0.0000e+00, 2.7005e-04, 2.7005e-04, 1.0802e-03,
        9.6138e-02, 2.4818e-01, 1.8688e-01, 5.4010e-04])
[2026-06-26 14:27:30,999][root][INFO] - FINAL TEST | acc: 0.6760, loss: 0.9991, 
[2026-06-26 14:27:31,294][root][INFO] - MLFlow run ID: 3e714b57d9d2494a8b6858f1f19724b3, status: FINISHED
[2026-06-26 14:27:31,904][root][INFO] - Test leaf std: 0.09390265494585037, Val leaf std: 0.09301010519266129
[2026-06-26 14:27:32,027][root][INFO] - Test leaf std: 0.08643674850463867, Val leaf std: 0.08765550702810287
[2026-06-26 14:27:33,924][root][INFO] - Val leaf stats: tensor([5.4010e-04, 5.6711e-03, 8.1015e-04, 5.4010e-04, 2.1604e-03, 2.7005e-04,
        0.0000e+00, 0.0000e+00, 0.0000e+00, 1.9174e-02, 3.5107e-03, 5.3632e-01,
        3.3135e-01, 3.2406e-03, 8.8307e-02, 8.1015e-03])
[2026-06-26 14:27:35,478][root][INFO] - Test leaf std: 0.10866481810808182, Val leaf std: 0.10861928015947342
[2026-06-26 14:27:35,664][root][INFO] - FINAL TEST | acc: 0.7730, loss: 0.8749, 
[2026-06-26 14:27:35,869][root][INFO] - MLFlow run ID: 571818eb790f4121bdb2c30505189c09, status: FINISHED
[2026-06-26 14:27:36,157][root][INFO] - FINAL TEST | acc: 0.6865, loss: 1.0128, 
