[2026-06-26 13:47:05,491][root][INFO] - Feature size: (13, 61)
[2026-06-26 13:47:09,467][root][INFO] - MLFlow server is starting on LOCAL with experiment STM_SC_std_seeded...
[2026-06-26 13:47:09,769][root][INFO] - MLFlow run ID: 5a20dfddca57412dbe0df98a260c8107, status: RUNNING
[2026-06-26 13:47:09,905][root][INFO] - Starting experiment IATrain...
[2026-06-26 13:47:10,412][root][INFO] - Feature size: (13, 61)
[2026-06-26 13:47:12,124][root][INFO] - Feature size: (13, 61)
[2026-06-26 13:47:14,368][root][INFO] - MLFlow server is starting on LOCAL with experiment APL_SC_std_seeded...
[2026-06-26 13:47:14,575][root][INFO] - MLFlow run ID: d2493c32bea54a2490ede39b9e83d463, status: RUNNING
[2026-06-26 13:47:14,763][root][INFO] - Starting experiment IATrain...
[2026-06-26 13:47:15,439][root][INFO] - MLFlow server is starting on LOCAL with experiment APL_SC_std_seeded...
[2026-06-26 13:47:15,643][root][INFO] - MLFlow run ID: 58f392b9bde34ec8a5768ced558f1632, status: RUNNING
[2026-06-26 13:47:15,776][root][INFO] - Starting experiment IATrain...
[2026-06-26 13:47:15,931][root][INFO] - Feature size: (13, 61)
[2026-06-26 13:47:19,491][root][INFO] - MLFlow server is starting on LOCAL with experiment APL_SC_std_seeded...
[2026-06-26 13:47:19,597][root][INFO] - MLFlow run ID: de8998f5d5234db196dda40c9e251253, status: RUNNING
[2026-06-26 13:47:19,707][root][INFO] - Starting experiment IATrain...
[2026-06-26 13:47:23,751][root][INFO] - Feature size: (13, 61)
[2026-06-26 13:47:27,478][root][INFO] - Feature size: (13, 61)
[2026-06-26 13:47:27,776][root][INFO] - MLFlow server is starting on LOCAL with experiment STM_SC_std_seeded...
[2026-06-26 13:47:27,995][root][INFO] - MLFlow run ID: 01aff9a07d0049d89a86e3e426597d26, status: RUNNING
[2026-06-26 13:47:28,192][root][INFO] - Starting experiment IATrain...
[2026-06-26 13:47:30,091][root][INFO] - Feature size: (13, 61)
[2026-06-26 13:47:31,397][root][INFO] - MLFlow server is starting on LOCAL with experiment APL_SC_std_seeded...
[2026-06-26 13:47:31,614][root][INFO] - MLFlow run ID: f8eadf3e12f946c9b125e765305bf3d5, status: RUNNING
[2026-06-26 13:47:31,846][root][INFO] - Starting experiment IATrain...
[2026-06-26 13:47:33,447][root][INFO] - MLFlow server is starting on LOCAL with experiment STM_SC_std_seeded...
[2026-06-26 13:47:33,836][root][INFO] - MLFlow run ID: 6d682476ddd744b8b071d7ce84122651, status: RUNNING
[2026-06-26 13:47:34,036][root][INFO] - Starting experiment IATrain...
[2026-06-26 13:47:38,841][root][INFO] - Feature size: (13, 61)
[2026-06-26 13:47:42,907][root][INFO] - MLFlow server is starting on LOCAL with experiment STM_SC_std_seeded...
[2026-06-26 13:47:43,054][root][INFO] - MLFlow run ID: 7055210201364eb59a20f72437da1b22, status: RUNNING
[2026-06-26 13:47:43,204][root][INFO] - Starting experiment IATrain...
[2026-06-26 13:47:44,205][root][INFO] - Feature size: (13, 61)
[2026-06-26 13:47:44,875][root][INFO] - Epoch: 0 | train acc: 0.2047, train loss: 2.20404312, valid acc: 0.2755, valid loss: 1.95737727, test acc: 0.2649, test loss: 1.96197994
[2026-06-26 13:47:45,565][root][INFO] - Feature size: (13, 61)
[2026-06-26 13:47:45,883][root][INFO] - Feature size: (13, 61)
[2026-06-26 13:47:45,952][root][INFO] - Feature size: (13, 61)
[2026-06-26 13:47:46,057][root][INFO] - Feature size: (13, 61)
[2026-06-26 13:47:46,566][root][INFO] - Feature size: (13, 61)
[2026-06-26 13:47:46,651][root][INFO] - Feature size: (13, 61)
[2026-06-26 13:47:46,835][root][INFO] - Feature size: (13, 61)
[2026-06-26 13:47:46,845][root][INFO] - Epoch: 0 | train acc: 0.2796, train loss: 11.43659576, valid acc: 0.3913, valid loss: 1.68261580, test acc: 0.3991, test loss: 1.70850186
[2026-06-26 13:47:47,030][root][INFO] - Feature size: (13, 61)
[2026-06-26 13:47:47,498][root][INFO] - Epoch: 0 | train acc: 0.3229, train loss: 20.22279811, valid acc: 0.5134, valid loss: 1.44398813, test acc: 0.5022, test loss: 1.46195148
[2026-06-26 13:47:48,053][root][INFO] - MLFlow server is starting on LOCAL with experiment STM_SC_std_seeded...
[2026-06-26 13:47:48,251][root][INFO] - reg loss: 5.052226871740623, entropy loss: 0.1268834981029151, leaf dev: 0.12069627642631531
[2026-06-26 13:47:48,252][root][INFO] - Val leaf stats: tensor([2.7005e-04, 5.4010e-04, 8.6957e-02, 4.8609e-02, 8.1015e-04, 3.4621e-01,
        3.0786e-02, 3.7807e-03, 5.6711e-03, 2.1604e-03, 3.8239e-01, 2.9706e-02,
        5.4010e-03, 8.1015e-04, 5.5631e-02, 2.7005e-04])
[2026-06-26 13:47:48,265][root][INFO] - MLFlow run ID: 9802dd1f32b94cd290f6210669b879e8, status: RUNNING
[2026-06-26 13:47:48,370][root][INFO] - Starting experiment IATrain...
[2026-06-26 13:47:49,104][root][INFO] - MLFlow server is starting on LOCAL with experiment APL_SC_std_seeded...
[2026-06-26 13:47:49,107][root][INFO] - MLFlow server is starting on LOCAL with experiment APL_SC_std_seeded...
[2026-06-26 13:47:49,123][root][INFO] - MLFlow server is starting on LOCAL with experiment STM_SC_std_seeded...
[2026-06-26 13:47:49,131][root][INFO] - MLFlow server is starting on LOCAL with experiment APL_SC_std_seeded...
[2026-06-26 13:47:49,237][root][INFO] - MLFlow run ID: 56bdc53ffc8a4cd99806c92dd85e6073, status: RUNNING
[2026-06-26 13:47:49,241][root][INFO] - MLFlow run ID: 4f10c379daae4bfbb9c433fdc3a1d68a, status: RUNNING
[2026-06-26 13:47:49,278][root][INFO] - MLFlow run ID: ad7547f06de54b0bb923eba437c6ebf4, status: RUNNING
[2026-06-26 13:47:49,344][root][INFO] - Starting experiment IATrain...
[2026-06-26 13:47:49,365][root][INFO] - MLFlow run ID: eba2f5210ad949e8a83ae466d651011a, status: RUNNING
[2026-06-26 13:47:49,370][root][INFO] - Starting experiment IATrain...
[2026-06-26 13:47:49,375][root][INFO] - Starting experiment IATrain...
[2026-06-26 13:47:49,493][root][INFO] - reg loss: 4.66989028649252, entropy loss: 0.11887949302059705, leaf dev: 0.11570131778717041
[2026-06-26 13:47:49,494][root][INFO] - Val leaf stats: tensor([0.0000e+00, 1.0802e-03, 3.1326e-02, 0.0000e+00, 8.1015e-04, 1.3503e-03,
        3.6187e-02, 7.0213e-03, 1.0019e-01, 5.6711e-03, 1.2908e-01, 1.9714e-01,
        5.0500e-02, 4.3910e-01, 2.7005e-04, 2.7005e-04])
[2026-06-26 13:47:49,498][root][INFO] - Starting experiment IATrain...
[2026-06-26 13:47:49,850][root][INFO] - Epoch: 0 | train acc: 0.3625, train loss: 11.18996909, valid acc: 0.5128, valid loss: 1.36764300, test acc: 0.5147, test loss: 1.37097174
[2026-06-26 13:47:50,095][root][INFO] - MLFlow server is starting on LOCAL with experiment STM_SC_std_seeded...
[2026-06-26 13:47:50,124][root][INFO] - MLFlow server is starting on LOCAL with experiment STM_SC_std_seeded...
[2026-06-26 13:47:50,131][root][INFO] - MLFlow server is starting on LOCAL with experiment STM_SC_std_seeded...
[2026-06-26 13:47:50,148][root][INFO] - MLFlow server is starting on LOCAL with experiment STM_SC_std_seeded...
[2026-06-26 13:47:50,278][root][INFO] - MLFlow run ID: 5740bd6846694bdfb302cbc64507ac27, status: RUNNING
[2026-06-26 13:47:50,282][root][INFO] - MLFlow run ID: 38eb3b82525145baa59156363ddbc0fb, status: RUNNING
[2026-06-26 13:47:50,334][root][INFO] - MLFlow run ID: 7bbdd7d3b59e493182568863a072c1dd, status: RUNNING
[2026-06-26 13:47:50,376][root][INFO] - MLFlow run ID: f162365604c742738c0a168a332a0209, status: RUNNING
[2026-06-26 13:47:50,406][root][INFO] - Starting experiment IATrain...
[2026-06-26 13:47:50,421][root][INFO] - Starting experiment IATrain...
[2026-06-26 13:47:50,429][root][INFO] - Starting experiment IATrain...
[2026-06-26 13:47:50,461][root][INFO] - Starting experiment IATrain...
[2026-06-26 13:47:50,571][root][INFO] - reg loss: 4.574451493435219, entropy loss: 0.09899971145586889, leaf dev: 0.14854919910430908
[2026-06-26 13:47:50,572][root][INFO] - Val leaf stats: tensor([0.0000e+00, 2.6735e-02, 1.6203e-03, 1.3503e-03, 5.4010e-04, 0.0000e+00,
        0.0000e+00, 1.6473e-02, 0.0000e+00, 8.1015e-04, 2.7005e-04, 5.1310e-03,
        3.2001e-01, 9.6678e-02, 5.2984e-01, 5.4010e-04])
[2026-06-26 13:47:54,904][root][INFO] - reg loss: 4.667963676765317, entropy loss: 0.11025203129307168, leaf dev: 0.12218525260686874
[2026-06-26 13:47:54,906][root][INFO] - Val leaf stats: tensor([0.0000e+00, 3.7807e-03, 5.4010e-04, 2.7005e-04, 7.8315e-03, 4.1588e-02,
        2.7005e-04, 6.4812e-03, 0.0000e+00, 3.9914e-01, 1.4853e-02, 2.8625e-02,
        2.8517e-01, 3.7807e-03, 2.0713e-01, 5.4010e-04])
[2026-06-26 13:47:55,427][root][INFO] - Feature size: (13, 61)
[2026-06-26 13:47:58,387][root][INFO] - Epoch: 0 | train acc: 0.1979, train loss: 21.08307329, valid acc: 0.2898, valid loss: 1.90397093, test acc: 0.2818, test loss: 1.90167345
[2026-06-26 13:47:59,321][root][INFO] - MLFlow server is starting on LOCAL with experiment APL_SC_std_seeded...
[2026-06-26 13:47:59,514][root][INFO] - MLFlow run ID: a9a88618d6f74285885281c93c70f66f, status: RUNNING
[2026-06-26 13:47:59,715][root][INFO] - Starting experiment IATrain...
[2026-06-26 13:48:02,189][root][INFO] - Epoch: 0 | train acc: 0.3432, train loss: 4.37981729, valid acc: 0.5417, valid loss: 1.34200926, test acc: 0.5307, test loss: 1.36583414
[2026-06-26 13:48:04,535][root][INFO] - reg loss: 4.729544991352519, entropy loss: 0.10170779035228197, leaf dev: 0.1366313397884369
[2026-06-26 13:48:04,536][root][INFO] - Val leaf stats: tensor([5.4010e-04, 2.7005e-04, 4.3262e-01, 1.3503e-03, 5.4010e-04, 2.9706e-03,
        7.8855e-02, 2.8625e-02, 1.1882e-02, 5.4010e-04, 2.7005e-03, 2.7005e-04,
        5.6711e-03, 5.0230e-02, 3.8158e-01, 1.3503e-03])
[2026-06-26 13:48:06,006][root][INFO] - Epoch: 0 | train acc: 0.2114, train loss: 6.99899840, valid acc: 0.2827, valid loss: 1.91497664, test acc: 0.2705, test loss: 1.92689297
[2026-06-26 13:48:08,508][root][INFO] - reg loss: 4.907040197341169, entropy loss: 0.1437842619956517, leaf dev: 0.11360131204128265
[2026-06-26 13:48:08,509][root][INFO] - Val leaf stats: tensor([0.0000e+00, 1.9714e-02, 5.4010e-04, 2.1604e-03, 4.0508e-03, 2.4305e-03,
        2.7005e-04, 3.2406e-03, 7.0213e-03, 3.2622e-01, 0.0000e+00, 4.5639e-02,
        3.2352e-01, 4.9419e-02, 1.9930e-01, 1.6473e-02])
[2026-06-26 13:48:12,812][root][INFO] - reg loss: 4.821084131960009, entropy loss: 0.13744453023203085, leaf dev: 0.13907398283481598
[2026-06-26 13:48:12,814][root][INFO] - Val leaf stats: tensor([1.0802e-03, 2.9706e-03, 5.0473e-01, 7.0213e-03, 2.7005e-04, 1.6203e-03,
        5.5090e-02, 1.3503e-03, 4.3478e-02, 5.6711e-03, 1.2692e-02, 5.4010e-04,
        4.0238e-02, 1.2692e-02, 3.0138e-01, 9.1817e-03])
[2026-06-26 13:48:18,073][root][INFO] - Epoch: 0 | train acc: 0.2125, train loss: 4.54321309, valid acc: 0.3233, valid loss: 1.91996664, test acc: 0.3122, test loss: 1.90665558
[2026-06-26 13:48:23,301][root][INFO] - reg loss: 4.76838785703065, entropy loss: 0.13295954575792687, leaf dev: 0.1117461696267128
[2026-06-26 13:48:23,302][root][INFO] - Val leaf stats: tensor([7.5614e-03, 2.1064e-02, 1.8904e-02, 8.1015e-04, 1.8120e-01, 3.9265e-01,
        4.1858e-02, 2.3684e-01, 7.2914e-03, 2.7005e-04, 5.7251e-02, 2.1604e-03,
        2.7275e-02, 1.3503e-03, 3.5107e-03, 0.0000e+00])
[2026-06-26 13:48:27,347][root][INFO] - Epoch: 0 | train acc: 0.2128, train loss: 37.49291648, valid acc: 0.2873, valid loss: 1.88643226, test acc: 0.2869, test loss: 1.89436461
[2026-06-26 13:48:27,477][root][INFO] - Epoch: 1 | train acc: 0.3208, train loss: 1.82732887, valid acc: 0.3411, valid loss: 1.78879574, test acc: 0.3412, test loss: 1.73677854
[2026-06-26 13:48:29,166][root][INFO] - Epoch: 0 | train acc: 0.3483, train loss: 36.61122525, valid acc: 0.5244, valid loss: 1.39996256, test acc: 0.5025, test loss: 1.41607578
[2026-06-26 13:48:29,682][root][INFO] - Epoch: 0 | train acc: 0.3026, train loss: 4.44713976, valid acc: 0.4399, valid loss: 1.58964205, test acc: 0.4364, test loss: 1.59768659
[2026-06-26 13:48:29,921][root][INFO] - Epoch: 0 | train acc: 0.2807, train loss: 6.79699279, valid acc: 0.3759, valid loss: 1.75537388, test acc: 0.3756, test loss: 1.75377955
[2026-06-26 13:48:29,994][root][INFO] - Epoch: 0 | train acc: 0.2074, train loss: 2.19294497, valid acc: 0.2868, valid loss: 1.99496883, test acc: 0.2823, test loss: 1.94888315
[2026-06-26 13:48:30,170][root][INFO] - Epoch: 1 | train acc: 0.5152, train loss: 10.18505959, valid acc: 0.5979, valid loss: 1.20570418, test acc: 0.5741, test loss: 1.23883420
[2026-06-26 13:48:30,917][root][INFO] - Epoch: 0 | train acc: 0.2114, train loss: 4.59440506, valid acc: 0.3208, valid loss: 1.89389005, test acc: 0.3108, test loss: 1.88875893
[2026-06-26 13:48:31,125][root][INFO] - Epoch: 0 | train acc: 0.2130, train loss: 6.93533881, valid acc: 0.3327, valid loss: 1.90387861, test acc: 0.3186, test loss: 1.84852479
[2026-06-26 13:48:31,209][root][INFO] - Epoch: 0 | train acc: 0.2048, train loss: 11.37361037, valid acc: 0.2744, valid loss: 1.96939634, test acc: 0.2626, test loss: 1.94833082
[2026-06-26 13:48:31,510][root][INFO] - Epoch: 1 | train acc: 0.5892, train loss: 18.06922275, valid acc: 0.6441, valid loss: 1.09087404, test acc: 0.6232, test loss: 1.15048521
[2026-06-26 13:48:32,093][root][INFO] - Epoch: 0 | train acc: 0.1928, train loss: 20.76594418, valid acc: 0.2884, valid loss: 1.98321483, test acc: 0.2786, test loss: 1.99160129
[2026-06-26 13:48:32,839][root][INFO] - reg loss: 4.418321140476914, entropy loss: 0.08459320591121423, leaf dev: 0.14109626412391663
[2026-06-26 13:48:32,841][root][INFO] - Val leaf stats: tensor([5.4010e-04, 2.7005e-04, 5.0041e-01, 7.2914e-03, 0.0000e+00, 1.0532e-02,
        1.7310e-01, 2.7005e-04, 1.0802e-03, 1.0802e-03, 0.0000e+00, 2.4305e-03,
        1.8093e-02, 0.0000e+00, 2.8328e-01, 1.6203e-03])
[2026-06-26 13:48:32,899][root][INFO] - reg loss: 4.700809611648809, entropy loss: 0.09696028772436205, leaf dev: 0.10912327468395233
[2026-06-26 13:48:32,901][root][INFO] - Val leaf stats: tensor([2.7005e-04, 8.1015e-04, 4.1318e-02, 1.5123e-02, 4.6449e-02, 3.9265e-01,
        1.6473e-02, 2.7005e-03, 1.4313e-01, 8.3716e-03, 2.4170e-01, 3.5107e-02,
        2.1604e-03, 4.5909e-03, 4.8339e-02, 8.1015e-04])
[2026-06-26 13:48:34,437][root][INFO] - reg loss: 4.343644783145091, entropy loss: 0.08856132577677242, leaf dev: 0.16261935234069824
[2026-06-26 13:48:34,439][root][INFO] - Val leaf stats: tensor([0.0000e+00, 2.5115e-02, 8.1015e-04, 1.3503e-03, 2.7005e-04, 2.9706e-03,
        0.0000e+00, 0.0000e+00, 5.4010e-04, 3.1326e-02, 2.7005e-04, 3.2406e-03,
        5.8547e-01, 8.1015e-04, 3.3864e-01, 9.1817e-03])
[2026-06-26 13:48:35,034][root][INFO] - reg loss: 4.801725708070348, entropy loss: 0.12802666474561222, leaf dev: 0.11477881669998169
[2026-06-26 13:48:35,035][root][INFO] - Val leaf stats: tensor([7.8855e-02, 3.3216e-02, 2.3765e-01, 5.6711e-03, 1.6203e-03, 5.4010e-04,
        3.7807e-03, 2.4305e-03, 3.2406e-03, 2.7005e-04, 3.8914e-01, 7.5614e-03,
        2.4845e-02, 2.1010e-01, 8.1015e-04, 2.7005e-04])
[2026-06-26 13:48:35,112][root][INFO] - reg loss: 4.714794682674721, entropy loss: 0.11913595617306037, leaf dev: 0.13612832129001617
[2026-06-26 13:48:35,113][root][INFO] - Val leaf stats: tensor([1.8904e-03, 5.9411e-03, 7.0213e-02, 0.0000e+00, 2.7005e-04, 1.8904e-03,
        2.6735e-02, 1.2152e-02, 1.8904e-03, 2.7005e-04, 4.6827e-01, 3.3351e-01,
        2.9706e-03, 6.3462e-02, 8.9117e-03, 1.6203e-03])
[2026-06-26 13:48:35,239][root][INFO] - reg loss: 4.396202689311544, entropy loss: 0.09097871685125788, leaf dev: 0.1263146698474884
[2026-06-26 13:48:35,240][root][INFO] - Val leaf stats: tensor([0.0000e+00, 1.6203e-03, 1.0802e-02, 0.0000e+00, 1.0802e-03, 4.0508e-03,
        9.8569e-02, 2.7005e-04, 4.6989e-02, 1.8904e-03, 3.9698e-02, 2.3521e-01,
        8.3446e-02, 4.7529e-01, 2.7005e-04, 8.1015e-04])
[2026-06-26 13:48:35,344][root][INFO] - reg loss: 5.034516248546663, entropy loss: 0.13330678592939846, leaf dev: 0.08952988684177399
[2026-06-26 13:48:35,346][root][INFO] - Val leaf stats: tensor([0.0035, 0.0003, 0.0016, 0.0019, 0.0230, 0.1866, 0.0910, 0.2322, 0.0054,
        0.0003, 0.2425, 0.0189, 0.1591, 0.0030, 0.0062, 0.0246])
[2026-06-26 13:48:35,561][root][INFO] - Epoch: 1 | train acc: 0.5913, train loss: 9.85286669, valid acc: 0.6371, valid loss: 1.10067117, test acc: 0.6259, test loss: 1.10710186
[2026-06-26 13:48:36,246][root][INFO] - reg loss: 4.601421293665151, entropy loss: 0.11802956205411036, leaf dev: 0.1540488451719284
[2026-06-26 13:48:36,247][root][INFO] - Val leaf stats: tensor([5.4010e-04, 1.8904e-03, 6.0735e-01, 2.4305e-03, 0.0000e+00, 6.4812e-03,
        1.5231e-01, 1.8904e-03, 1.3503e-03, 1.8904e-03, 5.7251e-02, 1.3503e-03,
        5.4010e-04, 3.5107e-03, 1.5150e-01, 9.7218e-03])
[2026-06-26 13:48:36,306][root][INFO] - reg loss: 4.824080772087222, entropy loss: 0.13503835191492175, leaf dev: 0.11280708014965057
[2026-06-26 13:48:36,307][root][INFO] - Val leaf stats: tensor([2.7005e-04, 5.1310e-03, 4.0859e-01, 3.7807e-03, 1.6203e-03, 1.6203e-03,
        2.3629e-01, 8.1015e-04, 2.4305e-03, 3.2406e-03, 1.8904e-03, 6.8863e-02,
        7.6695e-02, 1.3368e-01, 4.3748e-02, 1.1342e-02])
[2026-06-26 13:48:36,419][root][INFO] - reg loss: 4.784862557395559, entropy loss: 0.12380826057957821, leaf dev: 0.11866731196641922
[2026-06-26 13:48:36,420][root][INFO] - Val leaf stats: tensor([1.4043e-02, 2.7005e-04, 5.4010e-02, 2.4305e-03, 2.6735e-02, 2.4818e-01,
        1.0748e-01, 4.3802e-01, 4.2668e-02, 2.9706e-03, 3.7807e-03, 1.0802e-03,
        5.5090e-02, 1.0802e-03, 2.1604e-03, 0.0000e+00])
[2026-06-26 13:48:37,124][root][INFO] - reg loss: 4.221493767910316, entropy loss: 0.07073675291460069, leaf dev: 0.15346868336200714
[2026-06-26 13:48:37,125][root][INFO] - Val leaf stats: tensor([5.4010e-04, 1.9714e-02, 1.3503e-03, 8.1015e-04, 2.7005e-04, 8.1015e-04,
        0.0000e+00, 2.2414e-02, 2.7005e-04, 5.4010e-04, 0.0000e+00, 4.8609e-03,
        4.2749e-01, 3.9698e-02, 4.8015e-01, 1.0802e-03])
[2026-06-26 13:48:37,852][root][INFO] - reg loss: 4.642807921425241, entropy loss: 0.0994411141413157, leaf dev: 0.08700934052467346
[2026-06-26 13:48:37,854][root][INFO] - Val leaf stats: tensor([0.0003, 0.0041, 0.0705, 0.0003, 0.0000, 0.0510, 0.0240, 0.2225, 0.0867,
        0.0049, 0.2055, 0.0035, 0.0743, 0.2511, 0.0003, 0.0011])
[2026-06-26 13:48:40,203][root][INFO] - Epoch: 0 | train acc: 0.3429, train loss: 6.67145508, valid acc: 0.5004, valid loss: 1.43522803, test acc: 0.4826, test loss: 1.46729905
[2026-06-26 13:48:41,323][root][INFO] - reg loss: 4.341936674274382, entropy loss: 0.07874796429618461, leaf dev: 0.12495438754558563
[2026-06-26 13:48:41,325][root][INFO] - Val leaf stats: tensor([0.0000e+00, 1.6203e-03, 5.4010e-04, 2.7005e-04, 3.5107e-03, 3.1866e-02,
        2.7005e-04, 3.2406e-03, 5.4010e-04, 3.1758e-01, 3.2406e-03, 2.3765e-02,
        3.6511e-01, 1.0802e-03, 2.4683e-01, 5.4010e-04])
[2026-06-26 13:48:45,121][root][INFO] - Epoch: 1 | train acc: 0.3382, train loss: 19.30135402, valid acc: 0.3430, valid loss: 1.78734127, test acc: 0.3331, test loss: 1.78518718
[2026-06-26 13:48:46,584][root][INFO] - reg loss: 4.782771759345883, entropy loss: 0.13193138310166655, leaf dev: 0.1395629495382309
[2026-06-26 13:48:46,586][root][INFO] - Val leaf stats: tensor([8.1015e-04, 3.6187e-02, 1.0802e-03, 2.7005e-04, 5.4010e-04, 1.3503e-03,
        0.0000e+00, 0.0000e+00, 5.4010e-04, 4.7178e-01, 0.0000e+00, 1.3773e-02,
        3.5242e-01, 6.4542e-02, 4.5909e-02, 1.0802e-02])
[2026-06-26 13:48:48,593][root][INFO] - Epoch: 1 | train acc: 0.5650, train loss: 3.50037949, valid acc: 0.5793, valid loss: 1.26675792, test acc: 0.5658, test loss: 1.28475367
[2026-06-26 13:48:51,717][root][INFO] - reg loss: 4.373995999820897, entropy loss: 0.07395362328799045, leaf dev: 0.13123326003551483
[2026-06-26 13:48:51,718][root][INFO] - Val leaf stats: tensor([8.1015e-04, 0.0000e+00, 4.6179e-01, 2.7005e-04, 5.4010e-04, 2.9706e-02,
        1.0424e-01, 3.2676e-02, 7.8315e-03, 0.0000e+00, 1.3503e-03, 0.0000e+00,
        5.4010e-04, 4.1318e-02, 3.0462e-01, 1.4313e-02])
[2026-06-26 13:48:54,243][root][INFO] - Epoch: 1 | train acc: 0.3170, train loss: 6.38573645, valid acc: 0.3214, valid loss: 1.82669563, test acc: 0.3181, test loss: 1.86262317
[2026-06-26 13:48:54,733][root][INFO] - reg loss: 4.480375235197974, entropy loss: 0.10905067256239594, leaf dev: 0.1403014063835144
[2026-06-26 13:48:54,734][root][INFO] - Val leaf stats: tensor([0.0014, 0.0111, 0.0000, 0.0159, 0.0011, 0.0011, 0.0000, 0.0016, 0.0108,
        0.0408, 0.0000, 0.0111, 0.4723, 0.0670, 0.3575, 0.0084])
[2026-06-26 13:49:00,431][root][INFO] - reg loss: 4.531149332640601, entropy loss: 0.09941919294537091, leaf dev: 0.09689366072416306
[2026-06-26 13:49:00,433][root][INFO] - Val leaf stats: tensor([4.5909e-03, 8.1015e-04, 1.7202e-01, 2.4305e-03, 2.7005e-04, 1.0802e-03,
        0.0000e+00, 0.0000e+00, 4.7259e-02, 9.1817e-03, 3.7807e-02, 2.0524e-02,
        1.9444e-01, 1.3476e-01, 3.3459e-01, 4.0238e-02])
[2026-06-26 13:49:03,800][root][INFO] - Epoch: 1 | train acc: 0.3649, train loss: 4.03143923, valid acc: 0.3873, valid loss: 1.76052563, test acc: 0.3729, test loss: 1.75300011
[2026-06-26 13:49:08,420][root][INFO] - reg loss: 4.535922019208064, entropy loss: 0.10124518184876832, leaf dev: 0.09865069389343262
[2026-06-26 13:49:08,421][root][INFO] - Val leaf stats: tensor([2.1604e-03, 3.0786e-02, 5.4010e-03, 2.7005e-04, 3.0111e-01, 2.9868e-01,
        2.0794e-02, 8.4526e-02, 5.8601e-02, 5.6711e-03, 1.1774e-01, 7.0213e-03,
        5.0230e-02, 9.9919e-03, 6.7513e-03, 2.7005e-04])
[2026-06-26 13:49:14,429][root][INFO] - Epoch: 1 | train acc: 0.3486, train loss: 35.15145730, valid acc: 0.4021, valid loss: 1.67166757, test acc: 0.3807, test loss: 1.70546417
[2026-06-26 13:49:14,835][root][INFO] - Epoch: 2 | train acc: 0.4174, train loss: 1.59375622, valid acc: 0.4634, valid loss: 1.46974611, test acc: 0.4629, test loss: 1.49368194
[2026-06-26 13:49:17,021][root][INFO] - Epoch: 1 | train acc: 0.5823, train loss: 34.38089896, valid acc: 0.6295, valid loss: 1.13021210, test acc: 0.6085, test loss: 1.17405823
[2026-06-26 13:49:17,349][root][INFO] - Epoch: 2 | train acc: 0.6357, train loss: 9.69180345, valid acc: 0.6670, valid loss: 0.98933502, test acc: 0.6426, test loss: 1.06249389
[2026-06-26 13:49:17,835][root][INFO] - Epoch: 1 | train acc: 0.5028, train loss: 3.68316360, valid acc: 0.5655, valid loss: 1.26344156, test acc: 0.5528, test loss: 1.27741291
[2026-06-26 13:49:18,145][root][INFO] - Epoch: 1 | train acc: 0.3414, train loss: 1.80323658, valid acc: 0.3700, valid loss: 1.78041995, test acc: 0.3733, test loss: 1.75875713
[2026-06-26 13:49:18,297][root][INFO] - Epoch: 1 | train acc: 0.3040, train loss: 10.32837857, valid acc: 0.3943, valid loss: 1.69355819, test acc: 0.3706, test loss: 1.73381954
[2026-06-26 13:49:18,305][root][INFO] - Epoch: 1 | train acc: 0.3946, train loss: 6.18289270, valid acc: 0.4413, valid loss: 1.60066622, test acc: 0.4485, test loss: 1.56920183
[2026-06-26 13:49:18,525][root][INFO] - Epoch: 1 | train acc: 0.3489, train loss: 4.01086339, valid acc: 0.3694, valid loss: 1.68021220, test acc: 0.3618, test loss: 1.70528337
[2026-06-26 13:49:18,549][root][INFO] - Epoch: 1 | train acc: 0.4747, train loss: 6.06196022, valid acc: 0.5401, valid loss: 1.33848622, test acc: 0.5410, test loss: 1.34948721
[2026-06-26 13:49:18,994][root][INFO] - Epoch: 2 | train acc: 0.6476, train loss: 17.67821274, valid acc: 0.5957, valid loss: 1.22069182, test acc: 0.5758, test loss: 1.22584323
[2026-06-26 13:49:19,501][root][INFO] - reg loss: 4.17290614862911, entropy loss: 0.06084385929537601, leaf dev: 0.12270139902830124
[2026-06-26 13:49:19,502][root][INFO] - Val leaf stats: tensor([0.0000, 0.0000, 0.4062, 0.0014, 0.0000, 0.1623, 0.1366, 0.0000, 0.0011,
        0.0008, 0.0000, 0.0022, 0.0086, 0.0000, 0.2798, 0.0011])
[2026-06-26 13:49:20,221][root][INFO] - Epoch: 1 | train acc: 0.3520, train loss: 19.37737396, valid acc: 0.4005, valid loss: 1.65765160, test acc: 0.3974, test loss: 1.64933632
[2026-06-26 13:49:20,307][root][INFO] - reg loss: 4.581853710237096, entropy loss: 0.08126394108670656, leaf dev: 0.09769658744335175
[2026-06-26 13:49:20,308][root][INFO] - Val leaf stats: tensor([0.0000e+00, 2.9706e-03, 5.7791e-02, 5.4010e-03, 2.4845e-02, 2.5898e-01,
        8.1015e-04, 2.7005e-04, 1.5366e-01, 1.4043e-02, 3.0921e-01, 1.1369e-01,
        1.0802e-03, 9.9919e-03, 4.6449e-02, 8.1015e-04])
[2026-06-26 13:49:22,221][root][INFO] - reg loss: 4.147713583023822, entropy loss: 0.06995962218182986, leaf dev: 0.16310270130634308
[2026-06-26 13:49:22,223][root][INFO] - Val leaf stats: tensor([0.0000e+00, 1.9444e-02, 5.4010e-04, 1.3503e-03, 2.7005e-04, 2.4305e-03,
        0.0000e+00, 0.0000e+00, 5.4010e-04, 7.0213e-03, 2.7005e-04, 3.7807e-03,
        5.0905e-01, 5.4010e-04, 4.4937e-01, 5.4010e-03])
[2026-06-26 13:49:22,493][root][INFO] - Epoch: 2 | train acc: 0.6727, train loss: 9.56639291, valid acc: 0.6740, valid loss: 1.03043295, test acc: 0.6483, test loss: 1.01395674
[2026-06-26 13:49:22,785][root][INFO] - reg loss: 4.31788761107648, entropy loss: 0.07761737069145577, leaf dev: 0.13372421264648438
[2026-06-26 13:49:22,786][root][INFO] - Val leaf stats: tensor([0.0000, 0.0119, 0.0070, 0.0000, 0.0024, 0.0032, 0.1545, 0.0000, 0.0265,
        0.0016, 0.0086, 0.1996, 0.0726, 0.5107, 0.0000, 0.0014])
[2026-06-26 13:49:23,100][root][INFO] - reg loss: 4.498756596299469, entropy loss: 0.10194249683227695, leaf dev: 0.13477985560894012
[2026-06-26 13:49:23,101][root][INFO] - Val leaf stats: tensor([8.6146e-02, 3.5107e-03, 4.6611e-01, 4.5639e-02, 1.8904e-03, 0.0000e+00,
        2.4305e-03, 4.5909e-03, 3.2406e-03, 2.7005e-04, 2.3494e-02, 0.0000e+00,
        3.4567e-02, 3.2622e-01, 8.1015e-04, 1.0802e-03])
[2026-06-26 13:49:23,471][root][INFO] - reg loss: 4.508739807566658, entropy loss: 0.08900416630213379, leaf dev: 0.13549956679344177
[2026-06-26 13:49:23,472][root][INFO] - Val leaf stats: tensor([0.0024, 0.0027, 0.0054, 0.0019, 0.0273, 0.2514, 0.1261, 0.5053, 0.0200,
        0.0014, 0.0000, 0.0059, 0.0475, 0.0000, 0.0000, 0.0027])
[2026-06-26 13:49:23,722][root][INFO] - reg loss: 4.2463743647591015, entropy loss: 0.08763784964065083, leaf dev: 0.15075363218784332
[2026-06-26 13:49:23,723][root][INFO] - Val leaf stats: tensor([8.1015e-04, 0.0000e+00, 4.2398e-01, 1.3503e-03, 2.7005e-04, 3.2676e-02,
        4.6881e-01, 2.7005e-04, 1.6203e-03, 1.3503e-03, 9.4518e-03, 5.4010e-04,
        8.1015e-04, 5.6711e-03, 5.1580e-02, 8.1015e-04])
[2026-06-26 13:49:23,755][root][INFO] - reg loss: 4.6770512627773595, entropy loss: 0.10430046610656332, leaf dev: 0.10971848666667938
[2026-06-26 13:49:23,756][root][INFO] - Val leaf stats: tensor([6.4812e-03, 2.7005e-04, 4.0508e-03, 2.7005e-04, 1.1099e-01, 4.3019e-01,
        4.5909e-03, 1.6203e-03, 3.5917e-02, 2.7005e-04, 1.6338e-01, 7.4534e-02,
        8.2906e-02, 1.3503e-03, 7.1023e-02, 1.2152e-02])
[2026-06-26 13:49:23,924][root][INFO] - reg loss: 4.4949203631916985, entropy loss: 0.09978159639190455, leaf dev: 0.12112905085086823
[2026-06-26 13:49:23,925][root][INFO] - Val leaf stats: tensor([0.0000, 0.0011, 0.2455, 0.0059, 0.0008, 0.0022, 0.4432, 0.0251, 0.0014,
        0.0011, 0.0005, 0.0953, 0.0059, 0.0092, 0.0440, 0.1188])
[2026-06-26 13:49:24,164][root][INFO] - reg loss: 4.558340002278813, entropy loss: 0.08814402034536736, leaf dev: 0.10820736736059189
[2026-06-26 13:49:24,165][root][INFO] - Val leaf stats: tensor([1.9174e-02, 7.0213e-03, 2.1280e-01, 2.7005e-04, 1.6203e-03, 9.4518e-03,
        2.1604e-02, 6.7513e-03, 2.7005e-04, 0.0000e+00, 3.5782e-01, 2.0605e-01,
        7.5614e-03, 1.4583e-01, 3.7807e-03, 0.0000e+00])
[2026-06-26 13:49:24,187][root][INFO] - reg loss: 4.160869191904537, entropy loss: 0.06473969472724883, leaf dev: 0.1755799502134323
[2026-06-26 13:49:24,188][root][INFO] - Val leaf stats: tensor([1.5933e-02, 1.6203e-03, 5.4010e-04, 8.1015e-04, 2.7005e-04, 0.0000e+00,
        0.0000e+00, 3.7807e-03, 1.6203e-03, 5.4010e-04, 0.0000e+00, 2.7005e-04,
        6.6352e-01, 2.0794e-02, 2.8977e-01, 5.4010e-04])
[2026-06-26 13:49:25,732][root][INFO] - reg loss: 4.4033156613834565, entropy loss: 0.072848556715934, leaf dev: 0.09451430290937424
[2026-06-26 13:49:25,733][root][INFO] - Val leaf stats: tensor([0.0000, 0.0000, 0.0683, 0.0027, 0.0000, 0.0130, 0.0348, 0.2595, 0.2212,
        0.0011, 0.0999, 0.0024, 0.0467, 0.2490, 0.0000, 0.0014])
[2026-06-26 13:49:28,100][root][INFO] - reg loss: 4.305562472734295, entropy loss: 0.07533347655515202, leaf dev: 0.12466690689325333
[2026-06-26 13:49:28,102][root][INFO] - Val leaf stats: tensor([2.7005e-04, 2.4305e-03, 5.4010e-04, 1.0802e-03, 1.0802e-03, 3.1056e-02,
        0.0000e+00, 4.8609e-03, 1.3503e-03, 3.8239e-01, 4.3208e-03, 4.8879e-02,
        3.3297e-01, 1.0802e-03, 1.8742e-01, 2.7005e-04])
[2026-06-26 13:49:28,502][root][INFO] - Epoch: 1 | train acc: 0.5823, train loss: 5.52432769, valid acc: 0.6289, valid loss: 1.08084051, test acc: 0.6141, test loss: 1.12686961
[2026-06-26 13:49:31,370][root][INFO] - Epoch: 2 | train acc: 0.3944, train loss: 19.23880283, valid acc: 0.4178, valid loss: 1.64209534, test acc: 0.3915, test loss: 1.67226321
[2026-06-26 13:49:33,968][root][INFO] - Epoch: 2 | train acc: 0.6313, train loss: 3.26404623, valid acc: 0.6373, valid loss: 1.07822742, test acc: 0.6264, test loss: 1.12469688
[2026-06-26 13:49:34,911][root][INFO] - reg loss: 4.348650635265913, entropy loss: 0.10107979166214584, leaf dev: 0.1521206498146057
[2026-06-26 13:49:34,914][root][INFO] - Val leaf stats: tensor([8.1015e-04, 3.7537e-02, 1.0802e-03, 2.7005e-04, 5.4010e-04, 0.0000e+00,
        0.0000e+00, 2.9706e-03, 1.4313e-02, 5.5982e-01, 2.7005e-04, 1.2692e-02,
        3.0327e-01, 4.7799e-02, 8.9117e-03, 9.7218e-03])
[2026-06-26 13:49:37,475][root][INFO] - reg loss: 4.38859974751707, entropy loss: 0.06778050116339668, leaf dev: 0.11294388025999069
[2026-06-26 13:49:37,477][root][INFO] - Val leaf stats: tensor([2.7005e-04, 5.4010e-04, 3.2649e-01, 5.4010e-04, 1.8904e-03, 4.7259e-02,
        2.3900e-01, 1.1072e-02, 7.2914e-03, 0.0000e+00, 0.0000e+00, 0.0000e+00,
        5.4010e-04, 7.6965e-02, 2.8598e-01, 2.1604e-03])
[2026-06-26 13:49:40,104][root][INFO] - reg loss: 4.392092235752793, entropy loss: 0.09979109783641628, leaf dev: 0.14348220825195312
[2026-06-26 13:49:40,105][root][INFO] - Val leaf stats: tensor([2.7005e-04, 5.9411e-03, 0.0000e+00, 1.4043e-02, 5.4010e-04, 1.6203e-03,
        2.7005e-04, 8.1015e-04, 2.1064e-02, 4.6719e-02, 0.0000e+00, 8.1015e-03,
        4.3316e-01, 2.6465e-02, 4.2398e-01, 1.7013e-02])
[2026-06-26 13:49:42,155][root][INFO] - Epoch: 2 | train acc: 0.3846, train loss: 6.13884211, valid acc: 0.4094, valid loss: 1.63284060, test acc: 0.3932, test loss: 1.69499157
[2026-06-26 13:49:48,225][root][INFO] - reg loss: 4.43516682796791, entropy loss: 0.08540693389587715, leaf dev: 0.10254830867052078
[2026-06-26 13:49:48,227][root][INFO] - Val leaf stats: tensor([7.8315e-03, 1.3503e-03, 2.9058e-01, 1.6203e-03, 8.1015e-04, 1.0802e-03,
        0.0000e+00, 2.7005e-04, 4.8879e-02, 5.1310e-03, 2.8895e-02, 6.7513e-03,
        6.3732e-02, 1.9282e-01, 2.9733e-01, 5.2930e-02])
[2026-06-26 13:49:50,144][root][INFO] - Epoch: 2 | train acc: 0.4676, train loss: 3.72862871, valid acc: 0.4693, valid loss: 1.57063783, test acc: 0.4570, test loss: 1.54471073
[2026-06-26 13:49:55,200][root][INFO] - reg loss: 4.454532803082075, entropy loss: 0.08618394578578042, leaf dev: 0.11579485982656479
[2026-06-26 13:49:55,202][root][INFO] - Val leaf stats: tensor([3.8887e-02, 3.0516e-02, 3.6187e-02, 2.7005e-04, 2.6600e-01, 4.2425e-01,
        6.9403e-02, 1.4583e-02, 1.1882e-02, 0.0000e+00, 5.0500e-02, 2.3765e-02,
        2.8895e-02, 1.3503e-03, 2.1604e-03, 1.3503e-03])
[2026-06-26 13:50:01,653][root][INFO] - Epoch: 2 | train acc: 0.4608, train loss: 34.64317885, valid acc: 0.5028, valid loss: 1.43205302, test acc: 0.4848, test loss: 1.46126936
[2026-06-26 13:50:02,517][root][INFO] - Epoch: 3 | train acc: 0.4780, train loss: 1.42641459, valid acc: 0.5066, valid loss: 1.37116060, test acc: 0.5142, test loss: 1.41022097
[2026-06-26 13:50:04,281][root][INFO] - Epoch: 2 | train acc: 0.6398, train loss: 33.97852819, valid acc: 0.6543, valid loss: 1.08771233, test acc: 0.6205, test loss: 1.13826836
[2026-06-26 13:50:04,358][root][INFO] - Epoch: 3 | train acc: 0.6904, train loss: 9.43956359, valid acc: 0.6732, valid loss: 0.94849901, test acc: 0.6637, test loss: 0.97138689
[2026-06-26 13:50:04,590][root][INFO] - Epoch: 2 | train acc: 0.6187, train loss: 3.27616736, valid acc: 0.6187, valid loss: 1.10664346, test acc: 0.6114, test loss: 1.12186307
[2026-06-26 13:50:05,417][root][INFO] - Epoch: 2 | train acc: 0.5978, train loss: 5.64738820, valid acc: 0.6362, valid loss: 1.07601763, test acc: 0.6269, test loss: 1.12647071
[2026-06-26 13:50:05,997][root][INFO] - Epoch: 2 | train acc: 0.4046, train loss: 1.63766097, valid acc: 0.3981, valid loss: 1.64682019, test acc: 0.4035, test loss: 1.63550314
[2026-06-26 13:50:06,140][root][INFO] - Epoch: 3 | train acc: 0.6492, train loss: 17.64346467, valid acc: 0.6627, valid loss: 1.04844249, test acc: 0.6328, test loss: 1.10683324
[2026-06-26 13:50:06,375][root][INFO] - Epoch: 2 | train acc: 0.4499, train loss: 3.68191306, valid acc: 0.4842, valid loss: 1.49390079, test acc: 0.4708, test loss: 1.48613763
[2026-06-26 13:50:06,424][root][INFO] - Epoch: 2 | train acc: 0.4537, train loss: 9.97469818, valid acc: 0.4761, valid loss: 1.47686538, test acc: 0.4514, test loss: 1.53560272
[2026-06-26 13:50:06,433][root][INFO] - Epoch: 2 | train acc: 0.5010, train loss: 5.79810923, valid acc: 0.5126, valid loss: 1.39539398, test acc: 0.5140, test loss: 1.40733449
[2026-06-26 13:50:07,045][root][INFO] - reg loss: 4.141794243796927, entropy loss: 0.05547917225077504, leaf dev: 0.12737397849559784
[2026-06-26 13:50:07,047][root][INFO] - Val leaf stats: tensor([2.7005e-04, 8.1015e-04, 3.7834e-01, 2.7005e-03, 0.0000e+00, 5.5361e-02,
        3.2946e-01, 5.4010e-04, 8.1015e-04, 8.1015e-04, 0.0000e+00, 2.1604e-03,
        1.6203e-03, 0.0000e+00, 2.2603e-01, 1.0802e-03])
[2026-06-26 13:50:07,463][root][INFO] - Epoch: 2 | train acc: 0.4525, train loss: 18.88121283, valid acc: 0.4796, valid loss: 1.48050462, test acc: 0.4745, test loss: 1.45758013
[2026-06-26 13:50:07,715][root][INFO] - reg loss: 4.480285026988045, entropy loss: 0.06972561715567699, leaf dev: 0.10551177710294724
[2026-06-26 13:50:07,716][root][INFO] - Val leaf stats: tensor([1.0802e-03, 2.9706e-03, 9.1817e-02, 7.8315e-03, 3.1866e-02, 1.9390e-01,
        1.6203e-03, 5.4010e-04, 6.8053e-02, 2.7005e-03, 3.9968e-01, 1.1666e-01,
        2.7005e-04, 1.5933e-02, 6.4272e-02, 8.1015e-04])
[2026-06-26 13:50:09,468][root][INFO] - reg loss: 4.116585379741231, entropy loss: 0.06490740821254058, leaf dev: 0.16269972920417786
[2026-06-26 13:50:09,469][root][INFO] - Val leaf stats: tensor([0.0000e+00, 1.9714e-02, 5.4010e-04, 1.3503e-03, 2.7005e-04, 2.9706e-03,
        0.0000e+00, 0.0000e+00, 2.7005e-04, 5.4010e-03, 0.0000e+00, 4.0508e-03,
        4.6206e-01, 0.0000e+00, 4.9554e-01, 7.8315e-03])
[2026-06-26 13:50:09,669][root][INFO] - reg loss: 4.351377799862721, entropy loss: 0.08953419877368896, leaf dev: 0.1276611089706421
[2026-06-26 13:50:09,670][root][INFO] - Val leaf stats: tensor([7.2104e-02, 2.7005e-03, 2.7923e-01, 1.1072e-02, 1.6203e-03, 1.6203e-03,
        3.7807e-03, 2.9706e-03, 2.7005e-03, 2.7005e-04, 7.6965e-02, 2.7005e-03,
        5.1850e-02, 4.6287e-01, 0.0000e+00, 2.7545e-02])
[2026-06-26 13:50:09,675][root][INFO] - reg loss: 4.266671047836054, entropy loss: 0.07305548987427696, leaf dev: 0.13727357983589172
[2026-06-26 13:50:09,677][root][INFO] - Val leaf stats: tensor([1.0802e-03, 5.1310e-03, 5.4010e-04, 2.7005e-04, 1.6203e-03, 3.5107e-03,
        1.2719e-01, 0.0000e+00, 1.8904e-02, 8.1015e-04, 2.1064e-02, 1.7796e-01,
        1.0127e-01, 5.3497e-01, 2.4305e-03, 3.2406e-03])
[2026-06-26 13:50:09,801][root][INFO] - Epoch: 3 | train acc: 0.6965, train loss: 9.52364298, valid acc: 0.6427, valid loss: 1.06932702, test acc: 0.6360, test loss: 1.06677099
[2026-06-26 13:50:10,392][root][INFO] - reg loss: 4.475570850684995, entropy loss: 0.07280991849352102, leaf dev: 0.11256961524486542
[2026-06-26 13:50:10,393][root][INFO] - Val leaf stats: tensor([6.2922e-02, 7.0213e-03, 4.0535e-01, 5.9411e-03, 2.7005e-04, 3.5107e-03,
        4.8609e-03, 3.5107e-03, 2.7005e-04, 0.0000e+00, 2.0605e-01, 1.3179e-01,
        1.2692e-02, 1.5555e-01, 2.7005e-04, 0.0000e+00])
[2026-06-26 13:50:11,400][root][INFO] - reg loss: 4.155151812756648, entropy loss: 0.06266108210213849, leaf dev: 0.1664484292268753
[2026-06-26 13:50:11,402][root][INFO] - Val leaf stats: tensor([2.1604e-03, 2.4845e-02, 5.4010e-04, 8.1015e-04, 0.0000e+00, 2.7005e-04,
        0.0000e+00, 7.8315e-03, 2.7005e-04, 2.7005e-04, 2.7005e-04, 1.0802e-03,
        6.0086e-01, 1.9714e-02, 3.4053e-01, 5.4010e-04])
[2026-06-26 13:50:11,464][root][INFO] - reg loss: 4.579719426201993, entropy loss: 0.08185571578682446, leaf dev: 0.07538259774446487
[2026-06-26 13:50:11,466][root][INFO] - Val leaf stats: tensor([0.0000, 0.0005, 0.1483, 0.0003, 0.1302, 0.2414, 0.0092, 0.0095, 0.0643,
        0.0011, 0.1682, 0.0527, 0.0991, 0.0022, 0.0729, 0.0003])
[2026-06-26 13:50:11,824][root][INFO] - reg loss: 4.391489998238986, entropy loss: 0.0739413922438856, leaf dev: 0.1284765601158142
[2026-06-26 13:50:11,825][root][INFO] - Val leaf stats: tensor([0.0030, 0.0005, 0.0089, 0.0024, 0.0292, 0.1842, 0.0888, 0.5053, 0.0637,
        0.0108, 0.0000, 0.0038, 0.0880, 0.0000, 0.0016, 0.0097])
[2026-06-26 13:50:11,841][root][INFO] - reg loss: 4.326704892955843, entropy loss: 0.07896277161895252, leaf dev: 0.13365304470062256
[2026-06-26 13:50:11,842][root][INFO] - Val leaf stats: tensor([2.7005e-04, 5.4010e-04, 2.4386e-01, 2.7005e-04, 0.0000e+00, 1.6203e-02,
        4.7961e-01, 8.9117e-03, 5.4010e-04, 1.0802e-03, 2.7005e-04, 1.9741e-01,
        4.3208e-03, 4.3208e-03, 3.9968e-02, 2.4305e-03])
[2026-06-26 13:50:11,847][root][INFO] - reg loss: 4.221698417038214, entropy loss: 0.07915242211740525, leaf dev: 0.14674139022827148
[2026-06-26 13:50:11,849][root][INFO] - Val leaf stats: tensor([5.4010e-04, 2.1604e-03, 5.0959e-01, 2.9706e-03, 2.7005e-04, 3.4026e-02,
        3.4188e-01, 5.4010e-04, 1.3503e-03, 5.4010e-04, 1.1072e-02, 5.4010e-04,
        2.1604e-03, 4.5909e-03, 8.7227e-02, 5.4010e-04])
[2026-06-26 13:50:13,160][root][INFO] - reg loss: 4.345706181448014, entropy loss: 0.07051903607903934, leaf dev: 0.10283403843641281
[2026-06-26 13:50:13,162][root][INFO] - Val leaf stats: tensor([0.0000, 0.0000, 0.0934, 0.0008, 0.0005, 0.0740, 0.0643, 0.3122, 0.0138,
        0.0008, 0.0748, 0.0043, 0.0473, 0.3119, 0.0000, 0.0019])
[2026-06-26 13:50:15,500][root][INFO] - reg loss: 4.3197450012457175, entropy loss: 0.07344037624167614, leaf dev: 0.11642132699489594
[2026-06-26 13:50:15,502][root][INFO] - Val leaf stats: tensor([0.0000e+00, 8.3716e-03, 5.4010e-04, 2.9706e-03, 7.5614e-03, 6.6433e-02,
        2.7005e-04, 7.8315e-03, 1.3503e-03, 3.9536e-01, 9.7218e-03, 4.6719e-02,
        2.0740e-01, 5.4010e-04, 2.4413e-01, 8.1015e-04])
[2026-06-26 13:50:15,577][root][INFO] - Epoch: 2 | train acc: 0.6728, train loss: 5.25078230, valid acc: 0.6784, valid loss: 1.00315764, test acc: 0.6480, test loss: 1.02111273
[2026-06-26 13:50:17,831][root][INFO] - Epoch: 3 | train acc: 0.4578, train loss: 19.00153329, valid acc: 0.4580, valid loss: 1.52949789, test acc: 0.4369, test loss: 1.53974222
[2026-06-26 13:50:20,883][root][INFO] - Epoch: 3 | train acc: 0.6824, train loss: 3.08703207, valid acc: 0.6659, valid loss: 1.01486856, test acc: 0.6544, test loss: 1.05388678
[2026-06-26 13:50:21,887][root][INFO] - reg loss: 4.3067153008257755, entropy loss: 0.09657686618996449, leaf dev: 0.14998838305473328
[2026-06-26 13:50:21,890][root][INFO] - Val leaf stats: tensor([5.4010e-04, 2.2954e-02, 1.3503e-03, 2.7005e-04, 8.1015e-04, 2.7005e-04,
        0.0000e+00, 2.4305e-03, 9.9919e-03, 5.2120e-01, 0.0000e+00, 3.7537e-02,
        3.5377e-01, 3.0516e-02, 7.8315e-03, 1.0532e-02])
[2026-06-26 13:50:24,514][root][INFO] - reg loss: 4.371182684038506, entropy loss: 0.06587208453260485, leaf dev: 0.11272761970758438
[2026-06-26 13:50:24,515][root][INFO] - Val leaf stats: tensor([8.1015e-04, 5.4010e-04, 3.2325e-01, 1.0802e-03, 5.4010e-04, 6.3732e-02,
        1.8742e-01, 5.6711e-03, 6.2112e-03, 0.0000e+00, 2.7005e-04, 0.0000e+00,
        2.7005e-04, 9.1277e-02, 3.1785e-01, 1.0802e-03])
[2026-06-26 13:50:27,568][root][INFO] - reg loss: 4.336283754129878, entropy loss: 0.09396684780472615, leaf dev: 0.14821578562259674
[2026-06-26 13:50:27,570][root][INFO] - Val leaf stats: tensor([0.0000e+00, 4.5909e-03, 0.0000e+00, 1.0262e-02, 2.7005e-04, 1.6203e-03,
        2.7005e-04, 1.0802e-03, 2.6465e-02, 4.9419e-02, 0.0000e+00, 7.8315e-03,
        3.8455e-01, 7.8315e-03, 4.9041e-01, 1.5393e-02])
[2026-06-26 13:50:27,661][root][INFO] - Epoch: 3 | train acc: 0.4599, train loss: 5.84739996, valid acc: 0.4680, valid loss: 1.47649078, test acc: 0.4492, test loss: 1.54561399
[2026-06-26 13:50:33,783][root][INFO] - reg loss: 4.31991265250034, entropy loss: 0.08074144188497888, leaf dev: 0.12982767820358276
[2026-06-26 13:50:33,786][root][INFO] - Val leaf stats: tensor([1.3503e-03, 8.1015e-04, 3.4270e-01, 1.8904e-03, 2.7005e-04, 1.0802e-03,
        0.0000e+00, 0.0000e+00, 2.0794e-02, 0.0000e+00, 3.2406e-03, 5.4010e-04,
        1.3233e-02, 1.2449e-01, 4.2074e-01, 6.8863e-02])
[2026-06-26 13:50:36,706][root][INFO] - Epoch: 3 | train acc: 0.5215, train loss: 3.58026922, valid acc: 0.5244, valid loss: 1.43696260, test acc: 0.5214, test loss: 1.37734008
[2026-06-26 13:50:41,966][root][INFO] - reg loss: 4.3911858855700885, entropy loss: 0.08026815755445449, leaf dev: 0.11885011196136475
[2026-06-26 13:50:41,967][root][INFO] - Val leaf stats: tensor([2.1604e-03, 2.4305e-03, 2.1604e-03, 2.1604e-03, 2.3089e-01, 4.3883e-01,
        4.2668e-02, 1.4583e-01, 1.8093e-02, 2.1604e-03, 6.0762e-02, 3.3486e-02,
        1.5393e-02, 2.7005e-04, 5.4010e-04, 2.1604e-03])
[2026-06-26 13:50:49,506][root][INFO] - Epoch: 3 | train acc: 0.5202, train loss: 34.53727822, valid acc: 0.5428, valid loss: 1.34522602, test acc: 0.5191, test loss: 1.38615832
[2026-06-26 13:50:49,749][root][INFO] - Epoch: 4 | train acc: 0.5568, train loss: 1.24774981, valid acc: 0.5574, valid loss: 1.24637885, test acc: 0.5459, test loss: 1.32028320
[2026-06-26 13:50:51,334][root][INFO] - Epoch: 4 | train acc: 0.7228, train loss: 9.26285339, valid acc: 0.7089, valid loss: 0.86441226, test acc: 0.6988, test loss: 0.89535174
[2026-06-26 13:50:51,485][root][INFO] - Epoch: 3 | train acc: 0.6474, train loss: 5.41093840, valid acc: 0.6473, valid loss: 1.06470031, test acc: 0.6294, test loss: 1.10414964
[2026-06-26 13:50:51,514][root][INFO] - Epoch: 3 | train acc: 0.6699, train loss: 3.11084802, valid acc: 0.6757, valid loss: 0.96663356, test acc: 0.6490, test loss: 1.02024624
[2026-06-26 13:50:51,746][root][INFO] - Epoch: 3 | train acc: 0.6765, train loss: 33.77906849, valid acc: 0.6784, valid loss: 0.98782062, test acc: 0.6485, test loss: 1.04534721
[2026-06-26 13:50:53,032][root][INFO] - Epoch: 3 | train acc: 0.4275, train loss: 1.58715977, valid acc: 0.4307, valid loss: 1.61269569, test acc: 0.4362, test loss: 1.59166743
[2026-06-26 13:50:53,403][root][INFO] - Epoch: 3 | train acc: 0.4999, train loss: 9.74480848, valid acc: 0.5020, valid loss: 1.39017449, test acc: 0.4799, test loss: 1.43345175
[2026-06-26 13:50:53,574][root][INFO] - Epoch: 4 | train acc: 0.6916, train loss: 17.42564242, valid acc: 0.6757, valid loss: 1.00521497, test acc: 0.6537, test loss: 1.05013840
[2026-06-26 13:50:54,245][root][INFO] - Epoch: 3 | train acc: 0.5656, train loss: 5.63774912, valid acc: 0.5482, valid loss: 1.31776809, test acc: 0.5503, test loss: 1.32419568
[2026-06-26 13:50:54,452][root][INFO] - Epoch: 3 | train acc: 0.5048, train loss: 3.47648011, valid acc: 0.5309, valid loss: 1.30831920, test acc: 0.5268, test loss: 1.31825930
[2026-06-26 13:50:55,051][root][INFO] - Epoch: 3 | train acc: 0.5138, train loss: 18.71827720, valid acc: 0.5123, valid loss: 1.44586754, test acc: 0.5032, test loss: 1.41704880
[2026-06-26 13:50:55,201][root][INFO] - reg loss: 4.148089049292392, entropy loss: 0.05361511399511431, leaf dev: 0.1239256039261818
[2026-06-26 13:50:55,203][root][INFO] - Val leaf stats: tensor([0.0005, 0.0011, 0.3357, 0.0024, 0.0000, 0.0578, 0.3381, 0.0000, 0.0000,
        0.0008, 0.0000, 0.0014, 0.0111, 0.0005, 0.2498, 0.0008])
[2026-06-26 13:50:55,577][root][INFO] - reg loss: 4.4379427315758875, entropy loss: 0.0658662070016392, leaf dev: 0.09741371124982834
[2026-06-26 13:50:55,579][root][INFO] - Val leaf stats: tensor([2.7005e-04, 1.3503e-03, 2.5115e-02, 1.0802e-03, 2.7545e-02, 1.5582e-01,
        1.6203e-03, 0.0000e+00, 1.8634e-01, 1.1612e-02, 2.9706e-01, 2.3305e-01,
        1.8904e-03, 2.0524e-02, 3.6457e-02, 2.7005e-04])
[2026-06-26 13:50:56,676][root][INFO] - reg loss: 4.386605794312524, entropy loss: 0.06710779898967899, leaf dev: 0.11986198276281357
[2026-06-26 13:50:56,678][root][INFO] - Val leaf stats: tensor([9.8299e-02, 8.1015e-03, 4.2344e-01, 8.6416e-03, 2.7005e-04, 2.4305e-03,
        5.1310e-03, 4.3208e-03, 5.4010e-03, 4.0508e-03, 2.1793e-01, 2.0281e-01,
        8.1015e-03, 1.0532e-02, 2.7005e-04, 2.7005e-04])
[2026-06-26 13:50:56,727][root][INFO] - reg loss: 4.315252061750068, entropy loss: 0.07868999364923258, leaf dev: 0.1338566094636917
[2026-06-26 13:50:56,729][root][INFO] - Val leaf stats: tensor([0.0759, 0.0019, 0.3551, 0.0095, 0.0014, 0.0016, 0.0035, 0.0024, 0.0014,
        0.0000, 0.0491, 0.0008, 0.0454, 0.4413, 0.0014, 0.0095])
[2026-06-26 13:50:56,876][root][INFO] - reg loss: 4.2230366409802045, entropy loss: 0.06319235411823773, leaf dev: 0.13017231225967407
[2026-06-26 13:50:56,877][root][INFO] - Val leaf stats: tensor([1.6203e-03, 2.9706e-03, 1.3503e-03, 2.7005e-04, 4.5909e-03, 0.0000e+00,
        1.2341e-01, 0.0000e+00, 3.4567e-02, 1.0802e-03, 2.7815e-02, 2.1550e-01,
        9.0737e-02, 4.9473e-01, 0.0000e+00, 1.3503e-03])
[2026-06-26 13:50:56,909][root][INFO] - reg loss: 4.105545856913582, entropy loss: 0.06425620548304964, leaf dev: 0.16736648976802826
[2026-06-26 13:50:56,910][root][INFO] - Val leaf stats: tensor([0.0000e+00, 1.8093e-02, 8.1015e-04, 8.1015e-04, 2.7005e-04, 3.5107e-03,
        0.0000e+00, 0.0000e+00, 2.7005e-04, 3.2406e-03, 0.0000e+00, 5.4010e-03,
        5.7683e-01, 5.4010e-04, 3.8671e-01, 3.5107e-03])
[2026-06-26 13:50:58,193][root][INFO] - reg loss: 4.566932912732734, entropy loss: 0.07217478684958864, leaf dev: 0.09978444874286652
[2026-06-26 13:50:58,194][root][INFO] - Val leaf stats: tensor([0.0024, 0.0005, 0.0135, 0.0016, 0.0699, 0.1753, 0.0159, 0.1140, 0.0251,
        0.0011, 0.3765, 0.0651, 0.0038, 0.0027, 0.1272, 0.0054])
[2026-06-26 13:50:58,205][root][INFO] - Epoch: 4 | train acc: 0.7192, train loss: 9.44898355, valid acc: 0.6981, valid loss: 0.91582254, test acc: 0.6897, test loss: 0.92353188
[2026-06-26 13:50:58,333][root][INFO] - reg loss: 4.1311475253496015, entropy loss: 0.0606802408812476, leaf dev: 0.16526518762111664
[2026-06-26 13:50:58,334][root][INFO] - Val leaf stats: tensor([1.0802e-03, 2.5115e-02, 5.4010e-04, 8.1015e-04, 0.0000e+00, 2.7005e-04,
        0.0000e+00, 4.3208e-03, 5.4010e-04, 2.7005e-04, 2.7005e-04, 1.0802e-03,
        5.8358e-01, 2.0254e-02, 3.6133e-01, 5.4010e-04])
[2026-06-26 13:50:59,051][root][INFO] - reg loss: 4.174891440594783, entropy loss: 0.07962872258952407, leaf dev: 0.1420622169971466
[2026-06-26 13:50:59,052][root][INFO] - Val leaf stats: tensor([1.3503e-03, 8.1015e-04, 4.8933e-01, 3.2406e-03, 2.7005e-04, 4.4018e-02,
        3.4216e-01, 0.0000e+00, 3.7807e-03, 0.0000e+00, 1.5393e-02, 0.0000e+00,
        1.6203e-03, 3.7807e-03, 7.9125e-02, 1.5123e-02])
[2026-06-26 13:51:00,232][root][INFO] - reg loss: 4.402215605876485, entropy loss: 0.07066740077294287, leaf dev: 0.11833671480417252
[2026-06-26 13:51:00,234][root][INFO] - Val leaf stats: tensor([1.3503e-03, 4.5909e-03, 1.0802e-02, 2.4305e-03, 3.2406e-02, 1.5960e-01,
        1.3719e-01, 4.5720e-01, 1.1180e-01, 3.7807e-03, 0.0000e+00, 2.4305e-03,
        7.4264e-02, 1.0802e-03, 2.7005e-04, 8.1015e-04])
[2026-06-26 13:51:00,284][root][INFO] - reg loss: 4.21916787350764, entropy loss: 0.07238802631370357, leaf dev: 0.1313626766204834
[2026-06-26 13:51:00,286][root][INFO] - Val leaf stats: tensor([2.7005e-04, 1.0802e-03, 2.7194e-01, 5.4010e-04, 0.0000e+00, 1.6203e-02,
        4.1696e-01, 2.1604e-03, 5.4010e-04, 5.4010e-04, 1.3503e-03, 2.7032e-01,
        1.6203e-03, 2.1604e-03, 1.3503e-02, 8.1015e-04])
[2026-06-26 13:51:00,900][root][INFO] - reg loss: 4.336059554678495, entropy loss: 0.06128419147895985, leaf dev: 0.08026961982250214
[2026-06-26 13:51:00,902][root][INFO] - Val leaf stats: tensor([0.0000, 0.0003, 0.0778, 0.0003, 0.0000, 0.0891, 0.1512, 0.2109, 0.0365,
        0.0003, 0.2193, 0.0035, 0.0470, 0.1618, 0.0003, 0.0019])
[2026-06-26 13:51:03,426][root][INFO] - Epoch: 3 | train acc: 0.6974, train loss: 5.13769305, valid acc: 0.6821, valid loss: 0.94610467, test acc: 0.6706, test loss: 0.97434770
[2026-06-26 13:51:03,951][root][INFO] - reg loss: 4.3171583160025175, entropy loss: 0.06710346342354524, leaf dev: 0.11922798305749893
[2026-06-26 13:51:03,952][root][INFO] - Val leaf stats: tensor([0.0000e+00, 6.4812e-03, 1.0802e-03, 5.6711e-03, 2.7005e-04, 4.0778e-02,
        0.0000e+00, 2.7005e-04, 5.9411e-03, 3.6835e-01, 3.7807e-03, 6.2382e-02,
        3.1785e-01, 3.5107e-03, 1.8255e-01, 1.0802e-03])
[2026-06-26 13:51:05,340][root][INFO] - Epoch: 4 | train acc: 0.4962, train loss: 18.66773318, valid acc: 0.4996, valid loss: 1.37404829, test acc: 0.4978, test loss: 1.36280119
[2026-06-26 13:51:08,130][root][INFO] - Epoch: 4 | train acc: 0.7142, train loss: 2.97822425, valid acc: 0.6905, valid loss: 0.94324782, test acc: 0.6694, test loss: 0.98985535
[2026-06-26 13:51:09,799][root][INFO] - reg loss: 4.254470504698206, entropy loss: 0.09246167674904963, leaf dev: 0.14804261922836304
[2026-06-26 13:51:09,801][root][INFO] - Val leaf stats: tensor([0.0000e+00, 5.4010e-04, 8.1015e-04, 1.6203e-03, 1.0532e-02, 4.8609e-03,
        0.0000e+00, 2.7005e-03, 2.7005e-04, 5.2039e-01, 2.4035e-02, 7.5614e-02,
        3.3729e-01, 1.4313e-02, 1.6203e-03, 5.4010e-03])
[2026-06-26 13:51:11,481][root][INFO] - reg loss: 4.320353554897621, entropy loss: 0.06040546346883305, leaf dev: 0.11588673293590546
[2026-06-26 13:51:11,482][root][INFO] - Val leaf stats: tensor([2.7005e-04, 2.7005e-04, 3.4324e-01, 1.0802e-03, 0.0000e+00, 2.0794e-02,
        2.2252e-01, 3.0246e-02, 3.5107e-03, 0.0000e+00, 0.0000e+00, 0.0000e+00,
        2.7005e-04, 7.7775e-02, 2.9868e-01, 1.3503e-03])
[2026-06-26 13:51:14,236][root][INFO] - Epoch: 4 | train acc: 0.5175, train loss: 5.60580964, valid acc: 0.5423, valid loss: 1.29860228, test acc: 0.5123, test loss: 1.36370631
[2026-06-26 13:51:14,379][root][INFO] - reg loss: 4.302152172463839, entropy loss: 0.0913001794795521, leaf dev: 0.14659078419208527
[2026-06-26 13:51:14,380][root][INFO] - Val leaf stats: tensor([0.0000e+00, 4.8609e-03, 0.0000e+00, 9.1817e-03, 2.7005e-04, 2.1604e-03,
        2.7005e-04, 8.1015e-04, 1.4043e-02, 5.0230e-02, 2.7005e-04, 5.6711e-03,
        4.4937e-01, 3.4026e-02, 4.2290e-01, 5.9411e-03])
[2026-06-26 13:51:20,341][root][INFO] - reg loss: 4.247913180804644, entropy loss: 0.07395813003426692, leaf dev: 0.12743602693080902
[2026-06-26 13:51:20,344][root][INFO] - Val leaf stats: tensor([2.7005e-04, 5.4010e-04, 2.1226e-01, 1.8904e-03, 2.7005e-04, 1.0802e-03,
        2.7005e-04, 0.0000e+00, 1.6203e-02, 0.0000e+00, 4.5909e-03, 2.7005e-03,
        1.1612e-02, 3.5323e-01, 3.6754e-01, 2.7545e-02])
[2026-06-26 13:51:22,283][root][INFO] - Epoch: 4 | train acc: 0.5052, train loss: 3.56500209, valid acc: 0.4837, valid loss: 1.46039566, test acc: 0.4887, test loss: 1.47757810
[2026-06-26 13:51:27,648][root][INFO] - reg loss: 4.349987413062424, entropy loss: 0.07223569772771148, leaf dev: 0.16669069230556488
[2026-06-26 13:51:27,649][root][INFO] - Val leaf stats: tensor([0.0000e+00, 1.8904e-03, 1.0802e-03, 2.4305e-03, 6.7513e-01, 8.4256e-02,
        8.1015e-04, 0.0000e+00, 5.7521e-02, 2.7005e-04, 7.2374e-02, 8.7497e-02,
        1.2962e-02, 5.4010e-04, 5.4010e-04, 2.7005e-03])
[2026-06-26 13:51:37,050][root][INFO] - Epoch: 4 | train acc: 0.5580, train loss: 34.38732522, valid acc: 0.5671, valid loss: 1.24717373, test acc: 0.5415, test loss: 1.27985129
[2026-06-26 13:51:37,488][root][INFO] - Epoch: 5 | train acc: 0.5798, train loss: 1.18903972, valid acc: 0.5639, valid loss: 1.26314202, test acc: 0.5461, test loss: 1.29228171
[2026-06-26 13:51:38,429][root][INFO] - Epoch: 5 | train acc: 0.7407, train loss: 9.21056260, valid acc: 0.6789, valid loss: 1.01031961, test acc: 0.6721, test loss: 1.00536110
[2026-06-26 13:51:38,531][root][INFO] - Epoch: 4 | train acc: 0.7034, train loss: 2.99360508, valid acc: 0.6757, valid loss: 0.97160524, test acc: 0.6529, test loss: 1.02031790
[2026-06-26 13:51:38,754][root][INFO] - Epoch: 4 | train acc: 0.7004, train loss: 33.63036396, valid acc: 0.6959, valid loss: 0.93378448, test acc: 0.6642, test loss: 0.98856240
[2026-06-26 13:51:39,241][root][INFO] - Epoch: 4 | train acc: 0.6658, train loss: 5.31253832, valid acc: 0.6500, valid loss: 1.05494028, test acc: 0.6470, test loss: 1.05532733
[2026-06-26 13:51:39,701][root][INFO] - Epoch: 5 | train acc: 0.7126, train loss: 17.35306890, valid acc: 0.6924, valid loss: 0.95426515, test acc: 0.6635, test loss: 1.00146725
[2026-06-26 13:51:40,006][root][INFO] - Epoch: 4 | train acc: 0.4939, train loss: 1.39367860, valid acc: 0.5358, valid loss: 1.33045500, test acc: 0.5167, test loss: 1.36442181
[2026-06-26 13:51:40,129][root][INFO] - Epoch: 4 | train acc: 0.5225, train loss: 9.64709529, valid acc: 0.5363, valid loss: 1.31048858, test acc: 0.5042, test loss: 1.37539594
[2026-06-26 13:51:41,429][root][INFO] - Epoch: 4 | train acc: 0.5572, train loss: 3.31579772, valid acc: 0.5652, valid loss: 1.29221094, test acc: 0.5398, test loss: 1.32385980
[2026-06-26 13:51:41,915][root][INFO] - Epoch: 4 | train acc: 0.5621, train loss: 5.58916783, valid acc: 0.5479, valid loss: 1.31695488, test acc: 0.5405, test loss: 1.31531522
[2026-06-26 13:51:41,955][root][INFO] - reg loss: 4.143352227132828, entropy loss: 0.05395716996710809, leaf dev: 0.12402360141277313
[2026-06-26 13:51:41,957][root][INFO] - Val leaf stats: tensor([2.7005e-04, 8.1015e-04, 3.0516e-01, 4.5909e-03, 0.0000e+00, 6.7783e-02,
        3.6808e-01, 2.7005e-04, 0.0000e+00, 1.3503e-03, 0.0000e+00, 1.6203e-03,
        1.6203e-03, 1.8904e-03, 2.4494e-01, 1.6203e-03])
[2026-06-26 13:51:43,137][root][INFO] - reg loss: 4.403019412619169, entropy loss: 0.063077661773709, leaf dev: 0.12163781374692917
[2026-06-26 13:51:43,138][root][INFO] - Val leaf stats: tensor([0.0000, 0.0049, 0.0092, 0.0022, 0.0024, 0.0159, 0.0030, 0.0000, 0.1658,
        0.0027, 0.4018, 0.3019, 0.0008, 0.0456, 0.0429, 0.0008])
[2026-06-26 13:51:43,322][root][INFO] - Epoch: 4 | train acc: 0.4983, train loss: 18.55411032, valid acc: 0.4847, valid loss: 1.44398363, test acc: 0.4683, test loss: 1.46987139
[2026-06-26 13:51:43,683][root][INFO] - reg loss: 4.22263656678747, entropy loss: 0.059998514283387386, leaf dev: 0.10578563809394836
[2026-06-26 13:51:43,684][root][INFO] - Val leaf stats: tensor([0.0030, 0.0100, 0.0014, 0.0022, 0.0035, 0.0000, 0.2393, 0.0005, 0.0346,
        0.0011, 0.0089, 0.1596, 0.2268, 0.3079, 0.0005, 0.0008])
[2026-06-26 13:51:43,793][root][INFO] - reg loss: 4.282846568060703, entropy loss: 0.07506442124970623, leaf dev: 0.13153216242790222
[2026-06-26 13:51:43,795][root][INFO] - Val leaf stats: tensor([7.9935e-02, 2.1604e-03, 3.2676e-01, 8.1015e-04, 1.6203e-03, 2.1604e-03,
        2.1604e-03, 2.7005e-03, 2.7005e-04, 2.7005e-04, 5.9411e-02, 5.4010e-03,
        4.4829e-02, 4.5045e-01, 2.4305e-03, 1.8634e-02])
[2026-06-26 13:51:44,011][root][INFO] - reg loss: 4.095254819901263, entropy loss: 0.06329300645433489, leaf dev: 0.16605205833911896
[2026-06-26 13:51:44,012][root][INFO] - Val leaf stats: tensor([2.7005e-04, 1.7823e-02, 5.4010e-04, 1.0802e-03, 2.7005e-04, 2.7005e-03,
        0.0000e+00, 0.0000e+00, 5.4010e-04, 3.5107e-03, 0.0000e+00, 4.3208e-03,
        5.5469e-01, 2.7005e-04, 4.0994e-01, 4.0508e-03])
[2026-06-26 13:51:44,560][root][INFO] - reg loss: 4.33746777987871, entropy loss: 0.06766744886265426, leaf dev: 0.0971553847193718
[2026-06-26 13:51:44,562][root][INFO] - Val leaf stats: tensor([1.5393e-01, 3.6727e-02, 3.0219e-01, 5.3200e-02, 2.7005e-04, 5.4010e-04,
        9.1817e-03, 5.6711e-03, 2.7005e-04, 2.7005e-04, 2.3332e-01, 1.7283e-01,
        9.1817e-03, 1.9444e-02, 2.4305e-03, 5.4010e-04])
[2026-06-26 13:51:44,860][root][INFO] - reg loss: 4.128921555691078, entropy loss: 0.06059768905893701, leaf dev: 0.1610495001077652
[2026-06-26 13:51:44,861][root][INFO] - Val leaf stats: tensor([2.7005e-04, 3.0246e-02, 5.4010e-04, 8.1015e-04, 0.0000e+00, 2.7005e-04,
        0.0000e+00, 7.2914e-03, 2.7005e-04, 2.7005e-04, 2.7005e-04, 5.4010e-04,
        5.5388e-01, 2.0524e-02, 3.7861e-01, 6.2112e-03])
[2026-06-26 13:51:45,482][root][INFO] - reg loss: 4.157192800865799, entropy loss: 0.08015473932027817, leaf dev: 0.14668940007686615
[2026-06-26 13:51:45,484][root][INFO] - Val leaf stats: tensor([0.0000e+00, 1.0802e-03, 4.2479e-01, 2.4305e-03, 0.0000e+00, 3.6997e-02,
        4.4720e-01, 1.6203e-03, 2.7005e-04, 0.0000e+00, 1.6743e-02, 0.0000e+00,
        2.7005e-04, 1.1342e-02, 5.5090e-02, 2.1604e-03])
[2026-06-26 13:51:45,495][root][INFO] - reg loss: 4.359161697450231, entropy loss: 0.06031309959829831, leaf dev: 0.11502182483673096
[2026-06-26 13:51:45,496][root][INFO] - Val leaf stats: tensor([0.0019, 0.0016, 0.0219, 0.0005, 0.0197, 0.2001, 0.0713, 0.1750, 0.0122,
        0.0019, 0.0416, 0.0192, 0.0046, 0.0008, 0.4267, 0.0011])
[2026-06-26 13:51:46,025][root][INFO] - Epoch: 5 | train acc: 0.7524, train loss: 9.30029100, valid acc: 0.7170, valid loss: 0.89630999, test acc: 0.6988, test loss: 0.89583775
[2026-06-26 13:51:46,867][root][INFO] - reg loss: 4.193024314817835, entropy loss: 0.07116376633038286, leaf dev: 0.12821508944034576
[2026-06-26 13:51:46,868][root][INFO] - Val leaf stats: tensor([1.6203e-03, 1.5393e-02, 2.4872e-01, 2.7005e-04, 0.0000e+00, 6.4812e-03,
        3.8050e-01, 3.5107e-03, 8.1015e-04, 1.8904e-03, 1.0802e-03, 3.1920e-01,
        1.0802e-03, 8.1015e-04, 1.5663e-02, 2.9706e-03])
[2026-06-26 13:51:47,501][root][INFO] - reg loss: 4.339146965839824, entropy loss: 0.05890537761762494, leaf dev: 0.1294804811477661
[2026-06-26 13:51:47,502][root][INFO] - Val leaf stats: tensor([0.0027, 0.0005, 0.0043, 0.0030, 0.0481, 0.2663, 0.1420, 0.4677, 0.0383,
        0.0062, 0.0005, 0.0035, 0.0162, 0.0000, 0.0005, 0.0000])
[2026-06-26 13:51:48,406][root][INFO] - reg loss: 4.286983200761139, entropy loss: 0.0537781367902873, leaf dev: 0.09846214950084686
[2026-06-26 13:51:48,407][root][INFO] - Val leaf stats: tensor([0.0000, 0.0008, 0.1312, 0.0019, 0.0070, 0.2190, 0.2771, 0.0140, 0.0046,
        0.0005, 0.0205, 0.0024, 0.0735, 0.2447, 0.0005, 0.0022])
[2026-06-26 13:51:51,736][root][INFO] - Epoch: 4 | train acc: 0.7205, train loss: 5.04193132, valid acc: 0.7002, valid loss: 0.89017521, test acc: 0.6858, test loss: 0.91181651
[2026-06-26 13:51:51,808][root][INFO] - reg loss: 4.28357916190976, entropy loss: 0.060011490629833256, leaf dev: 0.12462431192398071
[2026-06-26 13:51:51,809][root][INFO] - Val leaf stats: tensor([0.0000e+00, 7.2914e-03, 8.1015e-04, 2.1604e-03, 0.0000e+00, 8.6416e-03,
        0.0000e+00, 0.0000e+00, 8.1015e-04, 3.4756e-01, 7.5614e-03, 6.6973e-02,
        3.6430e-01, 2.7005e-04, 1.9309e-01, 5.4010e-04])
[2026-06-26 13:51:52,018][root][INFO] - Epoch: 5 | train acc: 0.5448, train loss: 18.49324511, valid acc: 0.5344, valid loss: 1.33290268, test acc: 0.5145, test loss: 1.33521865
[2026-06-26 13:51:56,063][root][INFO] - Epoch: 5 | train acc: 0.7296, train loss: 2.92505620, valid acc: 0.6986, valid loss: 0.94022141, test acc: 0.6838, test loss: 0.94176368
[2026-06-26 13:51:57,890][root][INFO] - reg loss: 4.308978127651527, entropy loss: 0.05806305778564, leaf dev: 0.11232658475637436
[2026-06-26 13:51:57,891][root][INFO] - Val leaf stats: tensor([1.0802e-03, 2.7005e-04, 2.7221e-01, 1.6203e-03, 1.8904e-03, 4.4829e-02,
        2.9706e-01, 1.8093e-02, 2.4305e-03, 0.0000e+00, 2.7005e-04, 0.0000e+00,
        0.0000e+00, 7.2644e-02, 2.8598e-01, 1.6203e-03])
[2026-06-26 13:51:58,598][root][INFO] - reg loss: 4.232401746218322, entropy loss: 0.07724796931763164, leaf dev: 0.1462595909833908
[2026-06-26 13:51:58,599][root][INFO] - Val leaf stats: tensor([0.0000e+00, 5.4010e-04, 1.3503e-03, 1.3503e-03, 5.9411e-03, 8.1015e-04,
        2.7005e-04, 1.8904e-03, 0.0000e+00, 4.8393e-01, 8.1015e-04, 8.9657e-02,
        3.7483e-01, 2.1334e-02, 7.5614e-03, 9.7218e-03])
[2026-06-26 13:51:59,695][root][INFO] - Epoch: 5 | train acc: 0.5892, train loss: 5.41028065, valid acc: 0.6057, valid loss: 1.14031236, test acc: 0.5835, test loss: 1.18503076
[2026-06-26 13:52:02,708][root][INFO] - reg loss: 4.273791156831335, entropy loss: 0.08998253440759221, leaf dev: 0.1496938019990921
[2026-06-26 13:52:02,709][root][INFO] - Val leaf stats: tensor([0.0000, 0.0038, 0.0000, 0.0100, 0.0005, 0.0024, 0.0000, 0.0008, 0.0170,
        0.0564, 0.0000, 0.0068, 0.4059, 0.0024, 0.4796, 0.0143])
[2026-06-26 13:52:06,556][root][INFO] - reg loss: 4.247117894594787, entropy loss: 0.07308298337166427, leaf dev: 0.12727458775043488
[2026-06-26 13:52:06,558][root][INFO] - Val leaf stats: tensor([0.0000e+00, 5.4010e-04, 1.6662e-01, 2.1604e-03, 5.4010e-04, 2.2414e-02,
        5.4010e-04, 2.7005e-04, 2.0524e-02, 2.7005e-04, 2.9706e-03, 3.5107e-03,
        2.9706e-03, 3.6754e-01, 3.7483e-01, 3.4297e-02])
[2026-06-26 13:52:08,730][root][INFO] - Epoch: 5 | train acc: 0.5384, train loss: 3.42535242, valid acc: 0.5555, valid loss: 1.30937801, test acc: 0.5407, test loss: 1.30431730
[2026-06-26 13:52:14,596][root][INFO] - reg loss: 4.253876357782082, entropy loss: 0.06314742565155029, leaf dev: 0.14127719402313232
[2026-06-26 13:52:14,598][root][INFO] - Val leaf stats: tensor([2.7005e-04, 8.1015e-04, 1.0802e-03, 8.1015e-04, 5.6198e-01, 1.5312e-01,
        1.6203e-03, 0.0000e+00, 7.4264e-02, 8.1015e-04, 7.5074e-02, 1.0532e-01,
        1.8904e-02, 5.4010e-04, 1.3503e-03, 4.0508e-03])
[2026-06-26 13:52:24,370][root][INFO] - Epoch: 5 | train acc: 0.5897, train loss: 34.16164173, valid acc: 0.5925, valid loss: 1.19748107, test acc: 0.5579, test loss: 1.25245950
[2026-06-26 13:52:25,428][root][INFO] - Epoch: 6 | train acc: 0.5986, train loss: 1.14752366, valid acc: 0.5960, valid loss: 1.19886947, test acc: 0.5766, test loss: 1.22502594
[2026-06-26 13:52:25,942][root][INFO] - Epoch: 5 | train acc: 0.7019, train loss: 3.00522662, valid acc: 0.6913, valid loss: 0.92590488, test acc: 0.6676, test loss: 0.98058621
[2026-06-26 13:52:26,006][root][INFO] - Epoch: 6 | train acc: 0.7279, train loss: 9.26354771, valid acc: 0.7162, valid loss: 0.86417156, test acc: 0.7062, test loss: 0.90129416
[2026-06-26 13:52:26,083][root][INFO] - Epoch: 5 | train acc: 0.6822, train loss: 5.21752342, valid acc: 0.6792, valid loss: 0.98414425, test acc: 0.6532, test loss: 1.03484317
[2026-06-26 13:52:26,989][root][INFO] - Epoch: 5 | train acc: 0.7207, train loss: 33.51531745, valid acc: 0.7008, valid loss: 0.94134054, test acc: 0.6696, test loss: 0.98027582
[2026-06-26 13:52:26,990][root][INFO] - Epoch: 5 | train acc: 0.5679, train loss: 1.20840714, valid acc: 0.5763, valid loss: 1.23729967, test acc: 0.5692, test loss: 1.25841742
[2026-06-26 13:52:27,173][root][INFO] - Epoch: 6 | train acc: 0.7305, train loss: 17.27983106, valid acc: 0.7143, valid loss: 0.91713228, test acc: 0.6728, test loss: 0.97462787
[2026-06-26 13:52:27,398][root][INFO] - Epoch: 5 | train acc: 0.5643, train loss: 9.52267706, valid acc: 0.5655, valid loss: 1.22863326, test acc: 0.5405, test loss: 1.29768055
[2026-06-26 13:52:29,238][root][INFO] - Epoch: 5 | train acc: 0.5814, train loss: 3.29568308, valid acc: 0.5922, valid loss: 1.21415009, test acc: 0.5702, test loss: 1.23044938
[2026-06-26 13:52:29,424][root][INFO] - Epoch: 5 | train acc: 0.5767, train loss: 5.48522755, valid acc: 0.5809, valid loss: 1.22423431, test acc: 0.5717, test loss: 1.25887605
[2026-06-26 13:52:29,738][root][INFO] - reg loss: 4.127999657490214, entropy loss: 0.05202768871285876, leaf dev: 0.12240760028362274
[2026-06-26 13:52:29,739][root][INFO] - Val leaf stats: tensor([5.4010e-04, 0.0000e+00, 3.8914e-01, 4.8609e-03, 0.0000e+00, 9.9109e-02,
        2.7842e-01, 0.0000e+00, 0.0000e+00, 1.3503e-03, 0.0000e+00, 1.6203e-03,
        2.4305e-03, 2.7005e-04, 2.2009e-01, 2.1604e-03])
[2026-06-26 13:52:30,391][root][INFO] - reg loss: 4.3299653960055995, entropy loss: 0.06034614878599761, leaf dev: 0.11625056713819504
[2026-06-26 13:52:30,393][root][INFO] - Val leaf stats: tensor([0.0000, 0.0051, 0.0095, 0.0024, 0.0027, 0.0184, 0.0051, 0.0000, 0.1639,
        0.0032, 0.4243, 0.2182, 0.0049, 0.0578, 0.0829, 0.0016])
[2026-06-26 13:52:30,960][root][INFO] - reg loss: 4.226510391860712, entropy loss: 0.055932457940500294, leaf dev: 0.11146418750286102
[2026-06-26 13:52:30,961][root][INFO] - Val leaf stats: tensor([1.3503e-03, 2.8355e-02, 0.0000e+00, 5.4010e-04, 3.2406e-03, 1.6203e-03,
        1.3395e-01, 5.4010e-04, 2.3494e-02, 8.1015e-04, 1.0532e-02, 2.1118e-01,
        2.0767e-01, 3.7645e-01, 0.0000e+00, 2.7005e-04])
[2026-06-26 13:52:30,977][root][INFO] - Epoch: 5 | train acc: 0.5480, train loss: 18.27190609, valid acc: 0.5679, valid loss: 1.25173663, test acc: 0.5457, test loss: 1.27304476
[2026-06-26 13:52:31,189][root][INFO] - reg loss: 4.28696726189285, entropy loss: 0.07155874799020955, leaf dev: 0.1277785748243332
[2026-06-26 13:52:31,190][root][INFO] - Val leaf stats: tensor([1.2908e-01, 4.0508e-03, 3.1650e-01, 1.0802e-03, 2.1604e-03, 1.0802e-03,
        3.2406e-03, 2.7005e-03, 2.7005e-04, 2.7005e-04, 5.0230e-02, 2.7005e-03,
        1.1882e-02, 4.3208e-01, 9.9919e-03, 3.2676e-02])
[2026-06-26 13:52:31,403][root][INFO] - reg loss: 4.2899305625040025, entropy loss: 0.06110084099603481, leaf dev: 0.13091710209846497
[2026-06-26 13:52:31,404][root][INFO] - Val leaf stats: tensor([1.5015e-01, 9.7218e-03, 4.1102e-01, 4.8609e-03, 2.7005e-04, 8.1015e-04,
        5.4010e-04, 1.8904e-03, 4.0508e-03, 1.8904e-03, 3.5566e-01, 3.2946e-02,
        1.8904e-02, 5.1310e-03, 2.1604e-03, 0.0000e+00])
[2026-06-26 13:52:32,297][root][INFO] - reg loss: 4.0885154692853085, entropy loss: 0.06237777536276911, leaf dev: 0.16761429607868195
[2026-06-26 13:52:32,298][root][INFO] - Val leaf stats: tensor([0.0000e+00, 3.7807e-03, 1.0802e-03, 4.0508e-03, 2.7005e-04, 1.6203e-03,
        0.0000e+00, 0.0000e+00, 8.1015e-04, 5.4010e-03, 0.0000e+00, 1.3503e-03,
        5.5307e-01, 5.4010e-04, 4.2182e-01, 6.2112e-03])
[2026-06-26 13:52:32,330][root][INFO] - reg loss: 4.124115787568639, entropy loss: 0.06038760393857956, leaf dev: 0.16226445138454437
[2026-06-26 13:52:32,331][root][INFO] - Val leaf stats: tensor([0.0000e+00, 2.6735e-02, 5.4010e-04, 8.1015e-04, 0.0000e+00, 0.0000e+00,
        0.0000e+00, 3.2406e-03, 1.0802e-03, 5.4010e-04, 2.7005e-04, 2.7005e-04,
        5.4469e-01, 2.2414e-02, 3.9941e-01, 0.0000e+00])
[2026-06-26 13:52:32,509][root][INFO] - reg loss: 4.15357907091985, entropy loss: 0.07757787858365012, leaf dev: 0.13992439210414886
[2026-06-26 13:52:32,510][root][INFO] - Val leaf stats: tensor([0.0000, 0.0005, 0.4167, 0.0035, 0.0000, 0.0437, 0.4170, 0.0078, 0.0011,
        0.0000, 0.0200, 0.0000, 0.0014, 0.0095, 0.0789, 0.0000])
[2026-06-26 13:52:32,645][root][INFO] - reg loss: 4.330677587477887, entropy loss: 0.06131346865755613, leaf dev: 0.11463440954685211
[2026-06-26 13:52:32,646][root][INFO] - Val leaf stats: tensor([8.1015e-04, 0.0000e+00, 1.0262e-02, 2.7005e-04, 7.2374e-02, 1.9390e-01,
        3.3486e-02, 1.1450e-01, 2.9706e-02, 2.7005e-03, 5.8331e-02, 2.5655e-02,
        1.2152e-02, 1.0802e-03, 4.4423e-01, 5.4010e-04])
[2026-06-26 13:52:34,180][root][INFO] - reg loss: 4.222683421901015, entropy loss: 0.06826561127529769, leaf dev: 0.13272468745708466
[2026-06-26 13:52:34,181][root][INFO] - Val leaf stats: tensor([2.7005e-04, 5.4010e-04, 1.9039e-01, 5.4010e-04, 0.0000e+00, 7.8315e-03,
        4.4558e-01, 2.1604e-03, 2.7005e-04, 2.4305e-03, 6.4812e-03, 3.0084e-01,
        3.7807e-03, 1.3503e-03, 3.6187e-02, 1.3503e-03])
[2026-06-26 13:52:34,319][root][INFO] - Epoch: 6 | train acc: 0.7486, train loss: 9.23648386, valid acc: 0.7329, valid loss: 0.86240280, test acc: 0.7059, test loss: 0.88395289
[2026-06-26 13:52:34,740][root][INFO] - reg loss: 4.294037998699751, entropy loss: 0.054150067514083425, leaf dev: 0.12172068655490875
[2026-06-26 13:52:34,741][root][INFO] - Val leaf stats: tensor([2.1604e-03, 0.0000e+00, 8.9117e-03, 4.5909e-03, 4.2128e-02, 2.5412e-01,
        1.3881e-01, 4.3937e-01, 7.0753e-02, 3.7807e-03, 8.1015e-04, 3.7807e-03,
        3.0516e-02, 0.0000e+00, 2.7005e-04, 0.0000e+00])
[2026-06-26 13:52:36,897][root][INFO] - reg loss: 4.24988751333268, entropy loss: 0.05337589136401161, leaf dev: 0.09364388883113861
[2026-06-26 13:52:36,898][root][INFO] - Val leaf stats: tensor([0.0000, 0.0003, 0.1869, 0.0005, 0.0154, 0.1882, 0.2439, 0.0181, 0.0068,
        0.0005, 0.0300, 0.0024, 0.0624, 0.2425, 0.0000, 0.0022])
[2026-06-26 13:52:39,219][root][INFO] - Epoch: 6 | train acc: 0.5443, train loss: 18.35503028, valid acc: 0.5271, valid loss: 1.39668892, test acc: 0.5064, test loss: 1.37838253
[2026-06-26 13:52:39,679][root][INFO] - Epoch: 5 | train acc: 0.7347, train loss: 5.01421887, valid acc: 0.7121, valid loss: 0.88448757, test acc: 0.6932, test loss: 0.91826092
[2026-06-26 13:52:40,167][root][INFO] - reg loss: 4.249105195530126, entropy loss: 0.05224446671419456, leaf dev: 0.13058671355247498
[2026-06-26 13:52:40,168][root][INFO] - Val leaf stats: tensor([2.7005e-04, 6.2112e-03, 8.1015e-04, 1.8904e-03, 0.0000e+00, 8.3716e-03,
        0.0000e+00, 0.0000e+00, 5.4010e-04, 3.3324e-01, 2.7005e-04, 1.4853e-02,
        3.7942e-01, 5.4010e-04, 2.5088e-01, 2.7005e-03])
[2026-06-26 13:52:43,840][root][INFO] - Epoch: 6 | train acc: 0.7330, train loss: 2.92839406, valid acc: 0.7167, valid loss: 0.88669086, test acc: 0.6961, test loss: 0.91209627
[2026-06-26 13:52:45,494][root][INFO] - reg loss: 4.2722038519187056, entropy loss: 0.055971758653883076, leaf dev: 0.11190890520811081
[2026-06-26 13:52:45,495][root][INFO] - Val leaf stats: tensor([0.0005, 0.0005, 0.2881, 0.0008, 0.0054, 0.0637, 0.3743, 0.0829, 0.0030,
        0.0000, 0.0000, 0.0000, 0.0000, 0.0834, 0.0964, 0.0008])
[2026-06-26 13:52:45,816][root][INFO] - reg loss: 4.238766498252994, entropy loss: 0.07441121278727642, leaf dev: 0.13183490931987762
[2026-06-26 13:52:45,817][root][INFO] - Val leaf stats: tensor([0.0000e+00, 8.1015e-04, 1.6203e-03, 8.1015e-04, 5.4010e-03, 1.3503e-03,
        2.7005e-04, 1.3503e-03, 0.0000e+00, 4.5693e-01, 2.7005e-04, 1.5366e-01,
        2.9031e-01, 8.0475e-02, 2.9706e-03, 3.7807e-03])
[2026-06-26 13:52:46,718][root][INFO] - Epoch: 6 | train acc: 0.6236, train loss: 5.28805351, valid acc: 0.6273, valid loss: 1.07608971, test acc: 0.6166, test loss: 1.14249253
[2026-06-26 13:52:50,067][root][INFO] - reg loss: 4.319967762368624, entropy loss: 0.09026696984885169, leaf dev: 0.13769538700580597
[2026-06-26 13:52:50,068][root][INFO] - Val leaf stats: tensor([2.7005e-04, 4.5909e-03, 0.0000e+00, 9.4518e-03, 5.4010e-04, 2.4305e-03,
        2.7005e-04, 8.1015e-04, 2.1064e-02, 8.1015e-02, 0.0000e+00, 6.2112e-03,
        4.5261e-01, 5.4280e-02, 3.6322e-01, 3.2406e-03])
[2026-06-26 13:52:53,058][root][INFO] - reg loss: 4.219336689495649, entropy loss: 0.07296484440076546, leaf dev: 0.13141126930713654
[2026-06-26 13:52:53,060][root][INFO] - Val leaf stats: tensor([0.0000e+00, 5.4010e-04, 1.7931e-01, 2.7005e-03, 2.7005e-04, 1.2962e-02,
        5.4010e-04, 5.4010e-04, 1.2962e-02, 0.0000e+00, 3.5107e-03, 1.6203e-03,
        1.6203e-03, 4.0211e-01, 3.5593e-01, 2.5385e-02])
[2026-06-26 13:52:55,668][root][INFO] - Epoch: 6 | train acc: 0.5886, train loss: 3.27365722, valid acc: 0.5790, valid loss: 1.23849618, test acc: 0.5741, test loss: 1.24174876
[2026-06-26 13:53:01,647][root][INFO] - reg loss: 4.2516852675891315, entropy loss: 0.06030462358574398, leaf dev: 0.14468759298324585
[2026-06-26 13:53:01,649][root][INFO] - Val leaf stats: tensor([5.4010e-04, 8.1015e-04, 1.6203e-03, 2.7005e-04, 5.7548e-01, 1.6770e-01,
        1.8904e-03, 0.0000e+00, 6.1032e-02, 3.5107e-03, 5.9411e-02, 9.5868e-02,
        2.7275e-02, 8.1015e-04, 1.3503e-03, 2.4305e-03])
[2026-06-26 13:53:12,254][root][INFO] - Epoch: 6 | train acc: 0.5863, train loss: 34.13288848, valid acc: 0.6063, valid loss: 1.16125640, test acc: 0.5670, test loss: 1.22161591
[2026-06-26 13:53:12,853][root][INFO] - Epoch: 7 | train acc: 0.7626, train loss: 9.05408945, valid acc: 0.6838, valid loss: 0.93624906, test acc: 0.6706, test loss: 0.98477843
[2026-06-26 13:53:13,158][root][INFO] - Epoch: 7 | train acc: 0.6333, train loss: 1.04723978, valid acc: 0.6157, valid loss: 1.12198521, test acc: 0.6038, test loss: 1.15203404
[2026-06-26 13:53:13,334][root][INFO] - Epoch: 7 | train acc: 0.7474, train loss: 17.21125428, valid acc: 0.7119, valid loss: 0.88347860, test acc: 0.6900, test loss: 0.95534209
[2026-06-26 13:53:13,577][root][INFO] - Epoch: 6 | train acc: 0.7255, train loss: 33.53978817, valid acc: 0.7038, valid loss: 0.91115353, test acc: 0.6703, test loss: 0.97213630
[2026-06-26 13:53:13,589][root][INFO] - Epoch: 6 | train acc: 0.7366, train loss: 2.88681964, valid acc: 0.7167, valid loss: 0.87223054, test acc: 0.6915, test loss: 0.92354658
[2026-06-26 13:53:13,881][root][INFO] - Epoch: 6 | train acc: 0.6963, train loss: 5.07953512, valid acc: 0.6940, valid loss: 0.94705027, test acc: 0.6674, test loss: 0.98323111
[2026-06-26 13:53:15,066][root][INFO] - Epoch: 6 | train acc: 0.5633, train loss: 9.50452059, valid acc: 0.5644, valid loss: 1.26893641, test acc: 0.5253, test loss: 1.32381051
[2026-06-26 13:53:15,843][root][INFO] - Epoch: 6 | train acc: 0.6118, train loss: 1.09675925, valid acc: 0.5712, valid loss: 1.23044435, test acc: 0.5609, test loss: 1.27052662
[2026-06-26 13:53:15,910][root][INFO] - Epoch: 6 | train acc: 0.6133, train loss: 3.16561956, valid acc: 0.5955, valid loss: 1.16216236, test acc: 0.5805, test loss: 1.17966938
[2026-06-26 13:53:16,262][root][INFO] - Epoch: 6 | train acc: 0.6243, train loss: 5.39514007, valid acc: 0.6125, valid loss: 1.16020058, test acc: 0.5935, test loss: 1.18581664
[2026-06-26 13:53:17,467][root][INFO] - reg loss: 4.1217262002288315, entropy loss: 0.05242006077629621, leaf dev: 0.12083613872528076
[2026-06-26 13:53:17,468][root][INFO] - Val leaf stats: tensor([8.1015e-04, 0.0000e+00, 3.3486e-01, 3.5107e-03, 0.0000e+00, 7.9395e-02,
        3.0138e-01, 5.4010e-04, 0.0000e+00, 1.0802e-03, 0.0000e+00, 2.7005e-04,
        4.0508e-03, 5.4010e-04, 2.6870e-01, 4.8609e-03])
[2026-06-26 13:53:18,516][root][INFO] - reg loss: 4.118232344017654, entropy loss: 0.05906921295357532, leaf dev: 0.16079400479793549
[2026-06-26 13:53:18,517][root][INFO] - Val leaf stats: tensor([0.0000e+00, 2.5385e-02, 5.4010e-04, 8.1015e-04, 2.7005e-04, 0.0000e+00,
        0.0000e+00, 5.1310e-03, 1.0802e-03, 8.1015e-04, 2.7005e-04, 2.7005e-04,
        5.0500e-01, 1.9714e-02, 4.4072e-01, 0.0000e+00])
[2026-06-26 13:53:18,648][root][INFO] - reg loss: 4.173141745270276, entropy loss: 0.052903059259301326, leaf dev: 0.14001299440860748
[2026-06-26 13:53:18,649][root][INFO] - Val leaf stats: tensor([0.0019, 0.0173, 0.0000, 0.0000, 0.0019, 0.0014, 0.1142, 0.0041, 0.0203,
        0.0008, 0.0016, 0.0964, 0.1963, 0.5431, 0.0000, 0.0008])
[2026-06-26 13:53:18,920][root][INFO] - Epoch: 6 | train acc: 0.6014, train loss: 18.07640413, valid acc: 0.5911, valid loss: 1.18944850, test acc: 0.5849, test loss: 1.18746886
[2026-06-26 13:53:18,924][root][INFO] - reg loss: 4.0927069069909265, entropy loss: 0.06204182966077914, leaf dev: 0.16347551345825195
[2026-06-26 13:53:18,926][root][INFO] - Val leaf stats: tensor([2.7005e-04, 2.7005e-04, 5.4010e-04, 3.5107e-03, 1.6203e-03, 2.8085e-02,
        0.0000e+00, 3.7807e-03, 8.1015e-04, 3.5107e-03, 0.0000e+00, 2.1604e-03,
        5.5334e-01, 2.7005e-04, 3.9536e-01, 6.4812e-03])
[2026-06-26 13:53:18,955][root][INFO] - reg loss: 4.29352186546951, entropy loss: 0.057779150053125915, leaf dev: 0.1170014813542366
[2026-06-26 13:53:18,956][root][INFO] - Val leaf stats: tensor([0.0000, 0.0038, 0.0108, 0.0043, 0.0024, 0.0211, 0.0041, 0.0000, 0.1893,
        0.0108, 0.3913, 0.2719, 0.0011, 0.0567, 0.0313, 0.0011])
[2026-06-26 13:53:19,140][root][INFO] - reg loss: 4.248985517220419, entropy loss: 0.06813805733547836, leaf dev: 0.12575219571590424
[2026-06-26 13:53:19,141][root][INFO] - Val leaf stats: tensor([1.6095e-01, 4.5909e-03, 3.0543e-01, 2.7005e-03, 4.8609e-03, 5.4010e-04,
        9.7218e-03, 1.8904e-03, 2.7005e-04, 2.7005e-04, 4.3208e-02, 1.3503e-03,
        1.4583e-02, 4.2128e-01, 0.0000e+00, 2.8355e-02])
[2026-06-26 13:53:19,386][root][INFO] - reg loss: 4.20110622781222, entropy loss: 0.048968749945280984, leaf dev: 0.13242650032043457
[2026-06-26 13:53:19,387][root][INFO] - Val leaf stats: tensor([1.7877e-01, 5.4010e-03, 4.3478e-01, 3.2406e-03, 2.7005e-04, 3.7807e-03,
        0.0000e+00, 1.0802e-03, 1.2692e-02, 1.0802e-03, 3.2217e-01, 2.0794e-02,
        9.1817e-03, 4.8609e-03, 1.8904e-03, 0.0000e+00])
[2026-06-26 13:53:20,307][root][INFO] - reg loss: 4.138558020357226, entropy loss: 0.07264096973860851, leaf dev: 0.15210089087486267
[2026-06-26 13:53:20,308][root][INFO] - Val leaf stats: tensor([0.0000e+00, 1.0802e-03, 3.8671e-01, 5.1310e-03, 2.7005e-04, 6.9403e-02,
        5.0473e-01, 2.7005e-04, 8.1015e-04, 8.1015e-04, 7.5614e-03, 0.0000e+00,
        2.7005e-04, 1.7013e-02, 5.6711e-03, 2.7005e-04])
[2026-06-26 13:53:20,847][root][INFO] - reg loss: 4.1625145927804414, entropy loss: 0.059745957006196504, leaf dev: 0.12109433114528656
[2026-06-26 13:53:20,848][root][INFO] - Val leaf stats: tensor([0.0000e+00, 2.7005e-04, 2.5358e-01, 2.7005e-04, 0.0000e+00, 1.6203e-02,
        3.6754e-01, 2.4305e-03, 8.1015e-04, 5.4010e-04, 0.0000e+00, 2.8409e-01,
        1.0532e-02, 3.2406e-03, 3.8617e-02, 2.1874e-02])
[2026-06-26 13:53:21,393][root][INFO] - reg loss: 4.333382755029397, entropy loss: 0.05589357653602225, leaf dev: 0.11353028565645218
[2026-06-26 13:53:21,394][root][INFO] - Val leaf stats: tensor([1.6203e-03, 2.7005e-03, 8.6416e-03, 2.9706e-03, 5.5361e-02, 2.2252e-01,
        1.3908e-01, 4.1642e-01, 8.9657e-02, 5.9411e-03, 1.3503e-03, 5.4010e-03,
        4.8069e-02, 0.0000e+00, 2.7005e-04, 0.0000e+00])
[2026-06-26 13:53:21,532][root][INFO] - reg loss: 4.325855302028969, entropy loss: 0.06100453698977095, leaf dev: 0.10753609240055084
[2026-06-26 13:53:21,534][root][INFO] - Val leaf stats: tensor([2.7005e-04, 4.8609e-03, 1.8363e-02, 0.0000e+00, 5.6711e-02, 1.5609e-01,
        4.8609e-02, 9.4518e-02, 6.8323e-02, 2.1604e-03, 6.2922e-02, 3.6457e-02,
        1.7283e-02, 8.1015e-04, 4.3181e-01, 8.1015e-04])
[2026-06-26 13:53:21,657][root][INFO] - Epoch: 7 | train acc: 0.7723, train loss: 9.09913407, valid acc: 0.7353, valid loss: 0.86043635, test acc: 0.7185, test loss: 0.84655959
[2026-06-26 13:53:24,399][root][INFO] - reg loss: 4.242616215690237, entropy loss: 0.05103898390394743, leaf dev: 0.08758515119552612
[2026-06-26 13:53:24,401][root][INFO] - Val leaf stats: tensor([0.0000, 0.0008, 0.1720, 0.0000, 0.0151, 0.1688, 0.2574, 0.0246, 0.0224,
        0.0008, 0.0870, 0.0030, 0.0394, 0.2069, 0.0003, 0.0016])
[2026-06-26 13:53:25,381][root][INFO] - Epoch: 6 | train acc: 0.7559, train loss: 4.92407571, valid acc: 0.7345, valid loss: 0.81670203, test acc: 0.7150, test loss: 0.87118334
[2026-06-26 13:53:27,527][root][INFO] - reg loss: 4.213757780731702, entropy loss: 0.05006167512448108, leaf dev: 0.13037745654582977
[2026-06-26 13:53:27,528][root][INFO] - Val leaf stats: tensor([1.0802e-03, 5.4010e-03, 8.1015e-04, 1.8904e-03, 0.0000e+00, 9.4518e-03,
        0.0000e+00, 0.0000e+00, 1.3503e-03, 3.4161e-01, 2.7005e-04, 1.8093e-02,
        3.7807e-01, 2.7005e-04, 2.3954e-01, 2.1604e-03])
[2026-06-26 13:53:27,846][root][INFO] - Epoch: 7 | train acc: 0.5616, train loss: 18.18686057, valid acc: 0.5420, valid loss: 1.33841923, test acc: 0.5314, test loss: 1.30178656
[2026-06-26 13:53:30,625][root][INFO] - Epoch: 7 | train acc: 0.7535, train loss: 2.87273156, valid acc: 0.7113, valid loss: 0.90439930, test acc: 0.6870, test loss: 0.93306645
[2026-06-26 13:53:31,947][root][INFO] - reg loss: 4.212402515724057, entropy loss: 0.07092940685201864, leaf dev: 0.13689063489437103
[2026-06-26 13:53:31,949][root][INFO] - Val leaf stats: tensor([0.0000e+00, 1.0802e-03, 1.3503e-03, 5.4010e-04, 5.9411e-03, 1.3503e-03,
        2.7005e-04, 1.3503e-03, 5.4010e-04, 4.6530e-01, 1.0802e-03, 1.2692e-01,
        3.2838e-01, 5.5090e-02, 4.5909e-03, 6.2112e-03])
[2026-06-26 13:53:33,177][root][INFO] - Epoch: 7 | train acc: 0.6549, train loss: 5.17877775, valid acc: 0.6562, valid loss: 1.01897859, test acc: 0.6365, test loss: 1.07136926
[2026-06-26 13:53:34,293][root][INFO] - reg loss: 4.243040194276904, entropy loss: 0.05220252745708481, leaf dev: 0.11406540125608444
[2026-06-26 13:53:34,295][root][INFO] - Val leaf stats: tensor([2.7005e-04, 2.7005e-04, 2.9625e-01, 8.1015e-04, 2.1604e-03, 4.8069e-02,
        3.7672e-01, 7.1294e-02, 2.1604e-03, 0.0000e+00, 2.7005e-04, 0.0000e+00,
        0.0000e+00, 8.6416e-02, 1.1450e-01, 8.1015e-04])
[2026-06-26 13:53:37,082][root][INFO] - reg loss: 4.310816467785444, entropy loss: 0.08378365489303088, leaf dev: 0.11837418377399445
[2026-06-26 13:53:37,084][root][INFO] - Val leaf stats: tensor([0.0000, 0.0027, 0.0000, 0.0086, 0.0008, 0.0032, 0.0008, 0.0024, 0.0259,
        0.0969, 0.0000, 0.0073, 0.2873, 0.1718, 0.3878, 0.0043])
[2026-06-26 13:53:39,812][root][INFO] - reg loss: 4.201485876177178, entropy loss: 0.07159725356785977, leaf dev: 0.13190285861492157
[2026-06-26 13:53:39,814][root][INFO] - Val leaf stats: tensor([0.0000e+00, 5.4010e-04, 1.7769e-01, 8.3716e-03, 2.7005e-04, 1.3233e-02,
        5.4010e-04, 2.7005e-04, 1.0262e-02, 0.0000e+00, 3.5107e-03, 1.8904e-03,
        2.1604e-03, 4.0994e-01, 3.5080e-01, 2.0524e-02])
[2026-06-26 13:53:41,366][root][INFO] - Epoch: 7 | train acc: 0.6116, train loss: 3.21641215, valid acc: 0.5820, valid loss: 1.19143033, test acc: 0.5859, test loss: 1.19299465
[2026-06-26 13:53:47,864][root][INFO] - reg loss: 4.271573105796438, entropy loss: 0.05981562195009873, leaf dev: 0.13020271062850952
[2026-06-26 13:53:47,866][root][INFO] - Val leaf stats: tensor([2.7005e-04, 1.3503e-03, 1.6203e-03, 2.4305e-03, 5.1310e-01, 1.6203e-01,
        1.6203e-03, 0.0000e+00, 9.0467e-02, 0.0000e+00, 6.4272e-02, 1.1477e-01,
        4.1858e-02, 2.7005e-03, 8.1015e-04, 2.7005e-03])
[2026-06-26 13:53:59,445][root][INFO] - Epoch: 8 | train acc: 0.7545, train loss: 9.04272766, valid acc: 0.7248, valid loss: 0.83391444, test acc: 0.7037, test loss: 0.88042070
[2026-06-26 13:54:00,388][root][INFO] - Epoch: 7 | train acc: 0.6193, train loss: 33.99118730, valid acc: 0.5933, valid loss: 1.19716237, test acc: 0.5758, test loss: 1.22270554
[2026-06-26 13:54:00,752][root][INFO] - Epoch: 8 | train acc: 0.7524, train loss: 17.25099939, valid acc: 0.6911, valid loss: 0.97571500, test acc: 0.6721, test loss: 1.01467907
[2026-06-26 13:54:01,263][root][INFO] - Epoch: 7 | train acc: 0.7429, train loss: 33.44825751, valid acc: 0.7162, valid loss: 0.88413802, test acc: 0.6802, test loss: 0.94972385
[2026-06-26 13:54:01,569][root][INFO] - Epoch: 7 | train acc: 0.7251, train loss: 4.98947467, valid acc: 0.7191, valid loss: 0.86570816, test acc: 0.6937, test loss: 0.90794665
[2026-06-26 13:54:01,713][root][INFO] - Epoch: 7 | train acc: 0.7541, train loss: 2.82779869, valid acc: 0.7119, valid loss: 0.86955803, test acc: 0.6905, test loss: 0.91182145
[2026-06-26 13:54:02,242][root][INFO] - Epoch: 7 | train acc: 0.5978, train loss: 1.13912547, valid acc: 0.5903, valid loss: 1.18911828, test acc: 0.5763, test loss: 1.22668387
[2026-06-26 13:54:02,397][root][INFO] - Epoch: 8 | train acc: 0.6588, train loss: 0.97748537, valid acc: 0.6384, valid loss: 1.08477556, test acc: 0.6249, test loss: 1.10057563
[2026-06-26 13:54:02,726][root][INFO] - Epoch: 7 | train acc: 0.5649, train loss: 9.47519842, valid acc: 0.5577, valid loss: 1.26052260, test acc: 0.5245, test loss: 1.30918342
[2026-06-26 13:54:03,098][root][INFO] - Epoch: 7 | train acc: 0.6206, train loss: 5.34729207, valid acc: 0.5866, valid loss: 1.20347095, test acc: 0.5717, test loss: 1.23331799
[2026-06-26 13:54:03,200][root][INFO] - Epoch: 7 | train acc: 0.6307, train loss: 3.12376239, valid acc: 0.6122, valid loss: 1.11511853, test acc: 0.5862, test loss: 1.16051780
[2026-06-26 13:54:04,956][root][INFO] - reg loss: 4.16205174805688, entropy loss: 0.05349908469886076, leaf dev: 0.12888917326927185
[2026-06-26 13:54:04,958][root][INFO] - Val leaf stats: tensor([0.0016, 0.0149, 0.0000, 0.0000, 0.0014, 0.0014, 0.1172, 0.0059, 0.0637,
        0.0011, 0.0019, 0.1007, 0.1947, 0.4955, 0.0000, 0.0000])
[2026-06-26 13:54:05,311][root][INFO] - reg loss: 4.116144750939041, entropy loss: 0.0521642735502759, leaf dev: 0.12292589992284775
[2026-06-26 13:54:05,312][root][INFO] - Val leaf stats: tensor([1.6203e-03, 5.4010e-04, 2.0038e-01, 4.0508e-03, 0.0000e+00, 9.8029e-02,
        3.8914e-01, 2.7005e-04, 0.0000e+00, 1.0802e-03, 0.0000e+00, 1.6203e-03,
        4.3208e-03, 5.4010e-04, 2.9652e-01, 1.8904e-03])
[2026-06-26 13:54:05,427][root][INFO] - reg loss: 4.1275468263469755, entropy loss: 0.05834376592128003, leaf dev: 0.15379206836223602
[2026-06-26 13:54:05,430][root][INFO] - Val leaf stats: tensor([2.7005e-04, 3.1596e-02, 5.4010e-04, 8.1015e-04, 0.0000e+00, 0.0000e+00,
        0.0000e+00, 6.7513e-03, 2.7005e-04, 8.1015e-04, 1.3503e-03, 0.0000e+00,
        5.1634e-01, 5.4550e-02, 3.8293e-01, 3.7807e-03])
[2026-06-26 13:54:06,320][root][INFO] - reg loss: 4.088063748156438, entropy loss: 0.058027529264571234, leaf dev: 0.16628214716911316
[2026-06-26 13:54:06,321][root][INFO] - Val leaf stats: tensor([2.7005e-04, 8.1015e-04, 5.4010e-04, 4.0508e-03, 2.7005e-04, 1.0532e-02,
        0.0000e+00, 5.4010e-04, 1.6203e-03, 3.7807e-03, 0.0000e+00, 2.7005e-04,
        5.4523e-01, 2.7005e-04, 4.2398e-01, 7.8315e-03])
[2026-06-26 13:54:06,568][root][INFO] - Epoch: 7 | train acc: 0.6178, train loss: 18.07495761, valid acc: 0.5566, valid loss: 1.28032470, test acc: 0.5493, test loss: 1.28241469
[2026-06-26 13:54:06,777][root][INFO] - reg loss: 4.189193866291984, entropy loss: 0.04670900973628779, leaf dev: 0.12838108837604523
[2026-06-26 13:54:06,778][root][INFO] - Val leaf stats: tensor([1.7958e-01, 1.2152e-02, 3.9482e-01, 1.6203e-03, 2.7005e-04, 2.1604e-03,
        0.0000e+00, 1.3503e-03, 1.8363e-02, 2.7005e-04, 3.4702e-01, 2.0794e-02,
        1.4853e-02, 5.1310e-03, 1.6203e-03, 0.0000e+00])
[2026-06-26 13:54:07,170][root][INFO] - reg loss: 4.24835060463577, entropy loss: 0.06352061277530233, leaf dev: 0.12740416824817657
[2026-06-26 13:54:07,171][root][INFO] - Val leaf stats: tensor([1.1639e-01, 5.4010e-04, 3.2568e-01, 2.7005e-03, 4.0508e-03, 1.0802e-03,
        4.5909e-03, 2.4305e-03, 2.7005e-04, 2.7005e-04, 5.2930e-02, 2.1604e-03,
        2.4035e-02, 4.2614e-01, 2.7005e-04, 3.6457e-02])
[2026-06-26 13:54:07,200][root][INFO] - reg loss: 4.2468189880496166, entropy loss: 0.05140663286457296, leaf dev: 0.11685708165168762
[2026-06-26 13:54:07,202][root][INFO] - Val leaf stats: tensor([0.0000e+00, 5.1310e-03, 9.9919e-03, 4.3208e-03, 2.9706e-03, 2.4575e-02,
        1.8904e-03, 2.7005e-04, 1.6878e-01, 6.2112e-03, 4.3964e-01, 1.8499e-01,
        4.8609e-03, 7.2374e-02, 7.2644e-02, 1.3503e-03])
[2026-06-26 13:54:07,595][root][INFO] - reg loss: 4.328680882688428, entropy loss: 0.05773237207141079, leaf dev: 0.10625947266817093
[2026-06-26 13:54:07,596][root][INFO] - Val leaf stats: tensor([0.0046, 0.0065, 0.0381, 0.0000, 0.0378, 0.2158, 0.0451, 0.0929, 0.0162,
        0.0014, 0.0354, 0.0845, 0.0162, 0.0014, 0.4035, 0.0008])
[2026-06-26 13:54:07,991][root][INFO] - reg loss: 4.137849534144167, entropy loss: 0.07184743856797453, leaf dev: 0.14598429203033447
[2026-06-26 13:54:07,991][root][INFO] - Val leaf stats: tensor([5.4010e-04, 2.1604e-03, 3.6970e-01, 2.7005e-03, 8.1015e-04, 1.0667e-01,
        4.8339e-01, 8.1015e-04, 1.6203e-03, 1.3503e-03, 4.5909e-03, 2.7005e-04,
        5.4010e-04, 1.9444e-02, 5.4010e-03, 0.0000e+00])
[2026-06-26 13:54:08,411][root][INFO] - reg loss: 4.173075777585389, entropy loss: 0.05921864973717048, leaf dev: 0.12613016366958618
[2026-06-26 13:54:08,411][root][INFO] - Val leaf stats: tensor([0.0000e+00, 8.1015e-04, 2.4332e-01, 7.2914e-03, 0.0000e+00, 8.1015e-04,
        3.7591e-01, 5.9411e-03, 2.1604e-03, 2.7005e-04, 4.0508e-03, 3.1596e-01,
        8.9117e-03, 2.7005e-03, 2.2414e-02, 9.4518e-03])
[2026-06-26 13:54:08,501][root][INFO] - reg loss: 4.281343030147865, entropy loss: 0.05076665089267199, leaf dev: 0.1278640180826187
[2026-06-26 13:54:08,502][root][INFO] - Val leaf stats: tensor([2.4305e-03, 2.7005e-04, 9.9919e-03, 5.4010e-03, 3.0246e-02, 3.0543e-01,
        1.4340e-01, 4.3667e-01, 4.3208e-02, 3.7807e-03, 8.1015e-04, 1.6203e-03,
        1.6473e-02, 0.0000e+00, 2.7005e-04, 0.0000e+00])
[2026-06-26 13:54:09,501][root][INFO] - Epoch: 8 | train acc: 0.7891, train loss: 9.05199135, valid acc: 0.7453, valid loss: 0.84944893, test acc: 0.7320, test loss: 0.81603241
[2026-06-26 13:54:12,544][root][INFO] - reg loss: 4.253820161350438, entropy loss: 0.051343292303261207, leaf dev: 0.07695303112268448
[2026-06-26 13:54:12,546][root][INFO] - Val leaf stats: tensor([0.0000, 0.0003, 0.1383, 0.0005, 0.1250, 0.2123, 0.1372, 0.0275, 0.0178,
        0.0005, 0.0848, 0.0035, 0.0443, 0.2060, 0.0000, 0.0019])
[2026-06-26 13:54:13,406][root][INFO] - Epoch: 7 | train acc: 0.7714, train loss: 4.86233318, valid acc: 0.7197, valid loss: 0.85214569, test acc: 0.7067, test loss: 0.91144292
[2026-06-26 13:54:14,001][root][INFO] - Epoch: 8 | train acc: 0.5754, train loss: 18.08889686, valid acc: 0.5458, valid loss: 1.27390496, test acc: 0.5398, test loss: 1.27843291
[2026-06-26 13:54:15,444][root][INFO] - reg loss: 4.2150047020834, entropy loss: 0.05030850034023895, leaf dev: 0.1301240473985672
[2026-06-26 13:54:15,445][root][INFO] - Val leaf stats: tensor([2.7005e-04, 8.3716e-03, 8.1015e-04, 2.4305e-03, 0.0000e+00, 8.1015e-03,
        0.0000e+00, 0.0000e+00, 1.8904e-03, 3.7213e-01, 0.0000e+00, 2.8355e-02,
        3.6268e-01, 0.0000e+00, 2.1334e-01, 1.6203e-03])
[2026-06-26 13:54:19,776][root][INFO] - reg loss: 4.1913621621053725, entropy loss: 0.06921337080783531, leaf dev: 0.12437704205513
[2026-06-26 13:54:19,778][root][INFO] - Val leaf stats: tensor([0.0000e+00, 1.0802e-03, 1.3503e-03, 5.4010e-04, 5.6711e-03, 1.3503e-03,
        2.7005e-04, 1.3503e-03, 2.7005e-04, 3.4080e-01, 1.8904e-03, 2.5817e-01,
        3.3054e-01, 4.9149e-02, 3.7807e-03, 3.7807e-03])
[2026-06-26 13:54:19,909][root][INFO] - reg loss: 4.228939236187544, entropy loss: 0.04923114760733042, leaf dev: 0.09881619364023209
[2026-06-26 13:54:19,910][root][INFO] - Val leaf stats: tensor([0.0799, 0.0011, 0.2860, 0.0008, 0.0014, 0.0464, 0.2992, 0.0608, 0.0019,
        0.0000, 0.0000, 0.0000, 0.0000, 0.0888, 0.1323, 0.0014])
[2026-06-26 13:54:19,915][root][INFO] - Epoch: 8 | train acc: 0.7718, train loss: 2.81978989, valid acc: 0.7291, valid loss: 0.86703071, test acc: 0.7121, test loss: 0.88101038
[2026-06-26 13:54:21,311][root][INFO] - Epoch: 8 | train acc: 0.6942, train loss: 5.06028009, valid acc: 0.6732, valid loss: 0.97147365, test acc: 0.6539, test loss: 1.03560411
[2026-06-26 13:54:26,517][root][INFO] - reg loss: 4.309357002133229, entropy loss: 0.08270642307938122, leaf dev: 0.12583445012569427
[2026-06-26 13:54:26,518][root][INFO] - Val leaf stats: tensor([0.0008, 0.0043, 0.0000, 0.0100, 0.0011, 0.0081, 0.0000, 0.0000, 0.0327,
        0.0924, 0.0000, 0.0078, 0.3789, 0.0867, 0.3729, 0.0043])
[2026-06-26 13:54:27,346][root][INFO] - Epoch: 8 | train acc: 0.5954, train loss: 3.25629306, valid acc: 0.5706, valid loss: 1.20801428, test acc: 0.5680, test loss: 1.23049463
[2026-06-26 13:54:27,455][root][INFO] - reg loss: 4.1815994606643425, entropy loss: 0.06888799870111903, leaf dev: 0.13451139628887177
[2026-06-26 13:54:27,457][root][INFO] - Val leaf stats: tensor([0.0000, 0.0008, 0.1299, 0.0108, 0.0005, 0.0143, 0.0005, 0.0005, 0.0089,
        0.0005, 0.0059, 0.0062, 0.0024, 0.4421, 0.3467, 0.0297])
[2026-06-26 13:54:33,987][root][INFO] - reg loss: 4.271514095243861, entropy loss: 0.05792118639486735, leaf dev: 0.1205139085650444
[2026-06-26 13:54:33,988][root][INFO] - Val leaf stats: tensor([0.0000, 0.0008, 0.0000, 0.0024, 0.4270, 0.1385, 0.0008, 0.0000, 0.0610,
        0.0019, 0.0805, 0.2611, 0.0213, 0.0000, 0.0011, 0.0035])
[2026-06-26 13:54:46,430][root][INFO] - Epoch: 8 | train acc: 0.6105, train loss: 33.94988401, valid acc: 0.6117, valid loss: 1.15652172, test acc: 0.5938, test loss: 1.14684423
[2026-06-26 13:54:46,639][root][INFO] - Epoch: 9 | train acc: 0.7834, train loss: 8.94191340, valid acc: 0.7440, valid loss: 0.79936874, test acc: 0.7305, test loss: 0.81970848
[2026-06-26 13:54:47,369][root][INFO] - Epoch: 9 | train acc: 0.7381, train loss: 17.26901104, valid acc: 0.7116, valid loss: 0.91836605, test acc: 0.6780, test loss: 0.97185554
[2026-06-26 13:54:48,400][root][INFO] - Epoch: 8 | train acc: 0.7591, train loss: 33.30351889, valid acc: 0.7299, valid loss: 0.84662835, test acc: 0.6983, test loss: 0.91129360
[2026-06-26 13:54:48,962][root][INFO] - Epoch: 8 | train acc: 0.6244, train loss: 1.06291778, valid acc: 0.5884, valid loss: 1.23015860, test acc: 0.5744, test loss: 1.25468227
[2026-06-26 13:54:49,267][root][INFO] - Epoch: 8 | train acc: 0.7518, train loss: 4.91008439, valid acc: 0.7240, valid loss: 0.87307116, test acc: 0.6942, test loss: 0.91479357
[2026-06-26 13:54:49,629][root][INFO] - Epoch: 9 | train acc: 0.6759, train loss: 0.92546568, valid acc: 0.6254, valid loss: 1.11721570, test acc: 0.6144, test loss: 1.13969356
[2026-06-26 13:54:49,695][root][INFO] - Epoch: 8 | train acc: 0.7749, train loss: 2.77487499, valid acc: 0.7289, valid loss: 0.83923876, test acc: 0.7032, test loss: 0.88313790
[2026-06-26 13:54:49,814][root][INFO] - Epoch: 8 | train acc: 0.5814, train loss: 9.36649401, valid acc: 0.5652, valid loss: 1.24045119, test acc: 0.5169, test loss: 1.32311980
[2026-06-26 13:54:50,440][root][INFO] - Epoch: 8 | train acc: 0.6386, train loss: 3.08898907, valid acc: 0.6211, valid loss: 1.11976194, test acc: 0.6097, test loss: 1.12040621
[2026-06-26 13:54:50,525][root][INFO] - Epoch: 8 | train acc: 0.6330, train loss: 5.31775342, valid acc: 0.6003, valid loss: 1.15501124, test acc: 0.5913, test loss: 1.18839556
[2026-06-26 13:54:51,503][root][INFO] - reg loss: 4.10768608968766, entropy loss: 0.05092694909601915, leaf dev: 0.13128267228603363
[2026-06-26 13:54:51,504][root][INFO] - Val leaf stats: tensor([1.0802e-03, 2.7005e-04, 1.9957e-01, 1.8904e-03, 0.0000e+00, 6.8593e-02,
        4.5450e-01, 0.0000e+00, 0.0000e+00, 1.3503e-03, 0.0000e+00, 1.0802e-03,
        3.5107e-03, 5.4010e-04, 2.6438e-01, 3.2406e-03])
[2026-06-26 13:54:51,794][root][INFO] - reg loss: 4.151631105141561, entropy loss: 0.0524002731945671, leaf dev: 0.1311618834733963
[2026-06-26 13:54:51,795][root][INFO] - Val leaf stats: tensor([0.0011, 0.0151, 0.0000, 0.0000, 0.0014, 0.0014, 0.1464, 0.0095, 0.0400,
        0.0008, 0.0041, 0.1456, 0.1245, 0.5104, 0.0000, 0.0000])
[2026-06-26 13:54:52,447][root][INFO] - reg loss: 4.1225003648976815, entropy loss: 0.05405879686357545, leaf dev: 0.15550900995731354
[2026-06-26 13:54:52,449][root][INFO] - Val leaf stats: tensor([0.0000, 0.0367, 0.0008, 0.0014, 0.0000, 0.0000, 0.0000, 0.0011, 0.0000,
        0.0005, 0.0027, 0.0000, 0.5225, 0.0459, 0.3856, 0.0027])
[2026-06-26 13:54:53,511][root][INFO] - reg loss: 4.075620088420931, entropy loss: 0.055484386008293904, leaf dev: 0.16671542823314667
[2026-06-26 13:54:53,512][root][INFO] - Val leaf stats: tensor([2.7005e-04, 8.1015e-04, 5.4010e-04, 4.5909e-03, 2.7005e-04, 8.9117e-03,
        0.0000e+00, 2.7005e-04, 1.3503e-03, 4.0508e-03, 0.0000e+00, 8.1015e-04,
        5.5117e-01, 2.7005e-04, 4.1885e-01, 7.8315e-03])
[2026-06-26 13:54:54,085][root][INFO] - reg loss: 4.301656730839463, entropy loss: 0.05645097028769431, leaf dev: 0.1053687036037445
[2026-06-26 13:54:54,086][root][INFO] - Val leaf stats: tensor([0.0005, 0.0081, 0.1450, 0.0000, 0.0057, 0.1123, 0.0756, 0.1577, 0.0165,
        0.0014, 0.0259, 0.0311, 0.0151, 0.0011, 0.4032, 0.0008])
[2026-06-26 13:54:54,818][root][INFO] - reg loss: 4.117327408712418, entropy loss: 0.0699125175349048, leaf dev: 0.14577604830265045
[2026-06-26 13:54:54,823][root][INFO] - reg loss: 4.2384760028026145, entropy loss: 0.06218804168652316, leaf dev: 0.12386265397071838
[2026-06-26 13:54:54,824][root][INFO] - Val leaf stats: tensor([2.1469e-01, 3.7807e-03, 2.4359e-01, 2.9706e-03, 4.8609e-03, 5.4010e-04,
        6.2112e-03, 1.3503e-03, 2.7005e-04, 0.0000e+00, 4.6449e-02, 8.1015e-04,
        1.8363e-02, 4.2884e-01, 5.4010e-04, 2.6735e-02])
[2026-06-26 13:54:54,828][root][INFO] - Val leaf stats: tensor([1.3503e-03, 4.3208e-03, 4.4234e-01, 5.9681e-02, 0.0000e+00, 3.3216e-02,
        4.2479e-01, 2.7005e-04, 2.1604e-03, 1.3503e-03, 3.2406e-03, 2.7005e-04,
        5.4010e-04, 1.9984e-02, 6.4812e-03, 0.0000e+00])
[2026-06-26 13:54:54,967][root][INFO] - reg loss: 4.177329290108602, entropy loss: 0.045540846517828644, leaf dev: 0.13304544985294342
[2026-06-26 13:54:54,968][root][INFO] - Val leaf stats: tensor([1.6284e-01, 1.6473e-02, 4.4910e-01, 2.1604e-03, 2.7005e-04, 3.5107e-03,
        0.0000e+00, 2.1604e-03, 9.7218e-03, 2.7005e-04, 3.1434e-01, 2.1334e-02,
        1.1612e-02, 4.8609e-03, 1.3503e-03, 0.0000e+00])
[2026-06-26 13:54:55,160][root][INFO] - reg loss: 4.240717669002345, entropy loss: 0.05035500326117531, leaf dev: 0.1323765367269516
[2026-06-26 13:54:55,161][root][INFO] - Val leaf stats: tensor([0.0000e+00, 5.1310e-03, 1.2422e-02, 1.6203e-03, 2.7005e-03, 4.0778e-02,
        2.1604e-03, 0.0000e+00, 7.7775e-02, 4.0508e-03, 5.1391e-01, 2.1064e-01,
        2.9706e-03, 8.5876e-02, 3.9698e-02, 2.7005e-04])
[2026-06-26 13:54:55,194][root][INFO] - Epoch: 8 | train acc: 0.6179, train loss: 18.01193791, valid acc: 0.6163, valid loss: 1.12344468, test acc: 0.5970, test loss: 1.16302451
[2026-06-26 13:54:55,666][root][INFO] - reg loss: 4.27887291204734, entropy loss: 0.049305250776595755, leaf dev: 0.12163057923316956
[2026-06-26 13:54:55,668][root][INFO] - Val leaf stats: tensor([2.1604e-03, 2.7005e-04, 1.0532e-02, 5.4010e-03, 8.5066e-02, 2.3413e-01,
        1.1234e-01, 4.4964e-01, 8.5606e-02, 4.5909e-03, 1.3503e-03, 5.4010e-04,
        8.1015e-03, 0.0000e+00, 2.7005e-04, 0.0000e+00])
[2026-06-26 13:54:55,692][root][INFO] - reg loss: 4.134664566790471, entropy loss: 0.05915686695790682, leaf dev: 0.12798064947128296
[2026-06-26 13:54:55,694][root][INFO] - Val leaf stats: tensor([2.7005e-04, 1.0802e-03, 2.5709e-01, 1.0532e-02, 0.0000e+00, 1.0802e-03,
        4.1021e-01, 6.4812e-03, 2.7005e-03, 1.0802e-03, 1.0802e-03, 2.7032e-01,
        6.7513e-03, 2.1604e-03, 2.1874e-02, 7.2914e-03])
[2026-06-26 13:54:57,107][root][INFO] - Epoch: 9 | train acc: 0.7968, train loss: 9.01224130, valid acc: 0.7502, valid loss: 0.81168427, test acc: 0.7285, test loss: 0.81297076
[2026-06-26 13:55:01,154][root][INFO] - Epoch: 8 | train acc: 0.7669, train loss: 4.88833506, valid acc: 0.7453, valid loss: 0.83475959, test acc: 0.7234, test loss: 0.85798582
[2026-06-26 13:55:01,165][root][INFO] - reg loss: 4.23532187352415, entropy loss: 0.0506116371052187, leaf dev: 0.0904802680015564
[2026-06-26 13:55:01,166][root][INFO] - Val leaf stats: tensor([0.0003, 0.0000, 0.1105, 0.0005, 0.0194, 0.2506, 0.2098, 0.0351, 0.0130,
        0.0008, 0.0451, 0.0027, 0.0721, 0.2393, 0.0003, 0.0005])
[2026-06-26 13:55:01,417][root][INFO] - Epoch: 9 | train acc: 0.6122, train loss: 18.01757850, valid acc: 0.5752, valid loss: 1.18654864, test acc: 0.5621, test loss: 1.22577143
[2026-06-26 13:55:02,941][root][INFO] - reg loss: 4.205257048372363, entropy loss: 0.04779303904439582, leaf dev: 0.1305423229932785
[2026-06-26 13:55:02,942][root][INFO] - Val leaf stats: tensor([0.0000e+00, 1.0262e-02, 8.1015e-04, 1.8904e-03, 0.0000e+00, 1.1342e-02,
        0.0000e+00, 0.0000e+00, 5.4010e-04, 3.7375e-01, 2.7005e-04, 2.7545e-02,
        3.6889e-01, 0.0000e+00, 2.0335e-01, 1.3503e-03])
[2026-06-26 13:55:06,857][root][INFO] - Epoch: 9 | train acc: 0.7897, train loss: 2.76460165, valid acc: 0.7310, valid loss: 0.88494572, test acc: 0.7084, test loss: 0.89210769
[2026-06-26 13:55:07,563][root][INFO] - reg loss: 4.202980580877085, entropy loss: 0.06865717995850766, leaf dev: 0.1342216432094574
[2026-06-26 13:55:07,564][root][INFO] - Val leaf stats: tensor([0.0000e+00, 1.3503e-03, 3.7807e-03, 3.2406e-03, 2.1604e-03, 2.7005e-04,
        5.4010e-04, 5.4010e-04, 5.4010e-04, 4.5018e-01, 1.0802e-03, 1.7499e-01,
        3.1326e-01, 3.4567e-02, 6.4812e-03, 7.0213e-03])
[2026-06-26 13:55:07,685][root][INFO] - Epoch: 9 | train acc: 0.7076, train loss: 5.01067266, valid acc: 0.6840, valid loss: 0.95788635, test acc: 0.6595, test loss: 1.01438443
[2026-06-26 13:55:07,751][root][INFO] - reg loss: 4.234351463005191, entropy loss: 0.04461000242927035, leaf dev: 0.10862545669078827
[2026-06-26 13:55:07,753][root][INFO] - Val leaf stats: tensor([0.0197, 0.0008, 0.3187, 0.0008, 0.0049, 0.0238, 0.3187, 0.0702, 0.0000,
        0.0000, 0.0000, 0.0000, 0.0000, 0.0940, 0.1472, 0.0014])
[2026-06-26 13:55:13,132][root][INFO] - reg loss: 4.293570956245798, entropy loss: 0.08154931151476062, leaf dev: 0.12492913007736206
[2026-06-26 13:55:13,133][root][INFO] - Val leaf stats: tensor([2.7005e-04, 4.0508e-03, 0.0000e+00, 8.6416e-03, 2.7005e-03, 3.5107e-03,
        0.0000e+00, 0.0000e+00, 2.2144e-02, 1.2935e-01, 0.0000e+00, 1.0262e-02,
        3.7402e-01, 7.4534e-02, 3.6565e-01, 4.8609e-03])
[2026-06-26 13:55:14,136][root][INFO] - reg loss: 4.166409539394691, entropy loss: 0.06764418558507669, leaf dev: 0.13124948740005493
[2026-06-26 13:55:14,137][root][INFO] - Val leaf stats: tensor([0.0000e+00, 5.4010e-04, 1.6014e-01, 1.3773e-02, 5.4010e-04, 1.2962e-02,
        8.1015e-04, 1.0802e-03, 5.6711e-03, 2.7005e-04, 3.5107e-03, 4.3208e-03,
        2.7005e-03, 4.0670e-01, 3.5863e-01, 2.8355e-02])
[2026-06-26 13:55:15,304][root][INFO] - Epoch: 9 | train acc: 0.6170, train loss: 3.17843743, valid acc: 0.6065, valid loss: 1.12942196, test acc: 0.5911, test loss: 1.15191833
[2026-06-26 13:55:21,574][root][INFO] - reg loss: 4.237443892682185, entropy loss: 0.05660069837677674, leaf dev: 0.12462364882230759
[2026-06-26 13:55:21,577][root][INFO] - Val leaf stats: tensor([0.0000, 0.0005, 0.0000, 0.0027, 0.4623, 0.1861, 0.0008, 0.0000, 0.0440,
        0.0005, 0.0753, 0.1974, 0.0205, 0.0000, 0.0005, 0.0092])
[2026-06-26 13:55:33,580][root][INFO] - Epoch: 9 | train acc: 0.6486, train loss: 33.81012444, valid acc: 0.6303, valid loss: 1.08297494, test acc: 0.6119, test loss: 1.08603479
[2026-06-26 13:55:33,769][root][INFO] - Epoch: 10 | train acc: 0.7975, train loss: 8.86763090, valid acc: 0.7513, valid loss: 0.77208932, test acc: 0.7349, test loss: 0.79755254
[2026-06-26 13:55:34,605][root][INFO] - Epoch: 9 | train acc: 0.7681, train loss: 33.25165689, valid acc: 0.7321, valid loss: 0.84411758, test acc: 0.7113, test loss: 0.87992727
[2026-06-26 13:55:34,840][root][INFO] - Epoch: 10 | train acc: 0.7523, train loss: 17.20241518, valid acc: 0.7038, valid loss: 0.95142386, test acc: 0.6770, test loss: 0.96889372
[2026-06-26 13:55:36,330][root][INFO] - Epoch: 9 | train acc: 0.6314, train loss: 1.05761420, valid acc: 0.5995, valid loss: 1.17712708, test acc: 0.5854, test loss: 1.20420633
[2026-06-26 13:55:36,949][root][INFO] - Epoch: 9 | train acc: 0.7383, train loss: 4.93875634, valid acc: 0.7094, valid loss: 0.86036830, test acc: 0.6991, test loss: 0.90167411
[2026-06-26 13:55:37,003][root][INFO] - Epoch: 10 | train acc: 0.6747, train loss: 0.92320311, valid acc: 0.6522, valid loss: 1.02698365, test acc: 0.6414, test loss: 1.06321473
[2026-06-26 13:55:37,183][root][INFO] - Epoch: 9 | train acc: 0.6454, train loss: 5.30729634, valid acc: 0.5957, valid loss: 1.17563757, test acc: 0.5859, test loss: 1.21425812
[2026-06-26 13:55:37,201][root][INFO] - Epoch: 9 | train acc: 0.6587, train loss: 3.02606756, valid acc: 0.6508, valid loss: 1.04421468, test acc: 0.6284, test loss: 1.08314385
[2026-06-26 13:55:37,273][root][INFO] - Epoch: 9 | train acc: 0.5881, train loss: 9.32778840, valid acc: 0.5941, valid loss: 1.17640472, test acc: 0.5447, test loss: 1.25536238
[2026-06-26 13:55:37,478][root][INFO] - Epoch: 9 | train acc: 0.7840, train loss: 2.73772161, valid acc: 0.7445, valid loss: 0.81201534, test acc: 0.7185, test loss: 0.84112261
[2026-06-26 13:55:38,613][root][INFO] - reg loss: 4.135174821634761, entropy loss: 0.04956172748667295, leaf dev: 0.12119802832603455
[2026-06-26 13:55:38,614][root][INFO] - Val leaf stats: tensor([0.0011, 0.0149, 0.0000, 0.0000, 0.0014, 0.0016, 0.1515, 0.0070, 0.0478,
        0.0014, 0.0038, 0.1745, 0.1399, 0.4553, 0.0000, 0.0000])
[2026-06-26 13:55:39,012][root][INFO] - reg loss: 4.103059033878514, entropy loss: 0.05203725440336055, leaf dev: 0.1246197521686554
[2026-06-26 13:55:39,014][root][INFO] - Val leaf stats: tensor([2.7005e-04, 2.7005e-04, 2.4602e-01, 4.3208e-03, 5.4010e-04, 6.7243e-02,
        4.0130e-01, 0.0000e+00, 0.0000e+00, 8.1015e-04, 0.0000e+00, 5.4010e-04,
        2.7005e-03, 5.4010e-04, 2.6303e-01, 1.2422e-02])
[2026-06-26 13:55:39,788][root][INFO] - reg loss: 4.072801269468714, entropy loss: 0.05495103992155341, leaf dev: 0.1657547652721405
[2026-06-26 13:55:39,790][root][INFO] - Val leaf stats: tensor([2.7005e-04, 8.1015e-04, 5.4010e-04, 5.1310e-03, 2.7005e-04, 6.4812e-03,
        0.0000e+00, 5.4010e-04, 1.0802e-03, 3.7807e-03, 0.0000e+00, 8.1015e-04,
        5.3794e-01, 3.5107e-03, 4.3019e-01, 8.6416e-03])
[2026-06-26 13:55:39,872][root][INFO] - reg loss: 4.1182842489148745, entropy loss: 0.054604549144135144, leaf dev: 0.16516746580600739
[2026-06-26 13:55:39,873][root][INFO] - Val leaf stats: tensor([0.0000e+00, 3.6997e-02, 5.4010e-04, 1.6203e-03, 0.0000e+00, 0.0000e+00,
        0.0000e+00, 1.6203e-03, 0.0000e+00, 2.7005e-04, 5.4010e-04, 9.7218e-03,
        6.2463e-01, 4.2398e-02, 2.7977e-01, 1.8904e-03])
[2026-06-26 13:55:41,212][root][INFO] - reg loss: 4.267062750019011, entropy loss: 0.049394277031304404, leaf dev: 0.10952632129192352
[2026-06-26 13:55:41,214][root][INFO] - Val leaf stats: tensor([2.7005e-04, 5.6711e-03, 6.3462e-02, 0.0000e+00, 2.0524e-02, 2.1226e-01,
        4.5639e-02, 1.4421e-01, 8.1015e-03, 1.3503e-03, 2.5655e-02, 4.5639e-02,
        1.6473e-02, 1.3503e-03, 4.0859e-01, 8.1015e-04])
[2026-06-26 13:55:41,851][root][INFO] - reg loss: 4.298717436243276, entropy loss: 0.048589481926355205, leaf dev: 0.10506011545658112
[2026-06-26 13:55:41,853][root][INFO] - Val leaf stats: tensor([2.7005e-03, 2.7005e-04, 1.9444e-02, 4.0508e-03, 1.1720e-01, 1.9822e-01,
        1.7661e-01, 3.6484e-01, 1.0127e-01, 6.2112e-03, 1.3503e-03, 1.0802e-03,
        6.2112e-03, 0.0000e+00, 5.4010e-04, 0.0000e+00])
[2026-06-26 13:55:41,912][root][INFO] - reg loss: 4.1795524847312056, entropy loss: 0.045468533869649545, leaf dev: 0.11795372515916824
[2026-06-26 13:55:41,913][root][INFO] - Val leaf stats: tensor([3.2379e-01, 3.3216e-02, 2.4791e-01, 0.0000e+00, 2.7005e-04, 1.8904e-03,
        2.7005e-04, 2.9706e-03, 1.3773e-02, 2.7005e-04, 3.2001e-01, 2.9166e-02,
        1.4313e-02, 1.1342e-02, 8.1015e-04, 0.0000e+00])
[2026-06-26 13:55:42,336][root][INFO] - reg loss: 4.234149753070269, entropy loss: 0.048988878543748234, leaf dev: 0.10608385503292084
[2026-06-26 13:55:42,337][root][INFO] - Val leaf stats: tensor([2.7005e-04, 4.3208e-03, 1.4853e-02, 1.8904e-03, 4.0508e-03, 6.3462e-02,
        2.9706e-03, 0.0000e+00, 1.9201e-01, 3.6997e-02, 3.4053e-01, 2.6168e-01,
        5.4010e-04, 6.4812e-02, 1.1612e-02, 0.0000e+00])
[2026-06-26 13:55:42,551][root][INFO] - reg loss: 4.225640422008077, entropy loss: 0.061017078820799216, leaf dev: 0.12281613796949387
[2026-06-26 13:55:42,552][root][INFO] - Val leaf stats: tensor([2.0200e-01, 1.8904e-03, 2.6816e-01, 2.4305e-03, 4.3208e-03, 8.1015e-04,
        6.2112e-03, 2.1604e-03, 2.7005e-04, 0.0000e+00, 4.3478e-02, 8.1015e-04,
        2.1604e-02, 4.1561e-01, 5.4010e-04, 2.9706e-02])
[2026-06-26 13:55:42,617][root][INFO] - reg loss: 4.123091095783671, entropy loss: 0.059088823064917424, leaf dev: 0.12546595931053162
[2026-06-26 13:55:42,619][root][INFO] - Val leaf stats: tensor([0.0000, 0.0022, 0.3027, 0.0057, 0.0000, 0.0011, 0.3095, 0.0011, 0.0000,
        0.0014, 0.0019, 0.3316, 0.0027, 0.0022, 0.0340, 0.0041])
[2026-06-26 13:55:42,909][root][INFO] - reg loss: 4.107366561889648, entropy loss: 0.06822699955740913, leaf dev: 0.15030086040496826
[2026-06-26 13:55:42,910][root][INFO] - Val leaf stats: tensor([1.0802e-03, 4.0508e-03, 4.8042e-01, 5.6711e-03, 0.0000e+00, 6.1572e-02,
        4.0778e-01, 5.4010e-03, 1.8904e-03, 1.3503e-03, 4.3208e-03, 2.7005e-04,
        5.4010e-04, 1.7553e-02, 8.1015e-03, 0.0000e+00])
[2026-06-26 13:55:43,029][root][INFO] - Epoch: 9 | train acc: 0.6567, train loss: 17.80116738, valid acc: 0.6495, valid loss: 1.06427118, test acc: 0.6237, test loss: 1.10234320
[2026-06-26 13:55:44,957][root][INFO] - Epoch: 10 | train acc: 0.8036, train loss: 8.99558499, valid acc: 0.7597, valid loss: 0.78433665, test acc: 0.7351, test loss: 0.81354598
[2026-06-26 13:55:48,995][root][INFO] - Epoch: 9 | train acc: 0.7840, train loss: 4.80664775, valid acc: 0.7413, valid loss: 0.79122285, test acc: 0.7212, test loss: 0.84800703
[2026-06-26 13:55:49,133][root][INFO] - reg loss: 4.207460911547551, entropy loss: 0.048394188834506954, leaf dev: 0.08764291554689407
[2026-06-26 13:55:49,135][root][INFO] - Val leaf stats: tensor([0.0003, 0.0005, 0.1267, 0.0022, 0.0189, 0.2023, 0.2398, 0.0386, 0.0173,
        0.0008, 0.0573, 0.0038, 0.0570, 0.2336, 0.0005, 0.0005])
[2026-06-26 13:55:49,545][root][INFO] - Epoch: 10 | train acc: 0.6274, train loss: 17.96093556, valid acc: 0.5947, valid loss: 1.18807185, test acc: 0.5781, test loss: 1.21081217
[2026-06-26 13:55:50,404][root][INFO] - reg loss: 4.206192032235568, entropy loss: 0.04729276779489439, leaf dev: 0.12980300188064575
[2026-06-26 13:55:50,405][root][INFO] - Val leaf stats: tensor([2.7005e-04, 9.7218e-03, 8.1015e-04, 1.8904e-03, 0.0000e+00, 1.2962e-02,
        0.0000e+00, 0.0000e+00, 0.0000e+00, 3.2190e-01, 0.0000e+00, 3.2136e-02,
        4.0805e-01, 2.7005e-04, 2.0929e-01, 2.7005e-03])
[2026-06-26 13:55:52,973][root][INFO] - Epoch: 10 | train acc: 0.7729, train loss: 2.82288302, valid acc: 0.7229, valid loss: 0.87043347, test acc: 0.7064, test loss: 0.90037957
[2026-06-26 13:55:54,162][root][INFO] - Epoch: 10 | train acc: 0.7194, train loss: 4.97754870, valid acc: 0.6908, valid loss: 0.90571554, test acc: 0.6649, test loss: 0.97480910
[2026-06-26 13:55:55,376][root][INFO] - reg loss: 4.155632011225967, entropy loss: 0.06241742729163561, leaf dev: 0.12626123428344727
[2026-06-26 13:55:55,377][root][INFO] - Val leaf stats: tensor([0.0000, 0.0005, 0.0008, 0.0062, 0.0024, 0.0000, 0.0011, 0.0014, 0.0000,
        0.3792, 0.0046, 0.1747, 0.3513, 0.0608, 0.0081, 0.0089])
[2026-06-26 13:55:55,629][root][INFO] - reg loss: 4.2295635645506815, entropy loss: 0.0435035131627419, leaf dev: 0.097634457051754
[2026-06-26 13:55:55,630][root][INFO] - Val leaf stats: tensor([0.0113, 0.0005, 0.3176, 0.0014, 0.0078, 0.1210, 0.2212, 0.0505, 0.0000,
        0.0000, 0.0000, 0.0000, 0.0000, 0.0983, 0.1693, 0.0011])
[2026-06-26 13:55:58,988][root][INFO] - reg loss: 4.311513588076732, entropy loss: 0.07860891997325616, leaf dev: 0.11848219484090805
[2026-06-26 13:55:58,990][root][INFO] - Val leaf stats: tensor([1.6203e-03, 3.5107e-03, 2.7005e-04, 9.7218e-03, 1.3503e-03, 6.2112e-03,
        0.0000e+00, 0.0000e+00, 1.6203e-02, 1.3260e-01, 0.0000e+00, 1.1342e-02,
        3.3783e-01, 1.1180e-01, 3.5809e-01, 9.4518e-03])
[2026-06-26 13:56:00,552][root][INFO] - reg loss: 4.1644929354308085, entropy loss: 0.06576052778324143, leaf dev: 0.1277843713760376
[2026-06-26 13:56:00,554][root][INFO] - Val leaf stats: tensor([0.0000e+00, 1.0802e-03, 1.5258e-01, 2.3224e-02, 5.4010e-04, 5.4010e-03,
        2.7005e-04, 5.4010e-04, 8.1015e-03, 2.7005e-04, 5.4010e-03, 6.4812e-03,
        8.1015e-04, 3.6133e-01, 3.8833e-01, 4.5639e-02])
[2026-06-26 13:56:02,357][root][INFO] - Epoch: 10 | train acc: 0.6486, train loss: 3.08326419, valid acc: 0.6354, valid loss: 1.06961004, test acc: 0.6173, test loss: 1.11232647
[2026-06-26 13:56:08,651][root][INFO] - reg loss: 4.217687215961393, entropy loss: 0.053962115259444124, leaf dev: 0.11478470265865326
[2026-06-26 13:56:08,652][root][INFO] - Val leaf stats: tensor([0.0000e+00, 5.4010e-04, 0.0000e+00, 2.7005e-03, 4.1318e-01, 2.0470e-01,
        8.1015e-04, 0.0000e+00, 8.1826e-02, 1.0802e-03, 6.3192e-02, 1.8823e-01,
        3.6727e-02, 5.4010e-04, 2.7005e-04, 6.2112e-03])
[2026-06-26 13:56:20,499][root][INFO] - Epoch: 11 | train acc: 0.8118, train loss: 8.82500098, valid acc: 0.7607, valid loss: 0.75917756, test acc: 0.7459, test loss: 0.77155407
[2026-06-26 13:56:20,923][root][INFO] - Epoch: 10 | train acc: 0.6705, train loss: 33.79486003, valid acc: 0.6449, valid loss: 1.03373228, test acc: 0.6421, test loss: 1.03941345
[2026-06-26 13:56:21,424][root][INFO] - Epoch: 10 | train acc: 0.7793, train loss: 33.19257273, valid acc: 0.7448, valid loss: 0.80275836, test acc: 0.7143, test loss: 0.85436536
[2026-06-26 13:56:21,926][root][INFO] - Epoch: 11 | train acc: 0.7486, train loss: 17.24814762, valid acc: 0.7094, valid loss: 0.93162920, test acc: 0.6937, test loss: 0.93865709
[2026-06-26 13:56:23,794][root][INFO] - Epoch: 10 | train acc: 0.6378, train loss: 5.31644154, valid acc: 0.6179, valid loss: 1.16836093, test acc: 0.6021, test loss: 1.18889146
[2026-06-26 13:56:24,182][root][INFO] - Epoch: 10 | train acc: 0.7581, train loss: 4.86418966, valid acc: 0.7381, valid loss: 0.80876273, test acc: 0.7153, test loss: 0.83482610
[2026-06-26 13:56:24,389][root][INFO] - Epoch: 10 | train acc: 0.6538, train loss: 0.98876753, valid acc: 0.6470, valid loss: 1.10289826, test acc: 0.6284, test loss: 1.12292907
[2026-06-26 13:56:24,482][root][INFO] - Epoch: 10 | train acc: 0.7651, train loss: 2.80536388, valid acc: 0.7175, valid loss: 0.83816912, test acc: 0.7027, test loss: 0.89676142
[2026-06-26 13:56:24,858][root][INFO] - Epoch: 10 | train acc: 0.6180, train loss: 9.27107653, valid acc: 0.6030, valid loss: 1.15812220, test acc: 0.5734, test loss: 1.23010999
[2026-06-26 13:56:24,981][root][INFO] - Epoch: 11 | train acc: 0.7065, train loss: 0.84372658, valid acc: 0.6597, valid loss: 1.01077510, test acc: 0.6470, test loss: 1.05026001
[2026-06-26 13:56:25,612][root][INFO] - reg loss: 4.135507278755063, entropy loss: 0.049263227425637796, leaf dev: 0.12487825751304626
[2026-06-26 13:56:25,613][root][INFO] - Val leaf stats: tensor([0.0011, 0.0108, 0.0000, 0.0000, 0.0014, 0.0011, 0.1204, 0.0024, 0.0248,
        0.0019, 0.0078, 0.2109, 0.1569, 0.4604, 0.0000, 0.0000])
[2026-06-26 13:56:25,728][root][INFO] - Epoch: 10 | train acc: 0.6771, train loss: 2.97956292, valid acc: 0.6578, valid loss: 1.04010905, test acc: 0.6328, test loss: 1.08042839
[2026-06-26 13:56:26,188][root][INFO] - reg loss: 4.109173735634226, entropy loss: 0.05247013667812113, leaf dev: 0.12281831353902817
[2026-06-26 13:56:26,189][root][INFO] - Val leaf stats: tensor([8.1015e-04, 2.7005e-04, 2.6303e-01, 3.5107e-03, 1.0802e-03, 7.4534e-02,
        3.8266e-01, 0.0000e+00, 0.0000e+00, 5.4010e-04, 0.0000e+00, 1.3503e-03,
        2.7005e-03, 8.1015e-04, 2.5979e-01, 8.9117e-03])
[2026-06-26 13:56:26,421][root][INFO] - reg loss: 4.068498642718206, entropy loss: 0.05334270782158023, leaf dev: 0.16815054416656494
[2026-06-26 13:56:26,422][root][INFO] - Val leaf stats: tensor([2.7005e-04, 8.1015e-04, 5.4010e-04, 4.5909e-03, 2.7005e-04, 7.0213e-03,
        0.0000e+00, 0.0000e+00, 1.3503e-03, 2.9706e-03, 0.0000e+00, 1.0802e-03,
        5.6819e-01, 1.6203e-03, 4.0454e-01, 6.7513e-03])
[2026-06-26 13:56:27,321][root][INFO] - reg loss: 4.130617047919602, entropy loss: 0.05545985741449184, leaf dev: 0.1588543951511383
[2026-06-26 13:56:27,322][root][INFO] - Val leaf stats: tensor([2.7005e-04, 6.1572e-02, 1.3503e-03, 5.4010e-04, 1.6203e-03, 0.0000e+00,
        0.0000e+00, 1.6203e-03, 0.0000e+00, 0.0000e+00, 2.7005e-04, 6.7513e-03,
        5.8898e-01, 3.7267e-02, 2.9814e-01, 1.6203e-03])
[2026-06-26 13:56:28,968][root][INFO] - reg loss: 4.297779403749059, entropy loss: 0.04884452904101278, leaf dev: 0.10574164241552353
[2026-06-26 13:56:28,969][root][INFO] - Val leaf stats: tensor([0.0059, 0.0000, 0.0297, 0.0016, 0.1107, 0.1858, 0.1302, 0.3870, 0.1250,
        0.0100, 0.0014, 0.0032, 0.0086, 0.0000, 0.0008, 0.0000])
[2026-06-26 13:56:29,595][root][INFO] - reg loss: 4.260410191582852, entropy loss: 0.05022308969351112, leaf dev: 0.10544964671134949
[2026-06-26 13:56:29,596][root][INFO] - Val leaf stats: tensor([0.0000, 0.0022, 0.0211, 0.0000, 0.0913, 0.1069, 0.0786, 0.1790, 0.0119,
        0.0011, 0.0313, 0.0470, 0.0186, 0.0014, 0.4089, 0.0008])
[2026-06-26 13:56:29,634][root][INFO] - reg loss: 4.114746320443075, entropy loss: 0.06508247481017816, leaf dev: 0.15120139718055725
[2026-06-26 13:56:29,635][root][INFO] - Val leaf stats: tensor([2.7005e-04, 3.2406e-03, 4.7340e-01, 6.4812e-03, 0.0000e+00, 5.7521e-02,
        4.2128e-01, 8.1015e-04, 2.4305e-03, 1.0802e-03, 4.0508e-03, 2.7005e-04,
        0.0000e+00, 1.8634e-02, 1.0532e-02, 0.0000e+00])
[2026-06-26 13:56:29,767][root][INFO] - reg loss: 4.244759575265353, entropy loss: 0.060706768673462946, leaf dev: 0.1212787926197052
[2026-06-26 13:56:29,769][root][INFO] - Val leaf stats: tensor([0.1296, 0.0024, 0.2039, 0.0005, 0.0046, 0.0030, 0.0043, 0.0019, 0.0016,
        0.0000, 0.1126, 0.0038, 0.0240, 0.4572, 0.0016, 0.0489])
[2026-06-26 13:56:29,878][root][INFO] - reg loss: 4.1755024487855, entropy loss: 0.044201321167046906, leaf dev: 0.11824814975261688
[2026-06-26 13:56:29,879][root][INFO] - Val leaf stats: tensor([3.0057e-01, 2.3494e-02, 2.7923e-01, 0.0000e+00, 2.7005e-04, 2.7005e-03,
        2.7005e-04, 3.2406e-03, 1.5123e-02, 0.0000e+00, 3.1920e-01, 3.0516e-02,
        1.0532e-02, 1.4043e-02, 8.1015e-04, 0.0000e+00])
[2026-06-26 13:56:30,348][root][INFO] - reg loss: 4.227795296028012, entropy loss: 0.04488796319385044, leaf dev: 0.1159953773021698
[2026-06-26 13:56:30,349][root][INFO] - Val leaf stats: tensor([5.4010e-04, 8.1015e-04, 7.0213e-03, 0.0000e+00, 9.7218e-03, 6.6973e-02,
        5.4010e-04, 2.7005e-04, 1.3638e-01, 9.7218e-03, 4.1534e-01, 2.4791e-01,
        1.3503e-03, 8.0745e-02, 2.2684e-02, 0.0000e+00])
[2026-06-26 13:56:30,650][root][INFO] - reg loss: 4.127117485296531, entropy loss: 0.06079293775265334, leaf dev: 0.12653332948684692
[2026-06-26 13:56:30,651][root][INFO] - Val leaf stats: tensor([2.7005e-04, 2.7005e-03, 2.3332e-01, 7.2914e-03, 0.0000e+00, 8.1015e-04,
        3.9184e-01, 2.7005e-03, 2.7005e-04, 1.0802e-03, 0.0000e+00, 3.0435e-01,
        3.7807e-03, 3.5107e-03, 4.4018e-02, 4.0508e-03])
[2026-06-26 13:56:30,907][root][INFO] - Epoch: 10 | train acc: 0.6886, train loss: 17.70999049, valid acc: 0.6740, valid loss: 0.99968257, test acc: 0.6534, test loss: 1.04165635
[2026-06-26 13:56:31,149][root][INFO] - Epoch: 11 | train acc: 0.7548, train loss: 9.10609872, valid acc: 0.7181, valid loss: 0.90122871, test acc: 0.6973, test loss: 0.90939136
[2026-06-26 13:56:36,639][root][INFO] - Epoch: 10 | train acc: 0.7815, train loss: 4.79763659, valid acc: 0.7437, valid loss: 0.79850382, test acc: 0.7307, test loss: 0.82727704
[2026-06-26 13:56:36,905][root][INFO] - reg loss: 4.209151166384338, entropy loss: 0.048895046298132565, leaf dev: 0.08311978727579117
[2026-06-26 13:56:36,906][root][INFO] - Val leaf stats: tensor([0.0003, 0.0008, 0.1415, 0.0032, 0.0186, 0.1804, 0.2295, 0.0478, 0.0197,
        0.0008, 0.0678, 0.0038, 0.0629, 0.2220, 0.0003, 0.0005])
[2026-06-26 13:56:37,230][root][INFO] - reg loss: 4.192032337188721, entropy loss: 0.04593391209596493, leaf dev: 0.13842427730560303
[2026-06-26 13:56:37,233][root][INFO] - Val leaf stats: tensor([2.7005e-04, 5.6711e-03, 2.7005e-04, 1.8904e-03, 8.1015e-04, 5.1580e-02,
        5.4010e-04, 5.4010e-04, 2.7005e-04, 5.1553e-01, 5.4010e-04, 1.6311e-01,
        2.3278e-01, 5.4010e-04, 2.5655e-02, 0.0000e+00])
[2026-06-26 13:56:37,595][root][INFO] - Epoch: 11 | train acc: 0.6520, train loss: 17.90775815, valid acc: 0.6157, valid loss: 1.12524926, test acc: 0.5916, test loss: 1.15564588
[2026-06-26 13:56:39,277][root][INFO] - Epoch: 11 | train acc: 0.7873, train loss: 2.78037487, valid acc: 0.7408, valid loss: 0.84697357, test acc: 0.7175, test loss: 0.86600066
[2026-06-26 13:56:40,760][root][INFO] - Epoch: 11 | train acc: 0.7065, train loss: 5.01361420, valid acc: 0.6438, valid loss: 1.05952954, test acc: 0.6375, test loss: 1.07071071
[2026-06-26 13:56:43,159][root][INFO] - reg loss: 4.156370952481129, entropy loss: 0.061866969969428955, leaf dev: 0.13730986416339874
[2026-06-26 13:56:43,160][root][INFO] - Val leaf stats: tensor([5.4010e-04, 5.4010e-04, 2.7005e-04, 5.9411e-03, 3.7807e-03, 8.1015e-04,
        3.7807e-03, 1.0802e-03, 0.0000e+00, 4.7961e-01, 7.2914e-03, 1.6662e-01,
        2.9382e-01, 3.2676e-02, 1.3503e-03, 1.8904e-03])
[2026-06-26 13:56:43,964][root][INFO] - reg loss: 4.230457462248255, entropy loss: 0.04306228776447109, leaf dev: 0.10236020386219025
[2026-06-26 13:56:43,966][root][INFO] - Val leaf stats: tensor([0.0032, 0.0005, 0.3025, 0.0011, 0.0043, 0.0575, 0.2709, 0.0543, 0.0005,
        0.0000, 0.0000, 0.0000, 0.0000, 0.1196, 0.1850, 0.0005])
[2026-06-26 13:56:45,358][root][INFO] - reg loss: 4.320988193887179, entropy loss: 0.07667930521925942, leaf dev: 0.11744986474514008
[2026-06-26 13:56:45,359][root][INFO] - Val leaf stats: tensor([2.7005e-04, 1.3503e-03, 2.7005e-04, 8.3716e-03, 8.1015e-04, 8.3716e-03,
        0.0000e+00, 2.7005e-03, 2.9706e-02, 1.5177e-01, 5.4010e-04, 6.2112e-03,
        3.4945e-01, 5.8331e-02, 3.4405e-01, 3.7807e-02])
[2026-06-26 13:56:47,196][root][INFO] - reg loss: 4.160935347197486, entropy loss: 0.06487752710942363, leaf dev: 0.14676417410373688
[2026-06-26 13:56:47,197][root][INFO] - Val leaf stats: tensor([0.0000e+00, 1.0802e-03, 1.1180e-01, 2.7005e-04, 1.6203e-03, 1.2962e-02,
        2.7005e-03, 2.1604e-03, 9.7218e-03, 2.7005e-04, 5.9411e-03, 2.7005e-03,
        3.2406e-03, 5.1877e-01, 3.2190e-01, 4.8609e-03])
[2026-06-26 13:56:48,514][root][INFO] - Epoch: 11 | train acc: 0.6678, train loss: 3.04597610, valid acc: 0.6200, valid loss: 1.12551205, test acc: 0.6014, test loss: 1.15008792
[2026-06-26 13:56:54,911][root][INFO] - reg loss: 4.2117455201070815, entropy loss: 0.05280167389600003, leaf dev: 0.09645301103591919
[2026-06-26 13:56:54,913][root][INFO] - Val leaf stats: tensor([0.0000e+00, 1.0802e-03, 0.0000e+00, 2.7005e-03, 2.2576e-01, 2.9895e-01,
        5.4010e-04, 0.0000e+00, 1.2098e-01, 1.0262e-02, 7.1023e-02, 1.9255e-01,
        6.9403e-02, 2.1604e-03, 2.7005e-04, 4.3208e-03])
[2026-06-26 13:57:07,665][root][INFO] - Epoch: 11 | train acc: 0.6872, train loss: 33.61940690, valid acc: 0.6514, valid loss: 1.02493881, test acc: 0.6448, test loss: 1.02519425
[2026-06-26 13:57:08,313][root][INFO] - Epoch: 11 | train acc: 0.7897, train loss: 33.13154433, valid acc: 0.7421, valid loss: 0.82705218, test acc: 0.7158, test loss: 0.85760534
[2026-06-26 13:57:08,717][root][INFO] - Epoch: 12 | train acc: 0.8199, train loss: 8.77065979, valid acc: 0.7702, valid loss: 0.75731034, test acc: 0.7506, test loss: 0.77015897
[2026-06-26 13:57:08,857][root][INFO] - Epoch: 12 | train acc: 0.7670, train loss: 17.16524906, valid acc: 0.7043, valid loss: 0.93095451, test acc: 0.6929, test loss: 0.91347979
[2026-06-26 13:57:10,491][root][INFO] - Epoch: 11 | train acc: 0.6648, train loss: 5.23053236, valid acc: 0.6273, valid loss: 1.10410004, test acc: 0.6119, test loss: 1.13666438
[2026-06-26 13:57:10,912][root][INFO] - Epoch: 12 | train acc: 0.7131, train loss: 0.81138988, valid acc: 0.6762, valid loss: 0.97154753, test acc: 0.6583, test loss: 1.02212238
[2026-06-26 13:57:12,001][root][INFO] - Epoch: 11 | train acc: 0.6789, train loss: 0.92327090, valid acc: 0.6514, valid loss: 1.08395360, test acc: 0.6350, test loss: 1.09998969
[2026-06-26 13:57:12,278][root][INFO] - Epoch: 11 | train acc: 0.6315, train loss: 9.23684226, valid acc: 0.6103, valid loss: 1.14771356, test acc: 0.5781, test loss: 1.20533989
[2026-06-26 13:57:12,546][root][INFO] - Epoch: 11 | train acc: 0.7829, train loss: 4.79642880, valid acc: 0.7453, valid loss: 0.80854813, test acc: 0.7239, test loss: 0.85605686
[2026-06-26 13:57:12,797][root][INFO] - Epoch: 11 | train acc: 0.6850, train loss: 2.95341565, valid acc: 0.6514, valid loss: 0.98946872, test acc: 0.6404, test loss: 1.02518641
[2026-06-26 13:57:12,905][root][INFO] - Epoch: 11 | train acc: 0.7715, train loss: 2.78134408, valid acc: 0.7359, valid loss: 0.82522756, test acc: 0.7035, test loss: 0.87936942
[2026-06-26 13:57:13,442][root][INFO] - reg loss: 4.09205183435659, entropy loss: 0.05279218002420957, leaf dev: 0.12590906023979187
[2026-06-26 13:57:13,443][root][INFO] - Val leaf stats: tensor([5.4010e-04, 5.4010e-04, 2.7275e-01, 4.5909e-03, 1.3503e-03, 7.0213e-02,
        4.1210e-01, 2.7005e-04, 8.1015e-04, 2.1604e-03, 0.0000e+00, 2.7005e-04,
        3.2406e-03, 1.0802e-03, 2.2603e-01, 4.0508e-03])
[2026-06-26 13:57:13,876][root][INFO] - reg loss: 4.065243353609179, entropy loss: 0.05238365632344465, leaf dev: 0.16728152334690094
[2026-06-26 13:57:13,878][root][INFO] - Val leaf stats: tensor([2.7005e-04, 8.1015e-04, 5.4010e-04, 4.5909e-03, 2.7005e-04, 6.4812e-03,
        0.0000e+00, 0.0000e+00, 1.3503e-03, 4.3208e-03, 0.0000e+00, 1.0802e-03,
        5.5982e-01, 3.2406e-03, 4.1075e-01, 6.4812e-03])
[2026-06-26 13:57:14,058][root][INFO] - reg loss: 4.120910144243084, entropy loss: 0.04930635315717244, leaf dev: 0.12532852590084076
[2026-06-26 13:57:14,059][root][INFO] - Val leaf stats: tensor([0.0011, 0.0105, 0.0000, 0.0000, 0.0022, 0.0008, 0.1153, 0.0022, 0.0300,
        0.0024, 0.0011, 0.2247, 0.1510, 0.4588, 0.0000, 0.0000])
[2026-06-26 13:57:14,184][root][INFO] - reg loss: 4.121166471575127, entropy loss: 0.05425366808156498, leaf dev: 0.15313610434532166
[2026-06-26 13:57:14,186][root][INFO] - Val leaf stats: tensor([2.1604e-03, 5.6171e-02, 8.1015e-04, 5.4010e-04, 3.7807e-03, 5.4010e-04,
        2.7005e-04, 2.7005e-04, 0.0000e+00, 0.0000e+00, 2.7005e-04, 4.3208e-03,
        5.6198e-01, 5.9681e-02, 3.0273e-01, 6.4812e-03])
[2026-06-26 13:57:15,820][root][INFO] - reg loss: 4.179556666827593, entropy loss: 0.043475245171394505, leaf dev: 0.1164226233959198
[2026-06-26 13:57:15,821][root][INFO] - Val leaf stats: tensor([2.7005e-04, 8.1015e-04, 5.9411e-03, 2.7005e-04, 8.3716e-03, 6.2922e-02,
        1.0802e-03, 5.4010e-04, 2.3602e-01, 1.2152e-02, 3.8320e-01, 2.4089e-01,
        2.9706e-03, 2.5385e-02, 1.9174e-02, 0.0000e+00])
[2026-06-26 13:57:16,032][root][INFO] - reg loss: 4.283689319110308, entropy loss: 0.049050480982319254, leaf dev: 0.11064565926790237
[2026-06-26 13:57:16,033][root][INFO] - Val leaf stats: tensor([7.8315e-03, 2.7005e-04, 9.1817e-03, 5.4010e-04, 1.1126e-01, 1.7823e-01,
        1.4205e-01, 4.0886e-01, 1.1963e-01, 8.1015e-03, 1.0802e-03, 5.4010e-04,
        1.1072e-02, 0.0000e+00, 5.4010e-04, 8.1015e-04])
[2026-06-26 13:57:17,469][root][INFO] - reg loss: 4.265833237132088, entropy loss: 0.048511968223286454, leaf dev: 0.10266904532909393
[2026-06-26 13:57:17,470][root][INFO] - Val leaf stats: tensor([2.7005e-04, 3.5107e-03, 2.3765e-02, 0.0000e+00, 8.7227e-02, 1.4151e-01,
        7.3724e-02, 1.5258e-01, 1.1342e-02, 1.0802e-03, 3.6727e-02, 4.7799e-02,
        1.9984e-02, 8.1015e-04, 3.9941e-01, 2.7005e-04])
[2026-06-26 13:57:17,690][root][INFO] - reg loss: 4.167080863577421, entropy loss: 0.04345961678467813, leaf dev: 0.11949457973241806
[2026-06-26 13:57:17,692][root][INFO] - Val leaf stats: tensor([2.1442e-01, 4.0508e-03, 3.2973e-01, 2.7005e-04, 2.7005e-04, 2.4305e-03,
        0.0000e+00, 3.5107e-03, 2.9436e-02, 0.0000e+00, 3.4540e-01, 3.2136e-02,
        1.4583e-02, 2.3224e-02, 5.4010e-04, 0.0000e+00])
[2026-06-26 13:57:17,699][root][INFO] - reg loss: 4.11056746029463, entropy loss: 0.06373469366646203, leaf dev: 0.1469494104385376
[2026-06-26 13:57:17,700][root][INFO] - Val leaf stats: tensor([5.4010e-04, 4.5909e-03, 4.5180e-01, 1.4043e-02, 0.0000e+00, 5.9411e-02,
        4.2155e-01, 0.0000e+00, 3.7807e-03, 1.0802e-03, 5.4010e-03, 2.7005e-04,
        5.4010e-04, 2.5925e-02, 1.1072e-02, 0.0000e+00])
[2026-06-26 13:57:18,185][root][INFO] - reg loss: 4.118292269159536, entropy loss: 0.059090785743271715, leaf dev: 0.12459123134613037
[2026-06-26 13:57:18,186][root][INFO] - Val leaf stats: tensor([0.0000, 0.0073, 0.2819, 0.0076, 0.0014, 0.0005, 0.3311, 0.0073, 0.0008,
        0.0022, 0.0008, 0.3246, 0.0046, 0.0032, 0.0259, 0.0008])
[2026-06-26 13:57:18,247][root][INFO] - reg loss: 4.236035010853752, entropy loss: 0.059061698615550995, leaf dev: 0.11949412524700165
[2026-06-26 13:57:18,249][root][INFO] - Val leaf stats: tensor([1.4016e-01, 1.6203e-03, 2.1307e-01, 1.0802e-03, 2.1604e-03, 5.6711e-03,
        1.6203e-03, 2.7005e-04, 5.4010e-04, 0.0000e+00, 1.0964e-01, 3.2406e-03,
        3.1596e-02, 4.4342e-01, 1.8904e-03, 4.4018e-02])
[2026-06-26 13:57:18,824][root][INFO] - Epoch: 12 | train acc: 0.7802, train loss: 8.96765942, valid acc: 0.7559, valid loss: 0.88294755, test acc: 0.7182, test loss: 0.86118368
[2026-06-26 13:57:19,069][root][INFO] - Epoch: 11 | train acc: 0.7040, train loss: 17.69213642, valid acc: 0.6824, valid loss: 0.97151776, test acc: 0.6657, test loss: 1.01258749
[2026-06-26 13:57:24,258][root][INFO] - Epoch: 11 | train acc: 0.8011, train loss: 4.71437726, valid acc: 0.7537, valid loss: 0.78067041, test acc: 0.7383, test loss: 0.80988228
[2026-06-26 13:57:24,699][root][INFO] - reg loss: 4.161819833223937, entropy loss: 0.04248159983363308, leaf dev: 0.12814827263355255
[2026-06-26 13:57:24,701][root][INFO] - Val leaf stats: tensor([6.2112e-03, 1.6203e-03, 8.1015e-04, 1.0802e-03, 2.7005e-03, 2.6735e-02,
        0.0000e+00, 2.7005e-04, 0.0000e+00, 4.0643e-01, 2.7005e-04, 2.1145e-01,
        3.1191e-01, 5.4010e-04, 2.9706e-02, 2.7005e-04])
[2026-06-26 13:57:24,881][root][INFO] - Epoch: 12 | train acc: 0.6550, train loss: 17.86816337, valid acc: 0.6168, valid loss: 1.12924605, test acc: 0.6043, test loss: 1.15317420
[2026-06-26 13:57:25,390][root][INFO] - Epoch: 12 | train acc: 0.8077, train loss: 2.71446267, valid acc: 0.7470, valid loss: 0.85358856, test acc: 0.7185, test loss: 0.84134332
[2026-06-26 13:57:25,440][root][INFO] - reg loss: 4.214410969468414, entropy loss: 0.04825491201682169, leaf dev: 0.07707619667053223
[2026-06-26 13:57:25,441][root][INFO] - Val leaf stats: tensor([0.0000, 0.0011, 0.1526, 0.0003, 0.0205, 0.1896, 0.1817, 0.0834, 0.0162,
        0.0008, 0.0562, 0.0032, 0.0945, 0.1990, 0.0003, 0.0005])
[2026-06-26 13:57:27,715][root][INFO] - Epoch: 12 | train acc: 0.6895, train loss: 5.05034447, valid acc: 0.6673, valid loss: 0.98546267, test acc: 0.6483, test loss: 1.02507745
[2026-06-26 13:57:30,324][root][INFO] - reg loss: 4.135196763961042, entropy loss: 0.059487464669786515, leaf dev: 0.13124896585941315
[2026-06-26 13:57:30,326][root][INFO] - Val leaf stats: tensor([0.0000e+00, 1.3503e-03, 1.0802e-03, 6.7513e-03, 1.3503e-03, 2.7005e-04,
        5.4010e-04, 0.0000e+00, 8.1015e-04, 4.1534e-01, 8.1015e-04, 1.7175e-01,
        3.4080e-01, 5.1580e-02, 3.7807e-03, 3.7807e-03])
[2026-06-26 13:57:31,295][root][INFO] - reg loss: 4.224791573696449, entropy loss: 0.04238955823124432, leaf dev: 0.1025775596499443
[2026-06-26 13:57:31,297][root][INFO] - Val leaf stats: tensor([0.0030, 0.0005, 0.3049, 0.0008, 0.0016, 0.0446, 0.2660, 0.0600, 0.0005,
        0.0000, 0.0000, 0.0000, 0.0000, 0.1377, 0.1790, 0.0014])
[2026-06-26 13:57:31,331][root][INFO] - reg loss: 4.284102635305436, entropy loss: 0.06428883383508588, leaf dev: 0.11949335783720016
[2026-06-26 13:57:31,333][root][INFO] - Val leaf stats: tensor([1.8904e-03, 1.8904e-03, 2.7005e-04, 1.0532e-02, 5.4010e-04, 9.7218e-03,
        0.0000e+00, 2.9706e-03, 2.3765e-02, 1.4718e-01, 5.4010e-04, 5.9411e-03,
        3.6970e-01, 7.2374e-02, 3.3459e-01, 1.8093e-02])
[2026-06-26 13:57:33,656][root][INFO] - reg loss: 4.163012426407611, entropy loss: 0.0631672305772539, leaf dev: 0.14144331216812134
[2026-06-26 13:57:33,657][root][INFO] - Val leaf stats: tensor([0.0000e+00, 1.0802e-03, 1.1909e-01, 2.7005e-04, 1.0802e-03, 1.2962e-02,
        1.8904e-03, 2.4305e-03, 1.4043e-02, 0.0000e+00, 6.4812e-03, 4.3208e-03,
        2.1604e-03, 4.7475e-01, 3.4999e-01, 9.4518e-03])
[2026-06-26 13:57:34,630][root][INFO] - Epoch: 12 | train acc: 0.6669, train loss: 3.05396116, valid acc: 0.6427, valid loss: 1.04530071, test acc: 0.6217, test loss: 1.10883617
[2026-06-26 13:57:41,252][root][INFO] - reg loss: 4.216221793753202, entropy loss: 0.05213436258376622, leaf dev: 0.1073727086186409
[2026-06-26 13:57:41,253][root][INFO] - Val leaf stats: tensor([2.7005e-04, 5.4010e-04, 2.7005e-04, 2.9706e-03, 2.9166e-01, 3.3837e-01,
        8.1015e-04, 0.0000e+00, 7.9935e-02, 2.7545e-02, 5.3200e-02, 1.5393e-01,
        4.6719e-02, 8.1015e-04, 2.7005e-04, 2.7005e-03])
[2026-06-26 13:57:55,857][root][INFO] - Epoch: 12 | train acc: 0.7999, train loss: 33.09561570, valid acc: 0.7510, valid loss: 0.84084778, test acc: 0.7167, test loss: 0.84946713
[2026-06-26 13:57:56,177][root][INFO] - Epoch: 12 | train acc: 0.6935, train loss: 33.63145115, valid acc: 0.6676, valid loss: 0.96974232, test acc: 0.6627, test loss: 1.00854159
[2026-06-26 13:57:56,733][root][INFO] - Epoch: 13 | train acc: 0.7742, train loss: 17.13072952, valid acc: 0.7197, valid loss: 0.90245210, test acc: 0.7030, test loss: 0.90233915
[2026-06-26 13:57:56,967][root][INFO] - Epoch: 13 | train acc: 0.7199, train loss: 0.81100482, valid acc: 0.6862, valid loss: 0.93724072, test acc: 0.6576, test loss: 1.00872336
[2026-06-26 13:57:57,398][root][INFO] - Epoch: 13 | train acc: 0.8330, train loss: 8.74651115, valid acc: 0.7594, valid loss: 0.77031501, test acc: 0.7440, test loss: 0.79293950
[2026-06-26 13:57:58,521][root][INFO] - Epoch: 12 | train acc: 0.6619, train loss: 5.22711118, valid acc: 0.6238, valid loss: 1.12297159, test acc: 0.6087, test loss: 1.14988575
[2026-06-26 13:57:59,350][root][INFO] - Epoch: 12 | train acc: 0.7885, train loss: 2.72180646, valid acc: 0.7502, valid loss: 0.79963533, test acc: 0.7189, test loss: 0.84656448
[2026-06-26 13:58:00,114][root][INFO] - Epoch: 12 | train acc: 0.6940, train loss: 0.87402614, valid acc: 0.6657, valid loss: 1.03698957, test acc: 0.6517, test loss: 1.08137121
[2026-06-26 13:58:00,289][root][INFO] - Epoch: 12 | train acc: 0.7898, train loss: 4.79496471, valid acc: 0.7432, valid loss: 0.82788334, test acc: 0.7216, test loss: 0.86140187
[2026-06-26 13:58:00,341][root][INFO] - Epoch: 12 | train acc: 0.6823, train loss: 2.95817735, valid acc: 0.6360, valid loss: 1.04532290, test acc: 0.6240, test loss: 1.09651693
[2026-06-26 13:58:00,428][root][INFO] - Epoch: 12 | train acc: 0.6363, train loss: 9.24208366, valid acc: 0.6087, valid loss: 1.12685701, test acc: 0.5771, test loss: 1.20352436
[2026-06-26 13:58:00,811][root][INFO] - reg loss: 4.063386494996117, entropy loss: 0.05212427694045129, leaf dev: 0.16766124963760376
[2026-06-26 13:58:00,812][root][INFO] - Val leaf stats: tensor([2.7005e-04, 8.1015e-04, 5.4010e-04, 5.4010e-03, 2.7005e-04, 6.7513e-03,
        0.0000e+00, 0.0000e+00, 1.3503e-03, 4.0508e-03, 0.0000e+00, 5.4010e-04,
        5.5955e-01, 2.1604e-03, 4.1345e-01, 4.8609e-03])
[2026-06-26 13:58:01,270][root][INFO] - reg loss: 4.096011505752314, entropy loss: 0.0535991373242902, leaf dev: 0.12563557922840118
[2026-06-26 13:58:01,271][root][INFO] - Val leaf stats: tensor([2.7005e-04, 8.1015e-04, 2.7761e-01, 2.9706e-03, 0.0000e+00, 5.5631e-02,
        3.9482e-01, 2.7005e-04, 8.1015e-04, 2.7005e-04, 0.0000e+00, 1.3503e-03,
        1.1342e-02, 2.7005e-04, 2.5115e-01, 2.4305e-03])
[2026-06-26 13:58:01,632][root][INFO] - reg loss: 4.118740644611296, entropy loss: 0.054049408338109, leaf dev: 0.15671245753765106
[2026-06-26 13:58:01,633][root][INFO] - Val leaf stats: tensor([1.0802e-03, 3.5917e-02, 8.1015e-04, 1.0802e-03, 1.0802e-03, 5.4010e-04,
        2.7005e-04, 3.2406e-03, 0.0000e+00, 0.0000e+00, 2.7005e-04, 6.7513e-03,
        5.7494e-01, 5.9141e-02, 3.0894e-01, 5.9411e-03])
[2026-06-26 13:58:01,964][root][INFO] - reg loss: 4.164410286262387, entropy loss: 0.04366042984069371, leaf dev: 0.11788787692785263
[2026-06-26 13:58:01,966][root][INFO] - Val leaf stats: tensor([0.0000e+00, 8.1015e-04, 7.5614e-03, 2.7005e-04, 7.0213e-03, 5.2120e-02,
        8.1015e-04, 5.4010e-04, 2.1280e-01, 8.9117e-03, 4.0211e-01, 2.4278e-01,
        2.7005e-04, 3.9427e-02, 2.4305e-02, 2.7005e-04])
[2026-06-26 13:58:02,236][root][INFO] - reg loss: 4.125302228771273, entropy loss: 0.048987116664648056, leaf dev: 0.11680169403553009
[2026-06-26 13:58:02,237][root][INFO] - Val leaf stats: tensor([0.0008, 0.0184, 0.0000, 0.0000, 0.0032, 0.0019, 0.2344, 0.0024, 0.0230,
        0.0022, 0.0005, 0.1572, 0.1515, 0.4045, 0.0000, 0.0000])
[2026-06-26 13:58:03,510][root][INFO] - reg loss: 4.276184465064377, entropy loss: 0.04886000059911462, leaf dev: 0.10924287885427475
[2026-06-26 13:58:03,511][root][INFO] - Val leaf stats: tensor([0.0057, 0.0000, 0.0073, 0.0005, 0.1588, 0.1199, 0.1485, 0.4016, 0.1353,
        0.0065, 0.0011, 0.0005, 0.0130, 0.0000, 0.0005, 0.0008])
[2026-06-26 13:58:04,788][root][INFO] - reg loss: 4.223183491190926, entropy loss: 0.05504387507184607, leaf dev: 0.12281233817338943
[2026-06-26 13:58:04,790][root][INFO] - Val leaf stats: tensor([1.2530e-01, 1.6203e-03, 2.3684e-01, 1.0802e-03, 3.7807e-03, 2.9706e-03,
        2.9706e-03, 2.7005e-04, 8.1015e-04, 0.0000e+00, 1.0586e-01, 2.9706e-03,
        2.3494e-02, 4.5126e-01, 1.8904e-03, 3.8887e-02])
[2026-06-26 13:58:05,472][root][INFO] - Epoch: 13 | train acc: 0.7976, train loss: 8.89151362, valid acc: 0.7540, valid loss: 0.80767091, test acc: 0.7327, test loss: 0.83561970
[2026-06-26 13:58:05,536][root][INFO] - reg loss: 4.261436696912422, entropy loss: 0.04701775147533808, leaf dev: 0.10202222317457199
[2026-06-26 13:58:05,537][root][INFO] - Val leaf stats: tensor([2.7005e-04, 3.5107e-03, 2.2684e-02, 0.0000e+00, 9.4788e-02, 1.3260e-01,
        7.8585e-02, 1.5204e-01, 1.6743e-02, 5.4010e-04, 3.3486e-02, 4.3748e-02,
        2.1874e-02, 8.1015e-04, 3.9806e-01, 2.7005e-04])
[2026-06-26 13:58:05,741][root][INFO] - reg loss: 4.170686643631732, entropy loss: 0.04297594103168269, leaf dev: 0.12550094723701477
[2026-06-26 13:58:05,742][root][INFO] - Val leaf stats: tensor([0.1745, 0.0011, 0.4005, 0.0032, 0.0000, 0.0014, 0.0005, 0.0038, 0.0143,
        0.0000, 0.3249, 0.0359, 0.0124, 0.0267, 0.0008, 0.0000])
[2026-06-26 13:58:05,756][root][INFO] - reg loss: 4.135017606078601, entropy loss: 0.05698119262691404, leaf dev: 0.10801525413990021
[2026-06-26 13:58:05,757][root][INFO] - Val leaf stats: tensor([2.7005e-04, 5.1310e-03, 2.9571e-01, 3.7807e-03, 1.0802e-03, 2.9706e-03,
        3.0705e-01, 1.1072e-02, 1.0802e-03, 0.0000e+00, 5.4010e-04, 1.8499e-01,
        4.5909e-03, 4.5909e-03, 1.4178e-01, 3.5377e-02])
[2026-06-26 13:58:05,968][root][INFO] - reg loss: 4.115107075112765, entropy loss: 0.06232959923685574, leaf dev: 0.1536814570426941
[2026-06-26 13:58:05,969][root][INFO] - Val leaf stats: tensor([5.4010e-04, 7.0213e-03, 4.4288e-01, 8.6416e-03, 2.7005e-04, 1.8634e-02,
        4.6800e-01, 5.4010e-04, 3.7807e-03, 1.3503e-03, 2.9706e-03, 0.0000e+00,
        5.4010e-04, 2.9436e-02, 1.5393e-02, 0.0000e+00])
[2026-06-26 13:58:06,481][root][INFO] - Epoch: 12 | train acc: 0.7166, train loss: 17.67711305, valid acc: 0.6897, valid loss: 0.95587109, test acc: 0.6782, test loss: 0.98820483
[2026-06-26 13:58:11,244][root][INFO] - reg loss: 4.150713170161013, entropy loss: 0.042231475415288426, leaf dev: 0.1351780891418457
[2026-06-26 13:58:11,246][root][INFO] - Val leaf stats: tensor([2.1604e-03, 1.0802e-03, 5.4010e-04, 2.7005e-03, 1.8904e-03, 3.6457e-02,
        2.7005e-04, 0.0000e+00, 0.0000e+00, 4.7529e-01, 2.7005e-04, 1.6095e-01,
        2.8733e-01, 8.1015e-04, 2.9706e-02, 5.4010e-04])
[2026-06-26 13:58:11,434][root][INFO] - Epoch: 12 | train acc: 0.8158, train loss: 4.65804086, valid acc: 0.7575, valid loss: 0.76657349, test acc: 0.7501, test loss: 0.78142848
[2026-06-26 13:58:12,029][root][INFO] - Epoch: 13 | train acc: 0.8081, train loss: 2.69263949, valid acc: 0.7545, valid loss: 0.83292010, test acc: 0.7226, test loss: 0.85632801
[2026-06-26 13:58:12,032][root][INFO] - Epoch: 13 | train acc: 0.6603, train loss: 17.84175169, valid acc: 0.5944, valid loss: 1.22341649, test acc: 0.5729, test loss: 1.24200421
[2026-06-26 13:58:12,265][root][INFO] - reg loss: 4.219274106572886, entropy loss: 0.048452540193913415, leaf dev: 0.07808901369571686
[2026-06-26 13:58:12,266][root][INFO] - Val leaf stats: tensor([0.0000, 0.0011, 0.1520, 0.0003, 0.0184, 0.1591, 0.1763, 0.1137, 0.0149,
        0.0008, 0.0491, 0.0032, 0.0834, 0.2271, 0.0003, 0.0003])
[2026-06-26 13:58:14,518][root][INFO] - Epoch: 13 | train acc: 0.7131, train loss: 4.94939042, valid acc: 0.6703, valid loss: 0.96324869, test acc: 0.6512, test loss: 1.02801116
[2026-06-26 13:58:17,480][root][INFO] - reg loss: 4.1194310031953405, entropy loss: 0.05522457265951594, leaf dev: 0.13868951797485352
[2026-06-26 13:58:17,481][root][INFO] - Val leaf stats: tensor([0.0000, 0.0014, 0.0016, 0.0054, 0.0014, 0.0005, 0.0005, 0.0000, 0.0008,
        0.4661, 0.0035, 0.1539, 0.3303, 0.0305, 0.0011, 0.0030])
[2026-06-26 13:58:18,225][root][INFO] - reg loss: 4.263843739619021, entropy loss: 0.0609855018556118, leaf dev: 0.12006976455450058
[2026-06-26 13:58:18,227][root][INFO] - Val leaf stats: tensor([0.0005, 0.0011, 0.0000, 0.0032, 0.0008, 0.0043, 0.0000, 0.0041, 0.0319,
        0.1402, 0.0005, 0.0070, 0.3738, 0.0837, 0.3332, 0.0157])
[2026-06-26 13:58:18,366][root][INFO] - reg loss: 4.219945243147553, entropy loss: 0.04296857081964368, leaf dev: 0.10432777553796768
[2026-06-26 13:58:18,367][root][INFO] - Val leaf stats: tensor([0.0008, 0.0005, 0.1966, 0.0011, 0.0024, 0.0640, 0.3521, 0.0464, 0.0005,
        0.0000, 0.0000, 0.0000, 0.0000, 0.1453, 0.1890, 0.0011])
[2026-06-26 13:58:20,646][root][INFO] - reg loss: 4.127013065775887, entropy loss: 0.05762939295563541, leaf dev: 0.14286212623119354
[2026-06-26 13:58:20,647][root][INFO] - Val leaf stats: tensor([0.0000, 0.0008, 0.1164, 0.0005, 0.0008, 0.0143, 0.0011, 0.0016, 0.0041,
        0.0000, 0.0076, 0.0008, 0.0014, 0.4826, 0.3486, 0.0194])
[2026-06-26 13:58:21,294][root][INFO] - Epoch: 13 | train acc: 0.6755, train loss: 3.03007972, valid acc: 0.5417, valid loss: 1.32754055, test acc: 0.5292, test loss: 1.32928234
[2026-06-26 13:58:27,881][root][INFO] - reg loss: 4.21451871121516, entropy loss: 0.04854605487379871, leaf dev: 0.08598319441080093
[2026-06-26 13:58:27,882][root][INFO] - Val leaf stats: tensor([0.0003, 0.0011, 0.0003, 0.0032, 0.2150, 0.0435, 0.0000, 0.0000, 0.2484,
        0.0197, 0.1348, 0.1855, 0.0667, 0.0783, 0.0000, 0.0032])
[2026-06-26 13:58:42,670][root][INFO] - Epoch: 13 | train acc: 0.8021, train loss: 33.08372322, valid acc: 0.7572, valid loss: 0.80629351, test acc: 0.7258, test loss: 0.83976797
[2026-06-26 13:58:42,995][root][INFO] - Epoch: 13 | train acc: 0.7051, train loss: 33.56225724, valid acc: 0.6587, valid loss: 0.99754294, test acc: 0.6399, test loss: 1.04973789
[2026-06-26 13:58:43,584][root][INFO] - Epoch: 14 | train acc: 0.7765, train loss: 17.13064616, valid acc: 0.7043, valid loss: 0.92816263, test acc: 0.6819, test loss: 0.97369095
[2026-06-26 13:58:44,651][root][INFO] - Epoch: 14 | train acc: 0.7342, train loss: 0.76785911, valid acc: 0.6948, valid loss: 0.93861919, test acc: 0.6684, test loss: 0.97766566
[2026-06-26 13:58:45,310][root][INFO] - Epoch: 14 | train acc: 0.8276, train loss: 8.77252349, valid acc: 0.7634, valid loss: 0.77116566, test acc: 0.7457, test loss: 0.78681272
[2026-06-26 13:58:46,553][root][INFO] - Epoch: 13 | train acc: 0.6608, train loss: 5.19297934, valid acc: 0.6017, valid loss: 1.18603437, test acc: 0.5893, test loss: 1.21787476
[2026-06-26 13:58:47,080][root][INFO] - Epoch: 13 | train acc: 0.8033, train loss: 2.67441042, valid acc: 0.7507, valid loss: 0.79980011, test acc: 0.7224, test loss: 0.83280873
[2026-06-26 13:58:47,627][root][INFO] - Epoch: 13 | train acc: 0.6935, train loss: 0.88101635, valid acc: 0.6443, valid loss: 1.08731134, test acc: 0.6311, test loss: 1.08786576
[2026-06-26 13:58:47,649][root][INFO] - reg loss: 4.0633718224822495, entropy loss: 0.051838999888936026, leaf dev: 0.1675449013710022
[2026-06-26 13:58:47,650][root][INFO] - Val leaf stats: tensor([2.7005e-04, 8.1015e-04, 5.4010e-04, 5.4010e-03, 2.7005e-04, 4.5909e-03,
        0.0000e+00, 0.0000e+00, 1.3503e-03, 3.5107e-03, 0.0000e+00, 5.4010e-04,
        5.5171e-01, 1.6203e-03, 4.2317e-01, 6.2112e-03])
[2026-06-26 13:58:47,944][root][INFO] - reg loss: 4.090299528153216, entropy loss: 0.05371773230736373, leaf dev: 0.1251114010810852
[2026-06-26 13:58:47,945][root][INFO] - Val leaf stats: tensor([7.2914e-03, 0.0000e+00, 3.9265e-01, 2.7005e-03, 2.7005e-04, 5.4010e-02,
        2.6546e-01, 5.4010e-04, 8.1015e-04, 8.1015e-04, 0.0000e+00, 1.0802e-03,
        5.9411e-03, 2.7005e-04, 2.6384e-01, 4.3208e-03])
[2026-06-26 13:58:47,965][root][INFO] - Epoch: 13 | train acc: 0.6832, train loss: 2.96272141, valid acc: 0.6624, valid loss: 0.98407031, test acc: 0.6480, test loss: 1.03353672
[2026-06-26 13:58:48,548][root][INFO] - Epoch: 13 | train acc: 0.6403, train loss: 9.22776064, valid acc: 0.6095, valid loss: 1.12828866, test acc: 0.5817, test loss: 1.19579802
[2026-06-26 13:58:48,992][root][INFO] - reg loss: 4.119304797688469, entropy loss: 0.05306243578918644, leaf dev: 0.14683319628238678
[2026-06-26 13:58:48,993][root][INFO] - Val leaf stats: tensor([5.4010e-04, 4.5099e-02, 1.6203e-03, 2.7005e-04, 5.4010e-04, 1.6203e-03,
        0.0000e+00, 5.3470e-02, 5.4010e-04, 0.0000e+00, 2.7005e-04, 9.9919e-03,
        4.9824e-01, 2.2954e-02, 3.6349e-01, 1.3503e-03])
[2026-06-26 13:58:49,025][root][INFO] - Epoch: 13 | train acc: 0.7992, train loss: 4.75834598, valid acc: 0.7505, valid loss: 0.81922943, test acc: 0.7239, test loss: 0.85080929
[2026-06-26 13:58:49,967][root][INFO] - reg loss: 4.164618859525587, entropy loss: 0.044133129300641234, leaf dev: 0.11435695737600327
[2026-06-26 13:58:49,968][root][INFO] - Val leaf stats: tensor([0.0000e+00, 8.1015e-04, 7.8315e-03, 2.7005e-04, 8.3716e-03, 6.3192e-02,
        1.3503e-03, 2.7005e-04, 1.9579e-01, 4.8609e-03, 4.0346e-01, 2.2063e-01,
        0.0000e+00, 6.1032e-02, 3.1596e-02, 5.4010e-04])
[2026-06-26 13:58:50,192][root][INFO] - reg loss: 4.132810436311315, entropy loss: 0.04929105723734762, leaf dev: 0.12726327776908875
[2026-06-26 13:58:50,194][root][INFO] - Val leaf stats: tensor([0.0008, 0.0111, 0.0000, 0.0000, 0.0024, 0.0019, 0.1642, 0.0057, 0.0230,
        0.0019, 0.0005, 0.1942, 0.1191, 0.4753, 0.0000, 0.0000])
[2026-06-26 13:58:51,965][root][INFO] - reg loss: 4.246707845906743, entropy loss: 0.04769406467676163, leaf dev: 0.12609432637691498
[2026-06-26 13:58:51,967][root][INFO] - Val leaf stats: tensor([0.0046, 0.0000, 0.0073, 0.0005, 0.0913, 0.2827, 0.1329, 0.4407, 0.0267,
        0.0051, 0.0016, 0.0016, 0.0027, 0.0000, 0.0011, 0.0011])
[2026-06-26 13:58:52,533][root][INFO] - Epoch: 14 | train acc: 0.8134, train loss: 8.82166164, valid acc: 0.7756, valid loss: 0.75461441, test acc: 0.7430, test loss: 0.77169958
[2026-06-26 13:58:52,680][root][INFO] - reg loss: 4.210294043431516, entropy loss: 0.05305745641960472, leaf dev: 0.12090230733156204
[2026-06-26 13:58:52,681][root][INFO] - Val leaf stats: tensor([1.3341e-01, 1.8904e-03, 2.3900e-01, 1.6203e-03, 1.6203e-03, 2.7005e-04,
        5.1310e-03, 5.4010e-04, 1.0802e-03, 0.0000e+00, 1.0073e-01, 3.2406e-03,
        2.8085e-02, 4.4072e-01, 2.4305e-03, 4.0238e-02])
[2026-06-26 13:58:52,992][root][INFO] - reg loss: 4.250797443702573, entropy loss: 0.04778364697685007, leaf dev: 0.1073276475071907
[2026-06-26 13:58:52,993][root][INFO] - Val leaf stats: tensor([2.7005e-04, 3.5107e-03, 2.0524e-02, 0.0000e+00, 1.8309e-01, 9.9919e-03,
        9.9919e-02, 1.5960e-01, 1.4583e-02, 1.0802e-03, 3.8887e-02, 4.3748e-02,
        2.1064e-02, 1.3503e-03, 4.0211e-01, 2.7005e-04])
[2026-06-26 13:58:53,468][root][INFO] - Epoch: 13 | train acc: 0.7301, train loss: 17.59111905, valid acc: 0.6930, valid loss: 0.95370186, test acc: 0.6814, test loss: 0.98839283
[2026-06-26 13:58:53,503][root][INFO] - reg loss: 4.136480089093818, entropy loss: 0.055433459213522614, leaf dev: 0.11763909459114075
[2026-06-26 13:58:53,504][root][INFO] - Val leaf stats: tensor([0.0014, 0.0016, 0.2487, 0.0014, 0.0022, 0.0038, 0.3124, 0.0030, 0.0024,
        0.0016, 0.0000, 0.3222, 0.0078, 0.0051, 0.0816, 0.0049])
[2026-06-26 13:58:54,327][root][INFO] - reg loss: 4.168159047111136, entropy loss: 0.042062564218630555, leaf dev: 0.12309134751558304
[2026-06-26 13:58:54,328][root][INFO] - Val leaf stats: tensor([2.1658e-01, 1.3503e-03, 3.9698e-01, 2.4305e-03, 2.7005e-04, 1.0802e-03,
        5.4010e-04, 4.0508e-03, 1.3503e-02, 0.0000e+00, 2.8814e-01, 2.5655e-02,
        1.4313e-02, 3.4297e-02, 8.1015e-04, 0.0000e+00])
[2026-06-26 13:58:54,356][root][INFO] - reg loss: 4.110033863880595, entropy loss: 0.0620142434586267, leaf dev: 0.1468794196844101
[2026-06-26 13:58:54,357][root][INFO] - Val leaf stats: tensor([0.0008, 0.0103, 0.4402, 0.0108, 0.0000, 0.0243, 0.4353, 0.0005, 0.0068,
        0.0022, 0.0070, 0.0000, 0.0000, 0.0332, 0.0286, 0.0000])
[2026-06-26 13:58:57,932][root][INFO] - reg loss: 4.140556538691286, entropy loss: 0.04222473184593388, leaf dev: 0.13106147944927216
[2026-06-26 13:58:57,934][root][INFO] - Val leaf stats: tensor([2.1604e-03, 2.1604e-03, 5.4010e-04, 2.7005e-03, 1.3503e-03, 3.8887e-02,
        2.7005e-04, 0.0000e+00, 0.0000e+00, 4.4288e-01, 2.7005e-04, 1.5798e-01,
        3.0975e-01, 1.0802e-03, 3.9698e-02, 2.7005e-04])
[2026-06-26 13:58:57,967][root][INFO] - Epoch: 13 | train acc: 0.8203, train loss: 4.64354635, valid acc: 0.7524, valid loss: 0.84032751, test acc: 0.7337, test loss: 0.83042586
[2026-06-26 13:58:58,118][root][INFO] - Epoch: 14 | train acc: 0.8103, train loss: 2.68881872, valid acc: 0.6889, valid loss: 0.97237346, test acc: 0.6794, test loss: 0.98262739
[2026-06-26 13:58:58,865][root][INFO] - Epoch: 14 | train acc: 0.6381, train loss: 17.99544644, valid acc: 0.6028, valid loss: 1.18561006, test acc: 0.5852, test loss: 1.19409415
[2026-06-26 13:58:59,038][root][INFO] - Epoch: 14 | train acc: 0.7205, train loss: 4.90834837, valid acc: 0.6724, valid loss: 0.94604202, test acc: 0.6637, test loss: 0.99733299
[2026-06-26 13:58:59,077][root][INFO] - reg loss: 4.2079975487755945, entropy loss: 0.0482954417706513, leaf dev: 0.07878416776657104
[2026-06-26 13:58:59,079][root][INFO] - Val leaf stats: tensor([0.0000, 0.0016, 0.1383, 0.0003, 0.0194, 0.1653, 0.1772, 0.1248, 0.0143,
        0.0008, 0.0513, 0.0032, 0.0702, 0.2325, 0.0003, 0.0005])
[2026-06-26 13:59:04,200][root][INFO] - reg loss: 4.267548545462186, entropy loss: 0.06063094594683804, leaf dev: 0.10404017567634583
[2026-06-26 13:59:04,202][root][INFO] - Val leaf stats: tensor([0.0005, 0.0014, 0.0000, 0.0019, 0.0005, 0.0059, 0.0000, 0.0043, 0.0270,
        0.1469, 0.0008, 0.0078, 0.3608, 0.0856, 0.2047, 0.1518])
[2026-06-26 13:59:04,683][root][INFO] - reg loss: 4.1165500234385, entropy loss: 0.05403298829666904, leaf dev: 0.1306997388601303
[2026-06-26 13:59:04,684][root][INFO] - Val leaf stats: tensor([0.0000, 0.0014, 0.0014, 0.0057, 0.0011, 0.0005, 0.0005, 0.0000, 0.0005,
        0.3594, 0.0011, 0.1583, 0.4010, 0.0600, 0.0046, 0.0046])
[2026-06-26 13:59:05,051][root][INFO] - reg loss: 4.241896574614478, entropy loss: 0.04439170927297874, leaf dev: 0.08849198371171951
[2026-06-26 13:59:05,060][root][INFO] - Val leaf stats: tensor([0.0005, 0.0000, 0.2236, 0.0016, 0.0035, 0.0681, 0.2017, 0.1501, 0.0005,
        0.0000, 0.0000, 0.0000, 0.0000, 0.1488, 0.1998, 0.0016])
[2026-06-26 13:59:05,208][root][INFO] - reg loss: 4.105665160007164, entropy loss: 0.05382005943626654, leaf dev: 0.1387866884469986
[2026-06-26 13:59:05,209][root][INFO] - Val leaf stats: tensor([0.0000e+00, 8.1015e-04, 1.1882e-01, 4.3208e-03, 2.7005e-04, 1.2962e-02,
        1.0802e-03, 8.1015e-04, 5.1310e-03, 0.0000e+00, 4.5909e-03, 8.1015e-04,
        1.5393e-02, 4.6422e-01, 3.4756e-01, 2.3224e-02])
[2026-06-26 13:59:08,221][root][INFO] - Epoch: 14 | train acc: 0.5779, train loss: 3.26488531, valid acc: 0.5965, valid loss: 1.18695318, test acc: 0.5800, test loss: 1.25930013
[2026-06-26 13:59:15,110][root][INFO] - reg loss: 4.21087351001677, entropy loss: 0.042819742907266145, leaf dev: 0.1147250086069107
[2026-06-26 13:59:15,111][root][INFO] - Val leaf stats: tensor([2.7005e-04, 1.3503e-03, 0.0000e+00, 3.2406e-03, 2.0686e-01, 3.9968e-02,
        0.0000e+00, 0.0000e+00, 3.8293e-01, 3.7807e-02, 5.5361e-02, 2.5331e-01,
        1.4853e-02, 8.1015e-04, 2.7005e-04, 2.9706e-03])
[2026-06-26 13:59:29,961][root][INFO] - Epoch: 14 | train acc: 0.8084, train loss: 33.03581038, valid acc: 0.7505, valid loss: 0.80004934, test acc: 0.7248, test loss: 0.84703174
[2026-06-26 13:59:30,217][root][INFO] - Epoch: 14 | train acc: 0.6944, train loss: 33.54705892, valid acc: 0.6738, valid loss: 0.98349974, test acc: 0.6524, test loss: 1.02944984
[2026-06-26 13:59:31,267][root][INFO] - Epoch: 15 | train acc: 0.7301, train loss: 0.77251031, valid acc: 0.6824, valid loss: 0.96614581, test acc: 0.6583, test loss: 1.01328137
[2026-06-26 13:59:32,049][root][INFO] - Epoch: 15 | train acc: 0.8465, train loss: 8.70791603, valid acc: 0.7667, valid loss: 0.73174753, test acc: 0.7629, test loss: 0.74475196
[2026-06-26 13:59:32,049][root][INFO] - Epoch: 15 | train acc: 0.7784, train loss: 17.09926314, valid acc: 0.7237, valid loss: 0.89513768, test acc: 0.6981, test loss: 0.92620928
[2026-06-26 13:59:34,314][root][INFO] - Epoch: 14 | train acc: 0.8122, train loss: 2.64700894, valid acc: 0.7540, valid loss: 0.79627568, test acc: 0.7231, test loss: 0.83126585
[2026-06-26 13:59:34,463][root][INFO] - Epoch: 14 | train acc: 0.6533, train loss: 5.21152062, valid acc: 0.6173, valid loss: 1.13659775, test acc: 0.5950, test loss: 1.17430845
[2026-06-26 13:59:35,296][root][INFO] - reg loss: 4.059176437190322, entropy loss: 0.050743639285935734, leaf dev: 0.1675807684659958
[2026-06-26 13:59:35,297][root][INFO] - Val leaf stats: tensor([2.7005e-04, 8.1015e-04, 5.4010e-04, 5.9411e-03, 2.7005e-04, 2.4305e-03,
        0.0000e+00, 2.7005e-04, 1.8904e-03, 2.1604e-03, 0.0000e+00, 2.7005e-04,
        5.1715e-01, 8.1015e-04, 4.6503e-01, 2.1604e-03])
[2026-06-26 13:59:35,307][root][INFO] - reg loss: 4.0856479738579425, entropy loss: 0.051534738880200465, leaf dev: 0.12572111189365387
[2026-06-26 13:59:35,309][root][INFO] - Val leaf stats: tensor([3.2406e-03, 5.4010e-04, 3.9022e-01, 2.4305e-03, 2.7005e-04, 5.6171e-02,
        2.9598e-01, 0.0000e+00, 8.1015e-04, 1.3503e-03, 0.0000e+00, 8.1015e-04,
        7.0213e-03, 2.7005e-04, 2.3765e-01, 3.2406e-03])
[2026-06-26 13:59:35,453][root][INFO] - Epoch: 14 | train acc: 0.7075, train loss: 2.88325930, valid acc: 0.6767, valid loss: 0.92655659, test acc: 0.6637, test loss: 0.97269254
[2026-06-26 13:59:35,697][root][INFO] - Epoch: 14 | train acc: 0.6484, train loss: 9.20750688, valid acc: 0.6254, valid loss: 1.10731279, test acc: 0.6048, test loss: 1.17181819
[2026-06-26 13:59:35,864][root][INFO] - Epoch: 14 | train acc: 0.6759, train loss: 0.92585379, valid acc: 0.6198, valid loss: 1.13874526, test acc: 0.6073, test loss: 1.19104919
[2026-06-26 13:59:36,408][root][INFO] - reg loss: 4.167702088590528, entropy loss: 0.043955339088303146, leaf dev: 0.11619079113006592
[2026-06-26 13:59:36,409][root][INFO] - Val leaf stats: tensor([0.0000e+00, 8.1015e-04, 9.4518e-03, 2.7005e-04, 8.9117e-03, 6.6163e-02,
        1.0802e-03, 2.7005e-04, 2.6303e-01, 9.9919e-03, 3.6322e-01, 2.4197e-01,
        2.7005e-04, 1.0262e-02, 2.4305e-02, 0.0000e+00])
[2026-06-26 13:59:36,829][root][INFO] - reg loss: 4.125295388894003, entropy loss: 0.04891880833711781, leaf dev: 0.12291723489761353
[2026-06-26 13:59:36,830][root][INFO] - Val leaf stats: tensor([0.0011, 0.0130, 0.0000, 0.0000, 0.0016, 0.0011, 0.1388, 0.0065, 0.0246,
        0.0014, 0.0005, 0.2142, 0.1491, 0.4483, 0.0000, 0.0000])
[2026-06-26 13:59:37,030][root][INFO] - Epoch: 14 | train acc: 0.8017, train loss: 4.74180114, valid acc: 0.7521, valid loss: 0.84352797, test acc: 0.7337, test loss: 0.82897447
[2026-06-26 13:59:37,408][root][INFO] - reg loss: 4.109485852913778, entropy loss: 0.0533229406984126, leaf dev: 0.15562905371189117
[2026-06-26 13:59:37,410][root][INFO] - Val leaf stats: tensor([2.7005e-04, 3.1056e-02, 8.1015e-04, 2.7005e-04, 2.7005e-04, 2.7005e-04,
        2.7005e-04, 2.0524e-02, 5.4010e-04, 0.0000e+00, 0.0000e+00, 8.1015e-03,
        5.1607e-01, 2.0524e-02, 3.9698e-01, 4.0508e-03])
[2026-06-26 13:59:39,032][root][INFO] - Epoch: 15 | train acc: 0.8313, train loss: 8.78009301, valid acc: 0.7756, valid loss: 0.76571304, test acc: 0.7472, test loss: 0.75861126
[2026-06-26 13:59:39,753][root][INFO] - reg loss: 4.207309535292328, entropy loss: 0.052330852654136596, leaf dev: 0.12150248140096664
[2026-06-26 13:59:39,755][root][INFO] - Val leaf stats: tensor([0.1437, 0.0022, 0.2409, 0.0022, 0.0019, 0.0011, 0.0049, 0.0011, 0.0011,
        0.0000, 0.0915, 0.0032, 0.0248, 0.4413, 0.0014, 0.0389])
[2026-06-26 13:59:39,779][root][INFO] - reg loss: 4.239190570643691, entropy loss: 0.046491085994439046, leaf dev: 0.11040657758712769
[2026-06-26 13:59:39,780][root][INFO] - Val leaf stats: tensor([0.0057, 0.0000, 0.0535, 0.0111, 0.1153, 0.2598, 0.1396, 0.3759, 0.0265,
        0.0054, 0.0011, 0.0014, 0.0022, 0.0000, 0.0014, 0.0014])
[2026-06-26 13:59:40,649][root][INFO] - Epoch: 14 | train acc: 0.7328, train loss: 17.56132551, valid acc: 0.6838, valid loss: 0.99455296, test acc: 0.6591, test loss: 1.02571943
[2026-06-26 13:59:40,904][root][INFO] - reg loss: 4.1167646236107, entropy loss: 0.05165636869239026, leaf dev: 0.11810982972383499
[2026-06-26 13:59:40,905][root][INFO] - Val leaf stats: tensor([0.0000, 0.0024, 0.2630, 0.0014, 0.0019, 0.0051, 0.3016, 0.0022, 0.0024,
        0.0014, 0.0008, 0.3243, 0.0059, 0.0046, 0.0791, 0.0038])
[2026-06-26 13:59:41,115][root][INFO] - reg loss: 4.229467509222812, entropy loss: 0.04467814977540344, leaf dev: 0.11322758346796036
[2026-06-26 13:59:41,116][root][INFO] - Val leaf stats: tensor([0.0000, 0.0062, 0.0149, 0.0000, 0.2044, 0.0127, 0.1350, 0.0451, 0.0027,
        0.0011, 0.0529, 0.0716, 0.0221, 0.0016, 0.4288, 0.0008])
[2026-06-26 13:59:41,248][root][INFO] - reg loss: 4.116006014777011, entropy loss: 0.050264434614142435, leaf dev: 0.14520663022994995
[2026-06-26 13:59:41,249][root][INFO] - Val leaf stats: tensor([2.7005e-04, 7.5614e-03, 4.4423e-01, 1.2692e-02, 0.0000e+00, 3.5377e-02,
        4.2155e-01, 0.0000e+00, 6.4812e-03, 1.0802e-03, 4.5909e-03, 0.0000e+00,
        0.0000e+00, 3.4297e-02, 3.1866e-02, 0.0000e+00])
[2026-06-26 13:59:42,606][root][INFO] - reg loss: 4.151735094727063, entropy loss: 0.04156037670422773, leaf dev: 0.12823386490345
[2026-06-26 13:59:42,607][root][INFO] - Val leaf stats: tensor([2.3305e-01, 2.4305e-03, 4.2398e-01, 2.4305e-03, 2.7005e-04, 8.1015e-04,
        5.4010e-04, 3.7807e-03, 4.3208e-03, 0.0000e+00, 2.7194e-01, 1.6473e-02,
        1.4043e-02, 2.4845e-02, 1.0802e-03, 0.0000e+00])
[2026-06-26 13:59:44,098][root][INFO] - Epoch: 15 | train acc: 0.7959, train loss: 2.75958392, valid acc: 0.7418, valid loss: 0.86270349, test acc: 0.7270, test loss: 0.84983931
[2026-06-26 13:59:44,653][root][INFO] - reg loss: 4.139766411703141, entropy loss: 0.0424456143843346, leaf dev: 0.12884940207004547
[2026-06-26 13:59:44,655][root][INFO] - Val leaf stats: tensor([2.7005e-03, 2.1604e-03, 0.0000e+00, 2.4305e-03, 1.3503e-03, 3.9157e-02,
        5.4010e-04, 0.0000e+00, 0.0000e+00, 4.2533e-01, 0.0000e+00, 1.7283e-01,
        3.1245e-01, 1.0802e-03, 3.9698e-02, 2.7005e-04])
[2026-06-26 13:59:46,139][root][INFO] - Epoch: 15 | train acc: 0.6631, train loss: 17.95549171, valid acc: 0.6298, valid loss: 1.14502686, test acc: 0.5960, test loss: 1.16759882
[2026-06-26 13:59:46,281][root][INFO] - Epoch: 14 | train acc: 0.8130, train loss: 4.67426331, valid acc: 0.7664, valid loss: 0.75917324, test acc: 0.7442, test loss: 0.77555148
[2026-06-26 13:59:46,532][root][INFO] - reg loss: 4.201599488492872, entropy loss: 0.04836645294896892, leaf dev: 0.09099428355693817
[2026-06-26 13:59:46,534][root][INFO] - Val leaf stats: tensor([0.0000e+00, 1.0802e-03, 1.4124e-01, 2.7005e-04, 2.0254e-02, 1.7715e-01,
        1.7040e-01, 1.1801e-01, 8.1015e-03, 8.1015e-04, 3.4026e-02, 3.5107e-03,
        2.4035e-02, 3.0030e-01, 2.7005e-04, 5.4010e-04])
[2026-06-26 13:59:46,950][root][INFO] - Epoch: 15 | train acc: 0.7344, train loss: 4.85823451, valid acc: 0.6824, valid loss: 0.95992693, test acc: 0.6676, test loss: 0.99943645
[2026-06-26 13:59:50,800][root][INFO] - reg loss: 4.305950696351098, entropy loss: 0.06146931257404265, leaf dev: 0.10092156380414963
[2026-06-26 13:59:50,801][root][INFO] - Val leaf stats: tensor([0.0005, 0.0011, 0.0000, 0.0022, 0.0016, 0.0189, 0.0000, 0.0043, 0.0708,
        0.2339, 0.0008, 0.0130, 0.2873, 0.0654, 0.2576, 0.0427])
[2026-06-26 13:59:52,020][root][INFO] - reg loss: 4.247064410663042, entropy loss: 0.045163260192656124, leaf dev: 0.08877130597829819
[2026-06-26 13:59:52,021][root][INFO] - Val leaf stats: tensor([0.0005, 0.0000, 0.2352, 0.0016, 0.0038, 0.0910, 0.1877, 0.1099, 0.0003,
        0.0000, 0.0000, 0.0000, 0.0000, 0.1504, 0.2171, 0.0024])
[2026-06-26 13:59:53,016][root][INFO] - reg loss: 4.126410554666988, entropy loss: 0.05381335159305666, leaf dev: 0.13089774549007416
[2026-06-26 13:59:53,018][root][INFO] - Val leaf stats: tensor([0.0000e+00, 1.8904e-03, 1.3503e-03, 5.6711e-03, 8.1015e-04, 5.4010e-04,
        2.7005e-04, 0.0000e+00, 0.0000e+00, 3.7780e-01, 1.6203e-03, 1.6365e-01,
        3.8374e-01, 5.1310e-02, 5.1310e-03, 6.2112e-03])
[2026-06-26 13:59:53,076][root][INFO] - reg loss: 4.0958085450969755, entropy loss: 0.05398702139004332, leaf dev: 0.14016889035701752
[2026-06-26 13:59:53,077][root][INFO] - Val leaf stats: tensor([0.0000, 0.0005, 0.1126, 0.0095, 0.0000, 0.0095, 0.0008, 0.0008, 0.0051,
        0.0000, 0.0046, 0.0008, 0.0057, 0.4604, 0.3627, 0.0270])
[2026-06-26 13:59:54,797][root][INFO] - Epoch: 15 | train acc: 0.6457, train loss: 3.07660204, valid acc: 0.6554, valid loss: 1.05102870, test acc: 0.6247, test loss: 1.09729239
[2026-06-26 14:00:01,188][root][INFO] - reg loss: 4.165923071689293, entropy loss: 0.0413389082570545, leaf dev: 0.10940991342067719
[2026-06-26 14:00:01,189][root][INFO] - Val leaf stats: tensor([2.7005e-04, 1.0802e-03, 0.0000e+00, 3.5107e-03, 2.6654e-01, 6.8323e-02,
        0.0000e+00, 0.0000e+00, 3.3999e-01, 3.5107e-03, 5.8871e-02, 2.1442e-01,
        3.5377e-02, 2.9706e-03, 5.4010e-04, 4.5909e-03])
[2026-06-26 14:00:17,558][root][INFO] - Epoch: 15 | train acc: 0.8134, train loss: 33.01534252, valid acc: 0.7602, valid loss: 0.81007672, test acc: 0.7378, test loss: 0.82830010
[2026-06-26 14:00:17,856][root][INFO] - Epoch: 15 | train acc: 0.6938, train loss: 33.60649153, valid acc: 0.6568, valid loss: 1.02280577, test acc: 0.6345, test loss: 1.07527858
[2026-06-26 14:00:18,071][root][INFO] - Epoch: 16 | train acc: 0.7332, train loss: 0.76929333, valid acc: 0.6743, valid loss: 0.98552702, test acc: 0.6645, test loss: 1.01443066
[2026-06-26 14:00:18,526][root][INFO] - Epoch: 16 | train acc: 0.8522, train loss: 8.68825867, valid acc: 0.7745, valid loss: 0.73104641, test acc: 0.7563, test loss: 0.75404196
[2026-06-26 14:00:19,882][root][INFO] - Epoch: 16 | train acc: 0.7867, train loss: 17.01317918, valid acc: 0.7259, valid loss: 0.89458413, test acc: 0.6954, test loss: 0.93918264
[2026-06-26 14:00:22,019][root][INFO] - Epoch: 15 | train acc: 0.6258, train loss: 5.25758782, valid acc: 0.6073, valid loss: 1.18139969, test acc: 0.5842, test loss: 1.21268199
[2026-06-26 14:00:22,509][root][INFO] - Epoch: 15 | train acc: 0.7921, train loss: 2.72359307, valid acc: 0.6789, valid loss: 1.08424028, test acc: 0.6564, test loss: 1.07589108
[2026-06-26 14:00:22,707][root][INFO] - reg loss: 4.058836405394508, entropy loss: 0.04986876792839316, leaf dev: 0.1689658761024475
[2026-06-26 14:00:22,709][root][INFO] - Val leaf stats: tensor([2.7005e-04, 8.1015e-04, 5.4010e-04, 5.4010e-03, 2.7005e-04, 1.8904e-03,
        0.0000e+00, 2.7005e-04, 1.3503e-03, 5.4010e-04, 0.0000e+00, 5.4010e-04,
        5.4118e-01, 8.1015e-04, 4.4477e-01, 1.3503e-03])
[2026-06-26 14:00:22,763][root][INFO] - reg loss: 4.092136015657519, entropy loss: 0.05042946014980801, leaf dev: 0.12902364134788513
[2026-06-26 14:00:22,764][root][INFO] - Val leaf stats: tensor([3.5107e-03, 2.7005e-04, 3.6673e-01, 2.1604e-03, 2.7005e-04, 7.6425e-02,
        3.8995e-01, 1.3503e-03, 1.1342e-02, 2.1604e-03, 0.0000e+00, 0.0000e+00,
        3.5107e-03, 8.1015e-04, 1.4016e-01, 1.3503e-03])
[2026-06-26 14:00:23,090][root][INFO] - reg loss: 4.163935067223721, entropy loss: 0.04212214443527284, leaf dev: 0.10759475827217102
[2026-06-26 14:00:23,092][root][INFO] - Val leaf stats: tensor([0.0000e+00, 8.1015e-04, 1.2692e-02, 2.7005e-04, 1.0802e-02, 9.1277e-02,
        8.1015e-04, 5.4010e-04, 2.3170e-01, 3.9427e-02, 3.3864e-01, 2.3846e-01,
        0.0000e+00, 8.3716e-03, 2.6195e-02, 0.0000e+00])
[2026-06-26 14:00:23,165][root][INFO] - Epoch: 15 | train acc: 0.7183, train loss: 2.84008612, valid acc: 0.6865, valid loss: 0.97273649, test acc: 0.6694, test loss: 0.99162863
[2026-06-26 14:00:23,189][root][INFO] - Epoch: 15 | train acc: 0.6651, train loss: 0.95412019, valid acc: 0.6419, valid loss: 1.04903067, test acc: 0.6456, test loss: 1.04823589
[2026-06-26 14:00:23,680][root][INFO] - reg loss: 4.124152371140777, entropy loss: 0.04826160123358007, leaf dev: 0.1225607767701149
[2026-06-26 14:00:23,681][root][INFO] - Val leaf stats: tensor([0.0011, 0.0132, 0.0000, 0.0000, 0.0032, 0.0016, 0.1485, 0.0043, 0.0240,
        0.0014, 0.0005, 0.1988, 0.1542, 0.4491, 0.0000, 0.0000])
[2026-06-26 14:00:23,956][root][INFO] - Epoch: 15 | train acc: 0.6642, train loss: 9.16514354, valid acc: 0.6333, valid loss: 1.07799928, test acc: 0.6070, test loss: 1.16078178
[2026-06-26 14:00:24,551][root][INFO] - reg loss: 4.0965811776333165, entropy loss: 0.052119794927659585, leaf dev: 0.1568625420331955
[2026-06-26 14:00:24,552][root][INFO] - Val leaf stats: tensor([2.7005e-04, 4.2938e-02, 8.1015e-04, 5.4010e-04, 2.7005e-04, 0.0000e+00,
        2.7005e-04, 1.0802e-02, 2.7005e-04, 0.0000e+00, 0.0000e+00, 7.5614e-03,
        5.2066e-01, 1.5663e-02, 3.9779e-01, 2.1604e-03])
[2026-06-26 14:00:24,965][root][INFO] - Epoch: 15 | train acc: 0.8123, train loss: 4.70963144, valid acc: 0.7597, valid loss: 0.80534612, test acc: 0.7322, test loss: 0.83027575
[2026-06-26 14:00:26,905][root][INFO] - Epoch: 16 | train acc: 0.8392, train loss: 8.75011557, valid acc: 0.7753, valid loss: 0.76046516, test acc: 0.7521, test loss: 0.76962876
[2026-06-26 14:00:27,486][root][INFO] - reg loss: 4.21713779793411, entropy loss: 0.04338777108026332, leaf dev: 0.10621247440576553
[2026-06-26 14:00:27,488][root][INFO] - Val leaf stats: tensor([1.2152e-02, 2.7005e-04, 6.4542e-02, 1.3233e-02, 1.8877e-01, 1.9174e-01,
        1.1261e-01, 3.7591e-01, 2.8355e-02, 5.1310e-03, 1.3503e-03, 1.0802e-03,
        2.1604e-03, 0.0000e+00, 1.3503e-03, 1.3503e-03])
[2026-06-26 14:00:27,737][root][INFO] - Epoch: 15 | train acc: 0.7307, train loss: 17.53180441, valid acc: 0.6981, valid loss: 0.94955170, test acc: 0.6708, test loss: 0.98274173
[2026-06-26 14:00:28,156][root][INFO] - reg loss: 4.194800095479996, entropy loss: 0.05246387690794273, leaf dev: 0.13554587960243225
[2026-06-26 14:00:28,163][root][INFO] - Val leaf stats: tensor([1.0046e-01, 4.0508e-03, 4.7394e-01, 1.1612e-02, 1.8904e-03, 2.7005e-04,
        0.0000e+00, 1.3503e-03, 8.1015e-04, 0.0000e+00, 4.0778e-02, 2.4305e-03,
        2.4845e-02, 3.1704e-01, 0.0000e+00, 2.0524e-02])
[2026-06-26 14:00:28,707][root][INFO] - reg loss: 4.113370395097577, entropy loss: 0.05025534392868886, leaf dev: 0.11647530645132065
[2026-06-26 14:00:28,708][root][INFO] - Val leaf stats: tensor([0.0011, 0.0035, 0.2728, 0.0035, 0.0019, 0.0046, 0.2962, 0.0035, 0.0027,
        0.0014, 0.0011, 0.3114, 0.0022, 0.0062, 0.0821, 0.0059])
[2026-06-26 14:00:28,852][root][INFO] - reg loss: 4.24642879454816, entropy loss: 0.043480955613929714, leaf dev: 0.0933896079659462
[2026-06-26 14:00:28,853][root][INFO] - Val leaf stats: tensor([2.7005e-04, 7.5614e-03, 1.2962e-02, 0.0000e+00, 1.7958e-01, 1.7013e-02,
        8.7497e-02, 1.2665e-01, 5.9411e-03, 2.7005e-04, 5.4820e-02, 1.0964e-01,
        5.1850e-02, 5.4010e-04, 3.4513e-01, 2.7005e-04])
[2026-06-26 14:00:29,007][root][INFO] - reg loss: 4.11122296286411, entropy loss: 0.047660877042617955, leaf dev: 0.14286883175373077
[2026-06-26 14:00:29,008][root][INFO] - Val leaf stats: tensor([2.7005e-04, 6.7513e-03, 4.3748e-01, 1.9444e-02, 0.0000e+00, 4.2128e-02,
        4.1561e-01, 0.0000e+00, 5.6711e-03, 1.3503e-03, 3.5107e-03, 0.0000e+00,
        0.0000e+00, 3.1866e-02, 3.5917e-02, 0.0000e+00])
[2026-06-26 14:00:30,576][root][INFO] - reg loss: 4.150904788345587, entropy loss: 0.04150697711061259, leaf dev: 0.12545232474803925
[2026-06-26 14:00:30,578][root][INFO] - Val leaf stats: tensor([2.1577e-01, 1.3503e-03, 4.1129e-01, 2.1604e-03, 2.7005e-04, 1.0802e-03,
        5.4010e-04, 3.7807e-03, 7.2914e-03, 0.0000e+00, 2.8436e-01, 2.1874e-02,
        1.3773e-02, 3.5377e-02, 1.0802e-03, 0.0000e+00])
[2026-06-26 14:00:32,153][root][INFO] - Epoch: 16 | train acc: 0.6823, train loss: 17.87300448, valid acc: 0.6470, valid loss: 1.07771933, test acc: 0.6217, test loss: 1.09732702
[2026-06-26 14:00:32,218][root][INFO] - Epoch: 16 | train acc: 0.8020, train loss: 2.74484742, valid acc: 0.7472, valid loss: 0.84935317, test acc: 0.7258, test loss: 0.84172469
[2026-06-26 14:00:32,796][root][INFO] - reg loss: 4.136427511934374, entropy loss: 0.04212554312143169, leaf dev: 0.12946681678295135
[2026-06-26 14:00:32,798][root][INFO] - Val leaf stats: tensor([0.0000e+00, 2.7005e-04, 1.3503e-03, 8.1015e-04, 1.3503e-03, 3.6457e-02,
        2.7005e-04, 4.8609e-03, 0.0000e+00, 4.2425e-01, 2.7005e-04, 1.5852e-01,
        3.2460e-01, 1.0802e-03, 4.5639e-02, 2.7005e-04])
[2026-06-26 14:00:33,367][root][INFO] - Epoch: 16 | train acc: 0.7461, train loss: 4.82079367, valid acc: 0.7008, valid loss: 0.88636280, test acc: 0.6767, test loss: 0.96590848
[2026-06-26 14:00:33,585][root][INFO] - reg loss: 4.190905656970915, entropy loss: 0.0471363649016521, leaf dev: 0.08716727048158646
[2026-06-26 14:00:33,587][root][INFO] - Val leaf stats: tensor([0.0000, 0.0008, 0.1472, 0.0003, 0.0213, 0.2033, 0.1820, 0.0980, 0.0084,
        0.0008, 0.0497, 0.0032, 0.0254, 0.2590, 0.0000, 0.0005])
[2026-06-26 14:00:34,920][root][INFO] - Epoch: 15 | train acc: 0.8260, train loss: 4.63007096, valid acc: 0.7605, valid loss: 0.78867560, test acc: 0.7415, test loss: 0.79674986
[2026-06-26 14:00:38,004][root][INFO] - reg loss: 4.240666709962438, entropy loss: 0.04429018717320239, leaf dev: 0.09757962077856064
[2026-06-26 14:00:38,007][root][INFO] - Val leaf stats: tensor([8.1015e-04, 2.7005e-04, 2.7302e-01, 5.6711e-03, 3.2406e-03, 5.7791e-02,
        2.1631e-01, 7.4534e-02, 0.0000e+00, 5.4010e-04, 5.4010e-04, 0.0000e+00,
        8.1015e-04, 1.1774e-01, 2.4737e-01, 1.3503e-03])
[2026-06-26 14:00:38,436][root][INFO] - reg loss: 4.313041022566498, entropy loss: 0.06161198801681644, leaf dev: 0.10215671360492706
[2026-06-26 14:00:38,438][root][INFO] - Val leaf stats: tensor([0.0005, 0.0011, 0.0000, 0.0046, 0.0008, 0.0108, 0.0000, 0.0032, 0.0767,
        0.2452, 0.0005, 0.0127, 0.2782, 0.0573, 0.2649, 0.0435])
[2026-06-26 14:00:39,517][root][INFO] - reg loss: 4.09381416977429, entropy loss: 0.05363014828963358, leaf dev: 0.13475537300109863
[2026-06-26 14:00:39,518][root][INFO] - Val leaf stats: tensor([0.0000e+00, 5.4010e-04, 1.6095e-01, 7.8315e-03, 0.0000e+00, 5.9411e-03,
        2.7005e-04, 8.1015e-04, 4.8609e-03, 0.0000e+00, 4.3208e-03, 8.1015e-04,
        1.3503e-03, 4.2209e-01, 3.6025e-01, 2.9976e-02])
[2026-06-26 14:00:40,125][root][INFO] - Epoch: 16 | train acc: 0.6937, train loss: 2.94050262, valid acc: 0.6578, valid loss: 1.04187963, test acc: 0.6424, test loss: 1.06740675
[2026-06-26 14:00:41,543][root][INFO] - reg loss: 4.121017620211742, entropy loss: 0.05253098184456591, leaf dev: 0.1311974674463272
[2026-06-26 14:00:41,545][root][INFO] - Val leaf stats: tensor([1.0802e-03, 2.7005e-04, 1.3503e-03, 5.6711e-03, 1.0802e-03, 5.4010e-04,
        2.7005e-04, 0.0000e+00, 2.7005e-04, 3.8725e-01, 1.6203e-03, 1.5663e-01,
        3.7861e-01, 5.2120e-02, 5.4010e-03, 7.8315e-03])
[2026-06-26 14:00:46,448][root][INFO] - reg loss: 4.165419250238137, entropy loss: 0.04089613216089421, leaf dev: 0.10939258337020874
[2026-06-26 14:00:46,449][root][INFO] - Val leaf stats: tensor([2.7005e-04, 1.0802e-03, 2.7005e-04, 3.5107e-03, 2.7491e-01, 7.6425e-02,
        0.0000e+00, 0.0000e+00, 3.1920e-01, 3.5107e-03, 4.4558e-02, 2.3521e-01,
        3.6727e-02, 1.8904e-03, 2.7005e-04, 2.1604e-03])
[2026-06-26 14:01:04,566][root][INFO] - Epoch: 16 | train acc: 0.7000, train loss: 33.59310194, valid acc: 0.6686, valid loss: 0.97228450, test acc: 0.6539, test loss: 1.01310883
[2026-06-26 14:01:05,053][root][INFO] - Epoch: 16 | train acc: 0.8206, train loss: 32.96640502, valid acc: 0.7594, valid loss: 0.82040329, test acc: 0.7243, test loss: 0.84323081
[2026-06-26 14:01:05,162][root][INFO] - Epoch: 17 | train acc: 0.7272, train loss: 0.78720948, valid acc: 0.6757, valid loss: 0.96953041, test acc: 0.6546, test loss: 1.04869724
[2026-06-26 14:01:06,221][root][INFO] - Epoch: 17 | train acc: 0.8497, train loss: 8.69482261, valid acc: 0.7462, valid loss: 0.85505433, test acc: 0.7288, test loss: 0.85705487
[2026-06-26 14:01:06,980][root][INFO] - Epoch: 17 | train acc: 0.7950, train loss: 16.96087969, valid acc: 0.7297, valid loss: 0.86405567, test acc: 0.6932, test loss: 0.92544465
[2026-06-26 14:01:09,596][root][INFO] - reg loss: 4.092123828950475, entropy loss: 0.05063348837563249, leaf dev: 0.12771251797676086
[2026-06-26 14:01:09,597][root][INFO] - Val leaf stats: tensor([1.3503e-03, 2.7005e-04, 3.5107e-01, 3.2406e-03, 2.7005e-04, 4.1858e-02,
        3.7888e-01, 4.5909e-03, 1.8363e-02, 2.7005e-04, 2.7005e-04, 2.7005e-04,
        5.4010e-04, 5.4010e-04, 1.9552e-01, 2.7005e-03])
[2026-06-26 14:01:10,131][root][INFO] - Epoch: 16 | train acc: 0.7485, train loss: 2.81981748, valid acc: 0.7119, valid loss: 0.90016352, test acc: 0.6986, test loss: 0.92751423
[2026-06-26 14:01:10,233][root][INFO] - Epoch: 16 | train acc: 0.6995, train loss: 0.86016207, valid acc: 0.6676, valid loss: 0.98121969, test acc: 0.6524, test loss: 1.02248183
[2026-06-26 14:01:10,425][root][INFO] - reg loss: 4.178865503092281, entropy loss: 0.04136891785215159, leaf dev: 0.10603976249694824
[2026-06-26 14:01:10,426][root][INFO] - Val leaf stats: tensor([5.4010e-04, 0.0000e+00, 4.1048e-02, 2.7005e-04, 7.0213e-03, 9.8299e-02,
        4.5909e-03, 5.4010e-04, 2.5277e-01, 5.6711e-03, 2.3575e-01, 3.1515e-01,
        0.0000e+00, 9.4518e-03, 2.8895e-02, 0.0000e+00])
[2026-06-26 14:01:10,454][root][INFO] - Epoch: 16 | train acc: 0.6530, train loss: 5.18153580, valid acc: 0.6206, valid loss: 1.14551773, test acc: 0.6004, test loss: 1.18936810
[2026-06-26 14:01:10,527][root][INFO] - reg loss: 4.054657420174021, entropy loss: 0.05018762309775978, leaf dev: 0.1688813418149948
[2026-06-26 14:01:10,528][root][INFO] - Val leaf stats: tensor([2.7005e-04, 8.1015e-04, 5.4010e-04, 5.4010e-03, 2.7005e-04, 1.6203e-03,
        0.0000e+00, 2.7005e-04, 8.1015e-04, 2.1604e-03, 0.0000e+00, 8.1015e-04,
        5.4496e-01, 1.3503e-03, 4.3964e-01, 1.0802e-03])
[2026-06-26 14:01:10,742][root][INFO] - Epoch: 16 | train acc: 0.7242, train loss: 2.84083573, valid acc: 0.6811, valid loss: 0.93055221, test acc: 0.6679, test loss: 0.98172867
[2026-06-26 14:01:10,885][root][INFO] - Epoch: 16 | train acc: 0.6701, train loss: 9.17611746, valid acc: 0.6344, valid loss: 1.10113084, test acc: 0.6129, test loss: 1.15043611
[2026-06-26 14:01:11,202][root][INFO] - reg loss: 4.127008813326476, entropy loss: 0.04790530237750929, leaf dev: 0.11296173930168152
[2026-06-26 14:01:11,203][root][INFO] - Val leaf stats: tensor([0.0011, 0.0181, 0.0000, 0.0000, 0.0014, 0.0008, 0.1342, 0.0024, 0.0227,
        0.0019, 0.0000, 0.2012, 0.2598, 0.3565, 0.0000, 0.0000])
[2026-06-26 14:01:12,065][root][INFO] - reg loss: 4.091621961749968, entropy loss: 0.05035354593982462, leaf dev: 0.15507352352142334
[2026-06-26 14:01:12,066][root][INFO] - Val leaf stats: tensor([0.0000e+00, 3.9968e-02, 1.0802e-03, 5.4010e-04, 2.7005e-04, 2.7005e-04,
        2.7005e-04, 8.1015e-03, 0.0000e+00, 2.7005e-04, 0.0000e+00, 7.2914e-03,
        5.0176e-01, 2.8355e-02, 4.1102e-01, 8.1015e-04])
[2026-06-26 14:01:12,918][root][INFO] - Epoch: 16 | train acc: 0.8169, train loss: 4.69123865, valid acc: 0.7489, valid loss: 0.81827326, test acc: 0.7302, test loss: 0.84058420
[2026-06-26 14:01:13,942][root][INFO] - Epoch: 17 | train acc: 0.8400, train loss: 8.75964529, valid acc: 0.7640, valid loss: 0.79619000, test acc: 0.7430, test loss: 0.78303826
[2026-06-26 14:01:15,668][root][INFO] - reg loss: 4.21102050875054, entropy loss: 0.044332362406077935, leaf dev: 0.10228707641363144
[2026-06-26 14:01:15,669][root][INFO] - Val leaf stats: tensor([0.0065, 0.0014, 0.0478, 0.0092, 0.1874, 0.1971, 0.1736, 0.3346, 0.0300,
        0.0049, 0.0016, 0.0011, 0.0022, 0.0000, 0.0014, 0.0014])
[2026-06-26 14:01:15,802][root][INFO] - reg loss: 4.177038138030006, entropy loss: 0.05341911028887405, leaf dev: 0.1298244297504425
[2026-06-26 14:01:15,803][root][INFO] - Val leaf stats: tensor([1.0100e-01, 2.7005e-03, 4.3451e-01, 2.5115e-02, 1.6203e-03, 2.7005e-04,
        0.0000e+00, 1.6203e-03, 5.4010e-04, 0.0000e+00, 4.2668e-02, 2.7005e-03,
        2.7005e-02, 3.3540e-01, 0.0000e+00, 2.4845e-02])
[2026-06-26 14:01:16,011][root][INFO] - Epoch: 16 | train acc: 0.7433, train loss: 17.51244279, valid acc: 0.6854, valid loss: 0.99065064, test acc: 0.6657, test loss: 1.01486007
[2026-06-26 14:01:16,025][root][INFO] - reg loss: 4.2568187635453025, entropy loss: 0.041383295884875, leaf dev: 0.08915282040834427
[2026-06-26 14:01:16,027][root][INFO] - Val leaf stats: tensor([2.7005e-04, 8.6416e-03, 1.3503e-02, 0.0000e+00, 1.7742e-01, 2.7815e-02,
        8.8307e-02, 1.3800e-01, 1.1342e-02, 2.7005e-04, 6.9403e-02, 8.4796e-02,
        5.0770e-02, 1.0802e-03, 3.2811e-01, 2.7005e-04])
[2026-06-26 14:01:16,229][root][INFO] - reg loss: 4.1254483441837495, entropy loss: 0.05017472791378615, leaf dev: 0.11710706353187561
[2026-06-26 14:01:16,230][root][INFO] - Val leaf stats: tensor([0.0005, 0.0027, 0.2479, 0.0124, 0.0016, 0.0043, 0.3179, 0.0035, 0.0024,
        0.0019, 0.0008, 0.3162, 0.0019, 0.0076, 0.0737, 0.0046])
[2026-06-26 14:01:16,604][root][INFO] - reg loss: 4.127868089519564, entropy loss: 0.047959929545883274, leaf dev: 0.12811161577701569
[2026-06-26 14:01:16,605][root][INFO] - Val leaf stats: tensor([2.7005e-04, 1.2152e-02, 4.3532e-01, 1.5663e-02, 0.0000e+00, 1.0937e-01,
        3.2001e-01, 0.0000e+00, 6.4812e-03, 1.6203e-03, 5.9411e-03, 0.0000e+00,
        0.0000e+00, 4.5909e-02, 4.7259e-02, 0.0000e+00])
[2026-06-26 14:01:18,536][root][INFO] - reg loss: 4.152080152855545, entropy loss: 0.04136736110829916, leaf dev: 0.1258050799369812
[2026-06-26 14:01:18,538][root][INFO] - Val leaf stats: tensor([1.8012e-01, 1.6203e-03, 3.9752e-01, 1.6203e-03, 2.7005e-04, 1.8904e-03,
        5.4010e-04, 3.5107e-03, 1.1072e-02, 0.0000e+00, 3.2730e-01, 2.4845e-02,
        9.9919e-03, 3.8077e-02, 1.6203e-03, 0.0000e+00])
[2026-06-26 14:01:18,856][root][INFO] - Epoch: 17 | train acc: 0.8186, train loss: 2.67681040, valid acc: 0.7270, valid loss: 0.90187935, test acc: 0.7162, test loss: 0.86021471
[2026-06-26 14:01:19,368][root][INFO] - Epoch: 17 | train acc: 0.6715, train loss: 17.82323093, valid acc: 0.6368, valid loss: 1.12972029, test acc: 0.5938, test loss: 1.17918625
[2026-06-26 14:01:19,428][root][INFO] - reg loss: 4.139209481536365, entropy loss: 0.04529854722443174, leaf dev: 0.12025212496519089
[2026-06-26 14:01:19,429][root][INFO] - Val leaf stats: tensor([0.0000e+00, 0.0000e+00, 1.6203e-03, 0.0000e+00, 1.6203e-03, 5.0230e-02,
        0.0000e+00, 8.1015e-04, 2.7005e-04, 3.5026e-01, 1.3503e-03, 2.3575e-01,
        3.1110e-01, 3.7807e-03, 4.2668e-02, 5.4010e-04])
[2026-06-26 14:01:20,319][root][INFO] - Epoch: 17 | train acc: 0.7495, train loss: 4.81013475, valid acc: 0.6970, valid loss: 0.91958985, test acc: 0.6757, test loss: 0.99883633
[2026-06-26 14:01:22,224][root][INFO] - reg loss: 4.193045537979876, entropy loss: 0.04746110822822227, leaf dev: 0.08603774011135101
[2026-06-26 14:01:22,225][root][INFO] - Val leaf stats: tensor([0.0003, 0.0103, 0.1555, 0.0005, 0.0124, 0.1194, 0.2358, 0.1318, 0.0108,
        0.0008, 0.0502, 0.0035, 0.0262, 0.2420, 0.0000, 0.0005])
[2026-06-26 14:01:22,771][root][INFO] - Epoch: 16 | train acc: 0.8361, train loss: 4.60843956, valid acc: 0.7642, valid loss: 0.79304273, test acc: 0.7459, test loss: 0.78274702
[2026-06-26 14:01:24,458][root][INFO] - reg loss: 4.290471757044558, entropy loss: 0.0598862744012817, leaf dev: 0.09302044659852982
[2026-06-26 14:01:24,459][root][INFO] - Val leaf stats: tensor([0.0011, 0.0011, 0.0000, 0.0402, 0.0005, 0.0259, 0.0003, 0.0351, 0.0335,
        0.2212, 0.0005, 0.0084, 0.2579, 0.1015, 0.2474, 0.0254])
[2026-06-26 14:01:25,805][root][INFO] - reg loss: 4.219468202747282, entropy loss: 0.03888326736747241, leaf dev: 0.09444663673639297
[2026-06-26 14:01:25,807][root][INFO] - Val leaf stats: tensor([8.1015e-04, 2.7005e-04, 2.7707e-01, 4.0508e-03, 4.8609e-03, 6.1842e-02,
        2.4737e-01, 1.2935e-01, 2.7005e-04, 5.4010e-04, 0.0000e+00, 0.0000e+00,
        2.7005e-04, 1.1639e-01, 1.5555e-01, 1.3503e-03])
[2026-06-26 14:01:26,124][root][INFO] - reg loss: 4.092161569438997, entropy loss: 0.05378389981437902, leaf dev: 0.1450590044260025
[2026-06-26 14:01:26,125][root][INFO] - Val leaf stats: tensor([0.0000e+00, 5.4010e-04, 8.6146e-02, 1.5933e-02, 2.7005e-04, 6.4812e-03,
        2.7005e-04, 5.4010e-04, 5.4010e-04, 0.0000e+00, 7.8315e-03, 8.1015e-04,
        8.1015e-04, 4.9014e-01, 3.5944e-01, 3.0246e-02])
[2026-06-26 14:01:26,809][root][INFO] - Epoch: 17 | train acc: 0.7095, train loss: 2.90387562, valid acc: 0.6781, valid loss: 0.98168180, test acc: 0.6529, test loss: 1.02476971
[2026-06-26 14:01:28,920][root][INFO] - reg loss: 4.124312721314977, entropy loss: 0.051382529076005594, leaf dev: 0.1315334141254425
[2026-06-26 14:01:28,922][root][INFO] - Val leaf stats: tensor([1.0802e-03, 5.4010e-04, 1.3503e-03, 5.6711e-03, 8.1015e-04, 5.4010e-04,
        2.7005e-04, 0.0000e+00, 2.7005e-04, 3.8320e-01, 5.4010e-04, 1.7742e-01,
        3.7591e-01, 4.8339e-02, 1.3503e-03, 2.7005e-03])
[2026-06-26 14:01:33,100][root][INFO] - reg loss: 4.163563321848384, entropy loss: 0.041503255301323094, leaf dev: 0.10371920466423035
[2026-06-26 14:01:33,101][root][INFO] - Val leaf stats: tensor([2.7005e-04, 8.1015e-04, 2.7005e-04, 3.5107e-03, 2.9868e-01, 8.8037e-02,
        2.7005e-04, 0.0000e+00, 2.7788e-01, 1.8904e-03, 4.2128e-02, 2.0929e-01,
        6.3192e-02, 9.1817e-03, 5.4010e-04, 4.0508e-03])
[2026-06-26 14:01:50,909][root][INFO] - Epoch: 17 | train acc: 0.7181, train loss: 33.44766273, valid acc: 0.6811, valid loss: 0.94654256, test acc: 0.6657, test loss: 0.98475101
[2026-06-26 14:01:53,402][root][INFO] - Epoch: 18 | train acc: 0.8451, train loss: 8.71011374, valid acc: 0.7691, valid loss: 0.76913305, test acc: 0.7609, test loss: 0.76362717
[2026-06-26 14:01:53,441][root][INFO] - Epoch: 18 | train acc: 0.7177, train loss: 0.82393974, valid acc: 0.6341, valid loss: 1.21285580, test acc: 0.6252, test loss: 1.16924882
[2026-06-26 14:01:53,594][root][INFO] - Epoch: 17 | train acc: 0.8236, train loss: 32.94639537, valid acc: 0.7543, valid loss: 0.82051709, test acc: 0.7374, test loss: 0.82418711
[2026-06-26 14:01:54,173][root][INFO] - Epoch: 18 | train acc: 0.8004, train loss: 16.96027759, valid acc: 0.7291, valid loss: 0.87169190, test acc: 0.7027, test loss: 0.91789116
[2026-06-26 14:01:55,984][root][INFO] - reg loss: 4.081618176131952, entropy loss: 0.04708490019938985, leaf dev: 0.12442511320114136
[2026-06-26 14:01:55,986][root][INFO] - Val leaf stats: tensor([1.3503e-03, 2.7005e-04, 3.6106e-01, 9.4518e-03, 2.7005e-04, 3.8617e-02,
        3.2973e-01, 3.5107e-03, 1.3503e-03, 2.7005e-04, 5.4010e-04, 0.0000e+00,
        1.4043e-02, 4.8609e-03, 2.3197e-01, 2.7005e-03])
[2026-06-26 14:01:57,673][root][INFO] - Epoch: 17 | train acc: 0.7336, train loss: 2.80405838, valid acc: 0.6862, valid loss: 0.95117638, test acc: 0.6686, test loss: 1.00686345
[2026-06-26 14:01:57,820][root][INFO] - Epoch: 17 | train acc: 0.7879, train loss: 2.70925688, valid acc: 0.7318, valid loss: 0.84269500, test acc: 0.7185, test loss: 0.88231654
[2026-06-26 14:01:58,297][root][INFO] - Epoch: 17 | train acc: 0.6797, train loss: 5.10138203, valid acc: 0.6468, valid loss: 1.07334889, test acc: 0.6269, test loss: 1.10960906
[2026-06-26 14:01:58,377][root][INFO] - Epoch: 17 | train acc: 0.7057, train loss: 0.83622430, valid acc: 0.6530, valid loss: 1.01852142, test acc: 0.6421, test loss: 1.06915870
[2026-06-26 14:01:58,423][root][INFO] - reg loss: 4.1271509577016365, entropy loss: 0.04694441785333586, leaf dev: 0.12153656780719757
[2026-06-26 14:01:58,424][root][INFO] - Val leaf stats: tensor([1.0802e-03, 1.7283e-02, 0.0000e+00, 0.0000e+00, 1.8904e-03, 8.1015e-04,
        1.6014e-01, 1.8904e-03, 2.5115e-02, 1.6203e-03, 2.7005e-04, 2.0038e-01,
        1.4718e-01, 4.4234e-01, 0.0000e+00, 0.0000e+00])
[2026-06-26 14:01:58,568][root][INFO] - reg loss: 4.168528064352567, entropy loss: 0.04077573566407454, leaf dev: 0.10282448679208755
[2026-06-26 14:01:58,569][root][INFO] - Val leaf stats: tensor([0.0005, 0.0000, 0.0305, 0.0000, 0.0165, 0.3038, 0.0041, 0.0005, 0.2355,
        0.0127, 0.2385, 0.1194, 0.0000, 0.0111, 0.0270, 0.0000])
[2026-06-26 14:01:58,632][root][INFO] - reg loss: 4.053951286878742, entropy loss: 0.04917461534992593, leaf dev: 0.16781353950500488
[2026-06-26 14:01:58,633][root][INFO] - Val leaf stats: tensor([2.7005e-04, 8.1015e-04, 5.4010e-04, 5.9411e-03, 2.7005e-04, 1.6203e-03,
        0.0000e+00, 1.0802e-03, 8.1015e-04, 1.8904e-03, 0.0000e+00, 8.1015e-04,
        5.1364e-01, 1.0802e-03, 4.7016e-01, 1.0802e-03])
[2026-06-26 14:01:58,901][root][INFO] - Epoch: 17 | train acc: 0.6892, train loss: 9.14022056, valid acc: 0.6435, valid loss: 1.05013370, test acc: 0.6384, test loss: 1.09875004
[2026-06-26 14:01:59,368][root][INFO] - reg loss: 4.0959049443729585, entropy loss: 0.0504938362807524, leaf dev: 0.15100577473640442
[2026-06-26 14:01:59,369][root][INFO] - Val leaf stats: tensor([0.0000e+00, 4.2128e-02, 8.1015e-04, 5.4010e-04, 8.1015e-04, 0.0000e+00,
        0.0000e+00, 8.1015e-03, 0.0000e+00, 2.7005e-04, 0.0000e+00, 7.0213e-03,
        4.8528e-01, 4.6719e-02, 4.0616e-01, 2.1604e-03])
[2026-06-26 14:02:00,210][root][INFO] - Epoch: 18 | train acc: 0.8414, train loss: 8.77697774, valid acc: 0.7624, valid loss: 0.83688213, test acc: 0.7511, test loss: 0.79426472
[2026-06-26 14:02:00,557][root][INFO] - Epoch: 17 | train acc: 0.8146, train loss: 4.70155706, valid acc: 0.7513, valid loss: 0.81668993, test acc: 0.7268, test loss: 0.84297231
[2026-06-26 14:02:02,508][root][INFO] - reg loss: 4.117493410579494, entropy loss: 0.050181707581047154, leaf dev: 0.11713488399982452
[2026-06-26 14:02:02,510][root][INFO] - Val leaf stats: tensor([0.0005, 0.0024, 0.3122, 0.0108, 0.0005, 0.0032, 0.2530, 0.0035, 0.0024,
        0.0008, 0.0008, 0.3162, 0.0011, 0.0057, 0.0813, 0.0054])
[2026-06-26 14:02:02,644][root][INFO] - reg loss: 4.183479348167044, entropy loss: 0.05296046634922262, leaf dev: 0.12726479768753052
[2026-06-26 14:02:02,646][root][INFO] - Val leaf stats: tensor([1.2125e-01, 3.5107e-03, 4.0886e-01, 1.0532e-02, 1.6203e-03, 2.7005e-04,
        0.0000e+00, 1.6203e-03, 7.5614e-03, 0.0000e+00, 3.8347e-02, 1.6203e-03,
        2.9706e-02, 3.4675e-01, 0.0000e+00, 2.8355e-02])
[2026-06-26 14:02:03,452][root][INFO] - reg loss: 4.20511094859389, entropy loss: 0.04364233751033173, leaf dev: 0.10285001248121262
[2026-06-26 14:02:03,453][root][INFO] - Val leaf stats: tensor([0.0122, 0.0011, 0.0618, 0.0024, 0.1874, 0.1971, 0.1469, 0.3473, 0.0313,
        0.0046, 0.0019, 0.0011, 0.0022, 0.0000, 0.0014, 0.0014])
[2026-06-26 14:02:03,951][root][INFO] - reg loss: 4.244730324041648, entropy loss: 0.04236351936811306, leaf dev: 0.10003437846899033
[2026-06-26 14:02:03,953][root][INFO] - Val leaf stats: tensor([8.1015e-04, 8.3716e-03, 9.9919e-03, 0.0000e+00, 1.9363e-01, 3.5917e-02,
        5.4010e-03, 1.8958e-01, 1.5933e-02, 2.7005e-04, 4.3748e-02, 7.7505e-02,
        6.4542e-02, 2.7005e-04, 3.5404e-01, 0.0000e+00])
[2026-06-26 14:02:04,404][root][INFO] - Epoch: 17 | train acc: 0.7374, train loss: 17.50657235, valid acc: 0.6984, valid loss: 0.96262410, test acc: 0.6777, test loss: 0.93763839
[2026-06-26 14:02:04,804][root][INFO] - reg loss: 4.132032191167112, entropy loss: 0.04679324178666365, leaf dev: 0.13488277792930603
[2026-06-26 14:02:04,805][root][INFO] - Val leaf stats: tensor([2.7005e-04, 3.7807e-03, 4.2776e-01, 2.5115e-02, 2.7005e-04, 8.7767e-02,
        3.7618e-01, 0.0000e+00, 3.7807e-03, 1.0802e-03, 4.8609e-03, 0.0000e+00,
        0.0000e+00, 2.6465e-02, 4.2668e-02, 0.0000e+00])
[2026-06-26 14:02:05,621][root][INFO] - Epoch: 18 | train acc: 0.8212, train loss: 2.65797110, valid acc: 0.7408, valid loss: 0.83766106, test acc: 0.7273, test loss: 0.86899368
[2026-06-26 14:02:05,878][root][INFO] - reg loss: 4.148839934927518, entropy loss: 0.04588118403172884, leaf dev: 0.12056932598352432
[2026-06-26 14:02:05,881][root][INFO] - Val leaf stats: tensor([0.0005, 0.0000, 0.0008, 0.0049, 0.0019, 0.0683, 0.0000, 0.0054, 0.0000,
        0.3867, 0.0005, 0.2006, 0.2908, 0.0011, 0.0378, 0.0005])
[2026-06-26 14:02:06,177][root][INFO] - Epoch: 18 | train acc: 0.7528, train loss: 4.79219076, valid acc: 0.7065, valid loss: 0.88221142, test acc: 0.6750, test loss: 0.96809628
[2026-06-26 14:02:06,233][root][INFO] - reg loss: 4.157306632057566, entropy loss: 0.041795886503379856, leaf dev: 0.12360430508852005
[2026-06-26 14:02:06,234][root][INFO] - Val leaf stats: tensor([1.6932e-01, 2.4305e-03, 3.6700e-01, 1.8904e-03, 2.7005e-04, 1.8904e-03,
        8.1015e-04, 3.7807e-03, 1.1072e-02, 0.0000e+00, 3.5377e-01, 3.5647e-02,
        9.7218e-03, 4.0508e-02, 1.8904e-03, 0.0000e+00])
[2026-06-26 14:02:06,972][root][INFO] - Epoch: 18 | train acc: 0.6791, train loss: 17.78250751, valid acc: 0.6460, valid loss: 1.11553337, test acc: 0.6149, test loss: 1.13750377
[2026-06-26 14:02:10,475][root][INFO] - reg loss: 4.190118836574867, entropy loss: 0.046616762998651286, leaf dev: 0.08678122609853745
[2026-06-26 14:02:10,477][root][INFO] - Val leaf stats: tensor([0.0000, 0.0049, 0.1623, 0.0011, 0.0157, 0.2314, 0.2147, 0.0994, 0.0078,
        0.0005, 0.0351, 0.0038, 0.0289, 0.1928, 0.0011, 0.0005])
[2026-06-26 14:02:11,506][root][INFO] - Epoch: 17 | train acc: 0.8420, train loss: 4.57571238, valid acc: 0.7651, valid loss: 0.77547368, test acc: 0.7541, test loss: 0.78770224
[2026-06-26 14:02:11,941][root][INFO] - reg loss: 4.27224986279597, entropy loss: 0.05354854085894882, leaf dev: 0.10193932056427002
[2026-06-26 14:02:11,943][root][INFO] - Val leaf stats: tensor([0.0027, 0.0000, 0.0000, 0.0143, 0.0000, 0.0108, 0.0000, 0.0122, 0.0286,
        0.2309, 0.0008, 0.0062, 0.2576, 0.1080, 0.2903, 0.0375])
[2026-06-26 14:02:12,130][root][INFO] - reg loss: 4.08654468567645, entropy loss: 0.05037743897467363, leaf dev: 0.13924871385097504
[2026-06-26 14:02:12,132][root][INFO] - Val leaf stats: tensor([2.7005e-04, 1.0802e-03, 1.1720e-01, 1.8363e-02, 0.0000e+00, 5.4010e-03,
        2.7005e-04, 2.7005e-04, 9.4518e-03, 0.0000e+00, 2.7005e-04, 0.0000e+00,
        1.0802e-03, 4.5261e-01, 3.6538e-01, 2.8355e-02])
[2026-06-26 14:02:13,139][root][INFO] - reg loss: 4.216225733522509, entropy loss: 0.03695837481588614, leaf dev: 0.09509053081274033
[2026-06-26 14:02:13,140][root][INFO] - Val leaf stats: tensor([0.0011, 0.0000, 0.2684, 0.0030, 0.0041, 0.0491, 0.2333, 0.0964, 0.0003,
        0.0005, 0.0003, 0.0000, 0.0003, 0.1420, 0.1993, 0.0019])
[2026-06-26 14:02:13,207][root][INFO] - Epoch: 18 | train acc: 0.7265, train loss: 2.86786431, valid acc: 0.6970, valid loss: 0.95781541, test acc: 0.6689, test loss: 0.99911222
[2026-06-26 14:02:18,283][root][INFO] - reg loss: 4.109050234810251, entropy loss: 0.05118568308773588, leaf dev: 0.13195782899856567
[2026-06-26 14:02:18,286][root][INFO] - Val leaf stats: tensor([1.3503e-03, 5.4010e-04, 1.3503e-03, 5.6711e-03, 8.1015e-04, 5.4010e-04,
        2.7005e-04, 0.0000e+00, 2.7005e-04, 3.7915e-01, 5.4010e-04, 1.7634e-01,
        3.8293e-01, 4.6449e-02, 1.6203e-03, 2.1604e-03])
[2026-06-26 14:02:19,865][root][INFO] - reg loss: 4.165927480478755, entropy loss: 0.03997926878147438, leaf dev: 0.10217826813459396
[2026-06-26 14:02:19,866][root][INFO] - Val leaf stats: tensor([2.7005e-04, 2.7005e-04, 5.4010e-04, 2.9706e-03, 3.3378e-01, 1.4691e-01,
        5.4010e-04, 0.0000e+00, 2.1145e-01, 8.1015e-04, 4.2938e-02, 1.8769e-01,
        6.5622e-02, 2.4305e-03, 8.1015e-04, 2.9706e-03])
[2026-06-26 14:02:38,713][root][INFO] - Epoch: 18 | train acc: 0.7278, train loss: 33.40941807, valid acc: 0.6843, valid loss: 0.94212224, test acc: 0.6730, test loss: 0.96976456
[2026-06-26 14:02:39,758][root][INFO] - Epoch: 18 | train acc: 0.8277, train loss: 32.91535124, valid acc: 0.7597, valid loss: 0.79443750, test acc: 0.7432, test loss: 0.82754270
[2026-06-26 14:02:40,537][root][INFO] - Epoch: 19 | train acc: 0.6610, train loss: 0.96813748, valid acc: 0.6624, valid loss: 1.05915972, test acc: 0.6456, test loss: 1.08101074
[2026-06-26 14:02:40,606][root][INFO] - Epoch: 19 | train acc: 0.8609, train loss: 8.65348409, valid acc: 0.7683, valid loss: 0.75397062, test acc: 0.7646, test loss: 0.75792763
[2026-06-26 14:02:41,595][root][INFO] - Epoch: 19 | train acc: 0.8124, train loss: 16.92697860, valid acc: 0.7335, valid loss: 0.88023390, test acc: 0.6969, test loss: 0.92571242
[2026-06-26 14:02:43,477][root][INFO] - reg loss: 4.080681918097324, entropy loss: 0.03860586295362379, leaf dev: 0.1254899501800537
[2026-06-26 14:02:43,478][root][INFO] - Val leaf stats: tensor([1.0802e-03, 2.7005e-04, 3.6214e-01, 1.6203e-03, 2.7005e-04, 4.2128e-02,
        3.3378e-01, 3.5107e-03, 1.3503e-03, 0.0000e+00, 8.1015e-04, 0.0000e+00,
        1.1882e-02, 5.1310e-03, 2.3278e-01, 3.2406e-03])
[2026-06-26 14:02:44,107][root][INFO] - Epoch: 18 | train acc: 0.7331, train loss: 2.80910726, valid acc: 0.6867, valid loss: 0.93378112, test acc: 0.6757, test loss: 0.95668989
[2026-06-26 14:02:44,896][root][INFO] - reg loss: 4.051199193860664, entropy loss: 0.0484144067178007, leaf dev: 0.16828905045986176
[2026-06-26 14:02:44,897][root][INFO] - Val leaf stats: tensor([2.7005e-04, 1.0802e-03, 8.1015e-04, 5.4010e-03, 2.7005e-04, 8.1015e-04,
        0.0000e+00, 0.0000e+00, 8.1015e-04, 2.1604e-03, 0.0000e+00, 2.7005e-04,
        5.2012e-01, 8.1015e-04, 4.6557e-01, 1.6203e-03])
[2026-06-26 14:02:45,237][root][INFO] - Epoch: 18 | train acc: 0.8052, train loss: 2.64767985, valid acc: 0.7413, valid loss: 0.86914223, test acc: 0.7111, test loss: 0.91415747
[2026-06-26 14:02:45,549][root][INFO] - Epoch: 18 | train acc: 0.7156, train loss: 0.81052699, valid acc: 0.6735, valid loss: 0.97097314, test acc: 0.6559, test loss: 1.03772581
[2026-06-26 14:02:45,577][root][INFO] - Epoch: 18 | train acc: 0.6864, train loss: 5.07648987, valid acc: 0.6446, valid loss: 1.06698867, test acc: 0.6379, test loss: 1.09869960
[2026-06-26 14:02:45,876][root][INFO] - reg loss: 4.1732744388893, entropy loss: 0.040204366638523635, leaf dev: 0.10988432168960571
[2026-06-26 14:02:45,878][root][INFO] - Val leaf stats: tensor([0.0005, 0.0000, 0.0197, 0.0000, 0.0262, 0.3756, 0.0068, 0.0005, 0.2528,
        0.0111, 0.1493, 0.1194, 0.0000, 0.0119, 0.0262, 0.0000])
[2026-06-26 14:02:46,051][root][INFO] - reg loss: 4.11830286119805, entropy loss: 0.04627802906954875, leaf dev: 0.12185230851173401
[2026-06-26 14:02:46,052][root][INFO] - Val leaf stats: tensor([0.0011, 0.0205, 0.0000, 0.0000, 0.0019, 0.0005, 0.1542, 0.0032, 0.0270,
        0.0019, 0.0005, 0.2039, 0.1385, 0.4467, 0.0000, 0.0000])
[2026-06-26 14:02:46,876][root][INFO] - reg loss: 4.095375889637431, entropy loss: 0.05077240787080077, leaf dev: 0.15325570106506348
[2026-06-26 14:02:46,878][root][INFO] - Val leaf stats: tensor([0.0000e+00, 4.2128e-02, 8.1015e-04, 5.4010e-04, 8.1015e-04, 2.7005e-04,
        0.0000e+00, 7.8315e-03, 0.0000e+00, 5.4010e-04, 5.4010e-04, 8.1015e-03,
        5.0284e-01, 3.4297e-02, 3.9860e-01, 2.7005e-03])
[2026-06-26 14:02:47,561][root][INFO] - Epoch: 18 | train acc: 0.6991, train loss: 9.08705605, valid acc: 0.6489, valid loss: 1.06876519, test acc: 0.6348, test loss: 1.10823356
[2026-06-26 14:02:47,592][root][INFO] - Epoch: 18 | train acc: 0.8257, train loss: 4.65915204, valid acc: 0.7591, valid loss: 0.84901381, test acc: 0.7354, test loss: 0.86007413
[2026-06-26 14:02:47,941][root][INFO] - Epoch: 19 | train acc: 0.8277, train loss: 8.81768821, valid acc: 0.6951, valid loss: 0.97943720, test acc: 0.6772, test loss: 0.97505959
[2026-06-26 14:02:49,248][root][INFO] - reg loss: 4.1141395490677635, entropy loss: 0.04906150167349909, leaf dev: 0.11714699864387512
[2026-06-26 14:02:49,250][root][INFO] - Val leaf stats: tensor([0.0005, 0.0043, 0.2390, 0.0078, 0.0000, 0.0046, 0.3257, 0.0051, 0.0024,
        0.0014, 0.0011, 0.3130, 0.0008, 0.0057, 0.0837, 0.0049])
[2026-06-26 14:02:50,445][root][INFO] - reg loss: 4.174337668497055, entropy loss: 0.05233183570328306, leaf dev: 0.1173957884311676
[2026-06-26 14:02:50,447][root][INFO] - Val leaf stats: tensor([0.1637, 0.0027, 0.3451, 0.0267, 0.0019, 0.0005, 0.0000, 0.0038, 0.0000,
        0.0000, 0.0451, 0.0030, 0.0311, 0.3443, 0.0000, 0.0321])
[2026-06-26 14:02:50,936][root][INFO] - reg loss: 4.231780185074102, entropy loss: 0.04322550561828691, leaf dev: 0.09947975724935532
[2026-06-26 14:02:50,937][root][INFO] - Val leaf stats: tensor([8.1015e-04, 8.6416e-03, 1.1612e-02, 0.0000e+00, 1.8931e-01, 6.1032e-02,
        8.6416e-03, 1.7364e-01, 1.6203e-02, 2.7005e-04, 3.6727e-02, 6.9673e-02,
        6.1032e-02, 8.1015e-04, 3.6160e-01, 0.0000e+00])
[2026-06-26 14:02:50,997][root][INFO] - reg loss: 4.193466624275583, entropy loss: 0.04004907962240157, leaf dev: 0.11543493717908859
[2026-06-26 14:02:50,999][root][INFO] - Val leaf stats: tensor([1.0532e-02, 2.7005e-04, 2.1334e-02, 4.0508e-03, 1.9741e-01, 1.9255e-01,
        1.1531e-01, 4.1399e-01, 3.2136e-02, 4.8609e-03, 1.6203e-03, 1.0802e-03,
        2.1604e-03, 0.0000e+00, 1.3503e-03, 1.3503e-03])
[2026-06-26 14:02:51,666][root][INFO] - Epoch: 18 | train acc: 0.7102, train loss: 17.52405285, valid acc: 0.6646, valid loss: 1.03437688, test acc: 0.6409, test loss: 1.08561940
[2026-06-26 14:02:52,345][root][INFO] - Epoch: 19 | train acc: 0.8261, train loss: 2.63825422, valid acc: 0.7553, valid loss: 0.79874222, test acc: 0.7371, test loss: 0.84267700
[2026-06-26 14:02:52,736][root][INFO] - Epoch: 19 | train acc: 0.7559, train loss: 4.78567355, valid acc: 0.6800, valid loss: 0.95222915, test acc: 0.6564, test loss: 1.01141182
[2026-06-26 14:02:52,982][root][INFO] - reg loss: 4.144627211523837, entropy loss: 0.04154962985241999, leaf dev: 0.12139131128787994
[2026-06-26 14:02:52,983][root][INFO] - Val leaf stats: tensor([2.3467e-01, 3.7807e-03, 3.9563e-01, 1.8904e-03, 2.7005e-04, 1.3503e-03,
        8.1015e-04, 4.3208e-03, 8.1015e-04, 0.0000e+00, 2.5925e-01, 9.9919e-03,
        1.9714e-02, 6.4812e-02, 2.7005e-03, 0.0000e+00])
[2026-06-26 14:02:53,293][root][INFO] - reg loss: 4.118364255936419, entropy loss: 0.044553091291521414, leaf dev: 0.13478650152683258
[2026-06-26 14:02:53,295][root][INFO] - Val leaf stats: tensor([2.7005e-04, 5.9411e-03, 4.3505e-01, 2.2954e-02, 2.7005e-04, 8.5606e-02,
        3.6727e-01, 0.0000e+00, 3.7807e-03, 1.8904e-03, 5.1310e-03, 0.0000e+00,
        0.0000e+00, 2.2414e-02, 4.9149e-02, 2.7005e-04])
[2026-06-26 14:02:53,468][root][INFO] - reg loss: 4.146118429840588, entropy loss: 0.04406983900021334, leaf dev: 0.12389370054006577
[2026-06-26 14:02:53,470][root][INFO] - Val leaf stats: tensor([8.1015e-04, 0.0000e+00, 8.1015e-04, 3.5107e-03, 1.8904e-03, 6.4002e-02,
        2.7005e-04, 2.7005e-04, 2.7005e-04, 1.5879e-01, 2.4035e-02, 4.0508e-01,
        3.1326e-01, 1.6203e-03, 2.4845e-02, 5.4010e-04])
[2026-06-26 14:02:54,117][root][INFO] - Epoch: 19 | train acc: 0.6881, train loss: 17.76408008, valid acc: 0.6457, valid loss: 1.09841924, test acc: 0.6215, test loss: 1.12424265
[2026-06-26 14:02:57,827][root][INFO] - reg loss: 4.173644347269027, entropy loss: 0.04415742161332584, leaf dev: 0.11018022894859314
[2026-06-26 14:02:57,828][root][INFO] - Val leaf stats: tensor([2.7005e-04, 2.9706e-03, 1.2989e-01, 1.3503e-03, 1.5393e-02, 2.7356e-01,
        3.5674e-01, 2.7005e-03, 4.3208e-03, 8.1015e-04, 1.7283e-02, 3.7807e-03,
        3.2946e-02, 1.5474e-01, 2.7005e-03, 5.4010e-04])
[2026-06-26 14:02:58,523][root][INFO] - reg loss: 4.267032146453857, entropy loss: 0.053064547662363674, leaf dev: 0.10103331506252289
[2026-06-26 14:02:58,525][root][INFO] - Val leaf stats: tensor([0.0046, 0.0000, 0.0000, 0.0130, 0.0008, 0.0138, 0.0000, 0.0113, 0.0546,
        0.2115, 0.0008, 0.0049, 0.2903, 0.0737, 0.2749, 0.0459])
[2026-06-26 14:02:58,602][root][INFO] - reg loss: 4.089365763742416, entropy loss: 0.048704774714395646, leaf dev: 0.1317320168018341
[2026-06-26 14:02:58,604][root][INFO] - Val leaf stats: tensor([0.0000e+00, 5.4010e-04, 8.2906e-02, 5.9411e-03, 0.0000e+00, 7.1564e-02,
        2.9706e-03, 3.7807e-03, 8.6416e-03, 0.0000e+00, 2.7005e-04, 0.0000e+00,
        1.3503e-03, 4.2155e-01, 3.6268e-01, 3.7807e-02])
[2026-06-26 14:02:58,897][root][INFO] - Epoch: 18 | train acc: 0.8471, train loss: 4.55492497, valid acc: 0.7653, valid loss: 0.79176360, test acc: 0.7553, test loss: 0.77759737
[2026-06-26 14:03:00,166][root][INFO] - reg loss: 4.218769292362401, entropy loss: 0.03456667505326818, leaf dev: 0.0951085314154625
[2026-06-26 14:03:00,168][root][INFO] - Val leaf stats: tensor([0.0008, 0.0003, 0.2633, 0.0070, 0.0027, 0.0570, 0.2185, 0.0732, 0.0003,
        0.0003, 0.0003, 0.0000, 0.0014, 0.1507, 0.2231, 0.0014])
[2026-06-26 14:03:02,368][root][INFO] - Epoch: 19 | train acc: 0.7328, train loss: 2.83717130, valid acc: 0.6992, valid loss: 0.94128816, test acc: 0.6723, test loss: 0.96311565
[2026-06-26 14:03:05,232][root][INFO] - reg loss: 4.106335835378678, entropy loss: 0.05115204505988809, leaf dev: 0.13175393640995026
[2026-06-26 14:03:05,234][root][INFO] - Val leaf stats: tensor([5.4010e-04, 5.4010e-04, 3.5107e-03, 3.5107e-03, 1.3503e-03, 8.1015e-04,
        5.4010e-04, 0.0000e+00, 2.7005e-04, 3.8347e-01, 1.8904e-03, 1.8309e-01,
        3.7483e-01, 4.2128e-02, 1.3503e-03, 2.1604e-03])
[2026-06-26 14:03:09,384][root][INFO] - reg loss: 4.156799879230436, entropy loss: 0.03947380050772526, leaf dev: 0.10247745364904404
[2026-06-26 14:03:09,386][root][INFO] - Val leaf stats: tensor([2.7005e-04, 5.4010e-04, 5.4010e-04, 2.7005e-03, 3.1650e-01, 1.4124e-01,
        5.4010e-04, 0.0000e+00, 2.4467e-01, 1.0802e-03, 5.2120e-02, 1.8931e-01,
        3.7267e-02, 3.2406e-03, 1.0802e-03, 8.9117e-03])
[2026-06-26 14:03:24,873][root][INFO] - Epoch: 19 | train acc: 0.7314, train loss: 33.34595139, valid acc: 0.6827, valid loss: 1.00078593, test acc: 0.6588, test loss: 0.99994551
[2026-06-26 14:03:26,919][root][INFO] - Epoch: 19 | train acc: 0.8322, train loss: 32.87427483, valid acc: 0.7543, valid loss: 0.81930222, test acc: 0.7307, test loss: 0.86027331
[2026-06-26 14:03:27,650][root][INFO] - Epoch: 20 | train acc: 0.7223, train loss: 0.79264430, valid acc: 0.6886, valid loss: 0.96655138, test acc: 0.6770, test loss: 0.99875968
[2026-06-26 14:03:28,274][root][INFO] - Epoch: 20 | train acc: 0.8677, train loss: 8.61429449, valid acc: 0.7761, valid loss: 0.74938066, test acc: 0.7501, test loss: 0.80441836
[2026-06-26 14:03:29,237][root][INFO] - Epoch: 20 | train acc: 0.8154, train loss: 16.88969074, valid acc: 0.7370, valid loss: 0.85936045, test acc: 0.7148, test loss: 0.88811545
[2026-06-26 14:03:30,097][root][INFO] - reg loss: 4.074086158002009, entropy loss: 0.03793320548338968, leaf dev: 0.13087381422519684
[2026-06-26 14:03:30,098][root][INFO] - Val leaf stats: tensor([5.6711e-03, 2.7005e-04, 3.7456e-01, 1.6203e-03, 2.7005e-04, 3.5917e-02,
        3.7213e-01, 1.0802e-03, 1.3503e-03, 0.0000e+00, 2.4305e-03, 0.0000e+00,
        3.7807e-03, 1.3503e-03, 1.9822e-01, 1.3503e-03])
[2026-06-26 14:03:31,769][root][INFO] - Epoch: 19 | train acc: 0.7440, train loss: 2.77621515, valid acc: 0.6886, valid loss: 0.93271803, test acc: 0.6772, test loss: 0.96161314
[2026-06-26 14:03:32,402][root][INFO] - reg loss: 4.048747078317111, entropy loss: 0.04846757338916669, leaf dev: 0.16854771971702576
[2026-06-26 14:03:32,403][root][INFO] - Val leaf stats: tensor([2.7005e-04, 1.0802e-03, 8.1015e-04, 5.1310e-03, 2.7005e-04, 8.1015e-04,
        0.0000e+00, 0.0000e+00, 5.4010e-04, 1.6203e-03, 0.0000e+00, 8.1015e-04,
        5.4010e-01, 8.1015e-04, 4.4369e-01, 4.0508e-03])
[2026-06-26 14:03:32,423][root][INFO] - Epoch: 19 | train acc: 0.7091, train loss: 0.83083364, valid acc: 0.6384, valid loss: 1.08427656, test acc: 0.6213, test loss: 1.11392897
[2026-06-26 14:03:32,815][root][INFO] - Epoch: 19 | train acc: 0.8172, train loss: 2.62636130, valid acc: 0.7507, valid loss: 0.81432589, test acc: 0.7327, test loss: 0.85971658
[2026-06-26 14:03:32,862][root][INFO] - Epoch: 19 | train acc: 0.6651, train loss: 5.18723034, valid acc: 0.5798, valid loss: 1.25602207, test acc: 0.5866, test loss: 1.23603281
[2026-06-26 14:03:33,162][root][INFO] - reg loss: 4.173151188209409, entropy loss: 0.04043394559230961, leaf dev: 0.10211805999279022
[2026-06-26 14:03:33,163][root][INFO] - Val leaf stats: tensor([0.0005, 0.0000, 0.0140, 0.0000, 0.0213, 0.2919, 0.0057, 0.0005, 0.2312,
        0.0084, 0.2376, 0.1485, 0.0000, 0.0111, 0.0292, 0.0000])
[2026-06-26 14:03:33,830][root][INFO] - reg loss: 4.110629331870157, entropy loss: 0.04580438234766976, leaf dev: 0.13284336030483246
[2026-06-26 14:03:33,831][root][INFO] - Val leaf stats: tensor([1.3503e-03, 1.0532e-02, 2.7005e-04, 0.0000e+00, 1.6203e-03, 5.4010e-04,
        5.7791e-02, 0.0000e+00, 2.7545e-02, 2.4305e-03, 1.0802e-03, 2.6303e-01,
        1.5420e-01, 4.7961e-01, 0.0000e+00, 0.0000e+00])
[2026-06-26 14:03:34,125][root][INFO] - Epoch: 19 | train acc: 0.8255, train loss: 4.66614808, valid acc: 0.7686, valid loss: 0.76581347, test acc: 0.7398, test loss: 0.82818940
[2026-06-26 14:03:34,360][root][INFO] - reg loss: 4.0885435948606395, entropy loss: 0.049736813199324686, leaf dev: 0.15519508719444275
[2026-06-26 14:03:34,362][root][INFO] - Val leaf stats: tensor([0.0000e+00, 4.9419e-02, 8.1015e-04, 5.4010e-04, 8.1015e-04, 2.7005e-04,
        0.0000e+00, 8.6416e-03, 0.0000e+00, 2.7005e-04, 0.0000e+00, 5.6711e-03,
        5.1445e-01, 2.1874e-02, 3.9509e-01, 2.1604e-03])
[2026-06-26 14:03:34,375][root][INFO] - Epoch: 19 | train acc: 0.7041, train loss: 9.08264973, valid acc: 0.6543, valid loss: 1.06067196, test acc: 0.6367, test loss: 1.08472843
[2026-06-26 14:03:34,769][root][INFO] - Epoch: 20 | train acc: 0.7883, train loss: 8.92000216, valid acc: 0.7456, valid loss: 0.84405547, test acc: 0.7300, test loss: 0.84786984
[2026-06-26 14:03:36,700][root][INFO] - reg loss: 4.117236285913186, entropy loss: 0.04916097852783125, leaf dev: 0.11539803445339203
[2026-06-26 14:03:36,701][root][INFO] - Val leaf stats: tensor([2.7005e-04, 7.8315e-03, 2.4602e-01, 8.1015e-03, 0.0000e+00, 5.1310e-03,
        3.1218e-01, 1.1072e-02, 5.6711e-03, 3.2406e-03, 8.1015e-04, 3.1353e-01,
        1.3503e-03, 6.2112e-03, 7.4804e-02, 3.7807e-03])
[2026-06-26 14:03:37,682][root][INFO] - reg loss: 4.17737862321197, entropy loss: 0.05144497856009202, leaf dev: 0.12253455072641373
[2026-06-26 14:03:37,684][root][INFO] - Val leaf stats: tensor([1.8093e-01, 4.0508e-03, 3.4702e-01, 7.5614e-03, 5.4010e-04, 8.1015e-04,
        2.7005e-03, 2.7005e-04, 0.0000e+00, 0.0000e+00, 3.3216e-02, 2.7005e-03,
        2.8355e-02, 3.6295e-01, 0.0000e+00, 2.8895e-02])
[2026-06-26 14:03:37,721][root][INFO] - reg loss: 4.232282646366807, entropy loss: 0.044355026583691115, leaf dev: 0.10481882840394974
[2026-06-26 14:03:37,722][root][INFO] - Val leaf stats: tensor([1.0802e-03, 1.4853e-02, 1.4583e-02, 0.0000e+00, 1.5042e-01, 5.2390e-02,
        9.9919e-03, 1.1585e-01, 1.0802e-02, 2.7005e-04, 2.6735e-02, 1.2908e-01,
        6.4812e-02, 5.4010e-04, 4.0778e-01, 8.1015e-04])
[2026-06-26 14:03:38,035][root][INFO] - reg loss: 4.226434324608475, entropy loss: 0.04075707452463322, leaf dev: 0.1402418464422226
[2026-06-26 14:03:38,036][root][INFO] - Val leaf stats: tensor([0.0103, 0.0008, 0.0197, 0.0016, 0.0789, 0.1075, 0.1836, 0.5517, 0.0332,
        0.0046, 0.0019, 0.0011, 0.0022, 0.0000, 0.0014, 0.0016])
[2026-06-26 14:03:39,237][root][INFO] - Epoch: 19 | train acc: 0.7049, train loss: 17.40093441, valid acc: 0.6927, valid loss: 0.98567177, test acc: 0.6672, test loss: 0.99819529
[2026-06-26 14:03:39,464][root][INFO] - reg loss: 4.145083544684238, entropy loss: 0.043136674116869445, leaf dev: 0.11984178423881531
[2026-06-26 14:03:39,466][root][INFO] - Val leaf stats: tensor([2.3548e-01, 2.9706e-03, 3.7105e-01, 2.4305e-03, 2.7005e-04, 1.8904e-03,
        8.1015e-04, 4.0508e-03, 2.7005e-03, 0.0000e+00, 2.8571e-01, 1.4853e-02,
        1.9984e-02, 4.9419e-02, 7.8315e-03, 5.4010e-04])
[2026-06-26 14:03:39,673][root][INFO] - Epoch: 20 | train acc: 0.7497, train loss: 4.80877073, valid acc: 0.6984, valid loss: 0.88205159, test acc: 0.6721, test loss: 0.96826976
[2026-06-26 14:03:40,135][root][INFO] - reg loss: 4.123628921196109, entropy loss: 0.04446322434261197, leaf dev: 0.12801024317741394
[2026-06-26 14:03:40,136][root][INFO] - Val leaf stats: tensor([2.7005e-04, 5.6711e-03, 4.0967e-01, 5.4820e-02, 2.7005e-04, 7.2644e-02,
        3.5755e-01, 0.0000e+00, 5.1310e-03, 2.1604e-03, 5.1310e-03, 0.0000e+00,
        0.0000e+00, 2.7005e-02, 5.9411e-02, 2.7005e-04])
[2026-06-26 14:03:40,263][root][INFO] - reg loss: 4.148239385886271, entropy loss: 0.04121958806377943, leaf dev: 0.12236210703849792
[2026-06-26 14:03:40,264][root][INFO] - Val leaf stats: tensor([8.1015e-04, 0.0000e+00, 8.1015e-04, 2.4305e-03, 2.7005e-03, 5.2660e-02,
        1.0802e-03, 2.7005e-04, 8.1015e-04, 1.8526e-01, 7.0213e-03, 3.6376e-01,
        3.4080e-01, 3.2406e-03, 3.8077e-02, 2.7005e-04])
[2026-06-26 14:03:40,764][root][INFO] - Epoch: 20 | train acc: 0.8407, train loss: 2.58499373, valid acc: 0.7534, valid loss: 0.77858008, test acc: 0.7445, test loss: 0.81367083
[2026-06-26 14:03:41,494][root][INFO] - Epoch: 20 | train acc: 0.7044, train loss: 17.72089136, valid acc: 0.6632, valid loss: 1.06795309, test acc: 0.6355, test loss: 1.08063899
[2026-06-26 14:03:45,580][root][INFO] - reg loss: 4.142616920783872, entropy loss: 0.04168938191943481, leaf dev: 0.10372675210237503
[2026-06-26 14:03:45,581][root][INFO] - Val leaf stats: tensor([2.7005e-04, 1.6203e-03, 1.5447e-01, 1.6203e-03, 1.8904e-02, 2.7113e-01,
        3.0786e-01, 2.7005e-03, 5.1310e-03, 5.4010e-04, 2.2684e-02, 4.3208e-03,
        3.6187e-02, 1.7175e-01, 2.7005e-04, 5.4010e-04])
[2026-06-26 14:03:45,594][root][INFO] - reg loss: 4.094372546086546, entropy loss: 0.04613095888348877, leaf dev: 0.13364428281784058
[2026-06-26 14:03:45,597][root][INFO] - Val leaf stats: tensor([0.0000e+00, 8.1015e-04, 1.1504e-01, 4.5909e-03, 0.0000e+00, 3.8887e-02,
        8.1015e-04, 4.5909e-03, 7.8315e-03, 0.0000e+00, 2.7005e-04, 2.7005e-04,
        1.3503e-03, 3.8725e-01, 4.0562e-01, 3.2676e-02])
[2026-06-26 14:03:46,333][root][INFO] - Epoch: 19 | train acc: 0.8522, train loss: 4.53013612, valid acc: 0.7613, valid loss: 0.79017606, test acc: 0.7555, test loss: 0.77914487
[2026-06-26 14:03:46,525][root][INFO] - reg loss: 4.254194525421643, entropy loss: 0.04943119661241281, leaf dev: 0.10938431322574615
[2026-06-26 14:03:46,526][root][INFO] - Val leaf stats: tensor([0.0051, 0.0000, 0.0008, 0.0108, 0.0008, 0.0135, 0.0000, 0.0097, 0.0240,
        0.1299, 0.0005, 0.0035, 0.3378, 0.1067, 0.3106, 0.0462])
[2026-06-26 14:03:47,256][root][INFO] - reg loss: 4.218020681475029, entropy loss: 0.03435860763563484, leaf dev: 0.09794256091117859
[2026-06-26 14:03:47,258][root][INFO] - Val leaf stats: tensor([0.0014, 0.0000, 0.2706, 0.0068, 0.0022, 0.0529, 0.2104, 0.0497, 0.0000,
        0.0005, 0.0000, 0.0000, 0.0000, 0.1512, 0.2463, 0.0081])
[2026-06-26 14:03:50,404][root][INFO] - Epoch: 20 | train acc: 0.7474, train loss: 2.80006972, valid acc: 0.6957, valid loss: 0.96442572, test acc: 0.6824, test loss: 0.97578670
[2026-06-26 14:03:53,055][root][INFO] - reg loss: 4.103998840832319, entropy loss: 0.05276122609855699, leaf dev: 0.1317664086818695
[2026-06-26 14:03:53,056][root][INFO] - Val leaf stats: tensor([2.7005e-04, 5.4010e-04, 1.0802e-03, 5.4010e-03, 1.0802e-03, 5.4010e-04,
        5.4010e-04, 0.0000e+00, 2.7005e-04, 3.8590e-01, 2.1604e-03, 1.8039e-01,
        3.7348e-01, 4.4018e-02, 2.4305e-03, 1.8904e-03])
[2026-06-26 14:03:56,824][root][INFO] - reg loss: 4.1522640791095675, entropy loss: 0.03972391796405198, leaf dev: 0.11036430299282074
[2026-06-26 14:03:56,826][root][INFO] - Val leaf stats: tensor([2.7005e-04, 8.1015e-04, 8.1015e-04, 2.9706e-03, 3.8482e-01, 1.8201e-01,
        5.4010e-04, 0.0000e+00, 2.0092e-01, 1.8904e-03, 2.7275e-02, 1.4610e-01,
        3.7807e-02, 7.2914e-03, 8.1015e-04, 5.6711e-03])
[2026-06-26 14:04:11,607][root][INFO] - Epoch: 20 | train acc: 0.7263, train loss: 33.33425491, valid acc: 0.6884, valid loss: 0.93543359, test acc: 0.6721, test loss: 0.97382741
[2026-06-26 14:04:14,708][root][INFO] - Epoch: 20 | train acc: 0.8345, train loss: 32.85909046, valid acc: 0.7607, valid loss: 0.80593488, test acc: 0.7430, test loss: 0.82443258
[2026-06-26 14:04:15,097][root][INFO] - Epoch: 21 | train acc: 0.7460, train loss: 0.73687217, valid acc: 0.7019, valid loss: 0.93984914, test acc: 0.6851, test loss: 0.98434483
[2026-06-26 14:04:16,188][root][INFO] - Epoch: 21 | train acc: 0.8219, train loss: 16.85667404, valid acc: 0.7359, valid loss: 0.85457336, test acc: 0.7101, test loss: 0.91149469
[2026-06-26 14:04:16,393][root][INFO] - Epoch: 21 | train acc: 0.8585, train loss: 8.60195177, valid acc: 0.7786, valid loss: 0.74868296, test acc: 0.7641, test loss: 0.79719485
[2026-06-26 14:04:17,251][root][INFO] - reg loss: 4.069948032254079, entropy loss: 0.037478069240441086, leaf dev: 0.12985467910766602
[2026-06-26 14:04:17,252][root][INFO] - Val leaf stats: tensor([5.4010e-03, 2.7005e-04, 3.8671e-01, 2.4305e-03, 2.7005e-04, 4.2398e-02,
        3.5512e-01, 5.4010e-04, 1.8904e-03, 0.0000e+00, 3.7807e-03, 2.7005e-04,
        3.5107e-03, 1.3503e-03, 1.9471e-01, 1.3503e-03])
[2026-06-26 14:04:18,733][root][INFO] - Epoch: 20 | train acc: 0.6778, train loss: 2.99785738, valid acc: 0.6198, valid loss: 1.10933659, test acc: 0.6178, test loss: 1.15415469
[2026-06-26 14:04:19,768][root][INFO] - Epoch: 20 | train acc: 0.6486, train loss: 5.19818188, valid acc: 0.6200, valid loss: 1.17359902, test acc: 0.6176, test loss: 1.17097592
[2026-06-26 14:04:19,865][root][INFO] - Epoch: 20 | train acc: 0.8380, train loss: 4.62999395, valid acc: 0.7696, valid loss: 0.77643235, test acc: 0.7450, test loss: 0.81899553
[2026-06-26 14:04:20,059][root][INFO] - reg loss: 4.047045512277572, entropy loss: 0.0481139858115892, leaf dev: 0.16855722665786743
[2026-06-26 14:04:20,061][root][INFO] - Val leaf stats: tensor([2.7005e-04, 1.0802e-03, 8.1015e-04, 5.1310e-03, 2.7005e-04, 1.3503e-03,
        0.0000e+00, 0.0000e+00, 5.4010e-04, 2.1604e-03, 0.0000e+00, 5.4010e-04,
        5.4037e-01, 1.0802e-03, 4.4342e-01, 2.9706e-03])
[2026-06-26 14:04:20,531][root][INFO] - Epoch: 21 | train acc: 0.8224, train loss: 8.80306141, valid acc: 0.7597, valid loss: 0.82951617, test acc: 0.7415, test loss: 0.80282712
[2026-06-26 14:04:20,604][root][INFO] - Epoch: 20 | train acc: 0.6819, train loss: 0.91806419, valid acc: 0.6425, valid loss: 1.07712182, test acc: 0.6274, test loss: 1.12497838
[2026-06-26 14:04:20,768][root][INFO] - reg loss: 4.1675032631295625, entropy loss: 0.039704560500676514, leaf dev: 0.09979312121868134
[2026-06-26 14:04:20,769][root][INFO] - Val leaf stats: tensor([0.0005, 0.0000, 0.0135, 0.0000, 0.0240, 0.2517, 0.0051, 0.0005, 0.2679,
        0.0132, 0.2206, 0.1618, 0.0003, 0.0119, 0.0286, 0.0003])
[2026-06-26 14:04:21,060][root][INFO] - Epoch: 20 | train acc: 0.8273, train loss: 2.58921848, valid acc: 0.7556, valid loss: 0.80152159, test acc: 0.7300, test loss: 0.84564928
[2026-06-26 14:04:21,641][root][INFO] - reg loss: 4.089022620779569, entropy loss: 0.044645330212155325, leaf dev: 0.1346333622932434
[2026-06-26 14:04:21,642][root][INFO] - Val leaf stats: tensor([1.3503e-03, 1.1342e-02, 2.7005e-04, 0.0000e+00, 1.3503e-03, 1.0802e-03,
        5.5901e-02, 2.7005e-04, 1.2962e-02, 2.1604e-03, 3.5107e-03, 2.7491e-01,
        1.5339e-01, 4.8150e-01, 0.0000e+00, 0.0000e+00])
[2026-06-26 14:04:21,724][root][INFO] - reg loss: 4.08637252401133, entropy loss: 0.04928474989337999, leaf dev: 0.15300679206848145
[2026-06-26 14:04:21,725][root][INFO] - Val leaf stats: tensor([0.0000e+00, 4.4288e-02, 8.1015e-04, 5.4010e-04, 8.1015e-04, 2.7005e-04,
        0.0000e+00, 7.8315e-03, 0.0000e+00, 2.7005e-04, 5.4010e-04, 6.7513e-03,
        5.0500e-01, 3.6457e-02, 3.9400e-01, 2.4305e-03])
[2026-06-26 14:04:21,784][root][INFO] - Epoch: 20 | train acc: 0.7115, train loss: 9.06015368, valid acc: 0.6632, valid loss: 1.03672377, test acc: 0.6468, test loss: 1.06923879
[2026-06-26 14:04:23,604][root][INFO] - reg loss: 4.115784121341393, entropy loss: 0.04815806454566658, leaf dev: 0.1473662555217743
[2026-06-26 14:04:23,605][root][INFO] - Val leaf stats: tensor([0.0000e+00, 7.5614e-03, 1.8363e-02, 7.5614e-03, 0.0000e+00, 3.7807e-03,
        5.3335e-01, 4.1318e-02, 1.2692e-02, 3.7807e-03, 1.3503e-03, 3.1488e-01,
        2.7005e-04, 2.9706e-03, 4.7529e-02, 4.5909e-03])
[2026-06-26 14:04:24,740][root][INFO] - reg loss: 4.216245971742223, entropy loss: 0.03920815750712254, leaf dev: 0.1413000077009201
[2026-06-26 14:04:24,747][root][INFO] - Val leaf stats: tensor([0.0065, 0.0008, 0.0270, 0.0016, 0.0945, 0.1483, 0.1110, 0.5628, 0.0348,
        0.0046, 0.0019, 0.0011, 0.0022, 0.0000, 0.0014, 0.0016])
[2026-06-26 14:04:25,326][root][INFO] - reg loss: 4.14964288961692, entropy loss: 0.043204148254189334, leaf dev: 0.11969377845525742
[2026-06-26 14:04:25,327][root][INFO] - Val leaf stats: tensor([2.2144e-01, 2.4305e-03, 3.7510e-01, 2.1604e-03, 2.7005e-04, 1.8904e-03,
        1.0802e-03, 4.0508e-03, 3.5107e-03, 2.7005e-04, 2.8841e-01, 1.7823e-02,
        1.8904e-02, 6.1302e-02, 1.0802e-03, 2.7005e-04])
[2026-06-26 14:04:25,917][root][INFO] - Epoch: 21 | train acc: 0.7648, train loss: 4.76562894, valid acc: 0.7011, valid loss: 0.91784464, test acc: 0.6649, test loss: 1.01727715
[2026-06-26 14:04:26,220][root][INFO] - reg loss: 4.23283453456691, entropy loss: 0.04576537660399421, leaf dev: 0.10225945711135864
[2026-06-26 14:04:26,222][root][INFO] - Val leaf stats: tensor([2.4305e-03, 1.2152e-02, 1.5393e-02, 0.0000e+00, 9.0467e-02, 4.2398e-02,
        3.1596e-02, 1.9417e-01, 1.8634e-02, 2.7005e-04, 2.5925e-02, 1.1288e-01,
        6.1842e-02, 2.7005e-04, 3.9076e-01, 8.1015e-04])
[2026-06-26 14:04:26,359][root][INFO] - reg loss: 4.137635402992124, entropy loss: 0.03993307683067244, leaf dev: 0.11877735704183578
[2026-06-26 14:04:26,362][root][INFO] - Val leaf stats: tensor([1.3503e-03, 2.7005e-04, 8.1015e-04, 3.5107e-03, 2.1604e-03, 5.1580e-02,
        2.7005e-04, 0.0000e+00, 5.4010e-04, 2.1037e-01, 1.2692e-02, 3.3675e-01,
        3.3432e-01, 2.1604e-03, 4.2938e-02, 2.7005e-04])
[2026-06-26 14:04:26,470][root][INFO] - Epoch: 21 | train acc: 0.8475, train loss: 2.56302886, valid acc: 0.7578, valid loss: 0.78038249, test acc: 0.7450, test loss: 0.82772389
[2026-06-26 14:04:26,852][root][INFO] - reg loss: 4.163688620582956, entropy loss: 0.05125506570348974, leaf dev: 0.11900096386671066
[2026-06-26 14:04:26,853][root][INFO] - Val leaf stats: tensor([2.0902e-01, 2.4305e-03, 3.1650e-01, 6.4812e-03, 2.7005e-04, 8.1015e-04,
        1.8904e-03, 0.0000e+00, 0.0000e+00, 0.0000e+00, 3.2946e-02, 2.9706e-03,
        3.8617e-02, 3.5701e-01, 0.0000e+00, 3.1056e-02])
[2026-06-26 14:04:26,999][root][INFO] - Epoch: 20 | train acc: 0.7141, train loss: 17.38253991, valid acc: 0.6457, valid loss: 1.03811844, test acc: 0.6345, test loss: 1.04746731
[2026-06-26 14:04:27,645][root][INFO] - reg loss: 4.124478590293009, entropy loss: 0.04431945158809912, leaf dev: 0.12798506021499634
[2026-06-26 14:04:27,646][root][INFO] - Val leaf stats: tensor([2.7005e-04, 2.4305e-03, 4.0535e-01, 3.4297e-02, 2.7005e-04, 8.4796e-02,
        3.6106e-01, 0.0000e+00, 9.4518e-03, 1.8904e-03, 5.9411e-03, 0.0000e+00,
        0.0000e+00, 2.9436e-02, 6.4542e-02, 2.7005e-04])
[2026-06-26 14:04:28,960][root][INFO] - Epoch: 21 | train acc: 0.7133, train loss: 17.69370511, valid acc: 0.6565, valid loss: 1.07102783, test acc: 0.6387, test loss: 1.08811441
[2026-06-26 14:04:31,772][root][INFO] - reg loss: 4.0912259211305715, entropy loss: 0.044932164984648346, leaf dev: 0.12563689053058624
[2026-06-26 14:04:31,773][root][INFO] - Val leaf stats: tensor([0.0000e+00, 1.0802e-03, 1.3530e-01, 3.7807e-03, 0.0000e+00, 1.8634e-02,
        0.0000e+00, 4.0508e-03, 7.2914e-03, 0.0000e+00, 2.7005e-04, 2.7005e-04,
        1.3503e-03, 4.0697e-01, 3.2514e-01, 9.5868e-02])
[2026-06-26 14:04:33,000][root][INFO] - reg loss: 4.244082489951712, entropy loss: 0.04909762593566394, leaf dev: 0.10790479183197021
[2026-06-26 14:04:33,002][root][INFO] - Val leaf stats: tensor([0.0051, 0.0000, 0.0008, 0.0108, 0.0008, 0.0135, 0.0000, 0.0081, 0.0359,
        0.1596, 0.0008, 0.0051, 0.3297, 0.0840, 0.3041, 0.0416])
[2026-06-26 14:04:33,296][root][INFO] - reg loss: 4.142489503641597, entropy loss: 0.040504686473334425, leaf dev: 0.10652073472738266
[2026-06-26 14:04:33,298][root][INFO] - Val leaf stats: tensor([0.0005, 0.0019, 0.1707, 0.0011, 0.0446, 0.3810, 0.1302, 0.0014, 0.0049,
        0.0005, 0.0278, 0.0041, 0.0381, 0.1928, 0.0000, 0.0005])
[2026-06-26 14:04:35,363][root][INFO] - reg loss: 4.217169550598645, entropy loss: 0.03324211370505271, leaf dev: 0.0965912789106369
[2026-06-26 14:04:35,364][root][INFO] - Val leaf stats: tensor([0.0014, 0.0000, 0.2574, 0.0100, 0.0019, 0.0675, 0.2120, 0.0489, 0.0000,
        0.0005, 0.0000, 0.0000, 0.0000, 0.1491, 0.2490, 0.0024])
[2026-06-26 14:04:35,489][root][INFO] - Epoch: 20 | train acc: 0.8561, train loss: 4.51972911, valid acc: 0.7688, valid loss: 0.78785059, test acc: 0.7565, test loss: 0.78931930
[2026-06-26 14:04:36,613][root][INFO] - Epoch: 21 | train acc: 0.7508, train loss: 2.79482272, valid acc: 0.7051, valid loss: 0.89663736, test acc: 0.6878, test loss: 0.96821488
[2026-06-26 14:04:41,952][root][INFO] - reg loss: 4.102077437228844, entropy loss: 0.05306067903999422, leaf dev: 0.13195139169692993
[2026-06-26 14:04:41,953][root][INFO] - Val leaf stats: tensor([2.7005e-04, 5.4010e-04, 1.0802e-03, 5.4010e-03, 1.0802e-03, 5.4010e-04,
        5.4010e-04, 0.0000e+00, 2.7005e-04, 3.9130e-01, 2.4305e-03, 1.7931e-01,
        3.6943e-01, 4.3208e-02, 2.7005e-03, 1.8904e-03])
[2026-06-26 14:04:43,042][root][INFO] - reg loss: 4.147067320151407, entropy loss: 0.03944854096311037, leaf dev: 0.10912135243415833
[2026-06-26 14:04:43,043][root][INFO] - Val leaf stats: tensor([2.7005e-04, 1.0802e-03, 5.4010e-04, 3.5107e-03, 3.8050e-01, 1.6122e-01,
        5.4010e-04, 0.0000e+00, 2.1172e-01, 1.6203e-03, 3.2946e-02, 1.4826e-01,
        4.8879e-02, 2.1604e-03, 8.1015e-04, 5.9411e-03])
[2026-06-26 14:04:59,306][root][INFO] - Epoch: 21 | train acc: 0.7419, train loss: 33.27568448, valid acc: 0.6930, valid loss: 0.92789746, test acc: 0.6753, test loss: 0.96876221
[2026-06-26 14:05:02,821][root][INFO] - Epoch: 21 | train acc: 0.8374, train loss: 32.89482948, valid acc: 0.7572, valid loss: 0.81590730, test acc: 0.7332, test loss: 0.85498182
[2026-06-26 14:05:03,511][root][INFO] - Epoch: 22 | train acc: 0.7562, train loss: 0.70730501, valid acc: 0.7035, valid loss: 0.92396994, test acc: 0.6949, test loss: 0.96907950
[2026-06-26 14:05:03,768][root][INFO] - Epoch: 22 | train acc: 0.8607, train loss: 8.61969771, valid acc: 0.7786, valid loss: 0.73835361, test acc: 0.7676, test loss: 0.77302464
[2026-06-26 14:05:03,913][root][INFO] - Epoch: 22 | train acc: 0.8309, train loss: 16.83744884, valid acc: 0.7386, valid loss: 0.86218594, test acc: 0.7121, test loss: 0.90439640
[2026-06-26 14:05:04,254][root][INFO] - reg loss: 4.067284513692387, entropy loss: 0.03631523904986069, leaf dev: 0.12698040902614594
[2026-06-26 14:05:04,255][root][INFO] - Val leaf stats: tensor([4.5909e-03, 2.7005e-04, 3.6565e-01, 2.4305e-03, 2.7005e-04, 3.7537e-02,
        3.3567e-01, 8.1015e-04, 3.7807e-03, 0.0000e+00, 2.7005e-04, 0.0000e+00,
        4.3208e-03, 5.4010e-04, 2.3765e-01, 6.2112e-03])
[2026-06-26 14:05:06,111][root][INFO] - Epoch: 21 | train acc: 0.6505, train loss: 3.08775176, valid acc: 0.5863, valid loss: 1.21734942, test acc: 0.5849, test loss: 1.24451118
[2026-06-26 14:05:06,923][root][INFO] - Epoch: 21 | train acc: 0.6822, train loss: 5.08806621, valid acc: 0.6543, valid loss: 1.09233876, test acc: 0.6350, test loss: 1.10161196
[2026-06-26 14:05:07,367][root][INFO] - Epoch: 21 | train acc: 0.7170, train loss: 0.81081870, valid acc: 0.6732, valid loss: 0.98783541, test acc: 0.6571, test loss: 1.02505531
[2026-06-26 14:05:07,401][root][INFO] - Epoch: 21 | train acc: 0.8427, train loss: 4.62286825, valid acc: 0.7642, valid loss: 0.82619743, test acc: 0.7393, test loss: 0.83456626
[2026-06-26 14:05:08,055][root][INFO] - reg loss: 4.051274659203702, entropy loss: 0.047986211163587256, leaf dev: 0.16785219311714172
[2026-06-26 14:05:08,057][root][INFO] - Val leaf stats: tensor([2.7005e-04, 1.0802e-03, 8.1015e-04, 5.1310e-03, 2.7005e-04, 8.1015e-04,
        0.0000e+00, 0.0000e+00, 8.1015e-04, 1.8904e-03, 0.0000e+00, 8.1015e-04,
        5.3659e-01, 6.7513e-03, 4.4396e-01, 8.1015e-04])
[2026-06-26 14:05:08,381][root][INFO] - Epoch: 22 | train acc: 0.8399, train loss: 8.74935181, valid acc: 0.7615, valid loss: 0.83320114, test acc: 0.7425, test loss: 0.80127897
[2026-06-26 14:05:08,395][root][INFO] - Epoch: 21 | train acc: 0.8287, train loss: 2.57500196, valid acc: 0.7626, valid loss: 0.79073307, test acc: 0.7445, test loss: 0.84829087
[2026-06-26 14:05:08,931][root][INFO] - reg loss: 4.16311206973967, entropy loss: 0.04009737996537177, leaf dev: 0.10769376158714294
[2026-06-26 14:05:08,932][root][INFO] - Val leaf stats: tensor([0.0000, 0.0000, 0.0068, 0.0000, 0.0186, 0.1445, 0.0084, 0.0000, 0.2579,
        0.0057, 0.3403, 0.1788, 0.0000, 0.0122, 0.0265, 0.0005])
[2026-06-26 14:05:09,044][root][INFO] - reg loss: 4.094607634622543, entropy loss: 0.042561541998484095, leaf dev: 0.13178688287734985
[2026-06-26 14:05:09,045][root][INFO] - Val leaf stats: tensor([1.3503e-03, 1.1882e-02, 2.7005e-04, 0.0000e+00, 0.0000e+00, 1.3503e-03,
        6.1842e-02, 0.0000e+00, 1.6743e-02, 1.0802e-03, 3.2406e-03, 2.7815e-01,
        1.5933e-01, 4.6476e-01, 0.0000e+00, 0.0000e+00])
[2026-06-26 14:05:09,114][root][INFO] - Epoch: 21 | train acc: 0.7163, train loss: 9.02475731, valid acc: 0.6630, valid loss: 1.01546554, test acc: 0.6514, test loss: 1.05511223
[2026-06-26 14:05:09,339][root][INFO] - reg loss: 4.086049830327268, entropy loss: 0.05051188622830344, leaf dev: 0.15080425143241882
[2026-06-26 14:05:09,341][root][INFO] - Val leaf stats: tensor([0.0000e+00, 4.5639e-02, 8.1015e-04, 5.4010e-04, 0.0000e+00, 2.7005e-03,
        0.0000e+00, 6.2112e-03, 0.0000e+00, 2.7005e-04, 2.7005e-04, 5.6711e-03,
        4.9473e-01, 4.8069e-02, 3.9292e-01, 2.1604e-03])
[2026-06-26 14:05:11,054][root][INFO] - Epoch: 22 | train acc: 0.7590, train loss: 4.77867202, valid acc: 0.7038, valid loss: 0.90646885, test acc: 0.6757, test loss: 0.97077435
[2026-06-26 14:05:11,534][root][INFO] - reg loss: 4.127874413474661, entropy loss: 0.04790559917932651, leaf dev: 0.17265859246253967
[2026-06-26 14:05:11,535][root][INFO] - Val leaf stats: tensor([1.6203e-03, 1.6473e-02, 3.5107e-02, 4.5909e-03, 2.7005e-04, 1.3503e-03,
        6.8944e-01, 8.1015e-03, 0.0000e+00, 0.0000e+00, 5.9411e-03, 1.7121e-01,
        2.9706e-03, 2.7005e-03, 5.8061e-02, 2.1604e-03])
[2026-06-26 14:05:11,836][root][INFO] - reg loss: 4.157733760896276, entropy loss: 0.04302286429971945, leaf dev: 0.12102577835321426
[2026-06-26 14:05:11,837][root][INFO] - Val leaf stats: tensor([2.7221e-01, 2.9706e-03, 3.8239e-01, 2.7005e-03, 2.7005e-04, 2.1604e-03,
        8.1015e-04, 3.5107e-03, 2.4305e-03, 0.0000e+00, 2.4170e-01, 1.7013e-02,
        1.7553e-02, 5.3200e-02, 8.1015e-04, 2.7005e-04])
[2026-06-26 14:05:12,044][root][INFO] - reg loss: 4.197796618352171, entropy loss: 0.03817973044685653, leaf dev: 0.12098346650600433
[2026-06-26 14:05:12,045][root][INFO] - Val leaf stats: tensor([5.1310e-03, 2.7005e-04, 3.5107e-02, 1.8904e-03, 1.2044e-01, 1.6797e-01,
        1.6203e-01, 4.5882e-01, 3.5647e-02, 4.3208e-03, 2.1604e-03, 1.0802e-03,
        2.1604e-03, 0.0000e+00, 1.3503e-03, 1.6203e-03])
[2026-06-26 14:05:12,145][root][INFO] - reg loss: 4.226983007837514, entropy loss: 0.045602183300452154, leaf dev: 0.09878426045179367
[2026-06-26 14:05:12,146][root][INFO] - Val leaf stats: tensor([0.0011, 0.0097, 0.0170, 0.0000, 0.2592, 0.0645, 0.0181, 0.1202, 0.0181,
        0.0000, 0.0111, 0.0651, 0.0813, 0.0008, 0.3332, 0.0005])
[2026-06-26 14:05:13,097][root][INFO] - reg loss: 4.136456411392962, entropy loss: 0.03986873746406837, leaf dev: 0.11773844808340073
[2026-06-26 14:05:13,098][root][INFO] - Val leaf stats: tensor([1.6203e-03, 2.7005e-04, 8.1015e-04, 3.5107e-03, 1.6203e-03, 5.4820e-02,
        2.7005e-04, 0.0000e+00, 5.4010e-04, 2.3278e-01, 8.1015e-03, 3.2865e-01,
        3.2136e-01, 2.1604e-03, 4.3208e-02, 2.7005e-04])
[2026-06-26 14:05:13,207][root][INFO] - reg loss: 4.155662106685951, entropy loss: 0.050842711793594675, leaf dev: 0.114667147397995
[2026-06-26 14:05:13,208][root][INFO] - Val leaf stats: tensor([2.5169e-01, 2.1604e-03, 2.7086e-01, 4.5909e-03, 2.7005e-04, 8.1015e-04,
        1.0802e-03, 0.0000e+00, 0.0000e+00, 0.0000e+00, 3.3486e-02, 2.7005e-03,
        3.3756e-02, 3.4297e-01, 0.0000e+00, 5.5631e-02])
[2026-06-26 14:05:14,357][root][INFO] - Epoch: 21 | train acc: 0.7139, train loss: 17.38741640, valid acc: 0.6830, valid loss: 0.96142553, test acc: 0.6691, test loss: 0.98593627
[2026-06-26 14:05:14,407][root][INFO] - Epoch: 22 | train acc: 0.8597, train loss: 2.53755155, valid acc: 0.7648, valid loss: 0.77092075, test acc: 0.7486, test loss: 0.80977772
[2026-06-26 14:05:14,588][root][INFO] - reg loss: 4.107948881680848, entropy loss: 0.04384387296731355, leaf dev: 0.1330430805683136
[2026-06-26 14:05:14,589][root][INFO] - Val leaf stats: tensor([2.7005e-04, 2.9706e-03, 4.0670e-01, 3.6187e-02, 5.4010e-04, 6.4542e-02,
        3.8833e-01, 0.0000e+00, 4.3208e-03, 1.0802e-03, 1.6203e-03, 0.0000e+00,
        0.0000e+00, 1.5663e-02, 7.7775e-02, 0.0000e+00])
[2026-06-26 14:05:16,083][root][INFO] - Epoch: 22 | train acc: 0.7141, train loss: 17.68589492, valid acc: 0.6597, valid loss: 1.05279320, test acc: 0.6438, test loss: 1.08441195
[2026-06-26 14:05:16,568][root][INFO] - reg loss: 4.08453513755173, entropy loss: 0.04452269585406194, leaf dev: 0.13660354912281036
[2026-06-26 14:05:16,570][root][INFO] - Val leaf stats: tensor([0.0000e+00, 1.0802e-03, 1.1882e-01, 2.5115e-02, 2.7005e-04, 1.8904e-02,
        2.7005e-04, 2.9706e-03, 3.2406e-03, 0.0000e+00, 2.7005e-04, 2.7005e-04,
        3.7807e-03, 4.1237e-01, 3.9617e-01, 1.6473e-02])
[2026-06-26 14:05:20,428][root][INFO] - reg loss: 4.256681231201672, entropy loss: 0.04990225193686173, leaf dev: 0.10449443012475967
[2026-06-26 14:05:20,438][root][INFO] - Val leaf stats: tensor([5.1310e-03, 0.0000e+00, 2.7005e-04, 1.0532e-02, 8.1015e-04, 1.2962e-02,
        0.0000e+00, 8.9117e-03, 5.0230e-02, 1.8363e-01, 8.1015e-04, 5.1310e-03,
        3.1137e-01, 7.6425e-02, 2.9166e-01, 4.2128e-02])
[2026-06-26 14:05:20,611][root][INFO] - reg loss: 4.146650478488109, entropy loss: 0.040356203180844666, leaf dev: 0.09700644761323929
[2026-06-26 14:05:20,614][root][INFO] - Val leaf stats: tensor([2.7005e-04, 2.7005e-03, 1.6392e-01, 1.6203e-03, 5.6441e-02, 3.1704e-01,
        1.7121e-01, 1.6203e-03, 5.6711e-03, 5.4010e-04, 3.2946e-02, 4.0508e-03,
        3.8617e-02, 2.0281e-01, 0.0000e+00, 5.4010e-04])
[2026-06-26 14:05:22,043][root][INFO] - reg loss: 4.218078261516133, entropy loss: 0.034060413720177825, leaf dev: 0.09955181926488876
[2026-06-26 14:05:22,045][root][INFO] - Val leaf stats: tensor([1.0802e-03, 0.0000e+00, 2.8625e-01, 4.8609e-03, 3.7807e-03, 7.9125e-02,
        1.8580e-01, 3.8077e-02, 0.0000e+00, 2.7005e-04, 0.0000e+00, 0.0000e+00,
        0.0000e+00, 1.3692e-01, 2.6114e-01, 2.7005e-03])
[2026-06-26 14:05:23,694][root][INFO] - Epoch: 21 | train acc: 0.8593, train loss: 4.51059509, valid acc: 0.7713, valid loss: 0.79842825, test acc: 0.7553, test loss: 0.79784893
[2026-06-26 14:05:26,021][root][INFO] - Epoch: 22 | train acc: 0.7583, train loss: 2.76203238, valid acc: 0.7200, valid loss: 0.91316579, test acc: 0.6895, test loss: 0.94447910
[2026-06-26 14:05:30,172][root][INFO] - reg loss: 4.102385341143999, entropy loss: 0.052959900960081914, leaf dev: 0.13171422481536865
[2026-06-26 14:05:30,174][root][INFO] - Val leaf stats: tensor([2.7005e-04, 5.4010e-04, 1.0802e-03, 5.6711e-03, 8.1015e-04, 5.4010e-04,
        5.4010e-04, 0.0000e+00, 2.7005e-04, 3.7861e-01, 1.8904e-03, 1.7904e-01,
        3.8131e-01, 4.3208e-02, 4.0508e-03, 2.1604e-03])
[2026-06-26 14:05:32,276][root][INFO] - reg loss: 4.146211381818428, entropy loss: 0.03935451402527387, leaf dev: 0.10702043771743774
[2026-06-26 14:05:32,278][root][INFO] - Val leaf stats: tensor([2.7005e-04, 1.0802e-03, 2.7005e-04, 3.7807e-03, 3.6619e-01, 1.6824e-01,
        5.4010e-04, 0.0000e+00, 2.2333e-01, 2.1604e-03, 3.2406e-02, 1.3773e-01,
        4.2398e-02, 7.2914e-03, 3.2406e-03, 1.1072e-02])
[2026-06-26 14:05:46,365][root][INFO] - Epoch: 22 | train acc: 0.7447, train loss: 33.27941357, valid acc: 0.7013, valid loss: 0.89902396, test acc: 0.6804, test loss: 0.95091379
[2026-06-26 14:05:50,133][root][INFO] - Epoch: 22 | train acc: 0.8440, train loss: 32.84454733, valid acc: 0.7605, valid loss: 0.77864017, test acc: 0.7440, test loss: 0.84109047
[2026-06-26 14:05:50,641][root][INFO] - Epoch: 23 | train acc: 0.7582, train loss: 0.69976884, valid acc: 0.7102, valid loss: 0.93409383, test acc: 0.6851, test loss: 0.97108813
[2026-06-26 14:05:51,410][root][INFO] - Epoch: 23 | train acc: 0.8619, train loss: 8.59900756, valid acc: 0.7513, valid loss: 0.83333448, test acc: 0.7297, test loss: 0.87413754
[2026-06-26 14:05:51,481][root][INFO] - reg loss: 4.06964949310803, entropy loss: 0.036001975938189226, leaf dev: 0.12114900350570679
[2026-06-26 14:05:51,482][root][INFO] - Val leaf stats: tensor([4.0508e-03, 2.7005e-04, 3.4540e-01, 1.8904e-03, 2.7005e-04, 4.5909e-02,
        3.0867e-01, 1.8904e-03, 2.9706e-03, 0.0000e+00, 5.4010e-04, 0.0000e+00,
        2.5385e-02, 1.8904e-03, 2.5547e-01, 5.4010e-03])
[2026-06-26 14:05:51,937][root][INFO] - Epoch: 23 | train acc: 0.8309, train loss: 16.81342616, valid acc: 0.7432, valid loss: 0.86423743, test acc: 0.7133, test loss: 0.90088611
[2026-06-26 14:05:52,574][root][INFO] - Epoch: 22 | train acc: 0.6698, train loss: 2.98907140, valid acc: 0.6441, valid loss: 1.03844742, test acc: 0.6296, test loss: 1.10500485
[2026-06-26 14:05:53,593][root][INFO] - Epoch: 22 | train acc: 0.7796, train loss: 4.83200847, valid acc: 0.6903, valid loss: 0.98654713, test acc: 0.6625, test loss: 1.03799234
[2026-06-26 14:05:54,487][root][INFO] - Epoch: 22 | train acc: 0.7272, train loss: 0.79279579, valid acc: 0.6965, valid loss: 0.95095291, test acc: 0.6706, test loss: 0.98495273
[2026-06-26 14:05:54,685][root][INFO] - Epoch: 23 | train acc: 0.8485, train loss: 8.70894305, valid acc: 0.7705, valid loss: 0.80481429, test acc: 0.7533, test loss: 0.78193806
[2026-06-26 14:05:55,020][root][INFO] - Epoch: 22 | train acc: 0.8393, train loss: 2.54650476, valid acc: 0.7624, valid loss: 0.81869934, test acc: 0.7398, test loss: 0.84452713
[2026-06-26 14:05:55,028][root][INFO] - Epoch: 22 | train acc: 0.6998, train loss: 5.02698527, valid acc: 0.6630, valid loss: 1.03377316, test acc: 0.6490, test loss: 1.05142441
[2026-06-26 14:05:55,097][root][INFO] - reg loss: 4.048114792245333, entropy loss: 0.0470539139064609, leaf dev: 0.16828341782093048
[2026-06-26 14:05:55,098][root][INFO] - Val leaf stats: tensor([2.7005e-04, 1.3503e-03, 8.1015e-04, 4.5909e-03, 5.4010e-04, 1.0802e-03,
        0.0000e+00, 0.0000e+00, 2.7005e-04, 2.1604e-03, 0.0000e+00, 1.3503e-03,
        5.3551e-01, 1.8904e-03, 4.4775e-01, 2.4305e-03])
[2026-06-26 14:05:55,888][root][INFO] - reg loss: 4.153570308059942, entropy loss: 0.04043756626912805, leaf dev: 0.11033980548381805
[2026-06-26 14:05:55,889][root][INFO] - Val leaf stats: tensor([1.0802e-03, 0.0000e+00, 5.4010e-03, 0.0000e+00, 4.3208e-03, 1.3908e-01,
        1.2962e-02, 0.0000e+00, 2.4710e-01, 2.4305e-03, 3.5620e-01, 1.9174e-01,
        2.7005e-04, 1.3233e-02, 2.6195e-02, 0.0000e+00])
[2026-06-26 14:05:56,794][root][INFO] - Epoch: 22 | train acc: 0.7214, train loss: 8.98962445, valid acc: 0.6789, valid loss: 1.01282328, test acc: 0.6583, test loss: 1.04120445
[2026-06-26 14:05:57,087][root][INFO] - reg loss: 4.089257216844403, entropy loss: 0.04080843015528116, leaf dev: 0.1192120835185051
[2026-06-26 14:05:57,089][root][INFO] - Val leaf stats: tensor([1.3503e-03, 1.2152e-02, 2.7005e-04, 0.0000e+00, 5.4010e-04, 1.0802e-03,
        6.6163e-02, 2.7005e-04, 2.3765e-02, 5.4010e-04, 2.4305e-03, 2.5223e-01,
        2.8058e-01, 3.5809e-01, 0.0000e+00, 5.4010e-04])
[2026-06-26 14:05:57,617][root][INFO] - reg loss: 4.098951269368657, entropy loss: 0.045809804293953, leaf dev: 0.15049979090690613
[2026-06-26 14:05:57,618][root][INFO] - Val leaf stats: tensor([1.8904e-03, 1.7283e-02, 6.6703e-02, 3.7807e-03, 2.7005e-04, 1.3503e-03,
        5.7359e-01, 8.1015e-03, 0.0000e+00, 0.0000e+00, 1.3503e-03, 2.5439e-01,
        3.5107e-03, 2.7005e-03, 6.0491e-02, 4.5909e-03])
[2026-06-26 14:05:57,689][root][INFO] - reg loss: 4.080672709668269, entropy loss: 0.050267402082681656, leaf dev: 0.15196338295936584
[2026-06-26 14:05:57,690][root][INFO] - Val leaf stats: tensor([0.0000e+00, 3.9157e-02, 8.1015e-04, 5.4010e-04, 0.0000e+00, 1.6203e-03,
        2.7005e-04, 5.4010e-03, 0.0000e+00, 2.7005e-04, 0.0000e+00, 4.5909e-03,
        4.9014e-01, 4.8069e-02, 4.0589e-01, 3.2406e-03])
[2026-06-26 14:05:57,950][root][INFO] - Epoch: 23 | train acc: 0.7616, train loss: 4.76437673, valid acc: 0.6997, valid loss: 0.90646359, test acc: 0.6784, test loss: 0.97768815
[2026-06-26 14:05:58,560][root][INFO] - reg loss: 4.1633287336005536, entropy loss: 0.04228029448966511, leaf dev: 0.13126419484615326
[2026-06-26 14:05:58,561][root][INFO] - Val leaf stats: tensor([5.1580e-02, 1.3503e-03, 2.0038e-01, 5.4010e-04, 2.7005e-04, 6.2112e-03,
        1.8904e-03, 3.5107e-03, 2.1604e-02, 8.1015e-04, 5.0824e-01, 1.2044e-01,
        1.4583e-02, 6.7783e-02, 5.4010e-04, 2.7005e-04])
[2026-06-26 14:05:59,172][root][INFO] - reg loss: 4.1829779812547025, entropy loss: 0.04254251694092985, leaf dev: 0.09474468231201172
[2026-06-26 14:05:59,173][root][INFO] - Val leaf stats: tensor([0.0008, 0.0092, 0.0157, 0.0000, 0.1977, 0.0532, 0.0389, 0.1785, 0.0032,
        0.0000, 0.0119, 0.0716, 0.0888, 0.0008, 0.3292, 0.0005])
[2026-06-26 14:05:59,764][root][INFO] - reg loss: 4.133503593382288, entropy loss: 0.03927932221625672, leaf dev: 0.11571522057056427
[2026-06-26 14:05:59,765][root][INFO] - Val leaf stats: tensor([2.1604e-03, 2.7005e-04, 8.1015e-04, 3.5107e-03, 1.0802e-03, 5.5090e-02,
        0.0000e+00, 2.7005e-04, 5.4010e-04, 2.3602e-01, 1.2152e-02, 3.0543e-01,
        3.2946e-01, 1.8904e-03, 5.1040e-02, 2.7005e-04])
[2026-06-26 14:05:59,959][root][INFO] - reg loss: 4.181503256813425, entropy loss: 0.03727928466606335, leaf dev: 0.1117272898554802
[2026-06-26 14:05:59,960][root][INFO] - Val leaf stats: tensor([2.7005e-03, 2.7005e-04, 7.6154e-02, 2.4305e-03, 1.7364e-01, 1.5987e-01,
        1.2071e-01, 4.1507e-01, 3.6457e-02, 5.1310e-03, 1.6203e-03, 8.1015e-04,
        2.1604e-03, 0.0000e+00, 1.3503e-03, 1.6203e-03])
[2026-06-26 14:06:00,502][root][INFO] - reg loss: 4.148893371957247, entropy loss: 0.05091241710498685, leaf dev: 0.11614864319562912
[2026-06-26 14:06:00,504][root][INFO] - Val leaf stats: tensor([2.5682e-01, 2.7005e-03, 2.5844e-01, 2.7005e-03, 5.4010e-04, 8.1015e-04,
        2.7005e-04, 2.7005e-04, 0.0000e+00, 0.0000e+00, 3.4567e-02, 3.2406e-03,
        3.8077e-02, 3.5701e-01, 0.0000e+00, 4.4558e-02])
[2026-06-26 14:06:00,623][root][INFO] - Epoch: 23 | train acc: 0.8651, train loss: 2.52408297, valid acc: 0.7618, valid loss: 0.78096247, test acc: 0.7415, test loss: 0.83353871
[2026-06-26 14:06:02,030][root][INFO] - reg loss: 4.099274455523882, entropy loss: 0.04207111901191414, leaf dev: 0.13131892681121826
[2026-06-26 14:06:02,031][root][INFO] - Val leaf stats: tensor([0.0000, 0.0035, 0.4048, 0.0308, 0.0005, 0.0654, 0.3810, 0.0000, 0.0076,
        0.0011, 0.0035, 0.0000, 0.0000, 0.0224, 0.0794, 0.0000])
[2026-06-26 14:06:02,718][root][INFO] - Epoch: 23 | train acc: 0.7186, train loss: 17.61494577, valid acc: 0.6646, valid loss: 1.05011401, test acc: 0.6429, test loss: 1.06018873
[2026-06-26 14:06:03,559][root][INFO] - Epoch: 22 | train acc: 0.7391, train loss: 17.30544353, valid acc: 0.6957, valid loss: 0.96751290, test acc: 0.6765, test loss: 0.98722827
[2026-06-26 14:06:03,800][root][INFO] - reg loss: 4.07817183947954, entropy loss: 0.0441160360198529, leaf dev: 0.13770067691802979
[2026-06-26 14:06:03,802][root][INFO] - Val leaf stats: tensor([0.0000e+00, 1.0802e-03, 1.1099e-01, 2.4035e-02, 2.7005e-04, 1.4583e-02,
        2.7005e-04, 6.7513e-03, 3.2406e-03, 0.0000e+00, 2.7005e-04, 2.7005e-04,
        5.1310e-03, 4.2587e-01, 3.8995e-01, 1.7283e-02])
[2026-06-26 14:06:06,721][root][INFO] - reg loss: 4.265955549771668, entropy loss: 0.05081925846514155, leaf dev: 0.10321176052093506
[2026-06-26 14:06:06,722][root][INFO] - Val leaf stats: tensor([0.0054, 0.0000, 0.0005, 0.0113, 0.0008, 0.0132, 0.0000, 0.0078, 0.0591,
        0.2096, 0.0011, 0.0057, 0.2908, 0.0640, 0.2900, 0.0405])
[2026-06-26 14:06:09,014][root][INFO] - reg loss: 4.206290753161321, entropy loss: 0.03308744020149356, leaf dev: 0.1007978692650795
[2026-06-26 14:06:09,016][root][INFO] - Val leaf stats: tensor([1.3503e-03, 0.0000e+00, 2.9112e-01, 6.7513e-03, 4.0508e-03, 5.8331e-02,
        2.0902e-01, 4.3478e-02, 0.0000e+00, 2.7005e-04, 0.0000e+00, 0.0000e+00,
        0.0000e+00, 1.2800e-01, 2.5439e-01, 3.2406e-03])
[2026-06-26 14:06:10,168][root][INFO] - reg loss: 4.142065454701909, entropy loss: 0.040170180626579975, leaf dev: 0.09742678701877594
[2026-06-26 14:06:10,169][root][INFO] - Val leaf stats: tensor([2.7005e-04, 2.7005e-03, 1.6797e-01, 1.3503e-03, 3.6187e-02, 3.0786e-01,
        1.8607e-01, 2.1604e-03, 5.9411e-03, 5.4010e-04, 3.6727e-02, 4.0508e-03,
        4.0508e-02, 2.0713e-01, 0.0000e+00, 5.4010e-04])
[2026-06-26 14:06:11,770][root][INFO] - Epoch: 23 | train acc: 0.7566, train loss: 2.77533297, valid acc: 0.7024, valid loss: 0.93670702, test acc: 0.6772, test loss: 0.96998687
[2026-06-26 14:06:12,430][root][INFO] - Epoch: 22 | train acc: 0.8413, train loss: 4.58801095, valid acc: 0.7262, valid loss: 0.92380827, test acc: 0.7032, test loss: 0.91670673
[2026-06-26 14:06:18,176][root][INFO] - reg loss: 4.155528349954574, entropy loss: 0.039242499126274075, leaf dev: 0.10670114308595657
[2026-06-26 14:06:18,178][root][INFO] - Val leaf stats: tensor([2.7005e-04, 1.0802e-03, 2.7005e-04, 4.3208e-03, 3.8401e-01, 1.3881e-01,
        8.1015e-04, 0.0000e+00, 1.9957e-01, 3.5107e-03, 2.4575e-02, 1.2638e-01,
        9.9379e-02, 1.5123e-02, 1.0802e-03, 8.1015e-04])
[2026-06-26 14:06:18,912][root][INFO] - reg loss: 4.10872974552092, entropy loss: 0.053109420005415305, leaf dev: 0.12735649943351746
[2026-06-26 14:06:18,913][root][INFO] - Val leaf stats: tensor([2.7005e-04, 5.4010e-04, 1.0802e-03, 5.6711e-03, 8.1015e-04, 5.4010e-04,
        5.4010e-04, 0.0000e+00, 5.4010e-04, 2.3792e-01, 6.4812e-03, 2.8382e-01,
        4.0886e-01, 3.2136e-02, 1.8904e-02, 1.8904e-03])
[2026-06-26 14:06:32,029][root][INFO] - Epoch: 23 | train acc: 0.7526, train loss: 33.25344830, valid acc: 0.6935, valid loss: 0.91828500, test acc: 0.6762, test loss: 0.94688445
[2026-06-26 14:06:37,308][root][INFO] - reg loss: 4.068888093604416, entropy loss: 0.036343939480234365, leaf dev: 0.12106690555810928
[2026-06-26 14:06:37,309][root][INFO] - Val leaf stats: tensor([3.2406e-03, 2.7005e-04, 3.4297e-01, 2.9706e-03, 2.7005e-04, 4.9419e-02,
        3.1083e-01, 1.6203e-03, 1.8904e-03, 0.0000e+00, 1.0802e-03, 0.0000e+00,
        2.5385e-02, 1.3503e-03, 2.5493e-01, 3.7807e-03])
[2026-06-26 14:06:37,433][root][INFO] - Epoch: 24 | train acc: 0.7620, train loss: 0.68441624, valid acc: 0.7092, valid loss: 0.90595876, test acc: 0.6848, test loss: 0.96887608
[2026-06-26 14:06:37,998][root][INFO] - Epoch: 23 | train acc: 0.8456, train loss: 32.83924103, valid acc: 0.7578, valid loss: 0.82571532, test acc: 0.7401, test loss: 0.86260239
[2026-06-26 14:06:39,256][root][INFO] - Epoch: 24 | train acc: 0.8400, train loss: 8.65041325, valid acc: 0.7734, valid loss: 0.76288431, test acc: 0.7511, test loss: 0.80423643
[2026-06-26 14:06:39,454][root][INFO] - Epoch: 23 | train acc: 0.7104, train loss: 2.88251212, valid acc: 0.6614, valid loss: 0.98101374, test acc: 0.6539, test loss: 1.03383161
[2026-06-26 14:06:39,790][root][INFO] - Epoch: 24 | train acc: 0.8367, train loss: 16.79365930, valid acc: 0.7510, valid loss: 0.85852435, test acc: 0.7199, test loss: 0.90427367
[2026-06-26 14:06:41,024][root][INFO] - Epoch: 23 | train acc: 0.7176, train loss: 4.97433266, valid acc: 0.6746, valid loss: 1.01314662, test acc: 0.6549, test loss: 1.05000695
[2026-06-26 14:06:41,414][root][INFO] - Epoch: 24 | train acc: 0.8615, train loss: 8.68390829, valid acc: 0.7691, valid loss: 0.80419448, test acc: 0.7577, test loss: 0.79452594
[2026-06-26 14:06:41,849][root][INFO] - Epoch: 23 | train acc: 0.7559, train loss: 0.69697367, valid acc: 0.7119, valid loss: 0.88834034, test acc: 0.6851, test loss: 0.93696149
[2026-06-26 14:06:41,894][root][INFO] - Epoch: 23 | train acc: 0.7440, train loss: 4.93445985, valid acc: 0.6916, valid loss: 0.97935956, test acc: 0.6686, test loss: 1.01412757
[2026-06-26 14:06:42,130][root][INFO] - Epoch: 23 | train acc: 0.8449, train loss: 2.52226354, valid acc: 0.7691, valid loss: 0.82073329, test acc: 0.7511, test loss: 0.81461373
[2026-06-26 14:06:42,533][root][INFO] - reg loss: 4.139608234655662, entropy loss: 0.03946618735790253, leaf dev: 0.11888601630926132
[2026-06-26 14:06:42,534][root][INFO] - Val leaf stats: tensor([8.1015e-04, 0.0000e+00, 3.7807e-03, 8.1015e-04, 3.2406e-03, 6.1032e-02,
        1.0262e-02, 0.0000e+00, 2.7707e-01, 4.0508e-03, 3.8293e-01, 2.1523e-01,
        2.7005e-04, 1.3233e-02, 2.7005e-02, 2.7005e-04])
[2026-06-26 14:06:43,219][root][INFO] - reg loss: 4.048340172064109, entropy loss: 0.0470165458248287, leaf dev: 0.1676217019557953
[2026-06-26 14:06:43,220][root][INFO] - Val leaf stats: tensor([2.7005e-04, 1.3503e-03, 8.1015e-04, 5.1310e-03, 5.4010e-04, 1.0802e-03,
        0.0000e+00, 0.0000e+00, 5.4010e-04, 3.5107e-03, 0.0000e+00, 8.1015e-04,
        5.3146e-01, 3.5107e-03, 4.4883e-01, 2.1604e-03])
[2026-06-26 14:06:44,457][root][INFO] - reg loss: 4.096968392856786, entropy loss: 0.04561437990088932, leaf dev: 0.13913819193840027
[2026-06-26 14:06:44,458][root][INFO] - Val leaf stats: tensor([1.0802e-03, 1.9444e-02, 1.0019e-01, 4.5909e-03, 2.7005e-04, 1.6203e-03,
        5.1310e-01, 8.1015e-03, 0.0000e+00, 0.0000e+00, 4.0508e-03, 2.7410e-01,
        2.9706e-03, 2.7005e-03, 6.2652e-02, 5.1310e-03])
[2026-06-26 14:06:44,541][root][INFO] - reg loss: 4.089805829720419, entropy loss: 0.040403031423443654, leaf dev: 0.11883169412612915
[2026-06-26 14:06:44,542][root][INFO] - Val leaf stats: tensor([1.3503e-03, 7.0213e-03, 2.7005e-04, 0.0000e+00, 5.4010e-04, 1.3503e-03,
        7.0753e-02, 5.4010e-04, 2.5655e-02, 5.4010e-04, 5.1310e-03, 2.6519e-01,
        2.5790e-01, 3.6295e-01, 2.7005e-04, 5.4010e-04])
[2026-06-26 14:06:44,564][root][INFO] - Epoch: 24 | train acc: 0.7657, train loss: 4.74473684, valid acc: 0.7062, valid loss: 0.89816743, test acc: 0.6814, test loss: 0.97240377
[2026-06-26 14:06:45,018][root][INFO] - Epoch: 23 | train acc: 0.7273, train loss: 8.98141736, valid acc: 0.6773, valid loss: 0.98513606, test acc: 0.6541, test loss: 1.04847939
[2026-06-26 14:06:45,036][root][INFO] - reg loss: 4.079769455018591, entropy loss: 0.049607485960252946, leaf dev: 0.1531788557767868
[2026-06-26 14:06:45,037][root][INFO] - Val leaf stats: tensor([0.0000e+00, 3.9427e-02, 8.1015e-04, 5.4010e-04, 0.0000e+00, 1.6203e-03,
        2.7005e-04, 5.4010e-03, 0.0000e+00, 0.0000e+00, 0.0000e+00, 5.6711e-03,
        5.0527e-01, 4.3208e-02, 3.9454e-01, 3.2406e-03])
[2026-06-26 14:06:46,123][root][INFO] - reg loss: 4.170582779118272, entropy loss: 0.03620209618181479, leaf dev: 0.10792654752731323
[2026-06-26 14:06:46,124][root][INFO] - Val leaf stats: tensor([0.0046, 0.0005, 0.0818, 0.0005, 0.1863, 0.1547, 0.1280, 0.3924, 0.0381,
        0.0051, 0.0016, 0.0011, 0.0022, 0.0000, 0.0014, 0.0016])
[2026-06-26 14:06:46,544][root][INFO] - reg loss: 4.133926094555464, entropy loss: 0.03927341463868735, leaf dev: 0.11468003690242767
[2026-06-26 14:06:46,546][root][INFO] - Val leaf stats: tensor([1.6203e-03, 2.7005e-04, 8.1015e-04, 3.2406e-03, 1.0802e-03, 5.5090e-02,
        0.0000e+00, 5.4010e-04, 5.4010e-04, 2.5844e-01, 6.4812e-03, 2.7707e-01,
        3.3054e-01, 1.8904e-03, 6.2112e-02, 2.7005e-04])
[2026-06-26 14:06:46,724][root][INFO] - reg loss: 4.176483568598012, entropy loss: 0.04150276484548068, leaf dev: 0.1255347728729248
[2026-06-26 14:06:46,725][root][INFO] - Val leaf stats: tensor([5.3470e-02, 1.8904e-03, 2.0443e-01, 8.1015e-04, 2.7005e-04, 4.5909e-03,
        1.3503e-03, 3.2406e-03, 5.7251e-02, 5.4010e-04, 4.8555e-01, 9.9379e-02,
        1.5393e-02, 7.1023e-02, 5.4010e-04, 2.7005e-04])
[2026-06-26 14:06:47,044][root][INFO] - reg loss: 4.1743997745826595, entropy loss: 0.042132448527168055, leaf dev: 0.09732213616371155
[2026-06-26 14:06:47,045][root][INFO] - Val leaf stats: tensor([5.4010e-04, 8.6416e-03, 1.3233e-02, 0.0000e+00, 1.9903e-01, 4.2128e-02,
        5.8871e-02, 1.5150e-01, 4.0508e-03, 2.7005e-04, 1.7823e-02, 7.3184e-02,
        7.5344e-02, 8.1015e-04, 3.5377e-01, 8.1015e-04])
[2026-06-26 14:06:47,578][root][INFO] - reg loss: 4.140832721209917, entropy loss: 0.050650195569777096, leaf dev: 0.1209467276930809
[2026-06-26 14:06:47,579][root][INFO] - Val leaf stats: tensor([2.3386e-01, 2.7005e-03, 2.7707e-01, 2.7005e-03, 8.1015e-04, 8.1015e-04,
        2.7005e-04, 5.4010e-04, 0.0000e+00, 0.0000e+00, 3.7807e-02, 1.6203e-03,
        3.4837e-02, 3.8374e-01, 0.0000e+00, 2.3224e-02])
[2026-06-26 14:06:48,790][root][INFO] - Epoch: 24 | train acc: 0.8693, train loss: 2.52429904, valid acc: 0.7642, valid loss: 0.81436732, test acc: 0.7393, test loss: 0.84000141
[2026-06-26 14:06:49,923][root][INFO] - Epoch: 24 | train acc: 0.7286, train loss: 17.59904014, valid acc: 0.6649, valid loss: 1.06233036, test acc: 0.6451, test loss: 1.05998823
[2026-06-26 14:06:50,164][root][INFO] - reg loss: 4.079482860252505, entropy loss: 0.04385074973106384, leaf dev: 0.13379523158073425
[2026-06-26 14:06:50,165][root][INFO] - Val leaf stats: tensor([0.0000e+00, 1.0802e-03, 1.3746e-01, 2.2144e-02, 0.0000e+00, 1.5933e-02,
        0.0000e+00, 6.4812e-03, 3.2406e-03, 0.0000e+00, 2.7005e-04, 2.7005e-04,
        5.9411e-03, 3.9860e-01, 3.8995e-01, 1.8634e-02])
[2026-06-26 14:06:50,528][root][INFO] - reg loss: 4.105424537033331, entropy loss: 0.042583933435991164, leaf dev: 0.13237671554088593
[2026-06-26 14:06:50,529][root][INFO] - Val leaf stats: tensor([0.0000, 0.0049, 0.4129, 0.0343, 0.0005, 0.0648, 0.3786, 0.0000, 0.0068,
        0.0011, 0.0030, 0.0000, 0.0000, 0.0173, 0.0759, 0.0000])
[2026-06-26 14:06:50,724][root][INFO] - Epoch: 23 | train acc: 0.7290, train loss: 17.34084542, valid acc: 0.6454, valid loss: 1.12442116, test acc: 0.6186, test loss: 1.13749015
[2026-06-26 14:06:54,772][root][INFO] - reg loss: 4.273412509042709, entropy loss: 0.05158343947813159, leaf dev: 0.10460585355758667
[2026-06-26 14:06:54,773][root][INFO] - Val leaf stats: tensor([0.0059, 0.0000, 0.0000, 0.0057, 0.0011, 0.0135, 0.0000, 0.0046, 0.0791,
        0.2233, 0.0008, 0.0051, 0.2930, 0.0408, 0.2844, 0.0427])
[2026-06-26 14:06:56,027][root][INFO] - reg loss: 4.204824228755763, entropy loss: 0.033013659269839034, leaf dev: 0.10077615827322006
[2026-06-26 14:06:56,028][root][INFO] - Val leaf stats: tensor([1.0802e-03, 0.0000e+00, 2.8085e-01, 7.2914e-03, 4.5909e-03, 6.1842e-02,
        2.0659e-01, 2.4035e-02, 0.0000e+00, 2.7005e-04, 5.4010e-04, 0.0000e+00,
        2.7005e-04, 1.5825e-01, 2.5250e-01, 1.8904e-03])
[2026-06-26 14:06:57,209][root][INFO] - reg loss: 4.142437270430268, entropy loss: 0.039305711256676035, leaf dev: 0.09443911910057068
[2026-06-26 14:06:57,210][root][INFO] - Val leaf stats: tensor([0.0000, 0.0027, 0.1664, 0.0014, 0.0421, 0.2949, 0.1998, 0.0022, 0.0254,
        0.0005, 0.1909, 0.0041, 0.0176, 0.0500, 0.0016, 0.0005])
[2026-06-26 14:06:57,349][root][INFO] - Epoch: 24 | train acc: 0.7697, train loss: 2.73907335, valid acc: 0.7289, valid loss: 0.87971679, test acc: 0.7032, test loss: 0.88983173
[2026-06-26 14:06:59,157][root][INFO] - Epoch: 23 | train acc: 0.8119, train loss: 4.66507203, valid acc: 0.7443, valid loss: 0.84626694, test acc: 0.7297, test loss: 0.85409490
[2026-06-26 14:07:03,876][root][INFO] - reg loss: 4.150563326038298, entropy loss: 0.039277255168703736, leaf dev: 0.10534945875406265
[2026-06-26 14:07:03,877][root][INFO] - Val leaf stats: tensor([2.7005e-04, 1.0802e-03, 2.7005e-04, 3.5107e-03, 3.6430e-01, 1.5771e-01,
        8.1015e-04, 0.0000e+00, 1.9822e-01, 3.2406e-03, 3.1596e-02, 1.5960e-01,
        7.4804e-02, 2.7005e-03, 1.6203e-03, 2.7005e-04])
[2026-06-26 14:07:05,413][root][INFO] - reg loss: 4.114339429824079, entropy loss: 0.0530983283505088, leaf dev: 0.12807650864124298
[2026-06-26 14:07:05,415][root][INFO] - Val leaf stats: tensor([0.0005, 0.0014, 0.0011, 0.0057, 0.0008, 0.0005, 0.0005, 0.0000, 0.0011,
        0.3079, 0.0024, 0.2282, 0.4005, 0.0313, 0.0170, 0.0011])
[2026-06-26 14:07:19,121][root][INFO] - Epoch: 24 | train acc: 0.7571, train loss: 33.24984160, valid acc: 0.6981, valid loss: 0.93145316, test acc: 0.6767, test loss: 0.95613962
[2026-06-26 14:07:24,980][root][INFO] - reg loss: 4.07090633423602, entropy loss: 0.036273348771157815, leaf dev: 0.1201210543513298
[2026-06-26 14:07:24,981][root][INFO] - Val leaf stats: tensor([3.5107e-03, 2.7005e-04, 3.4270e-01, 3.2406e-03, 2.7005e-04, 5.3740e-02,
        3.0813e-01, 1.3503e-03, 2.1604e-03, 0.0000e+00, 1.0802e-03, 0.0000e+00,
        2.5655e-02, 1.0802e-03, 2.5088e-01, 5.9411e-03])
[2026-06-26 14:07:25,009][root][INFO] - Epoch: 24 | train acc: 0.8467, train loss: 32.81483553, valid acc: 0.7543, valid loss: 0.81369747, test acc: 0.7378, test loss: 0.88318131
[2026-06-26 14:07:25,401][root][INFO] - Epoch: 25 | train acc: 0.7618, train loss: 0.68859856, valid acc: 0.6843, valid loss: 0.98676205, test acc: 0.6735, test loss: 1.03748780
[2026-06-26 14:07:26,037][root][INFO] - Epoch: 25 | train acc: 0.8602, train loss: 8.60047612, valid acc: 0.7818, valid loss: 0.74117960, test acc: 0.7693, test loss: 0.76952088
[2026-06-26 14:07:26,466][root][INFO] - Epoch: 25 | train acc: 0.8361, train loss: 16.79413473, valid acc: 0.7480, valid loss: 0.87840201, test acc: 0.7180, test loss: 0.90050740
[2026-06-26 14:07:27,569][root][INFO] - Epoch: 24 | train acc: 0.7285, train loss: 2.82071494, valid acc: 0.6697, valid loss: 0.94710964, test acc: 0.6573, test loss: 1.02155633
[2026-06-26 14:07:27,789][root][INFO] - Epoch: 25 | train acc: 0.8653, train loss: 8.66925469, valid acc: 0.7775, valid loss: 0.78891489, test acc: 0.7568, test loss: 0.78905928
[2026-06-26 14:07:28,510][root][INFO] - Epoch: 24 | train acc: 0.7253, train loss: 4.95264901, valid acc: 0.6746, valid loss: 1.01347981, test acc: 0.6583, test loss: 1.04344149
[2026-06-26 14:07:28,631][root][INFO] - Epoch: 24 | train acc: 0.7656, train loss: 4.84937748, valid acc: 0.7073, valid loss: 0.95117737, test acc: 0.6907, test loss: 0.97859631
[2026-06-26 14:07:29,601][root][INFO] - Epoch: 24 | train acc: 0.8515, train loss: 2.50263529, valid acc: 0.7669, valid loss: 0.80150532, test acc: 0.7533, test loss: 0.81241561
[2026-06-26 14:07:29,719][root][INFO] - Epoch: 24 | train acc: 0.7600, train loss: 0.70047488, valid acc: 0.7002, valid loss: 0.95641008, test acc: 0.6807, test loss: 0.95135226
[2026-06-26 14:07:30,588][root][INFO] - reg loss: 4.045912805150767, entropy loss: 0.04722263743398619, leaf dev: 0.16814029216766357
[2026-06-26 14:07:30,590][root][INFO] - Val leaf stats: tensor([2.7005e-04, 1.3503e-03, 8.1015e-04, 5.1310e-03, 5.4010e-04, 1.0802e-03,
        0.0000e+00, 0.0000e+00, 2.7005e-04, 1.3503e-03, 0.0000e+00, 5.4010e-04,
        5.2957e-01, 2.1604e-03, 4.5396e-01, 2.9706e-03])
[2026-06-26 14:07:30,673][root][INFO] - reg loss: 4.132712598706855, entropy loss: 0.037041558135972645, leaf dev: 0.11717202514410019
[2026-06-26 14:07:30,674][root][INFO] - Val leaf stats: tensor([8.1015e-04, 0.0000e+00, 3.5107e-03, 1.6203e-03, 4.3208e-03, 9.0737e-02,
        1.1072e-02, 0.0000e+00, 2.6762e-01, 2.9976e-02, 4.0913e-01, 1.3854e-01,
        2.7005e-04, 1.5393e-02, 2.6735e-02, 2.7005e-04])
[2026-06-26 14:07:31,337][root][INFO] - reg loss: 4.091348585535268, entropy loss: 0.04051146845592827, leaf dev: 0.11931847780942917
[2026-06-26 14:07:31,338][root][INFO] - Val leaf stats: tensor([1.0802e-03, 7.5614e-03, 2.7005e-04, 0.0000e+00, 5.4010e-04, 8.1015e-04,
        7.7775e-02, 8.1015e-04, 2.4575e-02, 2.7005e-03, 5.1310e-03, 2.5898e-01,
        2.3711e-01, 3.8212e-01, 0.0000e+00, 5.4010e-04])
[2026-06-26 14:07:31,640][root][INFO] - reg loss: 4.081307254853796, entropy loss: 0.04814092619497268, leaf dev: 0.1519540399312973
[2026-06-26 14:07:31,642][root][INFO] - Val leaf stats: tensor([1.0802e-03, 4.2398e-02, 8.1015e-04, 5.4010e-04, 5.4010e-04, 5.4010e-04,
        2.7005e-04, 2.7005e-03, 0.0000e+00, 0.0000e+00, 0.0000e+00, 6.2112e-03,
        4.9851e-01, 4.8879e-02, 3.9509e-01, 2.4305e-03])
[2026-06-26 14:07:32,220][root][INFO] - Epoch: 25 | train acc: 0.7504, train loss: 4.82054624, valid acc: 0.6759, valid loss: 0.98067842, test acc: 0.6544, test loss: 1.08913461
[2026-06-26 14:07:32,655][root][INFO] - reg loss: 4.098260621555516, entropy loss: 0.04560021744644056, leaf dev: 0.13417218625545502
[2026-06-26 14:07:32,656][root][INFO] - Val leaf stats: tensor([1.3503e-03, 1.9174e-02, 1.0235e-01, 2.1604e-03, 2.7005e-04, 1.8904e-03,
        4.8447e-01, 2.4305e-02, 0.0000e+00, 3.5107e-03, 1.3503e-03, 2.8733e-01,
        2.4305e-03, 2.7005e-03, 6.1302e-02, 5.4010e-03])
[2026-06-26 14:07:32,722][root][INFO] - reg loss: 4.134986330251225, entropy loss: 0.039404455267015054, leaf dev: 0.11593954265117645
[2026-06-26 14:07:32,723][root][INFO] - Val leaf stats: tensor([0.0008, 0.0000, 0.0011, 0.0011, 0.0000, 0.0451, 0.0000, 0.0005, 0.0011,
        0.2617, 0.0065, 0.2725, 0.3395, 0.0059, 0.0637, 0.0005])
[2026-06-26 14:07:32,747][root][INFO] - Epoch: 24 | train acc: 0.7313, train loss: 8.96242753, valid acc: 0.6719, valid loss: 0.99988448, test acc: 0.6578, test loss: 1.04258264
[2026-06-26 14:07:33,818][root][INFO] - reg loss: 4.173439322925005, entropy loss: 0.0364577413582411, leaf dev: 0.11315491050481796
[2026-06-26 14:07:33,819][root][INFO] - Val leaf stats: tensor([3.7807e-03, 5.4010e-04, 7.6425e-02, 2.7005e-04, 1.5690e-01, 1.4394e-01,
        1.3989e-01, 4.2695e-01, 3.8347e-02, 5.6711e-03, 1.0802e-03, 1.0802e-03,
        2.1604e-03, 0.0000e+00, 1.3503e-03, 1.6203e-03])
[2026-06-26 14:07:33,828][root][INFO] - reg loss: 4.167931666139697, entropy loss: 0.03745195825324684, leaf dev: 0.12558266520500183
[2026-06-26 14:07:33,830][root][INFO] - Val leaf stats: tensor([5.5090e-02, 1.8904e-03, 2.0740e-01, 8.1015e-04, 2.7005e-04, 3.7807e-03,
        1.3503e-03, 3.2406e-03, 8.3716e-03, 5.4010e-04, 4.7448e-01, 1.4907e-01,
        1.9984e-02, 7.1834e-02, 1.3503e-03, 5.4010e-04])
[2026-06-26 14:07:34,545][root][INFO] - reg loss: 4.140482941611868, entropy loss: 0.04991654996744922, leaf dev: 0.11743959784507751
[2026-06-26 14:07:34,546][root][INFO] - Val leaf stats: tensor([2.3575e-01, 2.7005e-03, 2.7437e-01, 2.7005e-03, 8.1015e-04, 8.1015e-04,
        2.7005e-04, 5.4010e-04, 0.0000e+00, 0.0000e+00, 3.4297e-02, 6.2112e-03,
        3.8077e-02, 3.6673e-01, 0.0000e+00, 3.6727e-02])
[2026-06-26 14:07:34,809][root][INFO] - reg loss: 4.180417279728124, entropy loss: 0.042590029537677765, leaf dev: 0.08626077324151993
[2026-06-26 14:07:34,811][root][INFO] - Val leaf stats: tensor([1.3503e-03, 1.2152e-02, 3.3216e-02, 0.0000e+00, 2.0605e-01, 6.4812e-02,
        7.1023e-02, 1.8877e-01, 5.1310e-03, 8.1015e-04, 7.5614e-03, 5.5090e-02,
        7.5074e-02, 2.7005e-04, 2.7707e-01, 1.6203e-03])
[2026-06-26 14:07:35,623][root][INFO] - Epoch: 25 | train acc: 0.8724, train loss: 2.51391879, valid acc: 0.7613, valid loss: 0.81855284, test acc: 0.7494, test loss: 0.83218539
[2026-06-26 14:07:36,738][root][INFO] - Epoch: 25 | train acc: 0.7299, train loss: 17.60892487, valid acc: 0.6619, valid loss: 1.06371452, test acc: 0.6451, test loss: 1.08096547
[2026-06-26 14:07:38,005][root][INFO] - reg loss: 4.08813473435699, entropy loss: 0.04403535007941918, leaf dev: 0.13978661596775055
[2026-06-26 14:07:38,007][root][INFO] - Val leaf stats: tensor([2.7005e-04, 8.1015e-04, 8.0205e-02, 2.9706e-03, 0.0000e+00, 2.4305e-02,
        1.8904e-03, 8.3716e-03, 7.8315e-03, 0.0000e+00, 2.7005e-04, 2.7005e-04,
        2.0524e-02, 4.3910e-01, 3.9346e-01, 1.9714e-02])
[2026-06-26 14:07:38,474][root][INFO] - Epoch: 24 | train acc: 0.7227, train loss: 17.37909201, valid acc: 0.6462, valid loss: 1.10522144, test acc: 0.6240, test loss: 1.14542302
[2026-06-26 14:07:38,490][root][INFO] - reg loss: 4.1016311801847865, entropy loss: 0.04179769687232424, leaf dev: 0.1298934668302536
[2026-06-26 14:07:38,491][root][INFO] - Val leaf stats: tensor([0.0000e+00, 2.1604e-03, 4.1372e-01, 3.8077e-02, 5.4010e-04, 8.3176e-02,
        3.6025e-01, 2.7005e-04, 3.5107e-03, 1.0802e-03, 3.2406e-03, 0.0000e+00,
        0.0000e+00, 1.6743e-02, 7.7235e-02, 0.0000e+00])
[2026-06-26 14:07:41,661][root][INFO] - reg loss: 4.262809378201844, entropy loss: 0.05190239718458692, leaf dev: 0.10534355044364929
[2026-06-26 14:07:41,662][root][INFO] - Val leaf stats: tensor([0.0059, 0.0000, 0.0000, 0.0076, 0.0008, 0.0159, 0.0000, 0.0057, 0.0548,
        0.1939, 0.0008, 0.0038, 0.3189, 0.0721, 0.2822, 0.0375])
[2026-06-26 14:07:42,554][root][INFO] - reg loss: 4.209769780518578, entropy loss: 0.03305550411221434, leaf dev: 0.10076381266117096
[2026-06-26 14:07:42,555][root][INFO] - Val leaf stats: tensor([0.0005, 0.0000, 0.2574, 0.0049, 0.0043, 0.0629, 0.1939, 0.0259, 0.0000,
        0.0000, 0.0000, 0.0000, 0.0000, 0.1564, 0.2860, 0.0078])
[2026-06-26 14:07:43,972][root][INFO] - Epoch: 25 | train acc: 0.7763, train loss: 2.71436725, valid acc: 0.6940, valid loss: 1.00800722, test acc: 0.6880, test loss: 0.96603472
[2026-06-26 14:07:45,343][root][INFO] - reg loss: 4.14683470178823, entropy loss: 0.038552398991877915, leaf dev: 0.10385622084140778
[2026-06-26 14:07:45,344][root][INFO] - Val leaf stats: tensor([1.3503e-03, 5.6711e-03, 3.2784e-01, 1.0802e-03, 3.3756e-02, 2.5790e-01,
        7.3994e-02, 1.3503e-03, 6.4812e-03, 2.7005e-04, 4.8339e-02, 4.8609e-03,
        3.6187e-02, 1.9984e-01, 5.4010e-04, 5.4010e-04])
[2026-06-26 14:07:46,858][root][INFO] - Epoch: 24 | train acc: 0.8358, train loss: 4.58024606, valid acc: 0.7467, valid loss: 0.86755802, test acc: 0.7320, test loss: 0.88695299
[2026-06-26 14:07:50,115][root][INFO] - reg loss: 4.144672557955882, entropy loss: 0.03905317022419367, leaf dev: 0.13304486870765686
[2026-06-26 14:07:50,117][root][INFO] - Val leaf stats: tensor([2.7005e-04, 1.0802e-03, 2.7005e-04, 3.5107e-03, 5.0986e-01, 2.1334e-02,
        8.1015e-04, 0.0000e+00, 1.9093e-01, 5.1310e-03, 3.2946e-02, 1.5717e-01,
        7.2914e-02, 2.4305e-03, 1.0802e-03, 2.7005e-04])
[2026-06-26 14:07:53,472][root][INFO] - reg loss: 4.106495263146573, entropy loss: 0.052646633848303655, leaf dev: 0.12691530585289001
[2026-06-26 14:07:53,474][root][INFO] - Val leaf stats: tensor([2.7005e-04, 1.6203e-03, 8.1015e-04, 5.9411e-03, 5.4010e-04, 5.4010e-04,
        5.4010e-04, 0.0000e+00, 1.0802e-03, 3.2406e-01, 7.8315e-03, 2.1658e-01,
        3.8833e-01, 3.1596e-02, 1.6473e-02, 3.7807e-03])
[2026-06-26 14:08:07,372][root][INFO] - Epoch: 25 | train acc: 0.7622, train loss: 33.23077130, valid acc: 0.7013, valid loss: 0.90531328, test acc: 0.6895, test loss: 0.92995677
[2026-06-26 14:08:12,670][root][INFO] - Epoch: 26 | train acc: 0.8433, train loss: 16.78234554, valid acc: 0.7502, valid loss: 0.87421127, test acc: 0.7177, test loss: 0.89076035
[2026-06-26 14:08:12,890][root][INFO] - reg loss: 4.069366595784172, entropy loss: 0.03580611721291894, leaf dev: 0.12095440924167633
[2026-06-26 14:08:12,892][root][INFO] - Val leaf stats: tensor([2.4305e-03, 2.7005e-04, 3.2055e-01, 3.5107e-03, 2.7005e-04, 5.1040e-02,
        3.3837e-01, 8.1015e-04, 1.3503e-03, 0.0000e+00, 1.6203e-03, 0.0000e+00,
        2.7005e-02, 1.0802e-03, 2.4764e-01, 4.0508e-03])
[2026-06-26 14:08:13,294][root][INFO] - Epoch: 26 | train acc: 0.7568, train loss: 0.69867027, valid acc: 0.6867, valid loss: 0.95224130, test acc: 0.6787, test loss: 1.00682118
[2026-06-26 14:08:13,533][root][INFO] - Epoch: 26 | train acc: 0.8672, train loss: 8.58655181, valid acc: 0.7723, valid loss: 0.73756149, test acc: 0.7548, test loss: 0.79137461
[2026-06-26 14:08:13,878][root][INFO] - Epoch: 25 | train acc: 0.8476, train loss: 32.81764396, valid acc: 0.7645, valid loss: 0.84707605, test acc: 0.7393, test loss: 0.88598473
[2026-06-26 14:08:14,225][root][INFO] - Epoch: 26 | train acc: 0.8719, train loss: 8.64251055, valid acc: 0.7734, valid loss: 0.78445845, test acc: 0.7644, test loss: 0.77307326
[2026-06-26 14:08:15,742][root][INFO] - Epoch: 25 | train acc: 0.7332, train loss: 2.81273576, valid acc: 0.6767, valid loss: 0.94583983, test acc: 0.6699, test loss: 0.99183313
[2026-06-26 14:08:15,817][root][INFO] - Epoch: 25 | train acc: 0.7725, train loss: 4.82049786, valid acc: 0.7132, valid loss: 0.91533399, test acc: 0.6853, test loss: 0.95765059
[2026-06-26 14:08:15,989][root][INFO] - Epoch: 25 | train acc: 0.7620, train loss: 0.69109194, valid acc: 0.7178, valid loss: 0.91471066, test acc: 0.6942, test loss: 0.93483949
[2026-06-26 14:08:16,162][root][INFO] - Epoch: 25 | train acc: 0.8520, train loss: 2.50557348, valid acc: 0.7637, valid loss: 0.82130498, test acc: 0.7486, test loss: 0.83874252
[2026-06-26 14:08:16,809][root][INFO] - Epoch: 25 | train acc: 0.7272, train loss: 4.95266900, valid acc: 0.6773, valid loss: 1.00533023, test acc: 0.6573, test loss: 1.04848287
[2026-06-26 14:08:17,965][root][INFO] - reg loss: 4.080922118953017, entropy loss: 0.04831471538445989, leaf dev: 0.15169891715049744
[2026-06-26 14:08:17,966][root][INFO] - Val leaf stats: tensor([5.4010e-04, 4.3208e-02, 8.1015e-04, 5.4010e-04, 5.4010e-04, 5.4010e-04,
        2.7005e-04, 2.7005e-03, 0.0000e+00, 0.0000e+00, 2.7005e-04, 2.7005e-03,
        4.9203e-01, 5.1580e-02, 4.0130e-01, 2.9706e-03])
[2026-06-26 14:08:18,557][root][INFO] - reg loss: 4.141525393626729, entropy loss: 0.036301819393869304, leaf dev: 0.11312629282474518
[2026-06-26 14:08:18,558][root][INFO] - Val leaf stats: tensor([0.0008, 0.0000, 0.0038, 0.0014, 0.0059, 0.1078, 0.0100, 0.0000, 0.2544,
        0.0178, 0.3864, 0.1650, 0.0000, 0.0186, 0.0275, 0.0005])
[2026-06-26 14:08:18,804][root][INFO] - reg loss: 4.096655298451909, entropy loss: 0.04078754587251632, leaf dev: 0.11825352907180786
[2026-06-26 14:08:18,806][root][INFO] - Val leaf stats: tensor([1.8904e-03, 8.9117e-03, 0.0000e+00, 0.0000e+00, 8.1015e-04, 1.0802e-03,
        8.5876e-02, 8.1015e-04, 2.5385e-02, 4.5909e-03, 3.5107e-03, 2.3981e-01,
        2.4278e-01, 3.8428e-01, 0.0000e+00, 2.7005e-04])
[2026-06-26 14:08:18,923][root][INFO] - reg loss: 4.131432236218061, entropy loss: 0.03848478246907719, leaf dev: 0.1172114685177803
[2026-06-26 14:08:18,933][root][INFO] - Val leaf stats: tensor([0.0008, 0.0000, 0.0011, 0.0019, 0.0000, 0.0462, 0.0000, 0.0005, 0.0008,
        0.2719, 0.0059, 0.2752, 0.3373, 0.0035, 0.0543, 0.0005])
[2026-06-26 14:08:19,119][root][INFO] - Epoch: 26 | train acc: 0.7311, train loss: 4.87193255, valid acc: 0.6849, valid loss: 0.98562886, test acc: 0.6561, test loss: 1.05984864
[2026-06-26 14:08:19,135][root][INFO] - reg loss: 4.046684100979665, entropy loss: 0.04714506968367295, leaf dev: 0.16871365904808044
[2026-06-26 14:08:19,137][root][INFO] - Val leaf stats: tensor([2.7005e-04, 1.3503e-03, 8.1015e-04, 5.4010e-03, 5.4010e-04, 1.0802e-03,
        0.0000e+00, 0.0000e+00, 8.1015e-04, 5.4010e-04, 0.0000e+00, 0.0000e+00,
        5.4955e-01, 2.4305e-03, 4.3289e-01, 4.3208e-03])
[2026-06-26 14:08:20,428][root][INFO] - reg loss: 4.1535807828434175, entropy loss: 0.03643962551580101, leaf dev: 0.13102155923843384
[2026-06-26 14:08:20,429][root][INFO] - Val leaf stats: tensor([5.5090e-02, 1.8904e-03, 2.1037e-01, 8.1015e-04, 2.7005e-04, 3.2406e-03,
        1.0802e-03, 3.2406e-03, 1.0262e-02, 5.4010e-04, 4.9635e-01, 1.5474e-01,
        1.5933e-02, 4.4829e-02, 1.3503e-03, 0.0000e+00])
[2026-06-26 14:08:20,695][root][INFO] - reg loss: 4.109165988984655, entropy loss: 0.04614423936019178, leaf dev: 0.1290029138326645
[2026-06-26 14:08:20,696][root][INFO] - Val leaf stats: tensor([2.7005e-03, 2.6195e-02, 1.0181e-01, 2.7005e-04, 0.0000e+00, 2.1604e-03,
        4.5018e-01, 3.8077e-02, 0.0000e+00, 4.5909e-03, 2.7005e-04, 3.0597e-01,
        2.7005e-03, 2.9706e-03, 5.7251e-02, 4.8609e-03])
[2026-06-26 14:08:20,807][root][INFO] - Epoch: 25 | train acc: 0.7360, train loss: 8.94717284, valid acc: 0.6767, valid loss: 0.99487711, test acc: 0.6696, test loss: 1.01080215
[2026-06-26 14:08:21,319][root][INFO] - reg loss: 4.184901808128982, entropy loss: 0.04158267659730599, leaf dev: 0.08830416202545166
[2026-06-26 14:08:21,320][root][INFO] - Val leaf stats: tensor([1.0802e-03, 1.0262e-02, 1.9444e-02, 0.0000e+00, 2.0281e-01, 5.9411e-02,
        7.4264e-02, 1.7823e-01, 8.6416e-03, 8.1015e-04, 9.9919e-03, 5.5901e-02,
        8.1285e-02, 2.7005e-04, 2.9517e-01, 2.4305e-03])
[2026-06-26 14:08:21,828][root][INFO] - reg loss: 4.135222755494665, entropy loss: 0.050667842941694574, leaf dev: 0.11803761124610901
[2026-06-26 14:08:21,829][root][INFO] - Val leaf stats: tensor([2.9004e-01, 4.0508e-03, 2.8598e-01, 2.9706e-03, 8.1015e-04, 8.1015e-04,
        5.4010e-04, 5.4010e-04, 0.0000e+00, 0.0000e+00, 2.5385e-02, 2.7005e-04,
        3.4567e-02, 3.2028e-01, 0.0000e+00, 3.3756e-02])
[2026-06-26 14:08:21,858][root][INFO] - Epoch: 26 | train acc: 0.8747, train loss: 2.49088384, valid acc: 0.7645, valid loss: 0.79687969, test acc: 0.7496, test loss: 0.81264314
[2026-06-26 14:08:22,204][root][INFO] - reg loss: 4.1817319510413, entropy loss: 0.03672247679262865, leaf dev: 0.10504332184791565
[2026-06-26 14:08:22,205][root][INFO] - Val leaf stats: tensor([0.0032, 0.0005, 0.0770, 0.0008, 0.1782, 0.1531, 0.1604, 0.3735, 0.0400,
        0.0059, 0.0011, 0.0011, 0.0022, 0.0000, 0.0014, 0.0016])
[2026-06-26 14:08:24,761][root][INFO] - reg loss: 4.0873202808567735, entropy loss: 0.04154290368811029, leaf dev: 0.15188699960708618
[2026-06-26 14:08:24,762][root][INFO] - Val leaf stats: tensor([2.7005e-04, 5.4010e-04, 1.3233e-02, 4.3208e-03, 0.0000e+00, 1.7283e-02,
        2.7005e-04, 2.9706e-03, 6.2112e-03, 0.0000e+00, 2.7005e-04, 1.8904e-03,
        3.6457e-02, 4.9608e-01, 4.0022e-01, 1.9984e-02])
[2026-06-26 14:08:24,961][root][INFO] - Epoch: 26 | train acc: 0.7376, train loss: 17.56047934, valid acc: 0.6597, valid loss: 1.06833015, test acc: 0.6483, test loss: 1.07837433
[2026-06-26 14:08:26,400][root][INFO] - Epoch: 25 | train acc: 0.7129, train loss: 17.34047511, valid acc: 0.6924, valid loss: 0.94765639, test acc: 0.6733, test loss: 0.99874185
[2026-06-26 14:08:26,811][root][INFO] - reg loss: 4.101532459259033, entropy loss: 0.0415686020841364, leaf dev: 0.1311744600534439
[2026-06-26 14:08:26,813][root][INFO] - Val leaf stats: tensor([0.0000e+00, 2.4305e-03, 4.2668e-01, 2.5655e-02, 5.4010e-04, 7.2914e-02,
        3.5323e-01, 2.7005e-04, 7.5614e-03, 1.0802e-03, 4.3208e-03, 0.0000e+00,
        0.0000e+00, 1.9714e-02, 8.5606e-02, 0.0000e+00])
[2026-06-26 14:08:27,414][root][INFO] - reg loss: 4.2568797908845495, entropy loss: 0.05224517201546763, leaf dev: 0.1042020171880722
[2026-06-26 14:08:27,415][root][INFO] - Val leaf stats: tensor([0.0059, 0.0000, 0.0005, 0.0073, 0.0014, 0.0146, 0.0000, 0.0051, 0.0486,
        0.2020, 0.0005, 0.0035, 0.3097, 0.0810, 0.2787, 0.0410])
[2026-06-26 14:08:31,042][root][INFO] - Epoch: 26 | train acc: 0.7493, train loss: 2.77798958, valid acc: 0.7011, valid loss: 0.93544325, test acc: 0.6976, test loss: 0.91182093
[2026-06-26 14:08:31,564][root][INFO] - reg loss: 4.203274828488709, entropy loss: 0.031982552321230776, leaf dev: 0.10083615779876709
[2026-06-26 14:08:31,565][root][INFO] - Val leaf stats: tensor([0.0005, 0.0000, 0.2557, 0.0041, 0.0027, 0.0621, 0.1890, 0.0246, 0.0000,
        0.0000, 0.0000, 0.0000, 0.0000, 0.1763, 0.2798, 0.0051])
[2026-06-26 14:08:32,892][root][INFO] - reg loss: 4.132987983891221, entropy loss: 0.03702538329191872, leaf dev: 0.09751482307910919
[2026-06-26 14:08:32,894][root][INFO] - Val leaf stats: tensor([0.0005, 0.0016, 0.2633, 0.0022, 0.0359, 0.2647, 0.1256, 0.0011, 0.0035,
        0.0011, 0.0502, 0.0057, 0.0311, 0.2125, 0.0005, 0.0005])
[2026-06-26 14:08:34,052][root][INFO] - Epoch: 25 | train acc: 0.8242, train loss: 4.62021427, valid acc: 0.7051, valid loss: 0.93958297, test acc: 0.7062, test loss: 0.91784166
[2026-06-26 14:08:36,900][root][INFO] - reg loss: 4.120960751517874, entropy loss: 0.03950792331187451, leaf dev: 0.1285857856273651
[2026-06-26 14:08:36,902][root][INFO] - Val leaf stats: tensor([2.7005e-04, 1.0802e-03, 2.7005e-04, 4.0508e-03, 4.8366e-01, 5.6711e-03,
        8.1015e-04, 0.0000e+00, 1.9768e-01, 2.7005e-03, 4.7529e-02, 1.6824e-01,
        8.2906e-02, 5.4010e-04, 1.0802e-03, 3.5107e-03])
[2026-06-26 14:08:40,496][root][INFO] - reg loss: 4.119492319763684, entropy loss: 0.05176592569370739, leaf dev: 0.1135624423623085
[2026-06-26 14:08:40,497][root][INFO] - Val leaf stats: tensor([2.7005e-04, 1.8904e-03, 8.1015e-04, 6.2112e-03, 5.4010e-04, 5.4010e-04,
        2.7005e-04, 0.0000e+00, 1.3503e-03, 3.2784e-01, 1.6203e-03, 2.1901e-01,
        3.0408e-01, 1.4583e-02, 7.5614e-02, 4.5369e-02])
[2026-06-26 14:08:54,121][root][INFO] - Epoch: 26 | train acc: 0.7648, train loss: 33.21183758, valid acc: 0.7038, valid loss: 0.90309122, test acc: 0.6851, test loss: 0.94066288
[2026-06-26 14:08:59,547][root][INFO] - reg loss: 4.068766281253001, entropy loss: 0.035740070899979014, leaf dev: 0.12062758207321167
[2026-06-26 14:08:59,549][root][INFO] - Val leaf stats: tensor([2.7005e-03, 2.7005e-04, 3.2595e-01, 2.7005e-03, 2.7005e-04, 4.8339e-02,
        3.2730e-01, 1.3503e-03, 1.3503e-03, 0.0000e+00, 1.6203e-03, 0.0000e+00,
        2.9166e-02, 1.3503e-03, 2.5331e-01, 4.3208e-03])
[2026-06-26 14:08:59,818][root][INFO] - Epoch: 27 | train acc: 0.8445, train loss: 16.79683895, valid acc: 0.7459, valid loss: 0.91413774, test acc: 0.7099, test loss: 0.93676009
[2026-06-26 14:09:00,952][root][INFO] - Epoch: 27 | train acc: 0.7685, train loss: 0.66722784, valid acc: 0.7005, valid loss: 0.93916240, test acc: 0.6804, test loss: 0.99782827
[2026-06-26 14:09:01,148][root][INFO] - Epoch: 27 | train acc: 0.8721, train loss: 8.55642958, valid acc: 0.7813, valid loss: 0.75428275, test acc: 0.7673, test loss: 0.77343878
[2026-06-26 14:09:01,374][root][INFO] - Epoch: 27 | train acc: 0.8752, train loss: 8.63627796, valid acc: 0.7745, valid loss: 0.80228481, test acc: 0.7536, test loss: 0.81460147
[2026-06-26 14:09:01,765][root][INFO] - Epoch: 26 | train acc: 0.8530, train loss: 32.77867214, valid acc: 0.7591, valid loss: 0.83046859, test acc: 0.7396, test loss: 0.86663255
[2026-06-26 14:09:02,280][root][INFO] - Epoch: 26 | train acc: 0.7401, train loss: 2.78955540, valid acc: 0.6884, valid loss: 0.92275937, test acc: 0.6703, test loss: 0.99542369
[2026-06-26 14:09:02,714][root][INFO] - Epoch: 26 | train acc: 0.7890, train loss: 4.75443085, valid acc: 0.7210, valid loss: 0.89667922, test acc: 0.6986, test loss: 0.92310839
[2026-06-26 14:09:04,232][root][INFO] - Epoch: 26 | train acc: 0.7801, train loss: 0.63782233, valid acc: 0.7181, valid loss: 0.89167076, test acc: 0.6978, test loss: 0.92319692
[2026-06-26 14:09:04,353][root][INFO] - Epoch: 26 | train acc: 0.7246, train loss: 4.95649863, valid acc: 0.6697, valid loss: 1.09521230, test acc: 0.6478, test loss: 1.08876725
[2026-06-26 14:09:04,638][root][INFO] - Epoch: 26 | train acc: 0.8549, train loss: 2.49870414, valid acc: 0.7653, valid loss: 0.80636739, test acc: 0.7494, test loss: 0.83444894
[2026-06-26 14:09:05,244][root][INFO] - reg loss: 4.0838253693502455, entropy loss: 0.04888360733624365, leaf dev: 0.1556931883096695
[2026-06-26 14:09:05,245][root][INFO] - Val leaf stats: tensor([5.4010e-04, 1.7013e-02, 5.4010e-04, 5.4010e-04, 2.7005e-04, 2.7005e-04,
        2.7005e-04, 2.4305e-03, 2.7005e-04, 2.7005e-04, 2.7005e-04, 2.7005e-03,
        5.1580e-01, 5.4280e-02, 3.9590e-01, 8.6416e-03])
[2026-06-26 14:09:05,978][root][INFO] - Epoch: 27 | train acc: 0.7274, train loss: 4.87097449, valid acc: 0.6659, valid loss: 1.02932895, test acc: 0.6357, test loss: 1.10855555
[2026-06-26 14:09:06,352][root][INFO] - reg loss: 4.092330823179151, entropy loss: 0.04129853905712972, leaf dev: 0.11801265180110931
[2026-06-26 14:09:06,353][root][INFO] - Val leaf stats: tensor([0.0016, 0.0084, 0.0000, 0.0000, 0.0008, 0.0011, 0.0878, 0.0008, 0.0257,
        0.0011, 0.0035, 0.2555, 0.2387, 0.3751, 0.0000, 0.0000])
[2026-06-26 14:09:06,552][root][INFO] - reg loss: 4.134231356323743, entropy loss: 0.036634933203458786, leaf dev: 0.11250831186771393
[2026-06-26 14:09:06,554][root][INFO] - Val leaf stats: tensor([0.0008, 0.0000, 0.0041, 0.0005, 0.0149, 0.0789, 0.0100, 0.0000, 0.2525,
        0.0211, 0.3802, 0.1893, 0.0000, 0.0184, 0.0294, 0.0000])
[2026-06-26 14:09:07,006][root][INFO] - reg loss: 4.127108073625409, entropy loss: 0.03800532008047964, leaf dev: 0.11307195574045181
[2026-06-26 14:09:07,009][root][INFO] - Val leaf stats: tensor([8.1015e-04, 0.0000e+00, 1.0802e-03, 1.8904e-03, 2.7005e-04, 5.7521e-02,
        0.0000e+00, 1.3503e-03, 1.0802e-03, 2.6006e-01, 7.2914e-03, 2.4521e-01,
        3.4243e-01, 3.7807e-03, 7.6695e-02, 5.4010e-04])
[2026-06-26 14:09:07,329][root][INFO] - Epoch: 26 | train acc: 0.7179, train loss: 9.04135174, valid acc: 0.6549, valid loss: 1.07784592, test acc: 0.6276, test loss: 1.13786495
[2026-06-26 14:09:07,352][root][INFO] - reg loss: 4.043809249752858, entropy loss: 0.04639782994741299, leaf dev: 0.16935543715953827
[2026-06-26 14:09:07,353][root][INFO] - Val leaf stats: tensor([2.7005e-04, 1.3503e-03, 8.1015e-04, 5.1310e-03, 5.4010e-04, 1.0802e-03,
        0.0000e+00, 0.0000e+00, 8.1015e-04, 8.1015e-04, 0.0000e+00, 0.0000e+00,
        5.5252e-01, 2.4305e-03, 4.3289e-01, 1.3503e-03])
[2026-06-26 14:09:07,772][root][INFO] - reg loss: 4.107407491715228, entropy loss: 0.04549976700886351, leaf dev: 0.12458361685276031
[2026-06-26 14:09:07,773][root][INFO] - Val leaf stats: tensor([1.3503e-03, 2.2684e-02, 1.2557e-01, 1.0802e-03, 0.0000e+00, 1.8904e-03,
        4.3883e-01, 2.4575e-02, 2.7005e-04, 4.5909e-03, 5.9411e-03, 2.8193e-01,
        0.0000e+00, 4.0508e-03, 7.8855e-02, 8.3716e-03])
[2026-06-26 14:09:07,887][root][INFO] - reg loss: 4.14145082723899, entropy loss: 0.035106889109631056, leaf dev: 0.13326077163219452
[2026-06-26 14:09:07,888][root][INFO] - Val leaf stats: tensor([5.7521e-02, 1.8904e-03, 2.1145e-01, 8.1015e-04, 2.7005e-04, 3.2406e-03,
        1.3503e-03, 3.2406e-03, 9.1817e-03, 2.7005e-04, 5.1067e-01, 1.3043e-01,
        1.7013e-02, 5.1580e-02, 1.0802e-03, 0.0000e+00])
[2026-06-26 14:09:08,648][root][INFO] - Epoch: 27 | train acc: 0.8776, train loss: 2.49966671, valid acc: 0.7556, valid loss: 0.84814051, test acc: 0.7459, test loss: 0.83774074
[2026-06-26 14:09:09,237][root][INFO] - reg loss: 4.16242902005305, entropy loss: 0.03646646128570447, leaf dev: 0.11165028810501099
[2026-06-26 14:09:09,239][root][INFO] - Val leaf stats: tensor([0.0027, 0.0008, 0.0821, 0.0011, 0.0473, 0.2946, 0.1645, 0.3535, 0.0408,
        0.0027, 0.0032, 0.0016, 0.0022, 0.0000, 0.0014, 0.0016])
[2026-06-26 14:09:09,417][root][INFO] - reg loss: 4.136643558252053, entropy loss: 0.051112790515676874, leaf dev: 0.11777094006538391
[2026-06-26 14:09:09,419][root][INFO] - Val leaf stats: tensor([2.8058e-01, 3.2406e-03, 2.8814e-01, 2.9706e-03, 8.1015e-04, 8.1015e-04,
        5.4010e-04, 2.7005e-04, 0.0000e+00, 0.0000e+00, 2.5925e-02, 2.7005e-04,
        3.5917e-02, 3.2487e-01, 0.0000e+00, 3.5647e-02])
[2026-06-26 14:09:09,511][root][INFO] - reg loss: 4.187840469547959, entropy loss: 0.04259001830073654, leaf dev: 0.08860273659229279
[2026-06-26 14:09:09,511][root][INFO] - Val leaf stats: tensor([1.0802e-03, 9.7218e-03, 1.7553e-02, 0.0000e+00, 2.0848e-01, 5.1040e-02,
        7.4804e-02, 1.7661e-01, 1.1342e-02, 5.4010e-04, 1.1882e-02, 5.2930e-02,
        8.8037e-02, 2.7005e-04, 2.9355e-01, 2.1604e-03])
[2026-06-26 14:09:11,429][root][INFO] - reg loss: 4.076844059053014, entropy loss: 0.039934735439839913, leaf dev: 0.15484552085399628
[2026-06-26 14:09:11,430][root][INFO] - Val leaf stats: tensor([0.0000e+00, 8.1015e-04, 1.6203e-02, 4.5909e-03, 0.0000e+00, 2.7005e-03,
        2.7005e-04, 1.7823e-02, 6.2112e-03, 0.0000e+00, 2.7005e-04, 1.6203e-03,
        5.9411e-03, 4.1804e-01, 4.9581e-01, 2.9706e-02])
[2026-06-26 14:09:12,767][root][INFO] - Epoch: 27 | train acc: 0.7379, train loss: 17.56725499, valid acc: 0.6762, valid loss: 1.02929644, test acc: 0.6539, test loss: 1.05019269
[2026-06-26 14:09:13,057][root][INFO] - reg loss: 4.117954254150391, entropy loss: 0.04136693025710153, leaf dev: 0.13366667926311493
[2026-06-26 14:09:13,058][root][INFO] - Val leaf stats: tensor([2.7005e-04, 8.9117e-03, 4.7907e-01, 6.7513e-02, 2.7005e-04, 2.4035e-02,
        2.9841e-01, 0.0000e+00, 1.5663e-02, 8.1015e-04, 6.7513e-03, 0.0000e+00,
        0.0000e+00, 2.0794e-02, 7.7505e-02, 0.0000e+00])
[2026-06-26 14:09:13,371][root][INFO] - Epoch: 26 | train acc: 0.7459, train loss: 17.21196234, valid acc: 0.7119, valid loss: 0.91994345, test acc: 0.6905, test loss: 0.95347006
[2026-06-26 14:09:14,244][root][INFO] - reg loss: 4.255408998395576, entropy loss: 0.05302676155430372, leaf dev: 0.11105259507894516
[2026-06-26 14:09:14,245][root][INFO] - Val leaf stats: tensor([0.0062, 0.0000, 0.0011, 0.0089, 0.0011, 0.0132, 0.0000, 0.0027, 0.0532,
        0.2098, 0.0005, 0.0035, 0.3386, 0.0262, 0.2876, 0.0473])
[2026-06-26 14:09:18,980][root][INFO] - reg loss: 4.204624488705495, entropy loss: 0.03262234619650684, leaf dev: 0.10020939260721207
[2026-06-26 14:09:18,981][root][INFO] - Val leaf stats: tensor([2.7005e-04, 5.4010e-04, 2.3251e-01, 2.1604e-03, 1.6203e-03, 6.3732e-02,
        1.8174e-01, 2.9166e-02, 0.0000e+00, 0.0000e+00, 5.4010e-04, 0.0000e+00,
        0.0000e+00, 1.9390e-01, 2.8895e-01, 4.8609e-03])
[2026-06-26 14:09:19,231][root][INFO] - Epoch: 27 | train acc: 0.7589, train loss: 2.74692200, valid acc: 0.7062, valid loss: 0.95012917, test acc: 0.6863, test loss: 0.93615004
[2026-06-26 14:09:19,673][root][INFO] - reg loss: 4.124600160317343, entropy loss: 0.03530610426038992, leaf dev: 0.09517700225114822
[2026-06-26 14:09:19,674][root][INFO] - Val leaf stats: tensor([0.0005, 0.0014, 0.2209, 0.0014, 0.0367, 0.2733, 0.1704, 0.0019, 0.0073,
        0.0000, 0.0448, 0.0043, 0.0327, 0.2033, 0.0005, 0.0005])
[2026-06-26 14:09:21,442][root][INFO] - Epoch: 26 | train acc: 0.7822, train loss: 4.77467401, valid acc: 0.6832, valid loss: 1.02783057, test acc: 0.6816, test loss: 0.99372955
[2026-06-26 14:09:25,442][root][INFO] - reg loss: 4.116827870978684, entropy loss: 0.03823496639484265, leaf dev: 0.1307521015405655
[2026-06-26 14:09:25,444][root][INFO] - Val leaf stats: tensor([2.7005e-04, 2.7005e-04, 8.1015e-04, 4.5909e-03, 4.5693e-01, 3.5107e-03,
        8.1015e-04, 0.0000e+00, 2.7950e-01, 2.1604e-03, 1.4043e-02, 1.6554e-01,
        6.6163e-02, 2.7005e-04, 8.1015e-04, 4.3208e-03])
[2026-06-26 14:09:28,212][root][INFO] - reg loss: 4.151472576328965, entropy loss: 0.05077919357868492, leaf dev: 0.09644227474927902
[2026-06-26 14:09:28,213][root][INFO] - Val leaf stats: tensor([2.7005e-04, 1.8904e-03, 8.1015e-04, 6.2112e-03, 8.1015e-04, 5.4010e-04,
        5.4010e-04, 0.0000e+00, 1.0802e-03, 2.0794e-01, 8.1015e-04, 1.9552e-01,
        2.9571e-01, 1.4907e-01, 4.4829e-02, 9.3978e-02])
[2026-06-26 14:09:41,140][root][INFO] - Epoch: 27 | train acc: 0.7677, train loss: 33.16785456, valid acc: 0.7021, valid loss: 0.88853760, test acc: 0.6870, test loss: 0.93211111
[2026-06-26 14:09:46,677][root][INFO] - reg loss: 4.064398273092801, entropy loss: 0.03535288181461272, leaf dev: 0.11992163211107254
[2026-06-26 14:09:46,678][root][INFO] - Val leaf stats: tensor([2.7005e-03, 2.7005e-04, 3.2379e-01, 2.1604e-03, 2.7005e-04, 5.1040e-02,
        3.2460e-01, 1.6203e-03, 1.3503e-03, 0.0000e+00, 1.6203e-03, 0.0000e+00,
        3.0246e-02, 8.1015e-04, 2.5385e-01, 5.6711e-03])
[2026-06-26 14:09:46,787][root][INFO] - Epoch: 28 | train acc: 0.8392, train loss: 16.79537026, valid acc: 0.7548, valid loss: 0.86945441, test acc: 0.7180, test loss: 0.91620383
[2026-06-26 14:09:47,950][root][INFO] - Epoch: 28 | train acc: 0.7719, train loss: 0.66266236, valid acc: 0.7086, valid loss: 0.92251800, test acc: 0.6917, test loss: 0.97812949
[2026-06-26 14:09:48,549][root][INFO] - Epoch: 28 | train acc: 0.8810, train loss: 8.54512718, valid acc: 0.7802, valid loss: 0.77476397, test acc: 0.7676, test loss: 0.79441061
[2026-06-26 14:09:48,861][root][INFO] - Epoch: 28 | train acc: 0.8746, train loss: 8.63430774, valid acc: 0.7804, valid loss: 0.79316595, test acc: 0.7607, test loss: 0.79991757
[2026-06-26 14:09:49,502][root][INFO] - Epoch: 27 | train acc: 0.8521, train loss: 32.82164339, valid acc: 0.7624, valid loss: 0.83978808, test acc: 0.7437, test loss: 0.86533798
[2026-06-26 14:09:49,973][root][INFO] - Epoch: 27 | train acc: 0.8024, train loss: 4.70461763, valid acc: 0.7286, valid loss: 0.85252496, test acc: 0.7121, test loss: 0.89853967
[2026-06-26 14:09:50,426][root][INFO] - Epoch: 27 | train acc: 0.7490, train loss: 2.76120891, valid acc: 0.6911, valid loss: 0.92933453, test acc: 0.6728, test loss: 0.99005598
[2026-06-26 14:09:51,558][root][INFO] - Epoch: 27 | train acc: 0.7152, train loss: 4.98782564, valid acc: 0.6632, valid loss: 1.07067060, test acc: 0.6519, test loss: 1.06472695
[2026-06-26 14:09:51,677][root][INFO] - Epoch: 27 | train acc: 0.8625, train loss: 2.46883202, valid acc: 0.7721, valid loss: 0.79495100, test acc: 0.7577, test loss: 0.81817513
[2026-06-26 14:09:51,800][root][INFO] - reg loss: 4.080435932659712, entropy loss: 0.047752165281381764, leaf dev: 0.15787172317504883
[2026-06-26 14:09:51,801][root][INFO] - Val leaf stats: tensor([0.0000e+00, 2.3224e-02, 1.0802e-03, 2.7005e-04, 5.4010e-04, 2.7005e-04,
        2.7005e-04, 5.6711e-03, 0.0000e+00, 2.7005e-04, 2.7005e-04, 2.4305e-03,
        5.4577e-01, 3.8347e-02, 3.6916e-01, 1.2422e-02])
[2026-06-26 14:09:52,990][root][INFO] - Epoch: 27 | train acc: 0.7826, train loss: 0.63689196, valid acc: 0.7129, valid loss: 0.92577925, test acc: 0.6902, test loss: 0.94651730
[2026-06-26 14:09:53,257][root][INFO] - reg loss: 4.142415500078045, entropy loss: 0.036713068602515046, leaf dev: 0.10482954233884811
[2026-06-26 14:09:53,259][root][INFO] - Val leaf stats: tensor([8.1015e-04, 0.0000e+00, 4.0508e-03, 2.7005e-04, 1.4853e-02, 1.0991e-01,
        8.6416e-03, 0.0000e+00, 2.7167e-01, 2.8355e-02, 3.2028e-01, 1.9093e-01,
        2.7005e-04, 1.9714e-02, 3.0246e-02, 0.0000e+00])
[2026-06-26 14:09:53,492][root][INFO] - reg loss: 4.129703568630531, entropy loss: 0.03804893052724541, leaf dev: 0.11770949512720108
[2026-06-26 14:09:53,493][root][INFO] - Val leaf stats: tensor([2.1604e-03, 2.7005e-04, 8.1015e-04, 2.4305e-03, 5.4010e-04, 3.7807e-02,
        0.0000e+00, 1.0802e-03, 5.4010e-04, 2.8247e-01, 2.7005e-03, 2.5007e-01,
        3.4918e-01, 1.6203e-03, 6.8053e-02, 2.7005e-04])
[2026-06-26 14:09:53,639][root][INFO] - Epoch: 28 | train acc: 0.7283, train loss: 4.86559189, valid acc: 0.6813, valid loss: 1.00950852, test acc: 0.6465, test loss: 1.08153255
[2026-06-26 14:09:54,015][root][INFO] - reg loss: 4.09367913887149, entropy loss: 0.040451419035919374, leaf dev: 0.11783123761415482
[2026-06-26 14:09:54,016][root][INFO] - Val leaf stats: tensor([1.3503e-03, 8.1015e-03, 2.7005e-04, 0.0000e+00, 8.1015e-04, 1.0802e-03,
        8.2906e-02, 5.4010e-04, 2.7005e-02, 2.9706e-03, 5.6711e-03, 2.7329e-01,
        2.2468e-01, 3.7132e-01, 0.0000e+00, 0.0000e+00])
[2026-06-26 14:09:54,554][root][INFO] - reg loss: 4.048311405494565, entropy loss: 0.046096265132798526, leaf dev: 0.166499063372612
[2026-06-26 14:09:54,555][root][INFO] - Val leaf stats: tensor([0.0000e+00, 1.0802e-03, 8.1015e-04, 2.7005e-04, 5.4010e-04, 1.0532e-02,
        3.7807e-03, 2.9706e-03, 0.0000e+00, 2.7005e-04, 5.4010e-04, 2.1604e-03,
        5.3902e-01, 1.6203e-03, 4.3316e-01, 3.2406e-03])
[2026-06-26 14:09:54,752][root][INFO] - Epoch: 27 | train acc: 0.7283, train loss: 9.01709911, valid acc: 0.6740, valid loss: 1.02629309, test acc: 0.6522, test loss: 1.05754987
[2026-06-26 14:09:55,061][root][INFO] - reg loss: 4.136378554047131, entropy loss: 0.03471466621048138, leaf dev: 0.12737007439136505
[2026-06-26 14:09:55,062][root][INFO] - Val leaf stats: tensor([5.8331e-02, 1.8904e-03, 2.1334e-01, 5.4010e-04, 2.7005e-04, 3.2406e-03,
        5.4010e-04, 3.5107e-03, 1.0532e-02, 2.7005e-04, 4.7799e-01, 1.5879e-01,
        1.6473e-02, 5.3200e-02, 1.0802e-03, 0.0000e+00])
[2026-06-26 14:09:55,398][root][INFO] - reg loss: 4.099771257306709, entropy loss: 0.04425443959285001, leaf dev: 0.1246970146894455
[2026-06-26 14:09:55,401][root][INFO] - Val leaf stats: tensor([5.4010e-04, 1.8904e-02, 1.4340e-01, 1.6203e-03, 0.0000e+00, 2.9706e-03,
        4.2479e-01, 2.5925e-02, 2.7005e-04, 6.7513e-03, 5.1310e-03, 3.0057e-01,
        0.0000e+00, 2.1604e-03, 5.6171e-02, 1.0802e-02])
[2026-06-26 14:09:55,649][root][INFO] - Epoch: 28 | train acc: 0.8757, train loss: 2.49215242, valid acc: 0.7597, valid loss: 0.83915188, test acc: 0.7364, test loss: 0.89531553
[2026-06-26 14:09:56,661][root][INFO] - reg loss: 4.165502845263872, entropy loss: 0.03681157651494761, leaf dev: 0.12312369793653488
[2026-06-26 14:09:56,662][root][INFO] - Val leaf stats: tensor([0.0024, 0.0005, 0.0845, 0.0008, 0.0300, 0.2382, 0.1372, 0.4523, 0.0405,
        0.0051, 0.0016, 0.0016, 0.0022, 0.0000, 0.0014, 0.0016])
[2026-06-26 14:09:57,200][root][INFO] - reg loss: 4.130618009410921, entropy loss: 0.049437325386727446, leaf dev: 0.11750370264053345
[2026-06-26 14:09:57,202][root][INFO] - Val leaf stats: tensor([2.7491e-01, 2.9706e-03, 2.8220e-01, 2.7005e-04, 8.1015e-04, 8.1015e-04,
        2.7005e-04, 2.7005e-04, 0.0000e+00, 0.0000e+00, 2.9166e-02, 2.7005e-04,
        3.8077e-02, 3.3270e-01, 0.0000e+00, 3.7267e-02])
[2026-06-26 14:09:58,560][root][INFO] - reg loss: 4.1906334376725995, entropy loss: 0.04245434292271489, leaf dev: 0.09044448286294937
[2026-06-26 14:09:58,562][root][INFO] - Val leaf stats: tensor([5.4010e-04, 1.0262e-02, 1.7013e-02, 0.0000e+00, 2.1685e-01, 5.6711e-02,
        6.8863e-02, 1.8039e-01, 1.2152e-02, 2.7005e-04, 1.1882e-02, 4.9689e-02,
        7.5074e-02, 2.7005e-04, 2.9814e-01, 1.8904e-03])
[2026-06-26 14:09:59,193][root][INFO] - reg loss: 4.078398063534596, entropy loss: 0.04004473312467825, leaf dev: 0.15389977395534515
[2026-06-26 14:09:59,195][root][INFO] - Val leaf stats: tensor([2.7005e-04, 8.1015e-04, 1.9984e-02, 4.8609e-03, 0.0000e+00, 1.1342e-02,
        2.7005e-04, 1.2692e-02, 6.2112e-03, 0.0000e+00, 2.7005e-04, 8.1015e-04,
        3.2406e-03, 4.4612e-01, 4.6611e-01, 2.7005e-02])
[2026-06-26 14:09:59,721][root][INFO] - Epoch: 28 | train acc: 0.7426, train loss: 17.55583860, valid acc: 0.6738, valid loss: 1.06826851, test acc: 0.6524, test loss: 1.05265196
[2026-06-26 14:09:59,973][root][INFO] - Epoch: 27 | train acc: 0.7550, train loss: 17.17003847, valid acc: 0.7065, valid loss: 0.90664109, test acc: 0.6829, test loss: 0.98330977
[2026-06-26 14:10:00,458][root][INFO] - reg loss: 4.119725141368929, entropy loss: 0.03951700453142651, leaf dev: 0.13463997840881348
[2026-06-26 14:10:00,459][root][INFO] - Val leaf stats: tensor([0.0000e+00, 6.2112e-03, 4.8960e-01, 3.9157e-02, 2.7005e-04, 6.0491e-02,
        2.8841e-01, 0.0000e+00, 7.0213e-03, 2.7005e-04, 1.1882e-02, 0.0000e+00,
        0.0000e+00, 2.1604e-02, 7.5074e-02, 0.0000e+00])
[2026-06-26 14:10:01,388][root][INFO] - reg loss: 4.248290601323863, entropy loss: 0.05265679014999358, leaf dev: 0.10817020386457443
[2026-06-26 14:10:01,390][root][INFO] - Val leaf stats: tensor([5.9411e-03, 0.0000e+00, 0.0000e+00, 9.7218e-03, 1.0802e-03, 1.2422e-02,
        2.7005e-04, 2.4305e-03, 5.8871e-02, 2.0956e-01, 5.4010e-04, 3.7807e-03,
        3.2217e-01, 3.9698e-02, 2.8787e-01, 4.5639e-02])
[2026-06-26 14:10:05,854][root][INFO] - reg loss: 4.2029136438838774, entropy loss: 0.033655506970941045, leaf dev: 0.10176274925470352
[2026-06-26 14:10:05,855][root][INFO] - Val leaf stats: tensor([2.7005e-04, 5.4010e-04, 2.5007e-01, 1.0802e-03, 1.8904e-03, 6.2112e-02,
        1.8120e-01, 2.5385e-02, 0.0000e+00, 0.0000e+00, 1.3503e-03, 0.0000e+00,
        0.0000e+00, 1.7688e-01, 2.9436e-01, 4.8609e-03])
[2026-06-26 14:10:06,126][root][INFO] - reg loss: 4.120793866329506, entropy loss: 0.035520873902762526, leaf dev: 0.09126812219619751
[2026-06-26 14:10:06,127][root][INFO] - Val leaf stats: tensor([0.0008, 0.0011, 0.2055, 0.0014, 0.0459, 0.2395, 0.1855, 0.0024, 0.0089,
        0.0005, 0.0532, 0.0030, 0.0335, 0.2174, 0.0005, 0.0008])
[2026-06-26 14:10:06,550][root][INFO] - Epoch: 28 | train acc: 0.7605, train loss: 2.74046271, valid acc: 0.7040, valid loss: 0.95393703, test acc: 0.6863, test loss: 0.94963662
[2026-06-26 14:10:09,019][root][INFO] - Epoch: 27 | train acc: 0.7978, train loss: 4.72960807, valid acc: 0.7116, valid loss: 0.99015198, test acc: 0.7143, test loss: 0.93881655
[2026-06-26 14:10:12,623][root][INFO] - reg loss: 4.120777372454033, entropy loss: 0.03717679060140594, leaf dev: 0.12087519466876984
[2026-06-26 14:10:12,625][root][INFO] - Val leaf stats: tensor([2.7005e-04, 2.7005e-04, 8.1015e-04, 4.8609e-03, 4.2560e-01, 3.2406e-03,
        5.4010e-04, 0.0000e+00, 2.3738e-01, 8.1015e-04, 1.8904e-02, 1.7094e-01,
        1.2017e-01, 8.1015e-03, 5.4010e-04, 7.5614e-03])
[2026-06-26 14:10:15,876][root][INFO] - reg loss: 4.1509470236106, entropy loss: 0.049262245048264985, leaf dev: 0.11117292195558548
[2026-06-26 14:10:15,877][root][INFO] - Val leaf stats: tensor([2.7005e-04, 7.2914e-03, 8.1015e-04, 8.1015e-04, 8.1015e-04, 5.4010e-04,
        2.7005e-04, 0.0000e+00, 2.4305e-03, 3.3405e-01, 0.0000e+00, 1.1720e-01,
        3.2730e-01, 9.0197e-02, 4.7259e-02, 7.0753e-02])
[2026-06-26 14:10:29,461][root][INFO] - Epoch: 28 | train acc: 0.7729, train loss: 33.14335989, valid acc: 0.7070, valid loss: 0.90093429, test acc: 0.6892, test loss: 0.93737134
[2026-06-26 14:10:32,959][root][INFO] - Epoch: 29 | train acc: 0.8459, train loss: 16.77640036, valid acc: 0.7386, valid loss: 0.89136614, test acc: 0.7241, test loss: 0.91092551
[2026-06-26 14:10:34,540][root][INFO] - reg loss: 4.063742027908075, entropy loss: 0.03548262451515823, leaf dev: 0.1202642098069191
[2026-06-26 14:10:34,541][root][INFO] - Val leaf stats: tensor([2.7005e-03, 2.7005e-04, 3.2784e-01, 1.8904e-03, 2.7005e-04, 5.0500e-02,
        3.2001e-01, 1.6203e-03, 1.3503e-03, 0.0000e+00, 1.6203e-03, 0.0000e+00,
        2.9706e-02, 8.1015e-04, 2.5709e-01, 4.3208e-03])
[2026-06-26 14:10:35,189][root][INFO] - Epoch: 29 | train acc: 0.8733, train loss: 8.63000099, valid acc: 0.7799, valid loss: 0.79780901, test acc: 0.7607, test loss: 0.79868935
[2026-06-26 14:10:35,569][root][INFO] - Epoch: 29 | train acc: 0.8737, train loss: 8.56969180, valid acc: 0.7775, valid loss: 0.78960756, test acc: 0.7553, test loss: 0.82367640
[2026-06-26 14:10:35,844][root][INFO] - Epoch: 29 | train acc: 0.7773, train loss: 0.64012621, valid acc: 0.7105, valid loss: 0.90911771, test acc: 0.6895, test loss: 0.98481552
[2026-06-26 14:10:36,510][root][INFO] - Epoch: 28 | train acc: 0.8149, train loss: 4.67953213, valid acc: 0.7294, valid loss: 0.89531012, test acc: 0.7138, test loss: 0.90627519
[2026-06-26 14:10:36,865][root][INFO] - Epoch: 28 | train acc: 0.8522, train loss: 32.78248309, valid acc: 0.7626, valid loss: 0.82203664, test acc: 0.7420, test loss: 0.88681179
[2026-06-26 14:10:37,909][root][INFO] - Epoch: 28 | train acc: 0.7597, train loss: 2.74214045, valid acc: 0.6967, valid loss: 0.92652451, test acc: 0.6728, test loss: 0.97891427
[2026-06-26 14:10:38,261][root][INFO] - Epoch: 28 | train acc: 0.8696, train loss: 2.44989622, valid acc: 0.7794, valid loss: 0.81826810, test acc: 0.7538, test loss: 0.82464921
[2026-06-26 14:10:38,548][root][INFO] - reg loss: 4.080724700552518, entropy loss: 0.047983185067528585, leaf dev: 0.1510908156633377
[2026-06-26 14:10:38,549][root][INFO] - Val leaf stats: tensor([0.0000e+00, 2.9976e-02, 1.0802e-03, 5.4010e-04, 5.4010e-04, 2.7005e-04,
        2.7005e-04, 2.4305e-03, 0.0000e+00, 0.0000e+00, 2.7005e-04, 2.7005e-03,
        5.0581e-01, 6.7243e-02, 3.7888e-01, 9.9919e-03])
[2026-06-26 14:10:39,588][root][INFO] - Epoch: 28 | train acc: 0.7223, train loss: 4.94695300, valid acc: 0.6767, valid loss: 1.03810573, test acc: 0.6561, test loss: 1.06522810
[2026-06-26 14:10:40,685][root][INFO] - Epoch: 28 | train acc: 0.7592, train loss: 0.69721953, valid acc: 0.6792, valid loss: 1.01000074, test acc: 0.6647, test loss: 1.03998901
[2026-06-26 14:10:40,940][root][INFO] - reg loss: 4.124619280705686, entropy loss: 0.037375222647287806, leaf dev: 0.11646141111850739
[2026-06-26 14:10:40,941][root][INFO] - Val leaf stats: tensor([1.8904e-03, 2.7005e-04, 8.1015e-04, 2.9706e-03, 8.1015e-04, 4.5909e-02,
        0.0000e+00, 1.6203e-03, 5.4010e-04, 3.1407e-01, 4.8609e-03, 2.5790e-01,
        3.0867e-01, 1.3503e-03, 5.8061e-02, 2.7005e-04])
[2026-06-26 14:10:40,956][root][INFO] - reg loss: 4.148849776533783, entropy loss: 0.0358108891876506, leaf dev: 0.10412762314081192
[2026-06-26 14:10:40,957][root][INFO] - Val leaf stats: tensor([8.1015e-04, 0.0000e+00, 4.5909e-03, 2.7005e-04, 1.4043e-02, 1.2746e-01,
        8.9117e-03, 0.0000e+00, 2.6033e-01, 2.3494e-02, 3.2379e-01, 1.8445e-01,
        0.0000e+00, 2.0254e-02, 3.1596e-02, 0.0000e+00])
[2026-06-26 14:10:41,113][root][INFO] - reg loss: 4.090298644831924, entropy loss: 0.040060664420245126, leaf dev: 0.12503361701965332
[2026-06-26 14:10:41,114][root][INFO] - Val leaf stats: tensor([1.0802e-03, 2.1604e-03, 2.7005e-04, 0.0000e+00, 5.4010e-04, 1.3503e-03,
        3.7267e-02, 2.7005e-04, 2.3224e-02, 1.6203e-03, 1.4043e-02, 2.9652e-01,
        2.2738e-01, 3.9400e-01, 2.7005e-04, 0.0000e+00])
[2026-06-26 14:10:41,511][root][INFO] - Epoch: 29 | train acc: 0.7391, train loss: 4.82091840, valid acc: 0.6843, valid loss: 0.98525983, test acc: 0.6517, test loss: 1.07639486
[2026-06-26 14:10:41,857][root][INFO] - reg loss: 4.1412084063545604, entropy loss: 0.03455331817757888, leaf dev: 0.12465976923704147
[2026-06-26 14:10:41,858][root][INFO] - Val leaf stats: tensor([6.0221e-02, 1.8904e-03, 2.1442e-01, 8.1015e-04, 2.7005e-04, 3.2406e-03,
        5.4010e-04, 3.2406e-03, 1.0262e-02, 5.4010e-04, 4.6665e-01, 1.5393e-01,
        1.8634e-02, 6.3732e-02, 1.6203e-03, 0.0000e+00])
[2026-06-26 14:10:42,033][root][INFO] - Epoch: 28 | train acc: 0.7388, train loss: 8.97954669, valid acc: 0.6808, valid loss: 1.01791301, test acc: 0.6495, test loss: 1.06260347
[2026-06-26 14:10:42,222][root][INFO] - reg loss: 4.043057879463571, entropy loss: 0.042542083158356246, leaf dev: 0.16947701573371887
[2026-06-26 14:10:42,223][root][INFO] - Val leaf stats: tensor([2.7005e-04, 1.3503e-03, 1.0802e-03, 2.7005e-04, 5.4010e-04, 0.0000e+00,
        0.0000e+00, 7.2914e-03, 0.0000e+00, 5.4010e-04, 0.0000e+00, 2.7005e-04,
        5.5307e-01, 1.6203e-03, 4.3289e-01, 8.1015e-04])
[2026-06-26 14:10:42,952][root][INFO] - reg loss: 4.100817656907879, entropy loss: 0.04304273316606146, leaf dev: 0.12259290367364883
[2026-06-26 14:10:42,953][root][INFO] - Val leaf stats: tensor([0.0008, 0.0238, 0.1458, 0.0019, 0.0000, 0.0027, 0.4172, 0.0259, 0.0011,
        0.0151, 0.0005, 0.2960, 0.0000, 0.0022, 0.0586, 0.0084])
[2026-06-26 14:10:43,394][root][INFO] - Epoch: 29 | train acc: 0.8807, train loss: 2.47135254, valid acc: 0.7699, valid loss: 0.84179419, test acc: 0.7447, test loss: 0.86529922
[2026-06-26 14:10:43,569][root][INFO] - reg loss: 4.128672287112376, entropy loss: 0.048580195449414804, leaf dev: 0.117518849670887
[2026-06-26 14:10:43,571][root][INFO] - Val leaf stats: tensor([2.5142e-01, 2.1604e-03, 2.9814e-01, 0.0000e+00, 8.1015e-04, 8.1015e-04,
        5.4010e-04, 2.7005e-04, 0.0000e+00, 0.0000e+00, 3.0786e-02, 2.7005e-04,
        3.8887e-02, 3.3702e-01, 0.0000e+00, 3.8887e-02])
[2026-06-26 14:10:44,856][root][INFO] - reg loss: 4.159033642440546, entropy loss: 0.036235823738770406, leaf dev: 0.1189468577504158
[2026-06-26 14:10:44,857][root][INFO] - Val leaf stats: tensor([0.0022, 0.0005, 0.0813, 0.0011, 0.0319, 0.2420, 0.1583, 0.4261, 0.0432,
        0.0054, 0.0014, 0.0016, 0.0022, 0.0000, 0.0014, 0.0016])
[2026-06-26 14:10:46,537][root][INFO] - reg loss: 4.193502215088391, entropy loss: 0.040977720904057144, leaf dev: 0.0803489238023758
[2026-06-26 14:10:46,538][root][INFO] - Val leaf stats: tensor([0.0003, 0.0000, 0.0302, 0.0000, 0.2179, 0.0697, 0.0437, 0.1790, 0.0054,
        0.0000, 0.0437, 0.0880, 0.0818, 0.0024, 0.2360, 0.0016])
[2026-06-26 14:10:46,849][root][INFO] - reg loss: 4.075672094939185, entropy loss: 0.04060141772764628, leaf dev: 0.15294291079044342
[2026-06-26 14:10:46,851][root][INFO] - Val leaf stats: tensor([2.7005e-04, 8.1015e-04, 2.5655e-02, 4.8609e-03, 0.0000e+00, 1.1072e-02,
        2.7005e-04, 1.2422e-02, 7.0213e-03, 0.0000e+00, 2.7005e-04, 5.4010e-04,
        6.7513e-03, 4.7853e-01, 4.2749e-01, 2.4035e-02])
[2026-06-26 14:10:46,869][root][INFO] - Epoch: 29 | train acc: 0.7378, train loss: 17.57934739, valid acc: 0.6735, valid loss: 1.04209390, test acc: 0.6465, test loss: 1.05954158
[2026-06-26 14:10:47,143][root][INFO] - Epoch: 28 | train acc: 0.7371, train loss: 17.24634489, valid acc: 0.6703, valid loss: 1.01602919, test acc: 0.6605, test loss: 1.01751209
[2026-06-26 14:10:47,345][root][INFO] - reg loss: 4.117755631931493, entropy loss: 0.040059029506366764, leaf dev: 0.12910617887973785
[2026-06-26 14:10:47,347][root][INFO] - Val leaf stats: tensor([0.0000e+00, 6.7513e-03, 4.5585e-01, 4.2938e-02, 2.7005e-04, 7.6154e-02,
        3.0165e-01, 0.0000e+00, 1.0802e-02, 5.4010e-04, 1.3773e-02, 0.0000e+00,
        0.0000e+00, 1.7553e-02, 7.3724e-02, 0.0000e+00])
[2026-06-26 14:10:49,420][root][INFO] - reg loss: 4.251015858572037, entropy loss: 0.05106343328952789, leaf dev: 0.10630028694868088
[2026-06-26 14:10:49,421][root][INFO] - Val leaf stats: tensor([5.4010e-03, 0.0000e+00, 2.7005e-04, 9.7218e-03, 8.1015e-04, 1.2962e-02,
        2.7005e-04, 2.7005e-03, 5.1580e-02, 2.1982e-01, 5.4010e-04, 3.7807e-03,
        3.0840e-01, 5.4550e-02, 2.8382e-01, 4.5369e-02])
[2026-06-26 14:10:52,665][root][INFO] - Epoch: 29 | train acc: 0.7627, train loss: 2.73382897, valid acc: 0.6967, valid loss: 0.97443569, test acc: 0.6856, test loss: 0.94682711
[2026-06-26 14:10:52,746][root][INFO] - reg loss: 4.20982005947926, entropy loss: 0.03466439186061015, leaf dev: 0.1067989245057106
[2026-06-26 14:10:52,748][root][INFO] - Val leaf stats: tensor([2.7005e-04, 5.4010e-04, 2.5115e-01, 1.6203e-03, 1.3503e-03, 6.6433e-02,
        1.3962e-01, 1.1882e-02, 0.0000e+00, 0.0000e+00, 3.2406e-03, 0.0000e+00,
        0.0000e+00, 1.8120e-01, 3.3702e-01, 5.6711e-03])
[2026-06-26 14:10:53,754][root][INFO] - reg loss: 4.128458765686536, entropy loss: 0.035024742183626674, leaf dev: 0.08412029594182968
[2026-06-26 14:10:53,755][root][INFO] - Val leaf stats: tensor([0.0000, 0.0014, 0.1583, 0.0003, 0.1272, 0.1696, 0.2401, 0.0062, 0.0054,
        0.0008, 0.0481, 0.0027, 0.0478, 0.1907, 0.0008, 0.0008])
[2026-06-26 14:10:55,968][root][INFO] - Epoch: 28 | train acc: 0.8072, train loss: 4.70795563, valid acc: 0.7291, valid loss: 0.93128964, test acc: 0.7150, test loss: 0.92402212
[2026-06-26 14:10:58,895][root][INFO] - reg loss: 4.115316070494105, entropy loss: 0.036022413399864416, leaf dev: 0.13753068447113037
[2026-06-26 14:10:58,896][root][INFO] - Val leaf stats: tensor([2.7005e-04, 2.7005e-04, 2.7005e-04, 3.5107e-03, 5.2957e-01, 1.8634e-02,
        1.3503e-03, 0.0000e+00, 1.7499e-01, 1.3503e-03, 7.5614e-03, 1.6311e-01,
        8.9927e-02, 5.4010e-03, 5.4010e-04, 3.2406e-03])
[2026-06-26 14:11:02,232][root][INFO] - reg loss: 4.132083689580198, entropy loss: 0.044976387722570385, leaf dev: 0.11978444457054138
[2026-06-26 14:11:02,233][root][INFO] - Val leaf stats: tensor([0.0011, 0.0065, 0.0014, 0.0000, 0.0008, 0.0005, 0.0005, 0.0000, 0.0062,
        0.3632, 0.0000, 0.1083, 0.3519, 0.0554, 0.0232, 0.0810])
[2026-06-26 14:11:16,304][root][INFO] - Epoch: 29 | train acc: 0.7736, train loss: 33.14417085, valid acc: 0.6924, valid loss: 0.93799709, test acc: 0.6797, test loss: 0.98265993
[2026-06-26 14:11:21,735][root][INFO] - Epoch: 30 | train acc: 0.8539, train loss: 16.74876266, valid acc: 0.7556, valid loss: 0.90458302, test acc: 0.7251, test loss: 0.90791974
[2026-06-26 14:11:21,992][root][INFO] - reg loss: 4.063534877339348, entropy loss: 0.035038322027100895, leaf dev: 0.11996576935052872
[2026-06-26 14:11:21,994][root][INFO] - Val leaf stats: tensor([2.9706e-03, 2.7005e-04, 3.2568e-01, 2.1604e-03, 0.0000e+00, 4.5909e-02,
        3.1407e-01, 1.3503e-03, 1.3503e-03, 2.7005e-04, 1.6203e-03, 0.0000e+00,
        3.2136e-02, 5.4010e-04, 2.6546e-01, 6.2112e-03])
[2026-06-26 14:11:22,455][root][INFO] - Epoch: 30 | train acc: 0.7809, train loss: 0.62602069, valid acc: 0.7140, valid loss: 0.90614513, test acc: 0.6922, test loss: 0.98223199
[2026-06-26 14:11:23,008][root][INFO] - Epoch: 29 | train acc: 0.8207, train loss: 4.66006915, valid acc: 0.7394, valid loss: 0.83760976, test acc: 0.7226, test loss: 0.87005397
[2026-06-26 14:11:23,159][root][INFO] - Epoch: 30 | train acc: 0.8720, train loss: 8.53949622, valid acc: 0.7904, valid loss: 0.75022894, test acc: 0.7644, test loss: 0.80750778
[2026-06-26 14:11:23,383][root][INFO] - Epoch: 30 | train acc: 0.8854, train loss: 8.58082787, valid acc: 0.7840, valid loss: 0.77464718, test acc: 0.7639, test loss: 0.80757619
[2026-06-26 14:11:24,857][root][INFO] - Epoch: 29 | train acc: 0.7535, train loss: 2.75438894, valid acc: 0.6908, valid loss: 0.94288966, test acc: 0.6662, test loss: 1.00854020
[2026-06-26 14:11:25,481][root][INFO] - Epoch: 29 | train acc: 0.8514, train loss: 32.75002658, valid acc: 0.7599, valid loss: 0.81367702, test acc: 0.7511, test loss: 0.86812885
[2026-06-26 14:11:25,910][root][INFO] - Epoch: 29 | train acc: 0.7278, train loss: 4.94139531, valid acc: 0.6543, valid loss: 1.10805929, test acc: 0.6370, test loss: 1.13698214
[2026-06-26 14:11:26,204][root][INFO] - Epoch: 29 | train acc: 0.8724, train loss: 2.44413221, valid acc: 0.7715, valid loss: 0.80115158, test acc: 0.7536, test loss: 0.83955762
[2026-06-26 14:11:26,725][root][INFO] - reg loss: 4.079431283669393, entropy loss: 0.0483175836747787, leaf dev: 0.15407370030879974
[2026-06-26 14:11:26,726][root][INFO] - Val leaf stats: tensor([0.0000e+00, 4.4018e-02, 1.3503e-03, 2.7005e-04, 5.4010e-04, 2.7005e-04,
        2.7005e-04, 3.2406e-03, 0.0000e+00, 2.7005e-04, 2.7005e-04, 4.8609e-03,
        5.1958e-01, 3.7537e-02, 3.8104e-01, 6.4812e-03])
[2026-06-26 14:11:27,613][root][INFO] - Epoch: 29 | train acc: 0.7377, train loss: 0.76125801, valid acc: 0.6819, valid loss: 0.98442436, test acc: 0.6703, test loss: 1.00905684
[2026-06-26 14:11:27,784][root][INFO] - reg loss: 4.145506022406406, entropy loss: 0.035436660356697486, leaf dev: 0.1038374975323677
[2026-06-26 14:11:27,785][root][INFO] - Val leaf stats: tensor([1.0802e-03, 0.0000e+00, 2.1604e-03, 0.0000e+00, 1.3503e-02, 1.4421e-01,
        9.9919e-03, 0.0000e+00, 2.2846e-01, 1.9444e-02, 3.3648e-01, 1.8904e-01,
        0.0000e+00, 2.1064e-02, 3.4297e-02, 2.7005e-04])
[2026-06-26 14:11:28,291][root][INFO] - reg loss: 4.074837168709177, entropy loss: 0.039744257377307926, leaf dev: 0.12728142738342285
[2026-06-26 14:11:28,293][root][INFO] - Val leaf stats: tensor([1.0802e-03, 2.7005e-03, 2.7005e-04, 0.0000e+00, 2.7005e-04, 1.0802e-03,
        4.1858e-02, 2.7005e-04, 1.9984e-02, 2.4305e-03, 1.3503e-03, 2.9058e-01,
        2.3035e-01, 4.0724e-01, 5.4010e-04, 0.0000e+00])
[2026-06-26 14:11:28,337][root][INFO] - reg loss: 4.119405488498876, entropy loss: 0.03689065019859642, leaf dev: 0.11482688039541245
[2026-06-26 14:11:28,339][root][INFO] - Val leaf stats: tensor([2.4305e-03, 2.7005e-04, 8.1015e-04, 1.0802e-03, 2.7005e-04, 5.5631e-02,
        0.0000e+00, 1.0802e-03, 8.1015e-04, 3.0111e-01, 2.1604e-03, 2.4413e-01,
        3.1974e-01, 1.8904e-03, 6.8323e-02, 2.7005e-04])
[2026-06-26 14:11:28,406][root][INFO] - reg loss: 4.141265689349566, entropy loss: 0.03444014330867861, leaf dev: 0.11966127157211304
[2026-06-26 14:11:28,407][root][INFO] - Val leaf stats: tensor([6.0221e-02, 1.8904e-03, 2.1631e-01, 8.1015e-04, 2.7005e-04, 3.2406e-03,
        8.1015e-04, 3.2406e-03, 9.1817e-03, 5.4010e-04, 4.3640e-01, 1.7688e-01,
        2.0524e-02, 6.7783e-02, 1.8904e-03, 0.0000e+00])
[2026-06-26 14:11:29,116][root][INFO] - Epoch: 29 | train acc: 0.7123, train loss: 9.07985633, valid acc: 0.6257, valid loss: 1.18386351, test acc: 0.6122, test loss: 1.16115299
[2026-06-26 14:11:29,441][root][INFO] - Epoch: 30 | train acc: 0.7445, train loss: 4.80630501, valid acc: 0.6884, valid loss: 0.97613232, test acc: 0.6539, test loss: 1.07158827
[2026-06-26 14:11:30,005][root][INFO] - reg loss: 4.104545945026835, entropy loss: 0.04338739842909281, leaf dev: 0.1137099638581276
[2026-06-26 14:11:30,006][root][INFO] - Val leaf stats: tensor([2.1604e-03, 2.2684e-02, 1.5258e-01, 1.0802e-03, 0.0000e+00, 2.9706e-03,
        3.6700e-01, 6.8323e-02, 2.7005e-04, 1.2152e-02, 5.4010e-04, 2.9895e-01,
        2.7005e-04, 1.8904e-03, 6.0762e-02, 8.3716e-03])
[2026-06-26 14:11:30,319][root][INFO] - Epoch: 30 | train acc: 0.8800, train loss: 2.47623759, valid acc: 0.7632, valid loss: 0.82484870, test acc: 0.7410, test loss: 0.87864880
[2026-06-26 14:11:30,550][root][INFO] - reg loss: 4.159825848751381, entropy loss: 0.036120034448924615, leaf dev: 0.12783405184745789
[2026-06-26 14:11:30,551][root][INFO] - Val leaf stats: tensor([0.0024, 0.0005, 0.0313, 0.0005, 0.0332, 0.2495, 0.1691, 0.4618, 0.0373,
        0.0062, 0.0008, 0.0019, 0.0022, 0.0000, 0.0016, 0.0016])
[2026-06-26 14:11:30,607][root][INFO] - reg loss: 4.039130328131503, entropy loss: 0.0387165437712044, leaf dev: 0.16853056848049164
[2026-06-26 14:11:30,609][root][INFO] - Val leaf stats: tensor([5.4010e-04, 1.6203e-03, 1.3503e-03, 5.4010e-04, 2.7005e-04, 0.0000e+00,
        0.0000e+00, 5.1310e-03, 0.0000e+00, 2.7005e-04, 0.0000e+00, 8.1015e-04,
        5.2417e-01, 2.1604e-03, 4.6233e-01, 8.1015e-04])
[2026-06-26 14:11:31,455][root][INFO] - reg loss: 4.131712553931064, entropy loss: 0.04878399234081878, leaf dev: 0.1200382187962532
[2026-06-26 14:11:31,456][root][INFO] - Val leaf stats: tensor([2.5088e-01, 2.1604e-03, 2.9625e-01, 2.7005e-04, 8.1015e-04, 8.1015e-04,
        5.4010e-04, 2.7005e-04, 0.0000e+00, 0.0000e+00, 3.1866e-02, 2.7005e-04,
        3.3216e-02, 3.5350e-01, 0.0000e+00, 2.9166e-02])
[2026-06-26 14:11:33,228][root][INFO] - reg loss: 4.197031114922195, entropy loss: 0.037242164682657994, leaf dev: 0.08313002437353134
[2026-06-26 14:11:33,229][root][INFO] - Val leaf stats: tensor([0.0005, 0.0000, 0.0270, 0.0000, 0.2255, 0.0573, 0.0524, 0.1688, 0.0335,
        0.0003, 0.0267, 0.0664, 0.0759, 0.0024, 0.2609, 0.0024])
[2026-06-26 14:11:34,829][root][INFO] - reg loss: 4.129917535625521, entropy loss: 0.03828960437266553, leaf dev: 0.10214419662952423
[2026-06-26 14:11:34,831][root][INFO] - Val leaf stats: tensor([0.0000e+00, 6.7513e-03, 3.2082e-01, 5.9411e-03, 2.7005e-04, 9.9109e-02,
        2.8895e-01, 1.3503e-03, 1.0775e-01, 1.0802e-03, 2.2414e-02, 0.0000e+00,
        0.0000e+00, 7.4534e-02, 7.0753e-02, 2.7005e-04])
[2026-06-26 14:11:35,002][root][INFO] - reg loss: 4.075523384281846, entropy loss: 0.04099051550519271, leaf dev: 0.15009891986846924
[2026-06-26 14:11:35,003][root][INFO] - Val leaf stats: tensor([2.7005e-04, 1.0802e-03, 2.9706e-02, 4.8609e-03, 0.0000e+00, 1.4583e-02,
        2.7005e-04, 7.0213e-03, 9.9919e-03, 0.0000e+00, 5.4010e-04, 5.4010e-03,
        1.4853e-02, 4.7016e-01, 4.2128e-01, 1.9984e-02])
[2026-06-26 14:11:35,567][root][INFO] - Epoch: 29 | train acc: 0.7464, train loss: 17.23269747, valid acc: 0.7011, valid loss: 0.96374211, test acc: 0.6762, test loss: 0.99272979
[2026-06-26 14:11:35,885][root][INFO] - Epoch: 30 | train acc: 0.6711, train loss: 17.66516019, valid acc: 0.5663, valid loss: 1.34041148, test acc: 0.5606, test loss: 1.30871703
[2026-06-26 14:11:35,929][root][INFO] - reg loss: 4.240599468106129, entropy loss: 0.050981993619047226, leaf dev: 0.11566656082868576
[2026-06-26 14:11:35,931][root][INFO] - Val leaf stats: tensor([5.4010e-03, 0.0000e+00, 2.7005e-04, 9.4518e-03, 8.1015e-04, 1.3773e-02,
        2.7005e-04, 3.2406e-03, 9.9919e-03, 1.3665e-01, 2.7005e-04, 1.6203e-03,
        3.6025e-01, 9.6138e-02, 3.2163e-01, 4.0238e-02])
[2026-06-26 14:11:39,565][root][INFO] - Epoch: 30 | train acc: 0.7647, train loss: 2.72368857, valid acc: 0.7137, valid loss: 0.92690069, test acc: 0.6969, test loss: 0.93038350
[2026-06-26 14:11:42,070][root][INFO] - reg loss: 4.125690554009109, entropy loss: 0.035210995461608545, leaf dev: 0.08540990203619003
[2026-06-26 14:11:42,072][root][INFO] - Val leaf stats: tensor([0.0000, 0.0014, 0.1607, 0.0003, 0.0961, 0.1855, 0.2439, 0.0059, 0.0062,
        0.0000, 0.0502, 0.0049, 0.0483, 0.1950, 0.0008, 0.0008])
[2026-06-26 14:11:42,352][root][INFO] - reg loss: 4.178240494649918, entropy loss: 0.03372281826421863, leaf dev: 0.1041376143693924
[2026-06-26 14:11:42,354][root][INFO] - Val leaf stats: tensor([2.9706e-03, 5.4010e-04, 2.3602e-01, 2.4305e-03, 1.4583e-02, 3.4134e-01,
        1.8417e-01, 3.4297e-02, 0.0000e+00, 0.0000e+00, 0.0000e+00, 2.7005e-04,
        9.4518e-03, 1.2314e-01, 4.8609e-02, 2.1604e-03])
[2026-06-26 14:11:43,494][root][INFO] - Epoch: 29 | train acc: 0.8253, train loss: 4.62421989, valid acc: 0.7421, valid loss: 0.88161943, test acc: 0.7401, test loss: 0.86160070
[2026-06-26 14:11:46,025][root][INFO] - reg loss: 4.109759917024706, entropy loss: 0.03626465009617024, leaf dev: 0.1322193592786789
[2026-06-26 14:11:46,026][root][INFO] - Val leaf stats: tensor([2.7005e-04, 2.7005e-04, 2.7005e-04, 3.7807e-03, 4.9419e-01, 1.6743e-02,
        5.4010e-04, 0.0000e+00, 2.1064e-01, 1.6203e-03, 1.0532e-02, 1.6959e-01,
        8.3176e-02, 1.3503e-03, 5.4010e-04, 6.4812e-03])
[2026-06-26 14:11:50,136][root][INFO] - reg loss: 4.1128155286194845, entropy loss: 0.03937154855640208, leaf dev: 0.12586943805217743
[2026-06-26 14:11:50,138][root][INFO] - Val leaf stats: tensor([0.0005, 0.0054, 0.0019, 0.0000, 0.0014, 0.0008, 0.0008, 0.0000, 0.0041,
        0.3889, 0.0000, 0.1194, 0.3594, 0.0275, 0.0273, 0.0627])
[2026-06-26 14:12:03,705][root][INFO] - Epoch: 30 | train acc: 0.7722, train loss: 33.11668046, valid acc: 0.7065, valid loss: 0.90659160, test acc: 0.6890, test loss: 0.95265421
[2026-06-26 14:12:08,300][root][INFO] - Epoch: 31 | train acc: 0.8556, train loss: 16.73826849, valid acc: 0.7470, valid loss: 0.89900873, test acc: 0.7248, test loss: 0.91406253
[2026-06-26 14:12:08,879][root][INFO] - Epoch: 31 | train acc: 0.8829, train loss: 8.49479879, valid acc: 0.7848, valid loss: 0.76642062, test acc: 0.7651, test loss: 0.80183206
[2026-06-26 14:12:09,528][root][INFO] - reg loss: 4.059826350602948, entropy loss: 0.034890794851740854, leaf dev: 0.11923083662986755
[2026-06-26 14:12:09,530][root][INFO] - Val leaf stats: tensor([2.7005e-03, 2.7005e-04, 3.2379e-01, 2.4305e-03, 0.0000e+00, 4.8879e-02,
        2.9760e-01, 1.3503e-03, 1.3503e-03, 0.0000e+00, 1.6203e-03, 0.0000e+00,
        3.1596e-02, 5.4010e-04, 2.8085e-01, 7.0213e-03])
[2026-06-26 14:12:10,367][root][INFO] - Epoch: 31 | train acc: 0.8913, train loss: 8.55777060, valid acc: 0.7885, valid loss: 0.80209943, test acc: 0.7663, test loss: 0.81103644
[2026-06-26 14:12:10,601][root][INFO] - Epoch: 30 | train acc: 0.8259, train loss: 4.64960760, valid acc: 0.7013, valid loss: 0.99249971, test acc: 0.6856, test loss: 1.01717535
[2026-06-26 14:12:10,732][root][INFO] - Epoch: 31 | train acc: 0.7858, train loss: 0.61301470, valid acc: 0.7121, valid loss: 0.91918090, test acc: 0.6969, test loss: 0.96580839
[2026-06-26 14:12:11,325][root][INFO] - Epoch: 30 | train acc: 0.7199, train loss: 4.95714653, valid acc: 0.6746, valid loss: 1.05319434, test acc: 0.6556, test loss: 1.06990663
[2026-06-26 14:12:11,716][root][INFO] - Epoch: 30 | train acc: 0.8550, train loss: 32.71532465, valid acc: 0.7626, valid loss: 0.80419831, test acc: 0.7457, test loss: 0.88835353
[2026-06-26 14:12:13,106][root][INFO] - Epoch: 30 | train acc: 0.7603, train loss: 2.73697671, valid acc: 0.6943, valid loss: 0.95787965, test acc: 0.6804, test loss: 0.98282705
[2026-06-26 14:12:13,466][root][INFO] - reg loss: 4.078189756049484, entropy loss: 0.04776185995242635, leaf dev: 0.15195724368095398
[2026-06-26 14:12:13,467][root][INFO] - Val leaf stats: tensor([0.0000e+00, 4.3748e-02, 1.0802e-03, 2.7005e-04, 0.0000e+00, 8.1015e-04,
        0.0000e+00, 4.0508e-03, 0.0000e+00, 0.0000e+00, 2.7005e-04, 4.8609e-03,
        5.1256e-01, 5.1580e-02, 3.7618e-01, 4.5909e-03])
[2026-06-26 14:12:13,934][root][INFO] - Epoch: 30 | train acc: 0.8726, train loss: 2.44082172, valid acc: 0.7664, valid loss: 0.81516704, test acc: 0.7531, test loss: 0.83781459
[2026-06-26 14:12:14,468][root][INFO] - reg loss: 4.073028142334985, entropy loss: 0.0392618678876611, leaf dev: 0.12700024247169495
[2026-06-26 14:12:14,470][root][INFO] - Val leaf stats: tensor([1.0802e-03, 2.7005e-03, 2.7005e-04, 0.0000e+00, 2.7005e-04, 8.1015e-04,
        4.5909e-02, 2.7005e-04, 2.4575e-02, 2.7005e-03, 1.0802e-03, 2.8004e-01,
        2.2333e-01, 4.1642e-01, 2.7005e-04, 2.7005e-04])
[2026-06-26 14:12:15,135][root][INFO] - Epoch: 30 | train acc: 0.7452, train loss: 0.72915413, valid acc: 0.6727, valid loss: 1.02326221, test acc: 0.6689, test loss: 1.03827848
[2026-06-26 14:12:15,464][root][INFO] - reg loss: 4.116677847064909, entropy loss: 0.03680538410534624, leaf dev: 0.11481041461229324
[2026-06-26 14:12:15,465][root][INFO] - Val leaf stats: tensor([1.8904e-03, 2.7005e-04, 1.0802e-03, 1.0802e-03, 2.7005e-04, 5.6441e-02,
        0.0000e+00, 1.0802e-03, 8.1015e-04, 3.0327e-01, 1.6203e-03, 2.4305e-01,
        3.1812e-01, 1.6203e-03, 6.9133e-02, 2.7005e-04])
[2026-06-26 14:12:15,865][root][INFO] - reg loss: 4.1396992167488476, entropy loss: 0.03389664492035498, leaf dev: 0.1042780950665474
[2026-06-26 14:12:15,866][root][INFO] - Val leaf stats: tensor([6.2382e-02, 3.5107e-03, 2.1820e-01, 5.4010e-04, 2.7005e-04, 0.0000e+00,
        1.0802e-03, 5.4010e-03, 7.5614e-03, 8.1015e-04, 3.5026e-01, 1.2017e-01,
        3.6457e-02, 1.8850e-01, 4.8609e-03, 0.0000e+00])
[2026-06-26 14:12:16,188][root][INFO] - reg loss: 4.146000627611504, entropy loss: 0.03522058945820957, leaf dev: 0.10346224159002304
[2026-06-26 14:12:16,189][root][INFO] - Val leaf stats: tensor([0.0011, 0.0000, 0.0014, 0.0000, 0.0108, 0.1415, 0.0084, 0.0000, 0.2755,
        0.0173, 0.2979, 0.1909, 0.0000, 0.0224, 0.0316, 0.0014])
[2026-06-26 14:12:16,508][root][INFO] - reg loss: 4.158579607478908, entropy loss: 0.036189300603553895, leaf dev: 0.12742316722869873
[2026-06-26 14:12:16,509][root][INFO] - Val leaf stats: tensor([2.1604e-03, 2.7005e-04, 4.0238e-02, 8.1015e-04, 3.3756e-02, 2.5007e-01,
        1.5528e-01, 4.6368e-01, 3.9968e-02, 5.6711e-03, 1.3503e-03, 1.3503e-03,
        2.1604e-03, 0.0000e+00, 1.6203e-03, 1.6203e-03])
[2026-06-26 14:12:16,770][root][INFO] - Epoch: 30 | train acc: 0.6918, train loss: 9.17205614, valid acc: 0.6668, valid loss: 1.07937318, test acc: 0.6424, test loss: 1.08328202
[2026-06-26 14:12:16,973][root][INFO] - reg loss: 4.036242117647265, entropy loss: 0.039336216132171815, leaf dev: 0.16886308789253235
[2026-06-26 14:12:16,974][root][INFO] - Val leaf stats: tensor([2.7005e-04, 1.8904e-03, 1.3503e-03, 5.4010e-04, 2.7005e-04, 0.0000e+00,
        0.0000e+00, 5.4010e-03, 0.0000e+00, 2.7005e-04, 0.0000e+00, 2.7005e-04,
        5.3416e-01, 2.1604e-03, 4.5261e-01, 8.1015e-04])
[2026-06-26 14:12:17,836][root][INFO] - Epoch: 31 | train acc: 0.7508, train loss: 4.79355511, valid acc: 0.6876, valid loss: 0.98851507, test acc: 0.6522, test loss: 1.07503007
[2026-06-26 14:12:18,748][root][INFO] - reg loss: 4.103209018707275, entropy loss: 0.043172073413114076, leaf dev: 0.11803311854600906
[2026-06-26 14:12:18,750][root][INFO] - Val leaf stats: tensor([1.8904e-03, 2.2684e-02, 1.5987e-01, 1.0802e-03, 0.0000e+00, 3.2406e-03,
        4.0508e-01, 4.7799e-02, 2.7005e-04, 9.1817e-03, 1.8904e-03, 2.7329e-01,
        2.7005e-04, 3.2406e-03, 6.4812e-02, 5.4010e-03])
[2026-06-26 14:12:19,509][root][INFO] - Epoch: 31 | train acc: 0.8800, train loss: 2.47177157, valid acc: 0.7737, valid loss: 0.87644536, test acc: 0.7386, test loss: 0.89538423
[2026-06-26 14:12:19,611][root][INFO] - reg loss: 4.129411032942475, entropy loss: 0.047966912083449914, leaf dev: 0.11986847221851349
[2026-06-26 14:12:19,614][root][INFO] - Val leaf stats: tensor([2.4845e-01, 1.8904e-03, 2.9868e-01, 2.7005e-04, 5.4010e-04, 1.0802e-03,
        5.4010e-04, 2.7005e-04, 0.0000e+00, 0.0000e+00, 3.2406e-02, 2.7005e-04,
        3.4567e-02, 3.5215e-01, 0.0000e+00, 2.8895e-02])
[2026-06-26 14:12:20,634][root][INFO] - reg loss: 4.194861787264465, entropy loss: 0.036725101412319744, leaf dev: 0.07905123382806778
[2026-06-26 14:12:20,635][root][INFO] - Val leaf stats: tensor([0.0003, 0.0000, 0.0262, 0.0000, 0.1772, 0.0508, 0.0794, 0.1923, 0.0103,
        0.0005, 0.0370, 0.0905, 0.0824, 0.0032, 0.2487, 0.0014])
[2026-06-26 14:12:22,051][root][INFO] - reg loss: 4.1417404237340705, entropy loss: 0.03791950667490725, leaf dev: 0.11497311294078827
[2026-06-26 14:12:22,052][root][INFO] - Val leaf stats: tensor([0.0000e+00, 9.1817e-03, 4.0886e-01, 1.5393e-02, 0.0000e+00, 8.4256e-02,
        2.6303e-01, 0.0000e+00, 4.0238e-02, 1.0802e-03, 5.1310e-03, 2.7005e-04,
        5.4010e-04, 1.0289e-01, 6.9133e-02, 0.0000e+00])
[2026-06-26 14:12:23,106][root][INFO] - Epoch: 30 | train acc: 0.7549, train loss: 17.21283481, valid acc: 0.7029, valid loss: 0.94771381, test acc: 0.6853, test loss: 0.97795407
[2026-06-26 14:12:23,140][root][INFO] - reg loss: 4.079659094575976, entropy loss: 0.04121960607952759, leaf dev: 0.1497853696346283
[2026-06-26 14:12:23,141][root][INFO] - Val leaf stats: tensor([2.7005e-04, 8.1015e-04, 3.4567e-02, 4.8609e-03, 0.0000e+00, 1.2962e-02,
        2.7005e-04, 8.3716e-03, 9.1817e-03, 0.0000e+00, 5.4010e-04, 4.8609e-03,
        1.0262e-02, 4.4883e-01, 4.4207e-01, 2.2144e-02])
[2026-06-26 14:12:24,363][root][INFO] - Epoch: 31 | train acc: 0.6366, train loss: 17.63656100, valid acc: 0.6122, valid loss: 1.21715150, test acc: 0.5884, test loss: 1.23803820
[2026-06-26 14:12:25,230][root][INFO] - reg loss: 4.218926976938716, entropy loss: 0.0502068322823673, leaf dev: 0.11057551205158234
[2026-06-26 14:12:25,231][root][INFO] - Val leaf stats: tensor([7.2914e-03, 0.0000e+00, 5.1310e-03, 6.7513e-03, 8.1015e-04, 7.8315e-03,
        8.1015e-04, 2.1604e-03, 2.2684e-02, 2.4143e-01, 2.7005e-04, 4.3208e-03,
        3.2649e-01, 5.4820e-02, 2.7437e-01, 4.4829e-02])
[2026-06-26 14:12:25,861][root][INFO] - Epoch: 31 | train acc: 0.7639, train loss: 2.72500499, valid acc: 0.6894, valid loss: 0.97337791, test acc: 0.6713, test loss: 1.00925285
[2026-06-26 14:12:29,115][root][INFO] - reg loss: 4.129823340744268, entropy loss: 0.03538250507878476, leaf dev: 0.08901414275169373
[2026-06-26 14:12:29,116][root][INFO] - Val leaf stats: tensor([0.0000, 0.0011, 0.1610, 0.0003, 0.0764, 0.2425, 0.2058, 0.0041, 0.0078,
        0.0000, 0.0486, 0.0051, 0.0340, 0.2117, 0.0008, 0.0008])
[2026-06-26 14:12:30,529][root][INFO] - reg loss: 4.151904731500344, entropy loss: 0.030598565936088562, leaf dev: 0.10161333531141281
[2026-06-26 14:12:30,531][root][INFO] - Val leaf stats: tensor([2.7005e-03, 5.4010e-04, 2.4575e-01, 2.9706e-03, 3.7807e-03, 1.5042e-01,
        3.2892e-01, 6.8323e-02, 0.0000e+00, 0.0000e+00, 0.0000e+00, 2.7005e-04,
        3.2406e-03, 1.3584e-01, 5.4820e-02, 2.4305e-03])
[2026-06-26 14:12:32,016][root][INFO] - reg loss: 4.110997989529469, entropy loss: 0.036386121125494844, leaf dev: 0.14217859506607056
[2026-06-26 14:12:32,018][root][INFO] - Val leaf stats: tensor([8.1015e-04, 2.7005e-04, 2.7005e-04, 4.0508e-03, 5.6549e-01, 8.1555e-02,
        1.3503e-03, 0.0000e+00, 9.8839e-02, 1.6203e-03, 7.8315e-03, 1.5231e-01,
        7.8855e-02, 5.4010e-04, 1.3503e-03, 4.8609e-03])
[2026-06-26 14:12:32,909][root][INFO] - Epoch: 30 | train acc: 0.8440, train loss: 4.56177260, valid acc: 0.7567, valid loss: 0.86275467, test acc: 0.7462, test loss: 0.87405265
[2026-06-26 14:12:39,156][root][INFO] - reg loss: 4.099602269344643, entropy loss: 0.03838017088223676, leaf dev: 0.1304866373538971
[2026-06-26 14:12:39,157][root][INFO] - Val leaf stats: tensor([2.7005e-04, 6.2112e-03, 1.3503e-03, 0.0000e+00, 1.3503e-03, 5.4010e-04,
        2.7005e-04, 0.0000e+00, 2.4305e-03, 3.8455e-01, 0.0000e+00, 1.3314e-01,
        3.8671e-01, 3.0786e-02, 3.9968e-02, 1.2422e-02])
[2026-06-26 14:12:50,771][root][INFO] - Epoch: 31 | train acc: 0.7736, train loss: 33.12854598, valid acc: 0.6932, valid loss: 0.94350230, test acc: 0.6762, test loss: 1.00864276
[2026-06-26 14:12:56,138][root][INFO] - reg loss: 4.061009743174568, entropy loss: 0.035158348437704025, leaf dev: 0.11860055476427078
[2026-06-26 14:12:56,139][root][INFO] - Val leaf stats: tensor([2.1604e-03, 2.7005e-04, 3.1245e-01, 2.4305e-03, 2.7005e-04, 4.2128e-02,
        2.5520e-01, 2.4305e-03, 1.3503e-03, 2.7005e-04, 2.7005e-04, 0.0000e+00,
        4.6179e-02, 1.6203e-03, 3.2676e-01, 6.2112e-03])
[2026-06-26 14:12:56,427][root][INFO] - Epoch: 32 | train acc: 0.8599, train loss: 16.72211434, valid acc: 0.7561, valid loss: 0.86593923, test acc: 0.7221, test loss: 0.90617462
[2026-06-26 14:12:57,214][root][INFO] - Epoch: 32 | train acc: 0.8900, train loss: 8.47704040, valid acc: 0.7880, valid loss: 0.76452577, test acc: 0.7636, test loss: 0.81010979
[2026-06-26 14:12:57,529][root][INFO] - Epoch: 32 | train acc: 0.7930, train loss: 0.59800637, valid acc: 0.7102, valid loss: 0.91910845, test acc: 0.6973, test loss: 0.98124043
[2026-06-26 14:12:57,989][root][INFO] - Epoch: 32 | train acc: 0.8966, train loss: 8.54429553, valid acc: 0.7845, valid loss: 0.79305424, test acc: 0.7739, test loss: 0.79780940
[2026-06-26 14:12:58,011][root][INFO] - Epoch: 31 | train acc: 0.7737, train loss: 4.78748782, valid acc: 0.7240, valid loss: 0.92545915, test acc: 0.7000, test loss: 0.94439235
[2026-06-26 14:12:58,738][root][INFO] - Epoch: 31 | train acc: 0.6652, train loss: 5.12815222, valid acc: 0.6125, valid loss: 1.20002417, test acc: 0.6038, test loss: 1.19912929
[2026-06-26 14:12:59,323][root][INFO] - Epoch: 31 | train acc: 0.8593, train loss: 32.69269943, valid acc: 0.7637, valid loss: 0.84701468, test acc: 0.7391, test loss: 0.91447023
[2026-06-26 14:13:00,106][root][INFO] - Epoch: 31 | train acc: 0.7564, train loss: 2.74290702, valid acc: 0.6948, valid loss: 0.94470685, test acc: 0.6853, test loss: 0.94670282
[2026-06-26 14:13:01,550][root][INFO] - Epoch: 31 | train acc: 0.8772, train loss: 2.42634711, valid acc: 0.7656, valid loss: 0.85738249, test acc: 0.7474, test loss: 0.86669693
[2026-06-26 14:13:01,585][root][INFO] - Epoch: 31 | train acc: 0.7536, train loss: 0.69910064, valid acc: 0.6867, valid loss: 0.96367641, test acc: 0.6799, test loss: 1.00161443
[2026-06-26 14:13:01,656][root][INFO] - reg loss: 4.078010363656967, entropy loss: 0.044438760178010975, leaf dev: 0.15449175238609314
[2026-06-26 14:13:01,658][root][INFO] - Val leaf stats: tensor([0.0000e+00, 4.8069e-02, 8.1015e-04, 2.7005e-04, 0.0000e+00, 8.1015e-04,
        0.0000e+00, 3.7807e-03, 0.0000e+00, 0.0000e+00, 2.7005e-04, 4.8609e-03,
        5.2714e-01, 3.7267e-02, 3.7267e-01, 4.0508e-03])
[2026-06-26 14:13:02,280][root][INFO] - reg loss: 4.07269329321189, entropy loss: 0.03916398441938103, leaf dev: 0.1262936145067215
[2026-06-26 14:13:02,282][root][INFO] - Val leaf stats: tensor([1.0802e-03, 4.0508e-03, 2.7005e-04, 0.0000e+00, 8.1015e-04, 8.1015e-04,
        5.2120e-02, 2.7005e-04, 2.4845e-02, 2.7005e-03, 5.4010e-04, 2.7356e-01,
        2.2090e-01, 4.1804e-01, 0.0000e+00, 0.0000e+00])
[2026-06-26 14:13:02,681][root][INFO] - Epoch: 31 | train acc: 0.7192, train loss: 9.04891980, valid acc: 0.6765, valid loss: 1.07031486, test acc: 0.6541, test loss: 1.07582973
[2026-06-26 14:13:02,818][root][INFO] - reg loss: 4.139400966831895, entropy loss: 0.03506888901112509, leaf dev: 0.10259002447128296
[2026-06-26 14:13:02,819][root][INFO] - Val leaf stats: tensor([1.0802e-03, 0.0000e+00, 1.3503e-03, 0.0000e+00, 2.7005e-03, 1.7445e-01,
        8.6416e-03, 0.0000e+00, 2.5115e-01, 5.9411e-03, 3.0435e-01, 1.7580e-01,
        0.0000e+00, 2.2144e-02, 5.2120e-02, 2.7005e-04])
[2026-06-26 14:13:03,250][root][INFO] - reg loss: 4.116149495859615, entropy loss: 0.0365771617068619, leaf dev: 0.11431005597114563
[2026-06-26 14:13:03,251][root][INFO] - Val leaf stats: tensor([2.1604e-03, 2.7005e-04, 8.1015e-04, 1.6203e-03, 2.7005e-04, 5.7791e-02,
        0.0000e+00, 8.1015e-04, 5.4010e-04, 3.1704e-01, 2.4305e-03, 2.3927e-01,
        3.0381e-01, 1.6203e-03, 7.1294e-02, 2.7005e-04])
[2026-06-26 14:13:03,352][root][INFO] - reg loss: 4.142187994034564, entropy loss: 0.03128994576877258, leaf dev: 0.10106362402439117
[2026-06-26 14:13:03,353][root][INFO] - Val leaf stats: tensor([0.0635, 0.0032, 0.2231, 0.0008, 0.0000, 0.0008, 0.0000, 0.0022, 0.0051,
        0.0008, 0.3114, 0.1356, 0.0308, 0.2133, 0.0095, 0.0000])
[2026-06-26 14:13:03,754][root][INFO] - Epoch: 32 | train acc: 0.7546, train loss: 4.77992102, valid acc: 0.6865, valid loss: 0.97380644, test acc: 0.6514, test loss: 1.08889132
[2026-06-26 14:13:04,063][root][INFO] - reg loss: 4.162811513806953, entropy loss: 0.036599080521063726, leaf dev: 0.11084457486867905
[2026-06-26 14:13:04,065][root][INFO] - Val leaf stats: tensor([1.6203e-03, 2.7005e-04, 5.4010e-02, 8.1015e-04, 3.9968e-02, 2.6924e-01,
        3.1380e-01, 2.6357e-01, 4.2398e-02, 6.2112e-03, 1.3503e-03, 1.3503e-03,
        2.1604e-03, 0.0000e+00, 1.6203e-03, 1.6203e-03])
[2026-06-26 14:13:04,451][root][INFO] - reg loss: 4.035491458705215, entropy loss: 0.03854147033368955, leaf dev: 0.1688523292541504
[2026-06-26 14:13:04,452][root][INFO] - Val leaf stats: tensor([0.0000e+00, 5.4010e-04, 1.3503e-03, 5.4010e-04, 2.7005e-04, 5.4010e-04,
        0.0000e+00, 5.6711e-03, 2.7005e-04, 5.4010e-04, 0.0000e+00, 2.7005e-04,
        5.3227e-01, 2.4305e-03, 4.5477e-01, 5.4010e-04])
[2026-06-26 14:13:05,492][root][INFO] - Epoch: 32 | train acc: 0.8846, train loss: 2.45462975, valid acc: 0.7664, valid loss: 0.83953500, test acc: 0.7516, test loss: 0.85553154
[2026-06-26 14:13:05,543][root][INFO] - reg loss: 4.099539975650975, entropy loss: 0.04222530938807081, leaf dev: 0.12130669504404068
[2026-06-26 14:13:05,550][root][INFO] - Val leaf stats: tensor([2.4305e-03, 2.1064e-02, 1.7418e-01, 5.4010e-04, 0.0000e+00, 2.7005e-03,
        4.2506e-01, 1.9984e-02, 5.4010e-04, 9.4518e-03, 1.8904e-03, 2.5628e-01,
        2.7005e-04, 4.0508e-03, 7.4264e-02, 7.2914e-03])
[2026-06-26 14:13:06,633][root][INFO] - reg loss: 4.126427298686544, entropy loss: 0.04810123536430421, leaf dev: 0.11780565232038498
[2026-06-26 14:13:06,634][root][INFO] - Val leaf stats: tensor([2.7329e-01, 2.1604e-03, 2.7248e-01, 2.7005e-04, 5.4010e-04, 1.0802e-03,
        5.4010e-04, 2.7005e-04, 0.0000e+00, 0.0000e+00, 3.2676e-02, 2.7005e-04,
        3.8617e-02, 3.4351e-01, 0.0000e+00, 3.4297e-02])
[2026-06-26 14:13:06,975][root][INFO] - reg loss: 4.189892893931905, entropy loss: 0.036386446813579464, leaf dev: 0.08224328607320786
[2026-06-26 14:13:06,976][root][INFO] - Val leaf stats: tensor([0.0003, 0.0000, 0.0238, 0.0000, 0.1907, 0.0435, 0.0778, 0.1866, 0.0108,
        0.0003, 0.0257, 0.0937, 0.0807, 0.0032, 0.2611, 0.0019])
[2026-06-26 14:13:08,070][root][INFO] - reg loss: 4.126213448946594, entropy loss: 0.03620548292872359, leaf dev: 0.11563052982091904
[2026-06-26 14:13:08,071][root][INFO] - Val leaf stats: tensor([0.0014, 0.0049, 0.4051, 0.0130, 0.0000, 0.0797, 0.2779, 0.0008, 0.0508,
        0.0014, 0.0076, 0.0000, 0.0000, 0.0899, 0.0670, 0.0008])
[2026-06-26 14:13:09,522][root][INFO] - reg loss: 4.07643482333324, entropy loss: 0.041122036757039244, leaf dev: 0.14881590008735657
[2026-06-26 14:13:09,524][root][INFO] - Val leaf stats: tensor([2.7005e-04, 8.1015e-04, 4.1048e-02, 4.5909e-03, 0.0000e+00, 1.8093e-02,
        2.7005e-04, 3.5107e-03, 8.3716e-03, 0.0000e+00, 5.4010e-04, 3.7807e-03,
        7.5614e-03, 4.4558e-01, 4.3964e-01, 2.5925e-02])
[2026-06-26 14:13:11,557][root][INFO] - reg loss: 4.222415705196193, entropy loss: 0.05038523796151896, leaf dev: 0.10830540955066681
[2026-06-26 14:13:11,559][root][INFO] - Val leaf stats: tensor([7.0213e-03, 0.0000e+00, 0.0000e+00, 1.1342e-02, 1.0802e-03, 7.0213e-03,
        8.1015e-04, 2.1604e-03, 4.2398e-02, 2.4305e-01, 2.7005e-04, 4.0508e-03,
        3.0678e-01, 4.6719e-02, 2.8085e-01, 4.6449e-02])
[2026-06-26 14:13:11,677][root][INFO] - Epoch: 31 | train acc: 0.7669, train loss: 17.15367783, valid acc: 0.7162, valid loss: 0.91941261, test acc: 0.6856, test loss: 0.96574451
[2026-06-26 14:13:12,270][root][INFO] - Epoch: 32 | train acc: 0.6686, train loss: 17.52358215, valid acc: 0.6225, valid loss: 1.18032906, test acc: 0.5999, test loss: 1.17701030
[2026-06-26 14:13:13,871][root][INFO] - Epoch: 32 | train acc: 0.7601, train loss: 2.74706212, valid acc: 0.7070, valid loss: 0.92094805, test acc: 0.6932, test loss: 0.96206393
[2026-06-26 14:13:18,232][root][INFO] - reg loss: 4.122759537618668, entropy loss: 0.033358393542346404, leaf dev: 0.08793240040540695
[2026-06-26 14:13:18,233][root][INFO] - Val leaf stats: tensor([0.0000, 0.0011, 0.1917, 0.0005, 0.0570, 0.2282, 0.1936, 0.0038, 0.0081,
        0.0014, 0.0559, 0.0014, 0.0473, 0.2085, 0.0008, 0.0008])
[2026-06-26 14:13:18,413][root][INFO] - reg loss: 4.14546076196139, entropy loss: 0.02947945905024888, leaf dev: 0.1009589359164238
[2026-06-26 14:13:18,415][root][INFO] - Val leaf stats: tensor([1.8904e-03, 5.4010e-04, 2.4089e-01, 4.0508e-03, 1.6203e-03, 1.0532e-01,
        3.3432e-01, 9.7489e-02, 0.0000e+00, 0.0000e+00, 0.0000e+00, 2.7005e-04,
        3.2406e-03, 1.4502e-01, 6.2652e-02, 2.7005e-03])
[2026-06-26 14:13:19,849][root][INFO] - reg loss: 4.11684784342031, entropy loss: 0.03648506959930795, leaf dev: 0.1333986073732376
[2026-06-26 14:13:19,850][root][INFO] - Val leaf stats: tensor([2.7005e-04, 2.7005e-04, 5.4010e-04, 4.0508e-03, 5.2444e-01, 7.3724e-02,
        1.0802e-03, 0.0000e+00, 1.0829e-01, 1.8904e-03, 9.7218e-03, 1.5717e-01,
        1.1126e-01, 5.4010e-04, 1.3503e-03, 5.4010e-03])
[2026-06-26 14:13:20,494][root][INFO] - Epoch: 31 | train acc: 0.8572, train loss: 4.51791107, valid acc: 0.7556, valid loss: 0.86970008, test acc: 0.7430, test loss: 0.86380037
[2026-06-26 14:13:26,734][root][INFO] - reg loss: 4.090563039310643, entropy loss: 0.038048971994001354, leaf dev: 0.12787529826164246
[2026-06-26 14:13:26,735][root][INFO] - Val leaf stats: tensor([2.7005e-04, 5.9411e-03, 1.3503e-03, 0.0000e+00, 2.1604e-03, 5.4010e-04,
        2.7005e-04, 0.0000e+00, 1.8904e-03, 3.7078e-01, 0.0000e+00, 1.5258e-01,
        3.7969e-01, 3.5107e-02, 3.8077e-02, 1.1342e-02])
[2026-06-26 14:13:38,386][root][INFO] - Epoch: 32 | train acc: 0.7631, train loss: 33.22720637, valid acc: 0.6930, valid loss: 0.91647452, test acc: 0.6905, test loss: 0.94677381
[2026-06-26 14:13:44,047][root][INFO] - Epoch: 33 | train acc: 0.8929, train loss: 8.46467930, valid acc: 0.7829, valid loss: 0.77273283, test acc: 0.7649, test loss: 0.81119938
[2026-06-26 14:13:44,081][root][INFO] - reg loss: 4.069655457481009, entropy loss: 0.03538949360124401, leaf dev: 0.11526870727539062
[2026-06-26 14:13:44,083][root][INFO] - Val leaf stats: tensor([0.0024, 0.0005, 0.3097, 0.0027, 0.0000, 0.0732, 0.3100, 0.0030, 0.0019,
        0.0005, 0.0000, 0.0000, 0.0392, 0.0011, 0.2506, 0.0051])
[2026-06-26 14:13:44,163][root][INFO] - Epoch: 33 | train acc: 0.8656, train loss: 16.70327893, valid acc: 0.7502, valid loss: 0.89319579, test acc: 0.7258, test loss: 0.92353351
[2026-06-26 14:13:45,016][root][INFO] - Epoch: 33 | train acc: 0.8994, train loss: 8.53918172, valid acc: 0.7823, valid loss: 0.81087198, test acc: 0.7641, test loss: 0.83213277
[2026-06-26 14:13:45,081][root][INFO] - Epoch: 32 | train acc: 0.8124, train loss: 4.67811423, valid acc: 0.7451, valid loss: 0.88105008, test acc: 0.7194, test loss: 0.90294538
[2026-06-26 14:13:45,749][root][INFO] - Epoch: 33 | train acc: 0.7984, train loss: 0.58920892, valid acc: 0.7113, valid loss: 0.94282096, test acc: 0.6944, test loss: 0.98602038
[2026-06-26 14:13:46,220][root][INFO] - Epoch: 32 | train acc: 0.6701, train loss: 5.09885909, valid acc: 0.6217, valid loss: 1.11682788, test acc: 0.6129, test loss: 1.15603153
[2026-06-26 14:13:47,233][root][INFO] - Epoch: 32 | train acc: 0.8613, train loss: 32.66941208, valid acc: 0.7694, valid loss: 0.83319455, test acc: 0.7386, test loss: 0.92416465
[2026-06-26 14:13:47,608][root][INFO] - Epoch: 32 | train acc: 0.8825, train loss: 2.41489471, valid acc: 0.7783, valid loss: 0.82456667, test acc: 0.7467, test loss: 0.88908342
[2026-06-26 14:13:48,329][root][INFO] - Epoch: 32 | train acc: 0.7698, train loss: 2.69667127, valid acc: 0.7062, valid loss: 0.90951823, test acc: 0.6971, test loss: 0.93661968
[2026-06-26 14:13:49,108][root][INFO] - reg loss: 4.071602110002861, entropy loss: 0.038527553259837824, leaf dev: 0.12199541926383972
[2026-06-26 14:13:49,110][root][INFO] - Val leaf stats: tensor([1.3503e-03, 8.6416e-03, 2.7005e-04, 0.0000e+00, 8.1015e-04, 8.1015e-04,
        6.4002e-02, 2.7005e-04, 2.8625e-02, 2.1604e-03, 1.0802e-03, 2.5763e-01,
        2.3602e-01, 3.9833e-01, 0.0000e+00, 0.0000e+00])
[2026-06-26 14:13:49,304][root][INFO] - reg loss: 4.076012142369004, entropy loss: 0.04404811310719271, leaf dev: 0.15369683504104614
[2026-06-26 14:13:49,305][root][INFO] - Val leaf stats: tensor([0.0000e+00, 4.7529e-02, 8.1015e-04, 2.7005e-04, 0.0000e+00, 1.0802e-03,
        0.0000e+00, 4.5909e-03, 0.0000e+00, 0.0000e+00, 2.7005e-04, 4.5909e-03,
        5.1634e-01, 3.8617e-02, 3.8266e-01, 3.2406e-03])
[2026-06-26 14:13:49,403][root][INFO] - Epoch: 32 | train acc: 0.7704, train loss: 0.66489444, valid acc: 0.6903, valid loss: 0.94363628, test acc: 0.6826, test loss: 0.97101085
[2026-06-26 14:13:50,269][root][INFO] - Epoch: 32 | train acc: 0.7348, train loss: 8.99483288, valid acc: 0.6867, valid loss: 0.98123010, test acc: 0.6598, test loss: 1.04890260
[2026-06-26 14:13:50,297][root][INFO] - reg loss: 4.115262101908199, entropy loss: 0.03638189353170942, leaf dev: 0.11264966428279877
[2026-06-26 14:13:50,299][root][INFO] - Val leaf stats: tensor([1.6203e-03, 2.7005e-04, 1.0802e-03, 1.8904e-03, 2.7005e-04, 5.5090e-02,
        0.0000e+00, 8.1015e-04, 2.7005e-04, 3.0516e-01, 2.4305e-03, 2.0767e-01,
        3.2190e-01, 1.0802e-03, 9.9649e-02, 8.1015e-04])
[2026-06-26 14:13:50,567][root][INFO] - reg loss: 4.133324693460933, entropy loss: 0.029459855717713715, leaf dev: 0.10550758242607117
[2026-06-26 14:13:50,568][root][INFO] - Val leaf stats: tensor([0.0651, 0.0030, 0.2231, 0.0008, 0.0000, 0.0011, 0.0000, 0.0022, 0.0054,
        0.0008, 0.3508, 0.1369, 0.0300, 0.1809, 0.0000, 0.0000])
[2026-06-26 14:13:50,875][root][INFO] - Epoch: 33 | train acc: 0.7595, train loss: 4.76536440, valid acc: 0.6919, valid loss: 0.95941743, test acc: 0.6662, test loss: 1.06357592
[2026-06-26 14:13:51,152][root][INFO] - reg loss: 4.1433558620390345, entropy loss: 0.03530191856085277, leaf dev: 0.09978698194026947
[2026-06-26 14:13:51,154][root][INFO] - Val leaf stats: tensor([0.0011, 0.0000, 0.0011, 0.0000, 0.0030, 0.1850, 0.0108, 0.0000, 0.2725,
        0.0130, 0.2606, 0.1799, 0.0000, 0.0235, 0.0478, 0.0019])
[2026-06-26 14:13:51,494][root][INFO] - reg loss: 4.140593302054484, entropy loss: 0.03480577511621303, leaf dev: 0.10514028370380402
[2026-06-26 14:13:51,495][root][INFO] - Val leaf stats: tensor([2.1604e-03, 2.7005e-04, 9.5058e-02, 8.1015e-04, 3.9968e-02, 2.7221e-01,
        2.9436e-01, 2.3386e-01, 4.6719e-02, 6.7513e-03, 1.3503e-03, 1.0802e-03,
        2.1604e-03, 0.0000e+00, 1.6203e-03, 1.6203e-03])
[2026-06-26 14:13:52,385][root][INFO] - Epoch: 33 | train acc: 0.8902, train loss: 2.44002905, valid acc: 0.7645, valid loss: 0.89675001, test acc: 0.7423, test loss: 0.88458111
[2026-06-26 14:13:52,653][root][INFO] - reg loss: 4.033243101151263, entropy loss: 0.03844234628266976, leaf dev: 0.16956713795661926
[2026-06-26 14:13:52,654][root][INFO] - Val leaf stats: tensor([0.0000e+00, 1.0802e-03, 1.3503e-03, 5.4010e-04, 2.7005e-04, 5.4010e-04,
        0.0000e+00, 5.6711e-03, 2.7005e-04, 5.4010e-04, 0.0000e+00, 2.7005e-04,
        5.5685e-01, 2.1604e-03, 4.2857e-01, 1.8904e-03])
[2026-06-26 14:13:53,145][root][INFO] - reg loss: 4.130983274491107, entropy loss: 0.04871403920601626, leaf dev: 0.11719927936792374
[2026-06-26 14:13:53,147][root][INFO] - Val leaf stats: tensor([2.6141e-01, 2.1604e-03, 2.8112e-01, 2.7005e-04, 5.4010e-04, 1.0802e-03,
        5.4010e-04, 0.0000e+00, 0.0000e+00, 0.0000e+00, 3.3216e-02, 2.7005e-04,
        4.0508e-02, 3.4216e-01, 0.0000e+00, 3.6727e-02])
[2026-06-26 14:13:53,683][root][INFO] - reg loss: 4.089663802600298, entropy loss: 0.04238160021725248, leaf dev: 0.12107662856578827
[2026-06-26 14:13:53,684][root][INFO] - Val leaf stats: tensor([2.9706e-03, 1.8904e-02, 1.7337e-01, 8.3716e-03, 0.0000e+00, 3.7807e-03,
        4.1750e-01, 9.7218e-03, 5.4010e-04, 6.7513e-03, 2.7005e-03, 2.6654e-01,
        2.7005e-04, 3.7807e-03, 7.9665e-02, 5.1310e-03])
[2026-06-26 14:13:54,848][root][INFO] - reg loss: 4.182397834590224, entropy loss: 0.0367195375996535, leaf dev: 0.08223068714141846
[2026-06-26 14:13:54,849][root][INFO] - Val leaf stats: tensor([0.0003, 0.0000, 0.0230, 0.0000, 0.1942, 0.0462, 0.0780, 0.1785, 0.0095,
        0.0003, 0.0375, 0.0791, 0.0816, 0.0035, 0.2668, 0.0016])
[2026-06-26 14:13:55,757][root][INFO] - reg loss: 4.120992574535433, entropy loss: 0.03527818211033696, leaf dev: 0.11684459447860718
[2026-06-26 14:13:55,758][root][INFO] - Val leaf stats: tensor([0.0005, 0.0089, 0.4010, 0.0149, 0.0000, 0.0753, 0.2944, 0.0014, 0.0356,
        0.0016, 0.0076, 0.0000, 0.0005, 0.0864, 0.0710, 0.0008])
[2026-06-26 14:13:55,923][root][INFO] - reg loss: 4.074624217924525, entropy loss: 0.03935777811241931, leaf dev: 0.14862827956676483
[2026-06-26 14:13:55,924][root][INFO] - Val leaf stats: tensor([5.4010e-04, 5.4010e-04, 4.6179e-02, 4.8609e-03, 0.0000e+00, 1.7013e-02,
        2.7005e-04, 4.3208e-03, 9.1817e-03, 0.0000e+00, 3.7807e-03, 5.4010e-04,
        6.2112e-03, 4.6827e-01, 4.1399e-01, 2.4305e-02])
[2026-06-26 14:13:58,124][root][INFO] - reg loss: 4.227060403980192, entropy loss: 0.05094134832014803, leaf dev: 0.10230281203985214
[2026-06-26 14:13:58,126][root][INFO] - Val leaf stats: tensor([6.7513e-03, 2.7005e-04, 1.0802e-03, 1.3503e-02, 1.0802e-03, 1.1882e-02,
        2.7005e-04, 4.5909e-03, 6.9403e-02, 2.3927e-01, 5.4010e-04, 4.3208e-03,
        2.8463e-01, 4.6989e-02, 2.6735e-01, 4.8069e-02])
[2026-06-26 14:13:59,312][root][INFO] - Epoch: 33 | train acc: 0.6803, train loss: 17.46983450, valid acc: 0.6176, valid loss: 1.18856701, test acc: 0.5960, test loss: 1.22712113
[2026-06-26 14:13:59,545][root][INFO] - Epoch: 33 | train acc: 0.7744, train loss: 2.70722723, valid acc: 0.7110, valid loss: 0.92847421, test acc: 0.6942, test loss: 0.95339470
[2026-06-26 14:14:00,194][root][INFO] - Epoch: 32 | train acc: 0.7749, train loss: 17.10239273, valid acc: 0.7164, valid loss: 0.91392722, test acc: 0.6843, test loss: 0.97544749
[2026-06-26 14:14:05,329][root][INFO] - reg loss: 4.141345102278913, entropy loss: 0.02929220095154692, leaf dev: 0.10315262526273727
[2026-06-26 14:14:05,330][root][INFO] - Val leaf stats: tensor([1.8904e-03, 5.4010e-04, 2.3684e-01, 4.0508e-03, 8.1015e-04, 7.2644e-02,
        3.4972e-01, 1.1099e-01, 0.0000e+00, 0.0000e+00, 0.0000e+00, 2.7005e-04,
        3.2406e-03, 1.4529e-01, 7.0483e-02, 3.2406e-03])
[2026-06-26 14:14:05,711][root][INFO] - reg loss: 4.113958530738706, entropy loss: 0.03622675943570059, leaf dev: 0.12427826225757599
[2026-06-26 14:14:05,713][root][INFO] - Val leaf stats: tensor([5.4010e-04, 2.7005e-04, 2.7005e-04, 4.8609e-03, 4.6233e-01, 6.0221e-02,
        0.0000e+00, 0.0000e+00, 1.8769e-01, 2.1604e-03, 1.7013e-02, 1.9039e-01,
        7.0753e-02, 5.4010e-04, 8.1015e-04, 2.1604e-03])
[2026-06-26 14:14:06,724][root][INFO] - reg loss: 4.114463126073118, entropy loss: 0.03257163656783885, leaf dev: 0.09080815315246582
[2026-06-26 14:14:06,726][root][INFO] - Val leaf stats: tensor([0.0000, 0.0014, 0.1726, 0.0005, 0.0459, 0.2476, 0.2171, 0.0043, 0.0070,
        0.0011, 0.0505, 0.0019, 0.0456, 0.2028, 0.0008, 0.0008])
[2026-06-26 14:14:08,171][root][INFO] - Epoch: 32 | train acc: 0.8648, train loss: 4.49313240, valid acc: 0.7516, valid loss: 0.85049403, test acc: 0.7455, test loss: 0.85486862
[2026-06-26 14:14:15,019][root][INFO] - reg loss: 4.09509530614634, entropy loss: 0.03833521530032158, leaf dev: 0.1265827864408493
[2026-06-26 14:14:15,021][root][INFO] - Val leaf stats: tensor([2.7005e-04, 7.0213e-03, 1.6203e-03, 0.0000e+00, 1.0802e-03, 1.0802e-03,
        5.4010e-04, 0.0000e+00, 1.8904e-03, 3.6511e-01, 2.7005e-04, 1.5987e-01,
        3.7564e-01, 3.5917e-02, 3.6997e-02, 1.2692e-02])
[2026-06-26 14:14:25,679][root][INFO] - Epoch: 33 | train acc: 0.7732, train loss: 33.20605750, valid acc: 0.6978, valid loss: 0.91924005, test acc: 0.6858, test loss: 0.96083777
[2026-06-26 14:14:30,853][root][INFO] - reg loss: 4.071514520488802, entropy loss: 0.031209157993558976, leaf dev: 0.1166038066148758
[2026-06-26 14:14:30,854][root][INFO] - Val leaf stats: tensor([2.7005e-03, 2.7005e-04, 3.1299e-01, 2.4305e-03, 0.0000e+00, 6.2922e-02,
        3.1407e-01, 2.7005e-03, 1.8904e-03, 5.4010e-04, 0.0000e+00, 0.0000e+00,
        3.9157e-02, 2.1604e-03, 2.5358e-01, 4.5909e-03])
[2026-06-26 14:14:30,874][root][INFO] - Epoch: 34 | train acc: 0.8658, train loss: 16.69542525, valid acc: 0.7543, valid loss: 0.91688237, test acc: 0.7216, test loss: 0.94637214
[2026-06-26 14:14:31,249][root][INFO] - Epoch: 34 | train acc: 0.8978, train loss: 8.45786840, valid acc: 0.7891, valid loss: 0.76143846, test acc: 0.7715, test loss: 0.79742768
[2026-06-26 14:14:32,386][root][INFO] - Epoch: 33 | train acc: 0.8243, train loss: 4.63145573, valid acc: 0.7416, valid loss: 0.87212745, test acc: 0.7209, test loss: 0.89854804
[2026-06-26 14:14:32,567][root][INFO] - Epoch: 34 | train acc: 0.8989, train loss: 8.53591874, valid acc: 0.7829, valid loss: 0.83165137, test acc: 0.7668, test loss: 0.82843715
[2026-06-26 14:14:33,276][root][INFO] - Epoch: 34 | train acc: 0.8014, train loss: 0.56936402, valid acc: 0.7202, valid loss: 0.91283813, test acc: 0.6961, test loss: 0.98849954
[2026-06-26 14:14:33,276][root][INFO] - Epoch: 33 | train acc: 0.6814, train loss: 5.05448459, valid acc: 0.6273, valid loss: 1.09464225, test acc: 0.6161, test loss: 1.12561014
[2026-06-26 14:14:34,471][root][INFO] - Epoch: 33 | train acc: 0.8804, train loss: 2.41629760, valid acc: 0.7675, valid loss: 0.85705929, test acc: 0.7565, test loss: 0.86559479
[2026-06-26 14:14:35,567][root][INFO] - Epoch: 33 | train acc: 0.8583, train loss: 32.70657649, valid acc: 0.7553, valid loss: 0.84231604, test acc: 0.7359, test loss: 0.92586363
[2026-06-26 14:14:35,961][root][INFO] - Epoch: 33 | train acc: 0.7778, train loss: 0.64061368, valid acc: 0.6994, valid loss: 0.92783819, test acc: 0.6919, test loss: 0.96133021
[2026-06-26 14:14:35,964][root][INFO] - Epoch: 33 | train acc: 0.7727, train loss: 2.70835402, valid acc: 0.6962, valid loss: 0.93282013, test acc: 0.6767, test loss: 0.97751638
[2026-06-26 14:14:36,232][root][INFO] - reg loss: 4.075254096359503, entropy loss: 0.043748213497341655, leaf dev: 0.15492206811904907
[2026-06-26 14:14:36,233][root][INFO] - Val leaf stats: tensor([0.0000e+00, 3.1326e-02, 5.4010e-04, 2.7005e-04, 0.0000e+00, 1.0802e-03,
        0.0000e+00, 3.5107e-03, 0.0000e+00, 0.0000e+00, 2.7005e-04, 5.6711e-03,
        5.2147e-01, 4.2398e-02, 3.8428e-01, 9.1817e-03])
[2026-06-26 14:14:36,516][root][INFO] - reg loss: 4.0770301740677635, entropy loss: 0.038510181742613434, leaf dev: 0.12125233560800552
[2026-06-26 14:14:36,517][root][INFO] - Val leaf stats: tensor([1.3503e-03, 7.5614e-03, 0.0000e+00, 0.0000e+00, 8.1015e-04, 1.0802e-03,
        8.6146e-02, 2.7005e-04, 1.8093e-02, 2.4305e-03, 1.3503e-03, 2.4980e-01,
        2.3224e-01, 3.9860e-01, 2.7005e-04, 0.0000e+00])
[2026-06-26 14:14:37,351][root][INFO] - Epoch: 34 | train acc: 0.7650, train loss: 4.75745296, valid acc: 0.6954, valid loss: 0.96863269, test acc: 0.6556, test loss: 1.06575074
[2026-06-26 14:14:37,428][root][INFO] - reg loss: 4.128197888858983, entropy loss: 0.029405866123613764, leaf dev: 0.10392099618911743
[2026-06-26 14:14:37,429][root][INFO] - Val leaf stats: tensor([6.6163e-02, 2.9706e-03, 2.2252e-01, 8.1015e-04, 0.0000e+00, 1.3503e-03,
        2.7005e-04, 2.1604e-03, 5.1310e-03, 8.1015e-04, 3.3864e-01, 1.3989e-01,
        3.1326e-02, 1.8796e-01, 0.0000e+00, 0.0000e+00])
[2026-06-26 14:14:37,698][root][INFO] - reg loss: 4.114913424507517, entropy loss: 0.036389914387073674, leaf dev: 0.1119515597820282
[2026-06-26 14:14:37,699][root][INFO] - Val leaf stats: tensor([0.0030, 0.0005, 0.0008, 0.0022, 0.0008, 0.0600, 0.0000, 0.0011, 0.0005,
        0.3084, 0.0024, 0.2179, 0.3097, 0.0005, 0.0913, 0.0008])
[2026-06-26 14:14:37,942][root][INFO] - Epoch: 33 | train acc: 0.7497, train loss: 8.95414581, valid acc: 0.6973, valid loss: 0.98041039, test acc: 0.6792, test loss: 0.99745452
[2026-06-26 14:14:38,676][root][INFO] - reg loss: 4.1407604764719474, entropy loss: 0.03512427406232865, leaf dev: 0.10210935026407242
[2026-06-26 14:14:38,677][root][INFO] - Val leaf stats: tensor([1.0802e-03, 0.0000e+00, 1.6203e-03, 0.0000e+00, 3.5107e-03, 1.4448e-01,
        7.5614e-03, 0.0000e+00, 2.4980e-01, 1.7283e-02, 3.1380e-01, 1.8336e-01,
        2.7005e-04, 2.5115e-02, 5.0230e-02, 1.8904e-03])
[2026-06-26 14:14:38,927][root][INFO] - reg loss: 4.14159215864588, entropy loss: 0.03460855330111551, leaf dev: 0.10452304035425186
[2026-06-26 14:14:38,929][root][INFO] - Val leaf stats: tensor([2.1604e-03, 2.7005e-04, 9.2358e-02, 5.4010e-04, 4.2128e-02, 2.7383e-01,
        2.8733e-01, 2.3656e-01, 4.9959e-02, 7.0213e-03, 1.3503e-03, 1.0802e-03,
        2.1604e-03, 0.0000e+00, 1.6203e-03, 1.6203e-03])
[2026-06-26 14:14:38,947][root][INFO] - Epoch: 34 | train acc: 0.8924, train loss: 2.44397370, valid acc: 0.7572, valid loss: 0.87171076, test acc: 0.7455, test loss: 0.91377904
[2026-06-26 14:14:39,396][root][INFO] - reg loss: 4.1282588067601935, entropy loss: 0.04609664511240897, leaf dev: 0.11788073927164078
[2026-06-26 14:14:39,398][root][INFO] - Val leaf stats: tensor([2.5601e-01, 2.4305e-03, 2.8409e-01, 2.7005e-04, 8.1015e-04, 2.7005e-04,
        0.0000e+00, 5.4010e-04, 0.0000e+00, 0.0000e+00, 3.2676e-02, 2.7005e-04,
        3.7807e-02, 3.4756e-01, 0.0000e+00, 3.7267e-02])
[2026-06-26 14:14:40,950][root][INFO] - reg loss: 4.03565058942701, entropy loss: 0.03863142754455082, leaf dev: 0.16816382110118866
[2026-06-26 14:14:40,951][root][INFO] - Val leaf stats: tensor([0.0000e+00, 8.1015e-04, 1.3503e-03, 1.0802e-03, 2.7005e-04, 5.4010e-04,
        0.0000e+00, 4.8609e-03, 5.4010e-04, 5.4010e-04, 0.0000e+00, 2.7005e-04,
        5.2120e-01, 2.7005e-03, 4.6368e-01, 2.1604e-03])
[2026-06-26 14:14:41,405][root][INFO] - reg loss: 4.094649127272309, entropy loss: 0.042716521891902705, leaf dev: 0.11722280085086823
[2026-06-26 14:14:41,406][root][INFO] - Val leaf stats: tensor([0.0016, 0.0162, 0.1723, 0.0014, 0.0000, 0.0095, 0.3413, 0.0038, 0.0043,
        0.0081, 0.0000, 0.3397, 0.0016, 0.0140, 0.0794, 0.0068])
[2026-06-26 14:14:41,615][root][INFO] - reg loss: 4.1887921583457075, entropy loss: 0.03737975986766034, leaf dev: 0.08259709924459457
[2026-06-26 14:14:41,616][root][INFO] - Val leaf stats: tensor([2.7005e-04, 0.0000e+00, 2.1334e-02, 0.0000e+00, 1.9525e-01, 4.6449e-02,
        8.0205e-02, 1.7337e-01, 1.3233e-02, 5.4010e-04, 3.6457e-02, 7.4804e-02,
        7.9935e-02, 4.0508e-03, 2.7221e-01, 1.8904e-03])
[2026-06-26 14:14:42,296][root][INFO] - reg loss: 4.076286902193163, entropy loss: 0.035975887943975264, leaf dev: 0.14709219336509705
[2026-06-26 14:14:42,298][root][INFO] - Val leaf stats: tensor([5.4010e-04, 5.4010e-04, 5.1040e-02, 5.1310e-03, 2.7005e-04, 1.8093e-02,
        0.0000e+00, 5.1310e-03, 9.1817e-03, 0.0000e+00, 5.4010e-04, 2.7005e-04,
        2.9706e-03, 4.2290e-01, 4.5180e-01, 3.1596e-02])
[2026-06-26 14:14:43,368][root][INFO] - reg loss: 4.120519450453461, entropy loss: 0.0347530872362559, leaf dev: 0.11401517689228058
[2026-06-26 14:14:43,369][root][INFO] - Val leaf stats: tensor([0.0000e+00, 8.1015e-03, 3.9590e-01, 1.4313e-02, 0.0000e+00, 9.1817e-02,
        2.7761e-01, 1.3503e-03, 3.2406e-02, 1.3503e-03, 9.7218e-03, 0.0000e+00,
        2.7005e-04, 8.4526e-02, 8.1826e-02, 8.1015e-04])
[2026-06-26 14:14:44,962][root][INFO] - reg loss: 4.225755582090284, entropy loss: 0.047935868567619166, leaf dev: 0.10197541862726212
[2026-06-26 14:14:44,964][root][INFO] - Val leaf stats: tensor([5.6711e-03, 0.0000e+00, 1.3503e-03, 8.9117e-03, 8.1015e-04, 9.4518e-03,
        2.7005e-04, 4.8609e-03, 6.3732e-02, 1.5393e-01, 2.4305e-03, 4.3208e-03,
        2.9733e-01, 9.4248e-02, 3.0084e-01, 5.1850e-02])
[2026-06-26 14:14:45,242][root][INFO] - Epoch: 34 | train acc: 0.6886, train loss: 17.44784868, valid acc: 0.6289, valid loss: 1.14646915, test acc: 0.6065, test loss: 1.17575161
[2026-06-26 14:14:48,121][root][INFO] - Epoch: 33 | train acc: 0.7815, train loss: 17.06513558, valid acc: 0.7213, valid loss: 0.91768527, test acc: 0.6946, test loss: 0.96074941
[2026-06-26 14:14:48,517][root][INFO] - Epoch: 34 | train acc: 0.7835, train loss: 2.67141441, valid acc: 0.7154, valid loss: 0.92065015, test acc: 0.6892, test loss: 0.96566147
[2026-06-26 14:14:51,264][root][INFO] - reg loss: 4.142103046667381, entropy loss: 0.029246447546804537, leaf dev: 0.09386619180440903
[2026-06-26 14:14:51,266][root][INFO] - Val leaf stats: tensor([1.6203e-03, 5.4010e-04, 2.1901e-01, 4.3208e-03, 5.4010e-04, 9.5058e-02,
        2.9139e-01, 1.0316e-01, 0.0000e+00, 0.0000e+00, 0.0000e+00, 2.7005e-04,
        3.7807e-03, 1.8201e-01, 9.4518e-02, 3.7807e-03])
[2026-06-26 14:14:54,559][root][INFO] - reg loss: 4.1103363818809635, entropy loss: 0.03445128910243511, leaf dev: 0.09152914583683014
[2026-06-26 14:14:54,561][root][INFO] - Val leaf stats: tensor([0.0000, 0.0016, 0.1647, 0.0005, 0.0427, 0.2387, 0.2390, 0.0059, 0.0062,
        0.0011, 0.0508, 0.0019, 0.0443, 0.2012, 0.0005, 0.0008])
[2026-06-26 14:14:55,026][root][INFO] - reg loss: 4.11061032091985, entropy loss: 0.03516489694841572, leaf dev: 0.12214548885822296
[2026-06-26 14:14:55,028][root][INFO] - Val leaf stats: tensor([5.4010e-04, 2.7005e-04, 4.5909e-03, 5.4010e-04, 4.4883e-01, 6.2382e-02,
        0.0000e+00, 0.0000e+00, 1.8715e-01, 1.6203e-03, 1.7553e-02, 2.0146e-01,
        7.0753e-02, 5.4010e-04, 8.1015e-04, 2.9706e-03])
[2026-06-26 14:14:57,523][root][INFO] - Epoch: 33 | train acc: 0.8664, train loss: 4.48350983, valid acc: 0.7597, valid loss: 0.85374144, test acc: 0.7479, test loss: 0.85129065
[2026-06-26 14:15:04,215][root][INFO] - reg loss: 4.093489592192603, entropy loss: 0.03831688613920915, leaf dev: 0.125330850481987
[2026-06-26 14:15:04,217][root][INFO] - Val leaf stats: tensor([8.1015e-04, 8.1015e-04, 4.0508e-03, 0.0000e+00, 8.1015e-04, 2.1604e-03,
        2.7005e-04, 5.4010e-04, 8.1015e-04, 3.5728e-01, 8.1015e-04, 1.7445e-01,
        3.7024e-01, 3.6457e-02, 3.8077e-02, 1.2422e-02])
[2026-06-26 14:15:12,900][root][INFO] - Epoch: 34 | train acc: 0.7809, train loss: 33.12928747, valid acc: 0.6943, valid loss: 0.89937472, test acc: 0.6981, test loss: 0.92690863
[2026-06-26 14:15:18,630][root][INFO] - Epoch: 35 | train acc: 0.8679, train loss: 16.69339808, valid acc: 0.7507, valid loss: 0.91595527, test acc: 0.7207, test loss: 0.93462530
[2026-06-26 14:15:18,842][root][INFO] - reg loss: 4.065084598103508, entropy loss: 0.030588275035385224, leaf dev: 0.11864261329174042
[2026-06-26 14:15:18,844][root][INFO] - Val leaf stats: tensor([2.7005e-03, 2.7005e-04, 3.1218e-01, 2.1604e-03, 0.0000e+00, 4.9689e-02,
        3.2784e-01, 2.7005e-03, 1.8904e-03, 5.4010e-04, 0.0000e+00, 0.0000e+00,
        3.8347e-02, 2.7005e-03, 2.5439e-01, 4.5909e-03])
[2026-06-26 14:15:19,097][root][INFO] - Epoch: 35 | train acc: 0.9011, train loss: 8.45799893, valid acc: 0.7899, valid loss: 0.76207577, test acc: 0.7676, test loss: 0.79529659
[2026-06-26 14:15:19,159][root][INFO] - Epoch: 35 | train acc: 0.9028, train loss: 8.52345873, valid acc: 0.7872, valid loss: 0.81603343, test acc: 0.7685, test loss: 0.82692803
[2026-06-26 14:15:19,857][root][INFO] - Epoch: 34 | train acc: 0.8301, train loss: 4.60919486, valid acc: 0.7475, valid loss: 0.88909140, test acc: 0.7283, test loss: 0.88934743
[2026-06-26 14:15:20,517][root][INFO] - Epoch: 35 | train acc: 0.8017, train loss: 0.58270065, valid acc: 0.7221, valid loss: 0.91904516, test acc: 0.6910, test loss: 0.99473132
[2026-06-26 14:15:20,844][root][INFO] - Epoch: 34 | train acc: 0.8842, train loss: 2.41421558, valid acc: 0.7532, valid loss: 0.90836786, test acc: 0.7374, test loss: 0.89027777
[2026-06-26 14:15:21,849][root][INFO] - Epoch: 34 | train acc: 0.6942, train loss: 5.01518174, valid acc: 0.6376, valid loss: 1.09680577, test acc: 0.6213, test loss: 1.13607520
[2026-06-26 14:15:22,802][root][INFO] - Epoch: 34 | train acc: 0.7744, train loss: 2.69775661, valid acc: 0.7046, valid loss: 0.93185655, test acc: 0.6843, test loss: 0.97506206
[2026-06-26 14:15:23,330][root][INFO] - Epoch: 34 | train acc: 0.8630, train loss: 32.67979075, valid acc: 0.7667, valid loss: 0.86607822, test acc: 0.7418, test loss: 0.92954203
[2026-06-26 14:15:23,501][root][INFO] - Epoch: 34 | train acc: 0.7827, train loss: 0.61828390, valid acc: 0.7078, valid loss: 0.92469189, test acc: 0.6883, test loss: 0.97813682
[2026-06-26 14:15:23,652][root][INFO] - Epoch: 35 | train acc: 0.7644, train loss: 4.74973918, valid acc: 0.6908, valid loss: 0.97850729, test acc: 0.6615, test loss: 1.05637349
[2026-06-26 14:15:23,953][root][INFO] - reg loss: 4.075467789759402, entropy loss: 0.04369806992958804, leaf dev: 0.1549517661333084
[2026-06-26 14:15:23,954][root][INFO] - Val leaf stats: tensor([0.0000e+00, 3.8077e-02, 5.4010e-04, 2.7005e-04, 0.0000e+00, 8.1015e-04,
        0.0000e+00, 3.5107e-03, 0.0000e+00, 0.0000e+00, 2.7005e-04, 5.1310e-03,
        5.2498e-01, 4.2128e-02, 3.7915e-01, 5.1310e-03])
[2026-06-26 14:15:24,264][root][INFO] - reg loss: 4.0794705797414315, entropy loss: 0.038236082027681535, leaf dev: 0.1202492043375969
[2026-06-26 14:15:24,266][root][INFO] - Val leaf stats: tensor([1.3503e-03, 8.9117e-03, 0.0000e+00, 0.0000e+00, 1.3503e-03, 8.1015e-04,
        8.9657e-02, 0.0000e+00, 1.7553e-02, 2.7005e-03, 3.7807e-03, 2.4548e-01,
        2.3089e-01, 3.9671e-01, 5.4010e-04, 2.7005e-04])
[2026-06-26 14:15:24,552][root][INFO] - reg loss: 4.115370414296135, entropy loss: 0.036327162971262074, leaf dev: 0.11321578174829483
[2026-06-26 14:15:24,553][root][INFO] - Val leaf stats: tensor([2.4305e-03, 2.7005e-04, 1.0802e-03, 1.0802e-03, 5.4010e-04, 5.5361e-02,
        0.0000e+00, 2.7005e-04, 5.4010e-04, 3.0705e-01, 1.3503e-03, 2.1523e-01,
        3.2001e-01, 1.0802e-03, 9.3168e-02, 5.4010e-04])
[2026-06-26 14:15:25,048][root][INFO] - Epoch: 34 | train acc: 0.7563, train loss: 8.93678274, valid acc: 0.6889, valid loss: 1.04670145, test acc: 0.6755, test loss: 1.01103805
[2026-06-26 14:15:25,158][root][INFO] - reg loss: 4.125865240566066, entropy loss: 0.029296183775438637, leaf dev: 0.10760189592838287
[2026-06-26 14:15:25,159][root][INFO] - Val leaf stats: tensor([0.0656, 0.0030, 0.2258, 0.0008, 0.0000, 0.0014, 0.0000, 0.0019, 0.0049,
        0.0008, 0.3678, 0.1318, 0.0313, 0.1650, 0.0000, 0.0000])
[2026-06-26 14:15:25,731][root][INFO] - reg loss: 4.145308361678827, entropy loss: 0.03558143710748094, leaf dev: 0.09713701903820038
[2026-06-26 14:15:25,733][root][INFO] - Val leaf stats: tensor([0.0011, 0.0000, 0.0011, 0.0000, 0.0046, 0.1491, 0.0092, 0.0000, 0.2698,
        0.0262, 0.2312, 0.2268, 0.0008, 0.0281, 0.0505, 0.0016])
[2026-06-26 14:15:26,295][root][INFO] - reg loss: 4.131266468861064, entropy loss: 0.04489728900008514, leaf dev: 0.10867543518543243
[2026-06-26 14:15:26,296][root][INFO] - Val leaf stats: tensor([2.4737e-01, 2.7005e-03, 2.8868e-01, 2.7005e-04, 1.3503e-03, 2.7005e-04,
        0.0000e+00, 5.4010e-04, 0.0000e+00, 0.0000e+00, 3.5377e-02, 5.4010e-04,
        7.5344e-02, 2.9166e-01, 0.0000e+00, 5.5901e-02])
[2026-06-26 14:15:26,497][root][INFO] - Epoch: 35 | train acc: 0.8725, train loss: 2.49719945, valid acc: 0.7548, valid loss: 0.87918209, test acc: 0.7297, test loss: 0.93453491
[2026-06-26 14:15:27,280][root][INFO] - reg loss: 4.138834069986812, entropy loss: 0.03447024557800567, leaf dev: 0.10415305942296982
[2026-06-26 14:15:27,281][root][INFO] - Val leaf stats: tensor([0.0014, 0.0005, 0.0915, 0.0005, 0.0435, 0.2725, 0.2873, 0.2352, 0.0524,
        0.0073, 0.0014, 0.0011, 0.0022, 0.0000, 0.0016, 0.0016])
[2026-06-26 14:15:28,178][root][INFO] - reg loss: 4.09711106097112, entropy loss: 0.04113452509045601, leaf dev: 0.11889611929655075
[2026-06-26 14:15:28,180][root][INFO] - Val leaf stats: tensor([0.0014, 0.0165, 0.1658, 0.0016, 0.0000, 0.0089, 0.3667, 0.0041, 0.0103,
        0.0008, 0.0011, 0.3249, 0.0008, 0.0089, 0.0799, 0.0084])
[2026-06-26 14:15:28,638][root][INFO] - reg loss: 4.03544783201374, entropy loss: 0.038815624034795604, leaf dev: 0.17002269625663757
[2026-06-26 14:15:28,640][root][INFO] - Val leaf stats: tensor([0.0000e+00, 1.3503e-03, 1.3503e-03, 2.7005e-04, 2.7005e-04, 1.8904e-03,
        0.0000e+00, 4.5909e-03, 5.4010e-04, 5.4010e-04, 0.0000e+00, 1.0802e-03,
        5.6765e-01, 2.1604e-03, 4.1696e-01, 1.3503e-03])
[2026-06-26 14:15:28,644][root][INFO] - reg loss: 4.191232579653381, entropy loss: 0.03784158215171001, leaf dev: 0.08457352966070175
[2026-06-26 14:15:28,645][root][INFO] - Val leaf stats: tensor([0.0000e+00, 0.0000e+00, 1.9714e-02, 2.7005e-04, 2.1091e-01, 3.5107e-02,
        7.5074e-02, 1.6689e-01, 1.4853e-02, 5.4010e-04, 3.3756e-02, 7.6425e-02,
        8.4256e-02, 3.5107e-03, 2.7545e-01, 3.2406e-03])
[2026-06-26 14:15:29,301][root][INFO] - reg loss: 4.076202752160245, entropy loss: 0.03556079918243846, leaf dev: 0.14604045450687408
[2026-06-26 14:15:29,303][root][INFO] - Val leaf stats: tensor([5.4010e-04, 5.4010e-04, 5.7791e-02, 5.6711e-03, 2.7005e-04, 1.6743e-02,
        0.0000e+00, 5.4010e-03, 9.4518e-03, 0.0000e+00, 5.4010e-04, 2.7005e-04,
        2.9706e-03, 4.1210e-01, 4.5585e-01, 3.1866e-02])
[2026-06-26 14:15:30,599][root][INFO] - reg loss: 4.1210722610598705, entropy loss: 0.03370876069806638, leaf dev: 0.11056086421012878
[2026-06-26 14:15:30,600][root][INFO] - Val leaf stats: tensor([0.0000, 0.0081, 0.3721, 0.0108, 0.0000, 0.0897, 0.2776, 0.0014, 0.0073,
        0.0008, 0.0105, 0.0011, 0.0000, 0.1245, 0.0780, 0.0181])
[2026-06-26 14:15:31,166][root][INFO] - Epoch: 35 | train acc: 0.7159, train loss: 17.45760014, valid acc: 0.6387, valid loss: 1.10914648, test acc: 0.6316, test loss: 1.13548733
[2026-06-26 14:15:32,139][root][INFO] - reg loss: 4.207878136243976, entropy loss: 0.046630920933895426, leaf dev: 0.09231831878423691
[2026-06-26 14:15:32,141][root][INFO] - Val leaf stats: tensor([0.0014, 0.0008, 0.0014, 0.0186, 0.0019, 0.0408, 0.0005, 0.0259, 0.0562,
        0.1577, 0.0024, 0.0041, 0.2898, 0.1250, 0.2430, 0.0305])
[2026-06-26 14:15:35,678][root][INFO] - Epoch: 35 | train acc: 0.7904, train loss: 2.65523854, valid acc: 0.7216, valid loss: 0.89831343, test acc: 0.7013, test loss: 0.92787707
[2026-06-26 14:15:37,033][root][INFO] - Epoch: 34 | train acc: 0.7857, train loss: 17.06151765, valid acc: 0.7132, valid loss: 0.93084828, test acc: 0.6937, test loss: 0.96500731
[2026-06-26 14:15:37,134][root][INFO] - reg loss: 4.162114424783676, entropy loss: 0.03064526675543824, leaf dev: 0.0853346735239029
[2026-06-26 14:15:37,135][root][INFO] - Val leaf stats: tensor([0.0008, 0.0005, 0.1750, 0.0316, 0.0003, 0.1080, 0.2279, 0.0780, 0.0000,
        0.0000, 0.0000, 0.0003, 0.0046, 0.2179, 0.1512, 0.0038])
[2026-06-26 14:15:41,784][root][INFO] - reg loss: 4.112739719328333, entropy loss: 0.0336019864886022, leaf dev: 0.11925016343593597
[2026-06-26 14:15:41,785][root][INFO] - Val leaf stats: tensor([5.4010e-04, 2.7005e-04, 4.8609e-03, 8.1015e-04, 4.3181e-01, 5.9141e-02,
        0.0000e+00, 0.0000e+00, 1.9282e-01, 1.0802e-03, 1.8634e-02, 2.0416e-01,
        8.1285e-02, 1.0802e-03, 5.4010e-04, 2.9706e-03])
[2026-06-26 14:15:43,511][root][INFO] - reg loss: 4.11325451585113, entropy loss: 0.03578033927278441, leaf dev: 0.08963561058044434
[2026-06-26 14:15:43,512][root][INFO] - Val leaf stats: tensor([0.0000, 0.0016, 0.1610, 0.0005, 0.0586, 0.2228, 0.2439, 0.0062, 0.0070,
        0.0011, 0.0502, 0.0019, 0.0437, 0.2001, 0.0005, 0.0008])
[2026-06-26 14:15:44,937][root][INFO] - Epoch: 34 | train acc: 0.8744, train loss: 4.45499370, valid acc: 0.7602, valid loss: 0.87867202, test acc: 0.7553, test loss: 0.84790551
[2026-06-26 14:15:51,479][root][INFO] - reg loss: 4.088184583382528, entropy loss: 0.0383975696978999, leaf dev: 0.1251203715801239
[2026-06-26 14:15:51,481][root][INFO] - Val leaf stats: tensor([5.4010e-04, 3.2406e-03, 1.6203e-03, 0.0000e+00, 1.8904e-03, 1.3503e-03,
        2.7005e-04, 2.7005e-04, 1.3503e-03, 3.5647e-01, 1.3503e-03, 1.7769e-01,
        3.6862e-01, 3.7537e-02, 3.4567e-02, 1.3233e-02])
[2026-06-26 14:16:01,189][root][INFO] - Epoch: 35 | train acc: 0.7796, train loss: 33.12051579, valid acc: 0.7024, valid loss: 0.92881312, test acc: 0.6907, test loss: 0.93808022
[2026-06-26 14:16:05,447][root][INFO] - Epoch: 36 | train acc: 0.8719, train loss: 16.66754069, valid acc: 0.7578, valid loss: 0.91524114, test acc: 0.7307, test loss: 0.92908585
[2026-06-26 14:16:06,630][root][INFO] - Epoch: 35 | train acc: 0.8403, train loss: 4.58577882, valid acc: 0.7534, valid loss: 0.87333647, test acc: 0.7273, test loss: 0.88609331
[2026-06-26 14:16:06,726][root][INFO] - Epoch: 36 | train acc: 0.9030, train loss: 8.43801942, valid acc: 0.7813, valid loss: 0.79496900, test acc: 0.7700, test loss: 0.81020761
[2026-06-26 14:16:06,730][root][INFO] - Epoch: 36 | train acc: 0.9011, train loss: 8.53361863, valid acc: 0.7829, valid loss: 0.83653757, test acc: 0.7602, test loss: 0.86063847
[2026-06-26 14:16:06,842][root][INFO] - reg loss: 4.063931074298796, entropy loss: 0.03056194837831083, leaf dev: 0.11809802055358887
[2026-06-26 14:16:06,843][root][INFO] - Val leaf stats: tensor([2.7005e-03, 2.7005e-04, 3.2001e-01, 2.1604e-03, 0.0000e+00, 5.2120e-02,
        3.1677e-01, 2.9706e-03, 1.6203e-03, 2.7005e-04, 2.7005e-04, 0.0000e+00,
        3.8347e-02, 4.0508e-03, 2.5439e-01, 4.0508e-03])
[2026-06-26 14:16:07,317][root][INFO] - Epoch: 35 | train acc: 0.8816, train loss: 2.41821528, valid acc: 0.7740, valid loss: 0.87159339, test acc: 0.7482, test loss: 0.87846811
[2026-06-26 14:16:07,945][root][INFO] - Epoch: 36 | train acc: 0.8027, train loss: 0.57890203, valid acc: 0.7186, valid loss: 0.92211438, test acc: 0.7027, test loss: 0.96378636
[2026-06-26 14:16:09,019][root][INFO] - Epoch: 35 | train acc: 0.7007, train loss: 4.99851301, valid acc: 0.6341, valid loss: 1.05635964, test acc: 0.6252, test loss: 1.11253522
[2026-06-26 14:16:09,051][root][INFO] - Epoch: 35 | train acc: 0.7820, train loss: 2.66493003, valid acc: 0.7119, valid loss: 0.91836619, test acc: 0.6885, test loss: 0.96844041
[2026-06-26 14:16:10,277][root][INFO] - Epoch: 36 | train acc: 0.7677, train loss: 4.73909419, valid acc: 0.6948, valid loss: 0.97829983, test acc: 0.6603, test loss: 1.05932370
[2026-06-26 14:16:10,481][root][INFO] - Epoch: 35 | train acc: 0.8550, train loss: 32.74474441, valid acc: 0.7586, valid loss: 0.87190720, test acc: 0.7356, test loss: 0.92750379
[2026-06-26 14:16:10,826][root][INFO] - reg loss: 4.073330355472252, entropy loss: 0.04271205881091415, leaf dev: 0.15282884240150452
[2026-06-26 14:16:10,827][root][INFO] - Val leaf stats: tensor([2.7005e-04, 4.3478e-02, 8.1015e-04, 2.7005e-04, 0.0000e+00, 8.1015e-04,
        0.0000e+00, 3.7807e-03, 0.0000e+00, 0.0000e+00, 2.7005e-04, 5.1310e-03,
        5.1472e-01, 4.6989e-02, 3.7915e-01, 4.3208e-03])
[2026-06-26 14:16:11,888][root][INFO] - reg loss: 4.114593318251313, entropy loss: 0.035983622440549194, leaf dev: 0.11783552914857864
[2026-06-26 14:16:11,889][root][INFO] - Val leaf stats: tensor([1.8904e-03, 0.0000e+00, 1.0802e-03, 1.0802e-03, 2.7005e-04, 5.5901e-02,
        0.0000e+00, 2.7005e-04, 5.4010e-04, 3.1110e-01, 1.0802e-03, 2.6276e-01,
        3.1569e-01, 1.6203e-03, 4.6449e-02, 2.7005e-04])
[2026-06-26 14:16:12,045][root][INFO] - Epoch: 35 | train acc: 0.7768, train loss: 0.64338184, valid acc: 0.6940, valid loss: 0.96504673, test acc: 0.6858, test loss: 0.99129847
[2026-06-26 14:16:12,316][root][INFO] - reg loss: 4.12659906168453, entropy loss: 0.028794292940712365, leaf dev: 0.10309859365224838
[2026-06-26 14:16:12,318][root][INFO] - Val leaf stats: tensor([0.0672, 0.0030, 0.2260, 0.0008, 0.0000, 0.0016, 0.0000, 0.0019, 0.0051,
        0.0008, 0.3316, 0.1812, 0.0305, 0.1501, 0.0000, 0.0000])
[2026-06-26 14:16:12,320][root][INFO] - reg loss: 4.074944113121658, entropy loss: 0.037797318069172685, leaf dev: 0.12321787327528
[2026-06-26 14:16:12,321][root][INFO] - Val leaf stats: tensor([1.3503e-03, 3.2406e-03, 2.7005e-04, 0.0000e+00, 5.4010e-04, 8.1015e-04,
        6.0221e-02, 2.7005e-04, 2.9166e-02, 2.7005e-03, 3.5107e-03, 2.6951e-01,
        2.2576e-01, 4.0265e-01, 0.0000e+00, 0.0000e+00])
[2026-06-26 14:16:12,698][root][INFO] - reg loss: 4.130526714637631, entropy loss: 0.04435112333444298, leaf dev: 0.11492854356765747
[2026-06-26 14:16:12,699][root][INFO] - Val leaf stats: tensor([2.4737e-01, 2.4305e-03, 2.8841e-01, 0.0000e+00, 2.1604e-03, 2.7005e-04,
        0.0000e+00, 5.4010e-04, 0.0000e+00, 0.0000e+00, 3.5917e-02, 5.4010e-04,
        3.8077e-02, 3.3297e-01, 0.0000e+00, 5.1310e-02])
[2026-06-26 14:16:12,712][root][INFO] - Epoch: 35 | train acc: 0.7512, train loss: 8.96106068, valid acc: 0.6389, valid loss: 1.15430264, test acc: 0.6330, test loss: 1.11418677
[2026-06-26 14:16:12,811][root][INFO] - Epoch: 36 | train acc: 0.8608, train loss: 2.52307797, valid acc: 0.7632, valid loss: 0.85934778, test acc: 0.7351, test loss: 0.90241623
[2026-06-26 14:16:13,472][root][INFO] - reg loss: 4.147559423915675, entropy loss: 0.03390372086499558, leaf dev: 0.09192545711994171
[2026-06-26 14:16:13,473][root][INFO] - Val leaf stats: tensor([0.0011, 0.0000, 0.0014, 0.0000, 0.0062, 0.1988, 0.0100, 0.0000, 0.2482,
        0.0486, 0.2179, 0.1863, 0.0011, 0.0284, 0.0513, 0.0008])
[2026-06-26 14:16:14,424][root][INFO] - reg loss: 4.085060416675005, entropy loss: 0.036555568947166696, leaf dev: 0.120425283908844
[2026-06-26 14:16:14,425][root][INFO] - Val leaf stats: tensor([0.0014, 0.0162, 0.1742, 0.0014, 0.0000, 0.0081, 0.3697, 0.0049, 0.0095,
        0.0000, 0.0016, 0.3265, 0.0005, 0.0062, 0.0770, 0.0030])
[2026-06-26 14:16:14,668][root][INFO] - reg loss: 4.140720195457583, entropy loss: 0.03469667638667294, leaf dev: 0.10431929677724838
[2026-06-26 14:16:14,669][root][INFO] - Val leaf stats: tensor([1.6203e-03, 5.4010e-04, 8.2906e-02, 2.7005e-04, 4.2668e-02, 2.6951e-01,
        2.8868e-01, 2.3981e-01, 5.9141e-02, 6.7513e-03, 1.0802e-03, 1.3503e-03,
        2.9706e-03, 0.0000e+00, 1.6203e-03, 1.0802e-03])
[2026-06-26 14:16:14,708][root][INFO] - reg loss: 4.037370994442799, entropy loss: 0.0385683040272017, leaf dev: 0.16909220814704895
[2026-06-26 14:16:14,709][root][INFO] - Val leaf stats: tensor([0.0000e+00, 1.0802e-03, 1.3503e-03, 2.7005e-04, 2.7005e-04, 1.6203e-03,
        0.0000e+00, 4.8609e-03, 5.4010e-04, 8.1015e-04, 2.7005e-04, 0.0000e+00,
        5.6522e-01, 2.9706e-03, 4.1453e-01, 6.2112e-03])
[2026-06-26 14:16:14,806][root][INFO] - reg loss: 4.075628366626677, entropy loss: 0.03546057971285992, leaf dev: 0.1491003781557083
[2026-06-26 14:16:14,807][root][INFO] - Val leaf stats: tensor([8.1015e-04, 2.7005e-04, 3.9157e-02, 3.2406e-03, 0.0000e+00, 1.8093e-02,
        0.0000e+00, 4.8609e-03, 1.1612e-02, 0.0000e+00, 1.0802e-03, 0.0000e+00,
        5.1310e-03, 4.4802e-01, 4.3856e-01, 2.9166e-02])
[2026-06-26 14:16:17,627][root][INFO] - reg loss: 4.1875410079956055, entropy loss: 0.03822025265850005, leaf dev: 0.09080959856510162
[2026-06-26 14:16:17,628][root][INFO] - Val leaf stats: tensor([0.0000e+00, 0.0000e+00, 2.1334e-02, 2.7005e-04, 2.1010e-01, 3.4026e-02,
        1.8634e-02, 2.2387e-01, 1.4853e-02, 5.4010e-04, 3.1326e-02, 7.7235e-02,
        8.7497e-02, 3.5107e-03, 2.7410e-01, 2.7005e-03])
[2026-06-26 14:16:18,300][root][INFO] - reg loss: 4.200338152588391, entropy loss: 0.043453539981216684, leaf dev: 0.09472518414258957
[2026-06-26 14:16:18,301][root][INFO] - Val leaf stats: tensor([0.0014, 0.0016, 0.0057, 0.0243, 0.0014, 0.0405, 0.0000, 0.0016, 0.0554,
        0.1742, 0.0027, 0.0041, 0.2944, 0.1245, 0.2420, 0.0265])
[2026-06-26 14:16:18,404][root][INFO] - reg loss: 4.123558278943672, entropy loss: 0.030607212884504287, leaf dev: 0.10517370700836182
[2026-06-26 14:16:18,406][root][INFO] - Val leaf stats: tensor([0.0000, 0.0084, 0.3589, 0.0081, 0.0000, 0.2439, 0.1202, 0.0014, 0.0095,
        0.0011, 0.0124, 0.0000, 0.0000, 0.1331, 0.0853, 0.0178])
[2026-06-26 14:16:19,216][root][INFO] - Epoch: 36 | train acc: 0.7237, train loss: 17.45469146, valid acc: 0.6665, valid loss: 1.06926376, test acc: 0.6242, test loss: 1.13964041
[2026-06-26 14:16:23,006][root][INFO] - Epoch: 36 | train acc: 0.7989, train loss: 2.62136962, valid acc: 0.7191, valid loss: 0.90676144, test acc: 0.7000, test loss: 0.93467493
[2026-06-26 14:16:25,329][root][INFO] - reg loss: 4.168853415817511, entropy loss: 0.030889393609078206, leaf dev: 0.08682889491319656
[2026-06-26 14:16:25,330][root][INFO] - Val leaf stats: tensor([0.0005, 0.0005, 0.1796, 0.0230, 0.0003, 0.1005, 0.2171, 0.0772, 0.0000,
        0.0000, 0.0000, 0.0003, 0.0030, 0.2277, 0.1666, 0.0038])
[2026-06-26 14:16:25,414][root][INFO] - Epoch: 35 | train acc: 0.7886, train loss: 17.04272020, valid acc: 0.7156, valid loss: 0.92908544, test acc: 0.6890, test loss: 0.99830565
[2026-06-26 14:16:29,557][root][INFO] - reg loss: 4.11567816968824, entropy loss: 0.03385994073431023, leaf dev: 0.1175817996263504
[2026-06-26 14:16:29,558][root][INFO] - Val leaf stats: tensor([0.0005, 0.0005, 0.0046, 0.0005, 0.4299, 0.0794, 0.0000, 0.0000, 0.1809,
        0.0014, 0.0181, 0.1971, 0.0824, 0.0011, 0.0005, 0.0030])
[2026-06-26 14:16:31,653][root][INFO] - reg loss: 4.110727998076892, entropy loss: 0.0348477625883505, leaf dev: 0.09349450469017029
[2026-06-26 14:16:31,654][root][INFO] - Val leaf stats: tensor([0.0000e+00, 1.3503e-03, 1.2098e-01, 2.7005e-04, 5.2390e-02, 2.3927e-01,
        2.7302e-01, 8.6416e-03, 6.7513e-03, 1.0802e-03, 5.1310e-02, 1.8904e-03,
        4.1858e-02, 1.9984e-01, 5.4010e-04, 8.1015e-04])
[2026-06-26 14:16:33,289][root][INFO] - Epoch: 35 | train acc: 0.8785, train loss: 4.45263790, valid acc: 0.7602, valid loss: 0.86933310, test acc: 0.7572, test loss: 0.84199064
[2026-06-26 14:16:39,571][root][INFO] - reg loss: 4.088970950392426, entropy loss: 0.03847686915856893, leaf dev: 0.12538455426692963
[2026-06-26 14:16:39,573][root][INFO] - Val leaf stats: tensor([2.7005e-04, 3.5107e-03, 1.6203e-03, 0.0000e+00, 2.1604e-03, 1.3503e-03,
        2.7005e-04, 2.7005e-04, 1.0802e-03, 3.7726e-01, 4.0508e-03, 1.8553e-01,
        3.4540e-01, 3.6187e-02, 2.7005e-02, 1.4043e-02])
[2026-06-26 14:16:48,477][root][INFO] - Epoch: 36 | train acc: 0.7811, train loss: 33.08235031, valid acc: 0.6984, valid loss: 0.92018961, test acc: 0.6883, test loss: 0.95765309
[2026-06-26 14:16:52,920][root][INFO] - Epoch: 37 | train acc: 0.8720, train loss: 16.66759260, valid acc: 0.7448, valid loss: 0.93898870, test acc: 0.7194, test loss: 0.98658453
[2026-06-26 14:16:53,448][root][INFO] - Epoch: 37 | train acc: 0.9045, train loss: 8.42416862, valid acc: 0.7885, valid loss: 0.77255261, test acc: 0.7776, test loss: 0.80664593
[2026-06-26 14:16:53,661][root][INFO] - Epoch: 36 | train acc: 0.8475, train loss: 4.57375615, valid acc: 0.7586, valid loss: 0.88000770, test acc: 0.7339, test loss: 0.86998699
[2026-06-26 14:16:53,901][root][INFO] - Epoch: 37 | train acc: 0.9024, train loss: 8.51123097, valid acc: 0.7815, valid loss: 0.85095428, test acc: 0.7673, test loss: 0.85191228
[2026-06-26 14:16:53,921][root][INFO] - reg loss: 4.058790761916364, entropy loss: 0.0300899792584728, leaf dev: 0.1229589581489563
[2026-06-26 14:16:53,923][root][INFO] - Val leaf stats: tensor([3.2406e-03, 2.7005e-04, 3.1920e-01, 1.8904e-03, 0.0000e+00, 2.2414e-02,
        3.4675e-01, 3.2406e-03, 1.6203e-03, 5.4010e-04, 0.0000e+00, 0.0000e+00,
        4.0238e-02, 8.1015e-04, 2.5493e-01, 4.8609e-03])
[2026-06-26 14:16:55,524][root][INFO] - Epoch: 37 | train acc: 0.8035, train loss: 0.58061890, valid acc: 0.7202, valid loss: 0.94785663, test acc: 0.7059, test loss: 0.98055279
[2026-06-26 14:16:56,145][root][INFO] - Epoch: 36 | train acc: 0.8838, train loss: 2.40539377, valid acc: 0.7686, valid loss: 0.90735137, test acc: 0.7496, test loss: 0.89533174
[2026-06-26 14:16:56,598][root][INFO] - Epoch: 36 | train acc: 0.7889, train loss: 2.64415367, valid acc: 0.7048, valid loss: 0.91019715, test acc: 0.6910, test loss: 0.96535055
[2026-06-26 14:16:56,601][root][INFO] - Epoch: 36 | train acc: 0.7098, train loss: 4.97475982, valid acc: 0.6503, valid loss: 1.06640811, test acc: 0.6311, test loss: 1.11535877
[2026-06-26 14:16:56,817][root][INFO] - Epoch: 36 | train acc: 0.8607, train loss: 32.68950859, valid acc: 0.7602, valid loss: 0.84950212, test acc: 0.7428, test loss: 0.91195440
[2026-06-26 14:16:57,005][root][INFO] - Epoch: 37 | train acc: 0.7738, train loss: 4.71997969, valid acc: 0.6959, valid loss: 0.98429021, test acc: 0.6618, test loss: 1.04893909
[2026-06-26 14:16:58,396][root][INFO] - reg loss: 4.07339328234313, entropy loss: 0.04273800124398998, leaf dev: 0.15295279026031494
[2026-06-26 14:16:58,398][root][INFO] - Val leaf stats: tensor([2.7005e-04, 4.5369e-02, 8.1015e-04, 2.7005e-04, 0.0000e+00, 8.1015e-04,
        0.0000e+00, 3.7807e-03, 0.0000e+00, 0.0000e+00, 2.1604e-03, 0.0000e+00,
        5.1553e-01, 4.9149e-02, 3.7834e-01, 3.5107e-03])
[2026-06-26 14:16:58,960][root][INFO] - reg loss: 4.131968326255923, entropy loss: 0.028948319129279403, leaf dev: 0.10543401539325714
[2026-06-26 14:16:58,962][root][INFO] - Val leaf stats: tensor([0.0672, 0.0030, 0.2274, 0.0008, 0.0000, 0.0016, 0.0000, 0.0019, 0.0051,
        0.0008, 0.3519, 0.1696, 0.0313, 0.1393, 0.0000, 0.0000])
[2026-06-26 14:16:58,984][root][INFO] - reg loss: 4.109276521401327, entropy loss: 0.03578293567798177, leaf dev: 0.11612243205308914
[2026-06-26 14:16:58,986][root][INFO] - Val leaf stats: tensor([1.6203e-03, 0.0000e+00, 1.0802e-03, 1.0802e-03, 2.7005e-04, 5.1040e-02,
        0.0000e+00, 8.1015e-04, 8.1015e-04, 3.0759e-01, 1.0802e-03, 2.3251e-01,
        3.2946e-01, 2.1604e-03, 7.0213e-02, 2.7005e-04])
[2026-06-26 14:16:59,048][root][INFO] - reg loss: 4.071806321378614, entropy loss: 0.037911865432731444, leaf dev: 0.1237352192401886
[2026-06-26 14:16:59,050][root][INFO] - Val leaf stats: tensor([1.3503e-03, 4.3208e-03, 2.7005e-04, 0.0000e+00, 5.4010e-04, 8.1015e-04,
        6.7513e-02, 0.0000e+00, 2.4305e-02, 2.7005e-03, 1.8904e-03, 2.6384e-01,
        2.2306e-01, 4.0940e-01, 0.0000e+00, 0.0000e+00])
[2026-06-26 14:16:59,307][root][INFO] - Epoch: 36 | train acc: 0.7678, train loss: 0.65490190, valid acc: 0.6957, valid loss: 0.96186721, test acc: 0.6843, test loss: 1.00049166
[2026-06-26 14:16:59,453][root][INFO] - Epoch: 36 | train acc: 0.7335, train loss: 9.04443388, valid acc: 0.6862, valid loss: 1.00901945, test acc: 0.6733, test loss: 1.02437030
[2026-06-26 14:17:00,518][root][INFO] - reg loss: 4.154581296639364, entropy loss: 0.03435315765806886, leaf dev: 0.09309970587491989
[2026-06-26 14:17:00,519][root][INFO] - Val leaf stats: tensor([0.0011, 0.0000, 0.0011, 0.0000, 0.0078, 0.2592, 0.0138, 0.0000, 0.2287,
        0.0300, 0.2093, 0.1520, 0.0008, 0.0335, 0.0616, 0.0011])
[2026-06-26 14:17:01,165][root][INFO] - Epoch: 37 | train acc: 0.8734, train loss: 2.47556065, valid acc: 0.7613, valid loss: 0.90676093, test acc: 0.7396, test loss: 0.91902634
[2026-06-26 14:17:01,530][root][INFO] - reg loss: 4.12205668746448, entropy loss: 0.04376921161520676, leaf dev: 0.11923903226852417
[2026-06-26 14:17:01,531][root][INFO] - Val leaf stats: tensor([2.4359e-01, 2.4305e-03, 2.9463e-01, 0.0000e+00, 2.1604e-03, 2.7005e-04,
        0.0000e+00, 5.4010e-04, 0.0000e+00, 0.0000e+00, 3.6187e-02, 5.4010e-04,
        3.9968e-02, 3.5512e-01, 0.0000e+00, 2.4575e-02])
[2026-06-26 14:17:01,639][root][INFO] - reg loss: 4.035627130602227, entropy loss: 0.038358494700467, leaf dev: 0.16785916686058044
[2026-06-26 14:17:01,640][root][INFO] - Val leaf stats: tensor([0.0000e+00, 1.0802e-03, 1.3503e-03, 2.7005e-04, 2.7005e-04, 1.6203e-03,
        0.0000e+00, 5.4010e-03, 2.7005e-04, 8.1015e-04, 2.7005e-04, 0.0000e+00,
        5.3551e-01, 2.1604e-03, 4.4531e-01, 5.6711e-03])
[2026-06-26 14:17:01,832][root][INFO] - reg loss: 4.143733415447298, entropy loss: 0.034864126109197494, leaf dev: 0.1005854681134224
[2026-06-26 14:17:01,834][root][INFO] - Val leaf stats: tensor([1.6203e-03, 8.1015e-04, 9.0197e-02, 2.7005e-04, 4.3478e-02, 2.6141e-01,
        2.7545e-01, 2.3170e-01, 7.9125e-02, 7.8315e-03, 1.6203e-03, 8.1015e-04,
        2.4305e-03, 0.0000e+00, 1.6203e-03, 1.6203e-03])
[2026-06-26 14:17:01,956][root][INFO] - reg loss: 4.081019792400423, entropy loss: 0.035697193175065714, leaf dev: 0.11698922514915466
[2026-06-26 14:17:01,957][root][INFO] - Val leaf stats: tensor([1.3503e-03, 1.8363e-02, 1.5987e-01, 3.2676e-02, 0.0000e+00, 5.4010e-03,
        3.8617e-01, 6.7513e-03, 2.9706e-03, 0.0000e+00, 2.9706e-03, 2.9139e-01,
        2.7005e-04, 4.8609e-03, 8.1555e-02, 5.4010e-03])
[2026-06-26 14:17:02,093][root][INFO] - reg loss: 4.069082127242792, entropy loss: 0.03410884823466911, leaf dev: 0.145631343126297
[2026-06-26 14:17:02,094][root][INFO] - Val leaf stats: tensor([1.0802e-03, 2.7005e-04, 6.4542e-02, 4.0508e-03, 8.1015e-04, 2.7005e-02,
        0.0000e+00, 5.4010e-04, 8.3716e-03, 0.0000e+00, 5.4010e-04, 0.0000e+00,
        0.0000e+00, 4.4072e-01, 4.2506e-01, 2.7005e-02])
[2026-06-26 14:17:04,617][root][INFO] - reg loss: 4.1731417843552885, entropy loss: 0.03413186231475385, leaf dev: 0.08847473561763763
[2026-06-26 14:17:04,618][root][INFO] - Val leaf stats: tensor([0.0000, 0.0000, 0.0267, 0.0003, 0.2187, 0.0497, 0.0246, 0.2244, 0.0019,
        0.0003, 0.0292, 0.0826, 0.0853, 0.0032, 0.2509, 0.0022])
[2026-06-26 14:17:05,158][root][INFO] - reg loss: 4.13783830111144, entropy loss: 0.032980900288361016, leaf dev: 0.10775726288557053
[2026-06-26 14:17:05,159][root][INFO] - Val leaf stats: tensor([2.7005e-04, 9.1817e-03, 3.8806e-01, 1.5123e-02, 2.7005e-04, 1.6716e-01,
        2.0578e-01, 0.0000e+00, 3.5917e-02, 1.3503e-03, 2.4305e-03, 0.0000e+00,
        5.1310e-03, 8.5066e-02, 8.3176e-02, 1.0802e-03])
[2026-06-26 14:17:05,751][root][INFO] - Epoch: 37 | train acc: 0.7385, train loss: 17.42705530, valid acc: 0.6681, valid loss: 1.07600202, test acc: 0.6375, test loss: 1.11677645
[2026-06-26 14:17:06,720][root][INFO] - reg loss: 4.1948368588431935, entropy loss: 0.04013029040127504, leaf dev: 0.10117776691913605
[2026-06-26 14:17:06,722][root][INFO] - Val leaf stats: tensor([2.1604e-03, 1.0802e-03, 7.0213e-03, 6.4812e-03, 2.7005e-04, 4.7259e-02,
        0.0000e+00, 1.3503e-03, 6.7783e-02, 2.0686e-01, 2.4305e-03, 5.6711e-03,
        3.2568e-01, 6.3732e-02, 2.3548e-01, 2.6735e-02])
[2026-06-26 14:17:10,749][root][INFO] - Epoch: 37 | train acc: 0.8019, train loss: 2.63024309, valid acc: 0.7178, valid loss: 0.90022228, test acc: 0.7057, test loss: 0.95324928
[2026-06-26 14:17:12,141][root][INFO] - reg loss: 4.168591960531766, entropy loss: 0.030690563964794894, leaf dev: 0.08840326964855194
[2026-06-26 14:17:12,142][root][INFO] - Val leaf stats: tensor([0.0003, 0.0005, 0.1885, 0.0184, 0.0003, 0.0978, 0.2185, 0.0718, 0.0000,
        0.0000, 0.0000, 0.0003, 0.0022, 0.2320, 0.1661, 0.0035])
[2026-06-26 14:17:12,182][root][INFO] - Epoch: 36 | train acc: 0.7724, train loss: 17.13997347, valid acc: 0.7124, valid loss: 0.97931930, test acc: 0.6841, test loss: 1.03853535
[2026-06-26 14:17:16,996][root][INFO] - reg loss: 4.118576940942983, entropy loss: 0.03385583677741348, leaf dev: 0.11706425994634628
[2026-06-26 14:17:16,997][root][INFO] - Val leaf stats: tensor([0.0005, 0.0005, 0.0046, 0.0005, 0.4280, 0.0767, 0.0000, 0.0000, 0.1858,
        0.0014, 0.0216, 0.1925, 0.0829, 0.0014, 0.0008, 0.0027])
[2026-06-26 14:17:18,599][root][INFO] - reg loss: 4.121978767582627, entropy loss: 0.035735346376895905, leaf dev: 0.09501037746667862
[2026-06-26 14:17:18,601][root][INFO] - Val leaf stats: tensor([2.7005e-04, 8.1015e-04, 7.9935e-02, 8.1015e-04, 5.4550e-02, 2.3900e-01,
        2.8571e-01, 3.0246e-02, 6.2112e-03, 1.0802e-03, 5.2930e-02, 1.8904e-03,
        3.2946e-02, 2.1199e-01, 8.1015e-04, 8.1015e-04])
[2026-06-26 14:17:21,028][root][INFO] - Epoch: 36 | train acc: 0.8741, train loss: 4.47291086, valid acc: 0.7605, valid loss: 0.87113206, test acc: 0.7518, test loss: 0.86096795
[2026-06-26 14:17:27,661][root][INFO] - reg loss: 4.100701566602363, entropy loss: 0.03813759393257196, leaf dev: 0.1196642816066742
[2026-06-26 14:17:27,663][root][INFO] - Val leaf stats: tensor([2.7005e-04, 3.7807e-03, 1.6203e-03, 0.0000e+00, 2.1604e-03, 1.3503e-03,
        2.7005e-04, 0.0000e+00, 1.0802e-03, 3.7861e-01, 3.7807e-03, 1.8417e-01,
        3.0543e-01, 7.5884e-02, 2.7005e-02, 1.4583e-02])
[2026-06-26 14:17:34,914][root][INFO] - Epoch: 37 | train acc: 0.7766, train loss: 33.08495819, valid acc: 0.6854, valid loss: 1.00913363, test acc: 0.6667, test loss: 1.01609901
[2026-06-26 14:17:40,405][root][INFO] - Epoch: 38 | train acc: 0.9103, train loss: 8.41518368, valid acc: 0.7885, valid loss: 0.77683745, test acc: 0.7742, test loss: 0.79774975
[2026-06-26 14:17:40,464][root][INFO] - Epoch: 38 | train acc: 0.9001, train loss: 8.52494607, valid acc: 0.7540, valid loss: 0.94214810, test acc: 0.7381, test loss: 0.96037008
[2026-06-26 14:17:40,693][root][INFO] - reg loss: 4.056816742068431, entropy loss: 0.029971518904947845, leaf dev: 0.12565627694129944
[2026-06-26 14:17:40,694][root][INFO] - Val leaf stats: tensor([6.2112e-03, 2.7005e-04, 4.1372e-01, 2.1604e-03, 2.7005e-04, 2.4035e-02,
        2.4953e-01, 2.9706e-03, 1.6203e-03, 5.4010e-04, 0.0000e+00, 0.0000e+00,
        4.0508e-02, 1.3503e-03, 2.5223e-01, 4.5909e-03])
[2026-06-26 14:17:40,782][root][INFO] - Epoch: 38 | train acc: 0.8751, train loss: 16.66537676, valid acc: 0.7497, valid loss: 0.91290507, test acc: 0.7285, test loss: 0.93727513
[2026-06-26 14:17:41,393][root][INFO] - Epoch: 37 | train acc: 0.8543, train loss: 4.54443691, valid acc: 0.7656, valid loss: 0.86545051, test acc: 0.7401, test loss: 0.86924357
[2026-06-26 14:17:42,416][root][INFO] - Epoch: 38 | train acc: 0.8131, train loss: 0.55107339, valid acc: 0.7197, valid loss: 0.93334538, test acc: 0.7042, test loss: 0.97834273
[2026-06-26 14:17:43,155][root][INFO] - Epoch: 37 | train acc: 0.7109, train loss: 4.97798247, valid acc: 0.6570, valid loss: 1.02417827, test acc: 0.6470, test loss: 1.08221046
[2026-06-26 14:17:43,877][root][INFO] - Epoch: 37 | train acc: 0.8658, train loss: 32.65653729, valid acc: 0.7618, valid loss: 0.84744435, test acc: 0.7374, test loss: 0.93484363
[2026-06-26 14:17:44,002][root][INFO] - Epoch: 37 | train acc: 0.8864, train loss: 2.40051536, valid acc: 0.7686, valid loss: 0.89080239, test acc: 0.7516, test loss: 0.89546301
[2026-06-26 14:17:44,187][root][INFO] - Epoch: 37 | train acc: 0.7908, train loss: 2.64107547, valid acc: 0.7089, valid loss: 0.90469893, test acc: 0.6929, test loss: 0.96607430
[2026-06-26 14:17:44,637][root][INFO] - Epoch: 38 | train acc: 0.7781, train loss: 4.70384935, valid acc: 0.6992, valid loss: 0.99576215, test acc: 0.6738, test loss: 1.06171660
[2026-06-26 14:17:45,132][root][INFO] - reg loss: 4.0739197652848045, entropy loss: 0.03805879918766803, leaf dev: 0.12085560709238052
[2026-06-26 14:17:45,133][root][INFO] - Val leaf stats: tensor([0.0014, 0.0065, 0.0000, 0.0000, 0.0005, 0.0014, 0.0891, 0.0000, 0.0286,
        0.0024, 0.0008, 0.2376, 0.2241, 0.4075, 0.0000, 0.0000])
[2026-06-26 14:17:45,701][root][INFO] - reg loss: 4.108213354329594, entropy loss: 0.03609134269053819, leaf dev: 0.11592280864715576
[2026-06-26 14:17:45,702][root][INFO] - Val leaf stats: tensor([1.8904e-03, 2.7005e-04, 1.0802e-03, 1.6203e-03, 2.7005e-04, 6.0221e-02,
        0.0000e+00, 1.0802e-03, 5.4010e-04, 2.0389e-01, 1.6203e-03, 1.9579e-01,
        4.0616e-01, 2.7005e-04, 1.2476e-01, 5.4010e-04])
[2026-06-26 14:17:46,117][root][INFO] - Epoch: 37 | train acc: 0.7807, train loss: 0.62895065, valid acc: 0.6981, valid loss: 0.95312887, test acc: 0.6819, test loss: 1.00777718
[2026-06-26 14:17:46,120][root][INFO] - reg loss: 4.0734403954177605, entropy loss: 0.04213683820161663, leaf dev: 0.15076297521591187
[2026-06-26 14:17:46,121][root][INFO] - Val leaf stats: tensor([0.0000, 0.0456, 0.0008, 0.0005, 0.0000, 0.0008, 0.0000, 0.0038, 0.0000,
        0.0000, 0.0014, 0.0000, 0.5026, 0.0597, 0.3810, 0.0038])
[2026-06-26 14:17:46,779][root][INFO] - Epoch: 37 | train acc: 0.7608, train loss: 8.95728998, valid acc: 0.6732, valid loss: 1.02473061, test acc: 0.6674, test loss: 1.03336077
[2026-06-26 14:17:47,298][root][INFO] - reg loss: 4.126028123449107, entropy loss: 0.028698169275141152, leaf dev: 0.10749276727437973
[2026-06-26 14:17:47,299][root][INFO] - Val leaf stats: tensor([6.8593e-02, 2.7005e-03, 2.2711e-01, 5.4010e-04, 0.0000e+00, 2.1604e-03,
        2.7005e-04, 2.4305e-03, 5.1310e-03, 8.1015e-04, 3.6565e-01, 1.6986e-01,
        2.7545e-02, 1.2719e-01, 0.0000e+00, 0.0000e+00])
[2026-06-26 14:17:47,628][root][INFO] - reg loss: 4.152778265906162, entropy loss: 0.03449983497867819, leaf dev: 0.0938773825764656
[2026-06-26 14:17:47,629][root][INFO] - Val leaf stats: tensor([0.0011, 0.0000, 0.0019, 0.0000, 0.0081, 0.1518, 0.0038, 0.0000, 0.2366,
        0.0373, 0.2822, 0.1691, 0.0005, 0.0394, 0.0667, 0.0016])
[2026-06-26 14:17:47,912][root][INFO] - reg loss: 4.15200915883799, entropy loss: 0.03541716023302469, leaf dev: 0.09752170741558075
[2026-06-26 14:17:47,913][root][INFO] - Val leaf stats: tensor([0.0016, 0.0008, 0.0994, 0.0008, 0.0448, 0.2601, 0.2557, 0.2271, 0.0924,
        0.0105, 0.0000, 0.0008, 0.0027, 0.0000, 0.0016, 0.0016])
[2026-06-26 14:17:48,942][root][INFO] - Epoch: 38 | train acc: 0.8801, train loss: 2.46206237, valid acc: 0.7669, valid loss: 0.86330017, test acc: 0.7410, test loss: 0.92919517
[2026-06-26 14:17:49,320][root][INFO] - reg loss: 4.123842559876989, entropy loss: 0.04321016621638517, leaf dev: 0.12001901865005493
[2026-06-26 14:17:49,321][root][INFO] - Val leaf stats: tensor([2.3548e-01, 2.1604e-03, 2.8625e-01, 1.6203e-03, 2.1604e-03, 2.7005e-04,
        0.0000e+00, 5.4010e-04, 0.0000e+00, 0.0000e+00, 3.9427e-02, 5.4010e-04,
        3.7267e-02, 3.7105e-01, 0.0000e+00, 2.3224e-02])
[2026-06-26 14:17:49,380][root][INFO] - reg loss: 4.082212612277171, entropy loss: 0.03511383387519688, leaf dev: 0.11706803739070892
[2026-06-26 14:17:49,381][root][INFO] - Val leaf stats: tensor([0.0000e+00, 2.1874e-02, 1.8228e-01, 1.0262e-02, 0.0000e+00, 4.8609e-03,
        3.8455e-01, 7.5614e-03, 2.4305e-03, 0.0000e+00, 2.7005e-04, 2.7761e-01,
        0.0000e+00, 4.5909e-03, 9.5598e-02, 8.1015e-03])
[2026-06-26 14:17:49,702][root][INFO] - reg loss: 4.03350474404507, entropy loss: 0.03827992368672715, leaf dev: 0.1681710183620453
[2026-06-26 14:17:49,704][root][INFO] - Val leaf stats: tensor([0.0000e+00, 1.3503e-03, 1.3503e-03, 2.7005e-04, 2.7005e-04, 1.6203e-03,
        0.0000e+00, 4.8609e-03, 5.4010e-04, 8.1015e-04, 2.7005e-04, 0.0000e+00,
        5.4010e-01, 2.1604e-03, 4.4153e-01, 4.8609e-03])
[2026-06-26 14:17:49,894][root][INFO] - reg loss: 4.069681980570809, entropy loss: 0.03255294641998947, leaf dev: 0.1454704999923706
[2026-06-26 14:17:49,896][root][INFO] - Val leaf stats: tensor([1.0802e-03, 2.7005e-04, 7.4804e-02, 4.3208e-03, 5.4010e-04, 2.6465e-02,
        0.0000e+00, 5.4010e-04, 1.0262e-02, 0.0000e+00, 5.4010e-04, 0.0000e+00,
        0.0000e+00, 4.7448e-01, 3.8455e-01, 2.2144e-02])
[2026-06-26 14:17:52,104][root][INFO] - reg loss: 4.171200025277059, entropy loss: 0.03467370007858902, leaf dev: 0.08828422427177429
[2026-06-26 14:17:52,105][root][INFO] - Val leaf stats: tensor([0.0000, 0.0000, 0.0227, 0.0003, 0.2204, 0.0478, 0.0321, 0.2236, 0.0054,
        0.0005, 0.0262, 0.0775, 0.0880, 0.0032, 0.2501, 0.0022])
[2026-06-26 14:17:52,348][root][INFO] - reg loss: 4.138228768207988, entropy loss: 0.03291309243220775, leaf dev: 0.10097295045852661
[2026-06-26 14:17:52,349][root][INFO] - Val leaf stats: tensor([0.0000e+00, 8.1015e-03, 3.4405e-01, 1.1882e-02, 0.0000e+00, 2.1901e-01,
        1.5555e-01, 2.7005e-04, 3.5107e-02, 1.0802e-03, 3.7807e-03, 0.0000e+00,
        7.0213e-03, 1.2584e-01, 8.6957e-02, 1.3503e-03])
[2026-06-26 14:17:52,754][root][INFO] - Epoch: 38 | train acc: 0.7373, train loss: 17.40606245, valid acc: 0.6325, valid loss: 1.16427911, test acc: 0.6055, test loss: 1.20495412
[2026-06-26 14:17:54,997][root][INFO] - reg loss: 4.191366219129718, entropy loss: 0.03752625110696574, leaf dev: 0.10162869095802307
[2026-06-26 14:17:54,998][root][INFO] - Val leaf stats: tensor([3.7807e-03, 8.1015e-04, 2.1604e-03, 1.0532e-02, 2.7005e-04, 4.2398e-02,
        0.0000e+00, 1.8904e-03, 8.3986e-02, 2.2171e-01, 2.1604e-03, 4.5909e-03,
        2.9760e-01, 3.0786e-02, 2.6168e-01, 3.5647e-02])
[2026-06-26 14:17:58,057][root][INFO] - Epoch: 38 | train acc: 0.8035, train loss: 2.61670840, valid acc: 0.7264, valid loss: 0.88813299, test acc: 0.7050, test loss: 0.93129136
[2026-06-26 14:17:58,626][root][INFO] - reg loss: 4.163144150718313, entropy loss: 0.0293190954711105, leaf dev: 0.0803636834025383
[2026-06-26 14:17:58,628][root][INFO] - Val leaf stats: tensor([0.0003, 0.0005, 0.1288, 0.0581, 0.0003, 0.1032, 0.1267, 0.1520, 0.0000,
        0.0000, 0.0000, 0.0003, 0.0011, 0.2295, 0.1920, 0.0073])
[2026-06-26 14:18:00,235][root][INFO] - Epoch: 37 | train acc: 0.7818, train loss: 17.12082019, valid acc: 0.7194, valid loss: 0.93583422, test acc: 0.6831, test loss: 1.01678334
[2026-06-26 14:18:03,428][root][INFO] - reg loss: 4.106379837286277, entropy loss: 0.03366582776557227, leaf dev: 0.12072894722223282
[2026-06-26 14:18:03,429][root][INFO] - Val leaf stats: tensor([2.7005e-04, 5.4010e-04, 3.7807e-03, 1.0802e-03, 4.0805e-01, 2.5115e-02,
        1.0802e-03, 0.0000e+00, 2.6249e-01, 2.7005e-04, 1.5123e-02, 1.9552e-01,
        8.1285e-02, 1.0802e-03, 2.7005e-04, 4.0508e-03])
[2026-06-26 14:18:06,769][root][INFO] - reg loss: 4.124513485392586, entropy loss: 0.03434398541318589, leaf dev: 0.08952522277832031
[2026-06-26 14:18:06,770][root][INFO] - Val leaf stats: tensor([0.0003, 0.0008, 0.0956, 0.0008, 0.0535, 0.2217, 0.2644, 0.0359, 0.0073,
        0.0011, 0.0602, 0.0019, 0.0432, 0.2117, 0.0014, 0.0003])
[2026-06-26 14:18:07,537][root][INFO] - Epoch: 37 | train acc: 0.8862, train loss: 4.43900686, valid acc: 0.7672, valid loss: 0.90437121, test acc: 0.7563, test loss: 0.84803706
[2026-06-26 14:18:14,292][root][INFO] - reg loss: 4.097315952426097, entropy loss: 0.037904100156709794, leaf dev: 0.12245620787143707
[2026-06-26 14:18:14,294][root][INFO] - Val leaf stats: tensor([2.7005e-04, 4.0508e-03, 1.6203e-03, 0.0000e+00, 1.8904e-03, 1.3503e-03,
        2.7005e-04, 0.0000e+00, 5.4010e-04, 3.8590e-01, 2.9706e-03, 1.7148e-01,
        3.2217e-01, 6.5622e-02, 2.7815e-02, 1.4043e-02])
[2026-06-26 14:18:22,565][root][INFO] - Epoch: 38 | train acc: 0.7641, train loss: 33.16118859, valid acc: 0.6916, valid loss: 0.93469144, test acc: 0.6728, test loss: 0.97194149
[2026-06-26 14:18:27,438][root][INFO] - Epoch: 39 | train acc: 0.8614, train loss: 8.64632236, valid acc: 0.7105, valid loss: 1.05329626, test acc: 0.6888, test loss: 1.08442183
[2026-06-26 14:18:27,774][root][INFO] - Epoch: 39 | train acc: 0.9165, train loss: 8.41379474, valid acc: 0.7842, valid loss: 0.83172445, test acc: 0.7754, test loss: 0.82077776
[2026-06-26 14:18:27,784][root][INFO] - reg loss: 4.06127369208414, entropy loss: 0.0306462217427668, leaf dev: 0.12251745164394379
[2026-06-26 14:18:27,786][root][INFO] - Val leaf stats: tensor([4.0508e-03, 2.7005e-04, 3.7834e-01, 1.8904e-03, 0.0000e+00, 3.4837e-02,
        2.7950e-01, 1.8904e-03, 1.6203e-03, 5.4010e-04, 8.1015e-04, 0.0000e+00,
        3.8887e-02, 5.4010e-04, 2.5223e-01, 4.5909e-03])
[2026-06-26 14:18:27,930][root][INFO] - Epoch: 39 | train acc: 0.8760, train loss: 16.64948873, valid acc: 0.7513, valid loss: 0.91869775, test acc: 0.7209, test loss: 0.96344437
[2026-06-26 14:18:29,663][root][INFO] - Epoch: 39 | train acc: 0.7994, train loss: 0.59077634, valid acc: 0.6587, valid loss: 1.08885600, test acc: 0.6436, test loss: 1.10821540
[2026-06-26 14:18:29,721][root][INFO] - Epoch: 38 | train acc: 0.7262, train loss: 4.93277697, valid acc: 0.6703, valid loss: 1.02940004, test acc: 0.6394, test loss: 1.09843666
[2026-06-26 14:18:29,918][root][INFO] - Epoch: 38 | train acc: 0.8611, train loss: 4.52579016, valid acc: 0.7580, valid loss: 0.84867351, test acc: 0.7339, test loss: 0.87031082
[2026-06-26 14:18:31,244][root][INFO] - Epoch: 38 | train acc: 0.7792, train loss: 2.68175863, valid acc: 0.6840, valid loss: 0.97291993, test acc: 0.6674, test loss: 1.01032726
[2026-06-26 14:18:31,426][root][INFO] - Epoch: 39 | train acc: 0.7422, train loss: 4.81607099, valid acc: 0.6722, valid loss: 1.05226069, test acc: 0.6546, test loss: 1.09393608
[2026-06-26 14:18:32,117][root][INFO] - Epoch: 38 | train acc: 0.8895, train loss: 2.38704604, valid acc: 0.7707, valid loss: 0.90134615, test acc: 0.7459, test loss: 0.90816268
[2026-06-26 14:18:32,315][root][INFO] - Epoch: 38 | train acc: 0.8681, train loss: 32.63358407, valid acc: 0.7588, valid loss: 0.86293161, test acc: 0.7396, test loss: 0.93702801
[2026-06-26 14:18:32,837][root][INFO] - reg loss: 4.1030714316446275, entropy loss: 0.035991556270689264, leaf dev: 0.12243925034999847
[2026-06-26 14:18:32,839][root][INFO] - Val leaf stats: tensor([2.7005e-04, 2.7005e-04, 1.3503e-03, 2.7005e-04, 2.7005e-03, 1.2071e-01,
        0.0000e+00, 5.4010e-04, 1.6203e-03, 4.2236e-01, 6.4812e-03, 2.8220e-01,
        1.1126e-01, 1.3503e-03, 4.8339e-02, 2.7005e-04])
[2026-06-26 14:18:33,088][root][INFO] - reg loss: 4.072708466013924, entropy loss: 0.039582231921739264, leaf dev: 0.15264415740966797
[2026-06-26 14:18:33,089][root][INFO] - Val leaf stats: tensor([0.0000, 0.0491, 0.0008, 0.0005, 0.0000, 0.0008, 0.0000, 0.0038, 0.0000,
        0.0000, 0.0005, 0.0000, 0.5104, 0.0470, 0.3832, 0.0038])
[2026-06-26 14:18:33,292][root][INFO] - reg loss: 4.080176048591489, entropy loss: 0.03818409645655116, leaf dev: 0.11876024305820465
[2026-06-26 14:18:33,293][root][INFO] - Val leaf stats: tensor([1.3503e-03, 6.4812e-03, 0.0000e+00, 0.0000e+00, 8.1015e-04, 1.6203e-03,
        9.2358e-02, 0.0000e+00, 2.9436e-02, 1.8904e-03, 8.1015e-04, 2.5142e-01,
        2.2306e-01, 3.8941e-01, 1.0802e-03, 2.7005e-04])
[2026-06-26 14:18:34,307][root][INFO] - Epoch: 38 | train acc: 0.7901, train loss: 0.60845140, valid acc: 0.7038, valid loss: 0.95244700, test acc: 0.6804, test loss: 1.02591781
[2026-06-26 14:18:34,706][root][INFO] - Epoch: 38 | train acc: 0.6904, train loss: 9.19073899, valid acc: 0.6614, valid loss: 1.08900786, test acc: 0.6426, test loss: 1.09564351
[2026-06-26 14:18:34,810][root][INFO] - reg loss: 4.132831636022349, entropy loss: 0.03250412517761598, leaf dev: 0.09790527820587158
[2026-06-26 14:18:34,812][root][INFO] - Val leaf stats: tensor([0.0011, 0.0000, 0.0016, 0.0000, 0.0086, 0.1366, 0.0038, 0.0000, 0.3446,
        0.1229, 0.1223, 0.1912, 0.0008, 0.0294, 0.0359, 0.0011])
[2026-06-26 14:18:34,975][root][INFO] - reg loss: 4.145445198309226, entropy loss: 0.035699781152557154, leaf dev: 0.09735454618930817
[2026-06-26 14:18:34,976][root][INFO] - Val leaf stats: tensor([0.0016, 0.0008, 0.1007, 0.0008, 0.0502, 0.2565, 0.2549, 0.2309, 0.0883,
        0.0081, 0.0000, 0.0008, 0.0027, 0.0003, 0.0022, 0.0011])
[2026-06-26 14:18:35,214][root][INFO] - reg loss: 4.126630032648806, entropy loss: 0.02859565792757957, leaf dev: 0.10670186579227448
[2026-06-26 14:18:35,215][root][INFO] - Val leaf stats: tensor([6.8863e-02, 2.7005e-03, 2.2738e-01, 5.4010e-04, 0.0000e+00, 2.4305e-03,
        2.7005e-04, 2.7005e-03, 5.1310e-03, 8.1015e-04, 3.6052e-01, 1.7094e-01,
        2.8085e-02, 1.2962e-01, 0.0000e+00, 0.0000e+00])
[2026-06-26 14:18:36,429][root][INFO] - reg loss: 4.088928801114442, entropy loss: 0.032753476842505035, leaf dev: 0.11299780756235123
[2026-06-26 14:18:36,430][root][INFO] - Val leaf stats: tensor([0.0022, 0.0068, 0.1456, 0.0030, 0.0000, 0.0073, 0.3413, 0.0089, 0.0402,
        0.0000, 0.0000, 0.3257, 0.0005, 0.0248, 0.0883, 0.0054])
[2026-06-26 14:18:36,785][root][INFO] - Epoch: 39 | train acc: 0.8853, train loss: 2.43093268, valid acc: 0.7723, valid loss: 0.84143960, test acc: 0.7496, test loss: 0.90621842
[2026-06-26 14:18:36,802][root][INFO] - reg loss: 4.062092343314749, entropy loss: 0.03289537721115057, leaf dev: 0.1528528928756714
[2026-06-26 14:18:36,804][root][INFO] - Val leaf stats: tensor([1.0802e-03, 2.7005e-04, 8.4256e-02, 4.3208e-03, 5.4010e-04, 2.6195e-02,
        0.0000e+00, 5.4010e-04, 1.1612e-02, 8.1015e-04, 2.7005e-04, 0.0000e+00,
        0.0000e+00, 5.6468e-01, 2.9328e-01, 1.2152e-02])
[2026-06-26 14:18:37,464][root][INFO] - reg loss: 4.127289209209505, entropy loss: 0.04330361469602976, leaf dev: 0.11892147362232208
[2026-06-26 14:18:37,465][root][INFO] - Val leaf stats: tensor([2.3792e-01, 2.1604e-03, 2.8166e-01, 1.0802e-03, 2.1604e-03, 2.7005e-04,
        0.0000e+00, 5.4010e-04, 0.0000e+00, 0.0000e+00, 3.9157e-02, 5.4010e-04,
        3.5107e-02, 3.6727e-01, 0.0000e+00, 3.2136e-02])
[2026-06-26 14:18:37,619][root][INFO] - reg loss: 4.031857725049629, entropy loss: 0.037840888209518836, leaf dev: 0.16794484853744507
[2026-06-26 14:18:37,620][root][INFO] - Val leaf stats: tensor([0.0000e+00, 1.0802e-03, 1.3503e-03, 2.7005e-04, 5.4010e-04, 1.6203e-03,
        0.0000e+00, 5.1310e-03, 2.7005e-04, 8.1015e-04, 2.7005e-04, 0.0000e+00,
        5.3659e-01, 2.1604e-03, 4.4450e-01, 5.4010e-03])
[2026-06-26 14:18:39,312][root][INFO] - Epoch: 39 | train acc: 0.7181, train loss: 17.51599143, valid acc: 0.6554, valid loss: 1.10915238, test acc: 0.6343, test loss: 1.15622780
[2026-06-26 14:18:40,008][root][INFO] - reg loss: 4.167817788045914, entropy loss: 0.03591536028219051, leaf dev: 0.09771011769771576
[2026-06-26 14:18:40,010][root][INFO] - Val leaf stats: tensor([0.0000e+00, 0.0000e+00, 1.8634e-02, 2.7005e-04, 1.9768e-01, 4.0778e-02,
        4.6449e-02, 2.1145e-01, 8.3716e-03, 5.4010e-04, 2.4305e-02, 7.8855e-02,
        3.5107e-02, 1.6203e-03, 3.3108e-01, 4.8609e-03])
[2026-06-26 14:18:40,782][root][INFO] - reg loss: 4.147440808718322, entropy loss: 0.0327437878510014, leaf dev: 0.0962865799665451
[2026-06-26 14:18:40,785][root][INFO] - Val leaf stats: tensor([0.0000, 0.0116, 0.1793, 0.0035, 0.0000, 0.0948, 0.2447, 0.0008, 0.0362,
        0.0011, 0.0089, 0.0008, 0.0019, 0.2884, 0.1258, 0.0022])
[2026-06-26 14:18:42,433][root][INFO] - reg loss: 4.187977087302286, entropy loss: 0.03818072555739371, leaf dev: 0.09823816269636154
[2026-06-26 14:18:42,435][root][INFO] - Val leaf stats: tensor([4.3208e-03, 5.4010e-04, 1.8904e-03, 1.0262e-02, 2.7005e-04, 4.4018e-02,
        0.0000e+00, 1.6203e-03, 8.9387e-02, 2.0848e-01, 2.1604e-03, 3.5107e-03,
        3.0678e-01, 6.9403e-02, 2.3278e-01, 2.4575e-02])
[2026-06-26 14:18:42,736][root][INFO] - Epoch: 39 | train acc: 0.8043, train loss: 2.61255539, valid acc: 0.7259, valid loss: 0.92515892, test acc: 0.7052, test loss: 0.93691956
[2026-06-26 14:18:45,376][root][INFO] - reg loss: 4.174913054606954, entropy loss: 0.030334650828945833, leaf dev: 0.0835174024105072
[2026-06-26 14:18:45,378][root][INFO] - Val leaf stats: tensor([0.0003, 0.0005, 0.1493, 0.0424, 0.0003, 0.0770, 0.1439, 0.1396, 0.0000,
        0.0000, 0.0003, 0.0003, 0.0011, 0.2403, 0.1977, 0.0070])
[2026-06-26 14:18:47,029][root][INFO] - Epoch: 38 | train acc: 0.7932, train loss: 17.09387951, valid acc: 0.7310, valid loss: 0.91947344, test acc: 0.6915, test loss: 0.98444123
[2026-06-26 14:18:48,946][root][INFO] - reg loss: 4.098500744241183, entropy loss: 0.0337213648819044, leaf dev: 0.11925794929265976
[2026-06-26 14:18:48,948][root][INFO] - Val leaf stats: tensor([2.7005e-04, 8.1015e-04, 4.0508e-03, 8.1015e-04, 4.2020e-01, 3.0246e-02,
        8.1015e-04, 0.0000e+00, 2.2171e-01, 2.7005e-04, 1.4313e-02, 1.9471e-01,
        1.0505e-01, 1.3503e-03, 2.7005e-04, 5.1310e-03])
[2026-06-26 14:18:53,663][root][INFO] - reg loss: 4.124031614084712, entropy loss: 0.03265802571397336, leaf dev: 0.08808431774377823
[2026-06-26 14:18:53,665][root][INFO] - Val leaf stats: tensor([0.0003, 0.0005, 0.1115, 0.0008, 0.0394, 0.2236, 0.2536, 0.0494, 0.0070,
        0.0008, 0.0567, 0.0022, 0.0456, 0.2069, 0.0008, 0.0008])
[2026-06-26 14:18:55,543][root][INFO] - Epoch: 38 | train acc: 0.8868, train loss: 4.42754500, valid acc: 0.7634, valid loss: 0.89091069, test acc: 0.7550, test loss: 0.86984885
[2026-06-26 14:19:02,022][root][INFO] - reg loss: 4.096996752942195, entropy loss: 0.0381783622576565, leaf dev: 0.1186574399471283
[2026-06-26 14:19:02,023][root][INFO] - Val leaf stats: tensor([2.7005e-04, 5.1310e-03, 1.6203e-03, 0.0000e+00, 5.4010e-04, 1.3503e-03,
        2.7005e-04, 0.0000e+00, 5.4010e-04, 3.3621e-01, 4.8609e-03, 2.1712e-01,
        3.3000e-01, 5.9681e-02, 2.8085e-02, 1.4313e-02])
[2026-06-26 14:19:09,981][root][INFO] - Epoch: 39 | train acc: 0.7811, train loss: 33.06273482, valid acc: 0.6916, valid loss: 0.94083224, test acc: 0.6809, test loss: 0.97887697
[2026-06-26 14:19:14,121][root][INFO] - Epoch: 40 | train acc: 0.8785, train loss: 16.63456560, valid acc: 0.7545, valid loss: 0.95410076, test acc: 0.7231, test loss: 0.96048891
[2026-06-26 14:19:15,564][root][INFO] - reg loss: 4.056184823395776, entropy loss: 0.030454664078892253, leaf dev: 0.12194455415010452
[2026-06-26 14:19:15,566][root][INFO] - Val leaf stats: tensor([3.2406e-03, 2.7005e-04, 3.5215e-01, 2.4305e-03, 5.4010e-04, 3.1866e-02,
        3.0921e-01, 1.6203e-03, 1.6203e-03, 5.4010e-04, 8.1015e-04, 0.0000e+00,
        3.9157e-02, 2.7005e-04, 2.5169e-01, 4.5909e-03])
[2026-06-26 14:19:15,682][root][INFO] - Epoch: 40 | train acc: 0.8929, train loss: 8.49389143, valid acc: 0.7732, valid loss: 0.86574133, test acc: 0.7703, test loss: 0.85230237
[2026-06-26 14:19:16,097][root][INFO] - Epoch: 40 | train acc: 0.8478, train loss: 8.67315788, valid acc: 0.7632, valid loss: 0.86765231, test acc: 0.7482, test loss: 0.92884202
[2026-06-26 14:19:16,257][root][INFO] - Epoch: 39 | train acc: 0.8544, train loss: 4.55732921, valid acc: 0.7483, valid loss: 0.89859090, test acc: 0.7295, test loss: 0.90025064
[2026-06-26 14:19:17,782][root][INFO] - Epoch: 40 | train acc: 0.7743, train loss: 0.65540821, valid acc: 0.7216, valid loss: 0.94442721, test acc: 0.6983, test loss: 1.01850552
[2026-06-26 14:19:17,977][root][INFO] - Epoch: 39 | train acc: 0.7702, train loss: 2.70864394, valid acc: 0.6930, valid loss: 0.94525781, test acc: 0.6794, test loss: 1.00377061
[2026-06-26 14:19:18,063][root][INFO] - Epoch: 39 | train acc: 0.7284, train loss: 4.92790798, valid acc: 0.6730, valid loss: 1.01682816, test acc: 0.6529, test loss: 1.07582615
[2026-06-26 14:19:18,580][root][INFO] - Epoch: 39 | train acc: 0.8509, train loss: 32.73891280, valid acc: 0.7005, valid loss: 1.10364676, test acc: 0.6757, test loss: 1.14109614
[2026-06-26 14:19:19,063][root][INFO] - reg loss: 4.070629307481109, entropy loss: 0.039123581203280904, leaf dev: 0.15186040103435516
[2026-06-26 14:19:19,064][root][INFO] - Val leaf stats: tensor([0.0000e+00, 5.1040e-02, 8.1015e-04, 2.7005e-04, 0.0000e+00, 8.1015e-04,
        0.0000e+00, 3.7807e-03, 0.0000e+00, 0.0000e+00, 1.3503e-03, 0.0000e+00,
        5.0905e-01, 4.9959e-02, 3.7969e-01, 3.2406e-03])
[2026-06-26 14:19:19,839][root][INFO] - Epoch: 40 | train acc: 0.7656, train loss: 4.73587392, valid acc: 0.6924, valid loss: 0.98201667, test acc: 0.6703, test loss: 1.03834372
[2026-06-26 14:19:20,725][root][INFO] - Epoch: 39 | train acc: 0.8950, train loss: 2.37675055, valid acc: 0.7740, valid loss: 0.87398302, test acc: 0.7506, test loss: 0.89006279
[2026-06-26 14:19:20,928][root][INFO] - reg loss: 4.101566134906206, entropy loss: 0.03592078821336637, leaf dev: 0.11320564895868301
[2026-06-26 14:19:20,929][root][INFO] - Val leaf stats: tensor([0.0000e+00, 0.0000e+00, 1.3503e-03, 2.7005e-04, 1.3503e-03, 7.7235e-02,
        0.0000e+00, 2.7005e-04, 5.4010e-04, 3.4837e-01, 4.0508e-03, 2.5790e-01,
        2.3684e-01, 2.4305e-03, 6.9133e-02, 2.7005e-04])
[2026-06-26 14:19:21,291][root][INFO] - Epoch: 39 | train acc: 0.7398, train loss: 8.99586026, valid acc: 0.6992, valid loss: 0.97335789, test acc: 0.6843, test loss: 0.95768950
[2026-06-26 14:19:21,641][root][INFO] - reg loss: 4.079523375776947, entropy loss: 0.03817258219494194, leaf dev: 0.11361997574567795
[2026-06-26 14:19:21,643][root][INFO] - Val leaf stats: tensor([1.3503e-03, 7.0213e-03, 0.0000e+00, 0.0000e+00, 5.4010e-04, 1.6203e-03,
        1.0127e-01, 2.7005e-04, 3.1056e-02, 1.0802e-03, 1.8904e-03, 2.9220e-01,
        2.4494e-01, 3.1542e-01, 1.3503e-03, 0.0000e+00])
[2026-06-26 14:19:21,776][root][INFO] - reg loss: 4.128867071183001, entropy loss: 0.028515483542788225, leaf dev: 0.10109926015138626
[2026-06-26 14:19:21,778][root][INFO] - Val leaf stats: tensor([7.9935e-02, 2.4305e-03, 2.1739e-01, 8.1015e-04, 0.0000e+00, 2.4305e-03,
        2.7005e-04, 2.4305e-03, 4.5909e-03, 8.1015e-04, 3.0354e-01, 2.3197e-01,
        2.9706e-02, 1.2368e-01, 0.0000e+00, 0.0000e+00])
[2026-06-26 14:19:22,125][root][INFO] - Epoch: 39 | train acc: 0.7750, train loss: 0.65361298, valid acc: 0.6978, valid loss: 0.92082853, test acc: 0.6861, test loss: 0.99587083
[2026-06-26 14:19:22,697][root][INFO] - Epoch: 40 | train acc: 0.8961, train loss: 2.40493414, valid acc: 0.7796, valid loss: 0.84586941, test acc: 0.7479, test loss: 0.89428245
[2026-06-26 14:19:22,812][root][INFO] - reg loss: 4.149681787021825, entropy loss: 0.03260234376934708, leaf dev: 0.09653358161449432
[2026-06-26 14:19:22,814][root][INFO] - Val leaf stats: tensor([0.0011, 0.0000, 0.0019, 0.0000, 0.0100, 0.2050, 0.0065, 0.0000, 0.2301,
        0.0219, 0.2625, 0.1880, 0.0000, 0.0305, 0.0392, 0.0035])
[2026-06-26 14:19:23,041][root][INFO] - reg loss: 4.034385235583196, entropy loss: 0.03797241883566145, leaf dev: 0.19015634059906006
[2026-06-26 14:19:23,043][root][INFO] - Val leaf stats: tensor([0.0000e+00, 1.0802e-03, 1.3503e-03, 2.7005e-04, 5.4010e-04, 1.6203e-03,
        0.0000e+00, 5.1310e-03, 2.7005e-04, 1.0802e-03, 2.7005e-04, 0.0000e+00,
        7.3805e-01, 2.9706e-03, 2.4521e-01, 2.1604e-03])
[2026-06-26 14:19:23,512][root][INFO] - reg loss: 4.098985554742032, entropy loss: 0.03312176591182341, leaf dev: 0.11268327385187149
[2026-06-26 14:19:23,513][root][INFO] - Val leaf stats: tensor([0.0019, 0.0073, 0.1820, 0.0054, 0.0000, 0.0062, 0.3295, 0.0095, 0.0281,
        0.0000, 0.0000, 0.3200, 0.0000, 0.0165, 0.0870, 0.0068])
[2026-06-26 14:19:23,642][root][INFO] - reg loss: 4.151667727798712, entropy loss: 0.036983824167095246, leaf dev: 0.09595091640949249
[2026-06-26 14:19:23,643][root][INFO] - Val leaf stats: tensor([0.0016, 0.0008, 0.0994, 0.0008, 0.0529, 0.2552, 0.2457, 0.2290, 0.0994,
        0.0081, 0.0000, 0.0008, 0.0030, 0.0000, 0.0019, 0.0014])
[2026-06-26 14:19:25,647][root][INFO] - reg loss: 4.063798896601943, entropy loss: 0.0328121866847648, leaf dev: 0.1447800099849701
[2026-06-26 14:19:25,649][root][INFO] - Val leaf stats: tensor([1.0802e-03, 2.7005e-04, 9.1547e-02, 5.4010e-03, 5.4010e-04, 2.5655e-02,
        0.0000e+00, 5.4010e-04, 1.1342e-02, 5.4010e-04, 2.7005e-04, 0.0000e+00,
        0.0000e+00, 4.9203e-01, 3.5404e-01, 1.6743e-02])
[2026-06-26 14:19:25,961][root][INFO] - Epoch: 40 | train acc: 0.7446, train loss: 17.44555658, valid acc: 0.6724, valid loss: 1.08344350, test acc: 0.6490, test loss: 1.12313513
[2026-06-26 14:19:26,692][root][INFO] - reg loss: 4.128692150115967, entropy loss: 0.030995682614748596, leaf dev: 0.09649509191513062
[2026-06-26 14:19:26,693][root][INFO] - Val leaf stats: tensor([0.0005, 0.0108, 0.2239, 0.0046, 0.0000, 0.1042, 0.2617, 0.0008, 0.0375,
        0.0005, 0.0076, 0.0005, 0.0019, 0.2495, 0.0940, 0.0019])
[2026-06-26 14:19:26,745][root][INFO] - reg loss: 4.127336033055039, entropy loss: 0.04317905436285206, leaf dev: 0.11829295009374619
[2026-06-26 14:19:26,747][root][INFO] - Val leaf stats: tensor([2.2549e-01, 1.6203e-03, 2.7518e-01, 1.0802e-03, 1.8904e-03, 2.7005e-04,
        0.0000e+00, 5.4010e-04, 0.0000e+00, 0.0000e+00, 4.7529e-02, 8.1015e-04,
        3.3216e-02, 3.7564e-01, 0.0000e+00, 3.6727e-02])
[2026-06-26 14:19:27,724][root][INFO] - reg loss: 4.15416621380165, entropy loss: 0.035971177894561016, leaf dev: 0.09771360456943512
[2026-06-26 14:19:27,726][root][INFO] - Val leaf stats: tensor([0.0000e+00, 0.0000e+00, 1.7823e-02, 2.7005e-04, 2.0227e-01, 3.7537e-02,
        4.8339e-02, 1.8877e-01, 1.3233e-02, 0.0000e+00, 2.9706e-02, 8.6416e-02,
        2.7275e-02, 2.7005e-04, 3.4026e-01, 7.8315e-03])
[2026-06-26 14:19:28,244][root][INFO] - reg loss: 4.186638300536109, entropy loss: 0.037265063217673144, leaf dev: 0.10099499672651291
[2026-06-26 14:19:28,245][root][INFO] - Val leaf stats: tensor([0.0041, 0.0005, 0.0054, 0.0065, 0.0005, 0.0373, 0.0000, 0.0014, 0.0686,
        0.2277, 0.0016, 0.0035, 0.3087, 0.0602, 0.2395, 0.0346])
[2026-06-26 14:19:31,498][root][INFO] - Epoch: 40 | train acc: 0.8068, train loss: 2.60382569, valid acc: 0.7237, valid loss: 0.92082882, test acc: 0.7116, test loss: 0.93687139
[2026-06-26 14:19:31,597][root][INFO] - reg loss: 4.17637674144057, entropy loss: 0.030106079382974594, leaf dev: 0.08692218363285065
[2026-06-26 14:19:31,598][root][INFO] - Val leaf stats: tensor([0.0003, 0.0005, 0.1488, 0.0343, 0.0003, 0.0951, 0.1461, 0.0910, 0.0000,
        0.0000, 0.0008, 0.0003, 0.0019, 0.2555, 0.2204, 0.0049])
[2026-06-26 14:19:35,164][root][INFO] - Epoch: 39 | train acc: 0.7978, train loss: 17.07420884, valid acc: 0.7262, valid loss: 0.92023539, test acc: 0.6949, test loss: 0.98839530
[2026-06-26 14:19:37,764][root][INFO] - reg loss: 4.0967587564812336, entropy loss: 0.03322343058029159, leaf dev: 0.11931101977825165
[2026-06-26 14:19:37,765][root][INFO] - Val leaf stats: tensor([2.7005e-04, 8.1015e-04, 4.0508e-03, 1.0802e-03, 4.2803e-01, 3.2946e-02,
        3.2406e-03, 0.0000e+00, 2.2036e-01, 2.7005e-04, 2.2954e-02, 1.7985e-01,
        1.0127e-01, 1.8904e-03, 0.0000e+00, 2.9706e-03])
[2026-06-26 14:19:41,777][root][INFO] - reg loss: 4.124288621495982, entropy loss: 0.03292557145239877, leaf dev: 0.08548995852470398
[2026-06-26 14:19:41,780][root][INFO] - Val leaf stats: tensor([0.0003, 0.0008, 0.1234, 0.0008, 0.0405, 0.2223, 0.2382, 0.0521, 0.0076,
        0.0008, 0.0559, 0.0022, 0.0524, 0.2012, 0.0008, 0.0008])
[2026-06-26 14:19:42,930][root][INFO] - Epoch: 39 | train acc: 0.8957, train loss: 4.40642300, valid acc: 0.7667, valid loss: 0.89271768, test acc: 0.7582, test loss: 0.86080123
[2026-06-26 14:19:49,355][root][INFO] - reg loss: 4.094128733775655, entropy loss: 0.0379077992478355, leaf dev: 0.12142114341259003
[2026-06-26 14:19:49,356][root][INFO] - Val leaf stats: tensor([2.7005e-04, 4.8609e-03, 1.6203e-03, 0.0000e+00, 1.0802e-03, 1.3503e-03,
        2.7005e-04, 0.0000e+00, 0.0000e+00, 3.6079e-01, 2.7005e-03, 2.0011e-01,
        3.3081e-01, 5.5901e-02, 2.3765e-02, 1.6473e-02])
[2026-06-26 14:19:57,435][root][INFO] - Epoch: 40 | train acc: 0.7839, train loss: 33.04134619, valid acc: 0.7011, valid loss: 0.91669753, test acc: 0.6915, test loss: 0.96466833
[2026-06-26 14:20:00,740][root][INFO] - Epoch: 41 | train acc: 0.8775, train loss: 16.65417240, valid acc: 0.7472, valid loss: 0.94324392, test acc: 0.7302, test loss: 0.96644222
[2026-06-26 14:20:02,609][root][INFO] - reg loss: 4.054819865304916, entropy loss: 0.030033363945415763, leaf dev: 0.12167809903621674
[2026-06-26 14:20:02,611][root][INFO] - Val leaf stats: tensor([2.9706e-03, 2.7005e-04, 3.3972e-01, 1.8904e-03, 5.4010e-04, 3.1326e-02,
        3.2001e-01, 2.4305e-03, 1.6203e-03, 5.4010e-04, 1.0802e-03, 0.0000e+00,
        3.9698e-02, 2.7005e-04, 2.5331e-01, 4.3208e-03])
[2026-06-26 14:20:03,813][root][INFO] - Epoch: 41 | train acc: 0.8895, train loss: 8.51856483, valid acc: 0.7748, valid loss: 0.84090301, test acc: 0.7590, test loss: 0.87466180
[2026-06-26 14:20:04,803][root][INFO] - Epoch: 41 | train acc: 0.9017, train loss: 8.45711106, valid acc: 0.7913, valid loss: 0.84606779, test acc: 0.7811, test loss: 0.81036701
[2026-06-26 14:20:04,826][root][INFO] - Epoch: 40 | train acc: 0.8600, train loss: 4.53808697, valid acc: 0.7580, valid loss: 0.88230419, test acc: 0.7378, test loss: 0.89646492
[2026-06-26 14:20:04,852][root][INFO] - Epoch: 40 | train acc: 0.8089, train loss: 32.86219481, valid acc: 0.7402, valid loss: 0.96518818, test acc: 0.7037, test loss: 1.02778833
[2026-06-26 14:20:04,960][root][INFO] - Epoch: 40 | train acc: 0.7842, train loss: 2.65822556, valid acc: 0.7065, valid loss: 0.89297099, test acc: 0.6946, test loss: 0.95866540
[2026-06-26 14:20:05,069][root][INFO] - Epoch: 40 | train acc: 0.7385, train loss: 4.90036790, valid acc: 0.6638, valid loss: 1.04158723, test acc: 0.6480, test loss: 1.10366143
[2026-06-26 14:20:05,197][root][INFO] - Epoch: 41 | train acc: 0.8037, train loss: 0.57399131, valid acc: 0.7073, valid loss: 0.95011382, test acc: 0.6787, test loss: 1.03201124
[2026-06-26 14:20:05,590][root][INFO] - reg loss: 4.073883533477783, entropy loss: 0.039771208264788645, leaf dev: 0.15014496445655823
[2026-06-26 14:20:05,591][root][INFO] - Val leaf stats: tensor([1.0802e-03, 5.6171e-02, 1.3503e-03, 2.7005e-04, 0.0000e+00, 8.1015e-04,
        0.0000e+00, 5.4010e-03, 0.0000e+00, 0.0000e+00, 5.4010e-04, 0.0000e+00,
        5.0365e-01, 5.1850e-02, 3.7564e-01, 3.2406e-03])
[2026-06-26 14:20:08,122][root][INFO] - Epoch: 41 | train acc: 0.7860, train loss: 4.68763091, valid acc: 0.6954, valid loss: 0.97425112, test acc: 0.6691, test loss: 1.05359077
[2026-06-26 14:20:08,160][root][INFO] - Epoch: 40 | train acc: 0.8871, train loss: 2.41519895, valid acc: 0.7699, valid loss: 0.90298935, test acc: 0.7494, test loss: 0.90730182
[2026-06-26 14:20:08,586][root][INFO] - Epoch: 40 | train acc: 0.7668, train loss: 8.93018211, valid acc: 0.6965, valid loss: 0.94960473, test acc: 0.6892, test loss: 0.95067006
[2026-06-26 14:20:09,316][root][INFO] - reg loss: 4.0916541599836505, entropy loss: 0.03560518149714001, leaf dev: 0.11393481492996216
[2026-06-26 14:20:09,318][root][INFO] - Val leaf stats: tensor([2.7005e-04, 0.0000e+00, 8.1015e-04, 0.0000e+00, 5.4010e-04, 6.3462e-02,
        0.0000e+00, 2.7005e-04, 5.4010e-04, 3.4053e-01, 4.5909e-03, 2.4737e-01,
        2.6573e-01, 2.1604e-03, 7.3454e-02, 2.7005e-04])
[2026-06-26 14:20:09,847][root][INFO] - Epoch: 41 | train acc: 0.9071, train loss: 2.37939702, valid acc: 0.7775, valid loss: 0.82658394, test acc: 0.7482, test loss: 0.92501507
[2026-06-26 14:20:09,901][root][INFO] - reg loss: 4.1328344423262795, entropy loss: 0.028258384312274027, leaf dev: 0.10333994776010513
[2026-06-26 14:20:09,902][root][INFO] - Val leaf stats: tensor([7.8855e-02, 2.1604e-03, 2.1901e-01, 8.1015e-04, 0.0000e+00, 3.2406e-03,
        2.7005e-04, 2.4305e-03, 4.8609e-03, 8.1015e-04, 3.3837e-01, 1.9633e-01,
        3.3216e-02, 1.1963e-01, 0.0000e+00, 0.0000e+00])
[2026-06-26 14:20:09,954][root][INFO] - Epoch: 40 | train acc: 0.7867, train loss: 0.61294751, valid acc: 0.7124, valid loss: 0.91419374, test acc: 0.6836, test loss: 0.98260631
[2026-06-26 14:20:10,419][root][INFO] - reg loss: 4.036683911182841, entropy loss: 0.03853302613877859, leaf dev: 0.17984579503536224
[2026-06-26 14:20:10,420][root][INFO] - Val leaf stats: tensor([0.0000e+00, 1.0802e-03, 1.3503e-03, 2.7005e-04, 5.4010e-04, 8.1015e-04,
        0.0000e+00, 5.6711e-03, 0.0000e+00, 1.8904e-03, 2.7005e-04, 0.0000e+00,
        6.7486e-01, 7.2914e-03, 3.0354e-01, 2.4305e-03])
[2026-06-26 14:20:10,454][root][INFO] - reg loss: 4.1402036322922005, entropy loss: 0.03196395579420152, leaf dev: 0.09330929815769196
[2026-06-26 14:20:10,455][root][INFO] - Val leaf stats: tensor([1.0802e-03, 0.0000e+00, 1.6203e-03, 0.0000e+00, 1.0262e-02, 1.7634e-01,
        7.8315e-03, 0.0000e+00, 1.8688e-01, 4.7259e-02, 2.9895e-01, 1.7661e-01,
        2.7005e-04, 3.4297e-02, 5.4010e-02, 4.5909e-03])
[2026-06-26 14:20:10,481][root][INFO] - reg loss: 4.15077666767308, entropy loss: 0.03771747838034004, leaf dev: 0.09765950590372086
[2026-06-26 14:20:10,482][root][INFO] - Val leaf stats: tensor([0.0011, 0.0008, 0.0807, 0.0005, 0.0548, 0.2544, 0.2549, 0.2376, 0.0988,
        0.0084, 0.0008, 0.0003, 0.0032, 0.0003, 0.0022, 0.0011])
[2026-06-26 14:20:10,482][root][INFO] - reg loss: 4.07844985899378, entropy loss: 0.03810807030464782, leaf dev: 0.11642930656671524
[2026-06-26 14:20:10,483][root][INFO] - Val leaf stats: tensor([1.3503e-03, 6.2112e-03, 0.0000e+00, 0.0000e+00, 8.1015e-04, 1.3503e-03,
        9.2898e-02, 2.7005e-04, 3.1596e-02, 2.4305e-03, 1.0802e-03, 2.6141e-01,
        2.3684e-01, 3.6295e-01, 8.1015e-04, 0.0000e+00])
[2026-06-26 14:20:10,531][root][INFO] - reg loss: 4.090863751583412, entropy loss: 0.03191867666166337, leaf dev: 0.11292795836925507
[2026-06-26 14:20:10,532][root][INFO] - Val leaf stats: tensor([1.3503e-03, 7.8315e-03, 1.8904e-01, 5.6711e-03, 2.7005e-04, 5.6711e-03,
        3.4783e-01, 1.1612e-02, 1.5393e-02, 5.4010e-04, 2.7005e-04, 2.9544e-01,
        0.0000e+00, 1.7553e-02, 9.4518e-02, 7.0213e-03])
[2026-06-26 14:20:11,929][root][INFO] - Epoch: 41 | train acc: 0.7553, train loss: 17.38474052, valid acc: 0.6730, valid loss: 1.07173716, test acc: 0.6559, test loss: 1.10466381
[2026-06-26 14:20:13,488][root][INFO] - reg loss: 4.06983383366319, entropy loss: 0.03294026640961405, leaf dev: 0.138436421751976
[2026-06-26 14:20:13,490][root][INFO] - Val leaf stats: tensor([8.1015e-04, 2.7005e-04, 1.0343e-01, 6.7513e-03, 2.7005e-04, 2.5115e-02,
        0.0000e+00, 2.7005e-04, 2.1604e-02, 5.4010e-04, 2.4305e-03, 0.0000e+00,
        0.0000e+00, 4.3316e-01, 3.8752e-01, 1.7823e-02])
[2026-06-26 14:20:13,568][root][INFO] - reg loss: 4.130576899794281, entropy loss: 0.04280519448831433, leaf dev: 0.11913615465164185
[2026-06-26 14:20:13,569][root][INFO] - Val leaf stats: tensor([1.9228e-01, 1.8904e-03, 3.0408e-01, 1.0802e-03, 1.8904e-03, 2.7005e-04,
        0.0000e+00, 5.4010e-04, 0.0000e+00, 0.0000e+00, 4.9689e-02, 1.0802e-03,
        3.4297e-02, 3.7537e-01, 0.0000e+00, 3.7537e-02])
[2026-06-26 14:20:14,162][root][INFO] - reg loss: 4.1276950367161485, entropy loss: 0.03135342502081003, leaf dev: 0.09540262073278427
[2026-06-26 14:20:14,164][root][INFO] - Val leaf stats: tensor([0.0005, 0.0111, 0.2430, 0.0054, 0.0000, 0.0980, 0.2633, 0.0008, 0.0313,
        0.0035, 0.0302, 0.0011, 0.0011, 0.2298, 0.0783, 0.0024])
[2026-06-26 14:20:15,536][root][INFO] - reg loss: 4.186141983407443, entropy loss: 0.0373518461453133, leaf dev: 0.10282150655984879
[2026-06-26 14:20:15,538][root][INFO] - Val leaf stats: tensor([4.0508e-03, 5.4010e-04, 2.7005e-04, 1.2422e-02, 8.1015e-04, 3.6727e-02,
        2.7005e-04, 1.6203e-03, 6.6703e-02, 2.1658e-01, 1.6203e-03, 3.5107e-03,
        3.2001e-01, 5.5901e-02, 2.4845e-01, 3.0516e-02])
[2026-06-26 14:20:16,367][root][INFO] - reg loss: 4.16239929980919, entropy loss: 0.03561075343216052, leaf dev: 0.09453894197940826
[2026-06-26 14:20:16,369][root][INFO] - Val leaf stats: tensor([0.0000e+00, 0.0000e+00, 2.1874e-02, 2.7005e-04, 2.1550e-01, 3.7537e-02,
        5.1580e-02, 1.8499e-01, 1.2692e-02, 0.0000e+00, 2.8355e-02, 7.4534e-02,
        4.0238e-02, 5.4010e-04, 3.2109e-01, 1.0802e-02])
[2026-06-26 14:20:16,437][root][INFO] - Epoch: 41 | train acc: 0.8154, train loss: 2.58112320, valid acc: 0.7218, valid loss: 0.91393113, test acc: 0.7101, test loss: 0.93089390
[2026-06-26 14:20:17,655][root][INFO] - reg loss: 4.1704803842013, entropy loss: 0.028317044870775254, leaf dev: 0.0897965058684349
[2026-06-26 14:20:17,656][root][INFO] - Val leaf stats: tensor([0.0003, 0.0005, 0.1593, 0.0302, 0.0003, 0.0878, 0.1547, 0.0745, 0.0000,
        0.0000, 0.0008, 0.0003, 0.0000, 0.2687, 0.2185, 0.0041])
[2026-06-26 14:20:22,750][root][INFO] - Epoch: 40 | train acc: 0.8026, train loss: 17.05455655, valid acc: 0.7294, valid loss: 0.91661671, test acc: 0.6885, test loss: 1.00005477
[2026-06-26 14:20:22,937][root][INFO] - reg loss: 4.096318502895167, entropy loss: 0.032972801629392826, leaf dev: 0.12029145658016205
[2026-06-26 14:20:22,938][root][INFO] - Val leaf stats: tensor([2.7005e-04, 1.0802e-03, 4.5909e-03, 1.3503e-03, 4.2155e-01, 3.2676e-02,
        2.9706e-03, 0.0000e+00, 2.2549e-01, 2.7005e-04, 7.2914e-03, 2.0146e-01,
        9.6138e-02, 8.1015e-04, 0.0000e+00, 4.0508e-03])
[2026-06-26 14:20:29,349][root][INFO] - reg loss: 4.12390622154611, entropy loss: 0.0338018565576096, leaf dev: 0.08673841506242752
[2026-06-26 14:20:29,350][root][INFO] - Val leaf stats: tensor([0.0003, 0.0011, 0.1258, 0.0008, 0.0365, 0.2217, 0.2471, 0.0502, 0.0081,
        0.0005, 0.0543, 0.0022, 0.0500, 0.1998, 0.0008, 0.0008])
[2026-06-26 14:20:30,887][root][INFO] - Epoch: 40 | train acc: 0.8972, train loss: 4.39606689, valid acc: 0.7661, valid loss: 0.90725031, test acc: 0.7607, test loss: 0.86476863
[2026-06-26 14:20:37,300][root][INFO] - reg loss: 4.093055287345511, entropy loss: 0.03766678811096754, leaf dev: 0.12107633799314499
[2026-06-26 14:20:37,301][root][INFO] - Val leaf stats: tensor([2.7005e-04, 4.8609e-03, 1.6203e-03, 0.0000e+00, 2.1604e-03, 8.1015e-04,
        2.7005e-04, 0.0000e+00, 0.0000e+00, 3.5566e-01, 2.4305e-03, 2.0038e-01,
        3.3405e-01, 5.7521e-02, 2.2414e-02, 1.7553e-02])
[2026-06-26 14:20:45,060][root][INFO] - Epoch: 41 | train acc: 0.7819, train loss: 33.11443873, valid acc: 0.6816, valid loss: 1.03180137, test acc: 0.6667, test loss: 1.06280322
[2026-06-26 14:20:47,575][root][INFO] - Epoch: 42 | train acc: 0.8839, train loss: 16.63259206, valid acc: 0.7561, valid loss: 0.93349464, test acc: 0.7275, test loss: 0.96322198
[2026-06-26 14:20:50,274][root][INFO] - reg loss: 4.061616154967761, entropy loss: 0.030093159679262363, leaf dev: 0.11656514555215836
[2026-06-26 14:20:50,276][root][INFO] - Val leaf stats: tensor([2.4305e-03, 2.7005e-04, 3.0435e-01, 1.8904e-03, 2.7005e-04, 2.6465e-02,
        2.3602e-01, 2.4305e-03, 1.6203e-03, 5.4010e-04, 5.4010e-04, 0.0000e+00,
        6.5352e-02, 2.7005e-04, 3.3540e-01, 2.2144e-02])
[2026-06-26 14:20:51,605][root][INFO] - Epoch: 42 | train acc: 0.8857, train loss: 8.51929726, valid acc: 0.7640, valid loss: 0.92100975, test acc: 0.7472, test loss: 0.93903966
[2026-06-26 14:20:52,217][root][INFO] - Epoch: 41 | train acc: 0.8648, train loss: 4.52253392, valid acc: 0.7702, valid loss: 0.84077474, test acc: 0.7378, test loss: 0.88967383
[2026-06-26 14:20:52,265][root][INFO] - Epoch: 42 | train acc: 0.8038, train loss: 0.57942669, valid acc: 0.7272, valid loss: 0.90316848, test acc: 0.6932, test loss: 1.00124235
[2026-06-26 14:20:52,751][root][INFO] - Epoch: 41 | train acc: 0.7936, train loss: 2.63455741, valid acc: 0.7154, valid loss: 0.91658120, test acc: 0.6922, test loss: 0.97419335
[2026-06-26 14:20:52,861][root][INFO] - Epoch: 42 | train acc: 0.9127, train loss: 8.42935007, valid acc: 0.7885, valid loss: 0.84247797, test acc: 0.7698, test loss: 0.82820560
[2026-06-26 14:20:53,115][root][INFO] - Epoch: 41 | train acc: 0.7366, train loss: 4.91179827, valid acc: 0.6713, valid loss: 1.02997626, test acc: 0.6409, test loss: 1.09295713
[2026-06-26 14:20:53,467][root][INFO] - reg loss: 4.0724094891157305, entropy loss: 0.039666385741018856, leaf dev: 0.15292033553123474
[2026-06-26 14:20:53,467][root][INFO] - Val leaf stats: tensor([0.0000e+00, 4.6989e-02, 1.3503e-03, 2.7005e-04, 0.0000e+00, 8.1015e-04,
        0.0000e+00, 2.4305e-03, 5.4010e-04, 0.0000e+00, 1.0802e-03, 0.0000e+00,
        5.0608e-01, 4.4829e-02, 3.9103e-01, 4.5909e-03])
[2026-06-26 14:20:53,482][root][INFO] - Epoch: 41 | train acc: 0.8343, train loss: 32.74745491, valid acc: 0.7435, valid loss: 0.91627301, test acc: 0.7192, test loss: 0.97306038
[2026-06-26 14:20:53,509][root][INFO] - Epoch: 42 | train acc: 0.7904, train loss: 4.67583989, valid acc: 0.7062, valid loss: 0.96790197, test acc: 0.6848, test loss: 1.03288930
[2026-06-26 14:20:55,970][root][INFO] - Epoch: 41 | train acc: 0.7721, train loss: 8.89211677, valid acc: 0.7140, valid loss: 0.95594069, test acc: 0.6981, test loss: 0.92388212
[2026-06-26 14:20:56,541][root][INFO] - Epoch: 41 | train acc: 0.8956, train loss: 2.37726465, valid acc: 0.7775, valid loss: 0.90827388, test acc: 0.7521, test loss: 0.90118224
[2026-06-26 14:20:56,945][root][INFO] - reg loss: 4.087066837998687, entropy loss: 0.0350807894815187, leaf dev: 0.11990213394165039
[2026-06-26 14:20:56,947][root][INFO] - Val leaf stats: tensor([2.7005e-04, 0.0000e+00, 1.0802e-03, 2.7005e-04, 5.4010e-04, 6.4002e-02,
        0.0000e+00, 8.1015e-04, 1.0802e-03, 3.8968e-01, 4.0508e-03, 2.6276e-01,
        2.2576e-01, 2.9706e-03, 4.6449e-02, 2.7005e-04])
[2026-06-26 14:20:57,108][root][INFO] - Epoch: 42 | train acc: 0.9043, train loss: 2.38233522, valid acc: 0.7759, valid loss: 0.86364091, test acc: 0.7526, test loss: 0.91350424
[2026-06-26 14:20:57,430][root][INFO] - reg loss: 4.1323038867262545, entropy loss: 0.02823618497149866, leaf dev: 0.09933836758136749
[2026-06-26 14:20:57,431][root][INFO] - Val leaf stats: tensor([8.4526e-02, 2.1604e-03, 2.1172e-01, 8.1015e-04, 0.0000e+00, 3.2406e-03,
        2.7005e-04, 2.4305e-03, 2.7005e-03, 8.1015e-04, 3.1569e-01, 1.8120e-01,
        3.7537e-02, 1.5690e-01, 0.0000e+00, 0.0000e+00])
[2026-06-26 14:20:57,648][root][INFO] - reg loss: 4.140776665484319, entropy loss: 0.03175551752697249, leaf dev: 0.09161022305488586
[2026-06-26 14:20:57,650][root][INFO] - Val leaf stats: tensor([0.0011, 0.0000, 0.0019, 0.0000, 0.0113, 0.2174, 0.0084, 0.0000, 0.1979,
        0.0362, 0.2463, 0.1888, 0.0014, 0.0362, 0.0532, 0.0000])
[2026-06-26 14:20:58,105][root][INFO] - reg loss: 4.087503112730433, entropy loss: 0.03196006882019707, leaf dev: 0.11435648798942566
[2026-06-26 14:20:58,107][root][INFO] - Val leaf stats: tensor([1.8904e-03, 8.3716e-03, 1.8201e-01, 5.6711e-03, 2.7005e-04, 6.2112e-03,
        3.5593e-01, 1.1612e-02, 8.9117e-03, 5.4010e-04, 5.4010e-04, 2.9922e-01,
        0.0000e+00, 1.9444e-02, 9.2358e-02, 7.0213e-03])
[2026-06-26 14:20:58,107][root][INFO] - Epoch: 41 | train acc: 0.7831, train loss: 0.63052355, valid acc: 0.7032, valid loss: 0.95708992, test acc: 0.6865, test loss: 0.97968208
[2026-06-26 14:20:58,190][root][INFO] - reg loss: 4.08005615140571, entropy loss: 0.037862493671843266, leaf dev: 0.11687958985567093
[2026-06-26 14:20:58,192][root][INFO] - Val leaf stats: tensor([1.3503e-03, 6.2112e-03, 0.0000e+00, 0.0000e+00, 8.1015e-04, 1.3503e-03,
        9.5058e-02, 2.7005e-04, 3.6997e-02, 2.4305e-03, 2.7005e-04, 2.4089e-01,
        2.2684e-01, 3.8401e-01, 2.9706e-03, 5.4010e-04])
[2026-06-26 14:20:58,502][root][INFO] - reg loss: 4.1514886559033, entropy loss: 0.034500120085526685, leaf dev: 0.09626127779483795
[2026-06-26 14:20:58,503][root][INFO] - Val leaf stats: tensor([0.0014, 0.0008, 0.0853, 0.0005, 0.0529, 0.2509, 0.2522, 0.2295, 0.1099,
        0.0073, 0.0000, 0.0019, 0.0038, 0.0008, 0.0024, 0.0003])
[2026-06-26 14:20:58,672][root][INFO] - reg loss: 4.032693214103824, entropy loss: 0.0382142362535977, leaf dev: 0.1784522831439972
[2026-06-26 14:20:58,673][root][INFO] - Val leaf stats: tensor([0.0000e+00, 1.8904e-03, 1.3503e-03, 2.7005e-04, 5.4010e-04, 8.1015e-04,
        0.0000e+00, 5.6711e-03, 0.0000e+00, 1.6203e-03, 2.7005e-04, 0.0000e+00,
        6.6082e-01, 2.4305e-03, 3.2163e-01, 2.7005e-03])
[2026-06-26 14:20:58,883][root][INFO] - Epoch: 42 | train acc: 0.7578, train loss: 17.35383987, valid acc: 0.6713, valid loss: 1.09425669, test acc: 0.6446, test loss: 1.11400054
[2026-06-26 14:20:58,992][root][INFO] - reg loss: 4.0741069355949024, entropy loss: 0.032394489792526744, leaf dev: 0.1394323855638504
[2026-06-26 14:20:58,993][root][INFO] - Val leaf stats: tensor([1.3503e-03, 1.0802e-03, 1.0667e-01, 6.4812e-03, 2.7005e-04, 2.4845e-02,
        0.0000e+00, 2.7005e-04, 1.1882e-02, 2.7005e-04, 5.4010e-04, 0.0000e+00,
        2.7005e-04, 4.2587e-01, 4.0022e-01, 1.9984e-02])
[2026-06-26 14:21:01,147][root][INFO] - reg loss: 4.1194670552113015, entropy loss: 0.030542055450257708, leaf dev: 0.1001424640417099
[2026-06-26 14:21:01,150][root][INFO] - Val leaf stats: tensor([8.1015e-04, 7.0213e-03, 2.1982e-01, 4.3208e-03, 0.0000e+00, 9.9109e-02,
        3.1056e-01, 5.4010e-04, 2.6465e-02, 1.3503e-03, 1.5933e-02, 2.7005e-04,
        8.1015e-04, 2.2333e-01, 8.6146e-02, 3.5107e-03])
[2026-06-26 14:21:01,888][root][INFO] - reg loss: 4.1834939346938835, entropy loss: 0.0382947282957249, leaf dev: 0.10133665055036545
[2026-06-26 14:21:01,889][root][INFO] - Val leaf stats: tensor([6.2112e-03, 8.1015e-04, 5.4010e-04, 1.2152e-02, 1.0802e-03, 3.7537e-02,
        2.7005e-04, 8.1015e-04, 6.5352e-02, 2.3386e-01, 1.6203e-03, 3.2406e-03,
        2.9949e-01, 5.5901e-02, 2.4926e-01, 3.1866e-02])
[2026-06-26 14:21:02,106][root][INFO] - reg loss: 4.12817699401105, entropy loss: 0.042923577251981516, leaf dev: 0.11817210167646408
[2026-06-26 14:21:02,108][root][INFO] - Val leaf stats: tensor([2.0524e-01, 1.8904e-03, 2.9274e-01, 5.4010e-04, 2.1604e-03, 2.7005e-04,
        0.0000e+00, 5.4010e-04, 0.0000e+00, 0.0000e+00, 4.9149e-02, 1.8904e-03,
        3.5647e-02, 3.7294e-01, 0.0000e+00, 3.6997e-02])
[2026-06-26 14:21:03,647][root][INFO] - Epoch: 42 | train acc: 0.8167, train loss: 2.56948045, valid acc: 0.7283, valid loss: 0.89107101, test acc: 0.7123, test loss: 0.93401285
[2026-06-26 14:21:03,960][root][INFO] - reg loss: 4.159269106192667, entropy loss: 0.0350614178803612, leaf dev: 0.0841061919927597
[2026-06-26 14:21:03,962][root][INFO] - Val leaf stats: tensor([0.0000, 0.0000, 0.0238, 0.0003, 0.2063, 0.0402, 0.0564, 0.1847, 0.0014,
        0.0005, 0.0656, 0.0959, 0.0610, 0.0003, 0.2633, 0.0003])
[2026-06-26 14:21:04,861][root][INFO] - reg loss: 4.165550020874524, entropy loss: 0.027582498053546813, leaf dev: 0.08640111237764359
[2026-06-26 14:21:04,862][root][INFO] - Val leaf stats: tensor([0.0000, 0.0005, 0.1912, 0.0197, 0.0003, 0.0772, 0.2109, 0.1126, 0.0000,
        0.0000, 0.0000, 0.0000, 0.0005, 0.2155, 0.1672, 0.0043])
[2026-06-26 14:21:09,813][root][INFO] - reg loss: 4.09605929890617, entropy loss: 0.03306271841169381, leaf dev: 0.11898547410964966
[2026-06-26 14:21:09,815][root][INFO] - Val leaf stats: tensor([2.7005e-04, 1.3503e-03, 4.3208e-03, 1.3503e-03, 4.0886e-01, 3.1056e-02,
        2.9706e-03, 0.0000e+00, 2.3846e-01, 2.7005e-04, 9.4518e-03, 2.0200e-01,
        9.4518e-02, 1.0802e-03, 2.7005e-04, 3.7807e-03])
[2026-06-26 14:21:10,303][root][INFO] - Epoch: 41 | train acc: 0.7782, train loss: 17.18032374, valid acc: 0.6981, valid loss: 1.00938585, test acc: 0.6726, test loss: 1.05930520
[2026-06-26 14:21:16,758][root][INFO] - reg loss: 4.127251515622999, entropy loss: 0.034444235570606635, leaf dev: 0.08466780930757523
[2026-06-26 14:21:16,759][root][INFO] - Val leaf stats: tensor([0.0003, 0.0019, 0.1040, 0.0008, 0.0346, 0.2217, 0.2493, 0.0448, 0.0154,
        0.0000, 0.0672, 0.0003, 0.0681, 0.1880, 0.0011, 0.0027])
[2026-06-26 14:21:20,055][root][INFO] - Epoch: 41 | train acc: 0.8985, train loss: 4.39407243, valid acc: 0.7624, valid loss: 0.88279409, test acc: 0.7523, test loss: 0.88813755
[2026-06-26 14:21:26,496][root][INFO] - reg loss: 4.090809235807325, entropy loss: 0.03761521506993497, leaf dev: 0.1259201169013977
[2026-06-26 14:21:26,497][root][INFO] - Val leaf stats: tensor([5.4010e-04, 4.3208e-03, 1.6203e-03, 0.0000e+00, 1.3503e-03, 8.1015e-04,
        2.7005e-04, 0.0000e+00, 5.4010e-04, 3.9941e-01, 4.3208e-03, 1.9579e-01,
        3.1677e-01, 3.5107e-02, 2.6465e-02, 1.2692e-02])
[2026-06-26 14:21:30,982][root][INFO] - Epoch: 42 | train acc: 0.7583, train loss: 33.26129482, valid acc: 0.7029, valid loss: 0.94732950, test acc: 0.6765, test loss: 0.99193195
[2026-06-26 14:21:34,833][root][INFO] - Epoch: 43 | train acc: 0.8826, train loss: 16.65567783, valid acc: 0.7421, valid loss: 0.98324271, test acc: 0.7219, test loss: 0.99581346
[2026-06-26 14:21:36,384][root][INFO] - reg loss: 4.070974748642718, entropy loss: 0.030846898001236994, leaf dev: 0.11928102374076843
[2026-06-26 14:21:36,385][root][INFO] - Val leaf stats: tensor([2.1604e-03, 0.0000e+00, 2.9355e-01, 1.6203e-03, 2.7005e-04, 2.7545e-02,
        2.6060e-01, 4.5909e-03, 1.8904e-03, 2.7005e-04, 5.4010e-04, 0.0000e+00,
        5.9951e-02, 8.1015e-04, 3.4270e-01, 3.5107e-03])
[2026-06-26 14:21:38,490][root][INFO] - Epoch: 42 | train acc: 0.8685, train loss: 4.50827759, valid acc: 0.7610, valid loss: 0.87299025, test acc: 0.7410, test loss: 0.89594819
[2026-06-26 14:21:39,273][root][INFO] - Epoch: 43 | train acc: 0.8874, train loss: 8.52754948, valid acc: 0.7734, valid loss: 0.90554108, test acc: 0.7516, test loss: 0.90666733
[2026-06-26 14:21:39,652][root][INFO] - Epoch: 43 | train acc: 0.8070, train loss: 0.56663799, valid acc: 0.7213, valid loss: 0.91430488, test acc: 0.7050, test loss: 0.96181297
[2026-06-26 14:21:40,505][root][INFO] - reg loss: 4.076506661587074, entropy loss: 0.03962412781891276, leaf dev: 0.15116259455680847
[2026-06-26 14:21:40,506][root][INFO] - Val leaf stats: tensor([2.7005e-04, 4.6449e-02, 8.1015e-04, 8.1015e-04, 0.0000e+00, 8.1015e-04,
        0.0000e+00, 4.3208e-03, 0.0000e+00, 0.0000e+00, 4.3208e-03, 1.3503e-03,
        5.0824e-01, 5.1040e-02, 3.7699e-01, 4.5909e-03])
[2026-06-26 14:21:40,509][root][INFO] - Epoch: 43 | train acc: 0.9121, train loss: 8.42147125, valid acc: 0.7869, valid loss: 0.83173657, test acc: 0.7732, test loss: 0.82791287
[2026-06-26 14:21:40,517][root][INFO] - Epoch: 42 | train acc: 0.7936, train loss: 2.63673954, valid acc: 0.7097, valid loss: 0.94325203, test acc: 0.6919, test loss: 0.97847386
[2026-06-26 14:21:40,929][root][INFO] - Epoch: 42 | train acc: 0.7434, train loss: 4.88558669, valid acc: 0.6732, valid loss: 1.00498944, test acc: 0.6460, test loss: 1.10295093
[2026-06-26 14:21:41,139][root][INFO] - Epoch: 42 | train acc: 0.8477, train loss: 32.70383954, valid acc: 0.7540, valid loss: 0.88700269, test acc: 0.7285, test loss: 0.96768174
[2026-06-26 14:21:41,314][root][INFO] - Epoch: 43 | train acc: 0.7948, train loss: 4.66478986, valid acc: 0.7032, valid loss: 0.96277513, test acc: 0.6789, test loss: 1.02647866
[2026-06-26 14:21:43,134][root][INFO] - Epoch: 42 | train acc: 0.8992, train loss: 2.37543801, valid acc: 0.7723, valid loss: 0.92193425, test acc: 0.7479, test loss: 0.91608890
[2026-06-26 14:21:43,193][root][INFO] - Epoch: 42 | train acc: 0.7857, train loss: 8.84187209, valid acc: 0.7243, valid loss: 0.89969037, test acc: 0.7067, test loss: 0.89777846
[2026-06-26 14:21:43,814][root][INFO] - Epoch: 43 | train acc: 0.9082, train loss: 2.36970088, valid acc: 0.7802, valid loss: 0.86518043, test acc: 0.7494, test loss: 0.92259867
[2026-06-26 14:21:44,007][root][INFO] - reg loss: 4.128664946946942, entropy loss: 0.027705695693854424, leaf dev: 0.10071337968111038
[2026-06-26 14:21:44,009][root][INFO] - Val leaf stats: tensor([8.3446e-02, 1.6203e-03, 2.1550e-01, 8.1015e-04, 0.0000e+00, 3.2406e-03,
        2.7005e-04, 2.4305e-03, 3.2406e-03, 8.1015e-04, 3.2460e-01, 1.7958e-01,
        3.4837e-02, 1.4961e-01, 0.0000e+00, 0.0000e+00])
[2026-06-26 14:21:44,152][root][INFO] - reg loss: 4.090826198702953, entropy loss: 0.03503574559190234, leaf dev: 0.11772440373897552
[2026-06-26 14:21:44,154][root][INFO] - Val leaf stats: tensor([2.7005e-04, 0.0000e+00, 1.0802e-03, 2.7005e-04, 5.4010e-04, 6.4002e-02,
        0.0000e+00, 8.1015e-04, 2.1604e-03, 3.7510e-01, 3.5107e-03, 2.5277e-01,
        2.4251e-01, 2.9706e-03, 5.3470e-02, 5.4010e-04])
[2026-06-26 14:21:45,134][root][INFO] - reg loss: 4.142552985519659, entropy loss: 0.03208154250608116, leaf dev: 0.09612546861171722
[2026-06-26 14:21:45,135][root][INFO] - Val leaf stats: tensor([1.0802e-03, 0.0000e+00, 8.1015e-04, 0.0000e+00, 1.1882e-02, 1.3854e-01,
        1.1612e-02, 1.0802e-03, 2.0605e-01, 3.1326e-02, 3.0975e-01, 1.9444e-01,
        2.7005e-04, 3.9427e-02, 5.3740e-02, 0.0000e+00])
[2026-06-26 14:21:45,616][root][INFO] - reg loss: 4.152031257504323, entropy loss: 0.03302506155899314, leaf dev: 0.09508802741765976
[2026-06-26 14:21:45,618][root][INFO] - Val leaf stats: tensor([0.0011, 0.0008, 0.0975, 0.0003, 0.0559, 0.2493, 0.2493, 0.2247, 0.1032,
        0.0095, 0.0000, 0.0016, 0.0041, 0.0005, 0.0019, 0.0005])
[2026-06-26 14:21:45,799][root][INFO] - Epoch: 43 | train acc: 0.7563, train loss: 17.32312084, valid acc: 0.6794, valid loss: 1.06968456, test acc: 0.6561, test loss: 1.09890411
[2026-06-26 14:21:45,903][root][INFO] - reg loss: 4.078393803268183, entropy loss: 0.037805020137399926, leaf dev: 0.11805766820907593
[2026-06-26 14:21:45,905][root][INFO] - Val leaf stats: tensor([0.0014, 0.0062, 0.0000, 0.0000, 0.0008, 0.0014, 0.0924, 0.0008, 0.0316,
        0.0005, 0.0011, 0.2436, 0.2309, 0.3864, 0.0024, 0.0005])
[2026-06-26 14:21:45,945][root][INFO] - reg loss: 4.087363532332123, entropy loss: 0.03162329173723205, leaf dev: 0.11501886695623398
[2026-06-26 14:21:45,946][root][INFO] - Val leaf stats: tensor([0.0035, 0.0030, 0.1877, 0.0035, 0.0005, 0.0059, 0.3557, 0.0116, 0.0073,
        0.0005, 0.0005, 0.2987, 0.0000, 0.0176, 0.0969, 0.0070])
[2026-06-26 14:21:46,367][root][INFO] - Epoch: 42 | train acc: 0.7824, train loss: 0.62507972, valid acc: 0.7086, valid loss: 0.93078756, test acc: 0.6865, test loss: 0.97728478
[2026-06-26 14:21:46,439][root][INFO] - reg loss: 4.073971044821818, entropy loss: 0.03227069720503737, leaf dev: 0.1376003623008728
[2026-06-26 14:21:46,440][root][INFO] - Val leaf stats: tensor([1.6203e-03, 1.0802e-03, 1.1045e-01, 7.5614e-03, 2.7005e-04, 2.5385e-02,
        0.0000e+00, 5.4010e-04, 1.4853e-02, 5.4010e-04, 1.6203e-03, 0.0000e+00,
        0.0000e+00, 4.1750e-01, 3.9833e-01, 2.0254e-02])
[2026-06-26 14:21:46,707][root][INFO] - reg loss: 4.032582470628082, entropy loss: 0.038109747662407455, leaf dev: 0.17647811770439148
[2026-06-26 14:21:46,708][root][INFO] - Val leaf stats: tensor([0.0000e+00, 1.8904e-03, 1.3503e-03, 2.7005e-04, 5.4010e-04, 8.1015e-04,
        0.0000e+00, 5.6711e-03, 0.0000e+00, 2.4305e-03, 2.7005e-04, 0.0000e+00,
        6.4542e-01, 2.4305e-03, 3.3621e-01, 2.7005e-03])
[2026-06-26 14:21:48,371][root][INFO] - reg loss: 4.131764146148181, entropy loss: 0.043355026816735504, leaf dev: 0.1187627837061882
[2026-06-26 14:21:48,372][root][INFO] - Val leaf stats: tensor([1.8985e-01, 1.6203e-03, 3.1056e-01, 1.0802e-03, 2.1604e-03, 2.7005e-04,
        0.0000e+00, 5.4010e-04, 0.0000e+00, 0.0000e+00, 3.9968e-02, 8.6416e-03,
        3.6187e-02, 3.7024e-01, 0.0000e+00, 3.8887e-02])
[2026-06-26 14:21:48,700][root][INFO] - reg loss: 4.1139000908273164, entropy loss: 0.02922842856191221, leaf dev: 0.10049174726009369
[2026-06-26 14:21:48,701][root][INFO] - Val leaf stats: tensor([2.7005e-04, 1.4853e-02, 2.7707e-01, 5.6711e-03, 0.0000e+00, 7.4264e-02,
        2.7788e-01, 5.4010e-04, 2.8895e-02, 1.3503e-03, 1.3233e-02, 0.0000e+00,
        1.0802e-03, 2.1307e-01, 8.8307e-02, 3.5107e-03])
[2026-06-26 14:21:49,524][root][INFO] - reg loss: 4.182752460729881, entropy loss: 0.03839789398136686, leaf dev: 0.10237578302621841
[2026-06-26 14:21:49,525][root][INFO] - Val leaf stats: tensor([0.0059, 0.0005, 0.0005, 0.0122, 0.0014, 0.0373, 0.0000, 0.0011, 0.0724,
        0.2250, 0.0016, 0.0032, 0.2919, 0.0416, 0.2725, 0.0329])
[2026-06-26 14:21:50,658][root][INFO] - Epoch: 43 | train acc: 0.8215, train loss: 2.56578584, valid acc: 0.7270, valid loss: 0.90429772, test acc: 0.7140, test loss: 0.97379836
[2026-06-26 14:21:51,454][root][INFO] - reg loss: 4.1558404750511295, entropy loss: 0.02649730553881067, leaf dev: 0.0873870924115181
[2026-06-26 14:21:51,455][root][INFO] - Val leaf stats: tensor([0.0003, 0.0005, 0.1944, 0.0194, 0.0003, 0.0929, 0.2017, 0.0956, 0.0000,
        0.0000, 0.0000, 0.0000, 0.0019, 0.2403, 0.1504, 0.0022])
[2026-06-26 14:21:52,474][root][INFO] - reg loss: 4.159294597438125, entropy loss: 0.03493322648840849, leaf dev: 0.08474501222372055
[2026-06-26 14:21:52,476][root][INFO] - Val leaf stats: tensor([0.0000e+00, 0.0000e+00, 2.2684e-02, 2.7005e-04, 1.9741e-01, 5.0500e-02,
        5.6441e-02, 1.8580e-01, 2.1604e-03, 0.0000e+00, 5.2660e-02, 9.0737e-02,
        6.5893e-02, 8.1015e-04, 2.7410e-01, 5.4010e-04])
[2026-06-26 14:21:56,752][root][INFO] - reg loss: 4.100462561748067, entropy loss: 0.032941644125785985, leaf dev: 0.12113326787948608
[2026-06-26 14:21:56,754][root][INFO] - Val leaf stats: tensor([2.7005e-04, 1.0802e-03, 4.3208e-03, 5.4010e-04, 4.4991e-01, 7.2644e-02,
        2.9706e-03, 0.0000e+00, 1.7526e-01, 2.7005e-04, 6.7513e-03, 1.8769e-01,
        9.4248e-02, 1.8904e-03, 1.6203e-03, 5.4010e-04])
[2026-06-26 14:21:57,722][root][INFO] - Epoch: 42 | train acc: 0.7744, train loss: 17.17161485, valid acc: 0.7102, valid loss: 0.96717138, test acc: 0.6802, test loss: 1.06273309
[2026-06-26 14:22:04,316][root][INFO] - reg loss: 4.1281087593954116, entropy loss: 0.028179735067437907, leaf dev: 0.09272389113903046
[2026-06-26 14:22:04,318][root][INFO] - Val leaf stats: tensor([0.0000e+00, 2.7005e-03, 1.0640e-01, 5.4010e-04, 3.1866e-02, 2.1793e-01,
        2.9382e-01, 7.0213e-03, 1.5663e-02, 0.0000e+00, 6.5622e-02, 2.7005e-04,
        6.2652e-02, 1.9174e-01, 5.4010e-04, 3.2406e-03])
[2026-06-26 14:22:07,168][root][INFO] - Epoch: 42 | train acc: 0.8987, train loss: 4.38831366, valid acc: 0.7607, valid loss: 0.89642348, test acc: 0.7494, test loss: 0.90286595
[2026-06-26 14:22:13,112][root][INFO] - reg loss: 4.087489526779925, entropy loss: 0.03772160557449841, leaf dev: 0.12225848436355591
[2026-06-26 14:22:13,114][root][INFO] - Val leaf stats: tensor([0.0000e+00, 4.8609e-03, 1.6203e-03, 0.0000e+00, 2.4305e-03, 8.1015e-04,
        2.7005e-04, 0.0000e+00, 2.7005e-04, 3.7105e-01, 2.9706e-03, 1.9795e-01,
        3.2622e-01, 4.8069e-02, 2.9706e-02, 1.3773e-02])
[2026-06-26 14:22:18,243][root][INFO] - Epoch: 43 | train acc: 0.7718, train loss: 33.14542089, valid acc: 0.7000, valid loss: 0.92110489, test acc: 0.6856, test loss: 0.97645852
[2026-06-26 14:22:22,885][root][INFO] - Epoch: 44 | train acc: 0.8796, train loss: 16.66773568, valid acc: 0.7556, valid loss: 0.96235704, test acc: 0.7224, test loss: 1.01260624
[2026-06-26 14:22:23,968][root][INFO] - reg loss: 4.062562450033719, entropy loss: 0.031075077955840063, leaf dev: 0.12072604149580002
[2026-06-26 14:22:23,969][root][INFO] - Val leaf stats: tensor([3.2406e-03, 0.0000e+00, 3.1596e-01, 1.8904e-03, 2.7005e-04, 2.7815e-02,
        2.7032e-01, 0.0000e+00, 1.6203e-03, 5.4010e-04, 8.1015e-04, 0.0000e+00,
        5.0770e-02, 2.7005e-04, 3.2379e-01, 2.7005e-03])
[2026-06-26 14:22:25,426][root][INFO] - Epoch: 44 | train acc: 0.9036, train loss: 8.46511345, valid acc: 0.7756, valid loss: 0.87649289, test acc: 0.7526, test loss: 0.92685248
[2026-06-26 14:22:26,097][root][INFO] - Epoch: 43 | train acc: 0.8746, train loss: 4.48485990, valid acc: 0.7659, valid loss: 0.86324188, test acc: 0.7378, test loss: 0.89891803
[2026-06-26 14:22:26,938][root][INFO] - Epoch: 44 | train acc: 0.8149, train loss: 0.53842080, valid acc: 0.7372, valid loss: 0.88862987, test acc: 0.7096, test loss: 0.95358636
[2026-06-26 14:22:27,362][root][INFO] - Epoch: 44 | train acc: 0.7961, train loss: 4.66358849, valid acc: 0.7135, valid loss: 0.96110733, test acc: 0.6745, test loss: 1.03386040
[2026-06-26 14:22:27,630][root][INFO] - Epoch: 43 | train acc: 0.7513, train loss: 4.86693674, valid acc: 0.6797, valid loss: 1.00162800, test acc: 0.6551, test loss: 1.07451507
[2026-06-26 14:22:27,848][root][INFO] - Epoch: 44 | train acc: 0.9200, train loss: 8.40785666, valid acc: 0.7891, valid loss: 0.82435558, test acc: 0.7695, test loss: 0.84204857
[2026-06-26 14:22:27,954][root][INFO] - reg loss: 4.075194616786769, entropy loss: 0.038339318829726, leaf dev: 0.1536651998758316
[2026-06-26 14:22:27,955][root][INFO] - Val leaf stats: tensor([0.0000e+00, 5.3470e-02, 1.3503e-03, 2.7005e-04, 0.0000e+00, 8.1015e-04,
        0.0000e+00, 4.8609e-03, 0.0000e+00, 0.0000e+00, 1.6203e-03, 2.1604e-03,
        5.1850e-01, 3.4567e-02, 3.7915e-01, 3.2406e-03])
[2026-06-26 14:22:28,541][root][INFO] - Epoch: 43 | train acc: 0.7998, train loss: 2.61863137, valid acc: 0.7116, valid loss: 0.92888483, test acc: 0.6969, test loss: 0.97337258
[2026-06-26 14:22:28,933][root][INFO] - Epoch: 43 | train acc: 0.8529, train loss: 32.68696851, valid acc: 0.7524, valid loss: 0.85536917, test acc: 0.7302, test loss: 0.93878175
[2026-06-26 14:22:30,907][root][INFO] - reg loss: 4.0855144438196405, entropy loss: 0.035316011150840855, leaf dev: 0.11554720252752304
[2026-06-26 14:22:30,908][root][INFO] - Val leaf stats: tensor([2.7005e-04, 0.0000e+00, 1.0802e-03, 2.7005e-04, 1.3503e-03, 6.3192e-02,
        0.0000e+00, 5.4010e-04, 5.4010e-04, 3.4891e-01, 2.9706e-03, 2.5817e-01,
        2.5790e-01, 2.1604e-03, 6.2112e-02, 5.4010e-04])
[2026-06-26 14:22:31,290][root][INFO] - Epoch: 43 | train acc: 0.7934, train loss: 8.81392265, valid acc: 0.7213, valid loss: 0.90404553, test acc: 0.7027, test loss: 0.91449085
[2026-06-26 14:22:31,405][root][INFO] - Epoch: 44 | train acc: 0.8904, train loss: 2.43201255, valid acc: 0.7478, valid loss: 0.94102967, test acc: 0.7256, test loss: 1.02678126
[2026-06-26 14:22:31,420][root][INFO] - reg loss: 4.122311451396004, entropy loss: 0.027354505615400485, leaf dev: 0.1052168756723404
[2026-06-26 14:22:31,421][root][INFO] - Val leaf stats: tensor([8.2096e-02, 1.8904e-03, 2.1928e-01, 8.1015e-04, 0.0000e+00, 2.7005e-03,
        2.7005e-04, 2.4305e-03, 6.2112e-03, 8.1015e-04, 3.6241e-01, 1.5015e-01,
        3.4567e-02, 1.3638e-01, 0.0000e+00, 0.0000e+00])
[2026-06-26 14:22:31,425][root][INFO] - Epoch: 43 | train acc: 0.9006, train loss: 2.36249035, valid acc: 0.7810, valid loss: 0.88550929, test acc: 0.7585, test loss: 0.88620156
[2026-06-26 14:22:32,421][root][INFO] - Epoch: 44 | train acc: 0.7638, train loss: 17.31000594, valid acc: 0.6784, valid loss: 1.08593398, test acc: 0.6566, test loss: 1.12779766
[2026-06-26 14:22:32,518][root][INFO] - reg loss: 4.138917993326656, entropy loss: 0.030379047892132742, leaf dev: 0.09279821068048477
[2026-06-26 14:22:32,519][root][INFO] - Val leaf stats: tensor([1.0802e-03, 0.0000e+00, 1.3503e-03, 0.0000e+00, 1.2422e-02, 1.8336e-01,
        1.2692e-02, 8.1015e-04, 2.0065e-01, 2.8355e-02, 2.8058e-01, 1.8228e-01,
        2.7005e-04, 4.1318e-02, 5.4820e-02, 0.0000e+00])
[2026-06-26 14:22:32,756][root][INFO] - reg loss: 4.149168952566678, entropy loss: 0.03132501125457834, leaf dev: 0.09410519152879715
[2026-06-26 14:22:32,757][root][INFO] - Val leaf stats: tensor([0.0011, 0.0008, 0.0975, 0.0003, 0.0702, 0.2652, 0.2309, 0.2155, 0.1037,
        0.0073, 0.0000, 0.0011, 0.0030, 0.0005, 0.0022, 0.0008])
[2026-06-26 14:22:32,858][root][INFO] - reg loss: 4.076361538933926, entropy loss: 0.03250164392053104, leaf dev: 0.1371893286705017
[2026-06-26 14:22:32,859][root][INFO] - Val leaf stats: tensor([1.6203e-03, 1.0802e-03, 1.1423e-01, 8.6416e-03, 2.7005e-04, 2.5655e-02,
        0.0000e+00, 8.1015e-04, 8.6416e-03, 0.0000e+00, 1.8904e-03, 0.0000e+00,
        2.7005e-04, 4.0805e-01, 4.0481e-01, 2.4035e-02])
[2026-06-26 14:22:33,475][root][INFO] - reg loss: 4.078187231157647, entropy loss: 0.03773663846440003, leaf dev: 0.11768603324890137
[2026-06-26 14:22:33,476][root][INFO] - Val leaf stats: tensor([0.0014, 0.0073, 0.0000, 0.0000, 0.0011, 0.0011, 0.0978, 0.0008, 0.0240,
        0.0014, 0.0014, 0.2579, 0.2217, 0.3800, 0.0038, 0.0005])
[2026-06-26 14:22:33,907][root][INFO] - reg loss: 4.0898908396236235, entropy loss: 0.03141142751594059, leaf dev: 0.11186180263757706
[2026-06-26 14:22:33,909][root][INFO] - Val leaf stats: tensor([2.9706e-03, 5.4010e-03, 1.8904e-01, 3.5107e-03, 1.6203e-03, 5.6711e-03,
        3.3702e-01, 2.9706e-02, 6.7513e-03, 2.7005e-04, 5.4010e-04, 3.0084e-01,
        0.0000e+00, 1.9174e-02, 9.4788e-02, 2.7005e-03])
[2026-06-26 14:22:34,458][root][INFO] - reg loss: 4.031868418709177, entropy loss: 0.03843607234417415, leaf dev: 0.1757606565952301
[2026-06-26 14:22:34,459][root][INFO] - Val leaf stats: tensor([0.0000e+00, 8.1015e-04, 1.6203e-03, 0.0000e+00, 5.4010e-04, 5.4010e-04,
        0.0000e+00, 5.6711e-03, 0.0000e+00, 1.6203e-03, 2.7005e-04, 0.0000e+00,
        6.3759e-01, 2.7005e-03, 3.4540e-01, 3.2406e-03])
[2026-06-26 14:22:34,637][root][INFO] - Epoch: 43 | train acc: 0.7988, train loss: 0.57598000, valid acc: 0.7156, valid loss: 0.91555885, test acc: 0.6991, test loss: 0.96993277
[2026-06-26 14:22:36,792][root][INFO] - reg loss: 4.183294327532659, entropy loss: 0.03838577048211801, leaf dev: 0.11775347590446472
[2026-06-26 14:22:36,794][root][INFO] - Val leaf stats: tensor([5.4010e-03, 8.1015e-04, 2.7005e-04, 1.1882e-02, 1.0802e-03, 3.5377e-02,
        2.7005e-04, 1.0802e-03, 2.1874e-02, 6.8323e-02, 2.4305e-03, 2.7005e-04,
        3.4837e-01, 9.8029e-02, 3.6214e-01, 4.2398e-02])
[2026-06-26 14:22:36,852][root][INFO] - reg loss: 4.130520007649406, entropy loss: 0.042758523074329875, leaf dev: 0.11653974652290344
[2026-06-26 14:22:36,853][root][INFO] - Val leaf stats: tensor([2.2306e-01, 3.7807e-03, 2.7545e-01, 1.8904e-03, 1.8904e-03, 2.7005e-04,
        0.0000e+00, 5.4010e-04, 0.0000e+00, 0.0000e+00, 4.6719e-02, 2.1604e-03,
        3.8347e-02, 3.6808e-01, 0.0000e+00, 3.7807e-02])
[2026-06-26 14:22:36,944][root][INFO] - reg loss: 4.10987479569482, entropy loss: 0.028403762239413183, leaf dev: 0.09919789433479309
[2026-06-26 14:22:36,946][root][INFO] - Val leaf stats: tensor([2.7005e-04, 2.1064e-02, 2.6357e-01, 4.5909e-03, 0.0000e+00, 6.6703e-02,
        2.7815e-01, 8.1015e-04, 3.2406e-02, 8.1015e-04, 1.1612e-02, 2.7005e-04,
        8.1015e-04, 2.1793e-01, 9.8299e-02, 2.7005e-03])
[2026-06-26 14:22:37,310][root][INFO] - Epoch: 44 | train acc: 0.8264, train loss: 2.55731389, valid acc: 0.7278, valid loss: 0.93143053, test acc: 0.7079, test loss: 0.96029727
[2026-06-26 14:22:38,228][root][INFO] - reg loss: 4.155209314627726, entropy loss: 0.027291204627664364, leaf dev: 0.0867232233285904
[2026-06-26 14:22:38,229][root][INFO] - Val leaf stats: tensor([0.0000, 0.0005, 0.1742, 0.0200, 0.0003, 0.1061, 0.2050, 0.0861, 0.0000,
        0.0000, 0.0000, 0.0000, 0.0024, 0.2363, 0.1674, 0.0016])
[2026-06-26 14:22:40,654][root][INFO] - reg loss: 4.1558725325787655, entropy loss: 0.03523516432061547, leaf dev: 0.08386427164077759
[2026-06-26 14:22:40,655][root][INFO] - Val leaf stats: tensor([0.0000e+00, 0.0000e+00, 2.1604e-02, 2.7005e-04, 2.0227e-01, 4.1318e-02,
        6.8863e-02, 1.7661e-01, 2.1334e-02, 5.4010e-04, 4.6989e-02, 6.8593e-02,
        7.3724e-02, 8.1015e-04, 2.7599e-01, 1.0802e-03])
[2026-06-26 14:22:43,353][root][INFO] - reg loss: 4.101096723900467, entropy loss: 0.032797177001589635, leaf dev: 0.11890295147895813
[2026-06-26 14:22:43,354][root][INFO] - Val leaf stats: tensor([2.7005e-04, 1.0802e-03, 4.5909e-03, 1.6203e-03, 4.1480e-01, 4.6449e-02,
        2.9706e-03, 0.0000e+00, 2.2765e-01, 2.7005e-04, 1.0262e-02, 2.0308e-01,
        8.4526e-02, 1.0802e-03, 1.0802e-03, 2.7005e-04])
[2026-06-26 14:22:44,246][root][INFO] - Epoch: 43 | train acc: 0.7775, train loss: 17.08122078, valid acc: 0.7092, valid loss: 0.95999667, test acc: 0.6873, test loss: 1.03257707
[2026-06-26 14:22:50,676][root][INFO] - reg loss: 4.109725037559134, entropy loss: 0.026791096497021737, leaf dev: 0.09054805338382721
[2026-06-26 14:22:50,677][root][INFO] - Val leaf stats: tensor([0.0000e+00, 2.7005e-03, 1.1612e-01, 5.4010e-04, 3.1056e-02, 2.1091e-01,
        2.7977e-01, 7.5614e-03, 1.5933e-02, 2.7005e-04, 6.8593e-02, 2.7005e-04,
        6.9403e-02, 1.9606e-01, 2.7005e-04, 5.4010e-04])
[2026-06-26 14:22:52,205][root][INFO] - Epoch: 43 | train acc: 0.9023, train loss: 4.38067648, valid acc: 0.7675, valid loss: 0.94808405, test acc: 0.7587, test loss: 0.88950495
[2026-06-26 14:22:58,500][root][INFO] - reg loss: 4.089475858406942, entropy loss: 0.03748526073015127, leaf dev: 0.1206960380077362
[2026-06-26 14:22:58,502][root][INFO] - Val leaf stats: tensor([0.0000e+00, 4.8609e-03, 1.3503e-03, 0.0000e+00, 2.4305e-03, 8.1015e-04,
        2.7005e-04, 0.0000e+00, 1.0802e-03, 3.5593e-01, 1.3503e-03, 2.0389e-01,
        3.2973e-01, 5.3740e-02, 2.9976e-02, 1.4583e-02])
[2026-06-26 14:23:06,417][root][INFO] - Epoch: 44 | train acc: 0.7799, train loss: 33.10253637, valid acc: 0.7062, valid loss: 0.92322204, test acc: 0.6836, test loss: 0.98442392
[2026-06-26 14:23:08,994][root][INFO] - Epoch: 45 | train acc: 0.8818, train loss: 16.62682255, valid acc: 0.7534, valid loss: 1.00149704, test acc: 0.7253, test loss: 1.01544467
[2026-06-26 14:23:12,016][root][INFO] - reg loss: 4.060178819249888, entropy loss: 0.031357714326166714, leaf dev: 0.11925742030143738
[2026-06-26 14:23:12,018][root][INFO] - Val leaf stats: tensor([3.7807e-03, 5.4010e-04, 3.3297e-01, 1.8904e-03, 2.7005e-04, 2.9976e-02,
        2.6006e-01, 0.0000e+00, 1.6203e-03, 5.4010e-04, 8.1015e-04, 0.0000e+00,
        5.7251e-02, 2.9706e-03, 3.0516e-01, 2.1604e-03])
[2026-06-26 14:23:12,891][root][INFO] - Epoch: 45 | train acc: 0.9073, train loss: 8.44075022, valid acc: 0.7810, valid loss: 0.87587108, test acc: 0.7568, test loss: 0.92061098
[2026-06-26 14:23:13,449][root][INFO] - Epoch: 44 | train acc: 0.8794, train loss: 4.47480192, valid acc: 0.7637, valid loss: 0.87734798, test acc: 0.7369, test loss: 0.90364968
[2026-06-26 14:23:14,170][root][INFO] - reg loss: 4.069384371648069, entropy loss: 0.036912765506593906, leaf dev: 0.14732259511947632
[2026-06-26 14:23:14,171][root][INFO] - Val leaf stats: tensor([0.0000, 0.0527, 0.0011, 0.0005, 0.0000, 0.0008, 0.0000, 0.0054, 0.0000,
        0.0000, 0.0016, 0.0022, 0.4883, 0.0672, 0.3773, 0.0030])
[2026-06-26 14:23:14,630][root][INFO] - Epoch: 44 | train acc: 0.7550, train loss: 4.85715947, valid acc: 0.6738, valid loss: 1.03551386, test acc: 0.6507, test loss: 1.09961438
[2026-06-26 14:23:15,029][root][INFO] - Epoch: 45 | train acc: 0.8247, train loss: 0.51448159, valid acc: 0.7289, valid loss: 0.95076551, test acc: 0.6944, test loss: 0.98962011
[2026-06-26 14:23:15,054][root][INFO] - Epoch: 45 | train acc: 0.7939, train loss: 4.65667867, valid acc: 0.7146, valid loss: 0.99234061, test acc: 0.6789, test loss: 1.04325526
[2026-06-26 14:23:15,305][root][INFO] - Epoch: 45 | train acc: 0.9189, train loss: 8.40020789, valid acc: 0.7894, valid loss: 0.84286648, test acc: 0.7698, test loss: 0.88161650
[2026-06-26 14:23:15,795][root][INFO] - Epoch: 44 | train acc: 0.8013, train loss: 2.61414653, valid acc: 0.7100, valid loss: 0.95081370, test acc: 0.6998, test loss: 0.97204585
[2026-06-26 14:23:16,278][root][INFO] - Epoch: 44 | train acc: 0.8573, train loss: 32.65943921, valid acc: 0.7607, valid loss: 0.87563257, test acc: 0.7324, test loss: 0.94494706
[2026-06-26 14:23:18,231][root][INFO] - Epoch: 44 | train acc: 0.9087, train loss: 2.34528428, valid acc: 0.7694, valid loss: 0.92344894, test acc: 0.7580, test loss: 0.89207806
[2026-06-26 14:23:18,377][root][INFO] - reg loss: 4.079561772893687, entropy loss: 0.03483183062100997, leaf dev: 0.11524014174938202
[2026-06-26 14:23:18,378][root][INFO] - Val leaf stats: tensor([2.7005e-04, 0.0000e+00, 8.1015e-04, 8.1015e-04, 1.0802e-03, 6.2922e-02,
        0.0000e+00, 5.4010e-04, 1.3503e-03, 3.4864e-01, 2.4305e-03, 2.4737e-01,
        2.6600e-01, 2.1604e-03, 6.5082e-02, 5.4010e-04])
[2026-06-26 14:23:18,797][root][INFO] - Epoch: 44 | train acc: 0.7963, train loss: 8.79886254, valid acc: 0.7237, valid loss: 0.89694030, test acc: 0.7089, test loss: 0.89172424
[2026-06-26 14:23:19,042][root][INFO] - reg loss: 4.120175150574231, entropy loss: 0.02721129156282691, leaf dev: 0.10557696223258972
[2026-06-26 14:23:19,045][root][INFO] - Val leaf stats: tensor([8.3176e-02, 1.6203e-03, 2.1901e-01, 8.1015e-04, 0.0000e+00, 3.2406e-03,
        2.7005e-04, 2.4305e-03, 8.3716e-03, 8.1015e-04, 3.6727e-01, 1.4880e-01,
        3.6187e-02, 1.2800e-01, 0.0000e+00, 0.0000e+00])
[2026-06-26 14:23:19,355][root][INFO] - Epoch: 45 | train acc: 0.8604, train loss: 2.48984478, valid acc: 0.7553, valid loss: 0.90534635, test acc: 0.7305, test loss: 1.01624133
[2026-06-26 14:23:19,630][root][INFO] - reg loss: 4.148196228214951, entropy loss: 0.030281472920638618, leaf dev: 0.09421289712190628
[2026-06-26 14:23:19,631][root][INFO] - Val leaf stats: tensor([0.0011, 0.0008, 0.0999, 0.0003, 0.0740, 0.2676, 0.2317, 0.2142, 0.0945,
        0.0078, 0.0000, 0.0016, 0.0030, 0.0005, 0.0022, 0.0008])
[2026-06-26 14:23:20,398][root][INFO] - reg loss: 4.143906890368853, entropy loss: 0.03006696328520775, leaf dev: 0.09134379029273987
[2026-06-26 14:23:20,400][root][INFO] - Val leaf stats: tensor([0.0011, 0.0000, 0.0014, 0.0000, 0.0089, 0.2258, 0.0140, 0.0011, 0.2047,
        0.0297, 0.2395, 0.1777, 0.0003, 0.0419, 0.0540, 0.0000])
[2026-06-26 14:23:20,447][root][INFO] - reg loss: 4.068389869127118, entropy loss: 0.03232850567972074, leaf dev: 0.1371922343969345
[2026-06-26 14:23:20,448][root][INFO] - Val leaf stats: tensor([1.3503e-03, 1.0802e-03, 1.1531e-01, 9.4518e-03, 2.7005e-04, 2.5115e-02,
        0.0000e+00, 8.1015e-04, 9.4518e-03, 2.7005e-04, 2.1604e-03, 0.0000e+00,
        0.0000e+00, 4.1237e-01, 4.0022e-01, 2.2144e-02])
[2026-06-26 14:23:20,704][root][INFO] - reg loss: 4.076493740081787, entropy loss: 0.03745515192629861, leaf dev: 0.1169883981347084
[2026-06-26 14:23:20,705][root][INFO] - Val leaf stats: tensor([0.0014, 0.0084, 0.0000, 0.0000, 0.0008, 0.0008, 0.1042, 0.0011, 0.0335,
        0.0008, 0.0005, 0.2325, 0.2198, 0.3916, 0.0041, 0.0005])
[2026-06-26 14:23:21,052][root][INFO] - reg loss: 4.090337901818947, entropy loss: 0.03138555274879346, leaf dev: 0.1147204339504242
[2026-06-26 14:23:21,053][root][INFO] - Val leaf stats: tensor([2.1604e-03, 1.0262e-02, 1.8958e-01, 4.5909e-03, 0.0000e+00, 3.5107e-03,
        3.4080e-01, 2.5655e-02, 2.7005e-03, 0.0000e+00, 5.4010e-04, 3.1515e-01,
        2.7005e-04, 1.9174e-02, 8.5606e-02, 0.0000e+00])
[2026-06-26 14:23:21,341][root][INFO] - reg loss: 4.03055308295078, entropy loss: 0.038633434682107365, leaf dev: 0.17462657392024994
[2026-06-26 14:23:21,342][root][INFO] - Val leaf stats: tensor([0.0000e+00, 1.3503e-03, 1.6203e-03, 0.0000e+00, 5.4010e-04, 8.1015e-04,
        0.0000e+00, 5.6711e-03, 2.7005e-04, 1.6203e-03, 2.7005e-04, 0.0000e+00,
        6.2841e-01, 2.9706e-03, 3.5350e-01, 2.9706e-03])
[2026-06-26 14:23:21,354][root][INFO] - Epoch: 44 | train acc: 0.8075, train loss: 0.55011839, valid acc: 0.7083, valid loss: 0.93635108, test acc: 0.6966, test loss: 0.97232371
[2026-06-26 14:23:21,380][root][INFO] - Epoch: 45 | train acc: 0.7458, train loss: 17.32240111, valid acc: 0.6632, valid loss: 1.12423130, test acc: 0.6333, test loss: 1.17357260
[2026-06-26 14:23:23,773][root][INFO] - reg loss: 4.129987294556664, entropy loss: 0.041363305061078465, leaf dev: 0.11699791252613068
[2026-06-26 14:23:23,774][root][INFO] - Val leaf stats: tensor([2.1847e-01, 2.7005e-03, 2.8598e-01, 2.7005e-04, 1.8904e-03, 2.7005e-04,
        0.0000e+00, 5.4010e-04, 0.0000e+00, 0.0000e+00, 4.6989e-02, 8.1015e-04,
        3.8077e-02, 3.6484e-01, 0.0000e+00, 3.9157e-02])
[2026-06-26 14:23:24,884][root][INFO] - reg loss: 4.1085722016506505, entropy loss: 0.02851202894673973, leaf dev: 0.10141793638467789
[2026-06-26 14:23:24,885][root][INFO] - Val leaf stats: tensor([0.0005, 0.0176, 0.2968, 0.0084, 0.0000, 0.0697, 0.2844, 0.0014, 0.0319,
        0.0011, 0.0103, 0.0000, 0.0008, 0.1804, 0.0945, 0.0024])
[2026-06-26 14:23:24,939][root][INFO] - Epoch: 45 | train acc: 0.8234, train loss: 2.55891010, valid acc: 0.7310, valid loss: 0.90987681, test acc: 0.7160, test loss: 0.94624440
[2026-06-26 14:23:25,196][root][INFO] - reg loss: 4.133535572739898, entropy loss: 0.03588409837884981, leaf dev: 0.11681825667619705
[2026-06-26 14:23:25,197][root][INFO] - Val leaf stats: tensor([5.4010e-03, 8.1015e-04, 5.4010e-04, 1.0802e-02, 2.1604e-03, 3.6457e-02,
        5.4010e-04, 8.1015e-04, 2.3494e-02, 4.7259e-02, 2.9706e-03, 2.7005e-04,
        3.5512e-01, 1.2908e-01, 3.4432e-01, 3.9968e-02])
[2026-06-26 14:23:27,157][root][INFO] - reg loss: 4.156154155731201, entropy loss: 0.03624516426295531, leaf dev: 0.0835457444190979
[2026-06-26 14:23:27,158][root][INFO] - Val leaf stats: tensor([0.0000, 0.0000, 0.0208, 0.0003, 0.2131, 0.0427, 0.0670, 0.1739, 0.0189,
        0.0016, 0.0419, 0.0678, 0.0832, 0.0008, 0.2668, 0.0014])
[2026-06-26 14:23:27,451][root][INFO] - reg loss: 4.14752718659698, entropy loss: 0.02609995807536313, leaf dev: 0.09580842405557632
[2026-06-26 14:23:27,452][root][INFO] - Val leaf stats: tensor([0.0000, 0.0005, 0.1782, 0.0194, 0.0003, 0.0232, 0.2371, 0.0897, 0.0000,
        0.0000, 0.0000, 0.0000, 0.0005, 0.2584, 0.1909, 0.0016])
[2026-06-26 14:23:30,593][root][INFO] - reg loss: 4.10103153791584, entropy loss: 0.03284268316308983, leaf dev: 0.1177322119474411
[2026-06-26 14:23:30,595][root][INFO] - Val leaf stats: tensor([2.7005e-04, 1.0802e-03, 4.5909e-03, 1.3503e-03, 4.2236e-01, 6.5893e-02,
        2.7005e-03, 0.0000e+00, 2.0308e-01, 5.4010e-04, 7.0213e-03, 1.9498e-01,
        9.1277e-02, 3.5107e-03, 1.0802e-03, 2.7005e-04])
[2026-06-26 14:23:31,997][root][INFO] - Epoch: 44 | train acc: 0.7869, train loss: 17.03678409, valid acc: 0.7097, valid loss: 0.96542261, test acc: 0.6875, test loss: 1.05354776
[2026-06-26 14:23:38,600][root][INFO] - reg loss: 4.105147346121366, entropy loss: 0.025403790572871926, leaf dev: 0.09017972648143768
[2026-06-26 14:23:38,601][root][INFO] - Val leaf stats: tensor([0.0000e+00, 3.5107e-03, 1.1801e-01, 5.4010e-04, 3.4567e-02, 2.1496e-01,
        2.7815e-01, 6.7513e-03, 1.5933e-02, 2.7005e-04, 6.4002e-02, 5.4010e-04,
        6.1032e-02, 1.9390e-01, 2.7005e-04, 7.5614e-03])
[2026-06-26 14:23:39,341][root][INFO] - Epoch: 44 | train acc: 0.9015, train loss: 4.37408464, valid acc: 0.7645, valid loss: 0.96086254, test acc: 0.7528, test loss: 0.92251286
[2026-06-26 14:23:46,101][root][INFO] - reg loss: 4.086719497305448, entropy loss: 0.03780034569198968, leaf dev: 0.12080724537372589
[2026-06-26 14:23:46,102][root][INFO] - Val leaf stats: tensor([2.7005e-04, 5.6711e-03, 1.6203e-03, 0.0000e+00, 1.3503e-03, 8.1015e-04,
        0.0000e+00, 0.0000e+00, 2.7005e-04, 3.5782e-01, 8.1015e-04, 2.0335e-01,
        3.2838e-01, 5.5631e-02, 2.8895e-02, 1.5123e-02])
[2026-06-26 14:23:54,607][root][INFO] - Epoch: 45 | train acc: 0.7862, train loss: 33.08448160, valid acc: 0.7043, valid loss: 0.94003500, test acc: 0.6873, test loss: 0.98434184
[2026-06-26 14:23:55,381][root][INFO] - Epoch: 46 | train acc: 0.8836, train loss: 16.63098601, valid acc: 0.7470, valid loss: 1.03718413, test acc: 0.7143, test loss: 1.01666404
[2026-06-26 14:23:59,545][root][INFO] - reg loss: 4.059264675515597, entropy loss: 0.031133023166998487, leaf dev: 0.12032988667488098
[2026-06-26 14:23:59,546][root][INFO] - Val leaf stats: tensor([3.5107e-03, 5.4010e-04, 3.0840e-01, 2.4305e-03, 2.7005e-04, 3.1866e-02,
        2.8436e-01, 0.0000e+00, 1.6203e-03, 5.4010e-04, 8.1015e-04, 0.0000e+00,
        4.4558e-02, 1.3503e-03, 3.1731e-01, 2.4305e-03])
[2026-06-26 14:24:00,486][root][INFO] - Epoch: 45 | train acc: 0.7566, train loss: 4.86247850, valid acc: 0.6722, valid loss: 1.02125127, test acc: 0.6438, test loss: 1.12093656
[2026-06-26 14:24:00,761][root][INFO] - reg loss: 4.071459543509562, entropy loss: 0.036509362950188216, leaf dev: 0.14872756600379944
[2026-06-26 14:24:00,762][root][INFO] - Val leaf stats: tensor([0.0000e+00, 4.9419e-02, 1.0802e-03, 5.4010e-04, 2.7005e-04, 8.1015e-04,
        0.0000e+00, 4.8609e-03, 0.0000e+00, 0.0000e+00, 1.0802e-03, 2.4305e-03,
        4.9581e-01, 6.3732e-02, 3.7672e-01, 3.2406e-03])
[2026-06-26 14:24:00,880][root][INFO] - Epoch: 46 | train acc: 0.9150, train loss: 8.41701931, valid acc: 0.7788, valid loss: 0.87009865, test acc: 0.7619, test loss: 0.91848531
[2026-06-26 14:24:02,130][root][INFO] - Epoch: 46 | train acc: 0.8235, train loss: 0.51713202, valid acc: 0.7167, valid loss: 1.01101799, test acc: 0.6897, test loss: 1.00515191
[2026-06-26 14:24:02,198][root][INFO] - Epoch: 46 | train acc: 0.8027, train loss: 4.63865241, valid acc: 0.7081, valid loss: 0.97968892, test acc: 0.6821, test loss: 1.03335775
[2026-06-26 14:24:02,214][root][INFO] - Epoch: 45 | train acc: 0.8851, train loss: 4.45084623, valid acc: 0.7648, valid loss: 0.88854128, test acc: 0.7423, test loss: 0.90938196
[2026-06-26 14:24:03,046][root][INFO] - Epoch: 45 | train acc: 0.8643, train loss: 32.63688635, valid acc: 0.7545, valid loss: 0.88591859, test acc: 0.7288, test loss: 0.96821076
[2026-06-26 14:24:03,537][root][INFO] - Epoch: 46 | train acc: 0.9179, train loss: 8.42067881, valid acc: 0.7767, valid loss: 0.85893836, test acc: 0.7705, test loss: 0.86709423
[2026-06-26 14:24:04,018][root][INFO] - Epoch: 45 | train acc: 0.8008, train loss: 2.61318961, valid acc: 0.7181, valid loss: 0.93193585, test acc: 0.7027, test loss: 0.95521792
[2026-06-26 14:24:05,827][root][INFO] - Epoch: 45 | train acc: 0.9078, train loss: 2.33602441, valid acc: 0.7767, valid loss: 0.92412591, test acc: 0.7577, test loss: 0.91898463
[2026-06-26 14:24:05,888][root][INFO] - reg loss: 4.15048743857712, entropy loss: 0.0313614340590649, leaf dev: 0.09253919124603271
[2026-06-26 14:24:05,890][root][INFO] - Val leaf stats: tensor([0.0038, 0.0008, 0.1288, 0.0014, 0.0681, 0.2582, 0.2387, 0.2004, 0.0748,
        0.0176, 0.0000, 0.0014, 0.0030, 0.0005, 0.0019, 0.0008])
[2026-06-26 14:24:06,343][root][INFO] - Epoch: 45 | train acc: 0.8032, train loss: 8.77140513, valid acc: 0.7173, valid loss: 0.90923766, test acc: 0.7101, test loss: 0.90492330
[2026-06-26 14:24:06,732][root][INFO] - reg loss: 4.080151550105361, entropy loss: 0.0344450656691047, leaf dev: 0.11463487893342972
[2026-06-26 14:24:06,733][root][INFO] - Val leaf stats: tensor([2.7005e-04, 0.0000e+00, 1.0802e-03, 5.4010e-04, 1.3503e-03, 6.2652e-02,
        0.0000e+00, 5.4010e-04, 1.0802e-03, 3.4405e-01, 2.7005e-03, 2.3927e-01,
        2.7410e-01, 1.6203e-03, 7.0213e-02, 5.4010e-04])
[2026-06-26 14:24:07,678][root][INFO] - reg loss: 4.118688348863945, entropy loss: 0.027066805964854897, leaf dev: 0.10725047439336777
[2026-06-26 14:24:07,679][root][INFO] - Val leaf stats: tensor([7.5074e-02, 2.1604e-03, 2.2765e-01, 8.1015e-04, 0.0000e+00, 2.7005e-03,
        2.7005e-04, 2.4305e-03, 8.1015e-03, 8.1015e-04, 3.7186e-01, 1.5474e-01,
        3.4837e-02, 1.1855e-01, 0.0000e+00, 0.0000e+00])
[2026-06-26 14:24:07,690][root][INFO] - reg loss: 4.144780440408676, entropy loss: 0.029903999148089378, leaf dev: 0.10039939731359482
[2026-06-26 14:24:07,691][root][INFO] - Val leaf stats: tensor([8.1015e-04, 0.0000e+00, 3.2406e-03, 0.0000e+00, 1.5123e-02, 3.5701e-01,
        1.7013e-02, 5.4010e-04, 2.0119e-01, 2.6195e-02, 1.3800e-01, 1.4421e-01,
        0.0000e+00, 4.2398e-02, 5.4010e-02, 2.7005e-04])
[2026-06-26 14:24:07,776][root][INFO] - reg loss: 4.0716143436119205, entropy loss: 0.03289701948400404, leaf dev: 0.13627347350120544
[2026-06-26 14:24:07,777][root][INFO] - Val leaf stats: tensor([8.1015e-04, 5.4010e-04, 1.1666e-01, 9.4518e-03, 2.7005e-04, 2.3765e-02,
        0.0000e+00, 8.1015e-04, 1.3233e-02, 5.4010e-04, 4.0508e-03, 0.0000e+00,
        0.0000e+00, 4.1102e-01, 3.9644e-01, 2.2414e-02])
[2026-06-26 14:24:07,794][root][INFO] - Epoch: 46 | train acc: 0.8706, train loss: 2.46043913, valid acc: 0.7648, valid loss: 0.85577590, test acc: 0.7376, test loss: 0.98942341
[2026-06-26 14:24:08,130][root][INFO] - Epoch: 45 | train acc: 0.8073, train loss: 0.54924999, valid acc: 0.7075, valid loss: 0.98058489, test acc: 0.7035, test loss: 0.97889955
[2026-06-26 14:24:08,501][root][INFO] - reg loss: 4.029502016599061, entropy loss: 0.03900746347718551, leaf dev: 0.17187142372131348
[2026-06-26 14:24:08,502][root][INFO] - Val leaf stats: tensor([0.0000e+00, 1.8904e-03, 1.6203e-03, 0.0000e+00, 2.7005e-04, 5.4010e-04,
        0.0000e+00, 5.6711e-03, 0.0000e+00, 1.8904e-03, 2.7005e-04, 0.0000e+00,
        6.0113e-01, 2.7005e-03, 3.7969e-01, 4.3208e-03])
[2026-06-26 14:24:08,519][root][INFO] - reg loss: 4.079902492585729, entropy loss: 0.03739798820165337, leaf dev: 0.11815749108791351
[2026-06-26 14:24:08,521][root][INFO] - Val leaf stats: tensor([1.3503e-03, 7.5614e-03, 0.0000e+00, 0.0000e+00, 1.6203e-03, 1.3503e-03,
        1.0154e-01, 8.1015e-04, 3.3486e-02, 1.3503e-03, 5.4010e-04, 2.2819e-01,
        2.2144e-01, 3.9914e-01, 1.3503e-03, 2.7005e-04])
[2026-06-26 14:24:08,529][root][INFO] - Epoch: 46 | train acc: 0.7637, train loss: 17.26619727, valid acc: 0.6800, valid loss: 1.09002724, test acc: 0.6529, test loss: 1.12406047
[2026-06-26 14:24:09,321][root][INFO] - reg loss: 4.08253984763974, entropy loss: 0.029535474835849198, leaf dev: 0.11209304630756378
[2026-06-26 14:24:09,322][root][INFO] - Val leaf stats: tensor([1.8904e-03, 1.2962e-02, 1.8417e-01, 3.7807e-03, 2.7005e-04, 2.4305e-03,
        3.4216e-01, 2.0794e-02, 4.8609e-03, 2.7005e-04, 5.4010e-04, 3.0192e-01,
        2.7005e-04, 3.5107e-02, 8.3176e-02, 5.4010e-03])
[2026-06-26 14:24:11,136][root][INFO] - Epoch: 46 | train acc: 0.8291, train loss: 2.54260825, valid acc: 0.7364, valid loss: 0.89514244, test acc: 0.7182, test loss: 0.94388855
[2026-06-26 14:24:11,431][root][INFO] - reg loss: 4.105174518022381, entropy loss: 0.02788569662170332, leaf dev: 0.10232818126678467
[2026-06-26 14:24:11,433][root][INFO] - Val leaf stats: tensor([0.0011, 0.0089, 0.3062, 0.0095, 0.0000, 0.0713, 0.2809, 0.0022, 0.0313,
        0.0011, 0.0113, 0.0000, 0.0008, 0.1769, 0.0961, 0.0024])
[2026-06-26 14:24:11,470][root][INFO] - reg loss: 4.1277939765179745, entropy loss: 0.04101407369140719, leaf dev: 0.11573753505945206
[2026-06-26 14:24:11,471][root][INFO] - Val leaf stats: tensor([0.2169, 0.0019, 0.2900, 0.0000, 0.0024, 0.0005, 0.0000, 0.0008, 0.0000,
        0.0000, 0.0467, 0.0008, 0.0373, 0.3557, 0.0000, 0.0470])
[2026-06-26 14:24:13,700][root][INFO] - reg loss: 4.136843814224493, entropy loss: 0.034862944825750884, leaf dev: 0.11557531356811523
[2026-06-26 14:24:13,701][root][INFO] - Val leaf stats: tensor([0.0062, 0.0011, 0.0000, 0.0084, 0.0011, 0.0356, 0.0005, 0.0046, 0.0246,
        0.0594, 0.0022, 0.0005, 0.3562, 0.1221, 0.3376, 0.0400])
[2026-06-26 14:24:13,765][root][INFO] - reg loss: 4.151269732928667, entropy loss: 0.03511928797501032, leaf dev: 0.09010010957717896
[2026-06-26 14:24:13,766][root][INFO] - Val leaf stats: tensor([0.0000, 0.0000, 0.0197, 0.0003, 0.2339, 0.0313, 0.0313, 0.2033, 0.0154,
        0.0000, 0.0394, 0.0729, 0.0810, 0.0008, 0.2687, 0.0019])
[2026-06-26 14:24:14,004][root][INFO] - reg loss: 4.145630813035809, entropy loss: 0.025531744187484023, leaf dev: 0.096594899892807
[2026-06-26 14:24:14,005][root][INFO] - Val leaf stats: tensor([0.0003, 0.0005, 0.1761, 0.0192, 0.0003, 0.0238, 0.2004, 0.0780, 0.0000,
        0.0000, 0.0003, 0.0000, 0.0005, 0.2633, 0.2344, 0.0030])
[2026-06-26 14:24:17,105][root][INFO] - reg loss: 4.097523321870898, entropy loss: 0.03204334353203656, leaf dev: 0.11145594716072083
[2026-06-26 14:24:17,106][root][INFO] - Val leaf stats: tensor([2.7005e-04, 1.0802e-03, 4.5909e-03, 1.3503e-03, 3.8131e-01, 9.2898e-02,
        2.4305e-03, 0.0000e+00, 2.1253e-01, 2.7005e-04, 1.0532e-02, 2.0686e-01,
        8.1826e-02, 3.2406e-03, 5.4010e-04, 2.7005e-04])
[2026-06-26 14:24:19,237][root][INFO] - Epoch: 45 | train acc: 0.7936, train loss: 17.02069179, valid acc: 0.7146, valid loss: 0.97408274, test acc: 0.6929, test loss: 1.04018497
[2026-06-26 14:24:25,585][root][INFO] - reg loss: 4.106467356447314, entropy loss: 0.02564212554668794, leaf dev: 0.09084674715995789
[2026-06-26 14:24:25,586][root][INFO] - Val leaf stats: tensor([0.0000e+00, 3.2406e-03, 1.2098e-01, 8.1015e-04, 3.5377e-02, 2.1658e-01,
        2.8004e-01, 6.4812e-03, 8.6416e-03, 2.7005e-04, 6.7783e-02, 5.4010e-04,
        4.7529e-02, 1.9444e-01, 2.7005e-04, 1.7013e-02])
[2026-06-26 14:24:28,794][root][INFO] - Epoch: 45 | train acc: 0.9023, train loss: 4.38000073, valid acc: 0.7591, valid loss: 1.01518722, test acc: 0.7457, test loss: 0.95736359
[2026-06-26 14:24:34,848][root][INFO] - reg loss: 4.085371259783135, entropy loss: 0.037773714751982296, leaf dev: 0.12055093050003052
[2026-06-26 14:24:34,849][root][INFO] - Val leaf stats: tensor([0.0000e+00, 1.2692e-02, 2.7005e-04, 0.0000e+00, 1.5663e-02, 5.1310e-03,
        2.7005e-04, 0.0000e+00, 8.1015e-04, 3.7213e-01, 1.3503e-03, 1.9363e-01,
        3.1785e-01, 5.1310e-02, 1.5123e-02, 1.3773e-02])
[2026-06-26 14:24:42,641][root][INFO] - Epoch: 47 | train acc: 0.8861, train loss: 16.60966673, valid acc: 0.7534, valid loss: 1.01286675, test acc: 0.7214, test loss: 1.02306571
[2026-06-26 14:24:42,651][root][INFO] - Epoch: 46 | train acc: 0.7896, train loss: 33.03834352, valid acc: 0.7059, valid loss: 0.93558574, test acc: 0.6873, test loss: 0.97582133
[2026-06-26 14:24:47,372][root][INFO] - Epoch: 46 | train acc: 0.7486, train loss: 4.87864585, valid acc: 0.6730, valid loss: 1.06590096, test acc: 0.6566, test loss: 1.11639925
[2026-06-26 14:24:48,133][root][INFO] - Epoch: 47 | train acc: 0.9226, train loss: 8.40319060, valid acc: 0.7845, valid loss: 0.89826789, test acc: 0.7587, test loss: 0.94365026
[2026-06-26 14:24:48,159][root][INFO] - reg loss: 4.069515423696549, entropy loss: 0.03656220118530461, leaf dev: 0.15542498230934143
[2026-06-26 14:24:48,160][root][INFO] - Val leaf stats: tensor([0.0000, 0.0518, 0.0014, 0.0005, 0.0000, 0.0008, 0.0000, 0.0043, 0.0000,
        0.0000, 0.0005, 0.0024, 0.5274, 0.0286, 0.3783, 0.0038])
[2026-06-26 14:24:48,172][root][INFO] - reg loss: 4.055175898505039, entropy loss: 0.031255666746712124, leaf dev: 0.12071818858385086
[2026-06-26 14:24:48,173][root][INFO] - Val leaf stats: tensor([3.2406e-03, 2.7005e-04, 3.2271e-01, 2.4305e-03, 0.0000e+00, 3.2136e-02,
        2.7680e-01, 0.0000e+00, 1.6203e-03, 5.4010e-04, 8.1015e-04, 0.0000e+00,
        4.4558e-02, 8.1015e-04, 3.1191e-01, 2.1604e-03])
[2026-06-26 14:24:48,979][root][INFO] - Epoch: 47 | train acc: 0.7851, train loss: 0.63453005, valid acc: 0.7286, valid loss: 0.92348434, test acc: 0.6986, test loss: 0.98911512
[2026-06-26 14:24:49,229][root][INFO] - Epoch: 47 | train acc: 0.7789, train loss: 4.72652746, valid acc: 0.6927, valid loss: 0.97331720, test acc: 0.6684, test loss: 1.04151539
[2026-06-26 14:24:49,973][root][INFO] - Epoch: 46 | train acc: 0.8861, train loss: 4.45020546, valid acc: 0.7756, valid loss: 0.88915180, test acc: 0.7425, test loss: 0.91451618
[2026-06-26 14:24:49,995][root][INFO] - Epoch: 46 | train acc: 0.8654, train loss: 32.61155313, valid acc: 0.7534, valid loss: 0.86982066, test acc: 0.7312, test loss: 0.96726076
[2026-06-26 14:24:50,709][root][INFO] - Epoch: 47 | train acc: 0.9206, train loss: 8.39197046, valid acc: 0.7885, valid loss: 0.84111005, test acc: 0.7766, test loss: 0.85223633
[2026-06-26 14:24:51,435][root][INFO] - Epoch: 46 | train acc: 0.8041, train loss: 2.60811201, valid acc: 0.7135, valid loss: 0.94788828, test acc: 0.6978, test loss: 0.96486765
[2026-06-26 14:24:52,624][root][INFO] - reg loss: 4.1511314657867935, entropy loss: 0.03163564260132977, leaf dev: 0.09495309740304947
[2026-06-26 14:24:52,626][root][INFO] - Val leaf stats: tensor([0.0035, 0.0008, 0.1288, 0.0011, 0.0454, 0.2152, 0.2649, 0.2360, 0.0813,
        0.0154, 0.0000, 0.0014, 0.0032, 0.0003, 0.0019, 0.0008])
[2026-06-26 14:24:53,381][root][INFO] - reg loss: 4.080506809422227, entropy loss: 0.03428221945879889, leaf dev: 0.11522318422794342
[2026-06-26 14:24:53,382][root][INFO] - Val leaf stats: tensor([2.7005e-04, 0.0000e+00, 1.0802e-03, 5.4010e-04, 1.0802e-03, 6.2652e-02,
        0.0000e+00, 5.4010e-04, 1.0802e-03, 3.4918e-01, 2.7005e-03, 2.4062e-01,
        2.7059e-01, 1.0802e-03, 6.8323e-02, 2.7005e-04])
[2026-06-26 14:24:53,445][root][INFO] - Epoch: 46 | train acc: 0.9136, train loss: 2.32765091, valid acc: 0.7702, valid loss: 0.93631409, test acc: 0.7580, test loss: 0.94825369
[2026-06-26 14:24:53,666][root][INFO] - Epoch: 46 | train acc: 0.8085, train loss: 8.76717080, valid acc: 0.7235, valid loss: 0.94983824, test acc: 0.7096, test loss: 0.91076836
[2026-06-26 14:24:54,281][root][INFO] - reg loss: 4.095622946004399, entropy loss: 0.032117402150494155, leaf dev: 0.12712639570236206
[2026-06-26 14:24:54,282][root][INFO] - Val leaf stats: tensor([1.0802e-03, 5.4010e-04, 1.2395e-01, 1.0532e-02, 2.7005e-04, 2.3494e-02,
        0.0000e+00, 8.1015e-04, 3.7267e-02, 0.0000e+00, 2.3765e-02, 2.7005e-04,
        0.0000e+00, 3.7807e-01, 3.7888e-01, 2.1064e-02])
[2026-06-26 14:24:54,455][root][INFO] - reg loss: 4.148254863551406, entropy loss: 0.030125477366515847, leaf dev: 0.09239985793828964
[2026-06-26 14:24:54,456][root][INFO] - Val leaf stats: tensor([8.1015e-04, 0.0000e+00, 3.5107e-03, 5.4010e-04, 1.2692e-02, 2.9517e-01,
        2.7005e-02, 5.4010e-04, 2.0146e-01, 2.3224e-02, 1.6581e-01, 1.7013e-01,
        0.0000e+00, 4.2668e-02, 5.6171e-02, 2.7005e-04])
[2026-06-26 14:24:54,653][root][INFO] - Epoch: 47 | train acc: 0.8810, train loss: 2.41553208, valid acc: 0.7624, valid loss: 0.88029964, test acc: 0.7401, test loss: 0.95338723
[2026-06-26 14:24:54,872][root][INFO] - Epoch: 47 | train acc: 0.7706, train loss: 17.24784388, valid acc: 0.6792, valid loss: 1.07470223, test acc: 0.6495, test loss: 1.13327758
[2026-06-26 14:24:55,108][root][INFO] - Epoch: 46 | train acc: 0.8120, train loss: 0.54581995, valid acc: 0.7135, valid loss: 0.92750411, test acc: 0.6971, test loss: 0.97920898
[2026-06-26 14:24:55,148][root][INFO] - reg loss: 4.119212713397917, entropy loss: 0.026894065811008703, leaf dev: 0.10836491733789444
[2026-06-26 14:24:55,149][root][INFO] - Val leaf stats: tensor([7.2104e-02, 2.1604e-03, 2.3900e-01, 1.0802e-03, 0.0000e+00, 3.2406e-03,
        2.7005e-04, 2.1604e-03, 6.4812e-03, 5.4010e-04, 3.7294e-01, 1.5285e-01,
        3.4567e-02, 1.1234e-01, 0.0000e+00, 2.7005e-04])
[2026-06-26 14:24:55,224][root][INFO] - reg loss: 4.028253039375681, entropy loss: 0.038806308915869135, leaf dev: 0.17098788917064667
[2026-06-26 14:24:55,225][root][INFO] - Val leaf stats: tensor([0.0000e+00, 1.3503e-03, 1.6203e-03, 0.0000e+00, 5.4010e-04, 5.4010e-04,
        0.0000e+00, 5.6711e-03, 2.7005e-04, 1.6203e-03, 2.7005e-04, 0.0000e+00,
        5.9087e-01, 3.2406e-03, 3.8968e-01, 4.3208e-03])
[2026-06-26 14:24:56,168][root][INFO] - reg loss: 4.073163478100886, entropy loss: 0.036133065575458964, leaf dev: 0.11935961991548538
[2026-06-26 14:24:56,169][root][INFO] - Val leaf stats: tensor([0.0008, 0.0057, 0.0000, 0.0000, 0.0011, 0.0016, 0.0878, 0.0011, 0.0365,
        0.0030, 0.0008, 0.2457, 0.2158, 0.4002, 0.0000, 0.0000])
[2026-06-26 14:24:57,138][root][INFO] - reg loss: 4.079581065256088, entropy loss: 0.02886938642649377, leaf dev: 0.11220584809780121
[2026-06-26 14:24:57,139][root][INFO] - Val leaf stats: tensor([3.2406e-03, 6.2112e-03, 1.8688e-01, 4.3208e-03, 2.7005e-04, 2.7005e-03,
        3.5863e-01, 2.7005e-02, 8.6416e-03, 4.5909e-03, 2.7005e-04, 2.8247e-01,
        2.7005e-04, 3.1056e-02, 7.8315e-02, 5.1310e-03])
[2026-06-26 14:24:58,710][root][INFO] - reg loss: 4.1288861446693295, entropy loss: 0.04128533394121733, leaf dev: 0.11579334735870361
[2026-06-26 14:24:58,711][root][INFO] - Val leaf stats: tensor([2.1982e-01, 2.1604e-03, 2.9598e-01, 0.0000e+00, 1.3503e-03, 8.1015e-04,
        2.7005e-04, 2.7005e-04, 0.0000e+00, 0.0000e+00, 4.3208e-02, 5.4010e-04,
        4.3208e-02, 3.4945e-01, 0.0000e+00, 4.2938e-02])
[2026-06-26 14:24:59,203][root][INFO] - reg loss: 4.106892304342301, entropy loss: 0.02782341428711766, leaf dev: 0.10282084345817566
[2026-06-26 14:24:59,205][root][INFO] - Val leaf stats: tensor([0.0019, 0.0051, 0.3122, 0.0111, 0.0000, 0.0872, 0.2833, 0.0019, 0.0313,
        0.0011, 0.0073, 0.0049, 0.0008, 0.1658, 0.0840, 0.0022])
[2026-06-26 14:24:59,618][root][INFO] - Epoch: 47 | train acc: 0.8307, train loss: 2.53527311, valid acc: 0.7299, valid loss: 0.90509252, test acc: 0.7138, test loss: 0.95573400
[2026-06-26 14:25:00,473][root][INFO] - reg loss: 4.139714334831863, entropy loss: 0.033311738373070464, leaf dev: 0.11291524767875671
[2026-06-26 14:25:00,474][root][INFO] - Val leaf stats: tensor([0.0059, 0.0005, 0.0000, 0.0089, 0.0008, 0.0367, 0.0005, 0.0051, 0.0275,
        0.0621, 0.0019, 0.0005, 0.3505, 0.1499, 0.3184, 0.0305])
[2026-06-26 14:25:00,752][root][INFO] - reg loss: 4.146615286342433, entropy loss: 0.025630784602683098, leaf dev: 0.09552301466464996
[2026-06-26 14:25:00,754][root][INFO] - Val leaf stats: tensor([0.0003, 0.0005, 0.1790, 0.0194, 0.0003, 0.0265, 0.2009, 0.0694, 0.0000,
        0.0000, 0.0003, 0.0000, 0.0003, 0.2538, 0.2376, 0.0116])
[2026-06-26 14:25:00,763][root][INFO] - reg loss: 4.141650379681196, entropy loss: 0.03395777968231772, leaf dev: 0.09155559539794922
[2026-06-26 14:25:00,765][root][INFO] - Val leaf stats: tensor([2.7005e-04, 0.0000e+00, 1.5663e-02, 1.0802e-03, 1.9633e-01, 2.1334e-02,
        4.7259e-02, 1.8228e-01, 1.7553e-02, 0.0000e+00, 3.9427e-02, 7.9935e-02,
        8.4526e-02, 8.1015e-04, 3.1326e-01, 2.7005e-04])
[2026-06-26 14:25:05,797][root][INFO] - reg loss: 4.0995611362769955, entropy loss: 0.03210543227366737, leaf dev: 0.11139948666095734
[2026-06-26 14:25:05,798][root][INFO] - Val leaf stats: tensor([2.7005e-04, 1.0802e-03, 5.1310e-03, 1.3503e-03, 3.8239e-01, 8.8577e-02,
        3.7807e-03, 0.0000e+00, 2.1469e-01, 5.4010e-04, 9.9919e-03, 2.0227e-01,
        8.6146e-02, 2.7005e-03, 8.1015e-04, 2.7005e-04])
[2026-06-26 14:25:06,525][root][INFO] - Epoch: 46 | train acc: 0.7965, train loss: 16.99450996, valid acc: 0.7054, valid loss: 1.01263029, test acc: 0.6883, test loss: 1.06518811
[2026-06-26 14:25:13,243][root][INFO] - reg loss: 4.1026230405588615, entropy loss: 0.025561513104399698, leaf dev: 0.0866052508354187
[2026-06-26 14:25:13,245][root][INFO] - Val leaf stats: tensor([0.0000, 0.0062, 0.1480, 0.0008, 0.0343, 0.2036, 0.2503, 0.0062, 0.0154,
        0.0000, 0.0672, 0.0005, 0.0505, 0.2004, 0.0003, 0.0162])
[2026-06-26 14:25:14,922][root][INFO] - Epoch: 46 | train acc: 0.8734, train loss: 4.49597757, valid acc: 0.7472, valid loss: 0.96887875, test acc: 0.7489, test loss: 0.93579238
[2026-06-26 14:25:21,123][root][INFO] - reg loss: 4.116252781914883, entropy loss: 0.03641236466584635, leaf dev: 0.11646859347820282
[2026-06-26 14:25:21,124][root][INFO] - Val leaf stats: tensor([0.0000e+00, 2.0524e-02, 2.7005e-04, 0.0000e+00, 0.0000e+00, 7.8315e-03,
        5.1310e-03, 0.0000e+00, 0.0000e+00, 3.3891e-01, 2.7005e-04, 1.9768e-01,
        3.2514e-01, 7.2914e-02, 1.6473e-02, 1.4853e-02])
[2026-06-26 14:25:29,481][root][INFO] - Epoch: 47 | train acc: 0.7922, train loss: 33.00488832, valid acc: 0.7056, valid loss: 0.92045321, test acc: 0.6895, test loss: 0.99095766
[2026-06-26 14:25:30,061][root][INFO] - Epoch: 48 | train acc: 0.8560, train loss: 16.75493975, valid acc: 0.7321, valid loss: 1.05378779, test acc: 0.7023, test loss: 1.08373147
[2026-06-26 14:25:34,698][root][INFO] - Epoch: 47 | train acc: 0.7432, train loss: 4.89430054, valid acc: 0.6719, valid loss: 1.05778668, test acc: 0.6485, test loss: 1.12010428
[2026-06-26 14:25:35,016][root][INFO] - reg loss: 4.052781652231685, entropy loss: 0.03126412315568963, leaf dev: 0.12047577649354935
[2026-06-26 14:25:35,017][root][INFO] - Val leaf stats: tensor([2.7005e-03, 2.7005e-04, 3.1650e-01, 3.2406e-03, 0.0000e+00, 3.3756e-02,
        2.9166e-01, 0.0000e+00, 1.6203e-03, 2.7005e-04, 8.1015e-04, 0.0000e+00,
        4.2938e-02, 8.1015e-04, 3.0327e-01, 2.1604e-03])
[2026-06-26 14:25:35,173][root][INFO] - Epoch: 48 | train acc: 0.8012, train loss: 4.64705834, valid acc: 0.7097, valid loss: 0.96005087, test acc: 0.6802, test loss: 1.03773497
[2026-06-26 14:25:35,255][root][INFO] - reg loss: 4.076157976369389, entropy loss: 0.03591667848532317, leaf dev: 0.15439775586128235
[2026-06-26 14:25:35,257][root][INFO] - Val leaf stats: tensor([0.0000e+00, 5.1580e-02, 8.1015e-04, 5.4010e-04, 0.0000e+00, 8.1015e-04,
        0.0000e+00, 4.0508e-03, 0.0000e+00, 0.0000e+00, 5.4010e-04, 2.4305e-03,
        5.7251e-01, 4.9689e-02, 2.9436e-01, 2.2684e-02])
[2026-06-26 14:25:35,579][root][INFO] - Epoch: 48 | train acc: 0.9227, train loss: 8.39406644, valid acc: 0.7848, valid loss: 0.88923293, test acc: 0.7634, test loss: 0.93798646
[2026-06-26 14:25:37,409][root][INFO] - Epoch: 48 | train acc: 0.8221, train loss: 0.51587075, valid acc: 0.7245, valid loss: 0.93923791, test acc: 0.6996, test loss: 1.00131828
[2026-06-26 14:25:37,963][root][INFO] - Epoch: 47 | train acc: 0.8930, train loss: 4.43551910, valid acc: 0.7656, valid loss: 0.88072209, test acc: 0.7386, test loss: 0.94172168
[2026-06-26 14:25:38,057][root][INFO] - Epoch: 47 | train acc: 0.8716, train loss: 32.59954884, valid acc: 0.7599, valid loss: 0.88679981, test acc: 0.7378, test loss: 0.96927088
[2026-06-26 14:25:38,630][root][INFO] - Epoch: 48 | train acc: 0.9302, train loss: 8.35891445, valid acc: 0.7853, valid loss: 0.86387131, test acc: 0.7739, test loss: 0.88326507
[2026-06-26 14:25:39,439][root][INFO] - Epoch: 47 | train acc: 0.8056, train loss: 2.59784345, valid acc: 0.7173, valid loss: 0.92456799, test acc: 0.7084, test loss: 0.94832072
[2026-06-26 14:25:39,988][root][INFO] - reg loss: 4.155502045740847, entropy loss: 0.03264049294053531, leaf dev: 0.09433553367853165
[2026-06-26 14:25:39,989][root][INFO] - Val leaf stats: tensor([0.0032, 0.0011, 0.1248, 0.0014, 0.0448, 0.2074, 0.2628, 0.2401, 0.0921,
        0.0143, 0.0000, 0.0014, 0.0038, 0.0005, 0.0019, 0.0005])
[2026-06-26 14:25:40,296][root][INFO] - reg loss: 4.077027281776804, entropy loss: 0.02922176258241544, leaf dev: 0.1315716654062271
[2026-06-26 14:25:40,297][root][INFO] - Val leaf stats: tensor([1.0802e-03, 5.4010e-04, 1.2341e-01, 9.1817e-03, 2.7005e-04, 2.6735e-02,
        0.0000e+00, 5.4010e-04, 2.3494e-02, 0.0000e+00, 9.9919e-03, 0.0000e+00,
        0.0000e+00, 3.9887e-01, 3.8185e-01, 2.4035e-02])
[2026-06-26 14:25:40,838][root][INFO] - Epoch: 47 | train acc: 0.8767, train loss: 2.45306958, valid acc: 0.7591, valid loss: 0.95582148, test acc: 0.7320, test loss: 0.96363734
[2026-06-26 14:25:40,910][root][INFO] - reg loss: 4.078502819186351, entropy loss: 0.03389006101938545, leaf dev: 0.11462109535932541
[2026-06-26 14:25:40,912][root][INFO] - Val leaf stats: tensor([2.7005e-04, 0.0000e+00, 1.0802e-03, 5.4010e-04, 1.0802e-03, 6.2922e-02,
        0.0000e+00, 5.4010e-04, 1.0802e-03, 3.3810e-01, 1.6203e-03, 2.4062e-01,
        2.8004e-01, 1.0802e-03, 7.0483e-02, 5.4010e-04])
[2026-06-26 14:25:40,919][root][INFO] - Epoch: 47 | train acc: 0.8093, train loss: 8.76895298, valid acc: 0.7264, valid loss: 0.88258007, test acc: 0.7081, test loss: 0.90391488
[2026-06-26 14:25:41,651][root][INFO] - Epoch: 47 | train acc: 0.8081, train loss: 0.55699363, valid acc: 0.7140, valid loss: 0.97916776, test acc: 0.6937, test loss: 0.99135748
[2026-06-26 14:25:42,421][root][INFO] - Epoch: 48 | train acc: 0.8790, train loss: 2.43823058, valid acc: 0.7534, valid loss: 0.92860819, test acc: 0.7329, test loss: 0.99588104
[2026-06-26 14:25:42,441][root][INFO] - Epoch: 48 | train acc: 0.7774, train loss: 17.21655761, valid acc: 0.6821, valid loss: 1.05321854, test acc: 0.6578, test loss: 1.14036112
[2026-06-26 14:25:42,800][root][INFO] - reg loss: 4.141748068762607, entropy loss: 0.030100619084522374, leaf dev: 0.09151012450456619
[2026-06-26 14:25:42,802][root][INFO] - Val leaf stats: tensor([1.3503e-03, 0.0000e+00, 6.7513e-03, 8.1015e-04, 1.4043e-02, 2.8436e-01,
        2.1334e-02, 5.4010e-04, 1.9930e-01, 2.3224e-02, 1.7904e-01, 1.7148e-01,
        0.0000e+00, 4.2668e-02, 5.4820e-02, 2.7005e-04])
[2026-06-26 14:25:43,147][root][INFO] - reg loss: 4.117562880281542, entropy loss: 0.026984375397690007, leaf dev: 0.1082100197672844
[2026-06-26 14:25:43,149][root][INFO] - Val leaf stats: tensor([0.0729, 0.0024, 0.2371, 0.0011, 0.0000, 0.0038, 0.0000, 0.0014, 0.0059,
        0.0008, 0.3721, 0.1523, 0.0327, 0.1175, 0.0000, 0.0000])
[2026-06-26 14:25:43,685][root][INFO] - reg loss: 4.0280078747233405, entropy loss: 0.038899819809393804, leaf dev: 0.1706763654947281
[2026-06-26 14:25:43,686][root][INFO] - Val leaf stats: tensor([0.0000e+00, 1.0802e-03, 1.6203e-03, 0.0000e+00, 5.4010e-04, 8.1015e-04,
        0.0000e+00, 5.6711e-03, 0.0000e+00, 1.8904e-03, 2.7005e-04, 0.0000e+00,
        5.8682e-01, 3.2406e-03, 3.9373e-01, 4.3208e-03])
[2026-06-26 14:25:43,884][root][INFO] - reg loss: 4.070010529189814, entropy loss: 0.03538986252712422, leaf dev: 0.11736199259757996
[2026-06-26 14:25:43,885][root][INFO] - Val leaf stats: tensor([0.0011, 0.0062, 0.0000, 0.0000, 0.0005, 0.0024, 0.0996, 0.0014, 0.0367,
        0.0035, 0.0005, 0.2382, 0.2179, 0.3918, 0.0000, 0.0000])
[2026-06-26 14:25:44,668][root][INFO] - reg loss: 4.0826940692839075, entropy loss: 0.028312980304243136, leaf dev: 0.11236362904310226
[2026-06-26 14:25:44,669][root][INFO] - Val leaf stats: tensor([2.9706e-03, 6.7513e-03, 1.8363e-01, 4.3208e-03, 0.0000e+00, 4.0508e-03,
        3.5944e-01, 2.7005e-02, 2.9706e-03, 3.2406e-03, 2.7005e-04, 2.8220e-01,
        2.7005e-04, 2.8895e-02, 8.7227e-02, 6.7513e-03])
[2026-06-26 14:25:46,076][root][INFO] - Epoch: 48 | train acc: 0.8369, train loss: 2.51983868, valid acc: 0.7294, valid loss: 0.91923967, test acc: 0.7199, test loss: 0.95386533
[2026-06-26 14:25:46,624][root][INFO] - reg loss: 4.110562301072918, entropy loss: 0.027779340896694385, leaf dev: 0.10281743854284286
[2026-06-26 14:25:46,626][root][INFO] - Val leaf stats: tensor([0.0008, 0.0108, 0.3092, 0.0100, 0.0000, 0.0799, 0.2865, 0.0014, 0.0278,
        0.0005, 0.0084, 0.0057, 0.0011, 0.1677, 0.0880, 0.0022])
[2026-06-26 14:25:46,800][root][INFO] - reg loss: 4.130256269798904, entropy loss: 0.04129575876916041, leaf dev: 0.11584993451833725
[2026-06-26 14:25:46,801][root][INFO] - Val leaf stats: tensor([3.2676e-01, 1.7823e-02, 1.7175e-01, 0.0000e+00, 1.3503e-03, 5.4010e-04,
        0.0000e+00, 2.7005e-04, 0.0000e+00, 0.0000e+00, 4.6179e-02, 5.4010e-04,
        4.3478e-02, 3.4837e-01, 0.0000e+00, 4.2938e-02])
[2026-06-26 14:25:47,059][root][INFO] - reg loss: 4.146112473284612, entropy loss: 0.035147368510971305, leaf dev: 0.08632106333971024
[2026-06-26 14:25:47,061][root][INFO] - Val leaf stats: tensor([0.0000e+00, 0.0000e+00, 1.5933e-02, 5.4010e-04, 1.6392e-01, 1.9714e-02,
        5.9411e-02, 2.1469e-01, 3.4297e-02, 2.7005e-04, 5.0500e-02, 6.7243e-02,
        8.6957e-02, 1.0802e-03, 2.8517e-01, 2.7005e-04])
[2026-06-26 14:25:47,896][root][INFO] - reg loss: 4.139797867321577, entropy loss: 0.0335460046581069, leaf dev: 0.10693731904029846
[2026-06-26 14:25:47,897][root][INFO] - Val leaf stats: tensor([5.4010e-03, 5.4010e-04, 0.0000e+00, 1.0262e-02, 1.0802e-03, 3.7807e-02,
        2.7005e-04, 4.0508e-03, 2.7815e-02, 6.7513e-02, 2.1604e-03, 5.4010e-04,
        2.5223e-01, 2.4305e-01, 3.2217e-01, 2.5115e-02])
[2026-06-26 14:25:48,092][root][INFO] - reg loss: 4.144054068893682, entropy loss: 0.026518097116810378, leaf dev: 0.10303802788257599
[2026-06-26 14:25:48,094][root][INFO] - Val leaf stats: tensor([2.7005e-04, 5.4010e-04, 1.6608e-01, 1.9174e-02, 2.7005e-04, 2.5925e-02,
        1.5636e-01, 4.8879e-02, 0.0000e+00, 0.0000e+00, 8.1015e-04, 0.0000e+00,
        8.1015e-04, 2.9382e-01, 2.8274e-01, 4.3208e-03])
[2026-06-26 14:25:52,084][root][INFO] - reg loss: 4.098626730871982, entropy loss: 0.03209131815638699, leaf dev: 0.11066749691963196
[2026-06-26 14:25:52,086][root][INFO] - Val leaf stats: tensor([2.7005e-04, 1.0802e-03, 4.5909e-03, 1.6203e-03, 3.7780e-01, 9.1547e-02,
        3.7807e-03, 0.0000e+00, 2.1874e-01, 2.7005e-04, 1.2962e-02, 1.9984e-01,
        8.4256e-02, 1.8904e-03, 1.0802e-03, 2.7005e-04])
[2026-06-26 14:25:53,638][root][INFO] - Epoch: 47 | train acc: 0.8007, train loss: 16.99812701, valid acc: 0.7110, valid loss: 0.99432355, test acc: 0.6912, test loss: 1.06540649
[2026-06-26 14:26:00,163][root][INFO] - reg loss: 4.105421949605473, entropy loss: 0.025611892800594938, leaf dev: 0.08600377291440964
[2026-06-26 14:26:00,165][root][INFO] - Val leaf stats: tensor([0.0000, 0.0051, 0.1485, 0.0008, 0.0348, 0.2096, 0.2498, 0.0068, 0.0170,
        0.0000, 0.0627, 0.0003, 0.0600, 0.1890, 0.0000, 0.0157])
[2026-06-26 14:26:03,250][root][INFO] - Epoch: 47 | train acc: 0.8988, train loss: 4.40437239, valid acc: 0.7615, valid loss: 0.97999339, test acc: 0.7457, test loss: 0.95549234
[2026-06-26 14:26:10,067][root][INFO] - reg loss: 4.098993035613513, entropy loss: 0.03371126048999731, leaf dev: 0.11974489688873291
[2026-06-26 14:26:10,069][root][INFO] - Val leaf stats: tensor([2.7005e-04, 1.2692e-02, 5.4010e-04, 0.0000e+00, 0.0000e+00, 3.5107e-03,
        2.1604e-03, 0.0000e+00, 0.0000e+00, 3.5404e-01, 5.4010e-04, 2.0119e-01,
        3.2676e-01, 6.4002e-02, 2.5115e-02, 9.1817e-03])
[2026-06-26 14:26:15,480][root][INFO] - Epoch: 49 | train acc: 0.8547, train loss: 16.77093690, valid acc: 0.7259, valid loss: 1.13072386, test acc: 0.7054, test loss: 1.13062975
[2026-06-26 14:26:16,919][root][INFO] - Epoch: 48 | train acc: 0.7946, train loss: 32.98449632, valid acc: 0.6957, valid loss: 0.94971569, test acc: 0.6861, test loss: 1.00854931
[2026-06-26 14:26:20,724][root][INFO] - reg loss: 4.078778345076764, entropy loss: 0.03601989943961628, leaf dev: 0.1370047777891159
[2026-06-26 14:26:20,725][root][INFO] - Val leaf stats: tensor([2.7005e-04, 5.7791e-02, 5.4010e-04, 5.4010e-04, 2.7005e-04, 8.1015e-04,
        0.0000e+00, 7.5614e-03, 0.0000e+00, 0.0000e+00, 5.4010e-04, 2.4305e-03,
        4.7745e-01, 1.1828e-01, 3.1353e-01, 1.9984e-02])
[2026-06-26 14:26:21,317][root][INFO] - Epoch: 48 | train acc: 0.7611, train loss: 4.83804110, valid acc: 0.6886, valid loss: 1.06922075, test acc: 0.6566, test loss: 1.10521094
[2026-06-26 14:26:22,253][root][INFO] - Epoch: 49 | train acc: 0.8036, train loss: 4.63080699, valid acc: 0.7002, valid loss: 0.96790709, test acc: 0.6853, test loss: 1.02963010
[2026-06-26 14:26:22,282][root][INFO] - reg loss: 4.051008795128494, entropy loss: 0.03106545424852215, leaf dev: 0.12076574563980103
[2026-06-26 14:26:22,283][root][INFO] - Val leaf stats: tensor([2.9706e-03, 2.7005e-04, 3.2136e-01, 3.2406e-03, 0.0000e+00, 3.2946e-02,
        2.9031e-01, 0.0000e+00, 1.6203e-03, 2.7005e-04, 8.1015e-04, 0.0000e+00,
        4.2128e-02, 8.1015e-04, 3.0138e-01, 1.8904e-03])
[2026-06-26 14:26:23,744][root][INFO] - Epoch: 49 | train acc: 0.9237, train loss: 8.38638983, valid acc: 0.7845, valid loss: 0.90219230, test acc: 0.7614, test loss: 0.97589532
[2026-06-26 14:26:24,918][root][INFO] - Epoch: 48 | train acc: 0.8731, train loss: 32.60427381, valid acc: 0.7605, valid loss: 0.87439461, test acc: 0.7288, test loss: 0.98463360
[2026-06-26 14:26:25,056][root][INFO] - Epoch: 49 | train acc: 0.8279, train loss: 0.50107632, valid acc: 0.7353, valid loss: 0.88780601, test acc: 0.7081, test loss: 0.98265376
[2026-06-26 14:26:25,205][root][INFO] - Epoch: 48 | train acc: 0.8860, train loss: 4.46318904, valid acc: 0.7340, valid loss: 0.96443860, test acc: 0.7077, test loss: 1.03202324
[2026-06-26 14:26:25,621][root][INFO] - Val leaf stats: tensor([2.7005e-04, 5.7791e-02, 5.4010e-04, 5.4010e-04, 2.7005e-04, 8.1015e-04,
        0.0000e+00, 7.5614e-03, 0.0000e+00, 0.0000e+00, 5.4010e-04, 2.4305e-03,
        4.7745e-01, 1.1828e-01, 3.1353e-01, 1.9984e-02])
[2026-06-26 14:26:26,221][root][INFO] - Epoch: 49 | train acc: 0.9268, train loss: 8.38916696, valid acc: 0.7877, valid loss: 0.86610297, test acc: 0.7769, test loss: 0.88347427
[2026-06-26 14:26:26,767][root][INFO] - reg loss: 4.147707524846812, entropy loss: 0.03258633506713343, leaf dev: 0.09162604063749313
[2026-06-26 14:26:26,768][root][INFO] - Val leaf stats: tensor([0.0032, 0.0008, 0.1172, 0.0016, 0.0535, 0.2185, 0.2414, 0.2317, 0.1091,
        0.0138, 0.0005, 0.0014, 0.0043, 0.0003, 0.0019, 0.0008])
[2026-06-26 14:26:27,161][root][INFO] - Epoch: 48 | train acc: 0.8131, train loss: 2.57675668, valid acc: 0.7227, valid loss: 0.92514319, test acc: 0.7015, test loss: 0.96981572
[2026-06-26 14:26:27,339][root][INFO] - reg loss: 4.069874740037762, entropy loss: 0.028526335740919975, leaf dev: 0.13202281296253204
[2026-06-26 14:26:27,340][root][INFO] - Val leaf stats: tensor([1.0802e-03, 5.4010e-04, 1.2827e-01, 9.7218e-03, 2.7005e-04, 2.6465e-02,
        0.0000e+00, 5.4010e-04, 1.8634e-02, 0.0000e+00, 6.2112e-03, 0.0000e+00,
        2.7005e-04, 3.8752e-01, 3.9427e-01, 2.6195e-02])
[2026-06-26 14:26:28,319][root][INFO] - Epoch: 48 | train acc: 0.8129, train loss: 8.74528733, valid acc: 0.7308, valid loss: 0.89324427, test acc: 0.7074, test loss: 0.91438898
[2026-06-26 14:26:28,972][root][INFO] - reg loss: 4.076915076521576, entropy loss: 0.033462413571408535, leaf dev: 0.11436039954423904
[2026-06-26 14:26:28,973][root][INFO] - Val leaf stats: tensor([5.4010e-04, 0.0000e+00, 5.4010e-04, 1.0802e-03, 5.4010e-04, 5.9411e-02,
        2.7005e-04, 5.4010e-04, 8.1015e-04, 3.2433e-01, 8.1015e-04, 2.3873e-01,
        2.9571e-01, 1.0802e-03, 7.4264e-02, 1.3503e-03])
[2026-06-26 14:26:29,394][root][INFO] - Epoch: 48 | train acc: 0.8126, train loss: 0.54133243, valid acc: 0.7097, valid loss: 0.95644128, test acc: 0.7054, test loss: 0.96949703
[2026-06-26 14:26:29,673][root][INFO] - Epoch: 49 | train acc: 0.8865, train loss: 2.40619747, valid acc: 0.7713, valid loss: 0.86285227, test acc: 0.7504, test loss: 0.93616740
[2026-06-26 14:26:29,747][root][INFO] - Epoch: 49 | train acc: 0.7691, train loss: 17.26476594, valid acc: 0.6589, valid loss: 1.14014761, test acc: 0.6409, test loss: 1.19081972
[2026-06-26 14:26:29,755][root][INFO] - Epoch: 48 | train acc: 0.8854, train loss: 2.40890687, valid acc: 0.7637, valid loss: 0.91043733, test acc: 0.7413, test loss: 0.96165644
[2026-06-26 14:26:30,015][root][INFO] - reg loss: 4.147576113216212, entropy loss: 0.030686220948080548, leaf dev: 0.09007804095745087
[2026-06-26 14:26:30,016][root][INFO] - Val leaf stats: tensor([0.0008, 0.0000, 0.0022, 0.0003, 0.0130, 0.2250, 0.0184, 0.0000, 0.2098,
        0.0213, 0.2163, 0.1915, 0.0000, 0.0464, 0.0548, 0.0003])
[2026-06-26 14:26:30,163][root][INFO] - reg loss: 4.028517308782359, entropy loss: 0.03896871960309685, leaf dev: 0.17073112726211548
[2026-06-26 14:26:30,165][root][INFO] - Val leaf stats: tensor([0.0000e+00, 1.3503e-03, 1.6203e-03, 0.0000e+00, 2.7005e-04, 5.4010e-04,
        0.0000e+00, 5.6711e-03, 0.0000e+00, 2.7005e-04, 2.7005e-04, 1.0802e-03,
        5.8304e-01, 2.1604e-03, 3.9968e-01, 4.0508e-03])
[2026-06-26 14:26:30,689][root][INFO] - reg loss: 4.120528737052542, entropy loss: 0.028277398590914538, leaf dev: 0.09894978255033493
[2026-06-26 14:26:30,690][root][INFO] - Val leaf stats: tensor([0.0759, 0.0027, 0.2336, 0.0011, 0.0000, 0.0027, 0.0003, 0.0019, 0.0070,
        0.0003, 0.2682, 0.1202, 0.0378, 0.2474, 0.0003, 0.0008])
[2026-06-26 14:26:30,721][root][INFO] - Test leaf std: 0.13751082122325897, Val leaf std: 0.1370047777891159
[2026-06-26 14:26:31,438][root][INFO] - reg loss: 4.075505530247923, entropy loss: 0.03277642444753256, leaf dev: 0.11586973816156387
[2026-06-26 14:26:31,439][root][INFO] - Val leaf stats: tensor([1.3503e-03, 6.2112e-03, 0.0000e+00, 0.0000e+00, 2.7005e-04, 2.4305e-03,
        9.8569e-02, 1.3503e-03, 2.9706e-02, 3.2406e-03, 8.1015e-04, 2.4224e-01,
        2.5142e-01, 3.6241e-01, 0.0000e+00, 0.0000e+00])
[2026-06-26 14:26:32,256][root][INFO] - Epoch: 49 | train acc: 0.8407, train loss: 2.50636539, valid acc: 0.7364, valid loss: 0.89450795, test acc: 0.7199, test loss: 0.93343288
[2026-06-26 14:26:32,331][root][INFO] - reg loss: 4.077336178451288, entropy loss: 0.02789659395081098, leaf dev: 0.11406224966049194
[2026-06-26 14:26:32,332][root][INFO] - Val leaf stats: tensor([2.9706e-03, 7.2914e-03, 1.9066e-01, 3.7807e-03, 0.0000e+00, 4.0508e-03,
        3.5485e-01, 2.5925e-02, 2.9706e-03, 2.9706e-03, 2.7005e-04, 2.9652e-01,
        0.0000e+00, 2.6465e-02, 7.7235e-02, 4.0508e-03])
[2026-06-26 14:26:32,549][root][INFO] - Val leaf stats: tensor([1.0802e-03, 5.4010e-04, 1.2827e-01, 9.7218e-03, 2.7005e-04, 2.6465e-02,
        0.0000e+00, 5.4010e-04, 1.8634e-02, 0.0000e+00, 6.2112e-03, 0.0000e+00,
        2.7005e-04, 3.8752e-01, 3.9427e-01, 2.6195e-02])
[2026-06-26 14:26:32,931][root][INFO] - reg loss: 4.104649231082103, entropy loss: 0.028009761246989985, leaf dev: 0.10115042328834534
[2026-06-26 14:26:32,933][root][INFO] - Val leaf stats: tensor([2.7005e-04, 9.9919e-03, 3.1164e-01, 9.7218e-03, 0.0000e+00, 8.9117e-02,
        2.6870e-01, 1.3503e-03, 3.4837e-02, 5.4010e-04, 7.2914e-03, 1.3503e-03,
        0.0000e+00, 1.6824e-01, 9.4518e-02, 2.4305e-03])
[2026-06-26 14:26:34,001][root][INFO] - Val leaf stats: tensor([5.4010e-04, 0.0000e+00, 5.4010e-04, 1.0802e-03, 5.4010e-04, 5.9411e-02,
        2.7005e-04, 5.4010e-04, 8.1015e-04, 3.2433e-01, 8.1015e-04, 2.3873e-01,
        2.9571e-01, 1.0802e-03, 7.4264e-02, 1.3503e-03])
[2026-06-26 14:26:34,516][root][INFO] - reg loss: 4.142855941272173, entropy loss: 0.034053359608181184, leaf dev: 0.0867362916469574
[2026-06-26 14:26:34,517][root][INFO] - Val leaf stats: tensor([0.0000e+00, 0.0000e+00, 1.5663e-02, 5.4010e-04, 1.9471e-01, 5.1310e-03,
        6.5352e-02, 1.9552e-01, 2.1874e-02, 2.7005e-04, 5.0770e-02, 7.2374e-02,
        1.0100e-01, 5.4010e-04, 2.7599e-01, 2.7005e-04])
[2026-06-26 14:26:34,907][root][INFO] - reg loss: 4.145234936573466, entropy loss: 0.026788044140719978, leaf dev: 0.10022864490747452
[2026-06-26 14:26:34,909][root][INFO] - Val leaf stats: tensor([2.7005e-04, 5.4010e-04, 1.3206e-01, 1.2692e-02, 4.8609e-03, 4.9419e-02,
        1.6851e-01, 5.7251e-02, 2.7005e-04, 0.0000e+00, 8.1015e-04, 2.7005e-04,
        0.0000e+00, 2.8274e-01, 2.8544e-01, 4.8609e-03])
[2026-06-26 14:26:35,045][root][INFO] - reg loss: 4.140174013669373, entropy loss: 0.03379212915286666, leaf dev: 0.10636177659034729
[2026-06-26 14:26:35,046][root][INFO] - Val leaf stats: tensor([0.0057, 0.0005, 0.0000, 0.0100, 0.0011, 0.0370, 0.0011, 0.0030, 0.0365,
        0.0861, 0.0022, 0.0005, 0.2933, 0.1661, 0.3278, 0.0292])
[2026-06-26 14:26:35,217][root][INFO] - reg loss: 4.126899633251253, entropy loss: 0.04097796225401222, leaf dev: 0.11512959748506546
[2026-06-26 14:26:35,218][root][INFO] - Val leaf stats: tensor([2.9706e-01, 5.4010e-03, 2.1010e-01, 0.0000e+00, 1.0802e-03, 5.4010e-04,
        0.0000e+00, 2.7005e-04, 0.0000e+00, 0.0000e+00, 4.6449e-02, 5.4010e-04,
        4.2398e-02, 3.5053e-01, 0.0000e+00, 4.5639e-02])
[2026-06-26 14:26:35,370][root][INFO] - Val leaf stats: tensor([0.0008, 0.0000, 0.0022, 0.0003, 0.0130, 0.2250, 0.0184, 0.0000, 0.2098,
        0.0213, 0.2163, 0.1915, 0.0000, 0.0464, 0.0548, 0.0003])
[2026-06-26 14:26:36,328][root][INFO] - FINAL TEST | acc: 0.7054, loss: 1.1306, 
[2026-06-26 14:26:36,633][root][INFO] - MLFlow run ID: 58f392b9bde34ec8a5768ced558f1632, status: FINISHED
[2026-06-26 14:26:36,784][root][INFO] - Val leaf stats: tensor([1.3503e-03, 6.2112e-03, 0.0000e+00, 0.0000e+00, 2.7005e-04, 2.4305e-03,
        9.8569e-02, 1.3503e-03, 2.9706e-02, 3.2406e-03, 8.1015e-04, 2.4224e-01,
        2.5142e-01, 3.6241e-01, 0.0000e+00, 0.0000e+00])
[2026-06-26 14:26:37,415][root][INFO] - reg loss: 4.0971565559262135, entropy loss: 0.03215644911664431, leaf dev: 0.11043762415647507
[2026-06-26 14:26:37,416][root][INFO] - Val leaf stats: tensor([2.7005e-04, 1.0802e-03, 4.3208e-03, 1.6203e-03, 3.7888e-01, 9.2898e-02,
        4.0508e-03, 0.0000e+00, 2.1307e-01, 2.7005e-04, 1.1072e-02, 1.9903e-01,
        8.9927e-02, 2.1604e-03, 1.0802e-03, 2.7005e-04])
[2026-06-26 14:26:38,176][root][INFO] - Test leaf std: 0.13164491951465607, Val leaf std: 0.13202281296253204
[2026-06-26 14:26:39,278][root][INFO] - Test leaf std: 0.11214631050825119, Val leaf std: 0.11436039954423904
[2026-06-26 14:26:40,013][root][INFO] - Epoch: 48 | train acc: 0.8000, train loss: 16.98786417, valid acc: 0.7016, valid loss: 1.01464958, test acc: 0.6919, test loss: 1.07458492
[2026-06-26 14:26:40,571][root][INFO] - Val leaf stats: tensor([0.0057, 0.0005, 0.0000, 0.0100, 0.0011, 0.0370, 0.0011, 0.0030, 0.0365,
        0.0861, 0.0022, 0.0005, 0.2933, 0.1661, 0.3278, 0.0292])
[2026-06-26 14:26:40,609][root][INFO] - Val leaf stats: tensor([2.7005e-04, 5.4010e-04, 1.3206e-01, 1.2692e-02, 4.8609e-03, 4.9419e-02,
        1.6851e-01, 5.7251e-02, 2.7005e-04, 0.0000e+00, 8.1015e-04, 2.7005e-04,
        0.0000e+00, 2.8274e-01, 2.8544e-01, 4.8609e-03])
[2026-06-26 14:26:40,753][root][INFO] - Test leaf std: 0.08865177631378174, Val leaf std: 0.09007804095745087
[2026-06-26 14:26:42,465][root][INFO] - Test leaf std: 0.11659779399633408, Val leaf std: 0.11586973816156387
[2026-06-26 14:26:42,801][root][INFO] - Val leaf stats: tensor([2.7005e-04, 1.0802e-03, 4.3208e-03, 1.6203e-03, 3.7888e-01, 9.2898e-02,
        4.0508e-03, 0.0000e+00, 2.1307e-01, 2.7005e-04, 1.1072e-02, 1.9903e-01,
        8.9927e-02, 2.1604e-03, 1.0802e-03, 2.7005e-04])
[2026-06-26 14:26:43,698][root][INFO] - FINAL TEST | acc: 0.6853, loss: 1.0296, 
[2026-06-26 14:26:44,092][root][INFO] - MLFlow run ID: 6d682476ddd744b8b071d7ce84122651, status: FINISHED
[2026-06-26 14:26:45,157][root][INFO] - FINAL TEST | acc: 0.7614, loss: 0.9759, 
[2026-06-26 14:26:45,517][root][INFO] - MLFlow run ID: de8998f5d5234db196dda40c9e251253, status: FINISHED
[2026-06-26 14:26:45,853][root][INFO] - reg loss: 4.10358106112871, entropy loss: 0.02501107184369056, leaf dev: 0.08639047294855118
[2026-06-26 14:26:45,854][root][INFO] - Val leaf stats: tensor([0.0000, 0.0041, 0.1580, 0.0011, 0.0305, 0.1893, 0.2582, 0.0076, 0.0176,
        0.0000, 0.0629, 0.0005, 0.0586, 0.1950, 0.0000, 0.0167])
[2026-06-26 14:26:46,131][root][INFO] - FINAL TEST | acc: 0.7081, loss: 0.9827, 
[2026-06-26 14:26:46,258][root][INFO] - Test leaf std: 0.10502203553915024, Val leaf std: 0.10636177659034729
[2026-06-26 14:26:46,524][root][INFO] - Test leaf std: 0.10073057562112808, Val leaf std: 0.10022864490747452
[2026-06-26 14:26:46,573][root][INFO] - MLFlow run ID: 5a20dfddca57412dbe0df98a260c8107, status: FINISHED
[2026-06-26 14:26:47,577][root][INFO] - FINAL TEST | acc: 0.7769, loss: 0.8835, 
[2026-06-26 14:26:47,917][root][INFO] - MLFlow run ID: d2493c32bea54a2490ede39b9e83d463, status: FINISHED
[2026-06-26 14:26:48,147][root][INFO] - Test leaf std: 0.10820687562227249, Val leaf std: 0.11043762415647507
[2026-06-26 14:26:49,257][root][INFO] - Epoch: 48 | train acc: 0.9045, train loss: 4.37578710, valid acc: 0.7648, valid loss: 0.95102331, test acc: 0.7560, test loss: 0.95320256
[2026-06-26 14:26:51,802][root][INFO] - FINAL TEST | acc: 0.7504, loss: 0.9362, 
[2026-06-26 14:26:51,829][root][INFO] - FINAL TEST | acc: 0.6409, loss: 1.1908, 
[2026-06-26 14:26:52,082][root][INFO] - MLFlow run ID: f8eadf3e12f946c9b125e765305bf3d5, status: FINISHED
[2026-06-26 14:26:52,196][root][INFO] - MLFlow run ID: 01aff9a07d0049d89a86e3e426597d26, status: FINISHED
[2026-06-26 14:26:52,878][root][INFO] - FINAL TEST | acc: 0.7199, loss: 0.9334, 
[2026-06-26 14:26:53,132][root][INFO] - MLFlow run ID: 7055210201364eb59a20f72437da1b22, status: FINISHED
[2026-06-26 14:26:54,530][root][INFO] - reg loss: 4.092864138181092, entropy loss: 0.03341247938329079, leaf dev: 0.12048397213220596
[2026-06-26 14:26:54,532][root][INFO] - Val leaf stats: tensor([0.0005, 0.0100, 0.0005, 0.0000, 0.0000, 0.0038, 0.0011, 0.0000, 0.0000,
        0.3627, 0.0008, 0.1969, 0.3238, 0.0648, 0.0270, 0.0081])
[2026-06-26 14:26:59,420][root][INFO] - Epoch: 49 | train acc: 0.7965, train loss: 32.96263066, valid acc: 0.7021, valid loss: 0.95106628, test acc: 0.6880, test loss: 0.98105722
[2026-06-26 14:27:05,101][root][INFO] - Epoch: 49 | train acc: 0.7644, train loss: 4.82279628, valid acc: 0.6897, valid loss: 1.04857977, test acc: 0.6573, test loss: 1.10503357
[2026-06-26 14:27:05,228][root][INFO] - reg loss: 4.0491467851107235, entropy loss: 0.03102001163070319, leaf dev: 0.12107819318771362
[2026-06-26 14:27:05,230][root][INFO] - Val leaf stats: tensor([2.7005e-03, 2.7005e-04, 3.2460e-01, 3.2406e-03, 0.0000e+00, 3.3756e-02,
        2.9166e-01, 0.0000e+00, 1.6203e-03, 2.7005e-04, 8.1015e-04, 0.0000e+00,
        3.9968e-02, 5.4010e-04, 2.9868e-01, 1.8904e-03])
[2026-06-26 14:27:07,818][root][INFO] - Epoch: 49 | train acc: 0.8717, train loss: 32.61317031, valid acc: 0.7626, valid loss: 0.89173950, test acc: 0.7347, test loss: 0.96416195
[2026-06-26 14:27:08,067][root][INFO] - Epoch: 49 | train acc: 0.8473, train loss: 4.56746795, valid acc: 0.7418, valid loss: 0.94388661, test acc: 0.7150, test loss: 1.01146173
[2026-06-26 14:27:08,533][root][INFO] - Epoch: 49 | train acc: 0.8159, train loss: 8.74370589, valid acc: 0.7308, valid loss: 0.88769035, test acc: 0.7128, test loss: 0.91240267
[2026-06-26 14:27:09,609][root][INFO] - Epoch: 49 | train acc: 0.8140, train loss: 2.57676532, valid acc: 0.7029, valid loss: 0.98301965, test acc: 0.6811, test loss: 1.08057439
[2026-06-26 14:27:10,681][root][INFO] - reg loss: 4.148599280685675, entropy loss: 0.03297324609927467, leaf dev: 0.09026642888784409
[2026-06-26 14:27:10,683][root][INFO] - Val leaf stats: tensor([0.0024, 0.0016, 0.1213, 0.0016, 0.0573, 0.2220, 0.2320, 0.2239, 0.1153,
        0.0140, 0.0005, 0.0003, 0.0049, 0.0003, 0.0019, 0.0008])
[2026-06-26 14:27:10,793][root][INFO] - Val leaf stats: tensor([2.7005e-03, 2.7005e-04, 3.2460e-01, 3.2406e-03, 0.0000e+00, 3.3756e-02,
        2.9166e-01, 0.0000e+00, 1.6203e-03, 2.7005e-04, 8.1015e-04, 0.0000e+00,
        3.9968e-02, 5.4010e-04, 2.9868e-01, 1.8904e-03])
[2026-06-26 14:27:11,040][root][INFO] - Epoch: 49 | train acc: 0.8157, train loss: 0.52866508, valid acc: 0.7194, valid loss: 0.93340129, test acc: 0.7069, test loss: 0.96986464
[2026-06-26 14:27:13,295][root][INFO] - Epoch: 49 | train acc: 0.9035, train loss: 2.35550159, valid acc: 0.7726, valid loss: 0.93947819, test acc: 0.7509, test loss: 0.95448033
[2026-06-26 14:27:13,488][root][INFO] - reg loss: 4.028991753937768, entropy loss: 0.03929263017460948, leaf dev: 0.17027705907821655
[2026-06-26 14:27:13,489][root][INFO] - Val leaf stats: tensor([0.0000e+00, 1.3503e-03, 1.6203e-03, 0.0000e+00, 2.7005e-04, 8.1015e-04,
        0.0000e+00, 5.6711e-03, 0.0000e+00, 5.4010e-04, 0.0000e+00, 2.4305e-03,
        5.7899e-01, 2.1604e-03, 4.0265e-01, 3.5107e-03])
[2026-06-26 14:27:13,549][root][INFO] - reg loss: 4.122115275898918, entropy loss: 0.028659856924023785, leaf dev: 0.0981379970908165
[2026-06-26 14:27:13,551][root][INFO] - Val leaf stats: tensor([7.9935e-02, 2.1604e-03, 2.3467e-01, 1.0802e-03, 0.0000e+00, 3.2406e-03,
        2.7005e-04, 1.8904e-03, 8.1015e-03, 2.7005e-04, 2.9112e-01, 1.2179e-01,
        4.5099e-02, 2.0929e-01, 2.7005e-04, 8.1015e-04])
[2026-06-26 14:27:13,975][root][INFO] - reg loss: 4.106896314464632, entropy loss: 0.02795569177289478, leaf dev: 0.09873586893081665
[2026-06-26 14:27:13,976][root][INFO] - Val leaf stats: tensor([0.0000, 0.0119, 0.3016, 0.0068, 0.0000, 0.0924, 0.2595, 0.0014, 0.0359,
        0.0005, 0.0076, 0.0019, 0.0022, 0.1718, 0.1040, 0.0027])
[2026-06-26 14:27:15,265][root][INFO] - reg loss: 4.076851868238605, entropy loss: 0.027630527427450556, leaf dev: 0.12138185650110245
[2026-06-26 14:27:15,267][root][INFO] - Val leaf stats: tensor([1.8904e-03, 9.4518e-03, 9.0737e-02, 4.3208e-03, 0.0000e+00, 5.6711e-03,
        4.2749e-01, 4.4829e-02, 3.2406e-03, 2.4305e-03, 2.7005e-04, 2.8598e-01,
        0.0000e+00, 2.7275e-02, 8.8037e-02, 8.3716e-03])
[2026-06-26 14:27:15,602][root][INFO] - Val leaf stats: tensor([0.0024, 0.0016, 0.1213, 0.0016, 0.0573, 0.2220, 0.2320, 0.2239, 0.1153,
        0.0140, 0.0005, 0.0003, 0.0049, 0.0003, 0.0019, 0.0008])
[2026-06-26 14:27:16,155][root][INFO] - Test leaf std: 0.12268868088722229, Val leaf std: 0.12107819318771362
[2026-06-26 14:27:16,269][root][INFO] - reg loss: 4.14215573326486, entropy loss: 0.03414371008145028, leaf dev: 0.08864184468984604
[2026-06-26 14:27:16,271][root][INFO] - Val leaf stats: tensor([0.0000e+00, 0.0000e+00, 1.6743e-02, 5.4010e-04, 2.0767e-01, 6.4812e-03,
        6.1302e-02, 1.9309e-01, 2.3765e-02, 0.0000e+00, 4.5639e-02, 6.5893e-02,
        9.6138e-02, 2.7005e-04, 2.8220e-01, 2.7005e-04])
[2026-06-26 14:27:18,928][root][INFO] - reg loss: 4.124476682944376, entropy loss: 0.041126335070270005, leaf dev: 0.11389559507369995
[2026-06-26 14:27:18,929][root][INFO] - Val leaf stats: tensor([2.6060e-01, 3.2406e-03, 2.4899e-01, 0.0000e+00, 1.3503e-03, 1.0802e-03,
        0.0000e+00, 2.7005e-04, 0.0000e+00, 0.0000e+00, 4.6989e-02, 5.4010e-04,
        4.5099e-02, 3.4783e-01, 0.0000e+00, 4.4018e-02])
[2026-06-26 14:27:19,006][root][INFO] - Val leaf stats: tensor([0.0000e+00, 1.3503e-03, 1.6203e-03, 0.0000e+00, 2.7005e-04, 8.1015e-04,
        0.0000e+00, 5.6711e-03, 0.0000e+00, 5.4010e-04, 0.0000e+00, 2.4305e-03,
        5.7899e-01, 2.1604e-03, 4.0265e-01, 3.5107e-03])
[2026-06-26 14:27:19,134][root][INFO] - Val leaf stats: tensor([7.9935e-02, 2.1604e-03, 2.3467e-01, 1.0802e-03, 0.0000e+00, 3.2406e-03,
        2.7005e-04, 1.8904e-03, 8.1015e-03, 2.7005e-04, 2.9112e-01, 1.2179e-01,
        4.5099e-02, 2.0929e-01, 2.7005e-04, 8.1015e-04])
[2026-06-26 14:27:19,295][root][INFO] - Val leaf stats: tensor([0.0000, 0.0119, 0.3016, 0.0068, 0.0000, 0.0924, 0.2595, 0.0014, 0.0359,
        0.0005, 0.0076, 0.0019, 0.0022, 0.1718, 0.1040, 0.0027])
[2026-06-26 14:27:20,638][root][INFO] - Val leaf stats: tensor([1.8904e-03, 9.4518e-03, 9.0737e-02, 4.3208e-03, 0.0000e+00, 5.6711e-03,
        4.2749e-01, 4.4829e-02, 3.2406e-03, 2.4305e-03, 2.7005e-04, 2.8598e-01,
        0.0000e+00, 2.7275e-02, 8.8037e-02, 8.3716e-03])
[2026-06-26 14:27:21,142][root][INFO] - Test leaf std: 0.09186945855617523, Val leaf std: 0.09026642888784409
[2026-06-26 14:27:21,450][root][INFO] - FINAL TEST | acc: 0.6880, loss: 0.9811, 
[2026-06-26 14:27:21,846][root][INFO] - MLFlow run ID: 9802dd1f32b94cd290f6210669b879e8, status: FINISHED
[2026-06-26 14:27:21,869][root][INFO] - Val leaf stats: tensor([0.0000e+00, 0.0000e+00, 1.6743e-02, 5.4010e-04, 2.0767e-01, 6.4812e-03,
        6.1302e-02, 1.9309e-01, 2.3765e-02, 0.0000e+00, 4.5639e-02, 6.5893e-02,
        9.6138e-02, 2.7005e-04, 2.8220e-01, 2.7005e-04])
[2026-06-26 14:27:22,705][root][INFO] - Epoch: 49 | train acc: 0.7994, train loss: 16.98254757, valid acc: 0.7094, valid loss: 0.97338418, test acc: 0.6878, test loss: 1.06136296
[2026-06-26 14:27:24,055][root][INFO] - Val leaf stats: tensor([2.6060e-01, 3.2406e-03, 2.4899e-01, 0.0000e+00, 1.3503e-03, 1.0802e-03,
        0.0000e+00, 2.7005e-04, 0.0000e+00, 0.0000e+00, 4.6989e-02, 5.4010e-04,
        4.5099e-02, 3.4783e-01, 0.0000e+00, 4.4018e-02])
[2026-06-26 14:27:24,075][root][INFO] - Test leaf std: 0.09765747934579849, Val leaf std: 0.09873586893081665
[2026-06-26 14:27:24,475][root][INFO] - Test leaf std: 0.17237435281276703, Val leaf std: 0.17027705907821655
[2026-06-26 14:27:24,583][root][INFO] - Test leaf std: 0.09916689246892929, Val leaf std: 0.0981379970908165
[2026-06-26 14:27:25,875][root][INFO] - FINAL TEST | acc: 0.6573, loss: 1.1050, 
[2026-06-26 14:27:26,210][root][INFO] - Test leaf std: 0.12109648436307907, Val leaf std: 0.12138185650110245
[2026-06-26 14:27:26,284][root][INFO] - MLFlow run ID: f162365604c742738c0a168a332a0209, status: FINISHED
[2026-06-26 14:27:27,026][root][INFO] - Test leaf std: 0.0887027382850647, Val leaf std: 0.08864184468984604
[2026-06-26 14:27:27,877][root][INFO] - reg loss: 4.102362585849449, entropy loss: 0.025245574928942274, leaf dev: 0.08846423774957657
[2026-06-26 14:27:27,879][root][INFO] - Val leaf stats: tensor([0.0000, 0.0038, 0.1574, 0.0011, 0.0238, 0.2015, 0.2536, 0.0070, 0.0173,
        0.0000, 0.0616, 0.0008, 0.0462, 0.2074, 0.0000, 0.0186])
[2026-06-26 14:27:28,672][root][INFO] - FINAL TEST | acc: 0.7128, loss: 0.9124, 
[2026-06-26 14:27:28,942][root][INFO] - MLFlow run ID: 5740bd6846694bdfb302cbc64507ac27, status: FINISHED
[2026-06-26 14:27:29,157][root][INFO] - Test leaf std: 0.11152035742998123, Val leaf std: 0.11389559507369995
[2026-06-26 14:27:29,239][root][INFO] - FINAL TEST | acc: 0.7347, loss: 0.9642, 
[2026-06-26 14:27:29,468][root][INFO] - FINAL TEST | acc: 0.7150, loss: 1.0115, 
[2026-06-26 14:27:29,494][root][INFO] - MLFlow run ID: 56bdc53ffc8a4cd99806c92dd85e6073, status: FINISHED
[2026-06-26 14:27:29,794][root][INFO] - MLFlow run ID: 4f10c379daae4bfbb9c433fdc3a1d68a, status: FINISHED
[2026-06-26 14:27:30,611][root][INFO] - FINAL TEST | acc: 0.6811, loss: 1.0806, 
