[2026-06-25 23:34:54,451][root][INFO] - MLFlow server is starting on LOCAL with experiment STM_MNIST_hard_seeded...
[2026-06-25 23:34:54,507][root][INFO] - MLFlow run ID: 6323a5d8d6f2413aae11d96a2e7cfdeb, status: RUNNING
[2026-06-25 23:34:54,656][root][INFO] - Starting experiment IATrain...
[2026-06-25 23:35:13,288][root][INFO] - MLFlow server is starting on LOCAL with experiment STM_MNIST_hard_seeded...
[2026-06-25 23:35:13,369][root][INFO] - MLFlow run ID: f083a0df82f141e7b281fa3285783368, status: RUNNING
[2026-06-25 23:35:13,439][root][INFO] - Starting experiment IATrain...
[2026-06-25 23:35:14,364][root][INFO] - MLFlow server is starting on LOCAL with experiment STM_MNIST_hard_seeded...
[2026-06-25 23:35:14,434][root][INFO] - MLFlow run ID: 36882af38cca41c894889edb1062272d, status: RUNNING
[2026-06-25 23:35:14,485][root][INFO] - Starting experiment IATrain...
[2026-06-25 23:35:17,403][root][INFO] - Epoch: 0 | train acc: 0.5897, train loss: 1.28841089, valid acc: 0.7805, valid loss: 0.80489849, test acc: 0.7981, test loss: 0.79168482
[2026-06-25 23:35:20,714][root][INFO] - reg loss: 15.580713092156177, entropy loss: 0.5430618333366682, leaf dev: 0.10418656468391418
[2026-06-25 23:35:20,715][root][INFO] - Val leaf stats: tensor([0.0000, 0.0007, 0.0325, 0.0015, 0.0587, 0.0242, 0.0357, 0.0053, 0.1777,
        0.0000, 0.0172, 0.3122, 0.0000, 0.0363, 0.2972, 0.0010])
[2026-06-25 23:35:22,647][root][INFO] - MLFlow server is starting on LOCAL with experiment STM_MNIST_hard_seeded...
[2026-06-25 23:35:22,715][root][INFO] - MLFlow server is starting on LOCAL with experiment STM_MNIST_hard_seeded...
[2026-06-25 23:35:22,747][root][INFO] - MLFlow run ID: 1258c7e799a24428aacfcd51e06010ae, status: RUNNING
[2026-06-25 23:35:22,757][root][INFO] - MLFlow run ID: c5c5c37e0b944bea8a38ecab3a7d893b, status: RUNNING
[2026-06-25 23:35:22,864][root][INFO] - Starting experiment IATrain...
[2026-06-25 23:35:22,873][root][INFO] - Starting experiment IATrain...
[2026-06-25 23:35:40,100][root][INFO] - Epoch: 0 | train acc: 0.5876, train loss: 1.78499531, valid acc: 0.7182, valid loss: 0.84186672, test acc: 0.7239, test loss: 0.85016696
[2026-06-25 23:35:40,113][root][INFO] - Epoch: 0 | train acc: 0.5852, train loss: 2.88353046, valid acc: 0.6683, valid loss: 1.01678158, test acc: 0.6917, test loss: 0.94311951
[2026-06-25 23:35:43,724][root][INFO] - reg loss: 13.118848197865036, entropy loss: 0.4033605622233085, leaf dev: 0.08813194930553436
[2026-06-25 23:35:43,725][root][INFO] - Val leaf stats: tensor([0.0000, 0.0000, 0.0000, 0.0000, 0.2333, 0.1685, 0.0927, 0.0000, 0.2233,
        0.0000, 0.0000, 0.0913, 0.0000, 0.0187, 0.1703, 0.0018])
[2026-06-25 23:35:44,186][root][INFO] - reg loss: 14.886893344375322, entropy loss: 0.4630062200550763, leaf dev: 0.08397632092237473
[2026-06-25 23:35:44,187][root][INFO] - Val leaf stats: tensor([0.0000, 0.0948, 0.0003, 0.0000, 0.0903, 0.0000, 0.0000, 0.0000, 0.1493,
        0.0117, 0.1088, 0.2853, 0.1785, 0.0150, 0.0572, 0.0087])
[2026-06-25 23:35:47,138][root][INFO] - Epoch: 1 | train acc: 0.8111, train loss: 0.68567481, valid acc: 0.8162, valid loss: 0.66838972, test acc: 0.8357, test loss: 0.64187080
[2026-06-25 23:35:49,439][root][INFO] - Epoch: 0 | train acc: 0.5655, train loss: 1.83002463, valid acc: 0.7058, valid loss: 0.93360784, test acc: 0.7059, test loss: 0.92210019
[2026-06-25 23:35:50,027][root][INFO] - Epoch: 0 | train acc: 0.6055, train loss: 2.12747008, valid acc: 0.7508, valid loss: 0.86006737, test acc: 0.7553, test loss: 0.84425699
[2026-06-25 23:35:50,746][root][INFO] - reg loss: 11.640408623893306, entropy loss: 0.49935823341585556, leaf dev: 0.11682985723018646
[2026-06-25 23:35:50,748][root][INFO] - Val leaf stats: tensor([0.0000e+00, 1.6667e-04, 5.5000e-03, 5.0000e-04, 0.0000e+00, 0.0000e+00,
        3.5167e-02, 0.0000e+00, 1.4767e-01, 2.0167e-02, 0.0000e+00, 2.3817e-01,
        1.7667e-02, 1.1983e-01, 4.1517e-01, 0.0000e+00])
[2026-06-25 23:35:52,895][root][INFO] - reg loss: 15.072591070858937, entropy loss: 0.49923168994345757, leaf dev: 0.07031255960464478
[2026-06-25 23:35:52,897][root][INFO] - Val leaf stats: tensor([0.0000, 0.0000, 0.0352, 0.0000, 0.0005, 0.0868, 0.0838, 0.0805, 0.1988,
        0.0000, 0.0782, 0.2228, 0.1073, 0.0168, 0.0852, 0.0040])
[2026-06-25 23:35:54,292][root][INFO] - reg loss: 13.766545673586288, entropy loss: 0.4051053518394254, leaf dev: 0.12087593972682953
[2026-06-25 23:35:54,293][root][INFO] - Val leaf stats: tensor([0.0098, 0.0000, 0.0052, 0.0000, 0.0730, 0.0000, 0.0000, 0.0000, 0.0237,
        0.0000, 0.0000, 0.0407, 0.4550, 0.0545, 0.1107, 0.2275])
[2026-06-25 23:36:11,511][root][INFO] - Epoch: 1 | train acc: 0.8050, train loss: 1.84383347, valid acc: 0.8303, valid loss: 0.61879123, test acc: 0.8371, test loss: 0.59425833
[2026-06-25 23:36:11,973][root][INFO] - Epoch: 1 | train acc: 0.7734, train loss: 1.17151689, valid acc: 0.7105, valid loss: 0.85445129, test acc: 0.7142, test loss: 0.84791432
[2026-06-25 23:36:14,842][root][INFO] - reg loss: 9.20832355067415, entropy loss: 0.29216955264784256, leaf dev: 0.10931962728500366
[2026-06-25 23:36:14,843][root][INFO] - Val leaf stats: tensor([0.0000, 0.0000, 0.0025, 0.0000, 0.1085, 0.0288, 0.0055, 0.0000, 0.3372,
        0.0000, 0.0000, 0.1540, 0.0000, 0.0568, 0.2973, 0.0093])
[2026-06-25 23:36:15,393][root][INFO] - reg loss: 10.335924454455105, entropy loss: 0.38868047240770087, leaf dev: 0.10208836197853088
[2026-06-25 23:36:15,394][root][INFO] - Val leaf stats: tensor([0.0000e+00, 8.8833e-02, 4.1500e-02, 6.6667e-04, 3.8167e-01, 1.7333e-02,
        0.0000e+00, 1.6000e-02, 1.2250e-01, 3.3333e-04, 8.6667e-03, 7.4500e-02,
        2.0100e-01, 2.6667e-03, 4.4167e-02, 1.6667e-04])
[2026-06-25 23:36:17,977][root][INFO] - Epoch: 2 | train acc: 0.8176, train loss: 0.63304593, valid acc: 0.8050, valid loss: 0.64866309, test acc: 0.8258, test loss: 0.60838997
[2026-06-25 23:36:20,169][root][INFO] - Epoch: 1 | train acc: 0.7954, train loss: 1.13121234, valid acc: 0.8345, valid loss: 0.56948801, test acc: 0.8386, test loss: 0.56574360
[2026-06-25 23:36:21,450][root][INFO] - Epoch: 1 | train acc: 0.7878, train loss: 1.34403315, valid acc: 0.8000, valid loss: 0.69786786, test acc: 0.8151, test loss: 0.65701957
[2026-06-25 23:36:22,163][root][INFO] - reg loss: 8.139308434612346, entropy loss: 0.4385464407925336, leaf dev: 0.14173653721809387
[2026-06-25 23:36:22,164][root][INFO] - Val leaf stats: tensor([0.0000, 0.0033, 0.0137, 0.0015, 0.0000, 0.0012, 0.0697, 0.0053, 0.1265,
        0.0000, 0.0000, 0.0408, 0.0530, 0.1148, 0.5702, 0.0000])
[2026-06-25 23:36:23,564][root][INFO] - reg loss: 11.639579224136641, entropy loss: 0.456138884402671, leaf dev: 0.0632251426577568
[2026-06-25 23:36:23,565][root][INFO] - Val leaf stats: tensor([0.0000, 0.0788, 0.0022, 0.0000, 0.0022, 0.0590, 0.0795, 0.0558, 0.1812,
        0.0245, 0.0555, 0.1930, 0.0990, 0.0212, 0.1387, 0.0095])
[2026-06-25 23:36:25,168][root][INFO] - reg loss: 10.084652765741888, entropy loss: 0.3008285634360223, leaf dev: 0.10279726982116699
[2026-06-25 23:36:25,169][root][INFO] - Val leaf stats: tensor([1.6667e-04, 0.0000e+00, 1.3483e-01, 1.6667e-04, 1.4250e-01, 1.8333e-03,
        0.0000e+00, 0.0000e+00, 3.6667e-02, 0.0000e+00, 1.6667e-04, 2.4500e-02,
        3.7250e-01, 1.8783e-01, 7.8167e-02, 2.0667e-02])
[2026-06-25 23:36:42,236][root][INFO] - Epoch: 2 | train acc: 0.8623, train loss: 1.47921387, valid acc: 0.8420, valid loss: 0.58394717, test acc: 0.8533, test loss: 0.55377411
[2026-06-25 23:36:42,261][root][INFO] - Epoch: 2 | train acc: 0.8465, train loss: 0.91713265, valid acc: 0.8475, valid loss: 0.51536090, test acc: 0.8503, test loss: 0.50762005
[2026-06-25 23:36:45,481][root][INFO] - reg loss: 9.366609942238286, entropy loss: 0.37141481041908264, leaf dev: 0.08101046830415726
[2026-06-25 23:36:45,482][root][INFO] - Val leaf stats: tensor([0.0000, 0.0642, 0.1333, 0.0000, 0.1795, 0.0040, 0.0003, 0.0080, 0.1397,
        0.0000, 0.0198, 0.1135, 0.2645, 0.0058, 0.0628, 0.0045])
[2026-06-25 23:36:45,615][root][INFO] - reg loss: 7.953712445385051, entropy loss: 0.24530374090064247, leaf dev: 0.10042151808738708
[2026-06-25 23:36:45,616][root][INFO] - Val leaf stats: tensor([0.0000, 0.0000, 0.0258, 0.0000, 0.0000, 0.2023, 0.0320, 0.0000, 0.2033,
        0.0000, 0.0000, 0.0988, 0.0000, 0.1065, 0.3297, 0.0015])
[2026-06-25 23:36:49,776][root][INFO] - Epoch: 3 | train acc: 0.8534, train loss: 0.49697087, valid acc: 0.8485, valid loss: 0.50166177, test acc: 0.8617, test loss: 0.46705759
[2026-06-25 23:36:51,097][root][INFO] - Epoch: 2 | train acc: 0.8570, train loss: 0.93116633, valid acc: 0.8477, valid loss: 0.52435568, test acc: 0.8438, test loss: 0.51742067
[2026-06-25 23:36:52,078][root][INFO] - Epoch: 2 | train acc: 0.7968, train loss: 1.18329214, valid acc: 0.7940, valid loss: 0.67774894, test acc: 0.8032, test loss: 0.64545203
[2026-06-25 23:36:53,799][root][INFO] - reg loss: 7.640752832844572, entropy loss: 0.4226022686036128, leaf dev: 0.12768931686878204
[2026-06-25 23:36:53,801][root][INFO] - Val leaf stats: tensor([0.0000, 0.0073, 0.0045, 0.0070, 0.0000, 0.0000, 0.0595, 0.0057, 0.1183,
        0.0007, 0.0000, 0.0623, 0.0643, 0.1668, 0.5035, 0.0000])
[2026-06-25 23:36:55,274][root][INFO] - reg loss: 10.56014756436618, entropy loss: 0.42372285644963104, leaf dev: 0.05529181659221649
[2026-06-25 23:36:55,276][root][INFO] - Val leaf stats: tensor([0.0000, 0.1017, 0.0000, 0.0000, 0.0000, 0.1045, 0.0698, 0.0547, 0.0773,
        0.0732, 0.0870, 0.1898, 0.1052, 0.0142, 0.1138, 0.0088])
[2026-06-25 23:36:55,934][root][INFO] - reg loss: 7.712329860003489, entropy loss: 0.24928502766591198, leaf dev: 0.13151292502880096
[2026-06-25 23:36:55,935][root][INFO] - Val leaf stats: tensor([0.0000e+00, 0.0000e+00, 6.6667e-04, 0.0000e+00, 2.5000e-03, 0.0000e+00,
        0.0000e+00, 0.0000e+00, 6.2500e-02, 1.6667e-04, 2.8333e-03, 1.2667e-02,
        5.0583e-01, 1.8733e-01, 8.5667e-02, 1.3983e-01])
[2026-06-25 23:37:12,990][root][INFO] - Epoch: 3 | train acc: 0.8441, train loss: 0.88124220, valid acc: 0.8005, valid loss: 0.54917680, test acc: 0.7983, test loss: 0.55093594
[2026-06-25 23:37:13,768][root][INFO] - Epoch: 3 | train acc: 0.8794, train loss: 1.26916208, valid acc: 0.8683, valid loss: 0.46058232, test acc: 0.8783, test loss: 0.43794416
[2026-06-25 23:37:16,279][root][INFO] - reg loss: 8.520924680637863, entropy loss: 0.3399936011377371, leaf dev: 0.09507691115140915
[2026-06-25 23:37:16,280][root][INFO] - Val leaf stats: tensor([0.0000e+00, 1.1800e-01, 1.5133e-01, 0.0000e+00, 1.8017e-01, 2.1333e-02,
        1.0000e-03, 1.6167e-02, 3.2317e-01, 1.6667e-04, 3.5333e-02, 1.4967e-01,
        1.5000e-03, 0.0000e+00, 1.8333e-03, 3.3333e-04])
[2026-06-25 23:37:17,273][root][INFO] - reg loss: 7.2755236670656025, entropy loss: 0.20740922146810675, leaf dev: 0.10669136792421341
[2026-06-25 23:37:17,274][root][INFO] - Val leaf stats: tensor([0.0000, 0.0000, 0.0160, 0.0000, 0.0000, 0.1255, 0.0377, 0.0000, 0.2773,
        0.0000, 0.0000, 0.2023, 0.0000, 0.0140, 0.3123, 0.0148])
[2026-06-25 23:37:19,157][root][INFO] - Epoch: 4 | train acc: 0.8809, train loss: 0.41545282, valid acc: 0.8530, valid loss: 0.48892884, test acc: 0.8709, test loss: 0.44329639
[2026-06-25 23:37:21,829][root][INFO] - Epoch: 3 | train acc: 0.8711, train loss: 0.84761547, valid acc: 0.8707, valid loss: 0.45314042, test acc: 0.8777, test loss: 0.42821837
[2026-06-25 23:37:22,655][root][INFO] - reg loss: 7.8727134713586775, entropy loss: 0.42615591580013057, leaf dev: 0.13481152057647705
[2026-06-25 23:37:22,656][root][INFO] - Val leaf stats: tensor([0.0000, 0.0028, 0.0065, 0.0028, 0.0000, 0.0000, 0.0413, 0.0007, 0.0938,
        0.0013, 0.0000, 0.0890, 0.0568, 0.1712, 0.5330, 0.0007])
[2026-06-25 23:37:23,417][root][INFO] - Epoch: 3 | train acc: 0.8532, train loss: 0.96842578, valid acc: 0.8202, valid loss: 0.62281326, test acc: 0.8242, test loss: 0.60237525
[2026-06-25 23:37:25,828][root][INFO] - reg loss: 9.13066422264531, entropy loss: 0.38580390333004716, leaf dev: 0.07224805653095245
[2026-06-25 23:37:25,830][root][INFO] - Val leaf stats: tensor([0.0000, 0.2000, 0.0000, 0.0000, 0.0000, 0.1602, 0.0913, 0.0713, 0.0238,
        0.1472, 0.0270, 0.1562, 0.0000, 0.0000, 0.1198, 0.0032])
[2026-06-25 23:37:27,110][root][INFO] - reg loss: 7.484379844845466, entropy loss: 0.22822052156025507, leaf dev: 0.13597410917282104
[2026-06-25 23:37:27,111][root][INFO] - Val leaf stats: tensor([0.0000, 0.0000, 0.0063, 0.0000, 0.0075, 0.0000, 0.0000, 0.0000, 0.0782,
        0.0007, 0.0028, 0.0152, 0.5393, 0.1078, 0.0932, 0.1490])
[2026-06-25 23:37:43,633][root][INFO] - Epoch: 4 | train acc: 0.8720, train loss: 0.81535344, valid acc: 0.8490, valid loss: 0.49816677, test acc: 0.8461, test loss: 0.50392459
[2026-06-25 23:37:44,684][root][INFO] - Epoch: 4 | train acc: 0.8941, train loss: 1.14423938, valid acc: 0.8870, valid loss: 0.40612245, test acc: 0.8946, test loss: 0.37515398
[2026-06-25 23:37:47,393][root][INFO] - reg loss: 8.389554050733459, entropy loss: 0.34119601407141054, leaf dev: 0.09836434572935104
[2026-06-25 23:37:47,394][root][INFO] - Val leaf stats: tensor([0.0000, 0.0580, 0.1662, 0.0025, 0.1390, 0.0033, 0.0010, 0.0068, 0.3100,
        0.0030, 0.0503, 0.2418, 0.0092, 0.0003, 0.0078, 0.0007])
[2026-06-25 23:37:48,298][root][INFO] - reg loss: 6.890483559302564, entropy loss: 0.19031763470397806, leaf dev: 0.10242816805839539
[2026-06-25 23:37:48,299][root][INFO] - Val leaf stats: tensor([0.0000, 0.0000, 0.0167, 0.0000, 0.0000, 0.1483, 0.0488, 0.0000, 0.2697,
        0.0000, 0.0000, 0.1643, 0.0000, 0.0190, 0.3073, 0.0258])
[2026-06-25 23:37:49,717][root][INFO] - Epoch: 5 | train acc: 0.8890, train loss: 0.38614967, valid acc: 0.8740, valid loss: 0.42449683, test acc: 0.8871, test loss: 0.39173489
[2026-06-25 23:37:52,731][root][INFO] - Epoch: 4 | train acc: 0.8674, train loss: 0.83180302, valid acc: 0.8427, valid loss: 0.49216165, test acc: 0.8525, test loss: 0.47193611
[2026-06-25 23:37:53,282][root][INFO] - reg loss: 7.606931888832237, entropy loss: 0.411561555176411, leaf dev: 0.12643061578273773
[2026-06-25 23:37:53,283][root][INFO] - Val leaf stats: tensor([0.0000, 0.0183, 0.0027, 0.0023, 0.0000, 0.0000, 0.0530, 0.0045, 0.1180,
        0.0063, 0.0000, 0.0590, 0.0660, 0.1667, 0.4995, 0.0037])
[2026-06-25 23:37:54,518][root][INFO] - Epoch: 4 | train acc: 0.8650, train loss: 0.94774018, valid acc: 0.8410, valid loss: 0.52852874, test acc: 0.8415, test loss: 0.52739754
[2026-06-25 23:37:56,803][root][INFO] - reg loss: 8.574961140470684, entropy loss: 0.3738839941204719, leaf dev: 0.0644330233335495
[2026-06-25 23:37:56,805][root][INFO] - Val leaf stats: tensor([0.0000, 0.1280, 0.0000, 0.0000, 0.0052, 0.1687, 0.0938, 0.0873, 0.1683,
        0.0998, 0.0280, 0.0817, 0.0000, 0.0000, 0.1330, 0.0062])
[2026-06-25 23:37:58,794][root][INFO] - reg loss: 7.518157378682551, entropy loss: 0.22069143883462222, leaf dev: 0.10036802291870117
[2026-06-25 23:37:58,795][root][INFO] - Val leaf stats: tensor([0.0000e+00, 0.0000e+00, 1.4917e-01, 1.6667e-04, 5.5500e-02, 0.0000e+00,
        0.0000e+00, 0.0000e+00, 2.0333e-02, 0.0000e+00, 6.6667e-04, 3.3333e-04,
        3.4050e-01, 2.2267e-01, 9.6667e-02, 1.1400e-01])
[2026-06-25 23:38:14,297][root][INFO] - Epoch: 5 | train acc: 0.8811, train loss: 0.76066821, valid acc: 0.8653, valid loss: 0.45404269, test acc: 0.8648, test loss: 0.46107900
[2026-06-25 23:38:14,431][root][INFO] - Epoch: 5 | train acc: 0.8911, train loss: 1.11412265, valid acc: 0.8845, valid loss: 0.40244255, test acc: 0.8899, test loss: 0.37834556
[2026-06-25 23:38:17,610][root][INFO] - reg loss: 8.504147916469934, entropy loss: 0.34068370146571464, leaf dev: 0.06627990305423737
[2026-06-25 23:38:17,610][root][INFO] - Val leaf stats: tensor([0.0000e+00, 8.4833e-02, 1.5750e-01, 2.8333e-03, 2.0333e-01, 2.4833e-02,
        6.6667e-04, 2.5333e-02, 1.0350e-01, 4.5833e-02, 5.1000e-02, 1.6417e-01,
        1.0167e-01, 1.5000e-03, 3.2833e-02, 1.6667e-04])
[2026-06-25 23:38:18,024][root][INFO] - reg loss: 6.808025153178089, entropy loss: 0.18299950771736648, leaf dev: 0.09699929505586624
[2026-06-25 23:38:18,025][root][INFO] - Val leaf stats: tensor([0.0000, 0.0000, 0.0210, 0.0000, 0.0000, 0.2138, 0.0803, 0.0000, 0.2013,
        0.0000, 0.0000, 0.0582, 0.0000, 0.0577, 0.3183, 0.0493])
[2026-06-25 23:38:20,486][root][INFO] - Epoch: 6 | train acc: 0.8957, train loss: 0.36159145, valid acc: 0.8780, valid loss: 0.42170573, test acc: 0.8840, test loss: 0.40560495
[2026-06-25 23:38:24,010][root][INFO] - reg loss: 7.836043330858338, entropy loss: 0.4029795482473553, leaf dev: 0.12232796102762222
[2026-06-25 23:38:24,011][root][INFO] - Val leaf stats: tensor([0.0000e+00, 2.8500e-02, 5.0000e-04, 1.6667e-04, 0.0000e+00, 0.0000e+00,
        6.2167e-02, 8.0000e-03, 2.6833e-02, 8.9167e-02, 0.0000e+00, 5.0667e-02,
        8.4000e-02, 1.5533e-01, 4.8967e-01, 5.0000e-03])
[2026-06-25 23:38:24,537][root][INFO] - Epoch: 5 | train acc: 0.8844, train loss: 0.76492888, valid acc: 0.8378, valid loss: 0.52360723, test acc: 0.8479, test loss: 0.49903746
[2026-06-25 23:38:25,656][root][INFO] - Epoch: 5 | train acc: 0.8514, train loss: 0.89495162, valid acc: 0.8223, valid loss: 0.61212003, test acc: 0.8191, test loss: 0.66095578
[2026-06-25 23:38:28,894][root][INFO] - reg loss: 8.033983738917225, entropy loss: 0.3553666523042715, leaf dev: 0.07541121542453766
[2026-06-25 23:38:28,895][root][INFO] - Val leaf stats: tensor([0.0000e+00, 1.5983e-01, 0.0000e+00, 0.0000e+00, 5.3333e-03, 1.4650e-01,
        9.5667e-02, 8.5667e-02, 9.7667e-02, 2.1333e-02, 3.4667e-02, 7.9333e-02,
        1.0000e-03, 1.6667e-04, 2.5800e-01, 1.4833e-02])
[2026-06-25 23:38:29,153][root][INFO] - reg loss: 6.930470475610697, entropy loss: 0.19644303240303723, leaf dev: 0.12690795958042145
[2026-06-25 23:38:29,154][root][INFO] - Val leaf stats: tensor([0.0000, 0.0000, 0.1507, 0.0022, 0.0617, 0.0005, 0.0000, 0.0000, 0.0298,
        0.0000, 0.0013, 0.0005, 0.4677, 0.0477, 0.0020, 0.2360])
[2026-06-25 23:38:45,629][root][INFO] - Epoch: 6 | train acc: 0.8938, train loss: 1.07052346, valid acc: 0.8902, valid loss: 0.37043692, test acc: 0.8974, test loss: 0.35311430
[2026-06-25 23:38:45,890][root][INFO] - Epoch: 6 | train acc: 0.8527, train loss: 0.83151954, valid acc: 0.7088, valid loss: 0.85989960, test acc: 0.7055, test loss: 0.86436895
[2026-06-25 23:38:48,648][root][INFO] - reg loss: 6.50613132062948, entropy loss: 0.17610529332228428, leaf dev: 0.098680779337883
[2026-06-25 23:38:48,649][root][INFO] - Val leaf stats: tensor([0.0000, 0.0000, 0.0195, 0.0000, 0.0000, 0.1798, 0.0772, 0.0000, 0.2352,
        0.0000, 0.0000, 0.1543, 0.0000, 0.0153, 0.3003, 0.0183])
[2026-06-25 23:38:49,402][root][INFO] - Epoch: 7 | train acc: 0.9016, train loss: 0.34087445, valid acc: 0.8748, valid loss: 0.42134008, test acc: 0.8883, test loss: 0.39822035
[2026-06-25 23:38:49,449][root][INFO] - reg loss: 8.392654828305515, entropy loss: 0.3350365622988287, leaf dev: 0.12169745564460754
[2026-06-25 23:38:49,450][root][INFO] - Val leaf stats: tensor([0.0000e+00, 1.0667e-02, 3.7167e-02, 1.3167e-02, 1.5133e-01, 1.6667e-04,
        8.3333e-04, 4.6667e-03, 4.8883e-01, 7.5000e-02, 1.8333e-02, 7.9333e-02,
        8.9667e-02, 1.6667e-04, 2.8333e-02, 2.3333e-03])
[2026-06-25 23:38:53,425][root][INFO] - reg loss: 7.92061883998367, entropy loss: 0.3876972071967035, leaf dev: 0.11570829898118973
[2026-06-25 23:38:53,426][root][INFO] - Val leaf stats: tensor([0.0000e+00, 1.9667e-02, 5.0000e-04, 3.3333e-04, 0.0000e+00, 0.0000e+00,
        5.5333e-02, 9.1667e-03, 2.8667e-02, 9.1167e-02, 0.0000e+00, 7.6667e-02,
        6.5500e-02, 1.3917e-01, 4.6800e-01, 4.5833e-02])
[2026-06-25 23:38:55,153][root][INFO] - Epoch: 6 | train acc: 0.8894, train loss: 0.71357727, valid acc: 0.8557, valid loss: 0.49537701, test acc: 0.8680, test loss: 0.47059421
[2026-06-25 23:38:55,448][root][INFO] - Epoch: 6 | train acc: 0.8644, train loss: 0.81345681, valid acc: 0.8665, valid loss: 0.46570487, test acc: 0.8649, test loss: 0.46891448
[2026-06-25 23:38:59,082][root][INFO] - reg loss: 7.461500716659258, entropy loss: 0.3287648193116458, leaf dev: 0.08327124267816544
[2026-06-25 23:38:59,083][root][INFO] - Val leaf stats: tensor([0.0000, 0.0608, 0.0000, 0.0000, 0.0083, 0.0938, 0.0848, 0.0573, 0.0648,
        0.0217, 0.1840, 0.0870, 0.0005, 0.0007, 0.3110, 0.0252])
[2026-06-25 23:38:59,253][root][INFO] - reg loss: 6.759985419939149, entropy loss: 0.1799527699092649, leaf dev: 0.1095510870218277
[2026-06-25 23:38:59,254][root][INFO] - Val leaf stats: tensor([0.0000e+00, 0.0000e+00, 2.0667e-01, 1.0000e-02, 1.2850e-01, 5.0000e-03,
        0.0000e+00, 0.0000e+00, 3.2333e-02, 1.6667e-04, 2.0000e-03, 1.5000e-03,
        3.9483e-01, 6.9667e-02, 3.1667e-03, 1.4617e-01])
[2026-06-25 23:39:16,035][root][INFO] - Epoch: 7 | train acc: 0.9097, train loss: 0.99602520, valid acc: 0.8968, valid loss: 0.35225565, test acc: 0.8959, test loss: 0.35991739
[2026-06-25 23:39:16,982][root][INFO] - Epoch: 7 | train acc: 0.8638, train loss: 0.78680543, valid acc: 0.8760, valid loss: 0.41542710, test acc: 0.8732, test loss: 0.42838094
[2026-06-25 23:39:19,248][root][INFO] - reg loss: 6.3895744197773485, entropy loss: 0.1705902450770702, leaf dev: 0.10038869082927704
[2026-06-25 23:39:19,249][root][INFO] - Val leaf stats: tensor([0.0000, 0.0000, 0.0187, 0.0000, 0.0000, 0.2120, 0.0767, 0.0000, 0.1902,
        0.0000, 0.0000, 0.1628, 0.0000, 0.0188, 0.3153, 0.0055])
[2026-06-25 23:39:20,208][root][INFO] - reg loss: 7.386097332216659, entropy loss: 0.3053446035340147, leaf dev: 0.07221955060958862
[2026-06-25 23:39:20,210][root][INFO] - Val leaf stats: tensor([0.0000, 0.1065, 0.0962, 0.0752, 0.2475, 0.0500, 0.0033, 0.0687, 0.1805,
        0.0000, 0.0047, 0.0197, 0.1065, 0.0003, 0.0410, 0.0000])
[2026-06-25 23:39:20,229][root][INFO] - Epoch: 8 | train acc: 0.9067, train loss: 0.32196567, valid acc: 0.8898, valid loss: 0.38563316, test acc: 0.8971, test loss: 0.37215773
[2026-06-25 23:39:24,104][root][INFO] - reg loss: 8.155319618728926, entropy loss: 0.3908098295049847, leaf dev: 0.11780469119548798
[2026-06-25 23:39:24,105][root][INFO] - Val leaf stats: tensor([0.0000, 0.0287, 0.0007, 0.0018, 0.0000, 0.0000, 0.0600, 0.0068, 0.0335,
        0.1090, 0.0000, 0.0702, 0.0705, 0.1380, 0.4735, 0.0073])
[2026-06-25 23:39:25,853][root][INFO] - Epoch: 7 | train acc: 0.8998, train loss: 0.65011701, valid acc: 0.8945, valid loss: 0.36196287, test acc: 0.9008, test loss: 0.35613475
[2026-06-25 23:39:26,149][root][INFO] - Epoch: 7 | train acc: 0.8880, train loss: 0.74556004, valid acc: 0.8763, valid loss: 0.43527149, test acc: 0.8797, test loss: 0.42583231
[2026-06-25 23:39:29,534][root][INFO] - reg loss: 7.066284679016977, entropy loss: 0.30450267077616927, leaf dev: 0.07170205563306808
[2026-06-25 23:39:29,535][root][INFO] - Val leaf stats: tensor([0.0000, 0.0828, 0.0000, 0.0000, 0.0000, 0.0733, 0.0897, 0.0752, 0.0838,
        0.0277, 0.1440, 0.1053, 0.0010, 0.0003, 0.2677, 0.0492])
[2026-06-25 23:39:29,681][root][INFO] - reg loss: 6.856712467265579, entropy loss: 0.1818910948229286, leaf dev: 0.10962473601102829
[2026-06-25 23:39:29,682][root][INFO] - Val leaf stats: tensor([0.0000, 0.0000, 0.1835, 0.0025, 0.1120, 0.0045, 0.0000, 0.0000, 0.0410,
        0.0000, 0.0025, 0.0033, 0.4048, 0.0903, 0.0047, 0.1508])
[2026-06-25 23:39:45,738][root][INFO] - Epoch: 8 | train acc: 0.9116, train loss: 0.95200302, valid acc: 0.8930, valid loss: 0.37627639, test acc: 0.8972, test loss: 0.36401298
[2026-06-25 23:39:47,866][root][INFO] - Epoch: 8 | train acc: 0.9028, train loss: 0.64170409, valid acc: 0.8915, valid loss: 0.36050791, test acc: 0.8886, test loss: 0.37394305
[2026-06-25 23:39:48,902][root][INFO] - reg loss: 6.1574900330237625, entropy loss: 0.1608855831173231, leaf dev: 0.09931899607181549
[2026-06-25 23:39:48,903][root][INFO] - Val leaf stats: tensor([0.0000, 0.0000, 0.0330, 0.0000, 0.0010, 0.2492, 0.0818, 0.0000, 0.1588,
        0.0000, 0.0000, 0.1445, 0.0000, 0.0205, 0.3067, 0.0045])
[2026-06-25 23:39:51,036][root][INFO] - Epoch: 9 | train acc: 0.9020, train loss: 0.34591802, valid acc: 0.8607, valid loss: 0.47783564, test acc: 0.8777, test loss: 0.43032340
[2026-06-25 23:39:51,420][root][INFO] - reg loss: 7.330357870965634, entropy loss: 0.30624302181432833, leaf dev: 0.06958077847957611
[2026-06-25 23:39:51,421][root][INFO] - Val leaf stats: tensor([0.0000, 0.1352, 0.0903, 0.0667, 0.2388, 0.0587, 0.0090, 0.0722, 0.1672,
        0.0000, 0.0045, 0.0200, 0.0913, 0.0043, 0.0418, 0.0000])
[2026-06-25 23:39:54,819][root][INFO] - reg loss: 7.984071916004397, entropy loss: 0.3917824164876398, leaf dev: 0.12105552852153778
[2026-06-25 23:39:54,820][root][INFO] - Val leaf stats: tensor([0.0010, 0.0473, 0.0035, 0.0065, 0.0000, 0.0000, 0.0575, 0.0040, 0.1137,
        0.0547, 0.0000, 0.0082, 0.0827, 0.1232, 0.4885, 0.0093])
[2026-06-25 23:39:56,095][root][INFO] - Epoch: 8 | train acc: 0.9000, train loss: 0.71295086, valid acc: 0.8923, valid loss: 0.37377167, test acc: 0.8925, test loss: 0.37046733
[2026-06-25 23:39:56,814][root][INFO] - Epoch: 8 | train acc: 0.9084, train loss: 0.61343089, valid acc: 0.8945, valid loss: 0.36498056, test acc: 0.8988, test loss: 0.35339024
[2026-06-25 23:40:00,431][root][INFO] - reg loss: 6.934375596496294, entropy loss: 0.18345728474405576, leaf dev: 0.09541558474302292
[2026-06-25 23:40:00,432][root][INFO] - Val leaf stats: tensor([0.0000, 0.0000, 0.1990, 0.0330, 0.1303, 0.0107, 0.0000, 0.0000, 0.0393,
        0.0007, 0.0060, 0.0083, 0.3350, 0.0997, 0.0060, 0.1320])
[2026-06-25 23:40:00,894][root][INFO] - reg loss: 6.94971694586412, entropy loss: 0.3004207110629891, leaf dev: 0.06271236389875412
[2026-06-25 23:40:00,895][root][INFO] - Val leaf stats: tensor([0.0000, 0.1248, 0.0000, 0.0000, 0.0003, 0.0775, 0.0928, 0.0950, 0.1615,
        0.0628, 0.1025, 0.0910, 0.0003, 0.0000, 0.1827, 0.0087])
[2026-06-25 23:40:16,085][root][INFO] - Epoch: 9 | train acc: 0.9116, train loss: 0.94648855, valid acc: 0.8827, valid loss: 0.40258770, test acc: 0.8873, test loss: 0.39152512
[2026-06-25 23:40:18,600][root][INFO] - Epoch: 9 | train acc: 0.9045, train loss: 0.62868528, valid acc: 0.9015, valid loss: 0.34056489, test acc: 0.8962, test loss: 0.35715148
[2026-06-25 23:40:19,416][root][INFO] - reg loss: 6.1514624514669745, entropy loss: 0.16024006045651887, leaf dev: 0.10453496128320694
[2026-06-25 23:40:19,417][root][INFO] - Val leaf stats: tensor([0.0000, 0.0000, 0.0175, 0.0000, 0.0008, 0.2125, 0.0705, 0.0000, 0.1298,
        0.0000, 0.0000, 0.1423, 0.0000, 0.0517, 0.3690, 0.0058])
[2026-06-25 23:40:20,557][root][INFO] - Epoch: 10 | train acc: 0.9014, train loss: 0.33915016, valid acc: 0.8693, valid loss: 0.41796022, test acc: 0.8844, test loss: 0.39097969
[2026-06-25 23:40:21,842][root][INFO] - reg loss: 7.3122584190008775, entropy loss: 0.30514508204640084, leaf dev: 0.06366562098264694
[2026-06-25 23:40:21,845][root][INFO] - Val leaf stats: tensor([0.0000, 0.1552, 0.1632, 0.0328, 0.1698, 0.0627, 0.0233, 0.0715, 0.1485,
        0.0000, 0.0045, 0.0170, 0.0902, 0.0117, 0.0497, 0.0000])
[2026-06-25 23:40:24,638][root][INFO] - reg loss: 7.789550974683942, entropy loss: 0.38333611499588444, leaf dev: 0.10013191401958466
[2026-06-25 23:40:24,640][root][INFO] - Val leaf stats: tensor([0.0000, 0.0055, 0.0055, 0.0042, 0.0000, 0.0008, 0.0625, 0.0202, 0.1323,
        0.0592, 0.0000, 0.0068, 0.1612, 0.1822, 0.3582, 0.0015])
[2026-06-25 23:40:27,765][root][INFO] - Epoch: 9 | train acc: 0.8769, train loss: 0.81392632, valid acc: 0.7388, valid loss: 0.90928521, test acc: 0.7378, test loss: 0.89582290
[2026-06-25 23:40:27,897][root][INFO] - Epoch: 9 | train acc: 0.9125, train loss: 0.60361979, valid acc: 0.8940, valid loss: 0.39314873, test acc: 0.8961, test loss: 0.37421269
[2026-06-25 23:40:31,209][root][INFO] - reg loss: 6.9999889202837675, entropy loss: 0.290362575425292, leaf dev: 0.07286034524440765
[2026-06-25 23:40:31,210][root][INFO] - Val leaf stats: tensor([0.0000, 0.1210, 0.0000, 0.0000, 0.0023, 0.0977, 0.0743, 0.0917, 0.0838,
        0.0607, 0.1097, 0.0355, 0.0008, 0.0003, 0.2797, 0.0425])
[2026-06-25 23:40:31,979][root][INFO] - reg loss: 6.8437174851039675, entropy loss: 0.1867675705338424, leaf dev: 0.13479918241500854
[2026-06-25 23:40:31,980][root][INFO] - Val leaf stats: tensor([0.0000, 0.0000, 0.3510, 0.0848, 0.4437, 0.0867, 0.0000, 0.0012, 0.0025,
        0.0000, 0.0007, 0.0008, 0.0095, 0.0140, 0.0010, 0.0042])
[2026-06-25 23:40:45,960][root][INFO] - Epoch: 10 | train acc: 0.9131, train loss: 0.93055278, valid acc: 0.8980, valid loss: 0.33869373, test acc: 0.9035, test loss: 0.33023245
[2026-06-25 23:40:49,528][root][INFO] - Epoch: 10 | train acc: 0.9188, train loss: 0.58520911, valid acc: 0.9047, valid loss: 0.34212872, test acc: 0.8978, test loss: 0.36118443
[2026-06-25 23:40:49,665][root][INFO] - reg loss: 6.080006194564532, entropy loss: 0.15812505753535144, leaf dev: 0.09918016195297241
[2026-06-25 23:40:49,667][root][INFO] - Val leaf stats: tensor([0.0000e+00, 0.0000e+00, 2.5667e-02, 0.0000e+00, 8.3333e-04, 2.2450e-01,
        7.3167e-02, 0.0000e+00, 1.9917e-01, 0.0000e+00, 1.6667e-04, 1.6867e-01,
        0.0000e+00, 1.2167e-02, 2.9217e-01, 3.5000e-03])
[2026-06-25 23:40:52,840][root][INFO] - Epoch: 11 | train acc: 0.9037, train loss: 0.33560054, valid acc: 0.8838, valid loss: 0.38049897, test acc: 0.8970, test loss: 0.34521393
[2026-06-25 23:40:53,166][root][INFO] - reg loss: 7.216863308312758, entropy loss: 0.29992411862004476, leaf dev: 0.07029048353433609
[2026-06-25 23:40:53,168][root][INFO] - Val leaf stats: tensor([0.0000, 0.1500, 0.1535, 0.0295, 0.1860, 0.0472, 0.0087, 0.0217, 0.1850,
        0.0000, 0.0055, 0.0187, 0.1218, 0.0253, 0.0472, 0.0000])
[2026-06-25 23:40:55,681][root][INFO] - reg loss: 8.066592355944076, entropy loss: 0.3798971097424345, leaf dev: 0.10783586651086807
[2026-06-25 23:40:55,682][root][INFO] - Val leaf stats: tensor([0.0000e+00, 8.3333e-04, 8.8333e-03, 3.3333e-03, 0.0000e+00, 1.6667e-04,
        6.1500e-02, 8.3333e-03, 1.4583e-01, 6.2167e-02, 0.0000e+00, 6.6667e-03,
        1.2967e-01, 1.6167e-01, 4.0600e-01, 5.0000e-03])
[2026-06-25 23:40:58,067][root][INFO] - Epoch: 10 | train acc: 0.9149, train loss: 0.57261289, valid acc: 0.8930, valid loss: 0.38788033, test acc: 0.9000, test loss: 0.36484826
[2026-06-25 23:40:59,518][root][INFO] - Epoch: 10 | train acc: 0.8448, train loss: 0.91635750, valid acc: 0.8520, valid loss: 0.47849051, test acc: 0.8603, test loss: 0.46704157
[2026-06-25 23:41:01,822][root][INFO] - reg loss: 6.938224095218587, entropy loss: 0.26754676171068875, leaf dev: 0.07659934461116791
[2026-06-25 23:41:01,823][root][INFO] - Val leaf stats: tensor([0.0000e+00, 1.0233e-01, 0.0000e+00, 0.0000e+00, 2.6667e-03, 1.0300e-01,
        7.4333e-02, 6.8000e-02, 5.7667e-02, 5.7833e-02, 1.1767e-01, 4.6167e-02,
        6.6667e-04, 1.6667e-04, 3.0383e-01, 6.5667e-02])
[2026-06-25 23:41:03,047][root][INFO] - reg loss: 5.872436608908312, entropy loss: 0.1858750158604586, leaf dev: 0.10855556279420853
[2026-06-25 23:41:03,048][root][INFO] - Val leaf stats: tensor([0.0000, 0.0000, 0.2995, 0.0713, 0.3492, 0.0787, 0.0000, 0.1213, 0.0095,
        0.0000, 0.0020, 0.0022, 0.0247, 0.0287, 0.0023, 0.0107])
[2026-06-25 23:41:14,216][root][INFO] - Epoch: 11 | train acc: 0.9197, train loss: 0.90876967, valid acc: 0.9013, valid loss: 0.33507309, test acc: 0.9061, test loss: 0.33179751
[2026-06-25 23:41:17,661][root][INFO] - reg loss: 6.042788105190925, entropy loss: 0.1591189439004322, leaf dev: 0.0998099148273468
[2026-06-25 23:41:17,662][root][INFO] - Val leaf stats: tensor([0.0000, 0.0000, 0.0193, 0.0000, 0.0008, 0.2418, 0.0843, 0.0000, 0.1532,
        0.0000, 0.0018, 0.1507, 0.0000, 0.0295, 0.3145, 0.0040])
[2026-06-25 23:41:17,676][root][INFO] - Epoch: 11 | train acc: 0.9167, train loss: 0.59510680, valid acc: 0.9045, valid loss: 0.35192866, test acc: 0.9054, test loss: 0.33932845
[2026-06-25 23:41:20,241][root][INFO] - Epoch: 12 | train acc: 0.9121, train loss: 0.30404785, valid acc: 0.8865, valid loss: 0.38559738, test acc: 0.9003, test loss: 0.34373145
[2026-06-25 23:41:20,812][root][INFO] - reg loss: 7.252672163945324, entropy loss: 0.3049142894879827, leaf dev: 0.07007202506065369
[2026-06-25 23:41:20,813][root][INFO] - Val leaf stats: tensor([0.0000, 0.0918, 0.2003, 0.0362, 0.1508, 0.0355, 0.0117, 0.0143, 0.1992,
        0.0000, 0.0070, 0.0188, 0.1270, 0.0505, 0.0563, 0.0005])
[2026-06-25 23:41:23,531][root][INFO] - reg loss: 7.421512464307389, entropy loss: 0.3531868542140385, leaf dev: 0.09834129363298416
[2026-06-25 23:41:23,533][root][INFO] - Val leaf stats: tensor([3.3333e-04, 5.1667e-03, 1.6333e-02, 1.2167e-02, 0.0000e+00, 1.6667e-04,
        5.9833e-02, 1.5000e-03, 1.3200e-01, 1.1017e-01, 0.0000e+00, 1.0833e-02,
        1.0467e-01, 1.6483e-01, 3.6817e-01, 1.3833e-02])
[2026-06-25 23:41:25,245][root][INFO] - Epoch: 11 | train acc: 0.9229, train loss: 0.52132009, valid acc: 0.9070, valid loss: 0.33609517, test acc: 0.9129, test loss: 0.31698390
[2026-06-25 23:41:27,831][root][INFO] - Epoch: 11 | train acc: 0.8604, train loss: 0.85362760, valid acc: 0.8078, valid loss: 0.62010402, test acc: 0.8169, test loss: 0.61697704
[2026-06-25 23:41:28,393][root][INFO] - reg loss: 6.754871183971189, entropy loss: 0.2515251098095246, leaf dev: 0.06839333474636078
[2026-06-25 23:41:28,394][root][INFO] - Val leaf stats: tensor([0.0000e+00, 1.2533e-01, 0.0000e+00, 0.0000e+00, 2.3333e-03, 9.8833e-02,
        8.1500e-02, 7.6667e-02, 9.2500e-02, 4.7000e-02, 1.3767e-01, 5.4000e-02,
        1.6667e-04, 0.0000e+00, 2.4617e-01, 3.7833e-02])
[2026-06-25 23:41:31,358][root][INFO] - reg loss: 5.922058420361213, entropy loss: 0.17991655432390716, leaf dev: 0.10238637775182724
[2026-06-25 23:41:31,359][root][INFO] - Val leaf stats: tensor([0.0005, 0.0000, 0.3238, 0.2488, 0.2122, 0.0535, 0.0000, 0.0292, 0.0180,
        0.0000, 0.0020, 0.0022, 0.0403, 0.0402, 0.0040, 0.0253])
[2026-06-25 23:41:40,629][root][INFO] - Epoch: 12 | train acc: 0.9216, train loss: 0.89328575, valid acc: 0.9070, valid loss: 0.32938875, test acc: 0.9116, test loss: 0.31990946
[2026-06-25 23:41:44,442][root][INFO] - Epoch: 12 | train acc: 0.9171, train loss: 0.59930027, valid acc: 0.9048, valid loss: 0.34637583, test acc: 0.9075, test loss: 0.33093115
[2026-06-25 23:41:44,465][root][INFO] - reg loss: 5.9754985773338465, entropy loss: 0.1558128076623071, leaf dev: 0.09805408865213394
[2026-06-25 23:41:44,467][root][INFO] - Val leaf stats: tensor([0.0000, 0.0000, 0.0253, 0.0000, 0.0007, 0.2457, 0.0737, 0.0000, 0.1603,
        0.0000, 0.0010, 0.1703, 0.0000, 0.0280, 0.2912, 0.0038])
[2026-06-25 23:41:46,998][root][INFO] - reg loss: 7.288815412881239, entropy loss: 0.30690226408670535, leaf dev: 0.0699208527803421
[2026-06-25 23:41:46,999][root][INFO] - Val leaf stats: tensor([0.0000, 0.1618, 0.1840, 0.0340, 0.1310, 0.0128, 0.0133, 0.0117, 0.1828,
        0.0000, 0.0065, 0.0185, 0.1275, 0.0690, 0.0465, 0.0005])
[2026-06-25 23:41:47,981][root][INFO] - Epoch: 13 | train acc: 0.9189, train loss: 0.28426486, valid acc: 0.8897, valid loss: 0.34950939, test acc: 0.9058, test loss: 0.31573766
[2026-06-25 23:41:51,459][root][INFO] - Epoch: 12 | train acc: 0.9275, train loss: 0.50285505, valid acc: 0.9090, valid loss: 0.32948264, test acc: 0.9136, test loss: 0.31450567
[2026-06-25 23:41:51,618][root][INFO] - reg loss: 7.370613368052356, entropy loss: 0.3486389950761255, leaf dev: 0.1008492112159729
[2026-06-25 23:41:51,619][root][INFO] - Val leaf stats: tensor([1.6667e-04, 4.0000e-03, 1.9167e-02, 1.1833e-02, 0.0000e+00, 5.0000e-04,
        6.7667e-02, 2.6667e-03, 1.4233e-01, 6.3667e-02, 0.0000e+00, 6.8333e-03,
        1.3433e-01, 1.7750e-01, 3.6883e-01, 5.0000e-04])
[2026-06-25 23:41:54,932][root][INFO] - reg loss: 6.7514153966363875, entropy loss: 0.2514026553001044, leaf dev: 0.06569331139326096
[2026-06-25 23:41:54,933][root][INFO] - Val leaf stats: tensor([0.0000, 0.1063, 0.0000, 0.0000, 0.0027, 0.1142, 0.0807, 0.0678, 0.0742,
        0.0623, 0.1427, 0.0645, 0.0000, 0.0000, 0.2355, 0.0492])
[2026-06-25 23:41:55,525][root][INFO] - Epoch: 12 | train acc: 0.8926, train loss: 0.75597557, valid acc: 0.8570, valid loss: 0.45435604, test acc: 0.8648, test loss: 0.44751408
[2026-06-25 23:41:59,348][root][INFO] - reg loss: 6.159665386631803, entropy loss: 0.17926546481420408, leaf dev: 0.09694838523864746
[2026-06-25 23:41:59,349][root][INFO] - Val leaf stats: tensor([0.0045, 0.0000, 0.3487, 0.1258, 0.2223, 0.0767, 0.0000, 0.0192, 0.0257,
        0.0000, 0.0015, 0.0025, 0.0692, 0.0537, 0.0053, 0.0450])
[2026-06-25 23:42:08,463][root][INFO] - Epoch: 13 | train acc: 0.9256, train loss: 0.87368220, valid acc: 0.9028, valid loss: 0.35712998, test acc: 0.9076, test loss: 0.34720611
[2026-06-25 23:42:12,086][root][INFO] - reg loss: 5.946876359435747, entropy loss: 0.15469338041993808, leaf dev: 0.09891001880168915
[2026-06-25 23:42:12,087][root][INFO] - Val leaf stats: tensor([0.0000e+00, 0.0000e+00, 1.7833e-02, 0.0000e+00, 1.6667e-04, 2.0950e-01,
        7.1667e-02, 0.0000e+00, 2.2750e-01, 1.0167e-02, 1.3333e-03, 1.4283e-01,
        0.0000e+00, 2.0167e-02, 2.9533e-01, 3.5000e-03])
[2026-06-25 23:42:12,594][root][INFO] - Epoch: 13 | train acc: 0.9279, train loss: 0.55658070, valid acc: 0.9147, valid loss: 0.30224836, test acc: 0.9139, test loss: 0.29414905
[2026-06-25 23:42:15,728][root][INFO] - reg loss: 7.297412782345178, entropy loss: 0.3057743974451749, leaf dev: 0.06229137256741524
[2026-06-25 23:42:15,729][root][INFO] - Val leaf stats: tensor([0.0000, 0.1773, 0.1325, 0.0277, 0.1685, 0.0467, 0.0185, 0.0388, 0.1412,
        0.0000, 0.0048, 0.0167, 0.0942, 0.0837, 0.0492, 0.0003])
[2026-06-25 23:42:16,925][root][INFO] - Epoch: 14 | train acc: 0.9155, train loss: 0.29213641, valid acc: 0.8925, valid loss: 0.36526417, test acc: 0.9022, test loss: 0.34324430
[2026-06-25 23:42:18,521][root][INFO] - Epoch: 13 | train acc: 0.9306, train loss: 0.48255060, valid acc: 0.9118, valid loss: 0.31677264, test acc: 0.9158, test loss: 0.30844927
[2026-06-25 23:42:20,460][root][INFO] - reg loss: 6.836702216346309, entropy loss: 0.33610029771642863, leaf dev: 0.1092156171798706
[2026-06-25 23:42:20,461][root][INFO] - Val leaf stats: tensor([1.6667e-04, 2.3333e-03, 5.6667e-03, 1.5833e-02, 0.0000e+00, 0.0000e+00,
        4.5667e-02, 8.3333e-04, 1.4800e-01, 6.8500e-02, 0.0000e+00, 8.5000e-03,
        6.3333e-02, 2.6983e-01, 3.6817e-01, 3.1667e-03])
[2026-06-25 23:42:22,202][root][INFO] - reg loss: 6.699661781203072, entropy loss: 0.24307886187760336, leaf dev: 0.07181321084499359
[2026-06-25 23:42:22,203][root][INFO] - Val leaf stats: tensor([1.6667e-04, 1.0800e-01, 0.0000e+00, 0.0000e+00, 2.1667e-03, 1.0733e-01,
        1.8333e-03, 1.4950e-01, 8.3167e-02, 6.1167e-02, 1.3133e-01, 6.7333e-02,
        0.0000e+00, 0.0000e+00, 2.4500e-01, 4.3000e-02])
[2026-06-25 23:42:24,271][root][INFO] - Epoch: 13 | train acc: 0.9112, train loss: 0.68156771, valid acc: 0.8742, valid loss: 0.39298178, test acc: 0.8839, test loss: 0.38665891
[2026-06-25 23:42:28,386][root][INFO] - reg loss: 6.361714556532086, entropy loss: 0.18261208525806102, leaf dev: 0.08687758445739746
[2026-06-25 23:42:28,387][root][INFO] - Val leaf stats: tensor([5.1667e-03, 0.0000e+00, 3.0617e-01, 1.1867e-01, 2.0800e-01, 6.2167e-02,
        1.6667e-04, 2.6667e-02, 3.0333e-02, 0.0000e+00, 2.3333e-03, 3.5000e-03,
        1.0733e-01, 6.2000e-02, 6.8333e-03, 6.0667e-02])
[2026-06-25 23:42:38,235][root][INFO] - Epoch: 14 | train acc: 0.9194, train loss: 0.89648548, valid acc: 0.9077, valid loss: 0.33030226, test acc: 0.9043, test loss: 0.34198809
[2026-06-25 23:42:42,072][root][INFO] - reg loss: 5.8697725871823865, entropy loss: 0.1535408803314533, leaf dev: 0.09934093803167343
[2026-06-25 23:42:42,073][root][INFO] - Val leaf stats: tensor([0.0000, 0.0000, 0.0145, 0.0000, 0.0005, 0.2677, 0.0683, 0.0000, 0.1770,
        0.0045, 0.0137, 0.1367, 0.0000, 0.0253, 0.2883, 0.0035])
[2026-06-25 23:42:42,595][root][INFO] - Epoch: 14 | train acc: 0.9242, train loss: 0.56679030, valid acc: 0.9050, valid loss: 0.33335587, test acc: 0.9057, test loss: 0.32734799
[2026-06-25 23:42:46,343][root][INFO] - reg loss: 7.3187678804937395, entropy loss: 0.3055315804931353, leaf dev: 0.06675156205892563
[2026-06-25 23:42:46,344][root][INFO] - Val leaf stats: tensor([0.0000, 0.1677, 0.1580, 0.0230, 0.1307, 0.0433, 0.0317, 0.0477, 0.1545,
        0.0000, 0.0062, 0.0168, 0.1657, 0.0113, 0.0417, 0.0018])
[2026-06-25 23:42:47,398][root][INFO] - Epoch: 15 | train acc: 0.9186, train loss: 0.28101064, valid acc: 0.8960, valid loss: 0.35181064, test acc: 0.9052, test loss: 0.32538066
[2026-06-25 23:42:49,504][root][INFO] - Epoch: 14 | train acc: 0.9335, train loss: 0.46378128, valid acc: 0.9140, valid loss: 0.31139669, test acc: 0.9178, test loss: 0.29664773
[2026-06-25 23:42:50,984][root][INFO] - reg loss: 7.1347169831113995, entropy loss: 0.3410312384366989, leaf dev: 0.0970839112997055
[2026-06-25 23:42:50,985][root][INFO] - Val leaf stats: tensor([1.6667e-04, 8.5000e-03, 1.4000e-02, 2.5667e-02, 0.0000e+00, 1.6667e-04,
        6.0333e-02, 1.3333e-03, 1.4667e-01, 7.5833e-02, 0.0000e+00, 1.0833e-02,
        7.4500e-02, 2.4933e-01, 3.2267e-01, 1.0000e-02])
[2026-06-25 23:42:53,414][root][INFO] - reg loss: 6.632961893981358, entropy loss: 0.2321540023077209, leaf dev: 0.06737443804740906
[2026-06-25 23:42:53,414][root][INFO] - Val leaf stats: tensor([0.0003, 0.1147, 0.0000, 0.0000, 0.0037, 0.1170, 0.0018, 0.1267, 0.1027,
        0.0678, 0.1287, 0.0837, 0.0000, 0.0000, 0.2187, 0.0343])
[2026-06-25 23:42:54,317][root][INFO] - Epoch: 14 | train acc: 0.9216, train loss: 0.65397457, valid acc: 0.8927, valid loss: 0.35172440, test acc: 0.8988, test loss: 0.33516008
[2026-06-25 23:42:57,975][root][INFO] - reg loss: 6.4420860893321485, entropy loss: 0.18721111540524465, leaf dev: 0.07832776010036469
[2026-06-25 23:42:57,976][root][INFO] - Val leaf stats: tensor([0.0250, 0.0000, 0.2692, 0.1077, 0.2027, 0.0590, 0.0007, 0.0373, 0.0263,
        0.0000, 0.0067, 0.0057, 0.1182, 0.0683, 0.0065, 0.0668])
[2026-06-25 23:43:07,556][root][INFO] - Epoch: 15 | train acc: 0.9217, train loss: 0.85377965, valid acc: 0.8457, valid loss: 0.51884690, test acc: 0.8515, test loss: 0.52484799
[2026-06-25 23:43:11,176][root][INFO] - reg loss: 5.7185278973489435, entropy loss: 0.14500463444669293, leaf dev: 0.1197718009352684
[2026-06-25 23:43:11,177][root][INFO] - Val leaf stats: tensor([0.0000e+00, 0.0000e+00, 1.3333e-02, 0.0000e+00, 0.0000e+00, 8.0500e-02,
        2.1500e-02, 0.0000e+00, 4.1333e-01, 1.6667e-04, 2.1500e-02, 2.3600e-01,
        0.0000e+00, 3.5000e-03, 2.0867e-01, 1.5000e-03])
[2026-06-25 23:43:14,001][root][INFO] - Epoch: 15 | train acc: 0.9026, train loss: 0.60479812, valid acc: 0.8753, valid loss: 0.41521134, test acc: 0.8783, test loss: 0.43501830
[2026-06-25 23:43:17,318][root][INFO] - reg loss: 6.565884770087476, entropy loss: 0.27267364286026863, leaf dev: 0.09128475934267044
[2026-06-25 23:43:17,318][root][INFO] - Val leaf stats: tensor([0.0000, 0.3187, 0.1758, 0.0473, 0.1697, 0.0488, 0.0588, 0.1323, 0.0120,
        0.0000, 0.0038, 0.0033, 0.0070, 0.0018, 0.0205, 0.0000])
[2026-06-25 23:43:17,832][root][INFO] - Epoch: 16 | train acc: 0.9198, train loss: 0.28103080, valid acc: 0.8963, valid loss: 0.34884507, test acc: 0.9067, test loss: 0.32116266
[2026-06-25 23:43:21,516][root][INFO] - Epoch: 15 | train acc: 0.9303, train loss: 0.46651924, valid acc: 0.9065, valid loss: 0.33034312, test acc: 0.9051, test loss: 0.33427023
[2026-06-25 23:43:22,143][root][INFO] - reg loss: 7.361195712719324, entropy loss: 0.3391507270763505, leaf dev: 0.09610742330551147
[2026-06-25 23:43:22,144][root][INFO] - Val leaf stats: tensor([0.0000, 0.0075, 0.0180, 0.0155, 0.0000, 0.0030, 0.0587, 0.0015, 0.1528,
        0.0773, 0.0000, 0.0112, 0.0737, 0.1902, 0.3528, 0.0378])
[2026-06-25 23:43:25,003][root][INFO] - reg loss: 6.557845943378952, entropy loss: 0.22870201898633308, leaf dev: 0.07638043165206909
[2026-06-25 23:43:25,005][root][INFO] - Val leaf stats: tensor([0.0003, 0.0782, 0.0000, 0.0000, 0.0020, 0.0820, 0.0020, 0.1323, 0.0725,
        0.0747, 0.1428, 0.1133, 0.0000, 0.0000, 0.2737, 0.0262])
[2026-06-25 23:43:25,166][root][INFO] - Epoch: 15 | train acc: 0.9266, train loss: 0.65256898, valid acc: 0.9020, valid loss: 0.33743446, test acc: 0.9064, test loss: 0.31727829
[2026-06-25 23:43:28,867][root][INFO] - reg loss: 6.611723004647021, entropy loss: 0.19760597525340207, leaf dev: 0.07054664939641953
[2026-06-25 23:43:28,868][root][INFO] - Val leaf stats: tensor([0.0263, 0.0000, 0.2447, 0.1013, 0.1780, 0.0515, 0.0005, 0.0383, 0.0397,
        0.0000, 0.0063, 0.0088, 0.1340, 0.0775, 0.0300, 0.0630])
[2026-06-25 23:43:39,431][root][INFO] - Epoch: 16 | train acc: 0.9181, train loss: 0.83755096, valid acc: 0.9085, valid loss: 0.30092092, test acc: 0.9132, test loss: 0.30725528
[2026-06-25 23:43:43,369][root][INFO] - reg loss: 5.599840249655382, entropy loss: 0.1382217937201824, leaf dev: 0.10481671988964081
[2026-06-25 23:43:43,370][root][INFO] - Val leaf stats: tensor([0.0000e+00, 0.0000e+00, 1.7000e-02, 0.0000e+00, 1.6667e-04, 1.4333e-01,
        3.2333e-02, 3.3333e-04, 2.4233e-01, 0.0000e+00, 9.5000e-03, 2.3533e-01,
        0.0000e+00, 1.4333e-02, 3.0167e-01, 3.6667e-03])
[2026-06-25 23:43:43,921][root][INFO] - Epoch: 16 | train acc: 0.9088, train loss: 0.56947478, valid acc: 0.8853, valid loss: 0.38282733, test acc: 0.8917, test loss: 0.38440700
[2026-06-25 23:43:47,667][root][INFO] - reg loss: 6.110645717045046, entropy loss: 0.25301101410164023, leaf dev: 0.09830877184867859
[2026-06-25 23:43:47,670][root][INFO] - Val leaf stats: tensor([0.0000, 0.3497, 0.0750, 0.0080, 0.1730, 0.0728, 0.0730, 0.1953, 0.0130,
        0.0000, 0.0028, 0.0035, 0.0090, 0.0020, 0.0228, 0.0000])
[2026-06-25 23:43:47,884][root][INFO] - Epoch: 17 | train acc: 0.9279, train loss: 0.25375731, valid acc: 0.8855, valid loss: 0.40933303, test acc: 0.8926, test loss: 0.38047037
[2026-06-25 23:43:51,545][root][INFO] - reg loss: 7.445313548142055, entropy loss: 0.32771811142282664, leaf dev: 0.06839563697576523
[2026-06-25 23:43:51,546][root][INFO] - Val leaf stats: tensor([0.0005, 0.0827, 0.0660, 0.0525, 0.0020, 0.0203, 0.1033, 0.0120, 0.1380,
        0.0580, 0.0000, 0.0080, 0.0652, 0.1490, 0.2420, 0.0005])
[2026-06-25 23:43:52,013][root][INFO] - Epoch: 16 | train acc: 0.9299, train loss: 0.46923940, valid acc: 0.9155, valid loss: 0.30730784, test acc: 0.9181, test loss: 0.30223938
[2026-06-25 23:43:55,721][root][INFO] - Epoch: 16 | train acc: 0.9313, train loss: 0.63857801, valid acc: 0.9048, valid loss: 0.32804872, test acc: 0.9069, test loss: 0.31010860
[2026-06-25 23:43:56,068][root][INFO] - reg loss: 6.576425831272917, entropy loss: 0.22884630847652004, leaf dev: 0.0706627368927002
[2026-06-25 23:43:56,069][root][INFO] - Val leaf stats: tensor([1.6667e-04, 8.3167e-02, 0.0000e+00, 0.0000e+00, 1.3333e-03, 7.2167e-02,
        2.0000e-03, 1.2817e-01, 7.8000e-02, 6.9167e-02, 1.4350e-01, 1.2083e-01,
        0.0000e+00, 0.0000e+00, 2.4383e-01, 5.7667e-02])
[2026-06-25 23:43:59,196][root][INFO] - reg loss: 6.561542591958676, entropy loss: 0.19809378486759258, leaf dev: 0.07413483411073685
[2026-06-25 23:43:59,197][root][INFO] - Val leaf stats: tensor([0.0273, 0.0000, 0.2500, 0.1002, 0.2087, 0.0623, 0.0005, 0.0353, 0.0332,
        0.0000, 0.0063, 0.0082, 0.1055, 0.0863, 0.0260, 0.0502])
[2026-06-25 23:44:09,979][root][INFO] - Epoch: 17 | train acc: 0.9264, train loss: 0.81025641, valid acc: 0.9012, valid loss: 0.35189042, test acc: 0.9089, test loss: 0.31987488
[2026-06-25 23:44:13,776][root][INFO] - reg loss: 5.538654502832665, entropy loss: 0.13956791148433145, leaf dev: 0.10655554383993149
[2026-06-25 23:44:13,777][root][INFO] - Val leaf stats: tensor([0.0000e+00, 0.0000e+00, 1.9333e-02, 0.0000e+00, 1.6667e-04, 1.4617e-01,
        4.4333e-02, 0.0000e+00, 3.1917e-01, 2.1667e-03, 1.3500e-02, 1.5100e-01,
        0.0000e+00, 1.2167e-02, 2.9000e-01, 2.0000e-03])
[2026-06-25 23:44:14,131][root][INFO] - Epoch: 17 | train acc: 0.9181, train loss: 0.52602944, valid acc: 0.9010, valid loss: 0.32941938, test acc: 0.9094, test loss: 0.33512567
[2026-06-25 23:44:17,929][root][INFO] - reg loss: 5.958408630119179, entropy loss: 0.24300352146603027, leaf dev: 0.08455171436071396
[2026-06-25 23:44:17,930][root][INFO] - Val leaf stats: tensor([0.0000, 0.1802, 0.1173, 0.0222, 0.2257, 0.0943, 0.0557, 0.2432, 0.0162,
        0.0000, 0.0043, 0.0040, 0.0107, 0.0030, 0.0233, 0.0000])
[2026-06-25 23:44:18,121][root][INFO] - Epoch: 18 | train acc: 0.8954, train loss: 0.35681960, valid acc: 0.8783, valid loss: 0.41123615, test acc: 0.8880, test loss: 0.39314194
[2026-06-25 23:44:21,684][root][INFO] - reg loss: 6.728508701864278, entropy loss: 0.30565942008540314, leaf dev: 0.09504618495702744
[2026-06-25 23:44:21,685][root][INFO] - Val leaf stats: tensor([0.0000, 0.0217, 0.0693, 0.0488, 0.0007, 0.0120, 0.0915, 0.0123, 0.0370,
        0.0073, 0.0000, 0.0008, 0.1225, 0.2633, 0.3097, 0.0030])
[2026-06-25 23:44:23,304][root][INFO] - Epoch: 17 | train acc: 0.9367, train loss: 0.45141083, valid acc: 0.9165, valid loss: 0.30634250, test acc: 0.9217, test loss: 0.28722164
[2026-06-25 23:44:25,809][root][INFO] - Epoch: 17 | train acc: 0.9285, train loss: 0.62373812, valid acc: 0.8963, valid loss: 0.34032655, test acc: 0.9015, test loss: 0.32588346
[2026-06-25 23:44:26,880][root][INFO] - reg loss: 6.601200247710606, entropy loss: 0.23082157393109123, leaf dev: 0.06935090571641922
[2026-06-25 23:44:26,882][root][INFO] - Val leaf stats: tensor([0.0003, 0.0980, 0.0000, 0.0000, 0.0025, 0.0918, 0.0023, 0.1422, 0.0620,
        0.1000, 0.1183, 0.1037, 0.0000, 0.0000, 0.2367, 0.0422])
[2026-06-25 23:44:29,277][root][INFO] - reg loss: 6.444125427390045, entropy loss: 0.18815600197270232, leaf dev: 0.08114548027515411
[2026-06-25 23:44:29,278][root][INFO] - Val leaf stats: tensor([0.0067, 0.0000, 0.2665, 0.0953, 0.2157, 0.0612, 0.0007, 0.0220, 0.0387,
        0.0000, 0.0012, 0.0045, 0.1340, 0.0938, 0.0175, 0.0423])
[2026-06-25 23:44:40,097][root][INFO] - Epoch: 18 | train acc: 0.9295, train loss: 0.81770128, valid acc: 0.9172, valid loss: 0.29560671, test acc: 0.9189, test loss: 0.29476351
[2026-06-25 23:44:43,545][root][INFO] - reg loss: 5.5494634340394215, entropy loss: 0.14357750876894537, leaf dev: 0.0996006652712822
[2026-06-25 23:44:43,547][root][INFO] - Val leaf stats: tensor([0.0000, 0.0000, 0.0207, 0.0000, 0.0005, 0.1502, 0.0477, 0.0000, 0.2350,
        0.0047, 0.0195, 0.2088, 0.0000, 0.0167, 0.2942, 0.0022])
[2026-06-25 23:44:45,361][root][INFO] - Epoch: 18 | train acc: 0.8695, train loss: 0.66536250, valid acc: 0.8707, valid loss: 0.45947030, test acc: 0.8668, test loss: 0.45397366
[2026-06-25 23:44:48,290][root][INFO] - Epoch: 19 | train acc: 0.8984, train loss: 0.34364204, valid acc: 0.8862, valid loss: 0.38212366, test acc: 0.8912, test loss: 0.37017545
[2026-06-25 23:44:49,043][root][INFO] - reg loss: 5.4145457834567665, entropy loss: 0.22359392426486285, leaf dev: 0.13541162014007568
[2026-06-25 23:44:49,045][root][INFO] - Val leaf stats: tensor([0.0000e+00, 5.3267e-01, 1.8500e-02, 3.3333e-04, 1.9333e-01, 3.7167e-02,
        3.1000e-02, 1.1083e-01, 2.2333e-02, 0.0000e+00, 4.8333e-03, 4.8333e-03,
        1.4333e-02, 3.3333e-03, 2.6500e-02, 0.0000e+00])
[2026-06-25 23:44:51,877][root][INFO] - reg loss: 6.988400396311058, entropy loss: 0.3110361639058815, leaf dev: 0.08300001919269562
[2026-06-25 23:44:51,878][root][INFO] - Val leaf stats: tensor([0.0000, 0.0223, 0.0853, 0.1133, 0.0005, 0.0062, 0.0902, 0.0092, 0.0332,
        0.0082, 0.0000, 0.0010, 0.0947, 0.2123, 0.2830, 0.0407])
[2026-06-25 23:44:52,811][root][INFO] - Epoch: 18 | train acc: 0.9299, train loss: 0.47956293, valid acc: 0.9058, valid loss: 0.33891415, test acc: 0.9108, test loss: 0.32246313
[2026-06-25 23:44:54,965][root][INFO] - Epoch: 18 | train acc: 0.9295, train loss: 0.59047197, valid acc: 0.9023, valid loss: 0.31604258, test acc: 0.9077, test loss: 0.32025174
[2026-06-25 23:44:56,084][root][INFO] - reg loss: 6.664834782762347, entropy loss: 0.22691383254977893, leaf dev: 0.07358212769031525
[2026-06-25 23:44:56,085][root][INFO] - Val leaf stats: tensor([0.0003, 0.1098, 0.0000, 0.0000, 0.0383, 0.1787, 0.0012, 0.0272, 0.0560,
        0.0843, 0.1040, 0.0958, 0.0005, 0.0000, 0.2547, 0.0492])
[2026-06-25 23:44:59,041][root][INFO] - reg loss: 6.303671148588073, entropy loss: 0.1742485781323235, leaf dev: 0.07756975293159485
[2026-06-25 23:44:59,042][root][INFO] - Val leaf stats: tensor([2.3833e-02, 1.6667e-04, 2.4950e-01, 8.9500e-02, 2.1567e-01, 6.2667e-02,
        3.3333e-04, 7.3333e-03, 3.4833e-02, 0.0000e+00, 2.3333e-03, 4.5000e-03,
        1.2833e-01, 9.9833e-02, 2.5333e-02, 5.5833e-02])
[2026-06-25 23:45:08,947][root][INFO] - MLFlow server is starting on LOCAL with experiment STM_MS_hard_seeded...
[2026-06-25 23:45:09,108][root][INFO] - MLFlow run ID: b70d3a38eaef42268ffd7e05db180f7c, status: RUNNING
[2026-06-25 23:45:09,242][root][INFO] - Starting experiment IATrain...
[2026-06-25 23:45:11,625][root][INFO] - Epoch: 19 | train acc: 0.9345, train loss: 0.81244977, valid acc: 0.9192, valid loss: 0.29361525, test acc: 0.9162, test loss: 0.29533114
[2026-06-25 23:45:15,293][root][INFO] - reg loss: 5.55646092036985, entropy loss: 0.14627411497651405, leaf dev: 0.1002454087138176
[2026-06-25 23:45:15,294][root][INFO] - Val leaf stats: tensor([0.0000, 0.0000, 0.0185, 0.0000, 0.0003, 0.1478, 0.0473, 0.0000, 0.2560,
        0.0060, 0.0230, 0.1847, 0.0000, 0.0168, 0.2972, 0.0023])
[2026-06-25 23:45:15,653][root][INFO] - Epoch: 19 | train acc: 0.9001, train loss: 0.57234418, valid acc: 0.8945, valid loss: 0.37346992, test acc: 0.8954, test loss: 0.38518157
[2026-06-25 23:45:19,137][root][INFO] - Epoch: 20 | train acc: 0.9192, train loss: 0.27414486, valid acc: 0.8880, valid loss: 0.36852049, test acc: 0.8939, test loss: 0.35886707
[2026-06-25 23:45:19,573][root][INFO] - reg loss: 5.687800483883552, entropy loss: 0.22702680036144438, leaf dev: 0.08528725057840347
[2026-06-25 23:45:19,574][root][INFO] - Val leaf stats: tensor([0.0000, 0.2357, 0.2607, 0.0302, 0.1505, 0.0403, 0.0442, 0.1353, 0.0345,
        0.0000, 0.0055, 0.0075, 0.0203, 0.0043, 0.0310, 0.0000])
[2026-06-25 23:45:22,218][root][INFO] - Epoch: 19 | train acc: 0.9229, train loss: 0.47414948, valid acc: 0.9018, valid loss: 0.34340604, test acc: 0.9033, test loss: 0.33563870
[2026-06-25 23:45:23,335][root][INFO] - reg loss: 6.828978731947125, entropy loss: 0.3033219311597212, leaf dev: 0.08689720928668976
[2026-06-25 23:45:23,336][root][INFO] - Val leaf stats: tensor([0.0000, 0.0228, 0.1417, 0.0328, 0.0020, 0.0098, 0.1092, 0.0135, 0.0383,
        0.0097, 0.0000, 0.0010, 0.1018, 0.2078, 0.2942, 0.0153])
[2026-06-25 23:45:25,825][root][INFO] - reg loss: 6.525807551617892, entropy loss: 0.20602571120801963, leaf dev: 0.07568120211362839
[2026-06-25 23:45:25,826][root][INFO] - Val leaf stats: tensor([0.0000, 0.0333, 0.0000, 0.0000, 0.0365, 0.1847, 0.0020, 0.0510, 0.0668,
        0.0763, 0.1317, 0.1072, 0.0000, 0.0000, 0.2600, 0.0505])
[2026-06-25 23:45:26,832][root][INFO] - Epoch: 19 | train acc: 0.9328, train loss: 0.58096334, valid acc: 0.8938, valid loss: 0.33850360, test acc: 0.9028, test loss: 0.34197067
[2026-06-25 23:45:30,817][root][INFO] - reg loss: 6.3158842482656805, entropy loss: 0.17619809915996948, leaf dev: 0.07279036194086075
[2026-06-25 23:45:30,818][root][INFO] - Val leaf stats: tensor([2.6667e-02, 1.6667e-04, 1.7833e-01, 1.4883e-01, 2.3800e-01, 6.9667e-02,
        1.0000e-03, 2.0833e-02, 2.6500e-02, 3.3333e-04, 3.8333e-03, 1.5000e-03,
        1.0650e-01, 9.9333e-02, 2.5667e-02, 5.2833e-02])
[2026-06-25 23:45:41,168][root][INFO] - Epoch: 0 | train acc: 0.6485, train loss: 2.80938497, valid acc: 0.7450, valid loss: 0.71864247, test acc: 0.7534, test loss: 0.73625431
[2026-06-25 23:45:42,304][root][INFO] - Epoch: 20 | train acc: 0.9297, train loss: 0.77293894, valid acc: 0.9028, valid loss: 0.34101716, test acc: 0.9000, test loss: 0.33115013
[2026-06-25 23:45:43,977][root][INFO] - reg loss: 12.469361572669296, entropy loss: 0.460721198528532, leaf dev: 0.06410575658082962
[2026-06-25 23:45:43,978][root][INFO] - Val leaf stats: tensor([0.0746, 0.0812, 0.0186, 0.0012, 0.0317, 0.1849, 0.0702, 0.0096, 0.0205,
        0.0206, 0.0743, 0.0422, 0.0166, 0.1582, 0.1948, 0.0006])
[2026-06-25 23:45:46,647][root][INFO] - reg loss: 5.4947054251185, entropy loss: 0.1324286510078412, leaf dev: 0.10194320976734161
[2026-06-25 23:45:46,648][root][INFO] - Val leaf stats: tensor([0.0000e+00, 0.0000e+00, 1.5333e-02, 0.0000e+00, 5.0000e-04, 1.5783e-01,
        5.1500e-02, 0.0000e+00, 3.0233e-01, 2.8667e-02, 2.0000e-02, 1.3600e-01,
        0.0000e+00, 1.6667e-04, 2.8183e-01, 5.8333e-03])
[2026-06-25 23:45:47,775][root][INFO] - Epoch: 20 | train acc: 0.9132, train loss: 0.51524020, valid acc: 0.9010, valid loss: 0.34905456, test acc: 0.8987, test loss: 0.35732303
[2026-06-25 23:45:49,957][root][INFO] - Epoch: 21 | train acc: 0.9237, train loss: 0.26178997, valid acc: 0.9073, valid loss: 0.32176513, test acc: 0.9108, test loss: 0.31158534
[2026-06-25 23:45:51,398][root][INFO] - reg loss: 5.892080486945386, entropy loss: 0.21393861691906768, leaf dev: 0.09370070695877075
[2026-06-25 23:45:51,399][root][INFO] - Val leaf stats: tensor([0.0000e+00, 3.4867e-01, 1.3467e-01, 2.4000e-02, 1.5700e-01, 4.3667e-02,
        4.4500e-02, 1.4033e-01, 7.2167e-02, 3.3333e-04, 1.4167e-02, 1.6333e-02,
        3.5000e-03, 0.0000e+00, 6.6667e-04, 0.0000e+00])
[2026-06-25 23:45:53,915][root][INFO] - Epoch: 20 | train acc: 0.9314, train loss: 0.42491927, valid acc: 0.9133, valid loss: 0.31023268, test acc: 0.9200, test loss: 0.29297778
[2026-06-25 23:45:54,046][root][INFO] - reg loss: 6.699557871188757, entropy loss: 0.298825333422085, leaf dev: 0.08646602928638458
[2026-06-25 23:45:54,088][root][INFO] - Val leaf stats: tensor([0.0000e+00, 2.1167e-02, 1.0000e-01, 4.4333e-02, 1.6667e-04, 2.6667e-03,
        9.2167e-02, 4.8333e-03, 4.4500e-02, 1.1333e-02, 0.0000e+00, 1.3333e-03,
        1.1500e-01, 2.2500e-01, 2.9283e-01, 4.4667e-02])
[2026-06-25 23:45:56,613][root][INFO] - Epoch: 20 | train acc: 0.9345, train loss: 0.57210345, valid acc: 0.9025, valid loss: 0.31702388, test acc: 0.9066, test loss: 0.30838157
[2026-06-25 23:45:57,583][root][INFO] - reg loss: 6.2815130701604875, entropy loss: 0.18897366369107985, leaf dev: 0.07300423830747604
[2026-06-25 23:45:57,584][root][INFO] - Val leaf stats: tensor([0.0000, 0.0507, 0.0000, 0.0000, 0.0003, 0.0690, 0.0020, 0.1567, 0.0893,
        0.0857, 0.1327, 0.1162, 0.0000, 0.0000, 0.2485, 0.0490])
[2026-06-25 23:46:00,504][root][INFO] - reg loss: 6.306432944423747, entropy loss: 0.1744014615157865, leaf dev: 0.07739587873220444
[2026-06-25 23:46:00,505][root][INFO] - Val leaf stats: tensor([1.7833e-02, 1.6667e-04, 2.4633e-01, 8.8333e-02, 2.3167e-01, 6.6667e-02,
        8.3333e-04, 2.8333e-02, 3.3333e-02, 0.0000e+00, 4.1667e-03, 2.3333e-03,
        1.0267e-01, 9.6833e-02, 2.7167e-02, 5.3333e-02])
[2026-06-25 23:46:13,631][root][INFO] - Epoch: 1 | train acc: 0.8067, train loss: 1.98261032, valid acc: 0.8369, valid loss: 0.49339060, test acc: 0.8324, test loss: 0.52378662
[2026-06-25 23:46:13,815][root][INFO] - Epoch: 21 | train acc: 0.9316, train loss: 0.71801537, valid acc: 0.9162, valid loss: 0.29700201, test acc: 0.9103, test loss: 0.30316149
[2026-06-25 23:46:16,456][root][INFO] - reg loss: 8.251081501996076, entropy loss: 0.34988083189757413, leaf dev: 0.07138968259096146
[2026-06-25 23:46:16,457][root][INFO] - Val leaf stats: tensor([0.0919, 0.0472, 0.0222, 0.0015, 0.0618, 0.1050, 0.0719, 0.0035, 0.0504,
        0.0099, 0.0702, 0.0032, 0.0328, 0.1515, 0.2760, 0.0010])
[2026-06-25 23:46:17,719][root][INFO] - reg loss: 5.420686204478426, entropy loss: 0.1211364542678842, leaf dev: 0.10093636065721512
[2026-06-25 23:46:17,720][root][INFO] - Val leaf stats: tensor([0.0000e+00, 0.0000e+00, 1.8333e-02, 0.0000e+00, 5.0000e-04, 1.5483e-01,
        4.9833e-02, 1.6667e-04, 2.6317e-01, 1.7833e-02, 8.6667e-03, 1.9900e-01,
        0.0000e+00, 1.6667e-04, 2.8150e-01, 6.0000e-03])
[2026-06-25 23:46:18,182][root][INFO] - Epoch: 21 | train acc: 0.9188, train loss: 0.48167542, valid acc: 0.9083, valid loss: 0.32089688, test acc: 0.9062, test loss: 0.33637646
[2026-06-25 23:46:21,296][root][INFO] - Epoch: 22 | train acc: 0.9291, train loss: 0.24074759, valid acc: 0.9068, valid loss: 0.31918928, test acc: 0.9133, test loss: 0.30306828
[2026-06-25 23:46:21,803][root][INFO] - reg loss: 5.827276027427529, entropy loss: 0.20716750214122376, leaf dev: 0.0887608751654625
[2026-06-25 23:46:21,805][root][INFO] - Val leaf stats: tensor([0.0000, 0.3193, 0.1420, 0.0235, 0.1673, 0.0495, 0.0500, 0.1385, 0.0730,
        0.0003, 0.0128, 0.0185, 0.0042, 0.0000, 0.0010, 0.0000])
[2026-06-25 23:46:23,829][root][INFO] - Epoch: 21 | train acc: 0.9362, train loss: 0.40541592, valid acc: 0.9157, valid loss: 0.29515277, test acc: 0.9221, test loss: 0.28478602
[2026-06-25 23:46:24,893][root][INFO] - reg loss: 6.557801422083153, entropy loss: 0.29779569270475853, leaf dev: 0.08855818212032318
[2026-06-25 23:46:24,894][root][INFO] - Val leaf stats: tensor([0.0000, 0.0245, 0.1023, 0.0357, 0.0005, 0.0065, 0.1017, 0.0017, 0.0437,
        0.0135, 0.0000, 0.0015, 0.1130, 0.2183, 0.3065, 0.0307])
[2026-06-25 23:46:26,604][root][INFO] - Epoch: 21 | train acc: 0.9379, train loss: 0.56134839, valid acc: 0.8968, valid loss: 0.32970823, test acc: 0.9041, test loss: 0.31626072
[2026-06-25 23:46:27,700][root][INFO] - reg loss: 6.255130880283859, entropy loss: 0.1855103391802536, leaf dev: 0.07137304544448853
[2026-06-25 23:46:27,702][root][INFO] - Val leaf stats: tensor([0.0000, 0.0665, 0.0000, 0.0000, 0.0003, 0.0700, 0.0020, 0.1580, 0.0790,
        0.0588, 0.1490, 0.1310, 0.0000, 0.0000, 0.2288, 0.0565])
[2026-06-25 23:46:30,639][root][INFO] - reg loss: 6.323034956770123, entropy loss: 0.1752752740428133, leaf dev: 0.0757187008857727
[2026-06-25 23:46:30,641][root][INFO] - Val leaf stats: tensor([0.0140, 0.0000, 0.2470, 0.0967, 0.2240, 0.0672, 0.0032, 0.0388, 0.0308,
        0.0010, 0.0075, 0.0067, 0.0942, 0.0943, 0.0290, 0.0457])
[2026-06-25 23:46:44,470][root][INFO] - Epoch: 22 | train acc: 0.9346, train loss: 0.70069837, valid acc: 0.9183, valid loss: 0.29309839, test acc: 0.9141, test loss: 0.29804885
[2026-06-25 23:46:47,698][root][INFO] - reg loss: 5.40841647813905, entropy loss: 0.11899793843896884, leaf dev: 0.09867100417613983
[2026-06-25 23:46:47,699][root][INFO] - Val leaf stats: tensor([0.0000e+00, 0.0000e+00, 1.8833e-02, 0.0000e+00, 5.0000e-04, 1.5750e-01,
        6.3000e-02, 5.0000e-04, 2.4067e-01, 1.4833e-02, 1.9167e-02, 1.8150e-01,
        0.0000e+00, 1.6667e-04, 2.9650e-01, 6.8333e-03])
[2026-06-25 23:46:47,973][root][INFO] - Epoch: 2 | train acc: 0.8359, train loss: 1.73177807, valid acc: 0.8515, valid loss: 0.42747535, test acc: 0.8640, test loss: 0.48693813
[2026-06-25 23:46:48,291][root][INFO] - Epoch: 22 | train acc: 0.9241, train loss: 0.47333267, valid acc: 0.9067, valid loss: 0.33239843, test acc: 0.9077, test loss: 0.33951348
[2026-06-25 23:46:50,892][root][INFO] - reg loss: 8.018605749443095, entropy loss: 0.3091312257385759, leaf dev: 0.057307012379169464
[2026-06-25 23:46:50,893][root][INFO] - Val leaf stats: tensor([0.1819, 0.0297, 0.0275, 0.0029, 0.0644, 0.0936, 0.0699, 0.0004, 0.0459,
        0.0314, 0.0568, 0.0021, 0.1391, 0.1542, 0.0990, 0.0014])
[2026-06-25 23:46:51,717][root][INFO] - Epoch: 23 | train acc: 0.9306, train loss: 0.23978315, valid acc: 0.9075, valid loss: 0.31641292, test acc: 0.9109, test loss: 0.30368758
[2026-06-25 23:46:52,418][root][INFO] - reg loss: 5.882250565402913, entropy loss: 0.20783365053950614, leaf dev: 0.08390912413597107
[2026-06-25 23:46:52,418][root][INFO] - Val leaf stats: tensor([0.0000, 0.2798, 0.1743, 0.0288, 0.0867, 0.0368, 0.0957, 0.1862, 0.0723,
        0.0005, 0.0242, 0.0068, 0.0062, 0.0003, 0.0013, 0.0000])
[2026-06-25 23:46:54,233][root][INFO] - Epoch: 22 | train acc: 0.9370, train loss: 0.40464685, valid acc: 0.9070, valid loss: 0.31743383, test acc: 0.9181, test loss: 0.29447024
[2026-06-25 23:46:55,381][root][INFO] - reg loss: 6.75774668747524, entropy loss: 0.2908215235989049, leaf dev: 0.08496096730232239
[2026-06-25 23:46:55,382][root][INFO] - Val leaf stats: tensor([0.0000, 0.0143, 0.0792, 0.0228, 0.0063, 0.0360, 0.1022, 0.0018, 0.0485,
        0.0128, 0.0000, 0.0017, 0.1180, 0.2120, 0.2973, 0.0470])
[2026-06-25 23:46:56,993][root][INFO] - Epoch: 22 | train acc: 0.9352, train loss: 0.58474162, valid acc: 0.9042, valid loss: 0.31359840, test acc: 0.9079, test loss: 0.30316122
[2026-06-25 23:46:57,748][root][INFO] - reg loss: 6.274504926969421, entropy loss: 0.18640299886465073, leaf dev: 0.0693001002073288
[2026-06-25 23:46:57,750][root][INFO] - Val leaf stats: tensor([0.0000, 0.0740, 0.0000, 0.0000, 0.0007, 0.0743, 0.0022, 0.1583, 0.1392,
        0.0580, 0.1328, 0.1340, 0.0000, 0.0000, 0.1983, 0.0282])
[2026-06-25 23:47:00,960][root][INFO] - reg loss: 6.380104789194071, entropy loss: 0.17635384961119238, leaf dev: 0.0685543566942215
[2026-06-25 23:47:00,961][root][INFO] - Val leaf stats: tensor([0.0197, 0.0000, 0.2342, 0.0852, 0.1658, 0.0580, 0.0032, 0.0485, 0.0407,
        0.0005, 0.0042, 0.0045, 0.1438, 0.1030, 0.0310, 0.0578])
[2026-06-25 23:47:15,569][root][INFO] - Epoch: 23 | train acc: 0.9355, train loss: 0.71500759, valid acc: 0.9200, valid loss: 0.28887039, test acc: 0.9148, test loss: 0.29842934
[2026-06-25 23:47:19,232][root][INFO] - reg loss: 5.4340043157901405, entropy loss: 0.12284750484351842, leaf dev: 0.09837985783815384
[2026-06-25 23:47:19,233][root][INFO] - Val leaf stats: tensor([0.0000, 0.0000, 0.0187, 0.0000, 0.0003, 0.1603, 0.0623, 0.0005, 0.2477,
        0.0148, 0.0228, 0.1645, 0.0000, 0.0010, 0.2975, 0.0095])
[2026-06-25 23:47:19,648][root][INFO] - Epoch: 23 | train acc: 0.9257, train loss: 0.46089789, valid acc: 0.9122, valid loss: 0.31137442, test acc: 0.9107, test loss: 0.32835300
[2026-06-25 23:47:21,619][root][INFO] - Epoch: 24 | train acc: 0.9316, train loss: 0.23558608, valid acc: 0.9090, valid loss: 0.30173399, test acc: 0.9191, test loss: 0.28316562
[2026-06-25 23:47:21,785][root][INFO] - Epoch: 3 | train acc: 0.8769, train loss: 1.53747478, valid acc: 0.8778, valid loss: 0.38390913, test acc: 0.8839, test loss: 0.40813819
[2026-06-25 23:47:23,368][root][INFO] - reg loss: 5.803914430006495, entropy loss: 0.19708460625612512, leaf dev: 0.08822498470544815
[2026-06-25 23:47:23,369][root][INFO] - Val leaf stats: tensor([0.0000, 0.2852, 0.1883, 0.0028, 0.1662, 0.0513, 0.0318, 0.1602, 0.0705,
        0.0005, 0.0137, 0.0173, 0.0088, 0.0005, 0.0028, 0.0000])
[2026-06-25 23:47:24,598][root][INFO] - reg loss: 7.897185249934121, entropy loss: 0.28736158259331235, leaf dev: 0.05820779874920845
[2026-06-25 23:47:24,599][root][INFO] - Val leaf stats: tensor([0.2098, 0.0738, 0.0686, 0.0015, 0.0566, 0.0742, 0.0693, 0.0003, 0.0346,
        0.0162, 0.0657, 0.0044, 0.0878, 0.1645, 0.0713, 0.0016])
[2026-06-25 23:47:25,523][root][INFO] - Epoch: 23 | train acc: 0.9393, train loss: 0.39264746, valid acc: 0.9200, valid loss: 0.28811239, test acc: 0.9212, test loss: 0.28974919
[2026-06-25 23:47:25,559][root][INFO] - reg loss: 6.775278842674111, entropy loss: 0.2868982550670516, leaf dev: 0.07725992798805237
[2026-06-25 23:47:25,560][root][INFO] - Val leaf stats: tensor([0.0000, 0.0340, 0.1527, 0.0458, 0.0142, 0.0173, 0.1098, 0.0037, 0.0343,
        0.0143, 0.0000, 0.0017, 0.1083, 0.1853, 0.2547, 0.0238])
[2026-06-25 23:47:27,874][root][INFO] - Epoch: 23 | train acc: 0.9386, train loss: 0.55790793, valid acc: 0.9112, valid loss: 0.29257263, test acc: 0.9154, test loss: 0.28811544
[2026-06-25 23:47:29,915][root][INFO] - reg loss: 6.200639909168459, entropy loss: 0.1858217443497676, leaf dev: 0.07307504862546921
[2026-06-25 23:47:29,916][root][INFO] - Val leaf stats: tensor([0.0000, 0.0665, 0.0000, 0.0000, 0.0008, 0.0752, 0.0023, 0.1663, 0.0850,
        0.0657, 0.0890, 0.1490, 0.0000, 0.0000, 0.2453, 0.0548])
[2026-06-25 23:47:31,926][root][INFO] - reg loss: 6.39298511001299, entropy loss: 0.17501821579798213, leaf dev: 0.07064861059188843
[2026-06-25 23:47:31,927][root][INFO] - Val leaf stats: tensor([0.0247, 0.0000, 0.2335, 0.0915, 0.1997, 0.0573, 0.0025, 0.0417, 0.0362,
        0.0005, 0.0042, 0.0037, 0.1182, 0.0975, 0.0345, 0.0545])
[2026-06-25 23:47:46,135][root][INFO] - Epoch: 24 | train acc: 0.9388, train loss: 0.69354355, valid acc: 0.9172, valid loss: 0.29733041, test acc: 0.9155, test loss: 0.29892369
[2026-06-25 23:47:50,599][root][INFO] - reg loss: 5.411812157001135, entropy loss: 0.12117854442517713, leaf dev: 0.0963071882724762
[2026-06-25 23:47:50,600][root][INFO] - Val leaf stats: tensor([0.0000, 0.0000, 0.0185, 0.0000, 0.0005, 0.1930, 0.0793, 0.0007, 0.2290,
        0.0147, 0.0250, 0.1350, 0.0000, 0.0013, 0.2935, 0.0095])
[2026-06-25 23:47:51,042][root][INFO] - Epoch: 24 | train acc: 0.9274, train loss: 0.44569671, valid acc: 0.8987, valid loss: 0.34351552, test acc: 0.8983, test loss: 0.36139173
[2026-06-25 23:47:52,261][root][INFO] - Epoch: 25 | train acc: 0.9358, train loss: 0.22205100, valid acc: 0.9127, valid loss: 0.30390027, test acc: 0.9178, test loss: 0.28322319
[2026-06-25 23:47:54,779][root][INFO] - Epoch: 4 | train acc: 0.9081, train loss: 1.37516561, valid acc: 0.9034, valid loss: 0.32362763, test acc: 0.9012, test loss: 0.33902333
[2026-06-25 23:47:55,207][root][INFO] - reg loss: 5.763330081723771, entropy loss: 0.19259842021285362, leaf dev: 0.09321653842926025
[2026-06-25 23:47:55,208][root][INFO] - Val leaf stats: tensor([0.0000, 0.1132, 0.3495, 0.0143, 0.1578, 0.0530, 0.0445, 0.1482, 0.0735,
        0.0005, 0.0145, 0.0173, 0.0100, 0.0005, 0.0032, 0.0000])
[2026-06-25 23:47:55,627][root][INFO] - reg loss: 6.720645819070204, entropy loss: 0.2855288085510146, leaf dev: 0.08265066891908646
[2026-06-25 23:47:55,629][root][INFO] - Val leaf stats: tensor([0.0000, 0.0125, 0.0842, 0.0238, 0.0070, 0.0417, 0.1027, 0.0028, 0.0472,
        0.0147, 0.0000, 0.0015, 0.1205, 0.2287, 0.2718, 0.0410])
[2026-06-25 23:47:56,033][root][INFO] - Epoch: 24 | train acc: 0.9319, train loss: 0.41330637, valid acc: 0.9000, valid loss: 0.35705014, test acc: 0.9090, test loss: 0.33155439
[2026-06-25 23:47:57,944][root][INFO] - reg loss: 7.670717405894446, entropy loss: 0.2670087382276222, leaf dev: 0.060612257570028305
[2026-06-25 23:47:57,945][root][INFO] - Val leaf stats: tensor([0.2265, 0.0817, 0.0685, 0.0015, 0.0504, 0.0717, 0.0695, 0.0006, 0.0285,
        0.0200, 0.0588, 0.0022, 0.0698, 0.1555, 0.0933, 0.0015])
[2026-06-25 23:47:58,082][root][INFO] - Epoch: 24 | train acc: 0.9434, train loss: 0.54493317, valid acc: 0.9088, valid loss: 0.30082672, test acc: 0.9129, test loss: 0.31677480
[2026-06-25 23:48:00,569][root][INFO] - reg loss: 6.128215789794922, entropy loss: 0.18195855266080713, leaf dev: 0.0804678201675415
[2026-06-25 23:48:00,569][root][INFO] - Val leaf stats: tensor([0.0000, 0.0768, 0.0000, 0.0000, 0.0012, 0.0715, 0.0023, 0.1583, 0.1125,
        0.0787, 0.0037, 0.2128, 0.0000, 0.0000, 0.2400, 0.0422])
[2026-06-25 23:48:02,292][root][INFO] - reg loss: 6.290077267952685, entropy loss: 0.1729921300737363, leaf dev: 0.07641870528459549
[2026-06-25 23:48:02,293][root][INFO] - Val leaf stats: tensor([0.0255, 0.0000, 0.2297, 0.0983, 0.2512, 0.0800, 0.0042, 0.0643, 0.0280,
        0.0000, 0.0053, 0.0042, 0.0505, 0.0847, 0.0303, 0.0438])
[2026-06-25 23:48:17,961][root][INFO] - Epoch: 25 | train acc: 0.9402, train loss: 0.68103400, valid acc: 0.9242, valid loss: 0.26720200, test acc: 0.9187, test loss: 0.28094928
[2026-06-25 23:48:21,800][root][INFO] - reg loss: 5.3896095482808235, entropy loss: 0.11947548558127205, leaf dev: 0.09817814826965332
[2026-06-25 23:48:21,801][root][INFO] - Val leaf stats: tensor([0.0000, 0.0000, 0.0182, 0.0000, 0.0005, 0.1682, 0.0682, 0.0003, 0.2325,
        0.0033, 0.0240, 0.1810, 0.0000, 0.0008, 0.2938, 0.0092])
[2026-06-25 23:48:22,077][root][INFO] - Epoch: 25 | train acc: 0.9097, train loss: 0.50523661, valid acc: 0.8925, valid loss: 0.38218737, test acc: 0.8872, test loss: 0.39286221
[2026-06-25 23:48:22,165][root][INFO] - Epoch: 26 | train acc: 0.9403, train loss: 0.20566905, valid acc: 0.9153, valid loss: 0.29615477, test acc: 0.9215, test loss: 0.27478603
[2026-06-25 23:48:25,825][root][INFO] - reg loss: 5.643159897822254, entropy loss: 0.18632360154165412, leaf dev: 0.10590451955795288
[2026-06-25 23:48:25,826][root][INFO] - Val leaf stats: tensor([0.0000, 0.0123, 0.4157, 0.0218, 0.1537, 0.0632, 0.0658, 0.1342, 0.0813,
        0.0005, 0.0143, 0.0200, 0.0123, 0.0007, 0.0042, 0.0000])
[2026-06-25 23:48:26,074][root][INFO] - reg loss: 6.765308847967184, entropy loss: 0.2918403266735797, leaf dev: 0.08123639225959778
[2026-06-25 23:48:26,075][root][INFO] - Val leaf stats: tensor([1.6667e-04, 1.5000e-02, 8.9000e-02, 3.2000e-02, 2.1667e-03, 1.6167e-02,
        8.3500e-02, 2.1833e-02, 6.1833e-02, 1.6167e-02, 0.0000e+00, 1.3333e-03,
        1.2733e-01, 2.0950e-01, 2.8017e-01, 4.3833e-02])
[2026-06-25 23:48:27,182][root][INFO] - Epoch: 25 | train acc: 0.9045, train loss: 0.50113180, valid acc: 0.8930, valid loss: 0.39239615, test acc: 0.8949, test loss: 0.36595435
[2026-06-25 23:48:28,609][root][INFO] - Epoch: 25 | train acc: 0.9374, train loss: 0.56750853, valid acc: 0.9103, valid loss: 0.30561777, test acc: 0.9131, test loss: 0.32164428
[2026-06-25 23:48:29,092][root][INFO] - Epoch: 5 | train acc: 0.9197, train loss: 1.28427588, valid acc: 0.9147, valid loss: 0.29225457, test acc: 0.9097, test loss: 0.30282571
[2026-06-25 23:48:30,964][root][INFO] - reg loss: 6.05549993604984, entropy loss: 0.17879869845115914, leaf dev: 0.10372138768434525
[2026-06-25 23:48:30,964][root][INFO] - Val leaf stats: tensor([0.0005, 0.2830, 0.0000, 0.0000, 0.0622, 0.3112, 0.0028, 0.1938, 0.0498,
        0.0312, 0.0000, 0.0370, 0.0000, 0.0000, 0.0262, 0.0023])
[2026-06-25 23:48:31,831][root][INFO] - reg loss: 7.507592604904579, entropy loss: 0.2526866419132424, leaf dev: 0.0680394396185875
[2026-06-25 23:48:31,832][root][INFO] - Val leaf stats: tensor([0.2606, 0.0630, 0.0770, 0.0014, 0.0596, 0.0680, 0.0698, 0.0007, 0.0092,
        0.0062, 0.0907, 0.0055, 0.0589, 0.1543, 0.0735, 0.0016])
[2026-06-25 23:48:32,894][root][INFO] - reg loss: 6.0948795912400735, entropy loss: 0.17232150654747802, leaf dev: 0.07194921374320984
[2026-06-25 23:48:32,895][root][INFO] - Val leaf stats: tensor([0.0298, 0.0000, 0.2332, 0.1005, 0.2138, 0.0725, 0.0132, 0.1110, 0.0252,
        0.0000, 0.0053, 0.0037, 0.0442, 0.0800, 0.0327, 0.0350])
[2026-06-25 23:48:48,415][root][INFO] - Epoch: 26 | train acc: 0.9275, train loss: 0.73776830, valid acc: 0.9117, valid loss: 0.31688060, test acc: 0.9135, test loss: 0.30761813
[2026-06-25 23:48:51,140][root][INFO] - reg loss: 5.420740338991273, entropy loss: 0.1213603897617673, leaf dev: 0.10478561371564865
[2026-06-25 23:48:51,141][root][INFO] - Val leaf stats: tensor([0.0000, 0.0000, 0.0220, 0.0000, 0.0000, 0.1013, 0.0565, 0.0042, 0.3217,
        0.0102, 0.0278, 0.1550, 0.0000, 0.0008, 0.2912, 0.0093])
[2026-06-25 23:48:52,780][root][INFO] - Epoch: 26 | train acc: 0.9144, train loss: 0.47927505, valid acc: 0.9005, valid loss: 0.34944262, test acc: 0.9006, test loss: 0.35746637
[2026-06-25 23:48:53,681][root][INFO] - Epoch: 27 | train acc: 0.9413, train loss: 0.20431500, valid acc: 0.9097, valid loss: 0.30704051, test acc: 0.9186, test loss: 0.28976102
[2026-06-25 23:48:56,794][root][INFO] - reg loss: 5.582447488352938, entropy loss: 0.1789424940943718, leaf dev: 0.10532916337251663
[2026-06-25 23:48:56,795][root][INFO] - Val leaf stats: tensor([0.0000, 0.0168, 0.3927, 0.0220, 0.1927, 0.0662, 0.0152, 0.1573, 0.0812,
        0.0005, 0.0143, 0.0213, 0.0143, 0.0008, 0.0047, 0.0000])
[2026-06-25 23:48:57,318][root][INFO] - reg loss: 6.774641198932, entropy loss: 0.2944984405108218, leaf dev: 0.06825754791498184
[2026-06-25 23:48:57,319][root][INFO] - Val leaf stats: tensor([1.6667e-04, 3.0500e-02, 1.5167e-01, 5.1833e-02, 2.2167e-02, 7.1667e-03,
        1.2767e-01, 1.8000e-02, 4.6167e-02, 1.7000e-02, 0.0000e+00, 2.0000e-03,
        1.3033e-01, 1.6067e-01, 2.0633e-01, 2.8333e-02])
[2026-06-25 23:48:58,348][root][INFO] - Epoch: 26 | train acc: 0.9176, train loss: 0.46680347, valid acc: 0.9068, valid loss: 0.34139762, test acc: 0.9109, test loss: 0.33021499
[2026-06-25 23:48:59,190][root][INFO] - Epoch: 26 | train acc: 0.9440, train loss: 0.54065693, valid acc: 0.9187, valid loss: 0.28490002, test acc: 0.9225, test loss: 0.28725711
[2026-06-25 23:49:01,736][root][INFO] - Epoch: 6 | train acc: 0.9282, train loss: 1.21351948, valid acc: 0.9201, valid loss: 0.27672568, test acc: 0.9043, test loss: 0.32805069
[2026-06-25 23:49:01,903][root][INFO] - reg loss: 5.863255109427111, entropy loss: 0.1719576099290038, leaf dev: 0.10499880462884903
[2026-06-25 23:49:01,904][root][INFO] - Val leaf stats: tensor([0.0003, 0.3000, 0.0000, 0.0000, 0.0108, 0.2940, 0.0035, 0.2013, 0.0760,
        0.0135, 0.0000, 0.0530, 0.0000, 0.0000, 0.0447, 0.0028])
[2026-06-25 23:49:03,336][root][INFO] - reg loss: 6.2372779891176044, entropy loss: 0.17302778770901123, leaf dev: 0.06585682928562164
[2026-06-25 23:49:03,337][root][INFO] - Val leaf stats: tensor([0.0223, 0.0000, 0.2253, 0.0908, 0.1770, 0.0603, 0.0022, 0.0432, 0.0480,
        0.0000, 0.0085, 0.0055, 0.1127, 0.1025, 0.0363, 0.0653])
[2026-06-25 23:49:04,593][root][INFO] - reg loss: 7.29049409381927, entropy loss: 0.24096877991207064, leaf dev: 0.07133399695158005
[2026-06-25 23:49:04,594][root][INFO] - Val leaf stats: tensor([0.2715, 0.0547, 0.0988, 0.0019, 0.0376, 0.0481, 0.0696, 0.0000, 0.0109,
        0.0074, 0.0951, 0.0026, 0.0657, 0.1545, 0.0800, 0.0017])
[2026-06-25 23:49:17,884][root][INFO] - Epoch: 27 | train acc: 0.9384, train loss: 0.69273943, valid acc: 0.9170, valid loss: 0.28614794, test acc: 0.9200, test loss: 0.28189954
[2026-06-25 23:49:21,769][root][INFO] - reg loss: 5.3489408133164895, entropy loss: 0.12022700399722692, leaf dev: 0.09661488980054855
[2026-06-25 23:49:21,770][root][INFO] - Val leaf stats: tensor([0.0000, 0.0000, 0.0233, 0.0000, 0.0000, 0.1485, 0.0703, 0.0017, 0.2548,
        0.0065, 0.0297, 0.1717, 0.0000, 0.0008, 0.2820, 0.0107])
[2026-06-25 23:49:23,273][root][INFO] - Epoch: 27 | train acc: 0.9116, train loss: 0.47658754, valid acc: 0.9032, valid loss: 0.33428886, test acc: 0.9047, test loss: 0.33786157
[2026-06-25 23:49:23,965][root][INFO] - Epoch: 28 | train acc: 0.9421, train loss: 0.19791371, valid acc: 0.9212, valid loss: 0.29529723, test acc: 0.9254, test loss: 0.26707376
[2026-06-25 23:49:26,524][root][INFO] - reg loss: 5.639929303583109, entropy loss: 0.17382155991387818, leaf dev: 0.10300291329622269
[2026-06-25 23:49:26,524][root][INFO] - Val leaf stats: tensor([0.0000e+00, 2.7833e-02, 3.8067e-01, 2.0833e-02, 2.0517e-01, 6.3333e-02,
        9.1667e-03, 1.4117e-01, 9.1333e-02, 3.3333e-04, 1.3000e-02, 2.4667e-02,
        1.6167e-02, 8.3333e-04, 5.5000e-03, 0.0000e+00])
[2026-06-25 23:49:27,570][root][INFO] - reg loss: 6.596266445123924, entropy loss: 0.2928764080663897, leaf dev: 0.08051241189241409
[2026-06-25 23:49:27,571][root][INFO] - Val leaf stats: tensor([1.6667e-04, 2.4833e-02, 1.0533e-01, 3.6667e-02, 3.3333e-04, 0.0000e+00,
        8.7000e-02, 1.0000e-02, 6.5500e-02, 1.9167e-02, 0.0000e+00, 2.1667e-03,
        1.3567e-01, 2.1767e-01, 2.5933e-01, 3.6167e-02])
[2026-06-25 23:49:29,502][root][INFO] - Epoch: 27 | train acc: 0.9246, train loss: 0.43781585, valid acc: 0.8998, valid loss: 0.35324980, test acc: 0.9095, test loss: 0.31154959
[2026-06-25 23:49:29,970][root][INFO] - Epoch: 27 | train acc: 0.9472, train loss: 0.52862347, valid acc: 0.9140, valid loss: 0.29932224, test acc: 0.9189, test loss: 0.29863593
[2026-06-25 23:49:33,512][root][INFO] - reg loss: 6.322799439700145, entropy loss: 0.17347400030999813, leaf dev: 0.06551988422870636
[2026-06-25 23:49:33,513][root][INFO] - Val leaf stats: tensor([0.0150, 0.0000, 0.2195, 0.0878, 0.1645, 0.0562, 0.0017, 0.0318, 0.0515,
        0.0000, 0.0105, 0.0082, 0.1353, 0.1083, 0.0368, 0.0728])
[2026-06-25 23:49:33,653][root][INFO] - reg loss: 5.884952410212103, entropy loss: 0.1713218403593549, leaf dev: 0.08356558531522751
[2026-06-25 23:49:33,654][root][INFO] - Val leaf stats: tensor([0.0000, 0.0623, 0.0000, 0.0000, 0.0023, 0.0707, 0.0040, 0.2012, 0.1432,
        0.0527, 0.0008, 0.2233, 0.0000, 0.0000, 0.2093, 0.0302])
[2026-06-25 23:49:36,693][root][INFO] - Epoch: 7 | train acc: 0.9204, train loss: 1.18099208, valid acc: 0.9061, valid loss: 0.31849743, test acc: 0.9008, test loss: 0.35023865
[2026-06-25 23:49:39,946][root][INFO] - reg loss: 6.857264488462418, entropy loss: 0.2271986491781063, leaf dev: 0.059372760355472565
[2026-06-25 23:49:39,947][root][INFO] - Val leaf stats: tensor([0.1880, 0.1394, 0.0779, 0.0013, 0.0558, 0.0731, 0.0699, 0.0005, 0.0078,
        0.0071, 0.0977, 0.0015, 0.0600, 0.1545, 0.0637, 0.0018])
[2026-06-25 23:49:49,226][root][INFO] - Epoch: 28 | train acc: 0.9404, train loss: 0.67544291, valid acc: 0.9218, valid loss: 0.28242165, test acc: 0.9230, test loss: 0.28312612
[2026-06-25 23:49:52,745][root][INFO] - reg loss: 5.344834912498042, entropy loss: 0.11906192543090514, leaf dev: 0.09686516225337982
[2026-06-25 23:49:52,746][root][INFO] - Val leaf stats: tensor([0.0000e+00, 0.0000e+00, 2.2167e-02, 0.0000e+00, 1.6667e-04, 1.6783e-01,
        7.4500e-02, 1.1667e-03, 2.3450e-01, 6.3333e-03, 1.5500e-02, 1.7133e-01,
        0.0000e+00, 2.0000e-03, 2.9017e-01, 1.4333e-02])
[2026-06-25 23:49:54,152][root][INFO] - Epoch: 28 | train acc: 0.9231, train loss: 0.43630528, valid acc: 0.9092, valid loss: 0.32053380, test acc: 0.9090, test loss: 0.31995767
[2026-06-25 23:49:55,369][root][INFO] - Epoch: 29 | train acc: 0.9407, train loss: 0.20520969, valid acc: 0.9190, valid loss: 0.29168909, test acc: 0.9244, test loss: 0.28204351
[2026-06-25 23:49:57,653][root][INFO] - reg loss: 5.6843529512297435, entropy loss: 0.17344631493653892, leaf dev: 0.09849416464567184
[2026-06-25 23:49:57,654][root][INFO] - Val leaf stats: tensor([0.0000e+00, 3.6000e-02, 3.6750e-01, 2.0000e-02, 1.8683e-01, 6.3333e-02,
        1.3667e-02, 1.3917e-01, 1.0700e-01, 1.6667e-04, 1.3667e-02, 2.9167e-02,
        1.6333e-02, 1.0000e-03, 6.1667e-03, 0.0000e+00])
[2026-06-25 23:49:58,487][root][INFO] - reg loss: 6.546424415876281, entropy loss: 0.2924592812668602, leaf dev: 0.08163928985595703
[2026-06-25 23:49:58,488][root][INFO] - Val leaf stats: tensor([0.0010, 0.0213, 0.1093, 0.0332, 0.0000, 0.0000, 0.0765, 0.0110, 0.0720,
        0.0200, 0.0000, 0.0023, 0.1210, 0.2273, 0.2633, 0.0417])
[2026-06-25 23:50:01,037][root][INFO] - Epoch: 28 | train acc: 0.9426, train loss: 0.54246679, valid acc: 0.9128, valid loss: 0.32300233, test acc: 0.9155, test loss: 0.32719628
[2026-06-25 23:50:01,052][root][INFO] - Epoch: 28 | train acc: 0.9209, train loss: 0.43383317, valid acc: 0.9072, valid loss: 0.33555525, test acc: 0.9080, test loss: 0.32506774
[2026-06-25 23:50:04,669][root][INFO] - reg loss: 6.435609543098594, entropy loss: 0.17309791875897712, leaf dev: 0.0644664391875267
[2026-06-25 23:50:04,670][root][INFO] - Val leaf stats: tensor([0.0217, 0.0000, 0.1953, 0.0863, 0.1650, 0.0542, 0.0010, 0.0255, 0.0442,
        0.0007, 0.0135, 0.0095, 0.1607, 0.1103, 0.0830, 0.0292])
[2026-06-25 23:50:04,879][root][INFO] - reg loss: 5.8018925954710765, entropy loss: 0.16656695376589614, leaf dev: 0.08495212346315384
[2026-06-25 23:50:04,880][root][INFO] - Val leaf stats: tensor([0.0003, 0.0522, 0.0000, 0.0000, 0.0018, 0.0513, 0.0042, 0.1938, 0.1973,
        0.0382, 0.0037, 0.1755, 0.0007, 0.0000, 0.2330, 0.0480])
[2026-06-25 23:50:12,165][root][INFO] - Epoch: 8 | train acc: 0.9284, train loss: 1.08134780, valid acc: 0.9222, valid loss: 0.27531787, test acc: 0.9009, test loss: 0.34142737
[2026-06-25 23:50:15,208][root][INFO] - reg loss: 6.524710276770214, entropy loss: 0.2089238284283845, leaf dev: 0.06287690252065659
[2026-06-25 23:50:15,209][root][INFO] - Val leaf stats: tensor([0.1457, 0.1910, 0.1024, 0.0008, 0.0420, 0.0077, 0.0708, 0.0007, 0.0082,
        0.0123, 0.0894, 0.0025, 0.0925, 0.1549, 0.0775, 0.0015])
[2026-06-25 23:50:19,965][root][INFO] - Epoch: 29 | train acc: 0.9424, train loss: 0.67732955, valid acc: 0.9183, valid loss: 0.29441208, test acc: 0.9217, test loss: 0.28618017
[2026-06-25 23:50:23,344][root][INFO] - reg loss: 5.348743132825168, entropy loss: 0.12057665123973253, leaf dev: 0.09068580716848373
[2026-06-25 23:50:23,345][root][INFO] - Val leaf stats: tensor([0.0000e+00, 0.0000e+00, 3.9833e-02, 0.0000e+00, 1.6667e-04, 1.6117e-01,
        7.0500e-02, 1.0000e-03, 2.4900e-01, 6.3333e-03, 7.2333e-02, 1.1983e-01,
        0.0000e+00, 6.6667e-04, 2.6750e-01, 1.1667e-02])
[2026-06-25 23:50:25,206][root][INFO] - Epoch: 29 | train acc: 0.9244, train loss: 0.43347491, valid acc: 0.9063, valid loss: 0.32656612, test acc: 0.9079, test loss: 0.32131907
[2026-06-25 23:50:25,959][root][INFO] - Epoch: 30 | train acc: 0.9460, train loss: 0.18840447, valid acc: 0.9217, valid loss: 0.27136003, test acc: 0.9270, test loss: 0.26463263
[2026-06-25 23:50:28,586][root][INFO] - reg loss: 5.730491075875624, entropy loss: 0.17409322017206336, leaf dev: 0.10106426477432251
[2026-06-25 23:50:28,587][root][INFO] - Val leaf stats: tensor([0.0000, 0.0528, 0.3978, 0.0195, 0.1542, 0.0492, 0.0255, 0.1230, 0.1033,
        0.0000, 0.0143, 0.0320, 0.0175, 0.0015, 0.0093, 0.0000])
[2026-06-25 23:50:29,343][root][INFO] - reg loss: 6.431037826358147, entropy loss: 0.29066160040081673, leaf dev: 0.07806708663702011
[2026-06-25 23:50:29,344][root][INFO] - Val leaf stats: tensor([8.3333e-04, 2.4667e-02, 1.3667e-01, 4.0500e-02, 1.6667e-04, 1.6667e-04,
        8.5167e-02, 1.1333e-02, 5.3833e-02, 2.3333e-02, 0.0000e+00, 1.8333e-03,
        1.2617e-01, 2.0983e-01, 2.4633e-01, 3.9167e-02])
[2026-06-25 23:50:32,585][root][INFO] - Epoch: 29 | train acc: 0.9290, train loss: 0.41893046, valid acc: 0.9108, valid loss: 0.31699772, test acc: 0.9114, test loss: 0.31615800
[2026-06-25 23:50:32,636][root][INFO] - Epoch: 29 | train acc: 0.9327, train loss: 0.59655069, valid acc: 0.9118, valid loss: 0.30870869, test acc: 0.9143, test loss: 0.29920313
[2026-06-25 23:50:36,271][root][INFO] - reg loss: 6.565774454260772, entropy loss: 0.18384802453922774, leaf dev: 0.061120130121707916
[2026-06-25 23:50:36,271][root][INFO] - Val leaf stats: tensor([0.0170, 0.0000, 0.1912, 0.0792, 0.1367, 0.0478, 0.0007, 0.0228, 0.0553,
        0.0003, 0.0145, 0.0140, 0.1538, 0.1003, 0.1213, 0.0450])
[2026-06-25 23:50:36,731][root][INFO] - reg loss: 5.857592987564375, entropy loss: 0.16926753338215486, leaf dev: 0.08450500667095184
[2026-06-25 23:50:36,732][root][INFO] - Val leaf stats: tensor([1.6667e-04, 5.8500e-02, 0.0000e+00, 0.0000e+00, 2.0000e-03, 5.7000e-02,
        6.0000e-03, 1.8517e-01, 1.0900e-01, 3.2000e-02, 5.3333e-03, 2.0000e-01,
        0.0000e+00, 0.0000e+00, 2.6250e-01, 8.2333e-02])
[2026-06-25 23:50:45,213][root][INFO] - Epoch: 9 | train acc: 0.9340, train loss: 1.03787236, valid acc: 0.9235, valid loss: 0.26511265, test acc: 0.9054, test loss: 0.37788408
[2026-06-25 23:50:48,279][root][INFO] - reg loss: 6.410587212396046, entropy loss: 0.20284069743421343, leaf dev: 0.06562203168869019
[2026-06-25 23:50:48,281][root][INFO] - Val leaf stats: tensor([0.1805, 0.1868, 0.1088, 0.0009, 0.0484, 0.0038, 0.0710, 0.0034, 0.0058,
        0.0124, 0.0830, 0.0009, 0.0664, 0.1540, 0.0719, 0.0020])
[2026-06-25 23:50:49,954][root][INFO] - Epoch: 30 | train acc: 0.9402, train loss: 0.69793800, valid acc: 0.9118, valid loss: 0.31629437, test acc: 0.9130, test loss: 0.31696671
[2026-06-25 23:50:54,014][root][INFO] - reg loss: 5.396953074437268, entropy loss: 0.12348374513522634, leaf dev: 0.09039151668548584
[2026-06-25 23:50:54,015][root][INFO] - Val leaf stats: tensor([0.0000, 0.0000, 0.0483, 0.0000, 0.0003, 0.2165, 0.1047, 0.0018, 0.1962,
        0.0075, 0.0402, 0.0930, 0.0000, 0.0023, 0.2755, 0.0137])
[2026-06-25 23:50:55,326][root][INFO] - Epoch: 30 | train acc: 0.9293, train loss: 0.41774493, valid acc: 0.9068, valid loss: 0.33293098, test acc: 0.9074, test loss: 0.33541405
[2026-06-25 23:50:56,046][root][INFO] - Epoch: 31 | train acc: 0.9475, train loss: 0.18234299, valid acc: 0.9187, valid loss: 0.28959972, test acc: 0.9226, test loss: 0.27789627
[2026-06-25 23:50:58,742][root][INFO] - reg loss: 5.754765087703489, entropy loss: 0.17548044700667542, leaf dev: 0.10902915149927139
[2026-06-25 23:50:58,744][root][INFO] - Val leaf stats: tensor([0.0000, 0.0197, 0.4293, 0.0205, 0.1637, 0.0515, 0.0210, 0.1190, 0.1005,
        0.0000, 0.0140, 0.0293, 0.0188, 0.0017, 0.0110, 0.0000])
[2026-06-25 23:50:59,696][root][INFO] - reg loss: 6.480433536025713, entropy loss: 0.29318785667419434, leaf dev: 0.07554209232330322
[2026-06-25 23:50:59,697][root][INFO] - Val leaf stats: tensor([1.6667e-04, 1.6000e-02, 1.2517e-01, 4.0833e-02, 1.3333e-03, 1.8333e-03,
        1.1317e-01, 2.6000e-02, 5.3833e-02, 2.1500e-02, 1.6667e-04, 4.8333e-03,
        1.1383e-01, 2.1583e-01, 2.2983e-01, 3.5667e-02])
[2026-06-25 23:51:03,041][root][INFO] - Epoch: 30 | train acc: 0.9296, train loss: 0.60365648, valid acc: 0.9102, valid loss: 0.31197704, test acc: 0.9138, test loss: 0.30797109
[2026-06-25 23:51:05,345][root][INFO] - Epoch: 30 | train acc: 0.9355, train loss: 0.39114876, valid acc: 0.9203, valid loss: 0.28548697, test acc: 0.9198, test loss: 0.28298463
[2026-06-25 23:51:06,642][root][INFO] - reg loss: 6.501466944532575, entropy loss: 0.18039337334767827, leaf dev: 0.0779644250869751
[2026-06-25 23:51:06,644][root][INFO] - Val leaf stats: tensor([0.0083, 0.0000, 0.1598, 0.0342, 0.0667, 0.0113, 0.0000, 0.0058, 0.0732,
        0.0012, 0.0172, 0.0157, 0.2815, 0.1422, 0.1013, 0.0817])
[2026-06-25 23:51:09,177][root][INFO] - reg loss: 5.820266827097479, entropy loss: 0.16892795517759504, leaf dev: 0.08076757192611694
[2026-06-25 23:51:09,178][root][INFO] - Val leaf stats: tensor([0.0003, 0.0650, 0.0000, 0.0000, 0.0023, 0.0600, 0.0062, 0.1833, 0.1093,
        0.0448, 0.0113, 0.2062, 0.0020, 0.0000, 0.2397, 0.0695])
[2026-06-25 23:51:18,948][root][INFO] - Epoch: 10 | train acc: 0.9417, train loss: 1.00295388, valid acc: 0.9296, valid loss: 0.24350334, test acc: 0.9095, test loss: 0.37251420
[2026-06-25 23:51:20,272][root][INFO] - Epoch: 31 | train acc: 0.9395, train loss: 0.69693623, valid acc: 0.9202, valid loss: 0.28014244, test acc: 0.9232, test loss: 0.28121599
[2026-06-25 23:51:21,957][root][INFO] - reg loss: 6.4332420788114035, entropy loss: 0.19976966256502443, leaf dev: 0.06319452822208405
[2026-06-25 23:51:21,957][root][INFO] - Val leaf stats: tensor([0.1509, 0.1910, 0.1004, 0.0011, 0.0683, 0.0042, 0.0702, 0.0012, 0.0072,
        0.0154, 0.1075, 0.0020, 0.0548, 0.1544, 0.0691, 0.0023])
[2026-06-25 23:51:24,382][root][INFO] - reg loss: 5.374069794169012, entropy loss: 0.12338055452367044, leaf dev: 0.09191051870584488
[2026-06-25 23:51:24,384][root][INFO] - Val leaf stats: tensor([0.0000, 0.0000, 0.0327, 0.0000, 0.0003, 0.1880, 0.0767, 0.0023, 0.2347,
        0.0090, 0.0463, 0.1248, 0.0000, 0.0013, 0.2718, 0.0120])
[2026-06-25 23:51:24,703][root][INFO] - Epoch: 31 | train acc: 0.9261, train loss: 0.42549985, valid acc: 0.8970, valid loss: 0.34625292, test acc: 0.8999, test loss: 0.35036716
[2026-06-25 23:51:28,124][root][INFO] - reg loss: 5.649762131133169, entropy loss: 0.1697726529443039, leaf dev: 0.11109750717878342
[2026-06-25 23:51:28,125][root][INFO] - Val leaf stats: tensor([0.0000, 0.0117, 0.4180, 0.0217, 0.2232, 0.0547, 0.0090, 0.0912, 0.0983,
        0.0000, 0.0145, 0.0282, 0.0195, 0.0018, 0.0083, 0.0000])
[2026-06-25 23:51:28,245][root][INFO] - Epoch: 32 | train acc: 0.9335, train loss: 0.22477237, valid acc: 0.9010, valid loss: 0.36556200, test acc: 0.9045, test loss: 0.34725459
[2026-06-25 23:51:32,455][root][INFO] - reg loss: 5.953586497396793, entropy loss: 0.27701679490647224, leaf dev: 0.11152209341526031
[2026-06-25 23:51:32,456][root][INFO] - Val leaf stats: tensor([1.6667e-04, 1.5000e-03, 2.0000e-03, 7.3333e-03, 0.0000e+00, 0.0000e+00,
        4.3833e-02, 5.0000e-03, 1.1300e-01, 3.4000e-02, 3.3333e-04, 8.1667e-03,
        8.4500e-02, 3.0817e-01, 3.6050e-01, 3.1500e-02])
[2026-06-25 23:51:33,615][root][INFO] - Epoch: 31 | train acc: 0.9400, train loss: 0.55659422, valid acc: 0.9157, valid loss: 0.29271873, test acc: 0.9153, test loss: 0.29251175
[2026-06-25 23:51:36,576][root][INFO] - Epoch: 31 | train acc: 0.9397, train loss: 0.38298126, valid acc: 0.9178, valid loss: 0.29736733, test acc: 0.9215, test loss: 0.27332391
[2026-06-25 23:51:37,169][root][INFO] - reg loss: 6.496896932709892, entropy loss: 0.17910916569097987, leaf dev: 0.0729735866189003
[2026-06-25 23:51:37,170][root][INFO] - Val leaf stats: tensor([0.0120, 0.0000, 0.2023, 0.0265, 0.1005, 0.0273, 0.0003, 0.0132, 0.0758,
        0.0030, 0.0113, 0.0120, 0.2325, 0.1367, 0.0793, 0.0672])
[2026-06-25 23:51:40,328][root][INFO] - reg loss: 5.893172817410163, entropy loss: 0.1740985909160578, leaf dev: 0.07776493579149246
[2026-06-25 23:51:40,329][root][INFO] - Val leaf stats: tensor([1.6667e-04, 6.8167e-02, 0.0000e+00, 0.0000e+00, 2.0000e-03, 6.1667e-02,
        7.1667e-03, 1.7750e-01, 1.1350e-01, 5.0500e-02, 2.3667e-02, 2.2300e-01,
        1.9500e-02, 0.0000e+00, 2.1333e-01, 3.9833e-02])
[2026-06-25 23:51:49,978][root][INFO] - Epoch: 32 | train acc: 0.9445, train loss: 0.66742629, valid acc: 0.9230, valid loss: 0.28383963, test acc: 0.9232, test loss: 0.27825147
[2026-06-25 23:51:52,836][root][INFO] - Epoch: 11 | train acc: 0.9404, train loss: 0.98520514, valid acc: 0.9305, valid loss: 0.23911575, test acc: 0.9173, test loss: 0.36618339
[2026-06-25 23:51:53,606][root][INFO] - reg loss: 5.323752938576464, entropy loss: 0.11990419156708808, leaf dev: 0.09533463418483734
[2026-06-25 23:51:53,607][root][INFO] - Val leaf stats: tensor([0.0000, 0.0000, 0.0158, 0.0000, 0.0003, 0.1957, 0.0727, 0.0008, 0.2308,
        0.0082, 0.0262, 0.1537, 0.0000, 0.0020, 0.2777, 0.0162])
[2026-06-25 23:51:55,176][root][INFO] - Epoch: 32 | train acc: 0.9232, train loss: 0.43406296, valid acc: 0.9078, valid loss: 0.32736813, test acc: 0.9062, test loss: 0.33081554
[2026-06-25 23:51:55,826][root][INFO] - reg loss: 6.405616747639167, entropy loss: 0.19572851487568446, leaf dev: 0.06351136416196823
[2026-06-25 23:51:55,828][root][INFO] - Val leaf stats: tensor([0.1659, 0.1820, 0.0974, 0.0012, 0.0671, 0.0082, 0.0703, 0.0014, 0.0075,
        0.0134, 0.1032, 0.0029, 0.0482, 0.1588, 0.0702, 0.0023])
[2026-06-25 23:51:59,428][root][INFO] - reg loss: 5.661904429489711, entropy loss: 0.17068550820058248, leaf dev: 0.10499977320432663
[2026-06-25 23:51:59,430][root][INFO] - Val leaf stats: tensor([0.0000, 0.0135, 0.4062, 0.0210, 0.1758, 0.0690, 0.0120, 0.0980, 0.1225,
        0.0000, 0.0147, 0.0323, 0.0198, 0.0013, 0.0138, 0.0000])
[2026-06-25 23:51:59,725][root][INFO] - Epoch: 33 | train acc: 0.9318, train loss: 0.23360999, valid acc: 0.9167, valid loss: 0.30276419, test acc: 0.9176, test loss: 0.29661629
[2026-06-25 23:52:03,208][root][INFO] - reg loss: 5.6417938988163785, entropy loss: 0.26747500559069076, leaf dev: 0.09930609166622162
[2026-06-25 23:52:03,210][root][INFO] - Val leaf stats: tensor([1.6667e-04, 2.5000e-03, 6.0000e-03, 1.2667e-02, 0.0000e+00, 0.0000e+00,
        5.4333e-02, 1.0500e-02, 1.1450e-01, 3.0667e-02, 3.3333e-04, 9.1667e-03,
        1.1467e-01, 2.3867e-01, 3.4533e-01, 6.0500e-02])
[2026-06-25 23:52:05,381][root][INFO] - Epoch: 32 | train acc: 0.9442, train loss: 0.54731731, valid acc: 0.9187, valid loss: 0.28758111, test acc: 0.9236, test loss: 0.26643434
[2026-06-25 23:52:06,956][root][INFO] - Epoch: 32 | train acc: 0.9357, train loss: 0.37730527, valid acc: 0.9188, valid loss: 0.28094972, test acc: 0.9245, test loss: 0.27417079
[2026-06-25 23:52:08,941][root][INFO] - reg loss: 6.491694243449085, entropy loss: 0.18245480926531665, leaf dev: 0.05985594168305397
[2026-06-25 23:52:08,942][root][INFO] - Val leaf stats: tensor([0.0212, 0.0000, 0.2055, 0.0757, 0.1587, 0.0552, 0.0012, 0.0242, 0.0743,
        0.0020, 0.0177, 0.0312, 0.1088, 0.1212, 0.0650, 0.0383])
[2026-06-25 23:52:10,409][root][INFO] - reg loss: 5.7460451081113995, entropy loss: 0.1603639879316654, leaf dev: 0.07808955013751984
[2026-06-25 23:52:10,410][root][INFO] - Val leaf stats: tensor([1.6667e-04, 5.5667e-02, 0.0000e+00, 0.0000e+00, 1.3333e-03, 4.4333e-02,
        6.8333e-03, 1.5350e-01, 1.0383e-01, 7.0333e-02, 6.8500e-02, 2.1000e-01,
        1.6667e-04, 0.0000e+00, 2.4283e-01, 4.2500e-02])
[2026-06-25 23:52:20,410][root][INFO] - Epoch: 33 | train acc: 0.9399, train loss: 0.66058766, valid acc: 0.9233, valid loss: 0.27512293, test acc: 0.9229, test loss: 0.28160859
[2026-06-25 23:52:24,206][root][INFO] - reg loss: 5.28391042295492, entropy loss: 0.11432902395444096, leaf dev: 0.09561096131801605
[2026-06-25 23:52:24,207][root][INFO] - Val leaf stats: tensor([0.0000e+00, 0.0000e+00, 1.6667e-02, 0.0000e+00, 0.0000e+00, 1.4733e-01,
        5.3833e-02, 1.6667e-04, 2.5683e-01, 1.3167e-02, 4.8500e-02, 1.5433e-01,
        0.0000e+00, 1.8333e-03, 2.8633e-01, 2.1000e-02])
[2026-06-25 23:52:27,036][root][INFO] - Epoch: 33 | train acc: 0.9313, train loss: 0.41170012, valid acc: 0.9155, valid loss: 0.30436351, test acc: 0.9151, test loss: 0.30465391
[2026-06-25 23:52:27,066][root][INFO] - Epoch: 12 | train acc: 0.9452, train loss: 0.93997479, valid acc: 0.9315, valid loss: 0.23057571, test acc: 0.9141, test loss: 0.34226205
[2026-06-25 23:52:30,202][root][INFO] - reg loss: 6.295375478330743, entropy loss: 0.1879674212800132, leaf dev: 0.0621107779443264
[2026-06-25 23:52:30,204][root][INFO] - Val leaf stats: tensor([0.1303, 0.1981, 0.0958, 0.0014, 0.0673, 0.0045, 0.0704, 0.0016, 0.0077,
        0.0142, 0.1032, 0.0030, 0.0695, 0.1548, 0.0757, 0.0025])
[2026-06-25 23:52:30,534][root][INFO] - Epoch: 34 | train acc: 0.9380, train loss: 0.21460619, valid acc: 0.9185, valid loss: 0.29682700, test acc: 0.9202, test loss: 0.28678861
[2026-06-25 23:52:31,099][root][INFO] - reg loss: 5.680816038599554, entropy loss: 0.17294575583260013, leaf dev: 0.10032559931278229
[2026-06-25 23:52:31,100][root][INFO] - Val leaf stats: tensor([0.0000, 0.0223, 0.3868, 0.0207, 0.1752, 0.0607, 0.0150, 0.1068, 0.1212,
        0.0000, 0.0147, 0.0337, 0.0250, 0.0022, 0.0158, 0.0000])
[2026-06-25 23:52:33,969][root][INFO] - reg loss: 5.848863831106222, entropy loss: 0.2727600665024991, leaf dev: 0.08285205811262131
[2026-06-25 23:52:33,970][root][INFO] - Val leaf stats: tensor([1.6667e-04, 3.3333e-03, 1.1000e-02, 2.0167e-02, 0.0000e+00, 0.0000e+00,
        6.1333e-02, 1.5333e-02, 1.4967e-01, 6.6667e-02, 5.0000e-04, 2.1000e-02,
        1.1067e-01, 1.8283e-01, 2.8850e-01, 6.8833e-02])
[2026-06-25 23:52:36,346][root][INFO] - Epoch: 33 | train acc: 0.9489, train loss: 0.54188025, valid acc: 0.9220, valid loss: 0.28778359, test acc: 0.9231, test loss: 0.27233602
[2026-06-25 23:52:36,721][root][INFO] - Epoch: 33 | train acc: 0.9399, train loss: 0.36899668, valid acc: 0.9160, valid loss: 0.30840034, test acc: 0.9157, test loss: 0.30311607
[2026-06-25 23:52:39,589][root][INFO] - reg loss: 6.417201519012451, entropy loss: 0.1839315969988985, leaf dev: 0.06522019952535629
[2026-06-25 23:52:39,590][root][INFO] - Val leaf stats: tensor([0.0232, 0.0000, 0.2245, 0.0720, 0.1763, 0.0620, 0.0018, 0.0303, 0.1052,
        0.0003, 0.0085, 0.0128, 0.0868, 0.1045, 0.0593, 0.0323])
[2026-06-25 23:52:40,081][root][INFO] - reg loss: 5.702603011761072, entropy loss: 0.1557672512981127, leaf dev: 0.07853185385465622
[2026-06-25 23:52:40,083][root][INFO] - Val leaf stats: tensor([1.6667e-04, 5.5833e-02, 0.0000e+00, 0.0000e+00, 1.1667e-03, 4.4167e-02,
        7.0000e-03, 1.5117e-01, 2.0000e-03, 1.4550e-01, 6.3833e-02, 1.8100e-01,
        1.0500e-02, 0.0000e+00, 2.4600e-01, 9.1667e-02])
[2026-06-25 23:52:51,657][root][INFO] - Epoch: 34 | train acc: 0.9444, train loss: 0.64601063, valid acc: 0.9210, valid loss: 0.27944361, test acc: 0.9238, test loss: 0.27920042
[2026-06-25 23:52:55,832][root][INFO] - reg loss: 5.262546876691422, entropy loss: 0.1145447184032989, leaf dev: 0.09084416925907135
[2026-06-25 23:52:55,833][root][INFO] - Val leaf stats: tensor([0.0000, 0.0000, 0.0208, 0.0000, 0.0003, 0.1715, 0.0640, 0.0003, 0.2268,
        0.0083, 0.0572, 0.1707, 0.0000, 0.0015, 0.2610, 0.0175])
[2026-06-25 23:52:58,192][root][INFO] - Epoch: 34 | train acc: 0.9348, train loss: 0.39457443, valid acc: 0.9162, valid loss: 0.29859337, test acc: 0.9184, test loss: 0.29632961
[2026-06-25 23:53:00,540][root][INFO] - Epoch: 35 | train acc: 0.9368, train loss: 0.21561919, valid acc: 0.9113, valid loss: 0.31343750, test acc: 0.9129, test loss: 0.31825884
[2026-06-25 23:53:01,474][root][INFO] - Epoch: 13 | train acc: 0.9486, train loss: 0.91787142, valid acc: 0.9357, valid loss: 0.22103513, test acc: 0.9202, test loss: 0.34912300
[2026-06-25 23:53:01,691][root][INFO] - reg loss: 5.714881492110918, entropy loss: 0.1675775374444026, leaf dev: 0.09511462599039078
[2026-06-25 23:53:01,692][root][INFO] - Val leaf stats: tensor([0.0000, 0.0277, 0.3653, 0.0167, 0.1572, 0.0630, 0.0308, 0.1338, 0.1187,
        0.0000, 0.0148, 0.0320, 0.0267, 0.0027, 0.0107, 0.0000])
[2026-06-25 23:53:04,058][root][INFO] - reg loss: 6.385444555333052, entropy loss: 0.18451282918137848, leaf dev: 0.07156862318515778
[2026-06-25 23:53:04,058][root][INFO] - Val leaf stats: tensor([0.0686, 0.2643, 0.0952, 0.0017, 0.0651, 0.0052, 0.0709, 0.0019, 0.0066,
        0.0127, 0.1161, 0.0031, 0.0567, 0.1546, 0.0750, 0.0024])
[2026-06-25 23:53:04,291][root][INFO] - reg loss: 6.092940609410124, entropy loss: 0.2793676290871962, leaf dev: 0.07475488632917404
[2026-06-25 23:53:04,292][root][INFO] - Val leaf stats: tensor([0.0003, 0.0200, 0.0772, 0.0502, 0.0010, 0.0020, 0.1110, 0.0433, 0.1040,
        0.0707, 0.0012, 0.0057, 0.0233, 0.2332, 0.2272, 0.0298])
[2026-06-25 23:53:06,785][root][INFO] - Epoch: 34 | train acc: 0.9404, train loss: 0.37576865, valid acc: 0.9225, valid loss: 0.27911834, test acc: 0.9241, test loss: 0.27344844
[2026-06-25 23:53:08,765][root][INFO] - Epoch: 34 | train acc: 0.9502, train loss: 0.52939785, valid acc: 0.9243, valid loss: 0.26997683, test acc: 0.9282, test loss: 0.28682263
[2026-06-25 23:53:10,520][root][INFO] - reg loss: 5.938060283660889, entropy loss: 0.16838099666923848, leaf dev: 0.07386378943920135
[2026-06-25 23:53:10,521][root][INFO] - Val leaf stats: tensor([0.0005, 0.0618, 0.0000, 0.0000, 0.0017, 0.0482, 0.0073, 0.1523, 0.0053,
        0.1662, 0.0712, 0.1732, 0.0270, 0.0000, 0.2162, 0.0692])
[2026-06-25 23:53:12,738][root][INFO] - reg loss: 6.311904511361752, entropy loss: 0.17754919644234315, leaf dev: 0.06483948975801468
[2026-06-25 23:53:12,739][root][INFO] - Val leaf stats: tensor([0.0245, 0.0000, 0.2168, 0.0888, 0.1822, 0.0643, 0.0020, 0.0347, 0.0642,
        0.0027, 0.0073, 0.0062, 0.0810, 0.1227, 0.0660, 0.0367])
[2026-06-25 23:53:21,917][root][INFO] - Epoch: 35 | train acc: 0.9472, train loss: 0.64491573, valid acc: 0.9223, valid loss: 0.28019500, test acc: 0.9252, test loss: 0.27076579
[2026-06-25 23:53:26,233][root][INFO] - reg loss: 5.266233286767636, entropy loss: 0.1164134127913781, leaf dev: 0.09113447368144989
[2026-06-25 23:53:26,234][root][INFO] - Val leaf stats: tensor([0.0000, 0.0000, 0.0228, 0.0000, 0.0003, 0.1775, 0.0735, 0.0007, 0.2400,
        0.0058, 0.0530, 0.1480, 0.0000, 0.0020, 0.2588, 0.0175])
[2026-06-25 23:53:28,572][root][INFO] - Epoch: 35 | train acc: 0.9365, train loss: 0.38094773, valid acc: 0.9147, valid loss: 0.29346750, test acc: 0.9180, test loss: 0.29617382
[2026-06-25 23:53:30,123][root][INFO] - Epoch: 36 | train acc: 0.9408, train loss: 0.20155742, valid acc: 0.9175, valid loss: 0.28840998, test acc: 0.9204, test loss: 0.28202595
[2026-06-25 23:53:31,928][root][INFO] - reg loss: 5.7099833758372185, entropy loss: 0.15964582211004114, leaf dev: 0.09280898422002792
[2026-06-25 23:53:31,929][root][INFO] - Val leaf stats: tensor([0.0000, 0.0337, 0.3567, 0.0162, 0.1582, 0.0625, 0.0297, 0.1280, 0.1187,
        0.0000, 0.0087, 0.0405, 0.0302, 0.0033, 0.0138, 0.0000])
[2026-06-25 23:53:33,751][root][INFO] - reg loss: 6.23191648159387, entropy loss: 0.2749598557656666, leaf dev: 0.0746137723326683
[2026-06-25 23:53:33,752][root][INFO] - Val leaf stats: tensor([0.0000, 0.0055, 0.0742, 0.0523, 0.0007, 0.0010, 0.0960, 0.0298, 0.1078,
        0.0782, 0.0010, 0.0072, 0.0545, 0.2133, 0.2455, 0.0330])
[2026-06-25 23:53:35,386][root][INFO] - Epoch: 14 | train acc: 0.9504, train loss: 0.89205180, valid acc: 0.9371, valid loss: 0.22603142, test acc: 0.9154, test loss: 0.34934705
[2026-06-25 23:53:36,775][root][INFO] - Epoch: 35 | train acc: 0.9420, train loss: 0.37386578, valid acc: 0.9095, valid loss: 0.31843506, test acc: 0.9188, test loss: 0.28170240
[2026-06-25 23:53:38,318][root][INFO] - reg loss: 6.198681735487842, entropy loss: 0.17926347515885793, leaf dev: 0.07142077386379242
[2026-06-25 23:53:38,319][root][INFO] - Val leaf stats: tensor([0.0795, 0.2606, 0.1115, 0.0018, 0.0416, 0.0053, 0.0707, 0.0018, 0.0079,
        0.0129, 0.1082, 0.0027, 0.0615, 0.1546, 0.0770, 0.0023])
[2026-06-25 23:53:40,399][root][INFO] - reg loss: 5.853941670003927, entropy loss: 0.16909174115028022, leaf dev: 0.08017966151237488
[2026-06-25 23:53:40,401][root][INFO] - Val leaf stats: tensor([3.3333e-04, 6.6000e-02, 0.0000e+00, 0.0000e+00, 6.6667e-04, 4.6833e-02,
        8.0000e-03, 1.6383e-01, 3.3833e-02, 2.3733e-01, 6.1667e-02, 1.1800e-01,
        1.6667e-04, 0.0000e+00, 2.2000e-01, 4.3333e-02])
[2026-06-25 23:53:40,630][root][INFO] - Epoch: 35 | train acc: 0.9513, train loss: 0.52878205, valid acc: 0.9300, valid loss: 0.26778052, test acc: 0.9268, test loss: 0.28022496
[2026-06-25 23:53:44,772][root][INFO] - reg loss: 6.349742601502617, entropy loss: 0.18105006906783805, leaf dev: 0.063323013484478
[2026-06-25 23:53:44,773][root][INFO] - Val leaf stats: tensor([0.0217, 0.0062, 0.2130, 0.0855, 0.1787, 0.0595, 0.0022, 0.0335, 0.0588,
        0.0003, 0.0130, 0.0098, 0.0985, 0.1178, 0.0650, 0.0365])
[2026-06-25 23:53:52,989][root][INFO] - Epoch: 36 | train acc: 0.9495, train loss: 0.62795839, valid acc: 0.9237, valid loss: 0.26327071, test acc: 0.9285, test loss: 0.26252725
[2026-06-25 23:53:57,108][root][INFO] - reg loss: 5.243602437793084, entropy loss: 0.11447504408798127, leaf dev: 0.09015174210071564
[2026-06-25 23:53:57,109][root][INFO] - Val leaf stats: tensor([0.0000, 0.0000, 0.0297, 0.0000, 0.0003, 0.1787, 0.0745, 0.0008, 0.2305,
        0.0075, 0.0462, 0.1503, 0.0000, 0.0022, 0.2603, 0.0190])
[2026-06-25 23:53:58,603][root][INFO] - Epoch: 36 | train acc: 0.9359, train loss: 0.37141224, valid acc: 0.9193, valid loss: 0.28060952, test acc: 0.9192, test loss: 0.29803077
[2026-06-25 23:54:01,137][root][INFO] - Epoch: 37 | train acc: 0.9444, train loss: 0.18711003, valid acc: 0.9257, valid loss: 0.27526452, test acc: 0.9264, test loss: 0.26871305
[2026-06-25 23:54:02,426][root][INFO] - reg loss: 5.712669291586246, entropy loss: 0.15010495258952086, leaf dev: 0.09345962107181549
[2026-06-25 23:54:02,428][root][INFO] - Val leaf stats: tensor([0.0000e+00, 3.8500e-02, 3.4483e-01, 1.6500e-02, 1.6667e-01, 6.3333e-02,
        3.0333e-02, 1.3817e-01, 1.3800e-01, 0.0000e+00, 1.0167e-02, 4.2333e-02,
        1.0833e-02, 0.0000e+00, 3.3333e-04, 0.0000e+00])
[2026-06-25 23:54:05,089][root][INFO] - reg loss: 6.1170443543848005, entropy loss: 0.2787687466391977, leaf dev: 0.07785239815711975
[2026-06-25 23:54:05,090][root][INFO] - Val leaf stats: tensor([0.0003, 0.0058, 0.0583, 0.0558, 0.0003, 0.0003, 0.0823, 0.0225, 0.1230,
        0.0488, 0.0008, 0.0073, 0.0737, 0.2197, 0.2578, 0.0430])
[2026-06-25 23:54:07,269][root][INFO] - Epoch: 36 | train acc: 0.9452, train loss: 0.36431050, valid acc: 0.9208, valid loss: 0.27916738, test acc: 0.9249, test loss: 0.27137138
[2026-06-25 23:54:09,009][root][INFO] - Epoch: 15 | train acc: 0.9485, train loss: 0.85938534, valid acc: 0.9363, valid loss: 0.22847413, test acc: 0.9148, test loss: 0.33985867
[2026-06-25 23:54:11,217][root][INFO] - Epoch: 36 | train acc: 0.9542, train loss: 0.52303474, valid acc: 0.9268, valid loss: 0.27213827, test acc: 0.9268, test loss: 0.27112624
[2026-06-25 23:54:11,625][root][INFO] - reg loss: 5.810905317090592, entropy loss: 0.16993677573946286, leaf dev: 0.07325690239667892
[2026-06-25 23:54:11,626][root][INFO] - Val leaf stats: tensor([1.6667e-04, 6.1500e-02, 0.0000e+00, 0.0000e+00, 5.0000e-04, 3.4000e-02,
        8.6667e-03, 1.6600e-01, 6.5667e-02, 1.2817e-01, 5.4500e-02, 1.4833e-01,
        1.0000e-02, 0.0000e+00, 2.4067e-01, 8.1833e-02])
[2026-06-25 23:54:12,068][root][INFO] - reg loss: 6.005010193617887, entropy loss: 0.16945714341900336, leaf dev: 0.07341808080673218
[2026-06-25 23:54:12,069][root][INFO] - Val leaf stats: tensor([0.0805, 0.2739, 0.0936, 0.0021, 0.0481, 0.0055, 0.0699, 0.0023, 0.0064,
        0.0032, 0.1053, 0.0065, 0.0650, 0.1549, 0.0801, 0.0026])
[2026-06-25 23:54:14,863][root][INFO] - reg loss: 6.3629717197058335, entropy loss: 0.18202350007475548, leaf dev: 0.06128065288066864
[2026-06-25 23:54:14,864][root][INFO] - Val leaf stats: tensor([0.0187, 0.0042, 0.2027, 0.0878, 0.1617, 0.0570, 0.0072, 0.0223, 0.0633,
        0.0018, 0.0133, 0.0103, 0.0950, 0.1400, 0.0683, 0.0463])
[2026-06-25 23:54:24,672][root][INFO] - Epoch: 37 | train acc: 0.9505, train loss: 0.63621672, valid acc: 0.9245, valid loss: 0.26885663, test acc: 0.9271, test loss: 0.26909245
[2026-06-25 23:54:28,207][root][INFO] - reg loss: 5.26835844651708, entropy loss: 0.11713817561010145, leaf dev: 0.08894673734903336
[2026-06-25 23:54:28,208][root][INFO] - Val leaf stats: tensor([0.0000, 0.0000, 0.0325, 0.0000, 0.0003, 0.1880, 0.0793, 0.0008, 0.2170,
        0.0067, 0.0553, 0.1368, 0.0000, 0.0028, 0.2632, 0.0172])
[2026-06-25 23:54:30,219][root][INFO] - Epoch: 37 | train acc: 0.9370, train loss: 0.36114304, valid acc: 0.9203, valid loss: 0.27817545, test acc: 0.9202, test loss: 0.29043570
[2026-06-25 23:54:31,533][root][INFO] - Epoch: 38 | train acc: 0.9453, train loss: 0.18736469, valid acc: 0.9167, valid loss: 0.29280849, test acc: 0.9234, test loss: 0.27792811
[2026-06-25 23:54:34,083][root][INFO] - reg loss: 5.643919836800054, entropy loss: 0.1456111807305858, leaf dev: 0.09054426103830338
[2026-06-25 23:54:34,086][root][INFO] - Val leaf stats: tensor([0.0000e+00, 5.1833e-02, 3.2950e-01, 1.5833e-02, 1.8083e-01, 7.1333e-02,
        2.6667e-02, 1.3967e-01, 1.1900e-01, 0.0000e+00, 1.1000e-02, 3.7833e-02,
        1.5667e-02, 1.6667e-04, 6.6667e-04, 0.0000e+00])
[2026-06-25 23:54:35,115][root][INFO] - reg loss: 6.001708682977928, entropy loss: 0.27286385674521607, leaf dev: 0.08060011267662048
[2026-06-25 23:54:35,116][root][INFO] - Val leaf stats: tensor([0.0003, 0.0080, 0.0708, 0.0665, 0.0005, 0.0007, 0.0902, 0.0275, 0.1113,
        0.0507, 0.0005, 0.0055, 0.0780, 0.2113, 0.2753, 0.0028])
[2026-06-25 23:54:39,343][root][INFO] - Epoch: 37 | train acc: 0.9474, train loss: 0.35473578, valid acc: 0.9248, valid loss: 0.26611067, test acc: 0.9310, test loss: 0.25627333
[2026-06-25 23:54:41,751][root][INFO] - Epoch: 37 | train acc: 0.9521, train loss: 0.54648928, valid acc: 0.9208, valid loss: 0.32795125, test acc: 0.9241, test loss: 0.31188151
[2026-06-25 23:54:42,570][root][INFO] - reg loss: 5.890123317826469, entropy loss: 0.17550958946066084, leaf dev: 0.07177441567182541
[2026-06-25 23:54:42,571][root][INFO] - Val leaf stats: tensor([1.6667e-04, 5.9667e-02, 1.6667e-04, 0.0000e+00, 5.0000e-04, 3.7833e-02,
        1.1500e-02, 1.5550e-01, 7.1333e-02, 1.0333e-01, 7.8833e-02, 1.7883e-01,
        7.5000e-03, 0.0000e+00, 2.2800e-01, 6.6833e-02])
[2026-06-25 23:54:43,017][root][INFO] - Epoch: 16 | train acc: 0.9472, train loss: 0.84841966, valid acc: 0.9238, valid loss: 0.26170290, test acc: 0.8956, test loss: 0.43304037
[2026-06-25 23:54:45,685][root][INFO] - reg loss: 6.0655331737780696, entropy loss: 0.16629141947579762, leaf dev: 0.0746438279747963
[2026-06-25 23:54:45,686][root][INFO] - Val leaf stats: tensor([0.0853, 0.2796, 0.1079, 0.0016, 0.0394, 0.0032, 0.0658, 0.0008, 0.0079,
        0.0036, 0.0899, 0.0126, 0.0588, 0.1547, 0.0859, 0.0029])
[2026-06-25 23:54:45,717][root][INFO] - reg loss: 6.389919281005859, entropy loss: 0.18839113428345267, leaf dev: 0.06102670729160309
[2026-06-25 23:54:45,718][root][INFO] - Val leaf stats: tensor([0.0287, 0.0058, 0.2013, 0.0870, 0.1642, 0.0593, 0.0075, 0.0233, 0.0695,
        0.0018, 0.0162, 0.0143, 0.1528, 0.0570, 0.0667, 0.0445])
[2026-06-25 23:54:56,362][root][INFO] - Epoch: 38 | train acc: 0.9496, train loss: 0.63543386, valid acc: 0.9193, valid loss: 0.28449530, test acc: 0.9194, test loss: 0.28868531
[2026-06-25 23:55:00,219][root][INFO] - Epoch: 38 | train acc: 0.9398, train loss: 0.35516338, valid acc: 0.9208, valid loss: 0.27888752, test acc: 0.9214, test loss: 0.28496760
[2026-06-25 23:55:00,521][root][INFO] - reg loss: 5.262846177479006, entropy loss: 0.11554525637964033, leaf dev: 0.09376880526542664
[2026-06-25 23:55:00,522][root][INFO] - Val leaf stats: tensor([0.0000e+00, 0.0000e+00, 2.3667e-02, 0.0000e+00, 1.6667e-04, 1.5050e-01,
        5.7833e-02, 0.0000e+00, 2.2800e-01, 8.3333e-03, 5.0833e-02, 1.4833e-01,
        0.0000e+00, 5.8333e-03, 3.0083e-01, 2.5667e-02])
[2026-06-25 23:55:02,052][root][INFO] - Epoch: 39 | train acc: 0.9471, train loss: 0.18125484, valid acc: 0.9207, valid loss: 0.27784703, test acc: 0.9248, test loss: 0.26141246
[2026-06-25 23:55:03,764][root][INFO] - reg loss: 5.632286197734329, entropy loss: 0.14760089426670434, leaf dev: 0.087279312312603
[2026-06-25 23:55:03,765][root][INFO] - Val leaf stats: tensor([0.0000, 0.0620, 0.3220, 0.0142, 0.1410, 0.0662, 0.0500, 0.1588, 0.1248,
        0.0000, 0.0085, 0.0325, 0.0183, 0.0010, 0.0007, 0.0000])
[2026-06-25 23:55:05,946][root][INFO] - reg loss: 6.066527991924646, entropy loss: 0.27305229036313183, leaf dev: 0.07534252107143402
[2026-06-25 23:55:05,947][root][INFO] - Val leaf stats: tensor([0.0007, 0.0173, 0.0683, 0.0665, 0.0007, 0.0008, 0.0913, 0.0272, 0.1148,
        0.0597, 0.0005, 0.0108, 0.0722, 0.2000, 0.2588, 0.0103])
[2026-06-25 23:55:09,568][root][INFO] - Epoch: 38 | train acc: 0.9511, train loss: 0.33860020, valid acc: 0.9253, valid loss: 0.26957826, test acc: 0.9307, test loss: 0.24911932
[2026-06-25 23:55:11,555][root][INFO] - Epoch: 38 | train acc: 0.9439, train loss: 0.54037323, valid acc: 0.9057, valid loss: 0.32853215, test acc: 0.9024, test loss: 0.36254206
[2026-06-25 23:55:12,964][root][INFO] - reg loss: 5.8355726970816555, entropy loss: 0.16846979901475725, leaf dev: 0.07137156277894974
[2026-06-25 23:55:12,965][root][INFO] - Val leaf stats: tensor([0.0000, 0.0677, 0.0010, 0.0000, 0.0008, 0.0400, 0.0132, 0.1500, 0.0728,
        0.1023, 0.0845, 0.1695, 0.0010, 0.0000, 0.2330, 0.0642])
[2026-06-25 23:55:15,601][root][INFO] - reg loss: 6.095389905965553, entropy loss: 0.17130785055880277, leaf dev: 0.08433779329061508
[2026-06-25 23:55:15,602][root][INFO] - Val leaf stats: tensor([0.0398, 0.0000, 0.2475, 0.0852, 0.2878, 0.0643, 0.0242, 0.0692, 0.0157,
        0.0030, 0.0123, 0.0040, 0.0350, 0.0500, 0.0493, 0.0127])
[2026-06-25 23:55:17,074][root][INFO] - Epoch: 17 | train acc: 0.9454, train loss: 0.81546231, valid acc: 0.9358, valid loss: 0.22756797, test acc: 0.9136, test loss: 0.38179967
[2026-06-25 23:55:20,343][root][INFO] - reg loss: 5.878347770246879, entropy loss: 0.15666953084014712, leaf dev: 0.06840933859348297
[2026-06-25 23:55:20,344][root][INFO] - Val leaf stats: tensor([0.0968, 0.2545, 0.0870, 0.0027, 0.0513, 0.0096, 0.0702, 0.0025, 0.0082,
        0.0059, 0.0782, 0.0178, 0.0689, 0.1547, 0.0900, 0.0016])
[2026-06-25 23:55:26,539][root][INFO] - Epoch: 39 | train acc: 0.9517, train loss: 0.65014971, valid acc: 0.9255, valid loss: 0.27623313, test acc: 0.9278, test loss: 0.25951291
[2026-06-25 23:55:30,489][root][INFO] - reg loss: 5.253785394272715, entropy loss: 0.12013840344998072, leaf dev: 0.09078925102949142
[2026-06-25 23:55:30,490][root][INFO] - Val leaf stats: tensor([0.0000, 0.0000, 0.0262, 0.0000, 0.0003, 0.1775, 0.0702, 0.0005, 0.2390,
        0.0120, 0.0485, 0.1278, 0.0000, 0.0103, 0.2695, 0.0182])
[2026-06-25 23:55:30,593][root][INFO] - Epoch: 39 | train acc: 0.9410, train loss: 0.35032881, valid acc: 0.9203, valid loss: 0.27853870, test acc: 0.9205, test loss: 0.29110896
[2026-06-25 23:55:32,144][root][INFO] - Epoch: 40 | train acc: 0.9510, train loss: 0.16842233, valid acc: 0.9192, valid loss: 0.28461153, test acc: 0.9276, test loss: 0.26427608
[2026-06-25 23:55:34,282][root][INFO] - reg loss: 5.653889071266606, entropy loss: 0.14819694422888305, leaf dev: 0.08754917979240417
[2026-06-25 23:55:34,283][root][INFO] - Val leaf stats: tensor([0.0000, 0.0683, 0.3102, 0.0138, 0.1520, 0.0740, 0.0518, 0.1417, 0.1570,
        0.0000, 0.0020, 0.0103, 0.0177, 0.0007, 0.0005, 0.0000])
[2026-06-25 23:55:35,246][root][INFO] - reg loss: 6.14869963897849, entropy loss: 0.27447615957485055, leaf dev: 0.07102865725755692
[2026-06-25 23:55:35,247][root][INFO] - Val leaf stats: tensor([0.0000, 0.0168, 0.0515, 0.0522, 0.0017, 0.0025, 0.1037, 0.0393, 0.1138,
        0.0630, 0.0007, 0.0127, 0.0767, 0.1983, 0.2390, 0.0282])
[2026-06-25 23:55:39,921][root][INFO] - Epoch: 39 | train acc: 0.9532, train loss: 0.33397456, valid acc: 0.9250, valid loss: 0.27234504, test acc: 0.9306, test loss: 0.24944047
[2026-06-25 23:55:42,097][root][INFO] - Epoch: 39 | train acc: 0.9367, train loss: 0.52900432, valid acc: 0.9093, valid loss: 0.31446328, test acc: 0.9122, test loss: 0.32621091
[2026-06-25 23:55:43,798][root][INFO] - reg loss: 5.836767412581533, entropy loss: 0.17067839936265405, leaf dev: 0.06761607527732849
[2026-06-25 23:55:43,799][root][INFO] - Val leaf stats: tensor([1.6667e-04, 6.5000e-02, 1.1667e-03, 0.0000e+00, 1.0000e-03, 4.2833e-02,
        1.3500e-02, 1.5117e-01, 1.4033e-01, 4.9500e-02, 9.5667e-02, 1.5167e-01,
        2.3333e-02, 0.0000e+00, 2.1017e-01, 5.4500e-02])
[2026-06-25 23:55:46,581][root][INFO] - reg loss: 5.453301065372971, entropy loss: 0.155373455921434, leaf dev: 0.08117163181304932
[2026-06-25 23:55:46,582][root][INFO] - Val leaf stats: tensor([0.0300, 0.0000, 0.2042, 0.0788, 0.3008, 0.0672, 0.0285, 0.0822, 0.0102,
        0.0018, 0.0093, 0.0033, 0.0383, 0.0622, 0.0635, 0.0197])
[2026-06-25 23:55:50,337][root][INFO] - Epoch: 18 | train acc: 0.9518, train loss: 0.79665490, valid acc: 0.9401, valid loss: 0.21350363, test acc: 0.9182, test loss: 0.40287763
[2026-06-25 23:55:53,122][root][INFO] - reg loss: 5.924263875951212, entropy loss: 0.15707045549122745, leaf dev: 0.07211354374885559
[2026-06-25 23:55:53,124][root][INFO] - Val leaf stats: tensor([0.0651, 0.2761, 0.0948, 0.0025, 0.0547, 0.0120, 0.0705, 0.0031, 0.0094,
        0.0062, 0.0714, 0.0134, 0.0790, 0.1548, 0.0853, 0.0016])
[2026-06-25 23:55:56,721][root][INFO] - Epoch: 40 | train acc: 0.9540, train loss: 0.63645337, valid acc: 0.9283, valid loss: 0.26351580, test acc: 0.9276, test loss: 0.26116425
[2026-06-25 23:56:00,714][root][INFO] - reg loss: 5.253512058617933, entropy loss: 0.119671798891054, leaf dev: 0.08946865797042847
[2026-06-25 23:56:00,715][root][INFO] - Val leaf stats: tensor([0.0000, 0.0000, 0.0247, 0.0000, 0.0003, 0.1773, 0.0688, 0.0003, 0.2213,
        0.0080, 0.0513, 0.1547, 0.0000, 0.0098, 0.2640, 0.0193])
[2026-06-25 23:56:01,162][root][INFO] - Epoch: 40 | train acc: 0.9401, train loss: 0.34612206, valid acc: 0.9215, valid loss: 0.28164491, test acc: 0.9199, test loss: 0.29395746
[2026-06-25 23:56:01,989][root][INFO] - Epoch: 41 | train acc: 0.9318, train loss: 0.23370849, valid acc: 0.9043, valid loss: 0.34336507, test acc: 0.9027, test loss: 0.34146934
[2026-06-25 23:56:04,999][root][INFO] - reg loss: 5.540218222816035, entropy loss: 0.14169851507780687, leaf dev: 0.08893968164920807
[2026-06-25 23:56:05,000][root][INFO] - Val leaf stats: tensor([0.0000, 0.0755, 0.3037, 0.0135, 0.1982, 0.0780, 0.0318, 0.1308, 0.1383,
        0.0000, 0.0015, 0.0082, 0.0192, 0.0007, 0.0007, 0.0000])
[2026-06-25 23:56:05,540][root][INFO] - reg loss: 6.000646307783307, entropy loss: 0.2590980848894929, leaf dev: 0.07709945738315582
[2026-06-25 23:56:05,541][root][INFO] - Val leaf stats: tensor([0.0000, 0.0168, 0.0780, 0.0610, 0.0032, 0.0092, 0.1623, 0.0602, 0.0347,
        0.0053, 0.0000, 0.0025, 0.1045, 0.2380, 0.2058, 0.0185])
[2026-06-25 23:56:10,162][root][INFO] - Epoch: 40 | train acc: 0.9520, train loss: 0.32821785, valid acc: 0.9257, valid loss: 0.26352498, test acc: 0.9282, test loss: 0.25730371
[2026-06-25 23:56:13,494][root][INFO] - Epoch: 40 | train acc: 0.9412, train loss: 0.51927327, valid acc: 0.9125, valid loss: 0.30641409, test acc: 0.9157, test loss: 0.31126293
[2026-06-25 23:56:13,982][root][INFO] - reg loss: 5.739111284040055, entropy loss: 0.1593715375605619, leaf dev: 0.07234068214893341
[2026-06-25 23:56:13,983][root][INFO] - Val leaf stats: tensor([1.6667e-04, 6.2833e-02, 1.6667e-03, 0.0000e+00, 1.5000e-03, 4.7333e-02,
        1.3333e-02, 1.4833e-01, 1.4017e-01, 3.8667e-02, 9.7333e-02, 1.4900e-01,
        0.0000e+00, 0.0000e+00, 2.3617e-01, 6.3500e-02])
[2026-06-25 23:56:17,838][root][INFO] - reg loss: 5.526238895812124, entropy loss: 0.15862681576103535, leaf dev: 0.07633507996797562
[2026-06-25 23:56:17,839][root][INFO] - Val leaf stats: tensor([0.0372, 0.0000, 0.2483, 0.0697, 0.2433, 0.0818, 0.0210, 0.0652, 0.0152,
        0.0022, 0.0112, 0.0047, 0.0430, 0.0662, 0.0635, 0.0277])
[2026-06-25 23:56:24,883][root][INFO] - Epoch: 19 | train acc: 0.9555, train loss: 0.77971408, valid acc: 0.9414, valid loss: 0.20716382, test acc: 0.9160, test loss: 0.38729355
[2026-06-25 23:56:27,798][root][INFO] - reg loss: 5.829315644723398, entropy loss: 0.155860693839492, leaf dev: 0.0621553473174572
[2026-06-25 23:56:27,799][root][INFO] - Val leaf stats: tensor([0.1480, 0.1959, 0.0962, 0.0029, 0.0489, 0.0061, 0.0707, 0.0034, 0.0119,
        0.0094, 0.0727, 0.0115, 0.0789, 0.1548, 0.0871, 0.0015])
[2026-06-25 23:56:28,025][root][INFO] - Epoch: 41 | train acc: 0.9369, train loss: 0.71856267, valid acc: 0.9180, valid loss: 0.31340656, test acc: 0.9208, test loss: 0.29619485
[2026-06-25 23:56:31,629][root][INFO] - reg loss: 5.361553129160179, entropy loss: 0.12512552801449345, leaf dev: 0.08632466942071915
[2026-06-25 23:56:31,630][root][INFO] - Val leaf stats: tensor([0.0000e+00, 0.0000e+00, 3.0167e-02, 0.0000e+00, 1.6667e-04, 1.8683e-01,
        8.2333e-02, 5.0000e-04, 1.8267e-01, 7.0000e-03, 3.4833e-02, 1.1300e-01,
        0.0000e+00, 4.7167e-02, 2.8483e-01, 3.0500e-02])
[2026-06-25 23:56:31,797][root][INFO] - Epoch: 42 | train acc: 0.9358, train loss: 0.21853516, valid acc: 0.9103, valid loss: 0.30847454, test acc: 0.9146, test loss: 0.29754941
[2026-06-25 23:56:32,651][root][INFO] - Epoch: 41 | train acc: 0.9405, train loss: 0.34401093, valid acc: 0.9230, valid loss: 0.27194240, test acc: 0.9204, test loss: 0.29005265
[2026-06-25 23:56:35,278][root][INFO] - reg loss: 5.815604655247815, entropy loss: 0.24889541796918185, leaf dev: 0.0823884904384613
[2026-06-25 23:56:35,279][root][INFO] - Val leaf stats: tensor([0.0000, 0.0132, 0.0720, 0.0750, 0.0017, 0.0042, 0.1298, 0.0182, 0.0495,
        0.0097, 0.0000, 0.0048, 0.0998, 0.2528, 0.2428, 0.0265])
[2026-06-25 23:56:35,946][root][INFO] - reg loss: 5.5747381516222685, entropy loss: 0.14127472352306797, leaf dev: 0.08744869381189346
[2026-06-25 23:56:35,947][root][INFO] - Val leaf stats: tensor([0.0000, 0.0833, 0.3012, 0.0133, 0.1805, 0.0663, 0.0378, 0.1255, 0.1570,
        0.0000, 0.0020, 0.0100, 0.0217, 0.0010, 0.0003, 0.0000])
[2026-06-25 23:56:40,233][root][INFO] - Epoch: 41 | train acc: 0.9494, train loss: 0.32678804, valid acc: 0.8917, valid loss: 0.36697265, test acc: 0.8946, test loss: 0.36157725
[2026-06-25 23:56:43,662][root][INFO] - reg loss: 5.592707876889211, entropy loss: 0.1463692958624858, leaf dev: 0.08409677445888519
[2026-06-25 23:56:43,663][root][INFO] - Val leaf stats: tensor([6.6667e-04, 7.9000e-02, 2.3333e-03, 0.0000e+00, 1.3333e-03, 6.1000e-02,
        1.4000e-02, 1.5900e-01, 1.6667e-04, 6.3333e-03, 1.5083e-01, 1.9383e-01,
        0.0000e+00, 0.0000e+00, 2.6017e-01, 7.1333e-02])
[2026-06-25 23:56:44,490][root][INFO] - Epoch: 41 | train acc: 0.9432, train loss: 0.50072557, valid acc: 0.9167, valid loss: 0.31233825, test acc: 0.9210, test loss: 0.31077261
[2026-06-25 23:56:48,926][root][INFO] - reg loss: 5.488892352805947, entropy loss: 0.15306338133676997, leaf dev: 0.07554057240486145
[2026-06-25 23:56:48,927][root][INFO] - Val leaf stats: tensor([0.0380, 0.0000, 0.2395, 0.0840, 0.2492, 0.0740, 0.0307, 0.0488, 0.0162,
        0.0022, 0.0127, 0.0057, 0.0425, 0.0668, 0.0620, 0.0278])
[2026-06-25 23:56:58,675][root][INFO] - Epoch: 42 | train acc: 0.9495, train loss: 0.67666399, valid acc: 0.9240, valid loss: 0.28954827, test acc: 0.9265, test loss: 0.28081010
[2026-06-25 23:56:59,059][root][INFO] - Epoch: 20 | train acc: 0.9533, train loss: 0.80262468, valid acc: 0.9425, valid loss: 0.20543382, test acc: 0.9203, test loss: 0.38436754
[2026-06-25 23:57:02,387][root][INFO] - reg loss: 5.958070111653162, entropy loss: 0.15965186035822307, leaf dev: 0.05592149868607521
[2026-06-25 23:57:02,389][root][INFO] - Val leaf stats: tensor([0.1072, 0.1966, 0.0735, 0.0060, 0.0680, 0.0531, 0.0702, 0.0040, 0.0180,
        0.0102, 0.0784, 0.0132, 0.0645, 0.1547, 0.0812, 0.0012])
[2026-06-25 23:57:02,764][root][INFO] - reg loss: 5.309831358351797, entropy loss: 0.12587460629501432, leaf dev: 0.0881684422492981
[2026-06-25 23:57:02,765][root][INFO] - Val leaf stats: tensor([0.0000, 0.0000, 0.0240, 0.0000, 0.0003, 0.1805, 0.0697, 0.0005, 0.2027,
        0.0083, 0.0373, 0.1353, 0.0000, 0.0355, 0.2798, 0.0260])
[2026-06-25 23:57:03,521][root][INFO] - Epoch: 42 | train acc: 0.9398, train loss: 0.34526134, valid acc: 0.9228, valid loss: 0.28503068, test acc: 0.9208, test loss: 0.29003501
[2026-06-25 23:57:03,690][root][INFO] - Epoch: 43 | train acc: 0.9429, train loss: 0.19349801, valid acc: 0.9158, valid loss: 0.30548463, test acc: 0.9173, test loss: 0.29165213
[2026-06-25 23:57:06,971][root][INFO] - reg loss: 5.340347523959178, entropy loss: 0.13748889219648433, leaf dev: 0.08721745759248734
[2026-06-25 23:57:06,972][root][INFO] - Val leaf stats: tensor([0.0000, 0.1260, 0.2717, 0.0130, 0.1727, 0.0753, 0.0615, 0.2103, 0.0565,
        0.0000, 0.0022, 0.0025, 0.0062, 0.0017, 0.0005, 0.0000])
[2026-06-25 23:57:07,109][root][INFO] - reg loss: 5.8407338115404235, entropy loss: 0.25368613862204104, leaf dev: 0.0790848359465599
[2026-06-25 23:57:07,110][root][INFO] - Val leaf stats: tensor([0.0000, 0.0180, 0.0728, 0.0863, 0.0027, 0.0053, 0.1212, 0.0185, 0.0515,
        0.0090, 0.0000, 0.0053, 0.1003, 0.2452, 0.2330, 0.0308])
[2026-06-25 23:57:10,138][root][INFO] - Epoch: 42 | train acc: 0.9334, train loss: 0.38354386, valid acc: 0.9088, valid loss: 0.31926444, test acc: 0.9157, test loss: 0.29923070
[2026-06-25 23:57:14,060][root][INFO] - reg loss: 5.634940561258568, entropy loss: 0.1391318915587551, leaf dev: 0.0889785885810852
[2026-06-25 23:57:14,061][root][INFO] - Val leaf stats: tensor([0.0000e+00, 4.5333e-02, 0.0000e+00, 0.0000e+00, 1.6667e-03, 6.8167e-02,
        1.3333e-02, 1.8100e-01, 1.6667e-04, 7.1667e-03, 2.5050e-01, 1.2783e-01,
        4.0000e-03, 0.0000e+00, 2.4317e-01, 5.7667e-02])
[2026-06-25 23:57:15,035][root][INFO] - Epoch: 42 | train acc: 0.9476, train loss: 0.49950996, valid acc: 0.9198, valid loss: 0.30204676, test acc: 0.9235, test loss: 0.28171026
[2026-06-25 23:57:19,035][root][INFO] - reg loss: 5.5638421706433565, entropy loss: 0.15961660374447983, leaf dev: 0.07435619831085205
[2026-06-25 23:57:19,041][root][INFO] - Val leaf stats: tensor([0.0378, 0.0000, 0.2435, 0.0933, 0.2333, 0.0752, 0.0242, 0.0413, 0.0163,
        0.0022, 0.0107, 0.0047, 0.0425, 0.0783, 0.0655, 0.0312])
[2026-06-25 23:57:30,281][root][INFO] - Epoch: 43 | train acc: 0.9531, train loss: 0.66377913, valid acc: 0.9255, valid loss: 0.28190255, test acc: 0.9239, test loss: 0.29544612
[2026-06-25 23:57:34,173][root][INFO] - Epoch: 21 | train acc: 0.9528, train loss: 0.77382417, valid acc: 0.9327, valid loss: 0.23201692, test acc: 0.9142, test loss: 0.40211310
[2026-06-25 23:57:34,199][root][INFO] - reg loss: 5.293479460590291, entropy loss: 0.12542206906485107, leaf dev: 0.08763478696346283
[2026-06-25 23:57:34,206][root][INFO] - Val leaf stats: tensor([0.0000, 0.0000, 0.0297, 0.0000, 0.0007, 0.2088, 0.0803, 0.0008, 0.1892,
        0.0070, 0.0195, 0.1508, 0.0000, 0.0300, 0.2573, 0.0258])
[2026-06-25 23:57:34,237][root][INFO] - Epoch: 44 | train acc: 0.9462, train loss: 0.18165050, valid acc: 0.9177, valid loss: 0.28948486, test acc: 0.9204, test loss: 0.28221205
[2026-06-25 23:57:34,497][root][INFO] - Epoch: 43 | train acc: 0.9416, train loss: 0.33967203, valid acc: 0.9242, valid loss: 0.28414763, test acc: 0.9244, test loss: 0.27480785
[2026-06-25 23:57:37,097][root][INFO] - reg loss: 5.821601562399082, entropy loss: 0.15216328558467684, leaf dev: 0.06823728233575821
[2026-06-25 23:57:37,098][root][INFO] - Val leaf stats: tensor([0.0319, 0.2639, 0.0846, 0.0061, 0.0641, 0.0503, 0.0699, 0.0035, 0.0165,
        0.0100, 0.0730, 0.0068, 0.0779, 0.1545, 0.0852, 0.0017])
[2026-06-25 23:57:37,129][root][INFO] - reg loss: 5.905881661289143, entropy loss: 0.25788380571131436, leaf dev: 0.08328438550233841
[2026-06-25 23:57:37,130][root][INFO] - Val leaf stats: tensor([0.0000, 0.0205, 0.0602, 0.0755, 0.0010, 0.0038, 0.1020, 0.0100, 0.0555,
        0.0100, 0.0000, 0.0063, 0.1092, 0.2517, 0.2578, 0.0365])
[2026-06-25 23:57:37,659][root][INFO] - reg loss: 5.287668318118689, entropy loss: 0.13750070980135, leaf dev: 0.08383119851350784
[2026-06-25 23:57:37,660][root][INFO] - Val leaf stats: tensor([0.0000, 0.1307, 0.2738, 0.0138, 0.1725, 0.0758, 0.0505, 0.1785, 0.0737,
        0.0000, 0.0022, 0.0020, 0.0152, 0.0028, 0.0085, 0.0000])
[2026-06-25 23:57:41,821][root][INFO] - Epoch: 43 | train acc: 0.9447, train loss: 0.33623703, valid acc: 0.9155, valid loss: 0.30201170, test acc: 0.9201, test loss: 0.28789478
[2026-06-25 23:57:45,747][root][INFO] - reg loss: 5.615316386492747, entropy loss: 0.140981913456377, leaf dev: 0.0852222815155983
[2026-06-25 23:57:45,749][root][INFO] - Val leaf stats: tensor([0.0000e+00, 5.3833e-02, 1.6667e-04, 0.0000e+00, 2.1667e-03, 6.4333e-02,
        1.4667e-02, 1.6600e-01, 5.0000e-04, 8.0000e-03, 1.9683e-01, 1.6400e-01,
        5.0000e-04, 0.0000e+00, 2.5617e-01, 7.2833e-02])
[2026-06-25 23:57:46,717][root][INFO] - Epoch: 43 | train acc: 0.9470, train loss: 0.50537411, valid acc: 0.9240, valid loss: 0.29381474, test acc: 0.9263, test loss: 0.27284776
[2026-06-25 23:57:50,760][root][INFO] - reg loss: 5.604854309333946, entropy loss: 0.16037678845086187, leaf dev: 0.06990162283182144
[2026-06-25 23:57:50,761][root][INFO] - Val leaf stats: tensor([0.0410, 0.0000, 0.2433, 0.0938, 0.2080, 0.0755, 0.0270, 0.0440, 0.0190,
        0.0043, 0.0118, 0.0062, 0.0458, 0.0788, 0.0658, 0.0355])
[2026-06-25 23:58:00,353][root][INFO] - Epoch: 44 | train acc: 0.9459, train loss: 0.67372309, valid acc: 0.9135, valid loss: 0.32429697, test acc: 0.9173, test loss: 0.31511083
[2026-06-25 23:58:04,643][root][INFO] - reg loss: 5.343394041061401, entropy loss: 0.12022342757796342, leaf dev: 0.08674637228250504
[2026-06-25 23:58:04,645][root][INFO] - Val leaf stats: tensor([0.0000, 0.0000, 0.0315, 0.0000, 0.0007, 0.2143, 0.0803, 0.0017, 0.2497,
        0.0435, 0.0112, 0.0555, 0.0000, 0.0313, 0.2247, 0.0557])
[2026-06-25 23:58:05,198][root][INFO] - Epoch: 45 | train acc: 0.9457, train loss: 0.18586806, valid acc: 0.9185, valid loss: 0.28768186, test acc: 0.9220, test loss: 0.27943008
[2026-06-25 23:58:06,414][root][INFO] - Epoch: 44 | train acc: 0.9443, train loss: 0.33814394, valid acc: 0.9265, valid loss: 0.27490862, test acc: 0.9264, test loss: 0.27781206
[2026-06-25 23:58:07,659][root][INFO] - Epoch: 22 | train acc: 0.9532, train loss: 0.73985995, valid acc: 0.9353, valid loss: 0.22771712, test acc: 0.9138, test loss: 0.37239373
[2026-06-25 23:58:08,374][root][INFO] - reg loss: 5.925091698484601, entropy loss: 0.2560347965303457, leaf dev: 0.08097057044506073
[2026-06-25 23:58:08,375][root][INFO] - Val leaf stats: tensor([0.0000, 0.0032, 0.0860, 0.0750, 0.0007, 0.0045, 0.1087, 0.0130, 0.0568,
        0.0108, 0.0000, 0.0053, 0.1048, 0.2538, 0.2350, 0.0423])
[2026-06-25 23:58:09,892][root][INFO] - reg loss: 5.360573890074244, entropy loss: 0.1425275868683491, leaf dev: 0.08428501337766647
[2026-06-25 23:58:09,893][root][INFO] - Val leaf stats: tensor([0.0000, 0.1173, 0.2862, 0.0162, 0.1338, 0.0708, 0.0650, 0.1973, 0.0818,
        0.0000, 0.0025, 0.0025, 0.0167, 0.0027, 0.0072, 0.0000])
[2026-06-25 23:58:10,463][root][INFO] - reg loss: 5.611053623219647, entropy loss: 0.14406439496411216, leaf dev: 0.0677453875541687
[2026-06-25 23:58:10,464][root][INFO] - Val leaf stats: tensor([0.0370, 0.2609, 0.0904, 0.0059, 0.0523, 0.0423, 0.0701, 0.0042, 0.0180,
        0.0110, 0.0788, 0.0080, 0.0779, 0.1546, 0.0869, 0.0017])
[2026-06-25 23:58:12,584][root][INFO] - Epoch: 44 | train acc: 0.9395, train loss: 0.35724382, valid acc: 0.8720, valid loss: 0.44980613, test acc: 0.8750, test loss: 0.42496737
[2026-06-25 23:58:16,221][root][INFO] - reg loss: 5.628727040200864, entropy loss: 0.14262262310059565, leaf dev: 0.09471665322780609
[2026-06-25 23:58:16,222][root][INFO] - Val leaf stats: tensor([1.6667e-04, 6.2167e-02, 5.0000e-03, 0.0000e+00, 2.3333e-03, 6.2833e-02,
        1.6667e-02, 1.5550e-01, 5.5000e-03, 1.7333e-02, 3.2000e-01, 2.1250e-01,
        0.0000e+00, 0.0000e+00, 1.2950e-01, 1.0500e-02])
[2026-06-25 23:58:17,333][root][INFO] - Epoch: 44 | train acc: 0.9523, train loss: 0.49415206, valid acc: 0.9258, valid loss: 0.28521791, test acc: 0.9263, test loss: 0.29348087
[2026-06-25 23:58:21,283][root][INFO] - reg loss: 5.710557474280304, entropy loss: 0.16404563793033924, leaf dev: 0.06048918142914772
[2026-06-25 23:58:21,284][root][INFO] - Val leaf stats: tensor([0.0362, 0.0000, 0.2160, 0.0882, 0.1768, 0.0772, 0.0163, 0.0287, 0.0443,
        0.0028, 0.0150, 0.0110, 0.0770, 0.0812, 0.0728, 0.0565])
[2026-06-25 23:58:31,183][root][INFO] - Epoch: 45 | train acc: 0.9459, train loss: 0.66416875, valid acc: 0.9183, valid loss: 0.30605868, test acc: 0.9194, test loss: 0.29827945
[2026-06-25 23:58:35,110][root][INFO] - Epoch: 46 | train acc: 0.9324, train loss: 0.23079833, valid acc: 0.9010, valid loss: 0.36871780, test acc: 0.9105, test loss: 0.33895478
[2026-06-25 23:58:35,251][root][INFO] - reg loss: 5.381327786535587, entropy loss: 0.1190528300292087, leaf dev: 0.08671306073665619
[2026-06-25 23:58:35,252][root][INFO] - Val leaf stats: tensor([0.0000, 0.0000, 0.0340, 0.0000, 0.0007, 0.1707, 0.0662, 0.0003, 0.2478,
        0.0493, 0.0128, 0.0800, 0.0000, 0.0340, 0.2588, 0.0453])
[2026-06-25 23:58:36,138][root][INFO] - Epoch: 45 | train acc: 0.9462, train loss: 0.32751972, valid acc: 0.9237, valid loss: 0.27397520, test acc: 0.9267, test loss: 0.26975874
[2026-06-25 23:58:38,858][root][INFO] - reg loss: 5.826293045619749, entropy loss: 0.24253740709907604, leaf dev: 0.07908731698989868
[2026-06-25 23:58:38,859][root][INFO] - Val leaf stats: tensor([0.0000, 0.0148, 0.1608, 0.1017, 0.0122, 0.0272, 0.1327, 0.0217, 0.0355,
        0.0125, 0.0000, 0.0050, 0.1063, 0.2873, 0.0747, 0.0077])
[2026-06-25 23:58:39,285][root][INFO] - reg loss: 5.372863630078873, entropy loss: 0.1420145699719213, leaf dev: 0.08195292204618454
[2026-06-25 23:58:39,286][root][INFO] - Val leaf stats: tensor([0.0000, 0.1440, 0.2605, 0.0138, 0.1682, 0.0782, 0.0415, 0.1750, 0.0857,
        0.0000, 0.0028, 0.0035, 0.0177, 0.0028, 0.0063, 0.0000])
[2026-06-25 23:58:41,012][root][INFO] - Epoch: 23 | train acc: 0.9507, train loss: 0.72171919, valid acc: 0.9374, valid loss: 0.21990457, test acc: 0.9145, test loss: 0.41154608
[2026-06-25 23:58:43,817][root][INFO] - Epoch: 45 | train acc: 0.9241, train loss: 0.40744343, valid acc: 0.9097, valid loss: 0.31960825, test acc: 0.9143, test loss: 0.30046273
[2026-06-25 23:58:44,101][root][INFO] - reg loss: 5.510965937659854, entropy loss: 0.13807723139013564, leaf dev: 0.07192796468734741
[2026-06-25 23:58:44,102][root][INFO] - Val leaf stats: tensor([0.0391, 0.2800, 0.0892, 0.0052, 0.0509, 0.0371, 0.0704, 0.0035, 0.0157,
        0.0107, 0.0692, 0.0048, 0.0826, 0.1553, 0.0845, 0.0018])
[2026-06-25 23:58:47,613][root][INFO] - reg loss: 5.640480725270398, entropy loss: 0.14752453748347624, leaf dev: 0.07545128464698792
[2026-06-25 23:58:47,614][root][INFO] - Val leaf stats: tensor([0.0000, 0.0668, 0.0043, 0.0000, 0.0018, 0.0595, 0.0175, 0.1612, 0.0860,
        0.0322, 0.2233, 0.1720, 0.0000, 0.0000, 0.1595, 0.0158])
[2026-06-25 23:58:48,724][root][INFO] - Epoch: 45 | train acc: 0.9478, train loss: 0.52981688, valid acc: 0.9158, valid loss: 0.30055591, test acc: 0.9174, test loss: 0.30053316
[2026-06-25 23:58:52,331][root][INFO] - reg loss: 5.799823167189112, entropy loss: 0.167166586754457, leaf dev: 0.07143310457468033
[2026-06-25 23:58:52,331][root][INFO] - Val leaf stats: tensor([0.0283, 0.0010, 0.2587, 0.0372, 0.1995, 0.0793, 0.0160, 0.0280, 0.0673,
        0.0127, 0.0013, 0.0038, 0.0695, 0.0790, 0.0630, 0.0553])
[2026-06-25 23:59:01,809][root][INFO] - Epoch: 46 | train acc: 0.9289, train loss: 0.71139481, valid acc: 0.8930, valid loss: 0.41817760, test acc: 0.9010, test loss: 0.37837097
[2026-06-25 23:59:05,555][root][INFO] - reg loss: 5.370504910091184, entropy loss: 0.11569114191071042, leaf dev: 0.10621782392263412
[2026-06-25 23:59:05,556][root][INFO] - Val leaf stats: tensor([0.0000e+00, 0.0000e+00, 3.8333e-03, 0.0000e+00, 0.0000e+00, 4.5000e-03,
        5.9333e-02, 1.6667e-04, 3.4200e-01, 1.0200e-01, 1.4500e-02, 9.7333e-02,
        0.0000e+00, 3.2500e-02, 2.9633e-01, 4.7500e-02])
[2026-06-25 23:59:05,925][root][INFO] - Epoch: 46 | train acc: 0.9473, train loss: 0.32271878, valid acc: 0.9240, valid loss: 0.26734743, test acc: 0.9276, test loss: 0.26378303
[2026-06-25 23:59:06,109][root][INFO] - Epoch: 47 | train acc: 0.9361, train loss: 0.21698313, valid acc: 0.9120, valid loss: 0.31967537, test acc: 0.9208, test loss: 0.29815685
[2026-06-25 23:59:09,974][root][INFO] - reg loss: 5.995323406075531, entropy loss: 0.24308152960718804, leaf dev: 0.0818038061261177
[2026-06-25 23:59:09,975][root][INFO] - Val leaf stats: tensor([1.6667e-04, 1.2500e-02, 1.1783e-01, 9.8833e-02, 4.1667e-03, 1.5000e-02,
        1.1483e-01, 1.6167e-02, 4.7000e-02, 1.3000e-02, 0.0000e+00, 6.3333e-03,
        1.3283e-01, 3.0817e-01, 1.0100e-01, 1.2167e-02])
[2026-06-25 23:59:10,008][root][INFO] - reg loss: 5.394096019133082, entropy loss: 0.14218254935628963, leaf dev: 0.08109130710363388
[2026-06-25 23:59:10,010][root][INFO] - Val leaf stats: tensor([0.0000, 0.1427, 0.2595, 0.0140, 0.1438, 0.0728, 0.0548, 0.1895, 0.0892,
        0.0000, 0.0033, 0.0037, 0.0178, 0.0028, 0.0060, 0.0000])
[2026-06-25 23:59:14,337][root][INFO] - Epoch: 24 | train acc: 0.9508, train loss: 0.71193210, valid acc: 0.9266, valid loss: 0.27829479, test acc: 0.9042, test loss: 0.45958498
[2026-06-25 23:59:15,118][root][INFO] - Epoch: 46 | train acc: 0.9407, train loss: 0.35400078, valid acc: 0.9183, valid loss: 0.29000128, test acc: 0.9251, test loss: 0.26950375
[2026-06-25 23:59:16,754][root][INFO] - reg loss: 5.4728242076893965, entropy loss: 0.13570985418778878, leaf dev: 0.06394457817077637
[2026-06-25 23:59:16,755][root][INFO] - Val leaf stats: tensor([0.0226, 0.1705, 0.0769, 0.0036, 0.0632, 0.0147, 0.0726, 0.0050, 0.0130,
        0.0130, 0.0864, 0.0093, 0.1906, 0.1569, 0.0999, 0.0018])
[2026-06-25 23:59:18,938][root][INFO] - Epoch: 46 | train acc: 0.9450, train loss: 0.50417906, valid acc: 0.9108, valid loss: 0.30168160, test acc: 0.9180, test loss: 0.29742702
[2026-06-25 23:59:19,047][root][INFO] - reg loss: 5.614960396064903, entropy loss: 0.15056705151526434, leaf dev: 0.06865757703781128
[2026-06-25 23:59:19,048][root][INFO] - Val leaf stats: tensor([1.6667e-04, 7.1167e-02, 2.5000e-03, 0.0000e+00, 2.5000e-03, 6.2500e-02,
        2.1500e-02, 1.5350e-01, 1.4233e-01, 4.5667e-02, 1.2383e-01, 1.7300e-01,
        0.0000e+00, 0.0000e+00, 1.7917e-01, 2.2167e-02])
[2026-06-25 23:59:23,050][root][INFO] - reg loss: 5.668979752738521, entropy loss: 0.15446330297668026, leaf dev: 0.07539505511522293
[2026-06-25 23:59:23,051][root][INFO] - Val leaf stats: tensor([0.0117, 0.0063, 0.2743, 0.0417, 0.2013, 0.0775, 0.0180, 0.0313, 0.0425,
        0.0155, 0.0008, 0.0028, 0.0792, 0.0947, 0.0618, 0.0405])
[2026-06-25 23:59:33,072][root][INFO] - Epoch: 47 | train acc: 0.9297, train loss: 0.66243094, valid acc: 0.9105, valid loss: 0.35258356, test acc: 0.9121, test loss: 0.32124945
[2026-06-25 23:59:36,169][root][INFO] - Epoch: 48 | train acc: 0.9381, train loss: 0.21348617, valid acc: 0.8953, valid loss: 0.36379133, test acc: 0.8995, test loss: 0.36961038
[2026-06-25 23:59:36,229][root][INFO] - Epoch: 47 | train acc: 0.9455, train loss: 0.32631980, valid acc: 0.9225, valid loss: 0.28441086, test acc: 0.9248, test loss: 0.28407592
[2026-06-25 23:59:36,690][root][INFO] - reg loss: 5.165666872600339, entropy loss: 0.10328119276267178, leaf dev: 0.09912044554948807
[2026-06-25 23:59:36,692][root][INFO] - Val leaf stats: tensor([0.0000e+00, 0.0000e+00, 4.0000e-03, 0.0000e+00, 0.0000e+00, 5.3333e-03,
        6.1333e-02, 1.6667e-04, 3.1233e-01, 1.1533e-01, 1.9667e-02, 1.3183e-01,
        0.0000e+00, 2.7333e-02, 2.7233e-01, 5.0333e-02])
[2026-06-25 23:59:40,403][root][INFO] - reg loss: 5.92389482372212, entropy loss: 0.24251147387725003, leaf dev: 0.10845830291509628
[2026-06-25 23:59:40,405][root][INFO] - Val leaf stats: tensor([1.6667e-04, 8.3333e-03, 3.4500e-02, 6.3000e-02, 8.3333e-04, 2.0000e-03,
        8.6333e-02, 1.0667e-02, 6.5667e-02, 1.5333e-02, 0.0000e+00, 6.5000e-03,
        7.2333e-02, 4.2617e-01, 1.8483e-01, 2.3333e-02])
[2026-06-25 23:59:40,611][root][INFO] - reg loss: 5.328731536865234, entropy loss: 0.14085460904071917, leaf dev: 0.08884347230195999
[2026-06-25 23:59:40,612][root][INFO] - Val leaf stats: tensor([0.0000, 0.1417, 0.2820, 0.0148, 0.1522, 0.0742, 0.0685, 0.2147, 0.0402,
        0.0000, 0.0032, 0.0007, 0.0027, 0.0005, 0.0048, 0.0000])
[2026-06-25 23:59:46,016][root][INFO] - Epoch: 47 | train acc: 0.9466, train loss: 0.32749106, valid acc: 0.9197, valid loss: 0.28407646, test acc: 0.9282, test loss: 0.26333323
[2026-06-25 23:59:47,342][root][INFO] - Epoch: 25 | train acc: 0.9502, train loss: 0.69930755, valid acc: 0.9328, valid loss: 0.23694291, test acc: 0.9094, test loss: 0.68532065
[2026-06-25 23:59:49,254][root][INFO] - Epoch: 47 | train acc: 0.9475, train loss: 0.48107885, valid acc: 0.9192, valid loss: 0.28169789, test acc: 0.9195, test loss: 0.28906832
[2026-06-25 23:59:49,595][root][INFO] - reg loss: 5.578798478504397, entropy loss: 0.1473851963034216, leaf dev: 0.06744805723428726
[2026-06-25 23:59:49,596][root][INFO] - Val leaf stats: tensor([1.6667e-04, 7.5167e-02, 2.6667e-03, 0.0000e+00, 2.5000e-03, 6.0000e-02,
        3.1667e-02, 1.4333e-01, 1.3267e-01, 4.2500e-02, 1.6367e-01, 1.3217e-01,
        0.0000e+00, 0.0000e+00, 1.8883e-01, 2.4667e-02])
[2026-06-25 23:59:49,921][root][INFO] - reg loss: 5.422262613104765, entropy loss: 0.13161547990545394, leaf dev: 0.0664835050702095
[2026-06-25 23:59:49,922][root][INFO] - Val leaf stats: tensor([0.0272, 0.2480, 0.0824, 0.0037, 0.0692, 0.0426, 0.0706, 0.0043, 0.0177,
        0.0147, 0.0841, 0.0119, 0.1127, 0.1584, 0.0509, 0.0016])
[2026-06-25 23:59:53,296][root][INFO] - reg loss: 5.654943484180379, entropy loss: 0.1502812128022032, leaf dev: 0.07765347510576248
[2026-06-25 23:59:53,297][root][INFO] - Val leaf stats: tensor([0.0223, 0.0043, 0.2513, 0.0432, 0.2443, 0.0805, 0.0095, 0.0173, 0.0373,
        0.0163, 0.0010, 0.0028, 0.0642, 0.0903, 0.0688, 0.0463])
[2026-06-26 00:00:02,853][root][INFO] - Epoch: 48 | train acc: 0.9356, train loss: 0.63939339, valid acc: 0.9158, valid loss: 0.33934089, test acc: 0.9155, test loss: 0.30942310
[2026-06-26 00:00:06,994][root][INFO] - Epoch: 49 | train acc: 0.9366, train loss: 0.21404960, valid acc: 0.9183, valid loss: 0.30924792, test acc: 0.9182, test loss: 0.29596026
[2026-06-26 00:00:07,011][root][INFO] - reg loss: 5.160785738027321, entropy loss: 0.10422052499258293, leaf dev: 0.09335745871067047
[2026-06-26 00:00:07,012][root][INFO] - Val leaf stats: tensor([0.0000, 0.0000, 0.0045, 0.0000, 0.0000, 0.0055, 0.0617, 0.0003, 0.2653,
        0.1427, 0.0307, 0.1343, 0.0000, 0.0355, 0.2767, 0.0428])
[2026-06-26 00:00:07,265][root][INFO] - Epoch: 48 | train acc: 0.9277, train loss: 0.38269425, valid acc: 0.9120, valid loss: 0.31913832, test acc: 0.9122, test loss: 0.32709507
[2026-06-26 00:00:11,053][root][INFO] - reg loss: 5.203902491983378, entropy loss: 0.13472119915597844, leaf dev: 0.09993855655193329
[2026-06-26 00:00:11,055][root][INFO] - Val leaf stats: tensor([0.0000, 0.0358, 0.2338, 0.0208, 0.1407, 0.0563, 0.1102, 0.3447, 0.0445,
        0.0000, 0.0033, 0.0010, 0.0033, 0.0007, 0.0048, 0.0000])
[2026-06-26 00:00:11,105][root][INFO] - reg loss: 5.484878769460714, entropy loss: 0.2365003228187561, leaf dev: 0.08670095354318619
[2026-06-26 00:00:11,107][root][INFO] - Val leaf stats: tensor([1.6667e-04, 1.0833e-02, 7.3500e-02, 9.3500e-02, 2.6667e-03, 6.5000e-03,
        1.0967e-01, 1.8667e-02, 5.3333e-02, 1.3667e-02, 0.0000e+00, 6.0000e-03,
        9.3333e-02, 3.2800e-01, 1.6967e-01, 2.0500e-02])
[2026-06-26 00:00:14,976][root][INFO] - Val leaf stats: tensor([1.6667e-04, 1.0833e-02, 7.3500e-02, 9.3500e-02, 2.6667e-03, 6.5000e-03,
        1.0967e-01, 1.8667e-02, 5.3333e-02, 1.3667e-02, 0.0000e+00, 6.0000e-03,
        9.3333e-02, 3.2800e-01, 1.6967e-01, 2.0500e-02])
[2026-06-26 00:00:16,683][root][INFO] - Epoch: 48 | train acc: 0.9506, train loss: 0.31985316, valid acc: 0.9258, valid loss: 0.27101406, test acc: 0.9285, test loss: 0.25977818
[2026-06-26 00:00:18,708][root][INFO] - MLFlow server is starting on LOCAL with experiment STM_MNIST_hard_seeded...
[2026-06-26 00:00:18,774][root][INFO] - MLFlow run ID: c2093d9483254a61851cc6b969801cd7, status: RUNNING
[2026-06-26 00:00:18,844][root][INFO] - Starting experiment IATrain...
[2026-06-26 00:00:19,884][root][INFO] - Epoch: 26 | train acc: 0.9523, train loss: 0.66727798, valid acc: 0.9343, valid loss: 0.23081385, test acc: 0.9136, test loss: 0.69594646
[2026-06-26 00:00:20,014][root][INFO] - Test leaf std: 0.08359480649232864, Val leaf std: 0.08670095354318619
[2026-06-26 00:00:20,146][root][INFO] - Epoch: 48 | train acc: 0.9442, train loss: 0.50331872, valid acc: 0.9175, valid loss: 0.28928011, test acc: 0.9216, test loss: 0.28563727
[2026-06-26 00:00:20,449][root][INFO] - reg loss: 5.576326050848331, entropy loss: 0.14933033624909958, leaf dev: 0.06698253005743027
[2026-06-26 00:00:20,450][root][INFO] - Val leaf stats: tensor([1.6667e-04, 7.0667e-02, 6.6667e-03, 0.0000e+00, 2.3333e-03, 5.9167e-02,
        3.0167e-02, 1.4633e-01, 1.2633e-01, 4.3500e-02, 1.4817e-01, 1.3250e-01,
        5.0000e-04, 0.0000e+00, 2.0133e-01, 3.2167e-02])
[2026-06-26 00:00:22,612][root][INFO] - reg loss: 5.344860104656724, entropy loss: 0.1245606309049344, leaf dev: 0.06207675859332085
[2026-06-26 00:00:22,613][root][INFO] - Val leaf stats: tensor([0.0261, 0.2223, 0.0772, 0.0041, 0.0826, 0.0517, 0.0710, 0.0048, 0.0155,
        0.0140, 0.0883, 0.0119, 0.1168, 0.1569, 0.0553, 0.0017])
[2026-06-26 00:00:23,903][root][INFO] - reg loss: 5.676029439242381, entropy loss: 0.14967621145945675, leaf dev: 0.07007419317960739
[2026-06-26 00:00:23,905][root][INFO] - Val leaf stats: tensor([0.0220, 0.0060, 0.2212, 0.0438, 0.2278, 0.0835, 0.0130, 0.0305, 0.0390,
        0.0127, 0.0008, 0.0030, 0.0720, 0.0973, 0.0772, 0.0502])
[2026-06-26 00:00:24,436][root][INFO] - FINAL TEST | acc: 0.9182, loss: 0.2960, 
[2026-06-26 00:00:24,649][root][INFO] - MLFlow run ID: 6323a5d8d6f2413aae11d96a2e7cfdeb, status: FINISHED
[2026-06-26 00:00:31,919][root][INFO] - Epoch: 49 | train acc: 0.9396, train loss: 0.61886120, valid acc: 0.9152, valid loss: 0.33604808, test acc: 0.9197, test loss: 0.30070487
[2026-06-26 00:00:35,376][root][INFO] - reg loss: 5.169941497298907, entropy loss: 0.10365822833945167, leaf dev: 0.09399523586034775
[2026-06-26 00:00:35,377][root][INFO] - Val leaf stats: tensor([0.0000, 0.0000, 0.0053, 0.0000, 0.0000, 0.0065, 0.0633, 0.0003, 0.2935,
        0.1435, 0.0262, 0.1135, 0.0000, 0.0338, 0.2575, 0.0565])
[2026-06-26 00:00:36,375][root][INFO] - Epoch: 49 | train acc: 0.9368, train loss: 0.34272530, valid acc: 0.9243, valid loss: 0.27944347, test acc: 0.9226, test loss: 0.28984523
[2026-06-26 00:00:38,380][root][INFO] - Val leaf stats: tensor([0.0000, 0.0000, 0.0053, 0.0000, 0.0000, 0.0065, 0.0633, 0.0003, 0.2935,
        0.1435, 0.0262, 0.1135, 0.0000, 0.0338, 0.2575, 0.0565])
[2026-06-26 00:00:38,574][root][INFO] - MLFlow server is starting on LOCAL with experiment STM_MNIST_hard_seeded...
[2026-06-26 00:00:38,612][root][INFO] - MLFlow server is starting on LOCAL with experiment STM_MNIST_hard_seeded...
[2026-06-26 00:00:38,652][root][INFO] - MLFlow run ID: 852f347545dc4e328ef651347b965a10, status: RUNNING
[2026-06-26 00:00:38,708][root][INFO] - Starting experiment IATrain...
[2026-06-26 00:00:38,725][root][INFO] - MLFlow run ID: eb39937d174f4a39880ec3d0c9a38869, status: RUNNING
[2026-06-26 00:00:38,804][root][INFO] - Starting experiment IATrain...
[2026-06-26 00:00:39,643][root][INFO] - reg loss: 5.131671487160449, entropy loss: 0.12992324567628358, leaf dev: 0.09499167650938034
[2026-06-26 00:00:39,644][root][INFO] - Val leaf stats: tensor([0.0000, 0.0730, 0.3297, 0.0203, 0.1740, 0.0730, 0.0653, 0.2023, 0.0508,
        0.0000, 0.0035, 0.0013, 0.0030, 0.0007, 0.0030, 0.0000])
[2026-06-26 00:00:42,099][root][INFO] - Epoch: 0 | train acc: 0.5977, train loss: 3.92527444, valid acc: 0.7122, valid loss: 0.94215298, test acc: 0.7243, test loss: 0.92478170
[2026-06-26 00:00:42,373][root][INFO] - Test leaf std: 0.09476432204246521, Val leaf std: 0.09399523586034775
[2026-06-26 00:00:42,479][root][INFO] - MLFlow server is starting on LOCAL with experiment STM_MNIST_hard_seeded...
[2026-06-26 00:00:42,576][root][INFO] - MLFlow run ID: de460ec91ebd449c99ea1dd08968ff89, status: RUNNING
[2026-06-26 00:00:42,686][root][INFO] - Starting experiment IATrain...
[2026-06-26 00:00:43,241][root][INFO] - Val leaf stats: tensor([0.0000, 0.0730, 0.3297, 0.0203, 0.1740, 0.0730, 0.0653, 0.2023, 0.0508,
        0.0000, 0.0035, 0.0013, 0.0030, 0.0007, 0.0030, 0.0000])
[2026-06-26 00:00:43,821][root][INFO] - Epoch: 49 | train acc: 0.9539, train loss: 0.31422342, valid acc: 0.9268, valid loss: 0.26590264, test acc: 0.9308, test loss: 0.25670688
[2026-06-26 00:00:44,583][root][INFO] - MLFlow server is starting on LOCAL with experiment STM_MNIST_hard_seeded...
[2026-06-26 00:00:44,698][root][INFO] - MLFlow run ID: cdfea7d19a134dc49a926a3d865665ee, status: RUNNING
[2026-06-26 00:00:44,785][root][INFO] - Starting experiment IATrain...
[2026-06-26 00:00:45,546][root][INFO] - reg loss: 12.02542850206483, entropy loss: 0.32878952403113526, leaf dev: 0.10692551732063293
[2026-06-26 00:00:45,553][root][INFO] - Val leaf stats: tensor([0.0000, 0.1727, 0.0000, 0.0000, 0.0000, 0.0000, 0.0000, 0.0000, 0.0722,
        0.0000, 0.0000, 0.1852, 0.3890, 0.0205, 0.0860, 0.0745])
[2026-06-26 00:00:47,318][root][INFO] - FINAL TEST | acc: 0.9197, loss: 0.3007, 
