[2026-06-25 23:09:29,428][root][INFO] - MLFlow server is starting on LOCAL with experiment STM_MNIST_hard_seeded...
[2026-06-25 23:09:29,522][root][INFO] - MLFlow run ID: 4a2fc9f4c333430489897e2d371f7472, status: RUNNING
[2026-06-25 23:09:29,607][root][INFO] - Starting experiment IATrain...
[2026-06-25 23:09:35,919][root][INFO] - MLFlow server is starting on LOCAL with experiment STM_MNIST_hard_seeded...
[2026-06-25 23:09:35,974][root][INFO] - MLFlow run ID: d66a2fb7818a469bbf2244a04c4d1c28, status: RUNNING
[2026-06-25 23:09:36,066][root][INFO] - Starting experiment IATrain...
[2026-06-25 23:09:36,962][root][INFO] - MLFlow server is starting on LOCAL with experiment STM_MNIST_hard_seeded...
[2026-06-25 23:09:37,013][root][INFO] - MLFlow run ID: 7bb1197859234f29816d31c54bf4628f, status: RUNNING
[2026-06-25 23:09:37,102][root][INFO] - Starting experiment IATrain...
[2026-06-25 23:09:40,020][root][INFO] - MLFlow server is starting on LOCAL with experiment STM_MNIST_hard_seeded...
[2026-06-25 23:09:40,086][root][INFO] - MLFlow run ID: 213900297dc7442dbde30e24b2dcc118, status: RUNNING
[2026-06-25 23:09:40,166][root][INFO] - Starting experiment IATrain...
[2026-06-25 23:09:42,094][root][INFO] - MLFlow server is starting on LOCAL with experiment STM_MNIST_hard_seeded...
[2026-06-25 23:09:42,138][root][INFO] - MLFlow run ID: f9f7ec311bbc4d0bb3a0994ed4b0d234, status: RUNNING
[2026-06-25 23:09:42,236][root][INFO] - Starting experiment IATrain...
[2026-06-25 23:09:53,061][root][INFO] - Epoch: 0 | train acc: 0.6100, train loss: 1.32996965, valid acc: 0.7288, valid loss: 1.05609001, test acc: 0.7416, test loss: 1.04758612
[2026-06-25 23:09:56,967][root][INFO] - reg loss: 18.535437817843455, entropy loss: 0.6019577299648861, leaf dev: 0.059636183083057404
[2026-06-25 23:09:56,968][root][INFO] - Val leaf stats: tensor([0.1412, 0.0170, 0.2062, 0.0518, 0.0135, 0.0132, 0.1143, 0.0860, 0.0025,
        0.0923, 0.0098, 0.0723, 0.0800, 0.0967, 0.0032, 0.0000])
[2026-06-25 23:10:02,513][root][INFO] - Epoch: 0 | train acc: 0.5797, train loss: 2.85440323, valid acc: 0.6952, valid loss: 1.05888916, test acc: 0.7131, test loss: 1.02753151
[2026-06-25 23:10:03,877][root][INFO] - Epoch: 0 | train acc: 0.5833, train loss: 1.87911509, valid acc: 0.6723, valid loss: 1.00618626, test acc: 0.6763, test loss: 0.98948508
[2026-06-25 23:10:06,009][root][INFO] - reg loss: 12.468699275322681, entropy loss: 0.3717583426327076, leaf dev: 0.09211651235818863
[2026-06-25 23:10:06,010][root][INFO] - Val leaf stats: tensor([0.1493, 0.0000, 0.1967, 0.0152, 0.1330, 0.0000, 0.0210, 0.0768, 0.0000,
        0.0448, 0.0000, 0.0000, 0.0000, 0.3168, 0.0000, 0.0463])
[2026-06-25 23:10:06,338][root][INFO] - Epoch: 0 | train acc: 0.5911, train loss: 1.82459488, valid acc: 0.7223, valid loss: 0.92283233, test acc: 0.7401, test loss: 0.86408549
[2026-06-25 23:10:07,128][root][INFO] - reg loss: 15.713951263787612, entropy loss: 0.5183651385442266, leaf dev: 0.0771440714597702
[2026-06-25 23:10:07,129][root][INFO] - Val leaf stats: tensor([0.0045, 0.1300, 0.2212, 0.2035, 0.0872, 0.0000, 0.0000, 0.0032, 0.0477,
        0.0163, 0.0477, 0.0155, 0.0000, 0.1705, 0.0000, 0.0528])
[2026-06-25 23:10:08,781][root][INFO] - Epoch: 0 | train acc: 0.5894, train loss: 2.18807118, valid acc: 0.7448, valid loss: 0.85346833, test acc: 0.7290, test loss: 0.88978973
[2026-06-25 23:10:10,557][root][INFO] - reg loss: 16.147756405596464, entropy loss: 0.4823318407782968, leaf dev: 0.0751950591802597
[2026-06-25 23:10:10,558][root][INFO] - Val leaf stats: tensor([2.1033e-01, 1.0917e-01, 2.2900e-01, 6.3333e-02, 1.1550e-01, 3.2667e-02,
        2.3667e-02, 5.8167e-02, 0.0000e+00, 0.0000e+00, 0.0000e+00, 1.6667e-04,
        3.5000e-02, 1.2300e-01, 0.0000e+00, 0.0000e+00])
[2026-06-25 23:10:12,979][root][INFO] - reg loss: 14.682404842016831, entropy loss: 0.4534466384716754, leaf dev: 0.08593165129423141
[2026-06-25 23:10:12,981][root][INFO] - Val leaf stats: tensor([0.0000, 0.0637, 0.0217, 0.0000, 0.0357, 0.0000, 0.0000, 0.0473, 0.0003,
        0.1132, 0.2413, 0.2430, 0.0000, 0.1793, 0.0000, 0.0545])
[2026-06-25 23:10:23,105][root][INFO] - Epoch: 1 | train acc: 0.8132, train loss: 0.66209636, valid acc: 0.8063, valid loss: 0.65672409, test acc: 0.8103, test loss: 0.63565704
[2026-06-25 23:10:26,448][root][INFO] - reg loss: 12.989477661420715, entropy loss: 0.5171234995689032, leaf dev: 0.07239744067192078
[2026-06-25 23:10:26,449][root][INFO] - Val leaf stats: tensor([0.1780, 0.0425, 0.1642, 0.0000, 0.0292, 0.0320, 0.0313, 0.0470, 0.0005,
        0.0240, 0.0318, 0.0390, 0.1720, 0.2072, 0.0013, 0.0000])
[2026-06-25 23:10:33,170][root][INFO] - Epoch: 1 | train acc: 0.7712, train loss: 1.19277056, valid acc: 0.7695, valid loss: 0.74988289, test acc: 0.7632, test loss: 0.76321906
[2026-06-25 23:10:33,905][root][INFO] - Epoch: 1 | train acc: 0.7740, train loss: 1.88662320, valid acc: 0.8000, valid loss: 0.68398551, test acc: 0.8111, test loss: 0.67805489
[2026-06-25 23:10:36,577][root][INFO] - reg loss: 11.215935176273561, entropy loss: 0.4254970275006204, leaf dev: 0.08435878157615662
[2026-06-25 23:10:36,578][root][INFO] - Val leaf stats: tensor([0.0175, 0.0747, 0.0263, 0.0022, 0.0785, 0.0000, 0.0000, 0.0005, 0.1560,
        0.1065, 0.2250, 0.0527, 0.0000, 0.2597, 0.0000, 0.0005])
[2026-06-25 23:10:37,607][root][INFO] - Epoch: 1 | train acc: 0.7881, train loss: 1.07248971, valid acc: 0.8027, valid loss: 0.67291255, test acc: 0.8167, test loss: 0.62709374
[2026-06-25 23:10:37,614][root][INFO] - reg loss: 8.632112444571728, entropy loss: 0.27380138973020157, leaf dev: 0.08389431238174438
[2026-06-25 23:10:37,615][root][INFO] - Val leaf stats: tensor([0.2978, 0.0000, 0.1678, 0.0653, 0.0295, 0.0000, 0.0193, 0.0818, 0.0000,
        0.0095, 0.0000, 0.0000, 0.1330, 0.1298, 0.0000, 0.0660])
[2026-06-25 23:10:39,170][root][INFO] - Epoch: 1 | train acc: 0.7913, train loss: 1.36640624, valid acc: 0.7680, valid loss: 0.74554169, test acc: 0.7740, test loss: 0.75511895
[2026-06-25 23:10:41,764][root][INFO] - reg loss: 10.320376405176127, entropy loss: 0.36454361424131215, leaf dev: 0.07797537744045258
[2026-06-25 23:10:41,765][root][INFO] - Val leaf stats: tensor([0.1507, 0.0752, 0.1125, 0.0033, 0.0818, 0.1183, 0.0007, 0.0042, 0.0000,
        0.0043, 0.0000, 0.0225, 0.1685, 0.2510, 0.0070, 0.0000])
[2026-06-25 23:10:42,828][root][INFO] - reg loss: 10.768108259956792, entropy loss: 0.3426223748697425, leaf dev: 0.09184496104717255
[2026-06-25 23:10:42,829][root][INFO] - Val leaf stats: tensor([0.0000, 0.0492, 0.0250, 0.0000, 0.0850, 0.0000, 0.0000, 0.1257, 0.0012,
        0.3173, 0.0840, 0.0967, 0.0000, 0.2142, 0.0000, 0.0018])
[2026-06-25 23:10:53,124][root][INFO] - Epoch: 2 | train acc: 0.8599, train loss: 0.48868873, valid acc: 0.8323, valid loss: 0.54578005, test acc: 0.8486, test loss: 0.49895677
[2026-06-25 23:10:56,622][root][INFO] - reg loss: 11.21129737710053, entropy loss: 0.47899346728369874, leaf dev: 0.05500141531229019
[2026-06-25 23:10:56,623][root][INFO] - Val leaf stats: tensor([0.1532, 0.0387, 0.0640, 0.0000, 0.0408, 0.0155, 0.0367, 0.0508, 0.0168,
        0.0968, 0.0710, 0.0953, 0.1255, 0.1825, 0.0120, 0.0003])
[2026-06-25 23:11:02,057][root][INFO] - Epoch: 2 | train acc: 0.8392, train loss: 0.92762272, valid acc: 0.7798, valid loss: 0.71277816, test acc: 0.7895, test loss: 0.69787817
[2026-06-25 23:11:04,292][root][INFO] - Epoch: 2 | train acc: 0.8370, train loss: 1.57041374, valid acc: 0.8203, valid loss: 0.59576893, test acc: 0.8231, test loss: 0.59107782
[2026-06-25 23:11:05,112][root][INFO] - reg loss: 9.834224889863211, entropy loss: 0.37476943320823164, leaf dev: 0.10334462672472
[2026-06-25 23:11:05,113][root][INFO] - Val leaf stats: tensor([1.6667e-04, 3.1833e-02, 2.9167e-02, 6.6667e-03, 8.2667e-02, 0.0000e+00,
        0.0000e+00, 2.3333e-03, 3.4000e-02, 1.4500e-01, 1.7000e-01, 9.6833e-02,
        0.0000e+00, 3.9167e-01, 0.0000e+00, 9.6667e-03])
[2026-06-25 23:11:08,098][root][INFO] - Epoch: 2 | train acc: 0.8186, train loss: 0.93125120, valid acc: 0.8030, valid loss: 0.64457958, test acc: 0.8246, test loss: 0.58634700
[2026-06-25 23:11:08,106][root][INFO] - reg loss: 8.122737128779573, entropy loss: 0.2528758143197815, leaf dev: 0.07373561710119247
[2026-06-25 23:11:08,107][root][INFO] - Val leaf stats: tensor([0.2327, 0.0000, 0.1057, 0.0317, 0.0482, 0.0000, 0.0635, 0.0767, 0.0000,
        0.0078, 0.0000, 0.0000, 0.1658, 0.1660, 0.0000, 0.1020])
[2026-06-25 23:11:08,593][root][INFO] - Epoch: 2 | train acc: 0.8211, train loss: 1.18988690, valid acc: 0.8373, valid loss: 0.54613785, test acc: 0.8352, test loss: 0.56165828
[2026-06-25 23:11:12,116][root][INFO] - reg loss: 9.567784201424077, entropy loss: 0.3494625954695468, leaf dev: 0.07806277275085449
[2026-06-25 23:11:12,117][root][INFO] - Val leaf stats: tensor([0.1948, 0.1365, 0.0352, 0.0338, 0.0612, 0.0492, 0.0017, 0.0170, 0.0010,
        0.0028, 0.0000, 0.0138, 0.1682, 0.2410, 0.0438, 0.0000])
[2026-06-25 23:11:12,476][root][INFO] - reg loss: 9.7435431570377, entropy loss: 0.30196063951501306, leaf dev: 0.08686963468790054
[2026-06-25 23:11:12,477][root][INFO] - Val leaf stats: tensor([0.0000, 0.0298, 0.0168, 0.0000, 0.0723, 0.0000, 0.0000, 0.0832, 0.0000,
        0.1498, 0.2318, 0.1822, 0.0000, 0.2302, 0.0000, 0.0038])
[2026-06-25 23:11:22,623][root][INFO] - Epoch: 3 | train acc: 0.8769, train loss: 0.41232826, valid acc: 0.8790, valid loss: 0.41374853, test acc: 0.8878, test loss: 0.40445894
[2026-06-25 23:11:26,261][root][INFO] - reg loss: 11.041584212824983, entropy loss: 0.46694467427595604, leaf dev: 0.045233674347400665
[2026-06-25 23:11:26,262][root][INFO] - Val leaf stats: tensor([0.1462, 0.0713, 0.0863, 0.0000, 0.0890, 0.0877, 0.0488, 0.0542, 0.0105,
        0.0532, 0.0423, 0.0730, 0.1092, 0.1280, 0.0003, 0.0000])
[2026-06-25 23:11:31,544][root][INFO] - Epoch: 3 | train acc: 0.8565, train loss: 0.83528150, valid acc: 0.8132, valid loss: 0.65338743, test acc: 0.8179, test loss: 0.66035857
[2026-06-25 23:11:34,784][root][INFO] - Epoch: 3 | train acc: 0.8502, train loss: 1.46337286, valid acc: 0.8412, valid loss: 0.50902643, test acc: 0.8448, test loss: 0.52519964
[2026-06-25 23:11:35,259][root][INFO] - reg loss: 9.049715644908401, entropy loss: 0.34584414621569076, leaf dev: 0.09192218631505966
[2026-06-25 23:11:35,261][root][INFO] - Val leaf stats: tensor([1.6667e-04, 8.4167e-02, 1.3583e-01, 4.1667e-02, 8.1000e-02, 0.0000e+00,
        0.0000e+00, 2.1667e-03, 0.0000e+00, 1.0833e-02, 3.1833e-01, 1.3217e-01,
        2.5000e-03, 1.9100e-01, 0.0000e+00, 1.6667e-04])
[2026-06-25 23:11:38,612][root][INFO] - reg loss: 7.586063083612694, entropy loss: 0.239435095269725, leaf dev: 0.08135762065649033
[2026-06-25 23:11:38,613][root][INFO] - Val leaf stats: tensor([0.2465, 0.0000, 0.1393, 0.0207, 0.0060, 0.0000, 0.0490, 0.0853, 0.0000,
        0.0078, 0.0000, 0.0000, 0.1653, 0.1893, 0.0000, 0.0907])
[2026-06-25 23:11:39,814][root][INFO] - Epoch: 3 | train acc: 0.8440, train loss: 1.11175455, valid acc: 0.7810, valid loss: 0.80482527, test acc: 0.7754, test loss: 0.81908338
[2026-06-25 23:11:40,315][root][INFO] - Epoch: 3 | train acc: 0.8388, train loss: 0.87329321, valid acc: 0.8335, valid loss: 0.54193369, test acc: 0.8389, test loss: 0.52208243
[2026-06-25 23:11:43,663][root][INFO] - reg loss: 9.084887333636013, entropy loss: 0.2770026930660572, leaf dev: 0.08581310510635376
[2026-06-25 23:11:43,665][root][INFO] - Val leaf stats: tensor([0.0000, 0.0580, 0.0280, 0.0000, 0.0932, 0.0000, 0.0000, 0.0982, 0.0000,
        0.1083, 0.1768, 0.1337, 0.0000, 0.2993, 0.0000, 0.0045])
[2026-06-25 23:11:44,397][root][INFO] - reg loss: 9.119095415439245, entropy loss: 0.33051073241908596, leaf dev: 0.08338147401809692
[2026-06-25 23:11:44,398][root][INFO] - Val leaf stats: tensor([0.2430, 0.1908, 0.0210, 0.0178, 0.1800, 0.0297, 0.0023, 0.0435, 0.0020,
        0.0018, 0.0000, 0.0080, 0.1025, 0.1575, 0.0000, 0.0000])
[2026-06-25 23:11:52,824][root][INFO] - Epoch: 4 | train acc: 0.8782, train loss: 0.41271035, valid acc: 0.8212, valid loss: 0.56475688, test acc: 0.8384, test loss: 0.55575064
[2026-06-25 23:11:57,059][root][INFO] - reg loss: 9.751571344879439, entropy loss: 0.4424693486038244, leaf dev: 0.08936800807714462
[2026-06-25 23:11:57,061][root][INFO] - Val leaf stats: tensor([2.3333e-03, 1.6667e-04, 1.7500e-02, 0.0000e+00, 4.3333e-03, 4.0000e-03,
        2.5000e-03, 4.2000e-02, 1.3983e-01, 2.9650e-01, 5.2000e-02, 1.2833e-01,
        2.1383e-01, 8.8000e-02, 8.6667e-03, 0.0000e+00])
[2026-06-25 23:12:03,117][root][INFO] - Epoch: 4 | train acc: 0.8652, train loss: 0.75804156, valid acc: 0.7488, valid loss: 0.70126881, test acc: 0.7439, test loss: 0.70336689
[2026-06-25 23:12:05,045][root][INFO] - Epoch: 4 | train acc: 0.8721, train loss: 1.32294773, valid acc: 0.8560, valid loss: 0.47763363, test acc: 0.8593, test loss: 0.48773959
[2026-06-25 23:12:07,149][root][INFO] - reg loss: 7.831511938347007, entropy loss: 0.2953876852989197, leaf dev: 0.1298937350511551
[2026-06-25 23:12:07,150][root][INFO] - Val leaf stats: tensor([0.0000e+00, 3.4167e-02, 8.0000e-03, 0.0000e+00, 1.7667e-02, 0.0000e+00,
        0.0000e+00, 1.6667e-04, 0.0000e+00, 2.8333e-03, 4.1883e-01, 1.8983e-01,
        0.0000e+00, 3.2017e-01, 0.0000e+00, 8.3333e-03])
[2026-06-25 23:12:08,430][root][INFO] - reg loss: 7.427818635724625, entropy loss: 0.22091221710983314, leaf dev: 0.073186494410038
[2026-06-25 23:12:08,431][root][INFO] - Val leaf stats: tensor([0.1978, 0.0000, 0.0415, 0.0000, 0.0708, 0.0000, 0.1322, 0.1113, 0.0000,
        0.0138, 0.0000, 0.0000, 0.1750, 0.1683, 0.0000, 0.0892])
[2026-06-25 23:12:09,989][root][INFO] - Epoch: 4 | train acc: 0.8597, train loss: 1.00857405, valid acc: 0.8757, valid loss: 0.42390727, test acc: 0.8742, test loss: 0.42506456
[2026-06-25 23:12:11,927][root][INFO] - Epoch: 4 | train acc: 0.8711, train loss: 0.72380060, valid acc: 0.8588, valid loss: 0.45124302, test acc: 0.8716, test loss: 0.42995384
[2026-06-25 23:12:13,799][root][INFO] - reg loss: 8.828453864691392, entropy loss: 0.26896004688065006, leaf dev: 0.06951906532049179
[2026-06-25 23:12:13,800][root][INFO] - Val leaf stats: tensor([0.0000, 0.1237, 0.0638, 0.0000, 0.0932, 0.0000, 0.0000, 0.1388, 0.0000,
        0.1438, 0.1750, 0.0935, 0.0000, 0.1662, 0.0000, 0.0020])
[2026-06-25 23:12:14,888][root][INFO] - reg loss: 8.304593635055253, entropy loss: 0.2998548965409117, leaf dev: 0.07468947768211365
[2026-06-25 23:12:14,889][root][INFO] - Val leaf stats: tensor([1.5683e-01, 9.1000e-02, 1.1283e-01, 4.0000e-02, 1.0833e-01, 1.2667e-02,
        4.8333e-03, 4.2000e-02, 1.6667e-04, 1.5000e-03, 0.0000e+00, 1.9333e-02,
        1.8617e-01, 2.2417e-01, 1.6667e-04, 0.0000e+00])
[2026-06-25 23:12:24,501][root][INFO] - Epoch: 5 | train acc: 0.8831, train loss: 0.39628548, valid acc: 0.8663, valid loss: 0.43925735, test acc: 0.8807, test loss: 0.39478949
[2026-06-25 23:12:28,264][root][INFO] - reg loss: 8.258775382671717, entropy loss: 0.41526117077413593, leaf dev: 0.08427368849515915
[2026-06-25 23:12:28,265][root][INFO] - Val leaf stats: tensor([1.3167e-02, 2.6667e-03, 6.0667e-02, 0.0000e+00, 3.0000e-03, 8.3333e-04,
        9.1667e-03, 7.0667e-02, 1.0133e-01, 3.0817e-01, 4.2167e-02, 1.5850e-01,
        1.5850e-01, 4.7833e-02, 2.3167e-02, 1.6667e-04])
[2026-06-25 23:12:33,162][root][INFO] - Epoch: 5 | train acc: 0.8797, train loss: 1.27513561, valid acc: 0.8663, valid loss: 0.45678653, test acc: 0.8667, test loss: 0.45144071
[2026-06-25 23:12:33,691][root][INFO] - Epoch: 5 | train acc: 0.8561, train loss: 0.77857199, valid acc: 0.8585, valid loss: 0.45643653, test acc: 0.8573, test loss: 0.46057154
[2026-06-25 23:12:36,726][root][INFO] - reg loss: 7.331213150384291, entropy loss: 0.21478154707067418, leaf dev: 0.07888263463973999
[2026-06-25 23:12:36,727][root][INFO] - Val leaf stats: tensor([1.9150e-01, 0.0000e+00, 9.8333e-02, 1.6667e-04, 7.5000e-03, 0.0000e+00,
        8.6833e-02, 9.1667e-02, 0.0000e+00, 1.8667e-02, 0.0000e+00, 0.0000e+00,
        2.0717e-01, 2.0283e-01, 0.0000e+00, 9.5333e-02])
[2026-06-25 23:12:36,829][root][INFO] - reg loss: 7.47867635061156, entropy loss: 0.27717125415802, leaf dev: 0.08513446897268295
[2026-06-25 23:12:36,831][root][INFO] - Val leaf stats: tensor([0.0110, 0.1700, 0.2987, 0.0553, 0.0485, 0.0000, 0.0000, 0.0675, 0.0000,
        0.0038, 0.1592, 0.1103, 0.0000, 0.0742, 0.0000, 0.0015])
[2026-06-25 23:12:38,520][root][INFO] - Epoch: 5 | train acc: 0.8803, train loss: 0.93091721, valid acc: 0.8695, valid loss: 0.43170442, test acc: 0.8782, test loss: 0.40919441
[2026-06-25 23:12:39,783][root][INFO] - Epoch: 5 | train acc: 0.8836, train loss: 0.68566087, valid acc: 0.7823, valid loss: 0.66759605, test acc: 0.7852, test loss: 0.65328621
[2026-06-25 23:12:41,935][root][INFO] - reg loss: 8.546058375880403, entropy loss: 0.26471417804933944, leaf dev: 0.07562247663736343
[2026-06-25 23:12:41,936][root][INFO] - Val leaf stats: tensor([0.0000, 0.1170, 0.0393, 0.0000, 0.0550, 0.0000, 0.0000, 0.0767, 0.0000,
        0.1575, 0.1610, 0.1638, 0.0000, 0.2153, 0.0000, 0.0143])
[2026-06-25 23:12:43,670][root][INFO] - reg loss: 7.936623172939949, entropy loss: 0.2971260868153482, leaf dev: 0.09658998996019363
[2026-06-25 23:12:43,672][root][INFO] - Val leaf stats: tensor([1.6250e-01, 7.5667e-02, 8.0667e-02, 2.8667e-02, 3.1167e-02, 7.8333e-03,
        2.5000e-03, 2.5000e-02, 3.0000e-03, 1.1667e-02, 0.0000e+00, 7.2500e-02,
        3.7500e-01, 1.2367e-01, 1.6667e-04, 0.0000e+00])
[2026-06-25 23:12:51,791][root][INFO] - Epoch: 6 | train acc: 0.8982, train loss: 0.34737439, valid acc: 0.8878, valid loss: 0.37973853, test acc: 0.8967, test loss: 0.36395118
[2026-06-25 23:12:55,321][root][INFO] - reg loss: 8.273782482687032, entropy loss: 0.4077371474144594, leaf dev: 0.07317578792572021
[2026-06-25 23:12:55,322][root][INFO] - Val leaf stats: tensor([0.0128, 0.0023, 0.0412, 0.0000, 0.0115, 0.0022, 0.0120, 0.0892, 0.1070,
        0.2583, 0.0613, 0.1508, 0.1517, 0.0552, 0.0445, 0.0000])
[2026-06-25 23:13:00,003][root][INFO] - Epoch: 6 | train acc: 0.8860, train loss: 0.66862509, valid acc: 0.8753, valid loss: 0.42137258, test acc: 0.8781, test loss: 0.41636718
[2026-06-25 23:13:00,426][root][INFO] - Epoch: 6 | train acc: 0.8916, train loss: 1.22625467, valid acc: 0.8568, valid loss: 0.46923100, test acc: 0.8681, test loss: 0.44839274
[2026-06-25 23:13:03,092][root][INFO] - reg loss: 7.329574589459401, entropy loss: 0.27289709729968376, leaf dev: 0.079004667699337
[2026-06-25 23:13:03,094][root][INFO] - Val leaf stats: tensor([0.0027, 0.0698, 0.2587, 0.1462, 0.0462, 0.0000, 0.0018, 0.0933, 0.0000,
        0.0047, 0.1850, 0.1013, 0.0000, 0.0872, 0.0000, 0.0032])
[2026-06-25 23:13:03,791][root][INFO] - reg loss: 7.155476241741541, entropy loss: 0.2155384432594731, leaf dev: 0.08500993251800537
[2026-06-25 23:13:03,792][root][INFO] - Val leaf stats: tensor([0.2303, 0.0085, 0.0862, 0.0003, 0.0062, 0.0000, 0.1587, 0.0660, 0.0000,
        0.0178, 0.0000, 0.0000, 0.2027, 0.1967, 0.0000, 0.0267])
[2026-06-25 23:13:04,166][root][INFO] - Epoch: 6 | train acc: 0.9024, train loss: 0.85603689, valid acc: 0.8475, valid loss: 0.46522407, test acc: 0.8542, test loss: 0.47678849
[2026-06-25 23:13:06,279][root][INFO] - Epoch: 6 | train acc: 0.8852, train loss: 0.68737956, valid acc: 0.8777, valid loss: 0.41017172, test acc: 0.8865, test loss: 0.38725138
[2026-06-25 23:13:07,531][root][INFO] - reg loss: 8.443632296796116, entropy loss: 0.25757217941419136, leaf dev: 0.07486892491579056
[2026-06-25 23:13:07,532][root][INFO] - Val leaf stats: tensor([0.0000, 0.1632, 0.0572, 0.0000, 0.1177, 0.0000, 0.0000, 0.1012, 0.0000,
        0.0440, 0.2140, 0.1597, 0.0000, 0.1392, 0.0000, 0.0040])
[2026-06-25 23:13:09,685][root][INFO] - reg loss: 8.04223944106192, entropy loss: 0.29754312364560254, leaf dev: 0.06372129917144775
[2026-06-25 23:13:09,686][root][INFO] - Val leaf stats: tensor([1.6450e-01, 1.2950e-01, 1.1033e-01, 4.1667e-02, 9.6000e-02, 1.8333e-02,
        2.6667e-03, 4.5500e-02, 1.0000e-02, 1.7500e-02, 0.0000e+00, 5.1333e-02,
        1.2333e-01, 1.8917e-01, 1.6667e-04, 0.0000e+00])
[2026-06-25 23:13:18,977][root][INFO] - Epoch: 7 | train acc: 0.8827, train loss: 0.42463302, valid acc: 0.8463, valid loss: 0.51030973, test acc: 0.8606, test loss: 0.50858327
[2026-06-25 23:13:22,287][root][INFO] - reg loss: 7.83039701209878, entropy loss: 0.38411423142226236, leaf dev: 0.07997015863656998
[2026-06-25 23:13:22,288][root][INFO] - Val leaf stats: tensor([3.7833e-02, 3.5167e-02, 1.1767e-01, 0.0000e+00, 0.0000e+00, 0.0000e+00,
        1.6667e-04, 7.1667e-03, 1.5600e-01, 6.8333e-03, 4.3000e-02, 8.5500e-02,
        2.7100e-01, 1.7533e-01, 6.4333e-02, 0.0000e+00])
[2026-06-25 23:13:27,331][root][INFO] - Epoch: 7 | train acc: 0.8796, train loss: 0.68426051, valid acc: 0.8212, valid loss: 0.53646322, test acc: 0.8205, test loss: 0.54179600
[2026-06-25 23:13:28,193][root][INFO] - Epoch: 7 | train acc: 0.8983, train loss: 1.16371178, valid acc: 0.8603, valid loss: 0.44713620, test acc: 0.8783, test loss: 0.42395796
[2026-06-25 23:13:31,000][root][INFO] - reg loss: 7.1418448844045965, entropy loss: 0.27241669595241547, leaf dev: 0.09630943834781647
[2026-06-25 23:13:31,001][root][INFO] - Val leaf stats: tensor([0.0008, 0.0323, 0.0135, 0.0033, 0.0487, 0.0000, 0.0000, 0.0275, 0.0000,
        0.0098, 0.3495, 0.1837, 0.0670, 0.1635, 0.0000, 0.1003])
[2026-06-25 23:13:31,601][root][INFO] - reg loss: 6.952704946949797, entropy loss: 0.20306380514828665, leaf dev: 0.09103212505578995
[2026-06-25 23:13:31,602][root][INFO] - Val leaf stats: tensor([0.2965, 0.0025, 0.0210, 0.0000, 0.0145, 0.0000, 0.1745, 0.0490, 0.0000,
        0.0180, 0.0000, 0.0000, 0.1935, 0.1382, 0.0000, 0.0923])
[2026-06-25 23:13:31,684][root][INFO] - Epoch: 7 | train acc: 0.9041, train loss: 0.80626173, valid acc: 0.8927, valid loss: 0.38364255, test acc: 0.8916, test loss: 0.37636331
[2026-06-25 23:13:33,542][root][INFO] - Epoch: 7 | train acc: 0.9036, train loss: 0.61922775, valid acc: 0.8635, valid loss: 0.42668318, test acc: 0.8802, test loss: 0.39330827
[2026-06-25 23:13:35,193][root][INFO] - reg loss: 8.040152446278986, entropy loss: 0.23612463952235455, leaf dev: 0.06782898306846619
[2026-06-25 23:13:35,194][root][INFO] - Val leaf stats: tensor([0.0000, 0.1570, 0.0612, 0.0000, 0.1062, 0.0000, 0.0000, 0.1262, 0.0000,
        0.1268, 0.1587, 0.1060, 0.0000, 0.1530, 0.0000, 0.0050])
[2026-06-25 23:13:36,836][root][INFO] - reg loss: 7.947373741077927, entropy loss: 0.2980715275373099, leaf dev: 0.07390592247247696
[2026-06-25 23:13:36,837][root][INFO] - Val leaf stats: tensor([0.1813, 0.1175, 0.1088, 0.0508, 0.1008, 0.0202, 0.0010, 0.0492, 0.0003,
        0.0018, 0.0007, 0.0202, 0.1038, 0.2432, 0.0003, 0.0000])
[2026-06-25 23:13:46,890][root][INFO] - Epoch: 8 | train acc: 0.8683, train loss: 0.46846882, valid acc: 0.8463, valid loss: 0.51432791, test acc: 0.8601, test loss: 0.49150490
[2026-06-25 23:13:51,104][root][INFO] - reg loss: 7.801346104100065, entropy loss: 0.37268332996458375, leaf dev: 0.10382962971925735
[2026-06-25 23:13:51,105][root][INFO] - Val leaf stats: tensor([5.5000e-02, 3.7000e-02, 1.1550e-01, 0.0000e+00, 3.3333e-04, 0.0000e+00,
        3.3333e-04, 8.0000e-03, 1.6667e-04, 0.0000e+00, 5.8333e-03, 1.3167e-02,
        2.4450e-01, 3.4217e-01, 1.7117e-01, 6.8333e-03])
[2026-06-25 23:13:56,536][root][INFO] - Epoch: 8 | train acc: 0.8915, train loss: 0.63868908, valid acc: 0.8823, valid loss: 0.41022301, test acc: 0.8817, test loss: 0.39990491
[2026-06-25 23:13:57,859][root][INFO] - Epoch: 8 | train acc: 0.9003, train loss: 1.10870179, valid acc: 0.8860, valid loss: 0.39313448, test acc: 0.8989, test loss: 0.37665085
[2026-06-25 23:14:00,757][root][INFO] - reg loss: 7.0855839747302936, entropy loss: 0.2740022289865422, leaf dev: 0.09284786134958267
[2026-06-25 23:14:00,758][root][INFO] - Val leaf stats: tensor([0.0012, 0.0400, 0.0215, 0.0043, 0.0502, 0.0000, 0.0000, 0.0352, 0.0000,
        0.0428, 0.3055, 0.1813, 0.0532, 0.2325, 0.0000, 0.0323])
[2026-06-25 23:14:01,064][root][INFO] - Epoch: 8 | train acc: 0.8819, train loss: 0.86810217, valid acc: 0.8683, valid loss: 0.45002013, test acc: 0.8700, test loss: 0.44308581
[2026-06-25 23:14:01,530][root][INFO] - reg loss: 6.6404786154908955, entropy loss: 0.19147826337589408, leaf dev: 0.08476569503545761
[2026-06-25 23:14:01,531][root][INFO] - Val leaf stats: tensor([2.6917e-01, 2.1000e-02, 2.1167e-02, 1.6667e-04, 4.1667e-03, 0.0000e+00,
        1.4917e-01, 4.6333e-02, 0.0000e+00, 5.0333e-02, 0.0000e+00, 0.0000e+00,
        2.0250e-01, 1.4183e-01, 0.0000e+00, 9.4167e-02])
[2026-06-25 23:14:02,479][root][INFO] - Epoch: 8 | train acc: 0.9063, train loss: 0.59577237, valid acc: 0.8803, valid loss: 0.38659106, test acc: 0.8916, test loss: 0.35858792
[2026-06-25 23:14:05,006][root][INFO] - reg loss: 7.6664160647482245, entropy loss: 0.23482717812623619, leaf dev: 0.07320144772529602
[2026-06-25 23:14:05,007][root][INFO] - Val leaf stats: tensor([0.0000, 0.1283, 0.0850, 0.0000, 0.1372, 0.0000, 0.0000, 0.1782, 0.0000,
        0.1420, 0.1977, 0.0877, 0.0000, 0.0412, 0.0000, 0.0028])
[2026-06-25 23:14:06,137][root][INFO] - reg loss: 7.86775774775811, entropy loss: 0.2846220647389034, leaf dev: 0.0680987611413002
[2026-06-25 23:14:06,138][root][INFO] - Val leaf stats: tensor([1.6550e-01, 1.8250e-01, 1.1783e-01, 5.5333e-02, 1.6767e-01, 2.8500e-02,
        1.3333e-03, 5.6667e-02, 1.3333e-03, 8.0000e-03, 0.0000e+00, 1.9167e-02,
        6.1667e-02, 1.3433e-01, 1.6667e-04, 0.0000e+00])
[2026-06-25 23:14:16,586][root][INFO] - Epoch: 9 | train acc: 0.8870, train loss: 0.41391712, valid acc: 0.8708, valid loss: 0.44546687, test acc: 0.8845, test loss: 0.42899830
[2026-06-25 23:14:20,561][root][INFO] - reg loss: 7.577750669335419, entropy loss: 0.3716623212368983, leaf dev: 0.0920797735452652
[2026-06-25 23:14:20,562][root][INFO] - Val leaf stats: tensor([9.7000e-02, 4.3833e-02, 1.5133e-01, 1.6667e-04, 6.6667e-04, 0.0000e+00,
        3.3333e-04, 1.2833e-02, 0.0000e+00, 0.0000e+00, 1.0000e-02, 3.3833e-02,
        2.5583e-01, 2.7133e-01, 1.2233e-01, 5.0000e-04])
[2026-06-25 23:14:27,748][root][INFO] - Epoch: 9 | train acc: 0.8572, train loss: 0.77639384, valid acc: 0.8572, valid loss: 0.55164971, test acc: 0.8568, test loss: 0.54168262
[2026-06-25 23:14:28,330][root][INFO] - Epoch: 9 | train acc: 0.9134, train loss: 1.05464819, valid acc: 0.8940, valid loss: 0.35978474, test acc: 0.9082, test loss: 0.33271341
[2026-06-25 23:14:31,699][root][INFO] - reg loss: 6.736354441012976, entropy loss: 0.2684084784309819, leaf dev: 0.08598143607378006
[2026-06-25 23:14:31,700][root][INFO] - Val leaf stats: tensor([0.0025, 0.0592, 0.0775, 0.0137, 0.0608, 0.0000, 0.0000, 0.0422, 0.0000,
        0.0223, 0.0600, 0.1212, 0.0152, 0.2390, 0.0000, 0.2865])
[2026-06-25 23:14:32,479][root][INFO] - reg loss: 6.4955334888314304, entropy loss: 0.18739383681765143, leaf dev: 0.0870521143078804
[2026-06-25 23:14:32,479][root][INFO] - Val leaf stats: tensor([0.2497, 0.0072, 0.0302, 0.0000, 0.0007, 0.0000, 0.1880, 0.0622, 0.0000,
        0.0202, 0.0000, 0.0000, 0.2163, 0.1352, 0.0000, 0.0905])
[2026-06-25 23:14:32,510][root][INFO] - Epoch: 9 | train acc: 0.8948, train loss: 0.80310090, valid acc: 0.8892, valid loss: 0.37077356, test acc: 0.8907, test loss: 0.36107538
[2026-06-25 23:14:34,787][root][INFO] - Epoch: 9 | train acc: 0.9125, train loss: 0.57156505, valid acc: 0.8880, valid loss: 0.37041735, test acc: 0.8992, test loss: 0.34811625
[2026-06-25 23:14:36,407][root][INFO] - reg loss: 7.616733092182088, entropy loss: 0.225409929904173, leaf dev: 0.0712941512465477
[2026-06-25 23:14:36,416][root][INFO] - Val leaf stats: tensor([0.0000, 0.1127, 0.1055, 0.0000, 0.0970, 0.0000, 0.0000, 0.1230, 0.0000,
        0.1542, 0.2253, 0.1013, 0.0000, 0.0743, 0.0000, 0.0067])
[2026-06-25 23:14:38,761][root][INFO] - reg loss: 7.790749563361114, entropy loss: 0.2734272629022598, leaf dev: 0.06870239228010178
[2026-06-25 23:14:38,762][root][INFO] - Val leaf stats: tensor([0.1693, 0.1710, 0.1048, 0.0352, 0.1290, 0.0008, 0.0083, 0.0530, 0.0042,
        0.0165, 0.0000, 0.0373, 0.0828, 0.1873, 0.0003, 0.0000])
[2026-06-25 23:14:46,561][root][INFO] - Epoch: 10 | train acc: 0.9063, train loss: 0.33509298, valid acc: 0.8875, valid loss: 0.39095779, test acc: 0.8930, test loss: 0.38451767
[2026-06-25 23:14:50,012][root][INFO] - reg loss: 7.498223309246999, entropy loss: 0.3651003472085269, leaf dev: 0.09055855870246887
[2026-06-25 23:14:50,013][root][INFO] - Val leaf stats: tensor([0.0608, 0.0345, 0.1305, 0.0005, 0.0025, 0.0000, 0.0015, 0.0227, 0.0003,
        0.0000, 0.0172, 0.0497, 0.2450, 0.2720, 0.1622, 0.0007])
[2026-06-25 23:14:58,733][root][INFO] - Epoch: 10 | train acc: 0.8985, train loss: 0.61480404, valid acc: 0.8992, valid loss: 0.35367307, test acc: 0.8945, test loss: 0.35530115
[2026-06-25 23:14:59,109][root][INFO] - Epoch: 10 | train acc: 0.9155, train loss: 1.02833803, valid acc: 0.8843, valid loss: 0.38185807, test acc: 0.9011, test loss: 0.35640518
[2026-06-25 23:15:02,888][root][INFO] - reg loss: 6.461424976024988, entropy loss: 0.18546334724381286, leaf dev: 0.08574184030294418
[2026-06-25 23:15:02,890][root][INFO] - Val leaf stats: tensor([0.2788, 0.0342, 0.0492, 0.0000, 0.0013, 0.0000, 0.1937, 0.0752, 0.0000,
        0.0210, 0.0000, 0.0000, 0.1872, 0.0730, 0.0000, 0.0865])
[2026-06-25 23:15:03,073][root][INFO] - reg loss: 6.770023935246018, entropy loss: 0.2682013061811339, leaf dev: 0.07973093539476395
[2026-06-25 23:15:03,074][root][INFO] - Val leaf stats: tensor([0.0032, 0.0658, 0.1363, 0.0260, 0.0770, 0.0000, 0.0000, 0.0160, 0.0000,
        0.0322, 0.1025, 0.1530, 0.0237, 0.2980, 0.0053, 0.0610])
[2026-06-25 23:15:03,800][root][INFO] - Epoch: 10 | train acc: 0.9122, train loss: 0.74746784, valid acc: 0.8938, valid loss: 0.35964846, test acc: 0.8987, test loss: 0.34775940
[2026-06-25 23:15:04,917][root][INFO] - Epoch: 10 | train acc: 0.9177, train loss: 0.54628266, valid acc: 0.8908, valid loss: 0.35569807, test acc: 0.9005, test loss: 0.33133060
[2026-06-25 23:15:07,521][root][INFO] - reg loss: 7.650254060637276, entropy loss: 0.22326634219794902, leaf dev: 0.07024676352739334
[2026-06-25 23:15:07,522][root][INFO] - Val leaf stats: tensor([0.0000, 0.1242, 0.0995, 0.0000, 0.1230, 0.0000, 0.0000, 0.1760, 0.0000,
        0.1247, 0.1930, 0.0818, 0.0000, 0.0748, 0.0000, 0.0030])
[2026-06-25 23:15:08,905][root][INFO] - reg loss: 7.704530338071427, entropy loss: 0.27207778506683855, leaf dev: 0.06653553992509842
[2026-06-25 23:15:08,906][root][INFO] - Val leaf stats: tensor([0.1692, 0.1573, 0.0967, 0.0263, 0.1270, 0.0000, 0.0125, 0.0628, 0.0062,
        0.0108, 0.0020, 0.0375, 0.1168, 0.1733, 0.0015, 0.0000])
[2026-06-25 23:15:15,842][root][INFO] - Epoch: 11 | train acc: 0.9110, train loss: 0.31842576, valid acc: 0.8893, valid loss: 0.38885890, test acc: 0.8941, test loss: 0.37437296
[2026-06-25 23:15:20,328][root][INFO] - reg loss: 7.919424227948459, entropy loss: 0.38162023560056146, leaf dev: 0.06749375909566879
[2026-06-25 23:15:20,329][root][INFO] - Val leaf stats: tensor([0.0787, 0.0482, 0.1175, 0.0033, 0.0188, 0.0005, 0.0082, 0.0558, 0.0060,
        0.0027, 0.0508, 0.1877, 0.2130, 0.1070, 0.1015, 0.0003])
[2026-06-25 23:15:28,973][root][INFO] - Epoch: 11 | train acc: 0.8993, train loss: 1.08567838, valid acc: 0.8613, valid loss: 0.46073904, test acc: 0.8633, test loss: 0.47383621
[2026-06-25 23:15:29,036][root][INFO] - Epoch: 11 | train acc: 0.9154, train loss: 0.56466137, valid acc: 0.9077, valid loss: 0.33493960, test acc: 0.9083, test loss: 0.32248860
[2026-06-25 23:15:32,348][root][INFO] - reg loss: 6.910501408127119, entropy loss: 0.2790158809918278, leaf dev: 0.0755079835653305
[2026-06-25 23:15:32,349][root][INFO] - Val leaf stats: tensor([0.0022, 0.0627, 0.0887, 0.0125, 0.0883, 0.0000, 0.0000, 0.0185, 0.0000,
        0.0400, 0.1162, 0.1707, 0.0350, 0.2723, 0.0018, 0.0912])
[2026-06-25 23:15:32,663][root][INFO] - reg loss: 6.348957772524852, entropy loss: 0.18680894866866884, leaf dev: 0.10637456178665161
[2026-06-25 23:15:32,664][root][INFO] - Val leaf stats: tensor([2.1517e-01, 2.6167e-02, 1.5500e-02, 5.0000e-04, 1.6667e-04, 0.0000e+00,
        9.2500e-02, 3.1000e-02, 0.0000e+00, 3.3500e-02, 0.0000e+00, 0.0000e+00,
        3.9533e-01, 9.4167e-02, 0.0000e+00, 9.6000e-02])
[2026-06-25 23:15:33,480][root][INFO] - Epoch: 11 | train acc: 0.9148, train loss: 0.73159495, valid acc: 0.9053, valid loss: 0.33479609, test acc: 0.9091, test loss: 0.32458049
[2026-06-25 23:15:36,337][root][INFO] - Epoch: 11 | train acc: 0.9201, train loss: 0.54498061, valid acc: 0.9003, valid loss: 0.33757152, test acc: 0.9058, test loss: 0.31971621
[2026-06-25 23:15:37,059][root][INFO] - reg loss: 7.629072778629807, entropy loss: 0.2201530916510888, leaf dev: 0.0695795863866806
[2026-06-25 23:15:37,060][root][INFO] - Val leaf stats: tensor([0.0000, 0.1277, 0.1222, 0.0000, 0.1193, 0.0000, 0.0000, 0.1198, 0.0000,
        0.1517, 0.2002, 0.0747, 0.0000, 0.0815, 0.0000, 0.0030])
[2026-06-25 23:15:40,249][root][INFO] - reg loss: 7.731844902038574, entropy loss: 0.2739610587650875, leaf dev: 0.06232498213648796
[2026-06-25 23:15:40,250][root][INFO] - Val leaf stats: tensor([1.4250e-01, 1.1983e-01, 1.0133e-01, 1.6667e-02, 1.1800e-01, 0.0000e+00,
        3.0500e-02, 6.9500e-02, 1.1833e-02, 2.2000e-02, 0.0000e+00, 4.8333e-02,
        1.2867e-01, 1.9067e-01, 1.6667e-04, 0.0000e+00])
[2026-06-25 23:15:46,940][root][INFO] - Epoch: 12 | train acc: 0.9131, train loss: 0.30547142, valid acc: 0.8742, valid loss: 0.44471359, test acc: 0.8819, test loss: 0.41377816
[2026-06-25 23:15:50,925][root][INFO] - reg loss: 7.86523448296313, entropy loss: 0.37757654038240324, leaf dev: 0.08210036903619766
[2026-06-25 23:15:50,926][root][INFO] - Val leaf stats: tensor([0.1068, 0.0815, 0.0075, 0.0000, 0.0007, 0.0000, 0.0008, 0.0205, 0.0095,
        0.0030, 0.0887, 0.1825, 0.2838, 0.0938, 0.1202, 0.0007])
[2026-06-25 23:15:58,075][root][INFO] - MLFlow server is starting on LOCAL with experiment STM_MS_hard_seeded...
[2026-06-25 23:15:58,179][root][INFO] - MLFlow run ID: 734117eb16164782b0e0dd04a193a8e3, status: RUNNING
[2026-06-25 23:15:58,311][root][INFO] - Starting experiment IATrain...
[2026-06-25 23:15:59,085][root][INFO] - Epoch: 12 | train acc: 0.8977, train loss: 1.06812845, valid acc: 0.8950, valid loss: 0.37060835, test acc: 0.9053, test loss: 0.36331699
[2026-06-25 23:15:59,293][root][INFO] - Epoch: 12 | train acc: 0.8956, train loss: 0.61387429, valid acc: 0.8747, valid loss: 0.41962759, test acc: 0.8687, test loss: 0.43850340
[2026-06-25 23:16:02,692][root][INFO] - reg loss: 6.2503357878271135, entropy loss: 0.17664830358523242, leaf dev: 0.09429579228162766
[2026-06-25 23:16:02,694][root][INFO] - Val leaf stats: tensor([0.2625, 0.0122, 0.0378, 0.0003, 0.0082, 0.0000, 0.1710, 0.0453, 0.0000,
        0.0180, 0.0000, 0.0000, 0.2833, 0.0663, 0.0000, 0.0950])
[2026-06-25 23:16:02,829][root][INFO] - reg loss: 6.645022873608571, entropy loss: 0.2624361739968354, leaf dev: 0.09701971709728241
[2026-06-25 23:16:02,830][root][INFO] - Val leaf stats: tensor([6.0000e-03, 8.1833e-02, 1.1450e-01, 1.0667e-02, 8.9833e-02, 0.0000e+00,
        0.0000e+00, 2.0000e-02, 1.6667e-04, 1.0667e-02, 6.3333e-03, 1.7333e-02,
        3.6000e-02, 3.5250e-01, 3.5000e-02, 2.1917e-01])
[2026-06-25 23:16:03,487][root][INFO] - Epoch: 12 | train acc: 0.9025, train loss: 0.74997632, valid acc: 0.9005, valid loss: 0.35639390, test acc: 0.9021, test loss: 0.35257814
[2026-06-25 23:16:05,797][root][INFO] - Epoch: 12 | train acc: 0.9272, train loss: 0.51564991, valid acc: 0.8947, valid loss: 0.34088672, test acc: 0.9036, test loss: 0.32445882
[2026-06-25 23:16:07,427][root][INFO] - reg loss: 6.865603707871347, entropy loss: 0.20722513688060473, leaf dev: 0.08724826574325562
[2026-06-25 23:16:07,428][root][INFO] - Val leaf stats: tensor([0.0000, 0.0312, 0.0188, 0.0000, 0.0567, 0.0000, 0.0000, 0.0912, 0.0000,
        0.2110, 0.2423, 0.1913, 0.0000, 0.1548, 0.0000, 0.0027])
[2026-06-25 23:16:09,505][root][INFO] - reg loss: 7.5590165875992685, entropy loss: 0.27010643819593033, leaf dev: 0.06539469957351685
[2026-06-25 23:16:09,506][root][INFO] - Val leaf stats: tensor([1.4117e-01, 7.3500e-02, 1.5717e-01, 4.1167e-02, 9.9667e-02, 0.0000e+00,
        4.0000e-03, 5.0333e-02, 1.0833e-02, 2.5500e-02, 0.0000e+00, 5.9333e-02,
        1.4300e-01, 1.9417e-01, 1.6667e-04, 0.0000e+00])
[2026-06-25 23:16:16,342][root][INFO] - Epoch: 13 | train acc: 0.9086, train loss: 0.31797030, valid acc: 0.8943, valid loss: 0.37810958, test acc: 0.8929, test loss: 0.38085193
[2026-06-25 23:16:19,966][root][INFO] - reg loss: 7.109110179937111, entropy loss: 0.3468516266570901, leaf dev: 0.08668901771306992
[2026-06-25 23:16:19,967][root][INFO] - Val leaf stats: tensor([1.9050e-01, 1.0333e-01, 1.5000e-02, 0.0000e+00, 2.3333e-03, 1.6667e-04,
        2.6667e-03, 3.3833e-02, 5.0000e-04, 3.3333e-04, 1.7167e-02, 3.4500e-02,
        2.5167e-01, 2.0350e-01, 1.4367e-01, 8.3333e-04])
[2026-06-25 23:16:29,212][root][INFO] - Epoch: 0 | train acc: 0.6488, train loss: 2.49425076, valid acc: 0.7249, valid loss: 0.80450235, test acc: 0.7224, test loss: 0.86888163
[2026-06-25 23:16:29,485][root][INFO] - Epoch: 13 | train acc: 0.9174, train loss: 0.97065001, valid acc: 0.8990, valid loss: 0.35094807, test acc: 0.9114, test loss: 0.33280739
[2026-06-25 23:16:29,898][root][INFO] - Epoch: 13 | train acc: 0.8749, train loss: 0.67789582, valid acc: 0.8495, valid loss: 0.52051168, test acc: 0.8549, test loss: 0.49763275
[2026-06-25 23:16:31,712][root][INFO] - reg loss: 10.960621742975144, entropy loss: 0.3671946561841107, leaf dev: 0.11354465037584305
[2026-06-25 23:16:31,713][root][INFO] - Val leaf stats: tensor([1.8771e-02, 4.0288e-01, 4.0157e-03, 2.6980e-01, 6.5372e-04, 9.3388e-05,
        1.4475e-02, 1.3168e-02, 9.3388e-05, 2.4841e-02, 7.9380e-03, 8.6197e-02,
        7.8166e-02, 7.6205e-02, 1.8678e-04, 2.5215e-03])
[2026-06-25 23:16:33,541][root][INFO] - reg loss: 6.013350540736936, entropy loss: 0.1710154335453825, leaf dev: 0.08640085160732269
[2026-06-25 23:16:33,542][root][INFO] - Val leaf stats: tensor([2.3600e-01, 3.9000e-02, 3.3167e-02, 1.6667e-04, 7.6667e-03, 0.0000e+00,
        1.7600e-01, 5.5167e-02, 0.0000e+00, 3.0000e-02, 0.0000e+00, 0.0000e+00,
        2.6017e-01, 6.9833e-02, 0.0000e+00, 9.2833e-02])
[2026-06-25 23:16:33,616][root][INFO] - reg loss: 6.646900361438967, entropy loss: 0.2515452055717414, leaf dev: 0.09434844553470612
[2026-06-25 23:16:33,617][root][INFO] - Val leaf stats: tensor([0.2205, 0.1112, 0.3318, 0.1108, 0.0832, 0.0000, 0.0008, 0.0178, 0.0000,
        0.0007, 0.0005, 0.0030, 0.0068, 0.0565, 0.0112, 0.0452])
[2026-06-25 23:16:33,860][root][INFO] - Epoch: 13 | train acc: 0.9109, train loss: 0.69932370, valid acc: 0.8823, valid loss: 0.40866629, test acc: 0.8878, test loss: 0.38304477
[2026-06-25 23:16:36,106][root][INFO] - Epoch: 13 | train acc: 0.9021, train loss: 0.57800889, valid acc: 0.8690, valid loss: 0.42385783, test acc: 0.8839, test loss: 0.38685128
[2026-06-25 23:16:37,542][root][INFO] - reg loss: 6.938188147994707, entropy loss: 0.19890487250292077, leaf dev: 0.08558905124664307
[2026-06-25 23:16:37,544][root][INFO] - Val leaf stats: tensor([0.0000, 0.0628, 0.0345, 0.0000, 0.0703, 0.0000, 0.0000, 0.0915, 0.0000,
        0.2890, 0.1865, 0.1130, 0.0000, 0.1512, 0.0000, 0.0012])
[2026-06-25 23:16:40,512][root][INFO] - reg loss: 7.240961002853681, entropy loss: 0.2544207955306431, leaf dev: 0.07788146287202835
[2026-06-25 23:16:40,513][root][INFO] - Val leaf stats: tensor([0.1607, 0.1715, 0.1512, 0.0440, 0.2368, 0.0000, 0.0892, 0.0900, 0.0003,
        0.0013, 0.0000, 0.0123, 0.0098, 0.0328, 0.0000, 0.0000])
[2026-06-25 23:16:45,453][root][INFO] - Epoch: 14 | train acc: 0.9147, train loss: 0.30248101, valid acc: 0.9005, valid loss: 0.36188225, test acc: 0.8971, test loss: 0.37135415
[2026-06-25 23:16:49,651][root][INFO] - reg loss: 6.813293987849973, entropy loss: 0.3320578783750534, leaf dev: 0.08649147301912308
[2026-06-25 23:16:49,652][root][INFO] - Val leaf stats: tensor([1.7900e-01, 7.0167e-02, 1.1333e-02, 0.0000e+00, 4.8333e-03, 3.3333e-04,
        4.3333e-03, 4.7667e-02, 1.6667e-04, 3.3333e-04, 1.7500e-02, 3.5500e-02,
        2.4600e-01, 2.0667e-01, 1.7467e-01, 1.5000e-03])
[2026-06-25 23:16:59,285][root][INFO] - Epoch: 14 | train acc: 0.9188, train loss: 0.94533857, valid acc: 0.9028, valid loss: 0.33738466, test acc: 0.9100, test loss: 0.32400256
[2026-06-25 23:17:00,614][root][INFO] - Epoch: 14 | train acc: 0.8845, train loss: 0.67119279, valid acc: 0.8527, valid loss: 0.50560135, test acc: 0.8564, test loss: 0.48756569
[2026-06-25 23:17:03,085][root][INFO] - reg loss: 6.084508823898603, entropy loss: 0.16445177638868116, leaf dev: 0.08290811628103256
[2026-06-25 23:17:03,086][root][INFO] - Val leaf stats: tensor([2.3650e-01, 4.1000e-02, 3.0333e-02, 1.6667e-04, 0.0000e+00, 0.0000e+00,
        1.7567e-01, 5.1167e-02, 0.0000e+00, 6.1500e-02, 0.0000e+00, 3.3333e-04,
        2.3600e-01, 7.6000e-02, 0.0000e+00, 9.1333e-02])
[2026-06-25 23:17:03,237][root][INFO] - Epoch: 1 | train acc: 0.7839, train loss: 1.59442980, valid acc: 0.8042, valid loss: 0.56657281, test acc: 0.8277, test loss: 0.76357440
[2026-06-25 23:17:03,672][root][INFO] - reg loss: 6.426232185003893, entropy loss: 0.24962538874374246, leaf dev: 0.07622505724430084
[2026-06-25 23:17:03,674][root][INFO] - Val leaf stats: tensor([1.6000e-01, 1.5617e-01, 1.2917e-01, 2.2183e-01, 1.0200e-01, 0.0000e+00,
        8.3333e-03, 1.4283e-01, 0.0000e+00, 1.6667e-04, 0.0000e+00, 6.6667e-04,
        5.8333e-03, 5.0000e-02, 4.5000e-03, 1.8500e-02])
[2026-06-25 23:17:04,535][root][INFO] - Epoch: 14 | train acc: 0.8947, train loss: 0.76540931, valid acc: 0.9022, valid loss: 0.35884099, test acc: 0.8988, test loss: 0.35827267
[2026-06-25 23:17:06,279][root][INFO] - reg loss: 8.0704298221245, entropy loss: 0.2402025473023218, leaf dev: 0.09434708207845688
[2026-06-25 23:17:06,286][root][INFO] - Val leaf stats: tensor([1.2579e-01, 3.7084e-01, 5.0430e-03, 1.4419e-01, 6.5372e-04, 0.0000e+00,
        3.2126e-02, 4.4079e-02, 9.3388e-05, 2.5775e-02, 1.7370e-02, 8.3302e-02,
        7.3870e-02, 7.4244e-02, 4.6694e-04, 2.1479e-03])
[2026-06-25 23:17:07,349][root][INFO] - Epoch: 14 | train acc: 0.8620, train loss: 0.68138315, valid acc: 0.8682, valid loss: 0.44115986, test acc: 0.8747, test loss: 0.43508915
[2026-06-25 23:17:08,440][root][INFO] - reg loss: 6.837736233225408, entropy loss: 0.19961958884630562, leaf dev: 0.08829965442419052
[2026-06-25 23:17:08,441][root][INFO] - Val leaf stats: tensor([0.0000, 0.0867, 0.0313, 0.0000, 0.0778, 0.0000, 0.0000, 0.0877, 0.0000,
        0.3200, 0.1140, 0.1072, 0.0000, 0.1742, 0.0000, 0.0012])
[2026-06-25 23:17:11,277][root][INFO] - reg loss: 6.3723090009869265, entropy loss: 0.22183140873346688, leaf dev: 0.0890636071562767
[2026-06-25 23:17:11,278][root][INFO] - Val leaf stats: tensor([0.1770, 0.3335, 0.0285, 0.0190, 0.0707, 0.0000, 0.0157, 0.0440, 0.0097,
        0.0205, 0.0000, 0.0673, 0.0710, 0.1432, 0.0000, 0.0000])
[2026-06-25 23:17:15,556][root][INFO] - Epoch: 15 | train acc: 0.9204, train loss: 0.27908079, valid acc: 0.9025, valid loss: 0.34873377, test acc: 0.9061, test loss: 0.34930051
[2026-06-25 23:17:19,993][root][INFO] - reg loss: 6.7471086664019895, entropy loss: 0.3314810909752576, leaf dev: 0.09442843496799469
[2026-06-25 23:17:19,994][root][INFO] - Val leaf stats: tensor([0.1465, 0.0385, 0.0078, 0.0000, 0.0097, 0.0003, 0.0027, 0.0562, 0.0003,
        0.0003, 0.0207, 0.0272, 0.2673, 0.2757, 0.1462, 0.0007])
[2026-06-25 23:17:29,785][root][INFO] - Epoch: 15 | train acc: 0.9244, train loss: 0.87496687, valid acc: 0.9010, valid loss: 0.34557452, test acc: 0.9140, test loss: 0.31622400
[2026-06-25 23:17:31,116][root][INFO] - Epoch: 15 | train acc: 0.8858, train loss: 0.61083384, valid acc: 0.8838, valid loss: 0.39057369, test acc: 0.8833, test loss: 0.39396735
[2026-06-25 23:17:33,405][root][INFO] - reg loss: 5.921995198951577, entropy loss: 0.15322673728443542, leaf dev: 0.08577586710453033
[2026-06-25 23:17:33,407][root][INFO] - Val leaf stats: tensor([2.4283e-01, 4.2000e-02, 3.4000e-02, 1.6667e-04, 0.0000e+00, 0.0000e+00,
        1.8183e-01, 5.5000e-02, 0.0000e+00, 3.4500e-02, 0.0000e+00, 1.6667e-04,
        2.4417e-01, 6.8333e-02, 0.0000e+00, 9.7000e-02])
[2026-06-25 23:17:34,309][root][INFO] - reg loss: 6.362099134697105, entropy loss: 0.2287744905026454, leaf dev: 0.09205171465873718
[2026-06-25 23:17:34,310][root][INFO] - Val leaf stats: tensor([2.5233e-01, 3.1667e-03, 2.7150e-01, 1.2900e-01, 9.9333e-02, 1.6667e-04,
        3.5000e-03, 1.5000e-01, 0.0000e+00, 1.6667e-04, 0.0000e+00, 1.0000e-03,
        9.5000e-03, 4.9500e-02, 6.1667e-03, 2.4667e-02])
[2026-06-25 23:17:35,890][root][INFO] - Epoch: 15 | train acc: 0.9118, train loss: 0.70513238, valid acc: 0.9122, valid loss: 0.32708619, test acc: 0.9115, test loss: 0.31931426
[2026-06-25 23:17:36,146][root][INFO] - Epoch: 2 | train acc: 0.8424, train loss: 1.32388116, valid acc: 0.8338, valid loss: 0.48349922, test acc: 0.8585, test loss: 0.75292593
[2026-06-25 23:17:37,026][root][INFO] - Epoch: 15 | train acc: 0.8895, train loss: 0.59507148, valid acc: 0.8668, valid loss: 0.44745167, test acc: 0.8784, test loss: 0.40935538
[2026-06-25 23:17:39,074][root][INFO] - reg loss: 7.908554864308191, entropy loss: 0.2094602928590522, leaf dev: 0.10911048203706741
[2026-06-25 23:17:39,075][root][INFO] - Val leaf stats: tensor([9.0213e-02, 4.3538e-01, 2.3160e-02, 1.6614e-01, 5.6033e-04, 0.0000e+00,
        2.1573e-02, 4.7441e-02, 1.8678e-04, 1.3541e-02, 9.3388e-03, 6.2663e-02,
        5.5006e-02, 7.2843e-02, 2.8016e-04, 1.6810e-03])
[2026-06-25 23:17:39,551][root][INFO] - reg loss: 7.0043629835236745, entropy loss: 0.19940153804590116, leaf dev: 0.06948237121105194
[2026-06-25 23:17:39,552][root][INFO] - Val leaf stats: tensor([0.0000e+00, 1.5050e-01, 1.2517e-01, 0.0000e+00, 1.6067e-01, 0.0000e+00,
        0.0000e+00, 1.3167e-01, 0.0000e+00, 1.7300e-01, 8.8167e-02, 6.1000e-02,
        0.0000e+00, 1.0967e-01, 0.0000e+00, 1.6667e-04])
[2026-06-25 23:17:40,744][root][INFO] - reg loss: 6.3676392762166145, entropy loss: 0.22681742569185653, leaf dev: 0.06267964094877243
[2026-06-25 23:17:40,745][root][INFO] - Val leaf stats: tensor([0.1283, 0.1190, 0.0095, 0.0020, 0.0377, 0.0000, 0.0755, 0.0125, 0.0582,
        0.1437, 0.0000, 0.1302, 0.1080, 0.1755, 0.0000, 0.0000])
[2026-06-25 23:17:46,653][root][INFO] - Epoch: 16 | train acc: 0.9206, train loss: 0.27947821, valid acc: 0.9013, valid loss: 0.35800737, test acc: 0.9036, test loss: 0.35389364
[2026-06-25 23:17:50,868][root][INFO] - reg loss: 6.872867224351415, entropy loss: 0.32579989112773033, leaf dev: 0.0863521620631218
[2026-06-25 23:17:50,869][root][INFO] - Val leaf stats: tensor([0.1393, 0.0650, 0.0088, 0.0000, 0.0190, 0.0523, 0.0000, 0.0023, 0.0003,
        0.0003, 0.0208, 0.0303, 0.2380, 0.2332, 0.1875, 0.0027])
[2026-06-25 23:18:00,683][root][INFO] - Epoch: 16 | train acc: 0.9214, train loss: 0.87419939, valid acc: 0.8945, valid loss: 0.35816890, test acc: 0.9101, test loss: 0.32689774
[2026-06-25 23:18:00,842][root][INFO] - Epoch: 16 | train acc: 0.9025, train loss: 0.55483883, valid acc: 0.8963, valid loss: 0.34664738, test acc: 0.8961, test loss: 0.36312134
[2026-06-25 23:18:04,148][root][INFO] - reg loss: 5.954614778734603, entropy loss: 0.1521666906071159, leaf dev: 0.07851722836494446
[2026-06-25 23:18:04,149][root][INFO] - Val leaf stats: tensor([0.2618, 0.0897, 0.0530, 0.0005, 0.0000, 0.0000, 0.1380, 0.0623, 0.0000,
        0.0467, 0.0000, 0.0000, 0.1968, 0.0635, 0.0000, 0.0877])
[2026-06-25 23:18:04,642][root][INFO] - reg loss: 6.229723813398829, entropy loss: 0.22188809963892092, leaf dev: 0.09508911520242691
[2026-06-25 23:18:04,643][root][INFO] - Val leaf stats: tensor([2.6900e-01, 5.8333e-03, 2.8967e-01, 9.9167e-02, 8.9333e-02, 2.3333e-03,
        1.6667e-03, 1.4033e-01, 0.0000e+00, 1.6667e-04, 0.0000e+00, 1.3333e-03,
        1.0000e-02, 5.9667e-02, 7.0000e-03, 2.4500e-02])
[2026-06-25 23:18:06,255][root][INFO] - Epoch: 16 | train acc: 0.9290, train loss: 0.64171219, valid acc: 0.9143, valid loss: 0.29574230, test acc: 0.9169, test loss: 0.30368230
[2026-06-25 23:18:07,095][root][INFO] - Epoch: 16 | train acc: 0.9000, train loss: 0.55730062, valid acc: 0.8825, valid loss: 0.37806045, test acc: 0.8931, test loss: 0.35471640
[2026-06-25 23:18:09,821][root][INFO] - Epoch: 3 | train acc: 0.8197, train loss: 1.33407576, valid acc: 0.8538, valid loss: 0.45028786, test acc: 0.8618, test loss: 0.56777546
[2026-06-25 23:18:10,198][root][INFO] - reg loss: 7.036002955346738, entropy loss: 0.19551516802243465, leaf dev: 0.06593546271324158
[2026-06-25 23:18:10,199][root][INFO] - Val leaf stats: tensor([0.0000, 0.0858, 0.0970, 0.0043, 0.1465, 0.0000, 0.0000, 0.1182, 0.0000,
        0.1500, 0.1370, 0.1215, 0.0000, 0.1395, 0.0000, 0.0002])
[2026-06-25 23:18:10,507][root][INFO] - reg loss: 6.517825900383715, entropy loss: 0.22806823801881862, leaf dev: 0.07284419983625412
[2026-06-25 23:18:10,508][root][INFO] - Val leaf stats: tensor([0.1318, 0.1295, 0.0127, 0.0040, 0.0415, 0.0000, 0.0728, 0.0130, 0.0327,
        0.0747, 0.0010, 0.0613, 0.2065, 0.2180, 0.0005, 0.0000])
[2026-06-25 23:18:12,220][root][INFO] - reg loss: 7.506961333057868, entropy loss: 0.2008271732973674, leaf dev: 0.07164669036865234
[2026-06-25 23:18:12,220][root][INFO] - Val leaf stats: tensor([0.0294, 0.2544, 0.0115, 0.1476, 0.0007, 0.0683, 0.0423, 0.0306, 0.0003,
        0.0310, 0.0717, 0.1536, 0.1164, 0.0043, 0.0365, 0.0013])
[2026-06-25 23:18:16,573][root][INFO] - Epoch: 17 | train acc: 0.9276, train loss: 0.25569536, valid acc: 0.9002, valid loss: 0.35782335, test acc: 0.9061, test loss: 0.34573609
[2026-06-25 23:18:20,536][root][INFO] - reg loss: 6.780422278170316, entropy loss: 0.3055316395354721, leaf dev: 0.08922038972377777
[2026-06-25 23:18:20,537][root][INFO] - Val leaf stats: tensor([0.1483, 0.0527, 0.0128, 0.0000, 0.0172, 0.0450, 0.0000, 0.0008, 0.0005,
        0.0003, 0.0298, 0.0245, 0.2595, 0.2435, 0.1628, 0.0022])
[2026-06-25 23:18:30,313][root][INFO] - Epoch: 17 | train acc: 0.9270, train loss: 0.85905109, valid acc: 0.9013, valid loss: 0.32801143, test acc: 0.9177, test loss: 0.30684623
[2026-06-25 23:18:32,042][root][INFO] - Epoch: 17 | train acc: 0.9139, train loss: 0.51389047, valid acc: 0.9030, valid loss: 0.33600276, test acc: 0.9002, test loss: 0.34315191
[2026-06-25 23:18:33,631][root][INFO] - reg loss: 5.975540903379333, entropy loss: 0.15210752484371076, leaf dev: 0.07834888994693756
[2026-06-25 23:18:33,633][root][INFO] - Val leaf stats: tensor([2.3983e-01, 4.8667e-02, 4.5667e-02, 1.6667e-04, 0.0000e+00, 0.0000e+00,
        1.5733e-01, 5.8667e-02, 0.0000e+00, 7.5000e-02, 0.0000e+00, 0.0000e+00,
        2.1383e-01, 7.2500e-02, 0.0000e+00, 8.8333e-02])
[2026-06-25 23:18:36,005][root][INFO] - reg loss: 6.235589202844872, entropy loss: 0.21966292793458364, leaf dev: 0.0878075361251831
[2026-06-25 23:18:36,006][root][INFO] - Val leaf stats: tensor([0.2570, 0.0070, 0.2515, 0.0780, 0.1053, 0.0000, 0.0022, 0.1477, 0.0000,
        0.0007, 0.0007, 0.0037, 0.0055, 0.0910, 0.0138, 0.0360])
[2026-06-25 23:18:36,966][root][INFO] - Epoch: 17 | train acc: 0.9307, train loss: 0.62314294, valid acc: 0.9118, valid loss: 0.30260502, test acc: 0.9116, test loss: 0.30373511
[2026-06-25 23:18:38,445][root][INFO] - Epoch: 17 | train acc: 0.9186, train loss: 0.49760640, valid acc: 0.8942, valid loss: 0.35482785, test acc: 0.9014, test loss: 0.32813813
[2026-06-25 23:18:40,757][root][INFO] - reg loss: 6.842772384859481, entropy loss: 0.1897069309961121, leaf dev: 0.06566551327705383
[2026-06-25 23:18:40,758][root][INFO] - Val leaf stats: tensor([0.0000, 0.1417, 0.1403, 0.0012, 0.1515, 0.0000, 0.0000, 0.1112, 0.0000,
        0.1308, 0.1155, 0.0973, 0.0000, 0.1103, 0.0000, 0.0002])
[2026-06-25 23:18:41,966][root][INFO] - Epoch: 4 | train acc: 0.8826, train loss: 1.18956834, valid acc: 0.8750, valid loss: 0.38116935, test acc: 0.8211, test loss: 0.65341656
[2026-06-25 23:18:41,979][root][INFO] - reg loss: 6.490894223159215, entropy loss: 0.2254127560640281, leaf dev: 0.06868856400251389
[2026-06-25 23:18:41,980][root][INFO] - Val leaf stats: tensor([0.1383, 0.1372, 0.0165, 0.0067, 0.0478, 0.0000, 0.0740, 0.0152, 0.0322,
        0.0740, 0.0017, 0.0615, 0.1948, 0.1968, 0.0033, 0.0000])
[2026-06-25 23:18:45,167][root][INFO] - reg loss: 7.620144654834081, entropy loss: 0.20585227808939716, leaf dev: 0.07118352502584457
[2026-06-25 23:18:45,168][root][INFO] - Val leaf stats: tensor([0.0341, 0.2413, 0.0127, 0.1762, 0.0109, 0.0581, 0.0487, 0.0531, 0.0013,
        0.0353, 0.0349, 0.1541, 0.1116, 0.0033, 0.0229, 0.0014])
[2026-06-25 23:18:47,325][root][INFO] - Epoch: 18 | train acc: 0.9288, train loss: 0.24964021, valid acc: 0.9037, valid loss: 0.35279693, test acc: 0.9058, test loss: 0.34782432
[2026-06-25 23:18:51,587][root][INFO] - reg loss: 6.7928941429785965, entropy loss: 0.30514578408790083, leaf dev: 0.08255130797624588
[2026-06-25 23:18:51,588][root][INFO] - Val leaf stats: tensor([0.1805, 0.0858, 0.0205, 0.0000, 0.0250, 0.0607, 0.0000, 0.0015, 0.0000,
        0.0003, 0.0173, 0.0338, 0.2125, 0.2450, 0.1158, 0.0012])
[2026-06-25 23:19:01,363][root][INFO] - Epoch: 18 | train acc: 0.9151, train loss: 0.91497547, valid acc: 0.8900, valid loss: 0.36834052, test acc: 0.9028, test loss: 0.34855191
[2026-06-25 23:19:03,542][root][INFO] - Epoch: 18 | train acc: 0.9180, train loss: 0.50129619, valid acc: 0.9070, valid loss: 0.32948679, test acc: 0.9000, test loss: 0.34622117
[2026-06-25 23:19:04,998][root][INFO] - reg loss: 6.010068151186097, entropy loss: 0.15629652536140298, leaf dev: 0.08018972724676132
[2026-06-25 23:19:05,000][root][INFO] - Val leaf stats: tensor([2.6617e-01, 5.7333e-02, 2.2000e-02, 0.0000e+00, 0.0000e+00, 0.0000e+00,
        1.6733e-01, 6.5167e-02, 0.0000e+00, 7.2333e-02, 0.0000e+00, 1.6667e-04,
        1.7133e-01, 6.0500e-02, 0.0000e+00, 1.1767e-01])
[2026-06-25 23:19:07,141][root][INFO] - reg loss: 6.265676363459173, entropy loss: 0.21766140002687023, leaf dev: 0.09113049507141113
[2026-06-25 23:19:07,142][root][INFO] - Val leaf stats: tensor([0.2903, 0.0095, 0.2482, 0.0437, 0.1162, 0.0000, 0.0017, 0.1230, 0.0000,
        0.0012, 0.0008, 0.0050, 0.0115, 0.0927, 0.0173, 0.0390])
[2026-06-25 23:19:07,605][root][INFO] - Epoch: 18 | train acc: 0.9339, train loss: 0.60583513, valid acc: 0.9215, valid loss: 0.26833877, test acc: 0.9190, test loss: 0.28188224
[2026-06-25 23:19:08,471][root][INFO] - Epoch: 18 | train acc: 0.9228, train loss: 0.49428638, valid acc: 0.9020, valid loss: 0.33275005, test acc: 0.9089, test loss: 0.31362471
[2026-06-25 23:19:11,353][root][INFO] - reg loss: 6.852231605997625, entropy loss: 0.18812381982241036, leaf dev: 0.06596405059099197
[2026-06-25 23:19:11,354][root][INFO] - Val leaf stats: tensor([0.0000, 0.1367, 0.1110, 0.0015, 0.1168, 0.0000, 0.0000, 0.0852, 0.0000,
        0.1558, 0.1200, 0.1382, 0.0000, 0.1345, 0.0000, 0.0003])
[2026-06-25 23:19:12,514][root][INFO] - reg loss: 6.5563796961082605, entropy loss: 0.23136360479413337, leaf dev: 0.06385890394449234
[2026-06-25 23:19:12,515][root][INFO] - Val leaf stats: tensor([0.1395, 0.1217, 0.0167, 0.0060, 0.0262, 0.0000, 0.0577, 0.0168, 0.0362,
        0.1102, 0.0017, 0.0773, 0.1773, 0.1815, 0.0313, 0.0000])
[2026-06-25 23:19:16,645][root][INFO] - Epoch: 5 | train acc: 0.8915, train loss: 1.15307458, valid acc: 0.8792, valid loss: 0.39223785, test acc: 0.8480, test loss: 0.65413413
[2026-06-25 23:19:18,985][root][INFO] - Epoch: 19 | train acc: 0.8803, train loss: 0.38469517, valid acc: 0.7998, valid loss: 0.57894103, test acc: 0.8097, test loss: 0.55033123
[2026-06-25 23:19:19,917][root][INFO] - reg loss: 7.642386262378995, entropy loss: 0.20268351564962397, leaf dev: 0.06543143838644028
[2026-06-25 23:19:19,918][root][INFO] - Val leaf stats: tensor([0.0352, 0.2233, 0.0152, 0.1627, 0.0110, 0.0586, 0.0621, 0.0524, 0.0019,
        0.0288, 0.0226, 0.1340, 0.1242, 0.0032, 0.0634, 0.0014])
[2026-06-25 23:19:23,208][root][INFO] - reg loss: 6.62480705189255, entropy loss: 0.2885730885109811, leaf dev: 0.11510994285345078
[2026-06-25 23:19:23,209][root][INFO] - Val leaf stats: tensor([0.4377, 0.1913, 0.1302, 0.0007, 0.0823, 0.0892, 0.0000, 0.0170, 0.0000,
        0.0000, 0.0000, 0.0048, 0.0312, 0.0052, 0.0105, 0.0000])
[2026-06-25 23:19:31,376][root][INFO] - Epoch: 19 | train acc: 0.9250, train loss: 0.85230184, valid acc: 0.8993, valid loss: 0.33970643, test acc: 0.9101, test loss: 0.31359333
[2026-06-25 23:19:33,359][root][INFO] - Epoch: 19 | train acc: 0.9227, train loss: 0.48670764, valid acc: 0.9105, valid loss: 0.31591667, test acc: 0.9074, test loss: 0.31734893
[2026-06-25 23:19:35,210][root][INFO] - reg loss: 5.868359709685704, entropy loss: 0.14839723284514444, leaf dev: 0.07817704975605011
[2026-06-25 23:19:35,211][root][INFO] - Val leaf stats: tensor([2.2233e-01, 4.2000e-02, 3.7333e-02, 0.0000e+00, 0.0000e+00, 0.0000e+00,
        1.6683e-01, 5.4667e-02, 0.0000e+00, 6.7000e-02, 0.0000e+00, 1.6667e-04,
        2.1883e-01, 8.6000e-02, 0.0000e+00, 1.0483e-01])
[2026-06-25 23:19:36,847][root][INFO] - reg loss: 6.28460105410162, entropy loss: 0.2214091640879523, leaf dev: 0.08813218027353287
[2026-06-25 23:19:36,848][root][INFO] - Val leaf stats: tensor([0.2640, 0.0140, 0.2605, 0.0592, 0.1073, 0.0000, 0.0020, 0.1105, 0.0000,
        0.0012, 0.0012, 0.0058, 0.0113, 0.1103, 0.0142, 0.0385])
[2026-06-25 23:19:39,730][root][INFO] - Epoch: 19 | train acc: 0.9290, train loss: 0.47863939, valid acc: 0.9017, valid loss: 0.34256415, test acc: 0.9093, test loss: 0.31229745
[2026-06-25 23:19:40,186][root][INFO] - Epoch: 19 | train acc: 0.9369, train loss: 0.58737226, valid acc: 0.9182, valid loss: 0.28977860, test acc: 0.9168, test loss: 0.28723648
[2026-06-25 23:19:43,286][root][INFO] - reg loss: 6.5734297554447965, entropy loss: 0.23741974049019363, leaf dev: 0.06536294519901276
[2026-06-25 23:19:43,287][root][INFO] - Val leaf stats: tensor([0.1595, 0.0935, 0.0195, 0.0067, 0.0203, 0.0000, 0.0518, 0.0135, 0.0358,
        0.1637, 0.0012, 0.0862, 0.1475, 0.1755, 0.0253, 0.0000])
[2026-06-25 23:19:44,092][root][INFO] - reg loss: 6.7417455844159395, entropy loss: 0.18464536107373689, leaf dev: 0.06715934723615646
[2026-06-25 23:19:44,093][root][INFO] - Val leaf stats: tensor([0.0000, 0.0777, 0.1373, 0.0027, 0.1143, 0.0000, 0.0000, 0.0857, 0.0000,
        0.1465, 0.1358, 0.1538, 0.0000, 0.1458, 0.0000, 0.0003])
[2026-06-25 23:19:50,223][root][INFO] - Epoch: 20 | train acc: 0.8867, train loss: 0.37787349, valid acc: 0.8785, valid loss: 0.40828966, test acc: 0.8842, test loss: 0.38905959
[2026-06-25 23:19:52,584][root][INFO] - Epoch: 6 | train acc: 0.8437, train loss: 1.18676237, valid acc: 0.7945, valid loss: 0.54782938, test acc: 0.8108, test loss: 0.63191695
[2026-06-25 23:19:53,618][root][INFO] - reg loss: 6.512689842368072, entropy loss: 0.27532421361725284, leaf dev: 0.09232905507087708
[2026-06-25 23:19:53,620][root][INFO] - Val leaf stats: tensor([0.3328, 0.1070, 0.0662, 0.0003, 0.1883, 0.1320, 0.0000, 0.0025, 0.0000,
        0.0000, 0.0003, 0.0128, 0.0923, 0.0372, 0.0282, 0.0000])
[2026-06-25 23:19:54,786][root][INFO] - reg loss: 7.1051116166291415, entropy loss: 0.18987604510531855, leaf dev: 0.0624518096446991
[2026-06-25 23:19:54,787][root][INFO] - Val leaf stats: tensor([0.0199, 0.0342, 0.0103, 0.1413, 0.0118, 0.0588, 0.2041, 0.1089, 0.0009,
        0.0443, 0.0432, 0.1560, 0.1032, 0.0031, 0.0588, 0.0013])
[2026-06-25 23:20:02,374][root][INFO] - Epoch: 20 | train acc: 0.9300, train loss: 0.81651308, valid acc: 0.8983, valid loss: 0.33900680, test acc: 0.9121, test loss: 0.31006662
[2026-06-25 23:20:02,689][root][INFO] - Epoch: 20 | train acc: 0.9256, train loss: 0.48118751, valid acc: 0.9072, valid loss: 0.32492989, test acc: 0.9078, test loss: 0.32001391
[2026-06-25 23:20:06,157][root][INFO] - reg loss: 5.783565255830872, entropy loss: 0.14414209956830404, leaf dev: 0.07827605307102203
[2026-06-25 23:20:06,158][root][INFO] - Val leaf stats: tensor([0.2442, 0.0523, 0.0585, 0.0000, 0.0000, 0.0000, 0.1912, 0.0677, 0.0000,
        0.0517, 0.0000, 0.0000, 0.1813, 0.0660, 0.0000, 0.0872])
[2026-06-25 23:20:06,244][root][INFO] - reg loss: 6.310885528348527, entropy loss: 0.22117374331321357, leaf dev: 0.08894132077693939
[2026-06-25 23:20:06,245][root][INFO] - Val leaf stats: tensor([0.2968, 0.0208, 0.2223, 0.0237, 0.1087, 0.0000, 0.0028, 0.1363, 0.0000,
        0.0015, 0.0012, 0.0063, 0.0107, 0.0903, 0.0190, 0.0595])
[2026-06-25 23:20:10,961][root][INFO] - Epoch: 20 | train acc: 0.9304, train loss: 0.47541227, valid acc: 0.8980, valid loss: 0.36058264, test acc: 0.9089, test loss: 0.31509476
[2026-06-25 23:20:11,749][root][INFO] - Epoch: 20 | train acc: 0.9378, train loss: 0.57613685, valid acc: 0.9045, valid loss: 0.35036795, test acc: 0.8990, test loss: 0.37002535
[2026-06-25 23:20:14,207][root][INFO] - reg loss: 6.548272492750636, entropy loss: 0.23520854396640128, leaf dev: 0.061500076204538345
[2026-06-25 23:20:14,208][root][INFO] - Val leaf stats: tensor([0.1680, 0.0997, 0.0290, 0.0097, 0.0222, 0.0000, 0.0697, 0.0167, 0.0550,
        0.1532, 0.0020, 0.0800, 0.0710, 0.1878, 0.0362, 0.0000])
[2026-06-25 23:20:15,245][root][INFO] - reg loss: 6.709813869224404, entropy loss: 0.1805736965165948, leaf dev: 0.08467075228691101
[2026-06-25 23:20:15,246][root][INFO] - Val leaf stats: tensor([0.0000, 0.1002, 0.0842, 0.0033, 0.1002, 0.0000, 0.0000, 0.0715, 0.0000,
        0.3110, 0.0590, 0.1120, 0.0000, 0.1582, 0.0000, 0.0005])
[2026-06-25 23:20:19,669][root][INFO] - Epoch: 21 | train acc: 0.9126, train loss: 0.29601563, valid acc: 0.8990, valid loss: 0.35234697, test acc: 0.9027, test loss: 0.33946513
[2026-06-25 23:20:23,416][root][INFO] - reg loss: 6.525878631843711, entropy loss: 0.2741100290473902, leaf dev: 0.07937566190958023
[2026-06-25 23:20:23,417][root][INFO] - Val leaf stats: tensor([0.2550, 0.1088, 0.0507, 0.0005, 0.1718, 0.1630, 0.0000, 0.0030, 0.0000,
        0.0000, 0.0015, 0.0157, 0.1230, 0.0670, 0.0400, 0.0000])
[2026-06-25 23:20:26,597][root][INFO] - Epoch: 7 | train acc: 0.8802, train loss: 1.14454836, valid acc: 0.8559, valid loss: 0.46280509, test acc: 0.8661, test loss: 1.18579325
[2026-06-25 23:20:29,651][root][INFO] - reg loss: 6.797744897307542, entropy loss: 0.18902487674402813, leaf dev: 0.08336637914180756
[2026-06-25 23:20:29,652][root][INFO] - Val leaf stats: tensor([0.0053, 0.0113, 0.0106, 0.0722, 0.0006, 0.0007, 0.2964, 0.0386, 0.0014,
        0.0476, 0.0496, 0.1514, 0.1914, 0.0719, 0.0499, 0.0012])
[2026-06-25 23:20:33,192][root][INFO] - Epoch: 21 | train acc: 0.9267, train loss: 0.47456009, valid acc: 0.9005, valid loss: 0.32876402, test acc: 0.8953, test loss: 0.34441118
[2026-06-25 23:20:33,445][root][INFO] - Epoch: 21 | train acc: 0.9161, train loss: 0.83947550, valid acc: 0.9033, valid loss: 0.33139558, test acc: 0.9158, test loss: 0.29596395
[2026-06-25 23:20:36,893][root][INFO] - reg loss: 6.295571736569674, entropy loss: 0.22218327870908774, leaf dev: 0.09054069966077805
[2026-06-25 23:20:36,894][root][INFO] - Val leaf stats: tensor([0.3145, 0.0252, 0.2045, 0.0048, 0.1120, 0.0000, 0.0023, 0.1297, 0.0000,
        0.0015, 0.0012, 0.0075, 0.0135, 0.1020, 0.0212, 0.0602])
[2026-06-25 23:20:36,904][root][INFO] - reg loss: 5.766251653995154, entropy loss: 0.1391981082423678, leaf dev: 0.07699708640575409
[2026-06-25 23:20:36,905][root][INFO] - Val leaf stats: tensor([0.2330, 0.0647, 0.0602, 0.0000, 0.0000, 0.0000, 0.1593, 0.0483, 0.0000,
        0.0487, 0.0000, 0.0000, 0.2085, 0.0837, 0.0000, 0.0937])
[2026-06-25 23:20:41,298][root][INFO] - Epoch: 21 | train acc: 0.9344, train loss: 0.46454147, valid acc: 0.9080, valid loss: 0.33980486, test acc: 0.9117, test loss: 0.32774701
[2026-06-25 23:20:43,043][root][INFO] - Epoch: 21 | train acc: 0.9234, train loss: 0.62639159, valid acc: 0.9178, valid loss: 0.29333943, test acc: 0.9126, test loss: 0.30700352
[2026-06-25 23:20:45,115][root][INFO] - reg loss: 6.5725427888474375, entropy loss: 0.23453389164411798, leaf dev: 0.052421439439058304
[2026-06-25 23:20:45,116][root][INFO] - Val leaf stats: tensor([0.1703, 0.0958, 0.0313, 0.0103, 0.0378, 0.0000, 0.0648, 0.0175, 0.0440,
        0.1168, 0.0030, 0.0762, 0.0953, 0.1172, 0.1195, 0.0000])
[2026-06-25 23:20:46,225][root][INFO] - reg loss: 6.527297888162001, entropy loss: 0.18121465885976576, leaf dev: 0.07674862444400787
[2026-06-25 23:20:46,226][root][INFO] - Val leaf stats: tensor([0.0000, 0.0930, 0.0925, 0.0052, 0.1432, 0.0000, 0.0000, 0.1063, 0.0000,
        0.2615, 0.0645, 0.0850, 0.0000, 0.1485, 0.0000, 0.0003])
[2026-06-25 23:20:48,766][root][INFO] - Epoch: 22 | train acc: 0.8849, train loss: 0.39139814, valid acc: 0.8742, valid loss: 0.41385626, test acc: 0.8764, test loss: 0.40461189
[2026-06-25 23:20:52,810][root][INFO] - reg loss: 6.437036752700806, entropy loss: 0.27921386147445104, leaf dev: 0.08011836558580399
[2026-06-25 23:20:52,812][root][INFO] - Val leaf stats: tensor([2.5817e-01, 1.1200e-01, 1.8500e-02, 1.9500e-02, 1.5000e-01, 1.9083e-01,
        0.0000e+00, 5.6667e-03, 0.0000e+00, 0.0000e+00, 2.0000e-03, 1.7667e-02,
        8.8333e-02, 3.4000e-02, 1.0317e-01, 1.6667e-04])
[2026-06-25 23:20:59,165][root][INFO] - Epoch: 8 | train acc: 0.8844, train loss: 1.04797526, valid acc: 0.8800, valid loss: 0.38077381, test acc: 0.8750, test loss: 1.43955997
[2026-06-25 23:21:02,535][root][INFO] - reg loss: 6.093906962682331, entropy loss: 0.16685005139421533, leaf dev: 0.06989850103855133
[2026-06-25 23:21:02,536][root][INFO] - Val leaf stats: tensor([0.0021, 0.0064, 0.0140, 0.0648, 0.0010, 0.0000, 0.1412, 0.0090, 0.0017,
        0.0597, 0.1773, 0.1555, 0.1884, 0.0708, 0.1081, 0.0003])
[2026-06-25 23:21:04,038][root][INFO] - Epoch: 22 | train acc: 0.9297, train loss: 0.46225299, valid acc: 0.9140, valid loss: 0.30573199, test acc: 0.9121, test loss: 0.31024842
[2026-06-25 23:21:04,040][root][INFO] - Epoch: 22 | train acc: 0.9293, train loss: 0.80097854, valid acc: 0.8992, valid loss: 0.34259261, test acc: 0.9130, test loss: 0.30807570
[2026-06-25 23:21:07,534][root][INFO] - reg loss: 6.216824689001407, entropy loss: 0.22148614503302663, leaf dev: 0.08690612018108368
[2026-06-25 23:21:07,535][root][INFO] - Val leaf stats: tensor([0.2105, 0.0415, 0.3128, 0.0532, 0.0757, 0.0000, 0.0010, 0.0782, 0.0000,
        0.0017, 0.0015, 0.0085, 0.0183, 0.1100, 0.0222, 0.0650])
[2026-06-25 23:21:07,863][root][INFO] - reg loss: 5.731958533233067, entropy loss: 0.1394947978123179, leaf dev: 0.07053866982460022
[2026-06-25 23:21:07,864][root][INFO] - Val leaf stats: tensor([0.2140, 0.1032, 0.0733, 0.0000, 0.0000, 0.0000, 0.1550, 0.0615, 0.0000,
        0.0547, 0.0000, 0.0000, 0.1772, 0.0720, 0.0000, 0.0892])
[2026-06-25 23:21:12,332][root][INFO] - Epoch: 22 | train acc: 0.9386, train loss: 0.44978169, valid acc: 0.9068, valid loss: 0.32617645, test acc: 0.9188, test loss: 0.29346835
[2026-06-25 23:21:13,193][root][INFO] - Epoch: 22 | train acc: 0.9348, train loss: 0.58169394, valid acc: 0.9272, valid loss: 0.26353179, test acc: 0.9247, test loss: 0.27575472
[2026-06-25 23:21:16,288][root][INFO] - reg loss: 6.5710016916382985, entropy loss: 0.2360813079296418, leaf dev: 0.05306917056441307
[2026-06-25 23:21:16,289][root][INFO] - Val leaf stats: tensor([0.1652, 0.1000, 0.0377, 0.0133, 0.0768, 0.0000, 0.0333, 0.0155, 0.0553,
        0.1132, 0.0055, 0.0883, 0.1118, 0.1443, 0.0397, 0.0000])
[2026-06-25 23:21:16,856][root][INFO] - reg loss: 6.592206981946838, entropy loss: 0.17886537552442192, leaf dev: 0.06659835577011108
[2026-06-25 23:21:16,856][root][INFO] - Val leaf stats: tensor([0.0000, 0.0938, 0.1062, 0.0048, 0.1325, 0.0000, 0.0000, 0.0945, 0.0000,
        0.1707, 0.1118, 0.1355, 0.0000, 0.1498, 0.0000, 0.0003])
[2026-06-25 23:21:18,679][root][INFO] - Epoch: 23 | train acc: 0.9175, train loss: 0.28499539, valid acc: 0.9048, valid loss: 0.34060147, test acc: 0.9058, test loss: 0.33748696
[2026-06-25 23:21:22,633][root][INFO] - reg loss: 6.333427397709973, entropy loss: 0.2721139887031519, leaf dev: 0.08306151628494263
[2026-06-25 23:21:22,634][root][INFO] - Val leaf stats: tensor([0.0955, 0.0523, 0.0087, 0.0017, 0.0458, 0.0982, 0.0000, 0.0028, 0.0007,
        0.0005, 0.0222, 0.0303, 0.2532, 0.2240, 0.1632, 0.0010])
[2026-06-25 23:21:33,013][root][INFO] - Epoch: 9 | train acc: 0.8985, train loss: 1.00036011, valid acc: 0.8963, valid loss: 0.35016903, test acc: 0.8800, test loss: 1.59610619
[2026-06-25 23:21:34,774][root][INFO] - Epoch: 23 | train acc: 0.9298, train loss: 0.79173848, valid acc: 0.9080, valid loss: 0.31495681, test acc: 0.9176, test loss: 0.28661870
[2026-06-25 23:21:35,043][root][INFO] - reg loss: 6.175450799326417, entropy loss: 0.16693741067376716, leaf dev: 0.06062633544206619
[2026-06-25 23:21:35,044][root][INFO] - Val leaf stats: tensor([0.0130, 0.0580, 0.0395, 0.0700, 0.0005, 0.0000, 0.1674, 0.0271, 0.0022,
        0.0634, 0.0562, 0.1473, 0.1904, 0.0709, 0.0933, 0.0007])
[2026-06-25 23:21:36,452][root][INFO] - Epoch: 23 | train acc: 0.9329, train loss: 0.45614706, valid acc: 0.9175, valid loss: 0.29477393, test acc: 0.9122, test loss: 0.30488626
[2026-06-25 23:21:38,490][root][INFO] - reg loss: 5.711672360042356, entropy loss: 0.13785478514882754, leaf dev: 0.07842028141021729
[2026-06-25 23:21:38,491][root][INFO] - Val leaf stats: tensor([0.2178, 0.0632, 0.0662, 0.0000, 0.0000, 0.0000, 0.1767, 0.0635, 0.0000,
        0.0387, 0.0000, 0.0000, 0.2247, 0.0570, 0.0003, 0.0920])
[2026-06-25 23:21:39,819][root][INFO] - reg loss: 6.2131574198884785, entropy loss: 0.22083411323574353, leaf dev: 0.07608523219823837
[2026-06-25 23:21:39,820][root][INFO] - Val leaf stats: tensor([0.2037, 0.0503, 0.2367, 0.0252, 0.1168, 0.0000, 0.0018, 0.1313, 0.0000,
        0.0022, 0.0018, 0.0103, 0.0288, 0.1170, 0.0228, 0.0512])
[2026-06-25 23:21:43,009][root][INFO] - Epoch: 23 | train acc: 0.9379, train loss: 0.56320502, valid acc: 0.9113, valid loss: 0.31434837, test acc: 0.9128, test loss: 0.30985192
[2026-06-25 23:21:43,397][root][INFO] - Epoch: 23 | train acc: 0.9297, train loss: 0.47203303, valid acc: 0.8943, valid loss: 0.36741584, test acc: 0.9037, test loss: 0.33364766
[2026-06-25 23:21:46,409][root][INFO] - reg loss: 6.669639043088229, entropy loss: 0.17175010380879888, leaf dev: 0.0666290745139122
[2026-06-25 23:21:46,410][root][INFO] - Val leaf stats: tensor([0.0000, 0.1453, 0.1633, 0.0080, 0.1417, 0.0000, 0.0000, 0.0998, 0.0000,
        0.1278, 0.1008, 0.0742, 0.0002, 0.1385, 0.0000, 0.0003])
[2026-06-25 23:21:47,205][root][INFO] - reg loss: 6.5511886308778005, entropy loss: 0.22839543616996622, leaf dev: 0.056696366518735886
[2026-06-25 23:21:47,206][root][INFO] - Val leaf stats: tensor([0.1365, 0.1462, 0.0498, 0.0187, 0.0540, 0.0000, 0.0500, 0.0250, 0.0490,
        0.1372, 0.0107, 0.0642, 0.0073, 0.1743, 0.0772, 0.0000])
[2026-06-25 23:21:48,673][root][INFO] - Epoch: 24 | train acc: 0.9270, train loss: 0.25519797, valid acc: 0.9113, valid loss: 0.32513772, test acc: 0.9106, test loss: 0.32307482
[2026-06-25 23:21:52,816][root][INFO] - reg loss: 6.181306933456996, entropy loss: 0.27030431633850316, leaf dev: 0.08679228276014328
[2026-06-25 23:21:52,817][root][INFO] - Val leaf stats: tensor([1.2717e-01, 7.0333e-02, 1.3000e-02, 6.6667e-04, 3.4167e-02, 7.9167e-02,
        0.0000e+00, 3.0000e-03, 1.6667e-04, 3.3333e-04, 6.1667e-03, 1.7667e-02,
        2.5867e-01, 2.3833e-01, 1.5067e-01, 5.0000e-04])
[2026-06-25 23:22:05,602][root][INFO] - Epoch: 24 | train acc: 0.9294, train loss: 0.75093218, valid acc: 0.8855, valid loss: 0.37558966, test acc: 0.8956, test loss: 0.34323501
[2026-06-25 23:22:06,326][root][INFO] - Epoch: 10 | train acc: 0.9121, train loss: 0.94907040, valid acc: 0.9070, valid loss: 0.30917447, test acc: 0.8866, test loss: 1.75626901
[2026-06-25 23:22:07,509][root][INFO] - Epoch: 24 | train acc: 0.9351, train loss: 0.45253312, valid acc: 0.9222, valid loss: 0.28575169, test acc: 0.9179, test loss: 0.28454508
[2026-06-25 23:22:09,092][root][INFO] - reg loss: 5.612618860208763, entropy loss: 0.12793174625005363, leaf dev: 0.08453090488910675
[2026-06-25 23:22:09,093][root][INFO] - Val leaf stats: tensor([2.9500e-01, 8.1500e-02, 6.1667e-02, 0.0000e+00, 0.0000e+00, 0.0000e+00,
        2.0300e-01, 9.1333e-02, 0.0000e+00, 3.2667e-02, 0.0000e+00, 0.0000e+00,
        1.2033e-01, 4.0167e-02, 1.6667e-04, 7.4167e-02])
[2026-06-25 23:22:09,228][root][INFO] - reg loss: 6.4468978775872126, entropy loss: 0.16433408304497046, leaf dev: 0.056606724858284
[2026-06-25 23:22:09,229][root][INFO] - Val leaf stats: tensor([0.0221, 0.1037, 0.0180, 0.1008, 0.0003, 0.0004, 0.1470, 0.0328, 0.0023,
        0.0528, 0.0682, 0.1167, 0.1835, 0.0709, 0.0800, 0.0006])
[2026-06-25 23:22:11,244][root][INFO] - reg loss: 6.243329916360243, entropy loss: 0.22668932912484654, leaf dev: 0.07844734191894531
[2026-06-25 23:22:11,245][root][INFO] - Val leaf stats: tensor([0.1810, 0.0635, 0.2778, 0.0422, 0.0912, 0.0000, 0.0025, 0.0985, 0.0000,
        0.0023, 0.0022, 0.0117, 0.0107, 0.1253, 0.0243, 0.0668])
[2026-06-25 23:22:12,661][root][INFO] - Epoch: 24 | train acc: 0.9188, train loss: 0.59299837, valid acc: 0.8967, valid loss: 0.35901836, test acc: 0.8942, test loss: 0.38204269
[2026-06-25 23:22:13,795][root][INFO] - Epoch: 24 | train acc: 0.9218, train loss: 0.48198842, valid acc: 0.9017, valid loss: 0.35541999, test acc: 0.9131, test loss: 0.30990017
[2026-06-25 23:22:16,370][root][INFO] - reg loss: 5.921411878657791, entropy loss: 0.15600001938500493, leaf dev: 0.1138705238699913
[2026-06-25 23:22:16,372][root][INFO] - Val leaf stats: tensor([0.0000, 0.0070, 0.0005, 0.0000, 0.0025, 0.0000, 0.0000, 0.0035, 0.0000,
        0.2303, 0.1487, 0.2960, 0.0030, 0.3068, 0.0000, 0.0017])
[2026-06-25 23:22:17,252][root][INFO] - reg loss: 6.3093703827768, entropy loss: 0.20147503645352596, leaf dev: 0.06065879017114639
[2026-06-25 23:22:17,253][root][INFO] - Val leaf stats: tensor([0.1372, 0.1048, 0.1035, 0.0345, 0.0635, 0.0000, 0.0275, 0.0448, 0.0520,
        0.1347, 0.0083, 0.0700, 0.0107, 0.2080, 0.0005, 0.0000])
[2026-06-25 23:22:18,469][root][INFO] - Epoch: 25 | train acc: 0.9313, train loss: 0.24265342, valid acc: 0.8782, valid loss: 0.43577339, test acc: 0.8780, test loss: 0.43533263
[2026-06-25 23:22:22,185][root][INFO] - reg loss: 6.0707982216241225, entropy loss: 0.2617422162361865, leaf dev: 0.09320461750030518
[2026-06-25 23:22:22,186][root][INFO] - Val leaf stats: tensor([1.2267e-01, 6.0667e-02, 1.3000e-02, 6.6667e-04, 3.5333e-02, 8.2667e-02,
        0.0000e+00, 2.6667e-03, 1.6667e-04, 3.3333e-04, 7.1667e-03, 2.0500e-02,
        1.4833e-01, 1.6417e-01, 3.4117e-01, 5.0000e-04])
[2026-06-25 23:22:35,264][root][INFO] - Epoch: 25 | train acc: 0.9295, train loss: 0.73857946, valid acc: 0.9115, valid loss: 0.30656446, test acc: 0.9182, test loss: 0.27851100
[2026-06-25 23:22:38,613][root][INFO] - Epoch: 25 | train acc: 0.9224, train loss: 0.47701075, valid acc: 0.9072, valid loss: 0.32129685, test acc: 0.9052, test loss: 0.32242748
[2026-06-25 23:22:38,788][root][INFO] - reg loss: 5.56304000008781, entropy loss: 0.12308502886092888, leaf dev: 0.08234552294015884
[2026-06-25 23:22:38,789][root][INFO] - Val leaf stats: tensor([0.2252, 0.0650, 0.0653, 0.0000, 0.0000, 0.0000, 0.1713, 0.0775, 0.0000,
        0.0077, 0.0000, 0.0000, 0.2412, 0.0537, 0.0007, 0.0925])
[2026-06-25 23:22:41,265][root][INFO] - Epoch: 11 | train acc: 0.9237, train loss: 0.91149444, valid acc: 0.9140, valid loss: 0.27684019, test acc: 0.8977, test loss: 1.83988352
[2026-06-25 23:22:42,734][root][INFO] - reg loss: 6.07033673772272, entropy loss: 0.21385589213866107, leaf dev: 0.09145303815603256
[2026-06-25 23:22:42,735][root][INFO] - Val leaf stats: tensor([1.8533e-01, 7.2333e-02, 3.3650e-01, 5.1167e-02, 7.8000e-02, 0.0000e+00,
        3.3333e-04, 5.9667e-02, 0.0000e+00, 1.8333e-03, 2.0000e-03, 1.1333e-02,
        1.7667e-02, 1.4733e-01, 1.2833e-02, 2.3667e-02])
[2026-06-25 23:22:43,895][root][INFO] - Epoch: 25 | train acc: 0.8918, train loss: 0.66350140, valid acc: 0.9000, valid loss: 0.34500003, test acc: 0.9018, test loss: 0.34298093
[2026-06-25 23:22:44,042][root][INFO] - reg loss: 6.523453470260378, entropy loss: 0.16379002714283253, leaf dev: 0.057358965277671814
[2026-06-25 23:22:44,043][root][INFO] - Val leaf stats: tensor([0.0162, 0.0833, 0.0230, 0.1019, 0.0005, 0.0004, 0.1192, 0.0333, 0.0025,
        0.0771, 0.0634, 0.1380, 0.1982, 0.0719, 0.0704, 0.0007])
[2026-06-25 23:22:44,464][root][INFO] - Epoch: 25 | train acc: 0.9326, train loss: 0.43334813, valid acc: 0.9157, valid loss: 0.31711521, test acc: 0.9216, test loss: 0.28982355
[2026-06-25 23:22:47,647][root][INFO] - reg loss: 5.486313545478965, entropy loss: 0.14938570783948, leaf dev: 0.11271782219409943
[2026-06-25 23:22:47,648][root][INFO] - Val leaf stats: tensor([0.0000e+00, 1.0000e-02, 6.6667e-04, 1.6667e-04, 3.1667e-03, 0.0000e+00,
        0.0000e+00, 4.5000e-03, 0.0000e+00, 2.3700e-01, 1.4433e-01, 2.5900e-01,
        3.1667e-03, 3.2983e-01, 0.0000e+00, 8.1667e-03])
[2026-06-25 23:22:47,784][root][INFO] - reg loss: 6.202045278729133, entropy loss: 0.19718387793257552, leaf dev: 0.06474880129098892
[2026-06-25 23:22:47,785][root][INFO] - Val leaf stats: tensor([1.3083e-01, 7.6000e-02, 1.0117e-01, 1.0333e-02, 3.9833e-02, 0.0000e+00,
        4.9167e-02, 2.1667e-02, 7.0000e-02, 1.9267e-01, 1.2333e-02, 1.0150e-01,
        6.8333e-03, 1.8750e-01, 1.6667e-04, 0.0000e+00])
[2026-06-25 23:22:48,128][root][INFO] - Epoch: 26 | train acc: 0.9215, train loss: 0.27101589, valid acc: 0.9133, valid loss: 0.31222413, test acc: 0.9119, test loss: 0.31048586
[2026-06-25 23:22:52,376][root][INFO] - reg loss: 6.050390702373576, entropy loss: 0.25947594558292963, leaf dev: 0.07909127324819565
[2026-06-25 23:22:52,377][root][INFO] - Val leaf stats: tensor([2.0750e-01, 6.6500e-02, 1.6500e-02, 8.3333e-04, 6.1500e-02, 9.6667e-02,
        0.0000e+00, 3.6667e-03, 0.0000e+00, 3.3333e-04, 6.1667e-03, 2.2500e-02,
        2.0100e-01, 2.0500e-01, 1.1167e-01, 1.6667e-04])
[2026-06-25 23:23:06,653][root][INFO] - Epoch: 26 | train acc: 0.9351, train loss: 0.72062432, valid acc: 0.8978, valid loss: 0.37015620, test acc: 0.9113, test loss: 0.33239447
[2026-06-25 23:23:08,067][root][INFO] - Epoch: 26 | train acc: 0.9307, train loss: 0.44856050, valid acc: 0.9167, valid loss: 0.29174602, test acc: 0.9135, test loss: 0.30114848
[2026-06-25 23:23:10,267][root][INFO] - reg loss: 5.484160234343331, entropy loss: 0.12360729424739783, leaf dev: 0.08823424577713013
[2026-06-25 23:23:10,268][root][INFO] - Val leaf stats: tensor([0.2795, 0.0950, 0.0580, 0.0000, 0.0000, 0.0000, 0.0830, 0.0637, 0.0000,
        0.0103, 0.0000, 0.0000, 0.2548, 0.0575, 0.0008, 0.0973])
[2026-06-25 23:23:11,567][root][INFO] - reg loss: 5.918891789778224, entropy loss: 0.20971956820982807, leaf dev: 0.08783979713916779
[2026-06-25 23:23:11,568][root][INFO] - Val leaf stats: tensor([0.2173, 0.0833, 0.3025, 0.0308, 0.0865, 0.0000, 0.0005, 0.0805, 0.0000,
        0.0013, 0.0020, 0.0117, 0.0088, 0.1272, 0.0160, 0.0315])
[2026-06-25 23:23:13,391][root][INFO] - Epoch: 12 | train acc: 0.9080, train loss: 0.93580910, valid acc: 0.8852, valid loss: 0.38368374, test acc: 0.8799, test loss: 0.52428730
[2026-06-25 23:23:14,002][root][INFO] - Epoch: 26 | train acc: 0.9194, train loss: 0.56939864, valid acc: 0.9103, valid loss: 0.32073234, test acc: 0.9119, test loss: 0.31647735
[2026-06-25 23:23:14,804][root][INFO] - Epoch: 26 | train acc: 0.9354, train loss: 0.41861990, valid acc: 0.9158, valid loss: 0.30992011, test acc: 0.9193, test loss: 0.29853988
[2026-06-25 23:23:16,796][root][INFO] - reg loss: 6.229842506388508, entropy loss: 0.15675476721670262, leaf dev: 0.0658838301897049
[2026-06-25 23:23:16,797][root][INFO] - Val leaf stats: tensor([0.0480, 0.1136, 0.0241, 0.1234, 0.0010, 0.0695, 0.2464, 0.0546, 0.0017,
        0.0365, 0.0512, 0.1328, 0.0149, 0.0012, 0.0793, 0.0019])
[2026-06-25 23:23:18,074][root][INFO] - reg loss: 5.401444466608875, entropy loss: 0.14614286428352571, leaf dev: 0.11314518749713898
[2026-06-25 23:23:18,076][root][INFO] - Val leaf stats: tensor([0.0000e+00, 1.4167e-02, 1.0000e-03, 1.6667e-04, 5.0000e-03, 0.0000e+00,
        0.0000e+00, 5.8333e-03, 0.0000e+00, 2.3650e-01, 1.2717e-01, 2.8350e-01,
        4.3333e-03, 3.1900e-01, 0.0000e+00, 3.3333e-03])
[2026-06-25 23:23:18,576][root][INFO] - reg loss: 6.04214638584065, entropy loss: 0.18959590989463734, leaf dev: 0.06494809687137604
[2026-06-25 23:23:18,577][root][INFO] - Val leaf stats: tensor([1.3417e-01, 8.5667e-02, 9.8000e-02, 9.3333e-03, 7.2333e-02, 1.0000e-03,
        1.9833e-02, 1.3833e-02, 6.3333e-02, 1.9450e-01, 1.3333e-02, 1.1233e-01,
        8.3333e-03, 1.7383e-01, 1.6667e-04, 0.0000e+00])
[2026-06-25 23:23:19,193][root][INFO] - Epoch: 27 | train acc: 0.9313, train loss: 0.23618591, valid acc: 0.9083, valid loss: 0.32044897, test acc: 0.9087, test loss: 0.31794023
[2026-06-25 23:23:23,382][root][INFO] - reg loss: 6.09182896704044, entropy loss: 0.2576410821023977, leaf dev: 0.0742611289024353
[2026-06-25 23:23:23,383][root][INFO] - Val leaf stats: tensor([1.3567e-01, 9.0500e-02, 1.5500e-02, 8.3333e-04, 9.3000e-02, 1.0500e-01,
        0.0000e+00, 4.8333e-03, 1.6667e-04, 3.3333e-04, 6.8333e-03, 2.6667e-02,
        2.1450e-01, 2.0350e-01, 1.0250e-01, 1.6667e-04])
[2026-06-25 23:23:36,710][root][INFO] - Epoch: 27 | train acc: 0.9350, train loss: 0.69986742, valid acc: 0.9102, valid loss: 0.30668165, test acc: 0.9221, test loss: 0.28117069
[2026-06-25 23:23:39,126][root][INFO] - Epoch: 27 | train acc: 0.9368, train loss: 0.43328619, valid acc: 0.9210, valid loss: 0.28367568, test acc: 0.9194, test loss: 0.28891246
[2026-06-25 23:23:40,437][root][INFO] - reg loss: 5.425797111583206, entropy loss: 0.11774499292643566, leaf dev: 0.08258017152547836
[2026-06-25 23:23:40,438][root][INFO] - Val leaf stats: tensor([0.2373, 0.0758, 0.0607, 0.0000, 0.0000, 0.0000, 0.1398, 0.0635, 0.0000,
        0.0158, 0.0000, 0.0000, 0.2490, 0.0588, 0.0005, 0.0987])
[2026-06-25 23:23:43,048][root][INFO] - reg loss: 5.946693753296474, entropy loss: 0.21294816864548988, leaf dev: 0.08375117182731628
[2026-06-25 23:23:43,049][root][INFO] - Val leaf stats: tensor([0.1780, 0.0758, 0.3072, 0.0488, 0.0968, 0.0000, 0.0018, 0.1045, 0.0000,
        0.0012, 0.0022, 0.0128, 0.0128, 0.1072, 0.0173, 0.0335])
[2026-06-25 23:23:44,725][root][INFO] - Epoch: 27 | train acc: 0.9258, train loss: 0.55351080, valid acc: 0.9150, valid loss: 0.31031471, test acc: 0.9132, test loss: 0.30345650
[2026-06-25 23:23:44,855][root][INFO] - Epoch: 27 | train acc: 0.9401, train loss: 0.39940890, valid acc: 0.9195, valid loss: 0.29969371, test acc: 0.9268, test loss: 0.27927155
[2026-06-25 23:23:47,766][root][INFO] - Epoch: 13 | train acc: 0.9037, train loss: 0.89013900, valid acc: 0.8859, valid loss: 0.37097665, test acc: 0.8746, test loss: 0.55960497
[2026-06-25 23:23:48,274][root][INFO] - reg loss: 5.458336749166812, entropy loss: 0.1482452613846311, leaf dev: 0.10451510548591614
[2026-06-25 23:23:48,276][root][INFO] - Val leaf stats: tensor([0.0000, 0.0303, 0.0090, 0.0003, 0.0217, 0.0000, 0.0000, 0.0148, 0.0000,
        0.2352, 0.1280, 0.2620, 0.0048, 0.2903, 0.0000, 0.0035])
[2026-06-25 23:23:48,281][root][INFO] - reg loss: 6.084221052673628, entropy loss: 0.192612942237899, leaf dev: 0.05897221714258194
[2026-06-25 23:23:48,282][root][INFO] - Val leaf stats: tensor([1.3950e-01, 9.0833e-02, 8.2167e-02, 2.4833e-02, 6.1000e-02, 1.6667e-04,
        4.4167e-02, 1.8000e-02, 7.0833e-02, 1.7617e-01, 1.5667e-02, 1.2317e-01,
        4.6667e-03, 1.4867e-01, 1.6667e-04, 0.0000e+00])
[2026-06-25 23:23:48,999][root][INFO] - Epoch: 28 | train acc: 0.9365, train loss: 0.22063380, valid acc: 0.9160, valid loss: 0.30720588, test acc: 0.9151, test loss: 0.30451272
[2026-06-25 23:23:50,638][root][INFO] - reg loss: 5.827506411012519, entropy loss: 0.14379306437161865, leaf dev: 0.06718689948320389
[2026-06-25 23:23:50,639][root][INFO] - Val leaf stats: tensor([0.0188, 0.1407, 0.0244, 0.1349, 0.0010, 0.0704, 0.2363, 0.0540, 0.0014,
        0.0363, 0.0702, 0.1342, 0.0166, 0.0016, 0.0549, 0.0043])
[2026-06-25 23:23:52,621][root][INFO] - reg loss: 6.0429279039490895, entropy loss: 0.25616989383157696, leaf dev: 0.0741453543305397
[2026-06-25 23:23:52,622][root][INFO] - Val leaf stats: tensor([1.5400e-01, 1.0733e-01, 1.1000e-02, 8.3333e-04, 8.2500e-02, 1.1350e-01,
        0.0000e+00, 7.1667e-03, 0.0000e+00, 3.3333e-04, 8.8333e-03, 2.4833e-02,
        2.1650e-01, 1.8667e-01, 8.6333e-02, 1.6667e-04])
[2026-06-25 23:24:07,423][root][INFO] - Epoch: 28 | train acc: 0.9378, train loss: 0.69501295, valid acc: 0.9050, valid loss: 0.31301218, test acc: 0.9141, test loss: 0.31234886
[2026-06-25 23:24:10,752][root][INFO] - Epoch: 28 | train acc: 0.9404, train loss: 0.43685899, valid acc: 0.9200, valid loss: 0.28878311, test acc: 0.9214, test loss: 0.29303838
[2026-06-25 23:24:10,779][root][INFO] - reg loss: 5.49120491405703, entropy loss: 0.12022210207750213, leaf dev: 0.08850228786468506
[2026-06-25 23:24:10,780][root][INFO] - Val leaf stats: tensor([0.1992, 0.0702, 0.0425, 0.0000, 0.0000, 0.0000, 0.1355, 0.0613, 0.0000,
        0.0188, 0.0000, 0.0000, 0.3142, 0.0743, 0.0010, 0.0830])
[2026-06-25 23:24:14,329][root][INFO] - Epoch: 28 | train acc: 0.9329, train loss: 0.54410964, valid acc: 0.9188, valid loss: 0.29417638, test acc: 0.9187, test loss: 0.28774645
[2026-06-25 23:24:14,820][root][INFO] - reg loss: 6.050615729026075, entropy loss: 0.223447711119112, leaf dev: 0.08047065138816833
[2026-06-25 23:24:14,821][root][INFO] - Val leaf stats: tensor([0.2308, 0.0602, 0.2638, 0.0297, 0.1062, 0.0000, 0.0067, 0.0893, 0.0000,
        0.0013, 0.0028, 0.0152, 0.0192, 0.0883, 0.0233, 0.0632])
[2026-06-25 23:24:15,201][root][INFO] - Epoch: 28 | train acc: 0.9433, train loss: 0.39240061, valid acc: 0.9168, valid loss: 0.28997693, test acc: 0.9288, test loss: 0.26761942
[2026-06-25 23:24:18,270][root][INFO] - reg loss: 5.7488820372887375, entropy loss: 0.15618814865373215, leaf dev: 0.09534955024719238
[2026-06-25 23:24:18,271][root][INFO] - Val leaf stats: tensor([0.0000, 0.0383, 0.0212, 0.0010, 0.0473, 0.0000, 0.0000, 0.0308, 0.0000,
        0.2265, 0.1198, 0.2450, 0.0043, 0.2608, 0.0000, 0.0048])
[2026-06-25 23:24:18,637][root][INFO] - reg loss: 6.0960801997274725, entropy loss: 0.19463532277435627, leaf dev: 0.06051485985517502
[2026-06-25 23:24:18,638][root][INFO] - Val leaf stats: tensor([1.4117e-01, 9.5500e-02, 1.0850e-01, 6.0000e-03, 6.2167e-02, 0.0000e+00,
        5.2167e-02, 2.3333e-02, 5.0833e-02, 1.5817e-01, 1.2833e-02, 1.1183e-01,
        6.6667e-03, 1.7067e-01, 1.6667e-04, 0.0000e+00])
[2026-06-25 23:24:19,659][root][INFO] - Epoch: 29 | train acc: 0.9379, train loss: 0.21466643, valid acc: 0.9183, valid loss: 0.29711348, test acc: 0.9181, test loss: 0.29405494
[2026-06-25 23:24:21,804][root][INFO] - Epoch: 14 | train acc: 0.9112, train loss: 0.84993193, valid acc: 0.8987, valid loss: 0.33717937, test acc: 0.8854, test loss: 0.56327200
[2026-06-25 23:24:23,508][root][INFO] - reg loss: 6.069504220530672, entropy loss: 0.25908041900058965, leaf dev: 0.07719875872135162
[2026-06-25 23:24:23,509][root][INFO] - Val leaf stats: tensor([1.1950e-01, 8.7667e-02, 1.1333e-02, 6.6667e-04, 6.7333e-02, 1.0350e-01,
        0.0000e+00, 8.1667e-03, 1.6667e-04, 5.0000e-04, 1.0167e-02, 3.0333e-02,
        2.2517e-01, 2.2517e-01, 1.0983e-01, 5.0000e-04])
[2026-06-25 23:24:24,463][root][INFO] - reg loss: 5.839815626699457, entropy loss: 0.13920870644074898, leaf dev: 0.06634504348039627
[2026-06-25 23:24:24,464][root][INFO] - Val leaf stats: tensor([0.0154, 0.1287, 0.0374, 0.1256, 0.0011, 0.0695, 0.2419, 0.0629, 0.0016,
        0.0437, 0.0671, 0.1337, 0.0173, 0.0012, 0.0516, 0.0013])
[2026-06-25 23:24:38,416][root][INFO] - Epoch: 29 | train acc: 0.9364, train loss: 0.69122900, valid acc: 0.9135, valid loss: 0.29818324, test acc: 0.9275, test loss: 0.26969192
[2026-06-25 23:24:41,400][root][INFO] - reg loss: 5.465293479415606, entropy loss: 0.11674620471191856, leaf dev: 0.07963878661394119
[2026-06-25 23:24:41,401][root][INFO] - Val leaf stats: tensor([0.2422, 0.0788, 0.0658, 0.0000, 0.0000, 0.0000, 0.1602, 0.0813, 0.0000,
        0.0163, 0.0000, 0.0000, 0.2135, 0.0562, 0.0010, 0.0847])
[2026-06-25 23:24:41,629][root][INFO] - Epoch: 29 | train acc: 0.9419, train loss: 0.42972909, valid acc: 0.9300, valid loss: 0.26249441, test acc: 0.9260, test loss: 0.27228784
[2026-06-25 23:24:45,171][root][INFO] - reg loss: 6.130798146409808, entropy loss: 0.22592338905581888, leaf dev: 0.0725225880742073
[2026-06-25 23:24:45,172][root][INFO] - Val leaf stats: tensor([1.7233e-01, 9.4500e-02, 2.5483e-01, 4.2833e-02, 1.0767e-01, 1.6667e-04,
        5.5000e-03, 9.2667e-02, 0.0000e+00, 1.6667e-03, 3.3333e-03, 1.6500e-02,
        1.8500e-02, 1.0650e-01, 2.8000e-02, 5.5000e-02])
[2026-06-25 23:24:45,692][root][INFO] - Epoch: 29 | train acc: 0.9378, train loss: 0.53569430, valid acc: 0.9203, valid loss: 0.28583408, test acc: 0.9222, test loss: 0.28252360
[2026-06-25 23:24:46,085][root][INFO] - Epoch: 29 | train acc: 0.9408, train loss: 0.38746649, valid acc: 0.9185, valid loss: 0.29532871, test acc: 0.9265, test loss: 0.26438755
[2026-06-25 23:24:48,741][root][INFO] - Epoch: 30 | train acc: 0.9411, train loss: 0.20676616, valid acc: 0.9123, valid loss: 0.30074390, test acc: 0.9182, test loss: 0.29307712
[2026-06-25 23:24:49,236][root][INFO] - reg loss: 5.940963452717043, entropy loss: 0.16057723212354588, leaf dev: 0.08004054427146912
[2026-06-25 23:24:49,237][root][INFO] - Val leaf stats: tensor([0.0000, 0.0453, 0.0380, 0.0010, 0.0977, 0.0000, 0.0000, 0.0727, 0.0000,
        0.2080, 0.1242, 0.1958, 0.0030, 0.2078, 0.0000, 0.0065])
[2026-06-25 23:24:50,318][root][INFO] - reg loss: 6.07329121175802, entropy loss: 0.18746194398065782, leaf dev: 0.056342341005802155
[2026-06-25 23:24:50,319][root][INFO] - Val leaf stats: tensor([0.1363, 0.1125, 0.1080, 0.0090, 0.0488, 0.0000, 0.0740, 0.0285, 0.0602,
        0.1353, 0.0173, 0.1052, 0.0062, 0.1585, 0.0002, 0.0000])
[2026-06-25 23:24:52,578][root][INFO] - reg loss: 6.060174366213241, entropy loss: 0.25952259774477976, leaf dev: 0.07793154567480087
[2026-06-25 23:24:52,580][root][INFO] - Val leaf stats: tensor([0.1207, 0.0763, 0.0178, 0.0010, 0.0732, 0.0940, 0.0000, 0.0087, 0.0005,
        0.0005, 0.0110, 0.0393, 0.2350, 0.2313, 0.0907, 0.0000])
[2026-06-25 23:24:56,466][root][INFO] - Epoch: 15 | train acc: 0.9137, train loss: 0.84369339, valid acc: 0.9018, valid loss: 0.31563139, test acc: 0.8908, test loss: 0.55450275
[2026-06-25 23:24:59,822][root][INFO] - reg loss: 5.856391175083383, entropy loss: 0.14072447021802267, leaf dev: 0.06571327894926071
[2026-06-25 23:24:59,823][root][INFO] - Val leaf stats: tensor([0.0138, 0.1227, 0.0184, 0.1519, 0.0010, 0.0705, 0.2239, 0.0790, 0.0015,
        0.0506, 0.0587, 0.1346, 0.0177, 0.0014, 0.0529, 0.0013])
[2026-06-25 23:25:09,408][root][INFO] - Epoch: 30 | train acc: 0.9326, train loss: 0.69658829, valid acc: 0.9130, valid loss: 0.29916966, test acc: 0.9193, test loss: 0.29105853
[2026-06-25 23:25:12,666][root][INFO] - Epoch: 30 | train acc: 0.9432, train loss: 0.42141028, valid acc: 0.9247, valid loss: 0.26774469, test acc: 0.9250, test loss: 0.27519341
[2026-06-25 23:25:12,889][root][INFO] - reg loss: 5.391915667731807, entropy loss: 0.11712362448561867, leaf dev: 0.08685948699712753
[2026-06-25 23:25:12,889][root][INFO] - Val leaf stats: tensor([0.2032, 0.0598, 0.0313, 0.0000, 0.0000, 0.0000, 0.1510, 0.0622, 0.0000,
        0.0267, 0.0000, 0.0000, 0.2973, 0.0808, 0.0010, 0.0867])
[2026-06-25 23:25:16,211][root][INFO] - reg loss: 6.121547532531451, entropy loss: 0.223282386812399, leaf dev: 0.0750405341386795
[2026-06-25 23:25:16,218][root][INFO] - Val leaf stats: tensor([0.1995, 0.0868, 0.2537, 0.0378, 0.0962, 0.0000, 0.0043, 0.0883, 0.0000,
        0.0025, 0.0028, 0.0160, 0.0193, 0.1112, 0.0257, 0.0558])
[2026-06-25 23:25:16,617][root][INFO] - Epoch: 30 | train acc: 0.9392, train loss: 0.53197271, valid acc: 0.9257, valid loss: 0.27266421, test acc: 0.9243, test loss: 0.26910116
[2026-06-25 23:25:17,859][root][INFO] - Epoch: 30 | train acc: 0.9466, train loss: 0.37017361, valid acc: 0.9215, valid loss: 0.28335903, test acc: 0.9280, test loss: 0.26334613
[2026-06-25 23:25:20,142][root][INFO] - Epoch: 31 | train acc: 0.9415, train loss: 0.20475166, valid acc: 0.9185, valid loss: 0.28324964, test acc: 0.9173, test loss: 0.29358946
[2026-06-25 23:25:20,149][root][INFO] - reg loss: 6.028559405848665, entropy loss: 0.1628388779343299, leaf dev: 0.0757528617978096
[2026-06-25 23:25:20,150][root][INFO] - Val leaf stats: tensor([0.0000, 0.0613, 0.0610, 0.0017, 0.1063, 0.0000, 0.0000, 0.0647, 0.0000,
        0.2032, 0.1182, 0.1745, 0.0040, 0.1997, 0.0000, 0.0055])
[2026-06-25 23:25:21,544][root][INFO] - reg loss: 6.035081894892566, entropy loss: 0.1869319386358531, leaf dev: 0.05956583470106125
[2026-06-25 23:25:21,545][root][INFO] - Val leaf stats: tensor([1.4267e-01, 1.1217e-01, 8.1000e-02, 6.8333e-03, 6.4833e-02, 3.3333e-04,
        5.4000e-02, 2.4500e-02, 5.3333e-02, 1.5917e-01, 1.9833e-02, 1.0517e-01,
        6.3333e-03, 1.6967e-01, 1.6667e-04, 0.0000e+00])
[2026-06-25 23:25:24,145][root][INFO] - reg loss: 6.085939731238024, entropy loss: 0.25943185670195884, leaf dev: 0.07571166008710861
[2026-06-25 23:25:24,147][root][INFO] - Val leaf stats: tensor([0.1427, 0.0637, 0.0218, 0.0015, 0.0677, 0.0840, 0.0000, 0.0193, 0.0007,
        0.0005, 0.0080, 0.0442, 0.2337, 0.2118, 0.1005, 0.0000])
[2026-06-25 23:25:31,425][root][INFO] - Epoch: 16 | train acc: 0.9232, train loss: 0.80749559, valid acc: 0.9053, valid loss: 0.30918518, test acc: 0.8915, test loss: 0.54732875
[2026-06-25 23:25:34,473][root][INFO] - reg loss: 5.849551776098827, entropy loss: 0.13766991477164012, leaf dev: 0.06308120489120483
[2026-06-25 23:25:34,474][root][INFO] - Val leaf stats: tensor([0.0206, 0.1369, 0.0173, 0.1536, 0.0009, 0.0708, 0.2010, 0.0785, 0.0013,
        0.0519, 0.0567, 0.1354, 0.0177, 0.0014, 0.0546, 0.0012])
[2026-06-25 23:25:40,000][root][INFO] - Epoch: 31 | train acc: 0.9217, train loss: 0.72702688, valid acc: 0.9097, valid loss: 0.30285757, test acc: 0.9230, test loss: 0.27557591
[2026-06-25 23:25:42,985][root][INFO] - Epoch: 31 | train acc: 0.9452, train loss: 0.42060200, valid acc: 0.9262, valid loss: 0.27594920, test acc: 0.9271, test loss: 0.27840856
[2026-06-25 23:25:43,491][root][INFO] - reg loss: 5.360501739214051, entropy loss: 0.1179524135055407, leaf dev: 0.07994342595338821
[2026-06-25 23:25:43,494][root][INFO] - Val leaf stats: tensor([0.2378, 0.0738, 0.0418, 0.0000, 0.0000, 0.0000, 0.1552, 0.0715, 0.0000,
        0.0325, 0.0000, 0.0000, 0.2268, 0.0682, 0.0015, 0.0908])
[2026-06-25 23:25:46,902][root][INFO] - reg loss: 6.1956087148414465, entropy loss: 0.22724587653043135, leaf dev: 0.06891180574893951
[2026-06-25 23:25:46,903][root][INFO] - Val leaf stats: tensor([0.1595, 0.0877, 0.2430, 0.0430, 0.0862, 0.0000, 0.0035, 0.0797, 0.0000,
        0.0035, 0.0035, 0.0195, 0.0255, 0.1320, 0.0343, 0.0792])
[2026-06-25 23:25:47,198][root][INFO] - Epoch: 31 | train acc: 0.9428, train loss: 0.52125427, valid acc: 0.9262, valid loss: 0.26726093, test acc: 0.9270, test loss: 0.26221644
[2026-06-25 23:25:48,523][root][INFO] - Epoch: 31 | train acc: 0.9306, train loss: 0.42134509, valid acc: 0.9212, valid loss: 0.29649918, test acc: 0.9307, test loss: 0.26261740
[2026-06-25 23:25:50,275][root][INFO] - Epoch: 32 | train acc: 0.9460, train loss: 0.19406738, valid acc: 0.9247, valid loss: 0.27643789, test acc: 0.9206, test loss: 0.28245010
[2026-06-25 23:25:51,048][root][INFO] - reg loss: 6.090891352239645, entropy loss: 0.16406366566442093, leaf dev: 0.0720219612121582
[2026-06-25 23:25:51,049][root][INFO] - Val leaf stats: tensor([0.0000, 0.0828, 0.0620, 0.0033, 0.1130, 0.0000, 0.0000, 0.0678, 0.0000,
        0.1958, 0.1103, 0.1680, 0.0055, 0.1827, 0.0000, 0.0087])
[2026-06-25 23:25:52,171][root][INFO] - reg loss: 5.79875813340241, entropy loss: 0.185868575466129, leaf dev: 0.060760367661714554
[2026-06-25 23:25:52,172][root][INFO] - Val leaf stats: tensor([1.3867e-01, 1.0350e-01, 6.8833e-02, 8.1667e-03, 5.2333e-02, 0.0000e+00,
        5.4833e-02, 2.6500e-02, 6.3667e-02, 1.9267e-01, 2.6000e-02, 1.0200e-01,
        6.5000e-03, 1.5617e-01, 1.6667e-04, 0.0000e+00])
[2026-06-25 23:25:54,290][root][INFO] - reg loss: 6.130998480994746, entropy loss: 0.26269888315560685, leaf dev: 0.07828033715486526
[2026-06-25 23:25:54,291][root][INFO] - Val leaf stats: tensor([0.1228, 0.0658, 0.0170, 0.0012, 0.0542, 0.0793, 0.0000, 0.0202, 0.0005,
        0.0005, 0.0102, 0.0472, 0.2320, 0.2377, 0.1115, 0.0000])
[2026-06-25 23:26:05,435][root][INFO] - Epoch: 17 | train acc: 0.9268, train loss: 0.78468230, valid acc: 0.9059, valid loss: 0.30753625, test acc: 0.8808, test loss: 0.66178264
[2026-06-25 23:26:07,686][root][INFO] - reg loss: 6.023482100673453, entropy loss: 0.1355202022210631, leaf dev: 0.058163758367300034
[2026-06-25 23:26:07,686][root][INFO] - Val leaf stats: tensor([0.0369, 0.1739, 0.0269, 0.1351, 0.0013, 0.0689, 0.1549, 0.0723, 0.0012,
        0.0551, 0.0669, 0.1334, 0.0139, 0.0019, 0.0565, 0.0009])
[2026-06-25 23:26:09,439][root][INFO] - Epoch: 32 | train acc: 0.9268, train loss: 0.72556395, valid acc: 0.8917, valid loss: 0.34674299, test acc: 0.9012, test loss: 0.31980687
[2026-06-25 23:26:12,769][root][INFO] - reg loss: 5.491870007424985, entropy loss: 0.11972639491816736, leaf dev: 0.0757666751742363
[2026-06-25 23:26:12,770][root][INFO] - Val leaf stats: tensor([0.2430, 0.0642, 0.0568, 0.0000, 0.0000, 0.0000, 0.1570, 0.0582, 0.0000,
        0.0525, 0.0000, 0.0000, 0.1792, 0.0600, 0.0038, 0.1253])
[2026-06-25 23:26:15,224][root][INFO] - Epoch: 32 | train acc: 0.9438, train loss: 0.41851496, valid acc: 0.9292, valid loss: 0.26885073, test acc: 0.9234, test loss: 0.27547216
[2026-06-25 23:26:18,744][root][INFO] - reg loss: 6.162491721926995, entropy loss: 0.22354892093055653, leaf dev: 0.07426733523607254
[2026-06-25 23:26:18,745][root][INFO] - Val leaf stats: tensor([1.7767e-01, 8.5833e-02, 2.6833e-01, 4.9833e-02, 8.5500e-02, 1.6667e-04,
        2.5000e-03, 8.5000e-02, 0.0000e+00, 1.3333e-03, 2.8333e-03, 1.6167e-02,
        2.4333e-02, 1.0000e-01, 2.4167e-02, 7.6333e-02])
[2026-06-25 23:26:18,983][root][INFO] - Epoch: 32 | train acc: 0.9474, train loss: 0.36613266, valid acc: 0.9200, valid loss: 0.29123130, test acc: 0.9300, test loss: 0.26398728
[2026-06-25 23:26:19,585][root][INFO] - Epoch: 32 | train acc: 0.9329, train loss: 0.55728569, valid acc: 0.9125, valid loss: 0.31093000, test acc: 0.9218, test loss: 0.28833768
[2026-06-25 23:26:20,694][root][INFO] - Epoch: 33 | train acc: 0.9482, train loss: 0.18469899, valid acc: 0.9227, valid loss: 0.27479189, test acc: 0.9224, test loss: 0.27368906
[2026-06-25 23:26:22,473][root][INFO] - reg loss: 5.8962222720092194, entropy loss: 0.18456680749384863, leaf dev: 0.055986836552619934
[2026-06-25 23:26:22,474][root][INFO] - Val leaf stats: tensor([0.1347, 0.0800, 0.0980, 0.0120, 0.0552, 0.0000, 0.0620, 0.0277, 0.0860,
        0.1915, 0.0407, 0.0998, 0.0035, 0.1090, 0.0000, 0.0000])
[2026-06-25 23:26:22,881][root][INFO] - reg loss: 6.164146373856743, entropy loss: 0.16258233715340775, leaf dev: 0.06940727680921555
[2026-06-25 23:26:22,882][root][INFO] - Val leaf stats: tensor([0.0000, 0.1192, 0.1518, 0.0038, 0.1417, 0.0000, 0.0000, 0.0778, 0.0000,
        0.1718, 0.0423, 0.1437, 0.0048, 0.1392, 0.0000, 0.0038])
[2026-06-25 23:26:24,355][root][INFO] - reg loss: 6.0749083150107905, entropy loss: 0.261230284312986, leaf dev: 0.07560675591230392
[2026-06-25 23:26:24,357][root][INFO] - Val leaf stats: tensor([0.1408, 0.0707, 0.0200, 0.0013, 0.0660, 0.1027, 0.0000, 0.0022, 0.0007,
        0.0005, 0.0102, 0.0487, 0.2362, 0.2000, 0.0993, 0.0008])
[2026-06-25 23:26:35,973][root][INFO] - Epoch: 18 | train acc: 0.9292, train loss: 0.77293790, valid acc: 0.9097, valid loss: 0.29579214, test acc: 0.8947, test loss: 0.65737758
[2026-06-25 23:26:38,622][root][INFO] - reg loss: 6.060732107313853, entropy loss: 0.134532413943104, leaf dev: 0.06731245666742325
[2026-06-25 23:26:38,626][root][INFO] - Val leaf stats: tensor([0.0382, 0.1838, 0.0120, 0.1614, 0.0011, 0.0700, 0.1942, 0.0887, 0.0013,
        0.0462, 0.0333, 0.1176, 0.0127, 0.0020, 0.0364, 0.0010])
[2026-06-25 23:26:39,736][root][INFO] - Epoch: 33 | train acc: 0.9346, train loss: 0.71237242, valid acc: 0.9130, valid loss: 0.29655382, test acc: 0.9241, test loss: 0.26550547
[2026-06-25 23:26:43,400][root][INFO] - reg loss: 5.416455880650934, entropy loss: 0.11955873928261253, leaf dev: 0.07574110478162766
[2026-06-25 23:26:43,401][root][INFO] - Val leaf stats: tensor([0.2380, 0.0693, 0.0447, 0.0000, 0.0000, 0.0000, 0.1517, 0.0548, 0.0000,
        0.0730, 0.0000, 0.0003, 0.1990, 0.0657, 0.0043, 0.0992])
[2026-06-25 23:26:44,681][root][INFO] - Epoch: 33 | train acc: 0.9436, train loss: 0.40849437, valid acc: 0.9282, valid loss: 0.25905841, test acc: 0.9251, test loss: 0.27884766
[2026-06-25 23:26:48,483][root][INFO] - reg loss: 6.099161935302447, entropy loss: 0.21672011279272582, leaf dev: 0.07313769310712814
[2026-06-25 23:26:48,484][root][INFO] - Val leaf stats: tensor([0.1752, 0.0965, 0.2567, 0.0488, 0.1035, 0.0000, 0.0040, 0.0790, 0.0000,
        0.0017, 0.0028, 0.0165, 0.0200, 0.1070, 0.0170, 0.0713])
[2026-06-25 23:26:51,062][root][INFO] - Epoch: 34 | train acc: 0.9490, train loss: 0.17916891, valid acc: 0.9225, valid loss: 0.28141488, test acc: 0.9229, test loss: 0.27736021
[2026-06-25 23:26:51,395][root][INFO] - Epoch: 33 | train acc: 0.9369, train loss: 0.52463186, valid acc: 0.9180, valid loss: 0.29220952, test acc: 0.9249, test loss: 0.27890969
[2026-06-25 23:26:51,571][root][INFO] - Epoch: 33 | train acc: 0.9439, train loss: 0.38052631, valid acc: 0.9137, valid loss: 0.31204990, test acc: 0.9244, test loss: 0.26428115
[2026-06-25 23:26:54,999][root][INFO] - reg loss: 6.082068875150861, entropy loss: 0.2627979449506076, leaf dev: 0.07802330702543259
[2026-06-25 23:26:55,001][root][INFO] - Val leaf stats: tensor([0.1202, 0.0647, 0.0202, 0.0018, 0.0565, 0.0950, 0.0000, 0.0020, 0.0008,
        0.0005, 0.0120, 0.0572, 0.2373, 0.2285, 0.1030, 0.0003])
[2026-06-25 23:26:55,414][root][INFO] - reg loss: 5.944806314864248, entropy loss: 0.18264706095434585, leaf dev: 0.057777125388383865
[2026-06-25 23:26:55,415][root][INFO] - Val leaf stats: tensor([0.1375, 0.1038, 0.1263, 0.0250, 0.0772, 0.0000, 0.0660, 0.0387, 0.0308,
        0.0942, 0.0360, 0.0473, 0.0142, 0.2023, 0.0007, 0.0000])
[2026-06-25 23:26:55,568][root][INFO] - reg loss: 6.112092211561383, entropy loss: 0.15453365810637204, leaf dev: 0.07304706424474716
[2026-06-25 23:26:55,569][root][INFO] - Val leaf stats: tensor([0.0000, 0.0705, 0.0838, 0.0058, 0.1373, 0.0000, 0.0000, 0.1068, 0.0003,
        0.1942, 0.0435, 0.1707, 0.0078, 0.1773, 0.0000, 0.0018])
[2026-06-25 23:27:08,367][root][INFO] - Epoch: 19 | train acc: 0.9304, train loss: 0.75209076, valid acc: 0.9090, valid loss: 0.28997553, test acc: 0.8973, test loss: 1.55646640
[2026-06-25 23:27:10,769][root][INFO] - Epoch: 34 | train acc: 0.9417, train loss: 0.64790882, valid acc: 0.9150, valid loss: 0.28726221, test acc: 0.9260, test loss: 0.26088921
[2026-06-25 23:27:11,022][root][INFO] - reg loss: 6.047846736100616, entropy loss: 0.13018296907345453, leaf dev: 0.06142561510205269
[2026-06-25 23:27:11,023][root][INFO] - Val leaf stats: tensor([0.0784, 0.1603, 0.0130, 0.1448, 0.0008, 0.0712, 0.1843, 0.0890, 0.0013,
        0.0441, 0.0376, 0.1186, 0.0141, 0.0020, 0.0395, 0.0011])
[2026-06-25 23:27:14,773][root][INFO] - reg loss: 5.29264798254337, entropy loss: 0.11203775273741416, leaf dev: 0.07808689773082733
[2026-06-25 23:27:14,774][root][INFO] - Val leaf stats: tensor([0.2310, 0.0827, 0.0368, 0.0000, 0.0000, 0.0000, 0.1420, 0.0555, 0.0000,
        0.0553, 0.0000, 0.0003, 0.2280, 0.0688, 0.0027, 0.0968])
[2026-06-25 23:27:15,634][root][INFO] - Epoch: 34 | train acc: 0.9367, train loss: 0.42396542, valid acc: 0.9240, valid loss: 0.28058506, test acc: 0.9211, test loss: 0.29221307
[2026-06-25 23:27:19,068][root][INFO] - reg loss: 6.072286196474759, entropy loss: 0.20944426560176993, leaf dev: 0.07531211525201797
[2026-06-25 23:27:19,069][root][INFO] - Val leaf stats: tensor([0.1547, 0.0930, 0.2653, 0.0538, 0.1395, 0.0000, 0.0005, 0.0292, 0.0000,
        0.0018, 0.0042, 0.0202, 0.0230, 0.1198, 0.0195, 0.0755])
[2026-06-25 23:27:22,385][root][INFO] - Epoch: 35 | train acc: 0.9504, train loss: 0.17596005, valid acc: 0.9235, valid loss: 0.27936608, test acc: 0.9229, test loss: 0.27083716
[2026-06-25 23:27:22,393][root][INFO] - Epoch: 34 | train acc: 0.9395, train loss: 0.52810860, valid acc: 0.9248, valid loss: 0.27188604, test acc: 0.9277, test loss: 0.26656169
[2026-06-25 23:27:24,305][root][INFO] - Epoch: 34 | train acc: 0.9476, train loss: 0.36736264, valid acc: 0.8887, valid loss: 0.37596577, test acc: 0.8956, test loss: 0.34556328
[2026-06-25 23:27:26,074][root][INFO] - reg loss: 6.103816630705348, entropy loss: 0.2646533928389819, leaf dev: 0.07637208700180054
[2026-06-25 23:27:26,076][root][INFO] - Val leaf stats: tensor([0.1273, 0.0673, 0.0202, 0.0023, 0.0598, 0.0913, 0.0000, 0.0028, 0.0008,
        0.0005, 0.0132, 0.0572, 0.2417, 0.2095, 0.1057, 0.0003])
[2026-06-25 23:27:26,332][root][INFO] - reg loss: 6.101996444306284, entropy loss: 0.15892272330117677, leaf dev: 0.06889315694570541
[2026-06-25 23:27:26,333][root][INFO] - Val leaf stats: tensor([0.0000, 0.0882, 0.1035, 0.0122, 0.1492, 0.0000, 0.0000, 0.0965, 0.0003,
        0.1882, 0.0455, 0.1523, 0.0102, 0.1507, 0.0000, 0.0033])
[2026-06-25 23:27:27,901][root][INFO] - reg loss: 5.9616009154409735, entropy loss: 0.18223297638150882, leaf dev: 0.057688530534505844
[2026-06-25 23:27:27,902][root][INFO] - Val leaf stats: tensor([0.1412, 0.1188, 0.0212, 0.0910, 0.0753, 0.0000, 0.0687, 0.0210, 0.0330,
        0.1318, 0.0363, 0.0615, 0.0120, 0.1873, 0.0008, 0.0000])
[2026-06-25 23:27:40,671][root][INFO] - Epoch: 20 | train acc: 0.9328, train loss: 0.72764146, valid acc: 0.9145, valid loss: 0.27512744, test acc: 0.8964, test loss: 1.69254647
[2026-06-25 23:27:41,129][root][INFO] - Epoch: 35 | train acc: 0.9430, train loss: 0.64060587, valid acc: 0.9057, valid loss: 0.32276701, test acc: 0.9164, test loss: 0.29907906
[2026-06-25 23:27:43,463][root][INFO] - reg loss: 5.978289692490189, entropy loss: 0.12573249811533266, leaf dev: 0.059699080884456635
[2026-06-25 23:27:43,464][root][INFO] - Val leaf stats: tensor([0.0790, 0.1448, 0.0058, 0.1801, 0.0011, 0.0718, 0.1439, 0.0817, 0.0012,
        0.0504, 0.0509, 0.1284, 0.0149, 0.0021, 0.0431, 0.0007])
[2026-06-25 23:27:44,857][root][INFO] - reg loss: 5.304212327273387, entropy loss: 0.11067244705726516, leaf dev: 0.08098051697015762
[2026-06-25 23:27:44,858][root][INFO] - Val leaf stats: tensor([0.2145, 0.0247, 0.0470, 0.0000, 0.0000, 0.0000, 0.2287, 0.0738, 0.0000,
        0.0547, 0.0000, 0.0003, 0.1963, 0.0643, 0.0028, 0.0928])
[2026-06-25 23:27:47,013][root][INFO] - Epoch: 35 | train acc: 0.9411, train loss: 0.41438017, valid acc: 0.9220, valid loss: 0.29751013, test acc: 0.9192, test loss: 0.29367243
[2026-06-25 23:27:50,536][root][INFO] - reg loss: 6.070714266795032, entropy loss: 0.21153285649587522, leaf dev: 0.06887111067771912
[2026-06-25 23:27:50,537][root][INFO] - Val leaf stats: tensor([0.0873, 0.1110, 0.2332, 0.0678, 0.1298, 0.0000, 0.0005, 0.0287, 0.0000,
        0.0040, 0.0058, 0.0248, 0.0262, 0.1632, 0.0260, 0.0917])
[2026-06-25 23:27:53,019][root][INFO] - Epoch: 36 | train acc: 0.9438, train loss: 0.19071952, valid acc: 0.9217, valid loss: 0.29015158, test acc: 0.9229, test loss: 0.27647063
[2026-06-25 23:27:53,513][root][INFO] - Epoch: 35 | train acc: 0.9331, train loss: 0.53741043, valid acc: 0.8950, valid loss: 0.38585395, test acc: 0.8948, test loss: 0.38510684
[2026-06-25 23:27:54,004][root][INFO] - Epoch: 35 | train acc: 0.9452, train loss: 0.35980807, valid acc: 0.9148, valid loss: 0.29486268, test acc: 0.9252, test loss: 0.26875760
[2026-06-25 23:27:56,705][root][INFO] - reg loss: 6.1554727644290566, entropy loss: 0.26493957357586556, leaf dev: 0.07090632617473602
[2026-06-25 23:27:56,706][root][INFO] - Val leaf stats: tensor([0.1505, 0.0835, 0.0287, 0.0035, 0.0575, 0.0962, 0.0000, 0.0045, 0.0003,
        0.0005, 0.0145, 0.0567, 0.2122, 0.1910, 0.0998, 0.0007])
[2026-06-25 23:27:57,412][root][INFO] - reg loss: 6.135912661282521, entropy loss: 0.15093570680550808, leaf dev: 0.08619493991136551
[2026-06-25 23:27:57,413][root][INFO] - Val leaf stats: tensor([0.0000e+00, 2.0867e-01, 1.7617e-01, 6.8333e-03, 2.5967e-01, 0.0000e+00,
        1.6667e-04, 1.4800e-01, 1.8333e-03, 6.0667e-02, 4.2333e-02, 5.3333e-02,
        1.3333e-03, 4.0833e-02, 0.0000e+00, 1.6667e-04])
[2026-06-25 23:27:57,774][root][INFO] - reg loss: 5.774339819854161, entropy loss: 0.1676033447092434, leaf dev: 0.06548972427845001
[2026-06-25 23:27:57,775][root][INFO] - Val leaf stats: tensor([0.1582, 0.1572, 0.0010, 0.0235, 0.0777, 0.0000, 0.0622, 0.0217, 0.0390,
        0.1485, 0.0365, 0.0677, 0.0152, 0.1910, 0.0008, 0.0000])
[2026-06-25 23:28:10,890][root][INFO] - Epoch: 36 | train acc: 0.9419, train loss: 0.64544669, valid acc: 0.9138, valid loss: 0.28862524, test acc: 0.9245, test loss: 0.27235074
[2026-06-25 23:28:14,372][root][INFO] - Epoch: 21 | train acc: 0.9207, train loss: 0.73455011, valid acc: 0.9140, valid loss: 0.28753108, test acc: 0.8903, test loss: 0.94597796
[2026-06-25 23:28:14,997][root][INFO] - reg loss: 5.3472092466534304, entropy loss: 0.11036672183084038, leaf dev: 0.07822950929403305
[2026-06-25 23:28:14,998][root][INFO] - Val leaf stats: tensor([0.2077, 0.0382, 0.0458, 0.0000, 0.0000, 0.0000, 0.2143, 0.0662, 0.0000,
        0.0645, 0.0000, 0.0003, 0.2003, 0.0668, 0.0035, 0.0923])
[2026-06-25 23:28:16,722][root][INFO] - reg loss: 5.635640598478771, entropy loss: 0.12136455424248226, leaf dev: 0.06989189237356186
[2026-06-25 23:28:16,723][root][INFO] - Val leaf stats: tensor([0.0216, 0.1114, 0.0078, 0.1559, 0.0009, 0.0722, 0.2492, 0.0829, 0.0015,
        0.0480, 0.0498, 0.1299, 0.0175, 0.0019, 0.0490, 0.0007])
[2026-06-25 23:28:17,195][root][INFO] - Epoch: 36 | train acc: 0.9399, train loss: 0.41780584, valid acc: 0.9198, valid loss: 0.29484294, test acc: 0.9201, test loss: 0.29009481
[2026-06-25 23:28:20,431][root][INFO] - reg loss: 6.127039603467257, entropy loss: 0.21316825247035837, leaf dev: 0.07383858412504196
[2026-06-25 23:28:20,432][root][INFO] - Val leaf stats: tensor([0.0788, 0.0808, 0.2813, 0.1013, 0.1322, 0.0000, 0.0005, 0.0413, 0.0000,
        0.0027, 0.0053, 0.0262, 0.0258, 0.1227, 0.0240, 0.0770])
[2026-06-25 23:28:24,029][root][INFO] - Epoch: 36 | train acc: 0.9377, train loss: 0.50790434, valid acc: 0.9210, valid loss: 0.29249958, test acc: 0.9229, test loss: 0.28347846
[2026-06-25 23:28:24,381][root][INFO] - Epoch: 37 | train acc: 0.9489, train loss: 0.17844754, valid acc: 0.9237, valid loss: 0.28065123, test acc: 0.9240, test loss: 0.26635596
[2026-06-25 23:28:24,469][root][INFO] - Epoch: 36 | train acc: 0.9496, train loss: 0.34244965, valid acc: 0.9180, valid loss: 0.29806342, test acc: 0.9266, test loss: 0.26859361
[2026-06-25 23:28:27,340][root][INFO] - reg loss: 6.06367826461792, entropy loss: 0.14594920316957077, leaf dev: 0.07170513272285461
[2026-06-25 23:28:27,341][root][INFO] - Val leaf stats: tensor([0.0000, 0.1417, 0.1343, 0.0163, 0.1908, 0.0000, 0.0000, 0.0702, 0.0013,
        0.1928, 0.0458, 0.1162, 0.0060, 0.0842, 0.0000, 0.0003])
[2026-06-25 23:28:27,927][root][INFO] - reg loss: 5.755570042808101, entropy loss: 0.17042727163940105, leaf dev: 0.06581491976976395
[2026-06-25 23:28:27,929][root][INFO] - Val leaf stats: tensor([0.1842, 0.0988, 0.0025, 0.0463, 0.0585, 0.0000, 0.0575, 0.0218, 0.0473,
        0.1583, 0.0358, 0.0682, 0.0178, 0.2022, 0.0007, 0.0000])
[2026-06-25 23:28:28,321][root][INFO] - reg loss: 6.2227941953910975, entropy loss: 0.2674706645731656, leaf dev: 0.07422338426113129
[2026-06-25 23:28:28,322][root][INFO] - Val leaf stats: tensor([1.3883e-01, 7.2833e-02, 2.7667e-02, 4.0000e-03, 5.8667e-02, 8.9500e-02,
        0.0000e+00, 5.6667e-03, 5.0000e-04, 5.0000e-04, 1.7167e-02, 5.4500e-02,
        2.3467e-01, 2.0400e-01, 9.1333e-02, 1.6667e-04])
[2026-06-25 23:28:41,904][root][INFO] - Epoch: 37 | train acc: 0.9456, train loss: 0.63146638, valid acc: 0.9212, valid loss: 0.27848965, test acc: 0.9309, test loss: 0.25752201
[2026-06-25 23:28:45,562][root][INFO] - reg loss: 5.313923844751322, entropy loss: 0.11081009484686942, leaf dev: 0.07315605133771896
[2026-06-25 23:28:45,563][root][INFO] - Val leaf stats: tensor([0.2175, 0.0822, 0.0485, 0.0000, 0.0000, 0.0000, 0.1593, 0.0628, 0.0000,
        0.0673, 0.0000, 0.0008, 0.1985, 0.0687, 0.0028, 0.0915])
[2026-06-25 23:28:46,917][root][INFO] - Epoch: 37 | train acc: 0.9419, train loss: 0.40944669, valid acc: 0.9250, valid loss: 0.27339799, test acc: 0.9263, test loss: 0.27046501
[2026-06-25 23:28:48,837][root][INFO] - Epoch: 22 | train acc: 0.9346, train loss: 0.69951790, valid acc: 0.9151, valid loss: 0.27969827, test acc: 0.8956, test loss: 1.76846676
[2026-06-25 23:28:50,669][root][INFO] - reg loss: 6.044831626820114, entropy loss: 0.21343683451414108, leaf dev: 0.07815829664468765
[2026-06-25 23:28:50,670][root][INFO] - Val leaf stats: tensor([1.9000e-01, 1.2383e-01, 2.6583e-01, 2.9000e-02, 1.1917e-01, 1.6667e-04,
        6.6667e-04, 5.1667e-02, 0.0000e+00, 1.8333e-03, 4.6667e-03, 1.7833e-02,
        2.5000e-02, 1.0283e-01, 1.8000e-02, 4.9500e-02])
[2026-06-25 23:28:51,660][root][INFO] - reg loss: 5.618641192320163, entropy loss: 0.12036885853324618, leaf dev: 0.06424530595541
[2026-06-25 23:28:51,661][root][INFO] - Val leaf stats: tensor([0.0311, 0.1375, 0.0092, 0.1551, 0.0009, 0.0724, 0.2076, 0.0816, 0.0011,
        0.0498, 0.0539, 0.1328, 0.0194, 0.0021, 0.0447, 0.0007])
[2026-06-25 23:28:53,735][root][INFO] - Epoch: 37 | train acc: 0.9438, train loss: 0.48316279, valid acc: 0.9265, valid loss: 0.26761038, test acc: 0.9284, test loss: 0.26543233
[2026-06-25 23:28:55,522][root][INFO] - Epoch: 37 | train acc: 0.9395, train loss: 0.37834586, valid acc: 0.9147, valid loss: 0.30984352, test acc: 0.9228, test loss: 0.27866261
[2026-06-25 23:28:55,585][root][INFO] - Epoch: 38 | train acc: 0.9333, train loss: 0.22911548, valid acc: 0.9083, valid loss: 0.33568733, test acc: 0.9058, test loss: 0.33779789
[2026-06-25 23:28:58,110][root][INFO] - reg loss: 5.9730158841834875, entropy loss: 0.14393538770810613, leaf dev: 0.07299929112195969
[2026-06-25 23:28:58,111][root][INFO] - Val leaf stats: tensor([0.0000, 0.1083, 0.1262, 0.0087, 0.2047, 0.0000, 0.0000, 0.0862, 0.0020,
        0.2020, 0.0463, 0.1212, 0.0063, 0.0878, 0.0000, 0.0003])
[2026-06-25 23:28:59,154][root][INFO] - reg loss: 5.870619324018371, entropy loss: 0.1726125544815693, leaf dev: 0.06406720727682114
[2026-06-25 23:28:59,155][root][INFO] - Val leaf stats: tensor([0.1657, 0.1120, 0.0027, 0.0517, 0.0538, 0.0000, 0.1037, 0.0310, 0.0313,
        0.1228, 0.0270, 0.0395, 0.0413, 0.2162, 0.0013, 0.0000])
[2026-06-25 23:28:59,416][root][INFO] - reg loss: 6.221345262707405, entropy loss: 0.2639224925693476, leaf dev: 0.06440358608961105
[2026-06-25 23:28:59,417][root][INFO] - Val leaf stats: tensor([0.1578, 0.0617, 0.0557, 0.0125, 0.0752, 0.1002, 0.0000, 0.0062, 0.0000,
        0.0003, 0.0142, 0.0770, 0.1658, 0.0820, 0.1915, 0.0000])
[2026-06-25 23:29:11,697][root][INFO] - Epoch: 38 | train acc: 0.9471, train loss: 0.64024158, valid acc: 0.9198, valid loss: 0.27250931, test acc: 0.9294, test loss: 0.25809534
[2026-06-25 23:29:15,243][root][INFO] - reg loss: 5.342923069899937, entropy loss: 0.11405744923735564, leaf dev: 0.07132172584533691
[2026-06-25 23:29:15,244][root][INFO] - Val leaf stats: tensor([0.2037, 0.0667, 0.0720, 0.0000, 0.0000, 0.0000, 0.1677, 0.0668, 0.0000,
        0.0675, 0.0000, 0.0008, 0.1942, 0.0692, 0.0017, 0.0898])
[2026-06-25 23:29:17,381][root][INFO] - Epoch: 38 | train acc: 0.9402, train loss: 0.41663444, valid acc: 0.9222, valid loss: 0.29546067, test acc: 0.9240, test loss: 0.29215837
[2026-06-25 23:29:21,141][root][INFO] - reg loss: 6.099672974280591, entropy loss: 0.213660921268868, leaf dev: 0.0684448704123497
[2026-06-25 23:29:21,142][root][INFO] - Val leaf stats: tensor([0.1118, 0.1212, 0.2315, 0.0370, 0.1638, 0.0023, 0.0010, 0.0745, 0.0000,
        0.0028, 0.0083, 0.0300, 0.0257, 0.1147, 0.0203, 0.0550])
[2026-06-25 23:29:22,462][root][INFO] - Epoch: 23 | train acc: 0.9363, train loss: 0.68806322, valid acc: 0.9140, valid loss: 0.28018178, test acc: 0.8958, test loss: 1.89974594
[2026-06-25 23:29:25,435][root][INFO] - reg loss: 5.659654536575236, entropy loss: 0.11915112720437782, leaf dev: 0.06420844793319702
[2026-06-25 23:29:25,437][root][INFO] - Val leaf stats: tensor([0.0220, 0.1696, 0.0139, 0.1601, 0.0011, 0.0724, 0.1820, 0.0729, 0.0015,
        0.0407, 0.0611, 0.1324, 0.0200, 0.0021, 0.0475, 0.0007])
[2026-06-25 23:29:25,829][root][INFO] - Epoch: 39 | train acc: 0.9431, train loss: 0.19744461, valid acc: 0.9205, valid loss: 0.29468747, test acc: 0.9250, test loss: 0.27722008
[2026-06-25 23:29:26,143][root][INFO] - Epoch: 38 | train acc: 0.9387, train loss: 0.49418617, valid acc: 0.9183, valid loss: 0.32020891, test acc: 0.9154, test loss: 0.30895223
[2026-06-25 23:29:26,294][root][INFO] - Epoch: 38 | train acc: 0.9476, train loss: 0.34730300, valid acc: 0.9245, valid loss: 0.28341961, test acc: 0.9294, test loss: 0.25980640
[2026-06-25 23:29:29,429][root][INFO] - reg loss: 6.26804721130515, entropy loss: 0.26251297542509044, leaf dev: 0.06359302997589111
[2026-06-25 23:29:29,430][root][INFO] - Val leaf stats: tensor([1.6950e-01, 8.7667e-02, 4.0000e-02, 6.1667e-03, 7.7833e-02, 9.9167e-02,
        0.0000e+00, 6.1667e-03, 1.6667e-04, 5.0000e-04, 2.0667e-02, 9.1000e-02,
        2.0117e-01, 1.0067e-01, 9.9333e-02, 0.0000e+00])
[2026-06-25 23:29:29,736][root][INFO] - reg loss: 5.730928259075813, entropy loss: 0.14118034926787862, leaf dev: 0.09534478932619095
[2026-06-25 23:29:29,737][root][INFO] - Val leaf stats: tensor([0.0000, 0.0320, 0.0250, 0.0058, 0.0755, 0.0000, 0.0008, 0.0373, 0.0072,
        0.2513, 0.0495, 0.2562, 0.0148, 0.2420, 0.0000, 0.0025])
[2026-06-25 23:29:30,276][root][INFO] - reg loss: 5.794236120188011, entropy loss: 0.168584406516462, leaf dev: 0.06016886606812477
[2026-06-25 23:29:30,277][root][INFO] - Val leaf stats: tensor([0.1280, 0.1355, 0.0023, 0.0567, 0.0733, 0.0000, 0.0737, 0.0295, 0.0355,
        0.1585, 0.0287, 0.0498, 0.0380, 0.1898, 0.0007, 0.0000])
[2026-06-25 23:29:42,112][root][INFO] - Epoch: 39 | train acc: 0.9438, train loss: 0.63338493, valid acc: 0.8925, valid loss: 0.35471896, test acc: 0.9000, test loss: 0.35434509
[2026-06-25 23:29:45,417][root][INFO] - reg loss: 5.31690526008606, entropy loss: 0.11084345678957004, leaf dev: 0.07979624718427658
[2026-06-25 23:29:45,418][root][INFO] - Val leaf stats: tensor([0.1455, 0.0415, 0.0425, 0.0000, 0.0000, 0.0000, 0.1373, 0.0372, 0.0000,
        0.1107, 0.0000, 0.0010, 0.2855, 0.0990, 0.0023, 0.0975])
[2026-06-25 23:29:49,661][root][INFO] - Epoch: 39 | train acc: 0.9445, train loss: 0.40160476, valid acc: 0.9288, valid loss: 0.27211205, test acc: 0.9276, test loss: 0.26746760
[2026-06-25 23:29:53,202][root][INFO] - reg loss: 6.07509435347791, entropy loss: 0.2134254698483449, leaf dev: 0.06982992589473724
[2026-06-25 23:29:53,203][root][INFO] - Val leaf stats: tensor([0.1450, 0.1393, 0.2335, 0.0320, 0.1302, 0.0007, 0.0013, 0.0713, 0.0000,
        0.0018, 0.0080, 0.0283, 0.0248, 0.1160, 0.0198, 0.0478])
[2026-06-25 23:29:54,225][root][INFO] - Epoch: 24 | train acc: 0.9388, train loss: 0.68679656, valid acc: 0.9174, valid loss: 0.26408595, test acc: 0.8995, test loss: 2.08697084
[2026-06-25 23:29:55,802][root][INFO] - Epoch: 40 | train acc: 0.9432, train loss: 0.19647937, valid acc: 0.9173, valid loss: 0.29308239, test acc: 0.9202, test loss: 0.29414706
[2026-06-25 23:29:56,629][root][INFO] - reg loss: 5.76684152764618, entropy loss: 0.12107016193488288, leaf dev: 0.059881605207920074
[2026-06-25 23:29:56,630][root][INFO] - Val leaf stats: tensor([0.0282, 0.1759, 0.0274, 0.1457, 0.0011, 0.0735, 0.1578, 0.0670, 0.0015,
        0.0463, 0.0646, 0.1358, 0.0229, 0.0019, 0.0498, 0.0007])
[2026-06-25 23:29:57,494][root][INFO] - Epoch: 39 | train acc: 0.9345, train loss: 0.49835649, valid acc: 0.9158, valid loss: 0.30359754, test acc: 0.9156, test loss: 0.31190927
[2026-06-25 23:29:57,686][root][INFO] - Epoch: 39 | train acc: 0.9504, train loss: 0.33705966, valid acc: 0.9230, valid loss: 0.27681537, test acc: 0.9300, test loss: 0.26016014
[2026-06-25 23:29:59,668][root][INFO] - reg loss: 6.188414321755463, entropy loss: 0.263414075352111, leaf dev: 0.06892038136720657
[2026-06-25 23:29:59,669][root][INFO] - Val leaf stats: tensor([0.1660, 0.0537, 0.0270, 0.0068, 0.0752, 0.1012, 0.0000, 0.0055, 0.0003,
        0.0003, 0.0172, 0.0953, 0.2292, 0.1093, 0.1130, 0.0000])
[2026-06-25 23:30:01,499][root][INFO] - reg loss: 5.5301923212015405, entropy loss: 0.13695558638505215, leaf dev: 0.09540677070617676
[2026-06-25 23:30:01,500][root][INFO] - Val leaf stats: tensor([0.0000e+00, 6.8333e-02, 3.4667e-02, 5.0000e-03, 3.4667e-02, 0.0000e+00,
        1.6667e-04, 3.2000e-02, 3.8333e-03, 2.5333e-01, 5.0833e-02, 2.5400e-01,
        1.5167e-02, 2.4367e-01, 0.0000e+00, 4.3333e-03])
[2026-06-25 23:30:02,139][root][INFO] - reg loss: 5.802615381636709, entropy loss: 0.16722311135732904, leaf dev: 0.05618926137685776
[2026-06-25 23:30:02,140][root][INFO] - Val leaf stats: tensor([0.1380, 0.1527, 0.0027, 0.0712, 0.0877, 0.0000, 0.0783, 0.0387, 0.0285,
        0.1302, 0.0293, 0.0565, 0.0295, 0.1563, 0.0005, 0.0000])
[2026-06-25 23:30:12,838][root][INFO] - Epoch: 40 | train acc: 0.9344, train loss: 0.65695275, valid acc: 0.9168, valid loss: 0.28727619, test acc: 0.9208, test loss: 0.27254475
[2026-06-25 23:30:16,668][root][INFO] - reg loss: 5.269254297580359, entropy loss: 0.11033862737833329, leaf dev: 0.08527080714702606
[2026-06-25 23:30:16,669][root][INFO] - Val leaf stats: tensor([0.1857, 0.0717, 0.0450, 0.0000, 0.0000, 0.0000, 0.1403, 0.0518, 0.0000,
        0.0223, 0.0000, 0.0000, 0.3015, 0.0827, 0.0025, 0.0965])
[2026-06-25 23:30:19,767][root][INFO] - Epoch: 40 | train acc: 0.9477, train loss: 0.39277018, valid acc: 0.9243, valid loss: 0.27826336, test acc: 0.9209, test loss: 0.28396773
[2026-06-25 23:30:23,717][root][INFO] - reg loss: 6.077612669962757, entropy loss: 0.2157726140235955, leaf dev: 0.07316017150878906
[2026-06-25 23:30:23,718][root][INFO] - Val leaf stats: tensor([0.1918, 0.0942, 0.2522, 0.0425, 0.0938, 0.0008, 0.0007, 0.0442, 0.0000,
        0.0030, 0.0095, 0.0347, 0.0343, 0.1228, 0.0212, 0.0543])
[2026-06-25 23:30:26,028][root][INFO] - Epoch: 41 | train acc: 0.9459, train loss: 0.18510444, valid acc: 0.9143, valid loss: 0.31061056, test acc: 0.9183, test loss: 0.29989395
[2026-06-25 23:30:28,314][root][INFO] - Epoch: 40 | train acc: 0.9271, train loss: 0.53036821, valid acc: 0.8943, valid loss: 0.37281420, test acc: 0.8983, test loss: 0.36650230
[2026-06-25 23:30:28,656][root][INFO] - Epoch: 25 | train acc: 0.9422, train loss: 0.70424325, valid acc: 0.9194, valid loss: 0.26944723, test acc: 0.9011, test loss: 2.07140464
[2026-06-25 23:30:28,788][root][INFO] - Epoch: 40 | train acc: 0.9535, train loss: 0.32401090, valid acc: 0.9208, valid loss: 0.29041788, test acc: 0.9322, test loss: 0.24790321
[2026-06-25 23:30:29,974][root][INFO] - reg loss: 6.158271929003158, entropy loss: 0.26026507199935195, leaf dev: 0.062282927334308624
[2026-06-25 23:30:29,975][root][INFO] - Val leaf stats: tensor([0.1250, 0.0217, 0.0715, 0.0497, 0.0660, 0.0943, 0.0000, 0.0058, 0.0003,
        0.0003, 0.0223, 0.0938, 0.2183, 0.1228, 0.1080, 0.0000])
[2026-06-25 23:30:31,548][root][INFO] - reg loss: 5.835475714749129, entropy loss: 0.12758335140016344, leaf dev: 0.06523182988166809
[2026-06-25 23:30:31,549][root][INFO] - Val leaf stats: tensor([0.0197, 0.0836, 0.0373, 0.1199, 0.0007, 0.0756, 0.2500, 0.0760, 0.0011,
        0.0576, 0.0661, 0.1358, 0.0238, 0.0021, 0.0500, 0.0007])
[2026-06-25 23:30:32,161][root][INFO] - reg loss: 5.575492773415907, entropy loss: 0.13647634395450917, leaf dev: 0.08065387606620789
[2026-06-25 23:30:32,162][root][INFO] - Val leaf stats: tensor([0.0000e+00, 3.9000e-02, 3.0500e-02, 6.1667e-03, 7.1167e-02, 0.0000e+00,
        1.6667e-04, 6.1500e-02, 5.6667e-03, 1.9383e-01, 3.7000e-02, 2.1000e-01,
        1.9000e-02, 2.4100e-01, 0.0000e+00, 8.5000e-02])
[2026-06-25 23:30:32,710][root][INFO] - reg loss: 5.75496928197033, entropy loss: 0.16668934318816886, leaf dev: 0.06456781923770905
[2026-06-25 23:30:32,711][root][INFO] - Val leaf stats: tensor([0.1368, 0.1133, 0.0017, 0.0445, 0.0507, 0.0000, 0.0717, 0.0170, 0.0410,
        0.1865, 0.0318, 0.0593, 0.0435, 0.2015, 0.0007, 0.0000])
[2026-06-25 23:30:44,585][root][INFO] - Epoch: 41 | train acc: 0.9316, train loss: 0.62357085, valid acc: 0.9165, valid loss: 0.29723004, test acc: 0.9238, test loss: 0.27706944
[2026-06-25 23:30:48,351][root][INFO] - reg loss: 5.067746639251709, entropy loss: 0.09812553142601589, leaf dev: 0.08492910116910934
[2026-06-25 23:30:48,352][root][INFO] - Val leaf stats: tensor([0.2137, 0.0473, 0.0372, 0.0000, 0.0000, 0.0000, 0.1548, 0.0532, 0.0000,
        0.0357, 0.0000, 0.0000, 0.2797, 0.0802, 0.0052, 0.0932])
[2026-06-25 23:30:51,014][root][INFO] - Epoch: 41 | train acc: 0.9471, train loss: 0.39583750, valid acc: 0.9287, valid loss: 0.26830654, test acc: 0.9271, test loss: 0.27295055
[2026-06-25 23:30:54,755][root][INFO] - reg loss: 6.136018262719208, entropy loss: 0.21545369543556897, leaf dev: 0.07131819427013397
[2026-06-25 23:30:54,757][root][INFO] - Val leaf stats: tensor([0.1588, 0.1117, 0.2633, 0.0562, 0.0887, 0.0003, 0.0003, 0.0427, 0.0000,
        0.0045, 0.0203, 0.0528, 0.0223, 0.1102, 0.0145, 0.0533])
[2026-06-25 23:30:57,221][root][INFO] - Epoch: 42 | train acc: 0.9450, train loss: 0.18982004, valid acc: 0.9167, valid loss: 0.29782159, test acc: 0.9191, test loss: 0.29021648
[2026-06-25 23:30:57,757][root][INFO] - Epoch: 41 | train acc: 0.9316, train loss: 0.51256961, valid acc: 0.9178, valid loss: 0.29005148, test acc: 0.9207, test loss: 0.28560240
[2026-06-25 23:30:59,345][root][INFO] - Epoch: 41 | train acc: 0.9558, train loss: 0.31745044, valid acc: 0.9272, valid loss: 0.26908894, test acc: 0.9344, test loss: 0.24232533
[2026-06-25 23:31:01,311][root][INFO] - reg loss: 5.659875640329325, entropy loss: 0.14074178630450987, leaf dev: 0.081036776304245
[2026-06-25 23:31:01,312][root][INFO] - Val leaf stats: tensor([0.0000e+00, 5.2333e-02, 3.8167e-02, 7.0000e-03, 7.2500e-02, 0.0000e+00,
        1.6667e-04, 6.3333e-02, 1.0667e-02, 2.2800e-01, 5.7833e-02, 2.2900e-01,
        1.1667e-02, 1.9583e-01, 0.0000e+00, 3.3500e-02])
[2026-06-25 23:31:01,582][root][INFO] - reg loss: 6.143412873430072, entropy loss: 0.25520326337724364, leaf dev: 0.07645957916975021
[2026-06-25 23:31:01,583][root][INFO] - Val leaf stats: tensor([0.1317, 0.0255, 0.0115, 0.0150, 0.0467, 0.0768, 0.0000, 0.0047, 0.0008,
        0.0007, 0.0128, 0.1162, 0.2512, 0.1495, 0.1570, 0.0000])
[2026-06-25 23:31:02,624][root][INFO] - Epoch: 26 | train acc: 0.9356, train loss: 0.72246729, valid acc: 0.8316, valid loss: 0.53890572, test acc: 0.8347, test loss: 2.35981767
[2026-06-25 23:31:03,321][root][INFO] - reg loss: 5.703969762010394, entropy loss: 0.1664235659365384, leaf dev: 0.057239554822444916
[2026-06-25 23:31:03,322][root][INFO] - Val leaf stats: tensor([0.1358, 0.1280, 0.0022, 0.0568, 0.0658, 0.0000, 0.0802, 0.0253, 0.0432,
        0.1595, 0.0315, 0.0713, 0.0335, 0.1663, 0.0005, 0.0000])
[2026-06-25 23:31:05,726][root][INFO] - reg loss: 5.782733289022294, entropy loss: 0.1276756751316565, leaf dev: 0.056401945650577545
[2026-06-25 23:31:05,728][root][INFO] - Val leaf stats: tensor([0.0154, 0.0617, 0.1095, 0.1641, 0.0009, 0.0725, 0.1671, 0.0705, 0.0012,
        0.0589, 0.0631, 0.1356, 0.0253, 0.0021, 0.0514, 0.0007])
[2026-06-25 23:31:14,241][root][INFO] - Epoch: 42 | train acc: 0.9449, train loss: 0.57701076, valid acc: 0.9193, valid loss: 0.27506882, test acc: 0.9254, test loss: 0.25987009
[2026-06-25 23:31:18,381][root][INFO] - reg loss: 5.071873017077176, entropy loss: 0.09740227278111116, leaf dev: 0.07908188551664352
[2026-06-25 23:31:18,382][root][INFO] - Val leaf stats: tensor([0.1980, 0.0705, 0.0453, 0.0000, 0.0000, 0.0000, 0.1612, 0.0562, 0.0000,
        0.0408, 0.0000, 0.0000, 0.2540, 0.0763, 0.0032, 0.0945])
[2026-06-25 23:31:21,333][root][INFO] - Epoch: 42 | train acc: 0.9450, train loss: 0.39943081, valid acc: 0.9097, valid loss: 0.32014148, test acc: 0.9095, test loss: 0.32967104
[2026-06-25 23:31:24,979][root][INFO] - reg loss: 6.069917251478951, entropy loss: 0.21142535361478915, leaf dev: 0.07745151966810226
[2026-06-25 23:31:24,980][root][INFO] - Val leaf stats: tensor([0.0903, 0.0905, 0.2140, 0.0277, 0.0880, 0.0008, 0.0005, 0.0335, 0.0000,
        0.0173, 0.0420, 0.0750, 0.0363, 0.2675, 0.0085, 0.0080])
[2026-06-25 23:31:28,375][root][INFO] - Epoch: 42 | train acc: 0.9576, train loss: 0.31659407, valid acc: 0.9265, valid loss: 0.27914421, test acc: 0.9330, test loss: 0.25129407
[2026-06-25 23:31:28,557][root][INFO] - Epoch: 42 | train acc: 0.9404, train loss: 0.48266294, valid acc: 0.9223, valid loss: 0.27700611, test acc: 0.9236, test loss: 0.27569311
[2026-06-25 23:31:28,657][root][INFO] - Epoch: 43 | train acc: 0.9420, train loss: 0.20287167, valid acc: 0.8997, valid loss: 0.37118865, test acc: 0.9034, test loss: 0.36283063
[2026-06-25 23:31:32,583][root][INFO] - reg loss: 5.94152251279579, entropy loss: 0.25039620275767344, leaf dev: 0.1014542207121849
[2026-06-25 23:31:32,584][root][INFO] - Val leaf stats: tensor([0.0218, 0.0120, 0.0085, 0.0072, 0.0065, 0.0498, 0.0000, 0.0045, 0.0013,
        0.0010, 0.0310, 0.1082, 0.2688, 0.1557, 0.3232, 0.0005])
[2026-06-25 23:31:32,773][root][INFO] - reg loss: 5.731251842570755, entropy loss: 0.1679877444820584, leaf dev: 0.05564327538013458
[2026-06-25 23:31:32,774][root][INFO] - Val leaf stats: tensor([1.3700e-01, 1.1750e-01, 2.1667e-03, 5.8667e-02, 7.7667e-02, 0.0000e+00,
        7.4333e-02, 2.6667e-02, 5.6500e-02, 1.6900e-01, 3.2333e-02, 7.4833e-02,
        2.6333e-02, 1.4683e-01, 1.6667e-04, 0.0000e+00])
[2026-06-25 23:31:32,967][root][INFO] - reg loss: 5.635672519791801, entropy loss: 0.13984709486084165, leaf dev: 0.0802009254693985
[2026-06-25 23:31:32,968][root][INFO] - Val leaf stats: tensor([0.0000e+00, 5.5333e-02, 3.7500e-02, 7.1667e-03, 7.8500e-02, 0.0000e+00,
        1.6667e-04, 6.8167e-02, 1.0833e-02, 2.1317e-01, 5.6500e-02, 2.2167e-01,
        1.3833e-02, 2.1200e-01, 0.0000e+00, 2.5167e-02])
[2026-06-25 23:31:37,393][root][INFO] - Epoch: 27 | train acc: 0.9199, train loss: 0.73170782, valid acc: 0.8932, valid loss: 0.34971860, test acc: 0.8936, test loss: 2.29809506
[2026-06-25 23:31:40,776][root][INFO] - reg loss: 5.5162885025064785, entropy loss: 0.12008304172565067, leaf dev: 0.08475658297538757
[2026-06-25 23:31:40,777][root][INFO] - Val leaf stats: tensor([0.0091, 0.0203, 0.0603, 0.0686, 0.0006, 0.0736, 0.3446, 0.0843, 0.0012,
        0.0499, 0.0735, 0.1387, 0.0221, 0.0023, 0.0501, 0.0007])
[2026-06-25 23:31:45,064][root][INFO] - Epoch: 43 | train acc: 0.9411, train loss: 0.59145452, valid acc: 0.9155, valid loss: 0.29343634, test acc: 0.9233, test loss: 0.26945088
[2026-06-25 23:31:49,205][root][INFO] - reg loss: 5.1214633212899265, entropy loss: 0.09984152946832045, leaf dev: 0.07287416607141495
[2026-06-25 23:31:49,206][root][INFO] - Val leaf stats: tensor([0.2007, 0.0707, 0.0597, 0.0000, 0.0000, 0.0000, 0.1635, 0.0673, 0.0000,
        0.0637, 0.0000, 0.0008, 0.2132, 0.0818, 0.0020, 0.0767])
[2026-06-25 23:31:51,674][root][INFO] - Epoch: 43 | train acc: 0.9419, train loss: 0.40015044, valid acc: 0.9263, valid loss: 0.26369510, test acc: 0.9227, test loss: 0.28432816
[2026-06-25 23:31:55,041][root][INFO] - reg loss: 5.94905820432699, entropy loss: 0.20090689763145628, leaf dev: 0.07382381707429886
[2026-06-25 23:31:55,042][root][INFO] - Val leaf stats: tensor([0.1107, 0.0938, 0.2573, 0.0408, 0.0928, 0.0008, 0.0007, 0.0422, 0.0000,
        0.0093, 0.0393, 0.0855, 0.0310, 0.1870, 0.0048, 0.0038])
[2026-06-25 23:31:58,553][root][INFO] - Epoch: 44 | train acc: 0.9356, train loss: 0.22679411, valid acc: 0.9117, valid loss: 0.32889770, test acc: 0.9119, test loss: 0.33068952
[2026-06-25 23:31:59,570][root][INFO] - Epoch: 43 | train acc: 0.9543, train loss: 0.32879050, valid acc: 0.9265, valid loss: 0.27888161, test acc: 0.9290, test loss: 0.26522989
[2026-06-25 23:32:00,206][root][INFO] - Epoch: 43 | train acc: 0.9426, train loss: 0.47744807, valid acc: 0.9213, valid loss: 0.27006896, test acc: 0.9239, test loss: 0.27582693
[2026-06-25 23:32:02,527][root][INFO] - reg loss: 5.8049274750475615, entropy loss: 0.25038926795406163, leaf dev: 0.08754626661539078
[2026-06-25 23:32:02,528][root][INFO] - Val leaf stats: tensor([0.0215, 0.0207, 0.0108, 0.0123, 0.0088, 0.0593, 0.0000, 0.0048, 0.0023,
        0.0012, 0.0482, 0.1352, 0.2197, 0.1993, 0.2532, 0.0027])
[2026-06-25 23:32:03,560][root][INFO] - reg loss: 5.750489734253794, entropy loss: 0.16776423535819324, leaf dev: 0.057661592960357666
[2026-06-25 23:32:03,561][root][INFO] - Val leaf stats: tensor([0.1373, 0.1162, 0.0022, 0.0603, 0.0753, 0.0000, 0.0988, 0.0293, 0.0378,
        0.1732, 0.0310, 0.0547, 0.0288, 0.1545, 0.0005, 0.0000])
[2026-06-25 23:32:03,657][root][INFO] - reg loss: 5.665685244326322, entropy loss: 0.13975899891470964, leaf dev: 0.07539346069097519
[2026-06-25 23:32:03,658][root][INFO] - Val leaf stats: tensor([0.0000, 0.0662, 0.0547, 0.0102, 0.0993, 0.0000, 0.0000, 0.0842, 0.0073,
        0.2243, 0.0442, 0.1790, 0.0148, 0.1958, 0.0000, 0.0200])
[2026-06-25 23:32:10,364][root][INFO] - Epoch: 28 | train acc: 0.9273, train loss: 0.69889842, valid acc: 0.9152, valid loss: 0.29146179, test acc: 0.8974, test loss: 1.46397053
[2026-06-25 23:32:13,451][root][INFO] - reg loss: 5.268942931341747, entropy loss: 0.11568296018731657, leaf dev: 0.07635039836168289
[2026-06-25 23:32:13,452][root][INFO] - Val leaf stats: tensor([0.0122, 0.0370, 0.0614, 0.0855, 0.0006, 0.0727, 0.3090, 0.0742, 0.0013,
        0.0612, 0.0770, 0.1371, 0.0224, 0.0021, 0.0456, 0.0007])
[2026-06-25 23:32:19,147][root][INFO] - Epoch: 44 | train acc: 0.9418, train loss: 0.60072782, valid acc: 0.9155, valid loss: 0.28358347, test acc: 0.9224, test loss: 0.26846446
[2026-06-25 23:32:22,179][root][INFO] - Epoch: 44 | train acc: 0.9350, train loss: 0.41921050, valid acc: 0.9090, valid loss: 0.31250220, test acc: 0.9130, test loss: 0.30812805
[2026-06-25 23:32:22,194][root][INFO] - reg loss: 5.157859851729195, entropy loss: 0.10133986350781513, leaf dev: 0.07489877194166183
[2026-06-25 23:32:22,195][root][INFO] - Val leaf stats: tensor([1.7817e-01, 6.4000e-02, 3.7167e-02, 0.0000e+00, 0.0000e+00, 0.0000e+00,
        1.4900e-01, 6.6667e-02, 1.6667e-04, 7.5500e-02, 0.0000e+00, 1.0000e-03,
        2.4750e-01, 8.7833e-02, 3.0000e-03, 9.0000e-02])
[2026-06-25 23:32:25,498][root][INFO] - reg loss: 5.961502444069341, entropy loss: 0.1982862613392326, leaf dev: 0.07399637252092361
[2026-06-25 23:32:25,499][root][INFO] - Val leaf stats: tensor([0.1613, 0.1208, 0.1965, 0.0122, 0.0873, 0.0008, 0.0003, 0.0340, 0.0000,
        0.0132, 0.0378, 0.0968, 0.0165, 0.2125, 0.0045, 0.0053])
[2026-06-25 23:32:28,326][root][INFO] - Epoch: 45 | train acc: 0.9433, train loss: 0.19605542, valid acc: 0.9223, valid loss: 0.28520063, test acc: 0.9238, test loss: 0.27956795
[2026-06-25 23:32:30,938][root][INFO] - Epoch: 44 | train acc: 0.9568, train loss: 0.31675640, valid acc: 0.9272, valid loss: 0.28182850, test acc: 0.9342, test loss: 0.25683219
[2026-06-25 23:32:31,304][root][INFO] - Epoch: 44 | train acc: 0.9357, train loss: 0.49858165, valid acc: 0.9018, valid loss: 0.32673239, test acc: 0.9013, test loss: 0.35305697
[2026-06-25 23:32:32,107][root][INFO] - reg loss: 5.912452760732399, entropy loss: 0.25270079666713496, leaf dev: 0.08332990854978561
[2026-06-25 23:32:32,108][root][INFO] - Val leaf stats: tensor([0.0428, 0.0315, 0.0252, 0.0042, 0.0142, 0.0678, 0.0000, 0.0060, 0.0010,
        0.0008, 0.0330, 0.1180, 0.2413, 0.2078, 0.2047, 0.0017])
[2026-06-25 23:32:34,217][root][INFO] - reg loss: 5.743346601162317, entropy loss: 0.1681627594637421, leaf dev: 0.056862082332372665
[2026-06-25 23:32:34,218][root][INFO] - Val leaf stats: tensor([0.1392, 0.1072, 0.0013, 0.0450, 0.0690, 0.0000, 0.0828, 0.0235, 0.0508,
        0.1793, 0.0327, 0.0672, 0.0492, 0.1523, 0.0005, 0.0000])
[2026-06-25 23:32:34,729][root][INFO] - reg loss: 5.736949605761834, entropy loss: 0.13989039468315412, leaf dev: 0.07574836164712906
[2026-06-25 23:32:34,730][root][INFO] - Val leaf stats: tensor([0.0000e+00, 1.7400e-01, 2.3500e-01, 1.6833e-02, 1.6633e-01, 0.0000e+00,
        1.6667e-04, 6.8000e-02, 1.1333e-02, 1.3350e-01, 4.5500e-02, 8.7167e-02,
        6.3333e-03, 5.3167e-02, 1.6667e-04, 2.5000e-03])
[2026-06-25 23:32:44,976][root][INFO] - Epoch: 29 | train acc: 0.9374, train loss: 0.67585554, valid acc: 0.9140, valid loss: 0.29597513, test acc: 0.8965, test loss: 1.33540695
[2026-06-25 23:32:47,849][root][INFO] - reg loss: 5.371845051094338, entropy loss: 0.11731574786876245, leaf dev: 0.07220800220966339
[2026-06-25 23:32:47,850][root][INFO] - Val leaf stats: tensor([0.0134, 0.0397, 0.0588, 0.0971, 0.0006, 0.0736, 0.2881, 0.0685, 0.0026,
        0.0555, 0.0366, 0.1331, 0.0320, 0.0008, 0.0989, 0.0006])
[2026-06-25 23:32:49,896][root][INFO] - Epoch: 45 | train acc: 0.9463, train loss: 0.58681311, valid acc: 0.9198, valid loss: 0.27169034, test acc: 0.9253, test loss: 0.26005611
[2026-06-25 23:32:52,972][root][INFO] - Epoch: 45 | train acc: 0.9440, train loss: 0.39170294, valid acc: 0.9272, valid loss: 0.27651562, test acc: 0.9253, test loss: 0.27616043
[2026-06-25 23:32:53,729][root][INFO] - reg loss: 5.132440589508921, entropy loss: 0.1013411394548866, leaf dev: 0.07376614958047867
[2026-06-25 23:32:53,730][root][INFO] - Val leaf stats: tensor([0.1785, 0.0568, 0.0585, 0.0000, 0.0000, 0.0000, 0.1795, 0.0767, 0.0000,
        0.0597, 0.0000, 0.0007, 0.2253, 0.0720, 0.0030, 0.0893])
[2026-06-25 23:32:56,181][root][INFO] - reg loss: 5.955540171209371, entropy loss: 0.19739888144551582, leaf dev: 0.06872052699327469
[2026-06-25 23:32:56,182][root][INFO] - Val leaf stats: tensor([0.1333, 0.1173, 0.2228, 0.0232, 0.0980, 0.0022, 0.0007, 0.0385, 0.0000,
        0.0103, 0.0398, 0.0955, 0.0332, 0.1687, 0.0058, 0.0107])
[2026-06-25 23:32:59,186][root][INFO] - Epoch: 46 | train acc: 0.9451, train loss: 0.18994850, valid acc: 0.9282, valid loss: 0.27360415, test acc: 0.9262, test loss: 0.27334346
[2026-06-25 23:33:00,895][root][INFO] - Epoch: 45 | train acc: 0.9363, train loss: 0.49702650, valid acc: 0.9023, valid loss: 0.35970393, test acc: 0.9043, test loss: 0.35989447
[2026-06-25 23:33:01,482][root][INFO] - Epoch: 45 | train acc: 0.9576, train loss: 0.31403852, valid acc: 0.9293, valid loss: 0.27855144, test acc: 0.9359, test loss: 0.24505521
[2026-06-25 23:33:02,895][root][INFO] - reg loss: 5.952305937713048, entropy loss: 0.2508386469112252, leaf dev: 0.07729960978031158
[2026-06-25 23:33:02,896][root][INFO] - Val leaf stats: tensor([0.0613, 0.0422, 0.0312, 0.0037, 0.0205, 0.0723, 0.0000, 0.0065, 0.0015,
        0.0007, 0.0338, 0.1500, 0.2358, 0.2080, 0.1318, 0.0007])
[2026-06-25 23:33:04,659][root][INFO] - reg loss: 5.706897866051152, entropy loss: 0.1704859694219985, leaf dev: 0.0590612068772316
[2026-06-25 23:33:04,660][root][INFO] - Val leaf stats: tensor([0.1473, 0.0942, 0.0017, 0.0465, 0.0530, 0.0000, 0.0810, 0.0203, 0.0460,
        0.1873, 0.0332, 0.0728, 0.0565, 0.1597, 0.0005, 0.0000])
[2026-06-25 23:33:04,937][root][INFO] - reg loss: 5.777609208844742, entropy loss: 0.1375960090531493, leaf dev: 0.07966764271259308
[2026-06-25 23:33:04,938][root][INFO] - Val leaf stats: tensor([0.0000e+00, 1.5650e-01, 1.8283e-01, 1.2833e-02, 1.7233e-01, 0.0000e+00,
        0.0000e+00, 3.8667e-02, 8.0000e-03, 5.3000e-02, 2.4000e-02, 9.1167e-02,
        2.0167e-02, 2.3717e-01, 1.6667e-04, 3.1667e-03])
[2026-06-25 23:33:18,288][root][INFO] - Epoch: 30 | train acc: 0.9402, train loss: 0.66558907, valid acc: 0.9226, valid loss: 0.26972907, test acc: 0.8795, test loss: 1.49552779
[2026-06-25 23:33:21,214][root][INFO] - Epoch: 46 | train acc: 0.9484, train loss: 0.56859144, valid acc: 0.9183, valid loss: 0.28918163, test acc: 0.9221, test loss: 0.28015370
[2026-06-25 23:33:21,244][root][INFO] - reg loss: 5.464398926528043, entropy loss: 0.11646946085981591, leaf dev: 0.06390437483787537
[2026-06-25 23:33:21,245][root][INFO] - Val leaf stats: tensor([0.0226, 0.0663, 0.0582, 0.0969, 0.0007, 0.0727, 0.2555, 0.0726, 0.0023,
        0.0495, 0.0675, 0.1349, 0.0388, 0.0015, 0.0591, 0.0007])
[2026-06-25 23:33:22,980][root][INFO] - Epoch: 46 | train acc: 0.9465, train loss: 0.37837495, valid acc: 0.9312, valid loss: 0.26273378, test acc: 0.9267, test loss: 0.27203963
[2026-06-25 23:33:24,826][root][INFO] - reg loss: 5.097753164903173, entropy loss: 0.09757870857445698, leaf dev: 0.06792569160461426
[2026-06-25 23:33:24,827][root][INFO] - Val leaf stats: tensor([1.9150e-01, 6.6333e-02, 5.9000e-02, 0.0000e+00, 0.0000e+00, 0.0000e+00,
        1.4650e-01, 9.9333e-02, 0.0000e+00, 8.3333e-02, 1.6667e-04, 3.3333e-04,
        1.8867e-01, 7.2167e-02, 2.8333e-03, 8.9833e-02])
[2026-06-25 23:33:26,744][root][INFO] - reg loss: 5.933100434969056, entropy loss: 0.1978718251833376, leaf dev: 0.06888339668512344
[2026-06-25 23:33:26,744][root][INFO] - Val leaf stats: tensor([0.1280, 0.1233, 0.2460, 0.0407, 0.0950, 0.0005, 0.0008, 0.0440, 0.0000,
        0.0112, 0.0293, 0.1005, 0.0233, 0.1298, 0.0073, 0.0202])
[2026-06-25 23:33:30,606][root][INFO] - Epoch: 47 | train acc: 0.9501, train loss: 0.17294629, valid acc: 0.9272, valid loss: 0.27932977, test acc: 0.9262, test loss: 0.26897137
[2026-06-25 23:33:31,608][root][INFO] - Epoch: 46 | train acc: 0.9595, train loss: 0.31048148, valid acc: 0.9313, valid loss: 0.26955877, test acc: 0.9326, test loss: 0.25497604
[2026-06-25 23:33:31,971][root][INFO] - Epoch: 46 | train acc: 0.9332, train loss: 0.49949054, valid acc: 0.9145, valid loss: 0.30751178, test acc: 0.9193, test loss: 0.30297499
[2026-06-25 23:33:34,310][root][INFO] - reg loss: 5.9058372884426475, entropy loss: 0.2495766408600897, leaf dev: 0.07858186960220337
[2026-06-25 23:33:34,311][root][INFO] - Val leaf stats: tensor([0.0708, 0.0500, 0.0263, 0.0037, 0.0312, 0.0817, 0.0000, 0.0080, 0.0012,
        0.0003, 0.0103, 0.1037, 0.2478, 0.2003, 0.1637, 0.0010])
[2026-06-25 23:33:35,466][root][INFO] - reg loss: 5.691980199993782, entropy loss: 0.170875886982342, leaf dev: 0.0539129264652729
[2026-06-25 23:33:35,467][root][INFO] - Val leaf stats: tensor([0.1437, 0.1257, 0.0032, 0.0782, 0.0688, 0.0000, 0.0677, 0.0292, 0.0470,
        0.1590, 0.0325, 0.0677, 0.0408, 0.1363, 0.0003, 0.0000])
[2026-06-25 23:33:35,724][root][INFO] - reg loss: 5.696361028923179, entropy loss: 0.13098872930936092, leaf dev: 0.07674816995859146
[2026-06-25 23:33:35,725][root][INFO] - Val leaf stats: tensor([0.0000, 0.0912, 0.1232, 0.0135, 0.2608, 0.0000, 0.0000, 0.1192, 0.0078,
        0.0703, 0.0368, 0.0848, 0.0133, 0.1767, 0.0000, 0.0023])
[2026-06-25 23:33:51,899][root][INFO] - Epoch: 47 | train acc: 0.9481, train loss: 0.56768501, valid acc: 0.9205, valid loss: 0.27928748, test acc: 0.9275, test loss: 0.26280596
[2026-06-25 23:33:52,203][root][INFO] - Epoch: 31 | train acc: 0.9456, train loss: 0.65247645, valid acc: 0.9262, valid loss: 0.26005555, test acc: 0.9031, test loss: 2.84176470
[2026-06-25 23:33:52,859][root][INFO] - Epoch: 47 | train acc: 0.9490, train loss: 0.36925724, valid acc: 0.9308, valid loss: 0.26190772, test acc: 0.9300, test loss: 0.27244984
[2026-06-25 23:33:54,834][root][INFO] - reg loss: 5.482439475084739, entropy loss: 0.11766356367755819, leaf dev: 0.060267433524131775
[2026-06-25 23:33:54,835][root][INFO] - Val leaf stats: tensor([0.0234, 0.0744, 0.0676, 0.0909, 0.0003, 0.0728, 0.2386, 0.0721, 0.0021,
        0.0597, 0.0651, 0.1348, 0.0365, 0.0034, 0.0576, 0.0007])
[2026-06-25 23:33:55,427][root][INFO] - reg loss: 5.124731144815121, entropy loss: 0.09817977425343585, leaf dev: 0.06959892809391022
[2026-06-25 23:33:55,428][root][INFO] - Val leaf stats: tensor([1.8533e-01, 5.7167e-02, 4.6833e-02, 0.0000e+00, 0.0000e+00, 0.0000e+00,
        1.8300e-01, 7.3333e-02, 1.6667e-04, 1.1450e-01, 0.0000e+00, 3.3333e-04,
        1.7283e-01, 7.5833e-02, 2.6667e-03, 8.8000e-02])
[2026-06-25 23:33:56,470][root][INFO] - reg loss: 5.890828960346726, entropy loss: 0.19863829775801245, leaf dev: 0.06722348183393478
[2026-06-25 23:33:56,471][root][INFO] - Val leaf stats: tensor([0.1387, 0.0877, 0.2372, 0.0447, 0.0965, 0.0012, 0.0008, 0.0470, 0.0000,
        0.0082, 0.0073, 0.0712, 0.0308, 0.1568, 0.0242, 0.0478])
[2026-06-25 23:34:01,486][root][INFO] - Epoch: 48 | train acc: 0.9509, train loss: 0.17075659, valid acc: 0.9198, valid loss: 0.29931228, test acc: 0.9235, test loss: 0.28030441
[2026-06-25 23:34:02,423][root][INFO] - Epoch: 47 | train acc: 0.9582, train loss: 0.32052106, valid acc: 0.9292, valid loss: 0.27935578, test acc: 0.9374, test loss: 0.23510634
[2026-06-25 23:34:03,286][root][INFO] - Epoch: 47 | train acc: 0.9430, train loss: 0.46527904, valid acc: 0.9235, valid loss: 0.33503158, test acc: 0.9228, test loss: 0.32831564
[2026-06-25 23:34:04,756][root][INFO] - reg loss: 5.856630698689875, entropy loss: 0.24165987532656147, leaf dev: 0.06709782779216766
[2026-06-25 23:34:04,757][root][INFO] - Val leaf stats: tensor([1.8617e-01, 1.0217e-01, 4.8833e-02, 9.0000e-03, 7.2667e-02, 1.1533e-01,
        0.0000e+00, 1.1833e-02, 3.3333e-04, 1.6667e-04, 6.8333e-03, 6.5500e-02,
        2.0567e-01, 1.1733e-01, 5.7833e-02, 3.3333e-04])
[2026-06-25 23:34:06,071][root][INFO] - reg loss: 5.807022045243461, entropy loss: 0.17519973991614468, leaf dev: 0.05237896367907524
[2026-06-25 23:34:06,072][root][INFO] - Val leaf stats: tensor([0.1360, 0.1237, 0.0030, 0.0593, 0.0615, 0.0000, 0.0758, 0.0187, 0.0473,
        0.1755, 0.0327, 0.0648, 0.0463, 0.1220, 0.0333, 0.0000])
[2026-06-25 23:34:06,329][root][INFO] - reg loss: 5.682358899206485, entropy loss: 0.13095988825244723, leaf dev: 0.07111670076847076
[2026-06-25 23:34:06,330][root][INFO] - Val leaf stats: tensor([0.0000, 0.1118, 0.1625, 0.0193, 0.2083, 0.0000, 0.0000, 0.0857, 0.0210,
        0.1330, 0.0198, 0.0593, 0.0140, 0.1615, 0.0000, 0.0037])
[2026-06-25 23:34:23,204][root][INFO] - Epoch: 48 | train acc: 0.9453, train loss: 0.55937761, valid acc: 0.9202, valid loss: 0.28018234, test acc: 0.9219, test loss: 0.27430717
[2026-06-25 23:34:23,768][root][INFO] - Epoch: 48 | train acc: 0.9521, train loss: 0.35776171, valid acc: 0.9277, valid loss: 0.26357906, test acc: 0.9295, test loss: 0.26754839
[2026-06-25 23:34:24,267][root][INFO] - Epoch: 32 | train acc: 0.9484, train loss: 0.64833599, valid acc: 0.9250, valid loss: 0.25809427, test acc: 0.9035, test loss: 3.02675732
[2026-06-25 23:34:26,836][root][INFO] - reg loss: 5.568745920897792, entropy loss: 0.1187066070380665, leaf dev: 0.06280848383903503
[2026-06-25 23:34:26,838][root][INFO] - Val leaf stats: tensor([0.0173, 0.0670, 0.0651, 0.0949, 0.0003, 0.0739, 0.2497, 0.0713, 0.0021,
        0.0572, 0.0651, 0.1354, 0.0392, 0.0029, 0.0579, 0.0007])
[2026-06-25 23:34:27,295][root][INFO] - reg loss: 5.855816818633169, entropy loss: 0.1939857174765389, leaf dev: 0.06886850297451019
[2026-06-25 23:34:27,296][root][INFO] - Val leaf stats: tensor([0.1345, 0.1000, 0.2398, 0.0465, 0.0985, 0.0010, 0.0010, 0.0485, 0.0000,
        0.0083, 0.0083, 0.0788, 0.0127, 0.1580, 0.0200, 0.0440])
[2026-06-25 23:34:27,332][root][INFO] - reg loss: 5.073226316919866, entropy loss: 0.0930567038649658, leaf dev: 0.07412184774875641
[2026-06-25 23:34:27,333][root][INFO] - Val leaf stats: tensor([0.1860, 0.0775, 0.0532, 0.0000, 0.0000, 0.0000, 0.1655, 0.0870, 0.0000,
        0.0393, 0.0000, 0.0000, 0.2280, 0.0722, 0.0032, 0.0882])
[2026-06-25 23:34:31,578][root][INFO] - Epoch: 49 | train acc: 0.9481, train loss: 0.17964542, valid acc: 0.9258, valid loss: 0.27333479, test acc: 0.9309, test loss: 0.25266826
[2026-06-25 23:34:32,335][root][INFO] - Epoch: 48 | train acc: 0.9613, train loss: 0.30984522, valid acc: 0.9290, valid loss: 0.26770977, test acc: 0.9377, test loss: 0.23852040
[2026-06-25 23:34:34,150][root][INFO] - Epoch: 48 | train acc: 0.9406, train loss: 0.47362909, valid acc: 0.9192, valid loss: 0.30060096, test acc: 0.9210, test loss: 0.28837559
[2026-06-25 23:34:35,118][root][INFO] - reg loss: 5.873250151580235, entropy loss: 0.24422486843365543, leaf dev: 0.06950949877500534
[2026-06-25 23:34:35,119][root][INFO] - Val leaf stats: tensor([1.7667e-01, 1.0917e-01, 3.3833e-02, 5.0000e-04, 5.4000e-02, 1.0333e-01,
        0.0000e+00, 1.3333e-02, 5.0000e-04, 1.6667e-04, 1.0500e-02, 7.2000e-02,
        2.2133e-01, 1.3150e-01, 7.3167e-02, 0.0000e+00])
[2026-06-25 23:34:35,614][root][INFO] - reg loss: 5.761116185278262, entropy loss: 0.1734162039070759, leaf dev: 0.05364616587758064
[2026-06-25 23:34:35,615][root][INFO] - Val leaf stats: tensor([0.1325, 0.1305, 0.0032, 0.0630, 0.0573, 0.0000, 0.0823, 0.0255, 0.0590,
        0.1852, 0.0338, 0.0788, 0.0272, 0.1003, 0.0213, 0.0000])
[2026-06-25 23:34:37,778][root][INFO] - reg loss: 5.651594877243042, entropy loss: 0.13045018159274785, leaf dev: 0.07874802500009537
[2026-06-25 23:34:37,780][root][INFO] - Val leaf stats: tensor([0.0000, 0.1270, 0.1770, 0.0118, 0.2108, 0.0000, 0.0000, 0.0677, 0.0123,
        0.0908, 0.0138, 0.0487, 0.0143, 0.2183, 0.0000, 0.0073])
[2026-06-25 23:34:38,671][root][INFO] - Val leaf stats: tensor([1.7667e-01, 1.0917e-01, 3.3833e-02, 5.0000e-04, 5.4000e-02, 1.0333e-01,
        0.0000e+00, 1.3333e-02, 5.0000e-04, 1.6667e-04, 1.0500e-02, 7.2000e-02,
        2.2133e-01, 1.3150e-01, 7.3167e-02, 0.0000e+00])
[2026-06-25 23:34:43,957][root][INFO] - Test leaf std: 0.07023578137159348, Val leaf std: 0.06950949877500534
[2026-06-25 23:34:48,694][root][INFO] - FINAL TEST | acc: 0.9309, loss: 0.2527, 
[2026-06-25 23:34:48,815][root][INFO] - MLFlow run ID: 4a2fc9f4c333430489897e2d371f7472, status: FINISHED
[2026-06-25 23:34:50,572][root][INFO] - MLFlow server is starting on LOCAL with experiment STM_MNIST_hard_seeded...
[2026-06-25 23:34:50,626][root][INFO] - MLFlow run ID: b900b6cf527a40a28c37d5f78290cf49, status: RUNNING
[2026-06-25 23:34:50,686][root][INFO] - Starting experiment IATrain...
[2026-06-25 23:34:52,621][root][INFO] - Epoch: 49 | train acc: 0.9533, train loss: 0.34767796, valid acc: 0.9308, valid loss: 0.26163851, test acc: 0.9296, test loss: 0.26623806
[2026-06-25 23:34:53,275][root][INFO] - Epoch: 49 | train acc: 0.9352, train loss: 0.58434311, valid acc: 0.8512, valid loss: 0.47201893, test acc: 0.8635, test loss: 0.44521923
[2026-06-25 23:34:55,854][root][INFO] - Epoch: 33 | train acc: 0.9492, train loss: 0.63264635, valid acc: 0.9276, valid loss: 0.24919566, test acc: 0.9026, test loss: 3.12025786
[2026-06-25 23:34:55,935][root][INFO] - reg loss: 5.900498318222334, entropy loss: 0.18797966177171133, leaf dev: 0.06550420075654984
[2026-06-25 23:34:55,936][root][INFO] - Val leaf stats: tensor([0.1322, 0.1218, 0.2102, 0.0325, 0.1005, 0.0000, 0.0010, 0.0492, 0.0000,
        0.0092, 0.0115, 0.0868, 0.0162, 0.1618, 0.0205, 0.0467])
[2026-06-25 23:34:56,823][root][INFO] - reg loss: 5.082595996136935, entropy loss: 0.08949341196215378, leaf dev: 0.09603766351938248
[2026-06-25 23:34:56,825][root][INFO] - Val leaf stats: tensor([0.2122, 0.0768, 0.1093, 0.0000, 0.0000, 0.0000, 0.3397, 0.1298, 0.0000,
        0.0035, 0.0000, 0.0000, 0.0477, 0.0268, 0.0018, 0.0523])
[2026-06-25 23:34:58,013][root][INFO] - reg loss: 5.5302971204121905, entropy loss: 0.11590203658613578, leaf dev: 0.05866599455475807
[2026-06-25 23:34:58,015][root][INFO] - Val leaf stats: tensor([0.0131, 0.0799, 0.0602, 0.0889, 0.0003, 0.0742, 0.2266, 0.0595, 0.0016,
        0.0577, 0.0826, 0.1367, 0.0465, 0.0035, 0.0681, 0.0007])
[2026-06-25 23:34:58,529][root][INFO] - Val leaf stats: tensor([0.1322, 0.1218, 0.2102, 0.0325, 0.1005, 0.0000, 0.0010, 0.0492, 0.0000,
        0.0092, 0.0115, 0.0868, 0.0162, 0.1618, 0.0205, 0.0467])
[2026-06-25 23:34:59,288][root][INFO] - MLFlow server is starting on LOCAL with experiment STM_MNIST_hard_seeded...
[2026-06-25 23:34:59,363][root][INFO] - MLFlow server is starting on LOCAL with experiment STM_MNIST_hard_seeded...
[2026-06-25 23:34:59,382][root][INFO] - MLFlow run ID: 67d9da624cdf415380921a6b02abebc7, status: RUNNING
[2026-06-25 23:34:59,435][root][INFO] - MLFlow run ID: f4b3ad23f6db43bf89b9a7d9b3516d21, status: RUNNING
[2026-06-25 23:34:59,453][root][INFO] - Starting experiment IATrain...
[2026-06-25 23:34:59,547][root][INFO] - Starting experiment IATrain...
[2026-06-25 23:35:00,135][root][INFO] - Val leaf stats: tensor([0.2122, 0.0768, 0.1093, 0.0000, 0.0000, 0.0000, 0.3397, 0.1298, 0.0000,
        0.0035, 0.0000, 0.0000, 0.0477, 0.0268, 0.0018, 0.0523])
[2026-06-25 23:35:01,442][root][INFO] - Epoch: 49 | train acc: 0.9610, train loss: 0.30905165, valid acc: 0.9333, valid loss: 0.26753610, test acc: 0.9355, test loss: 0.24574326
[2026-06-25 23:35:01,828][root][INFO] - Epoch: 49 | train acc: 0.9434, train loss: 0.47291456, valid acc: 0.9292, valid loss: 0.26982174, test acc: 0.9282, test loss: 0.27305468
[2026-06-25 23:35:02,991][root][INFO] - Test leaf std: 0.0635983869433403, Val leaf std: 0.06550420075654984
[2026-06-25 23:35:04,731][root][INFO] - Test leaf std: 0.09491145610809326, Val leaf std: 0.09603766351938248
[2026-06-25 23:35:04,999][root][INFO] - reg loss: 5.754294939760892, entropy loss: 0.17467763134331074, leaf dev: 0.05065295845270157
[2026-06-25 23:35:05,000][root][INFO] - Val leaf stats: tensor([0.1535, 0.1197, 0.0030, 0.0633, 0.0682, 0.0000, 0.0778, 0.0263, 0.0572,
        0.1608, 0.0363, 0.0750, 0.0375, 0.0983, 0.0230, 0.0000])
[2026-06-25 23:35:05,177][root][INFO] - reg loss: 5.693843648118793, entropy loss: 0.13637019651678373, leaf dev: 0.07135609537363052
[2026-06-25 23:35:05,178][root][INFO] - Val leaf stats: tensor([0.0000, 0.1062, 0.1593, 0.0283, 0.2160, 0.0000, 0.0000, 0.0700, 0.0178,
        0.1353, 0.0220, 0.0580, 0.0137, 0.1647, 0.0000, 0.0087])
[2026-06-25 23:35:06,635][root][INFO] - MLFlow server is starting on LOCAL with experiment STM_MNIST_hard_seeded...
[2026-06-25 23:35:06,745][root][INFO] - MLFlow run ID: 0cd45a6d0fce455385f3c534c5ca937e, status: RUNNING
[2026-06-25 23:35:06,828][root][INFO] - Starting experiment IATrain...
[2026-06-25 23:35:07,480][root][INFO] - FINAL TEST | acc: 0.9296, loss: 0.2662, 
[2026-06-25 23:35:07,596][root][INFO] - MLFlow run ID: 7bb1197859234f29816d31c54bf4628f, status: FINISHED
[2026-06-25 23:35:08,240][root][INFO] - Val leaf stats: tensor([0.1535, 0.1197, 0.0030, 0.0633, 0.0682, 0.0000, 0.0778, 0.0263, 0.0572,
        0.1608, 0.0363, 0.0750, 0.0375, 0.0983, 0.0230, 0.0000])
[2026-06-25 23:35:08,518][root][INFO] - Val leaf stats: tensor([0.0000, 0.1062, 0.1593, 0.0283, 0.2160, 0.0000, 0.0000, 0.0700, 0.0178,
        0.1353, 0.0220, 0.0580, 0.0137, 0.1647, 0.0000, 0.0087])
[2026-06-25 23:35:08,749][root][INFO] - FINAL TEST | acc: 0.8635, loss: 0.4452, 
[2026-06-25 23:35:08,911][root][INFO] - MLFlow run ID: d66a2fb7818a469bbf2244a04c4d1c28, status: FINISHED
[2026-06-25 23:35:12,899][root][INFO] - Test leaf std: 0.07195315510034561, Val leaf std: 0.07135609537363052
[2026-06-25 23:35:13,021][root][INFO] - Test leaf std: 0.052049681544303894, Val leaf std: 0.05065295845270157
[2026-06-25 23:35:15,094][root][INFO] - Epoch: 0 | train acc: 0.5783, train loss: 4.21469760, valid acc: 0.6250, valid loss: 1.08264428, test acc: 0.6370, test loss: 1.07343265
[2026-06-25 23:35:17,127][root][INFO] - FINAL TEST | acc: 0.9355, loss: 0.2457, 
[2026-06-25 23:35:17,146][root][INFO] - FINAL TEST | acc: 0.9282, loss: 0.2731, 
[2026-06-25 23:35:17,285][root][INFO] - MLFlow run ID: 213900297dc7442dbde30e24b2dcc118, status: FINISHED
[2026-06-25 23:35:17,294][root][INFO] - MLFlow run ID: f9f7ec311bbc4d0bb3a0994ed4b0d234, status: FINISHED
[2026-06-25 23:35:17,431][root][INFO] - MLFlow server is starting on LOCAL with experiment STM_MNIST_hard_seeded...
[2026-06-25 23:35:17,500][root][INFO] - MLFlow run ID: 69e10a34e47d47378d3b4f6327d4fc3b, status: RUNNING
[2026-06-25 23:35:17,583][root][INFO] - Starting experiment IATrain...
[2026-06-25 23:35:18,460][root][INFO] - MLFlow server is starting on LOCAL with experiment STM_MNIST_hard_seeded...
[2026-06-25 23:35:18,489][root][INFO] - reg loss: 13.042825509917062, entropy loss: 0.36127340540571035, leaf dev: 0.11425695568323135
[2026-06-25 23:35:18,489][root][INFO] - Val leaf stats: tensor([0.0000e+00, 0.0000e+00, 1.3033e-01, 5.6667e-03, 2.2383e-01, 0.0000e+00,
        0.0000e+00, 1.6667e-04, 2.9000e-02, 0.0000e+00, 3.4850e-01, 0.0000e+00,
        0.0000e+00, 0.0000e+00, 0.0000e+00, 2.6250e-01])
[2026-06-25 23:35:18,571][root][INFO] - MLFlow run ID: 04f4305e92824cd7bb30baedd6a52821, status: RUNNING
[2026-06-25 23:35:18,694][root][INFO] - Starting experiment IATrain...
[2026-06-25 23:35:22,436][root][INFO] - Epoch: 0 | train acc: 0.5779, train loss: 1.58072627, valid acc: 0.7160, valid loss: 0.90475812, test acc: 0.7141, test loss: 0.93666134
[2026-06-25 23:35:22,782][root][INFO] - Epoch: 0 | train acc: 0.5997, train loss: 2.20635628, valid acc: 0.7093, valid loss: 1.00490854, test acc: 0.7222, test loss: 0.98531465
[2026-06-25 23:35:23,731][root][INFO] - MLFlow server is starting on LOCAL with experiment STM_MNIST_hard_seeded...
[2026-06-25 23:35:23,848][root][INFO] - MLFlow run ID: f86a50ac0f0e47e0b311324552e0361e, status: RUNNING
[2026-06-25 23:35:23,985][root][INFO] - Starting experiment IATrain...
[2026-06-25 23:35:26,084][root][INFO] - Epoch: 34 | train acc: 0.9496, train loss: 0.63176512, valid acc: 0.9299, valid loss: 0.24947470, test acc: 0.9066, test loss: 1.80271293
[2026-06-25 23:35:26,180][root][INFO] - reg loss: 16.096146520578635, entropy loss: 0.5391211979231745, leaf dev: 0.10070481151342392
[2026-06-25 23:35:26,181][root][INFO] - Val leaf stats: tensor([0.0347, 0.0000, 0.1775, 0.0083, 0.1223, 0.0067, 0.0047, 0.0695, 0.3595,
        0.0017, 0.1768, 0.0383, 0.0000, 0.0000, 0.0000, 0.0000])
[2026-06-25 23:35:26,630][root][INFO] - reg loss: 13.680857793340143, entropy loss: 0.41112793279144, leaf dev: 0.11220935732126236
[2026-06-25 23:35:26,632][root][INFO] - Val leaf stats: tensor([0.0000, 0.0000, 0.0042, 0.0022, 0.4223, 0.0998, 0.0598, 0.1645, 0.0000,
        0.0000, 0.0000, 0.0000, 0.0265, 0.1708, 0.0498, 0.0000])
[2026-06-25 23:35:29,266][root][INFO] - reg loss: 5.573238948034862, entropy loss: 0.11554696509447047, leaf dev: 0.06912831962108612
[2026-06-25 23:35:29,268][root][INFO] - Val leaf stats: tensor([0.0115, 0.0621, 0.0608, 0.0891, 0.0004, 0.0751, 0.2765, 0.0758, 0.0024,
        0.0530, 0.0281, 0.1347, 0.0427, 0.0024, 0.0845, 0.0009])
[2026-06-25 23:35:30,756][root][INFO] - Epoch: 0 | train acc: 0.6114, train loss: 1.56536719, valid acc: 0.7587, valid loss: 0.83424224, test acc: 0.7729, test loss: 0.78877264
[2026-06-25 23:35:34,765][root][INFO] - reg loss: 16.28416633605957, entropy loss: 0.5272784292135598, leaf dev: 0.09003244340419769
[2026-06-25 23:35:34,766][root][INFO] - Val leaf stats: tensor([0.1447, 0.0000, 0.2132, 0.0023, 0.0228, 0.0292, 0.2560, 0.1620, 0.0000,
        0.0000, 0.0000, 0.0005, 0.0132, 0.1562, 0.0000, 0.0000])
[2026-06-25 23:35:43,406][root][INFO] - Epoch: 0 | train acc: 0.5343, train loss: 2.80309721, valid acc: 0.6688, valid loss: 1.02645745, test acc: 0.6797, test loss: 1.02100989
[2026-06-25 23:35:43,784][root][INFO] - Epoch: 1 | train acc: 0.7455, train loss: 2.67441055, valid acc: 0.7417, valid loss: 0.79518949, test acc: 0.7417, test loss: 0.78969423
[2026-06-25 23:35:44,389][root][INFO] - Epoch: 0 | train acc: 0.5797, train loss: 1.34696906, valid acc: 0.6833, valid loss: 1.03157747, test acc: 0.6854, test loss: 1.01106532
[2026-06-25 23:35:46,718][root][INFO] - reg loss: 12.347780443587393, entropy loss: 0.34933983998478585, leaf dev: 0.1074213907122612
[2026-06-25 23:35:46,719][root][INFO] - Val leaf stats: tensor([0.0000, 0.3318, 0.2483, 0.0000, 0.0042, 0.0000, 0.0000, 0.0010, 0.0768,
        0.1487, 0.1892, 0.0000, 0.0000, 0.0000, 0.0000, 0.0000])
[2026-06-25 23:35:47,384][root][INFO] - reg loss: 8.364450112828669, entropy loss: 0.23277340969949398, leaf dev: 0.1073104739189148
[2026-06-25 23:35:47,385][root][INFO] - Val leaf stats: tensor([0.0000, 0.0000, 0.2073, 0.0058, 0.3383, 0.0000, 0.0000, 0.0000, 0.0680,
        0.0000, 0.1712, 0.0000, 0.0000, 0.0000, 0.0000, 0.2093])
[2026-06-25 23:35:48,077][root][INFO] - reg loss: 18.345345596097552, entropy loss: 0.5730891953099448, leaf dev: 0.08562525361776352
[2026-06-25 23:35:48,078][root][INFO] - Val leaf stats: tensor([1.3000e-02, 7.3667e-02, 2.4000e-02, 1.6667e-04, 5.6833e-02, 1.1667e-03,
        0.0000e+00, 5.0000e-04, 1.1000e-02, 2.8883e-01, 2.0467e-01, 7.2500e-02,
        0.0000e+00, 2.1667e-02, 6.6000e-02, 1.6600e-01])
[2026-06-25 23:35:49,958][root][INFO] - Epoch: 0 | train acc: 0.5662, train loss: 3.82361554, valid acc: 0.6660, valid loss: 0.96305727, test acc: 0.6764, test loss: 0.91694170
[2026-06-25 23:35:52,101][root][INFO] - Epoch: 1 | train acc: 0.8017, train loss: 0.90550833, valid acc: 0.8317, valid loss: 0.54106593, test acc: 0.8269, test loss: 0.59062617
[2026-06-25 23:35:53,561][root][INFO] - Epoch: 1 | train acc: 0.8092, train loss: 1.26631338, valid acc: 0.8168, valid loss: 0.65371679, test acc: 0.8201, test loss: 0.63965506
[2026-06-25 23:35:53,857][root][INFO] - reg loss: 11.311408411781743, entropy loss: 0.30715339687073007, leaf dev: 0.09952379018068314
[2026-06-25 23:35:53,858][root][INFO] - Val leaf stats: tensor([0.1502, 0.1740, 0.2847, 0.0018, 0.2625, 0.0000, 0.0000, 0.0520, 0.0000,
        0.0000, 0.0000, 0.0000, 0.0000, 0.0748, 0.0000, 0.0000])
[2026-06-25 23:35:55,796][root][INFO] - reg loss: 11.18650682917181, entropy loss: 0.45448957945940627, leaf dev: 0.09229329228401184
[2026-06-25 23:35:55,797][root][INFO] - Val leaf stats: tensor([0.0388, 0.0000, 0.1922, 0.0000, 0.1205, 0.0020, 0.0232, 0.1077, 0.2575,
        0.0008, 0.2422, 0.0152, 0.0000, 0.0000, 0.0000, 0.0000])
[2026-06-25 23:35:57,162][root][INFO] - reg loss: 9.436780785614589, entropy loss: 0.28125410428586994, leaf dev: 0.0937965139746666
[2026-06-25 23:35:57,163][root][INFO] - Val leaf stats: tensor([0.0000, 0.0000, 0.0020, 0.0000, 0.1963, 0.0585, 0.0625, 0.2930, 0.0000,
        0.0123, 0.0000, 0.0000, 0.0232, 0.1805, 0.1717, 0.0000])
[2026-06-25 23:36:00,613][root][INFO] - Epoch: 35 | train acc: 0.9498, train loss: 0.62557444, valid acc: 0.9309, valid loss: 0.25119814, test acc: 0.9046, test loss: 1.91024094
[2026-06-25 23:36:02,147][root][INFO] - Epoch: 1 | train acc: 0.7598, train loss: 1.02011037, valid acc: 0.8112, valid loss: 0.63371675, test acc: 0.8240, test loss: 0.59342270
[2026-06-25 23:36:03,773][root][INFO] - reg loss: 5.569724620334686, entropy loss: 0.11327457873436508, leaf dev: 0.06064198538661003
[2026-06-25 23:36:03,774][root][INFO] - Val leaf stats: tensor([0.0222, 0.1128, 0.0558, 0.0819, 0.0003, 0.0746, 0.2338, 0.0652, 0.0022,
        0.0562, 0.0334, 0.1346, 0.0424, 0.0067, 0.0770, 0.0008])
[2026-06-25 23:36:05,544][root][INFO] - reg loss: 10.588386274733633, entropy loss: 0.4142378697980125, leaf dev: 0.08819910138845444
[2026-06-25 23:36:05,546][root][INFO] - Val leaf stats: tensor([0.2420, 0.0023, 0.1953, 0.0007, 0.0042, 0.0188, 0.1500, 0.0877, 0.0008,
        0.0047, 0.0000, 0.0170, 0.0565, 0.2200, 0.0000, 0.0000])
[2026-06-25 23:36:12,988][root][INFO] - Epoch: 2 | train acc: 0.8297, train loss: 2.09816421, valid acc: 0.8435, valid loss: 0.51713920, test acc: 0.8488, test loss: 0.50435475
[2026-06-25 23:36:14,882][root][INFO] - Epoch: 1 | train acc: 0.7827, train loss: 1.71906499, valid acc: 0.7907, valid loss: 0.68931306, test acc: 0.8028, test loss: 0.68702284
[2026-06-25 23:36:15,299][root][INFO] - Epoch: 1 | train acc: 0.7997, train loss: 0.68879702, valid acc: 0.8322, valid loss: 0.59322275, test acc: 0.8247, test loss: 0.61749370
[2026-06-25 23:36:16,735][root][INFO] - reg loss: 7.359768287190851, entropy loss: 0.19010485863348223, leaf dev: 0.09992519021034241
[2026-06-25 23:36:16,736][root][INFO] - Val leaf stats: tensor([0.0000, 0.0000, 0.1898, 0.0022, 0.1523, 0.0000, 0.0000, 0.0000, 0.1240,
        0.0000, 0.2827, 0.0085, 0.0000, 0.0003, 0.0000, 0.2402])
[2026-06-25 23:36:18,557][root][INFO] - reg loss: 9.181486453650132, entropy loss: 0.2382629225557705, leaf dev: 0.10196325927972794
[2026-06-25 23:36:18,558][root][INFO] - Val leaf stats: tensor([0.0000, 0.3090, 0.1507, 0.0000, 0.0030, 0.0000, 0.0000, 0.0023, 0.1248,
        0.2217, 0.1885, 0.0000, 0.0000, 0.0000, 0.0000, 0.0000])
[2026-06-25 23:36:19,024][root][INFO] - reg loss: 12.865522519597468, entropy loss: 0.528628834013669, leaf dev: 0.06867799162864685
[2026-06-25 23:36:19,025][root][INFO] - Val leaf stats: tensor([0.0030, 0.0455, 0.0742, 0.0055, 0.2245, 0.0105, 0.0000, 0.0092, 0.0013,
        0.0928, 0.1643, 0.1538, 0.0000, 0.0783, 0.0577, 0.0793])
[2026-06-25 23:36:20,669][root][INFO] - Epoch: 1 | train acc: 0.8013, train loss: 2.27097081, valid acc: 0.8020, valid loss: 0.68109855, test acc: 0.8255, test loss: 0.61078179
[2026-06-25 23:36:21,897][root][INFO] - Epoch: 2 | train acc: 0.8222, train loss: 0.79288990, valid acc: 0.8443, valid loss: 0.51496945, test acc: 0.8451, test loss: 0.54050821
[2026-06-25 23:36:23,489][root][INFO] - Epoch: 2 | train acc: 0.8531, train loss: 1.04675717, valid acc: 0.8485, valid loss: 0.53362652, test acc: 0.8550, test loss: 0.50260912
[2026-06-25 23:36:24,523][root][INFO] - reg loss: 8.060268649515116, entropy loss: 0.1965908149503312, leaf dev: 0.0913073793053627
[2026-06-25 23:36:24,525][root][INFO] - Val leaf stats: tensor([0.1463, 0.0942, 0.2812, 0.0117, 0.1417, 0.0000, 0.0000, 0.1115, 0.0000,
        0.0000, 0.0000, 0.0000, 0.0000, 0.2135, 0.0000, 0.0000])
[2026-06-25 23:36:25,667][root][INFO] - reg loss: 10.128483367416093, entropy loss: 0.40528977282767026, leaf dev: 0.07541841268539429
[2026-06-25 23:36:25,668][root][INFO] - Val leaf stats: tensor([0.0682, 0.0000, 0.2360, 0.0000, 0.1393, 0.0595, 0.0062, 0.0692, 0.1628,
        0.0022, 0.1393, 0.1173, 0.0000, 0.0000, 0.0000, 0.0000])
[2026-06-25 23:36:27,463][root][INFO] - reg loss: 8.7129293747668, entropy loss: 0.2631243537619429, leaf dev: 0.08592472970485687
[2026-06-25 23:36:27,464][root][INFO] - Val leaf stats: tensor([0.0000e+00, 0.0000e+00, 1.8333e-03, 1.6667e-04, 2.3233e-01, 9.2500e-02,
        5.8667e-02, 2.4200e-01, 0.0000e+00, 1.7333e-02, 0.0000e+00, 0.0000e+00,
        5.3667e-02, 1.5667e-01, 1.4483e-01, 0.0000e+00])
[2026-06-25 23:36:32,829][root][INFO] - Epoch: 2 | train acc: 0.8442, train loss: 0.75918189, valid acc: 0.8138, valid loss: 0.58944568, test acc: 0.8221, test loss: 0.56517396
[2026-06-25 23:36:34,881][root][INFO] - Epoch: 36 | train acc: 0.9514, train loss: 0.61368709, valid acc: 0.9329, valid loss: 0.24132140, test acc: 0.9079, test loss: 3.90889162
[2026-06-25 23:36:36,522][root][INFO] - reg loss: 9.634412459607395, entropy loss: 0.38245100204674704, leaf dev: 0.09065747261047363
[2026-06-25 23:36:36,523][root][INFO] - Val leaf stats: tensor([1.1850e-01, 5.0000e-04, 2.7067e-01, 0.0000e+00, 0.0000e+00, 0.0000e+00,
        1.1950e-01, 8.1333e-02, 0.0000e+00, 1.6667e-04, 6.3333e-03, 1.7667e-02,
        1.5400e-01, 2.3133e-01, 0.0000e+00, 0.0000e+00])
[2026-06-25 23:36:37,711][root][INFO] - reg loss: 5.488416898818243, entropy loss: 0.11183641850948334, leaf dev: 0.06447939574718475
[2026-06-25 23:36:37,712][root][INFO] - Val leaf stats: tensor([0.0134, 0.0842, 0.0576, 0.0827, 0.0005, 0.0763, 0.2490, 0.0776, 0.0024,
        0.0579, 0.0280, 0.1478, 0.0460, 0.0017, 0.0740, 0.0008])
[2026-06-25 23:36:44,045][root][INFO] - Epoch: 3 | train acc: 0.8611, train loss: 1.84478676, valid acc: 0.8595, valid loss: 0.47696331, test acc: 0.8614, test loss: 0.47055311
[2026-06-25 23:36:44,876][root][INFO] - Epoch: 2 | train acc: 0.8517, train loss: 0.50541926, valid acc: 0.8053, valid loss: 0.60913531, test acc: 0.7995, test loss: 0.63367423
[2026-06-25 23:36:45,933][root][INFO] - Epoch: 2 | train acc: 0.8349, train loss: 1.37850413, valid acc: 0.8437, valid loss: 0.55601826, test acc: 0.8419, test loss: 0.56325573
[2026-06-25 23:36:47,463][root][INFO] - reg loss: 7.186685782558513, entropy loss: 0.1727285219250985, leaf dev: 0.10632734000682831
[2026-06-25 23:36:47,464][root][INFO] - Val leaf stats: tensor([0.0000, 0.0000, 0.2358, 0.0120, 0.1497, 0.0000, 0.0000, 0.0000, 0.0435,
        0.0000, 0.3197, 0.0162, 0.0000, 0.0005, 0.0000, 0.2227])
[2026-06-25 23:36:48,541][root][INFO] - reg loss: 11.31972751077616, entropy loss: 0.4912135893443845, leaf dev: 0.08180151879787445
[2026-06-25 23:36:48,542][root][INFO] - Val leaf stats: tensor([8.3333e-03, 1.1400e-01, 9.9833e-02, 5.0000e-03, 1.2833e-01, 2.3333e-03,
        0.0000e+00, 6.0000e-03, 0.0000e+00, 2.9833e-02, 2.8700e-01, 1.8300e-01,
        1.6667e-04, 5.9667e-02, 3.2333e-02, 4.4167e-02])
[2026-06-25 23:36:49,742][root][INFO] - reg loss: 8.33876002509639, entropy loss: 0.19827990768090734, leaf dev: 0.09615038335323334
[2026-06-25 23:36:49,743][root][INFO] - Val leaf stats: tensor([0.0000e+00, 2.7133e-01, 1.5967e-01, 0.0000e+00, 1.4500e-02, 0.0000e+00,
        0.0000e+00, 2.3333e-03, 1.9000e-01, 1.7050e-01, 1.9150e-01, 0.0000e+00,
        0.0000e+00, 1.6667e-04, 0.0000e+00, 0.0000e+00])
[2026-06-25 23:36:51,570][root][INFO] - Epoch: 3 | train acc: 0.8466, train loss: 0.68760838, valid acc: 0.8372, valid loss: 0.52657519, test acc: 0.8344, test loss: 0.54806405
[2026-06-25 23:36:52,064][root][INFO] - Epoch: 2 | train acc: 0.8382, train loss: 1.90636825, valid acc: 0.8410, valid loss: 0.52025896, test acc: 0.8527, test loss: 0.48672133
[2026-06-25 23:36:53,563][root][INFO] - Epoch: 3 | train acc: 0.8784, train loss: 0.91473778, valid acc: 0.8452, valid loss: 0.53818079, test acc: 0.8527, test loss: 0.50220183
[2026-06-25 23:36:55,511][root][INFO] - reg loss: 9.008750866044242, entropy loss: 0.36417741033266177, leaf dev: 0.09355119615793228
[2026-06-25 23:36:55,512][root][INFO] - Val leaf stats: tensor([2.1800e-01, 1.1267e-01, 2.8450e-01, 1.6667e-04, 1.1667e-03, 5.0000e-04,
        0.0000e+00, 2.6667e-03, 1.7533e-01, 3.3333e-04, 1.2383e-01, 8.0833e-02,
        0.0000e+00, 0.0000e+00, 0.0000e+00, 0.0000e+00])
[2026-06-25 23:36:56,025][root][INFO] - reg loss: 7.480334893712458, entropy loss: 0.16940156384459082, leaf dev: 0.0975617989897728
[2026-06-25 23:36:56,026][root][INFO] - Val leaf stats: tensor([0.1980, 0.0652, 0.2597, 0.0000, 0.2337, 0.0000, 0.0000, 0.1932, 0.0000,
        0.0000, 0.0000, 0.0000, 0.0005, 0.0498, 0.0000, 0.0000])
[2026-06-25 23:36:57,108][root][INFO] - reg loss: 8.516004899762711, entropy loss: 0.2460195969017047, leaf dev: 0.09811197221279144
[2026-06-25 23:36:57,109][root][INFO] - Val leaf stats: tensor([0.0000, 0.0000, 0.0022, 0.0000, 0.1758, 0.0242, 0.0585, 0.1677, 0.0000,
        0.0433, 0.0000, 0.0000, 0.0273, 0.1618, 0.3392, 0.0000])
[2026-06-25 23:37:04,860][root][INFO] - Epoch: 3 | train acc: 0.8718, train loss: 0.62355444, valid acc: 0.8173, valid loss: 0.56747492, test acc: 0.8295, test loss: 0.52917163
[2026-06-25 23:37:07,445][root][INFO] - Epoch: 37 | train acc: 0.9535, train loss: 0.61070847, valid acc: 0.9336, valid loss: 0.24054465, test acc: 0.9033, test loss: 4.00081891
[2026-06-25 23:37:09,048][root][INFO] - reg loss: 8.449866267870057, entropy loss: 0.3456221596812302, leaf dev: 0.0801514983177185
[2026-06-25 23:37:09,050][root][INFO] - Val leaf stats: tensor([0.1448, 0.0008, 0.1875, 0.0000, 0.0000, 0.0000, 0.0963, 0.0575, 0.0000,
        0.0218, 0.0337, 0.0493, 0.2415, 0.1667, 0.0000, 0.0000])
[2026-06-25 23:37:10,049][root][INFO] - reg loss: 5.561371649383868, entropy loss: 0.11236126109878852, leaf dev: 0.059375133365392685
[2026-06-25 23:37:10,050][root][INFO] - Val leaf stats: tensor([0.0169, 0.0873, 0.0551, 0.0835, 0.0005, 0.0826, 0.2225, 0.0685, 0.0021,
        0.0681, 0.0420, 0.1518, 0.0471, 0.0023, 0.0688, 0.0008])
[2026-06-25 23:37:14,537][root][INFO] - Epoch: 4 | train acc: 0.8703, train loss: 1.72688674, valid acc: 0.8807, valid loss: 0.41801985, test acc: 0.8855, test loss: 0.40054539
[2026-06-25 23:37:15,385][root][INFO] - Epoch: 3 | train acc: 0.8285, train loss: 0.58451881, valid acc: 0.8335, valid loss: 0.53904222, test acc: 0.8280, test loss: 0.54024474
[2026-06-25 23:37:16,835][root][INFO] - Epoch: 3 | train acc: 0.8466, train loss: 1.26629383, valid acc: 0.8517, valid loss: 0.51911895, test acc: 0.8452, test loss: 0.53345582
[2026-06-25 23:37:18,059][root][INFO] - reg loss: 6.811420224747568, entropy loss: 0.15980431367203873, leaf dev: 0.10080382227897644
[2026-06-25 23:37:18,068][root][INFO] - Val leaf stats: tensor([0.0000, 0.0000, 0.2358, 0.0085, 0.1225, 0.0000, 0.0000, 0.0000, 0.0757,
        0.0000, 0.2702, 0.0328, 0.0000, 0.0007, 0.0000, 0.2538])
[2026-06-25 23:37:18,423][root][INFO] - reg loss: 8.68149397058307, entropy loss: 0.4377881367251558, leaf dev: 0.11123525351285934
[2026-06-25 23:37:18,424][root][INFO] - Val leaf stats: tensor([0.3043, 0.2360, 0.2973, 0.0030, 0.1012, 0.0018, 0.0000, 0.0125, 0.0000,
        0.0007, 0.0272, 0.0153, 0.0000, 0.0007, 0.0000, 0.0000])
[2026-06-25 23:37:20,224][root][INFO] - reg loss: 8.064005487370041, entropy loss: 0.18422590786556028, leaf dev: 0.08959674835205078
[2026-06-25 23:37:20,225][root][INFO] - Val leaf stats: tensor([0.0000, 0.1313, 0.1835, 0.0000, 0.0483, 0.0000, 0.0000, 0.0218, 0.2198,
        0.2348, 0.1603, 0.0000, 0.0000, 0.0000, 0.0000, 0.0000])
[2026-06-25 23:37:21,777][root][INFO] - Epoch: 3 | train acc: 0.8759, train loss: 1.65503221, valid acc: 0.8295, valid loss: 0.56054089, test acc: 0.8418, test loss: 0.54124127
[2026-06-25 23:37:22,626][root][INFO] - Epoch: 4 | train acc: 0.8709, train loss: 0.58981264, valid acc: 0.8637, valid loss: 0.46412782, test acc: 0.8568, test loss: 0.49277848
[2026-06-25 23:37:23,584][root][INFO] - Epoch: 4 | train acc: 0.8719, train loss: 0.90241454, valid acc: 0.7793, valid loss: 0.70400082, test acc: 0.7832, test loss: 0.68756586
[2026-06-25 23:37:25,573][root][INFO] - reg loss: 7.163317648869641, entropy loss: 0.153981107726412, leaf dev: 0.10279915481805801
[2026-06-25 23:37:25,574][root][INFO] - Val leaf stats: tensor([0.1572, 0.0457, 0.2095, 0.0000, 0.3113, 0.0000, 0.0000, 0.2257, 0.0000,
        0.0000, 0.0000, 0.0000, 0.0008, 0.0498, 0.0000, 0.0000])
[2026-06-25 23:37:26,595][root][INFO] - reg loss: 7.507833237917918, entropy loss: 0.31885807075590455, leaf dev: 0.09423258900642395
[2026-06-25 23:37:26,596][root][INFO] - Val leaf stats: tensor([0.1995, 0.0805, 0.2425, 0.0000, 0.0017, 0.0008, 0.0000, 0.0045, 0.2583,
        0.0003, 0.1325, 0.0793, 0.0000, 0.0000, 0.0000, 0.0000])
[2026-06-25 23:37:27,524][root][INFO] - reg loss: 7.795831086500636, entropy loss: 0.23230804207752337, leaf dev: 0.12139283865690231
[2026-06-25 23:37:27,525][root][INFO] - Val leaf stats: tensor([0.0000e+00, 0.0000e+00, 6.6667e-04, 1.6667e-04, 3.6667e-03, 1.0000e-03,
        0.0000e+00, 4.6500e-02, 0.0000e+00, 6.9833e-02, 0.0000e+00, 0.0000e+00,
        1.8600e-01, 3.8033e-01, 3.1183e-01, 0.0000e+00])
[2026-06-25 23:37:36,173][root][INFO] - Epoch: 4 | train acc: 0.8883, train loss: 0.55405904, valid acc: 0.8715, valid loss: 0.43579786, test acc: 0.8782, test loss: 0.40114033
[2026-06-25 23:37:39,757][root][INFO] - Epoch: 38 | train acc: 0.9538, train loss: 0.62199429, valid acc: 0.9223, valid loss: 0.27815285, test acc: 0.9050, test loss: 2.17915361
[2026-06-25 23:37:40,322][root][INFO] - reg loss: 7.989643164400785, entropy loss: 0.3323089978042639, leaf dev: 0.07994841039180756
[2026-06-25 23:37:40,323][root][INFO] - Val leaf stats: tensor([1.5850e-01, 5.3333e-03, 1.6467e-01, 0.0000e+00, 0.0000e+00, 1.6667e-04,
        1.4000e-01, 6.9667e-02, 0.0000e+00, 0.0000e+00, 2.7000e-02, 4.1000e-02,
        1.6717e-01, 2.2650e-01, 0.0000e+00, 0.0000e+00])
[2026-06-25 23:37:42,644][root][INFO] - reg loss: 5.585573607651645, entropy loss: 0.11553613778459963, leaf dev: 0.08047662675380707
[2026-06-25 23:37:42,645][root][INFO] - Val leaf stats: tensor([8.8719e-03, 2.1106e-02, 5.2764e-02, 6.2196e-02, 2.8016e-04, 8.5263e-02,
        3.2322e-01, 8.6104e-02, 1.6810e-03, 5.6220e-02, 5.3231e-02, 1.4858e-01,
        3.2779e-02, 2.3347e-03, 6.4531e-02, 8.4049e-04])
[2026-06-25 23:37:45,586][root][INFO] - Epoch: 5 | train acc: 0.8934, train loss: 1.59884408, valid acc: 0.8907, valid loss: 0.39490530, test acc: 0.8944, test loss: 0.36829927
[2026-06-25 23:37:45,604][root][INFO] - Epoch: 4 | train acc: 0.8627, train loss: 0.45803208, valid acc: 0.8630, valid loss: 0.44282677, test acc: 0.8673, test loss: 0.42570072
[2026-06-25 23:37:47,397][root][INFO] - Epoch: 4 | train acc: 0.8662, train loss: 1.16892119, valid acc: 0.8352, valid loss: 0.53501503, test acc: 0.8335, test loss: 0.54335235
[2026-06-25 23:37:48,677][root][INFO] - reg loss: 6.717058006322609, entropy loss: 0.1545305627415765, leaf dev: 0.10068266838788986
[2026-06-25 23:37:48,687][root][INFO] - Val leaf stats: tensor([0.0000, 0.0000, 0.2492, 0.0092, 0.1080, 0.0000, 0.0000, 0.0000, 0.0802,
        0.0000, 0.2415, 0.0380, 0.0000, 0.0010, 0.0000, 0.2730])
[2026-06-25 23:37:49,030][root][INFO] - reg loss: 7.2513313743303405, entropy loss: 0.3957917993923403, leaf dev: 0.09472601860761642
[2026-06-25 23:37:49,031][root][INFO] - Val leaf stats: tensor([1.1500e-01, 1.3367e-01, 3.4100e-01, 1.7983e-01, 1.0550e-01, 1.6667e-04,
        0.0000e+00, 6.8500e-02, 0.0000e+00, 1.1667e-03, 3.2667e-02, 2.2167e-02,
        0.0000e+00, 3.3333e-04, 0.0000e+00, 0.0000e+00])
[2026-06-25 23:37:50,885][root][INFO] - reg loss: 7.94709094965233, entropy loss: 0.17769268323790352, leaf dev: 0.09602168202400208
[2026-06-25 23:37:50,886][root][INFO] - Val leaf stats: tensor([0.0000e+00, 1.0733e-01, 3.2517e-01, 0.0000e+00, 4.2333e-02, 0.0000e+00,
        0.0000e+00, 3.7500e-02, 1.4300e-01, 1.5550e-01, 1.8900e-01, 1.6667e-04,
        0.0000e+00, 0.0000e+00, 0.0000e+00, 0.0000e+00])
[2026-06-25 23:37:53,233][root][INFO] - Epoch: 4 | train acc: 0.8481, train loss: 1.58091478, valid acc: 0.8313, valid loss: 0.55911460, test acc: 0.8459, test loss: 0.52008371
[2026-06-25 23:37:53,322][root][INFO] - Epoch: 5 | train acc: 0.8933, train loss: 0.51938302, valid acc: 0.8955, valid loss: 0.35264852, test acc: 0.8926, test loss: 0.37247458
[2026-06-25 23:37:55,171][root][INFO] - Epoch: 5 | train acc: 0.8684, train loss: 0.90206079, valid acc: 0.8587, valid loss: 0.46702326, test acc: 0.8688, test loss: 0.43699301
[2026-06-25 23:37:56,909][root][INFO] - reg loss: 7.423566197449306, entropy loss: 0.3198128446655453, leaf dev: 0.08709273487329483
[2026-06-25 23:37:56,910][root][INFO] - Val leaf stats: tensor([0.1547, 0.0855, 0.2313, 0.0003, 0.0018, 0.0010, 0.0000, 0.0072, 0.1963,
        0.0012, 0.1878, 0.1328, 0.0000, 0.0000, 0.0000, 0.0000])
[2026-06-25 23:37:57,041][root][INFO] - reg loss: 6.784235495441365, entropy loss: 0.13494839884762494, leaf dev: 0.09823733568191528
[2026-06-25 23:37:57,042][root][INFO] - Val leaf stats: tensor([0.3332, 0.1885, 0.0565, 0.0000, 0.1483, 0.0000, 0.0000, 0.1445, 0.0000,
        0.0012, 0.0000, 0.0000, 0.0070, 0.1208, 0.0000, 0.0000])
[2026-06-25 23:37:58,733][root][INFO] - reg loss: 6.776714500391258, entropy loss: 0.22553300492043765, leaf dev: 0.09388355910778046
[2026-06-25 23:37:58,734][root][INFO] - Val leaf stats: tensor([0.0000, 0.0000, 0.0015, 0.0005, 0.0260, 0.0088, 0.0483, 0.1678, 0.0000,
        0.1197, 0.0000, 0.0000, 0.1032, 0.2385, 0.2857, 0.0000])
[2026-06-25 23:38:08,796][root][INFO] - Epoch: 5 | train acc: 0.8969, train loss: 0.51214711, valid acc: 0.8778, valid loss: 0.41077513, test acc: 0.8850, test loss: 0.37796712
[2026-06-25 23:38:12,761][root][INFO] - reg loss: 7.831666627020206, entropy loss: 0.33022076734956707, leaf dev: 0.08152370154857635
[2026-06-25 23:38:12,762][root][INFO] - Val leaf stats: tensor([0.1760, 0.0033, 0.2030, 0.0000, 0.0000, 0.0012, 0.1187, 0.0805, 0.0000,
        0.0003, 0.0287, 0.0193, 0.1757, 0.1933, 0.0000, 0.0000])
[2026-06-25 23:38:14,609][root][INFO] - Epoch: 39 | train acc: 0.9502, train loss: 0.59858591, valid acc: 0.9357, valid loss: 0.23134966, test acc: 0.9097, test loss: 2.27290274
[2026-06-25 23:38:15,864][root][INFO] - Epoch: 6 | train acc: 0.8577, train loss: 1.61589530, valid acc: 0.8543, valid loss: 0.56035142, test acc: 0.8586, test loss: 0.54932268
[2026-06-25 23:38:16,613][root][INFO] - Epoch: 5 | train acc: 0.8879, train loss: 0.37993778, valid acc: 0.8585, valid loss: 0.43575739, test acc: 0.8663, test loss: 0.43638522
[2026-06-25 23:38:17,285][root][INFO] - reg loss: 5.321516874606017, entropy loss: 0.10719455187282866, leaf dev: 0.07439523190259933
[2026-06-25 23:38:17,286][root][INFO] - Val leaf stats: tensor([0.0095, 0.0295, 0.0493, 0.0862, 0.0004, 0.0859, 0.2958, 0.0770, 0.0018,
        0.0663, 0.0414, 0.1490, 0.0440, 0.0025, 0.0604, 0.0010])
[2026-06-25 23:38:17,941][root][INFO] - Epoch: 5 | train acc: 0.7724, train loss: 1.37378943, valid acc: 0.7618, valid loss: 0.72603141, test acc: 0.7619, test loss: 0.72944389
[2026-06-25 23:38:19,663][root][INFO] - reg loss: 6.313835742338648, entropy loss: 0.13923850500921034, leaf dev: 0.1260286271572113
[2026-06-25 23:38:19,664][root][INFO] - Val leaf stats: tensor([0.0000, 0.0000, 0.0062, 0.0083, 0.0208, 0.0000, 0.0000, 0.0000, 0.2468,
        0.0000, 0.2580, 0.0463, 0.0000, 0.0005, 0.0000, 0.4130])
[2026-06-25 23:38:20,260][root][INFO] - reg loss: 7.4727586665243475, entropy loss: 0.4048399568166373, leaf dev: 0.08973541110754013
[2026-06-25 23:38:20,261][root][INFO] - Val leaf stats: tensor([0.1967, 0.0298, 0.3007, 0.1407, 0.1632, 0.0058, 0.0008, 0.0542, 0.0005,
        0.0285, 0.0440, 0.0345, 0.0000, 0.0007, 0.0000, 0.0000])
[2026-06-25 23:38:21,647][root][INFO] - reg loss: 6.309789958989845, entropy loss: 0.1588970698275656, leaf dev: 0.14511674642562866
[2026-06-25 23:38:21,648][root][INFO] - Val leaf stats: tensor([0.0000e+00, 1.3017e-01, 5.5067e-01, 0.0000e+00, 9.4833e-02, 0.0000e+00,
        0.0000e+00, 2.2183e-01, 1.0000e-03, 3.3333e-04, 1.1667e-03, 0.0000e+00,
        0.0000e+00, 0.0000e+00, 0.0000e+00, 0.0000e+00])
[2026-06-25 23:38:23,770][root][INFO] - Epoch: 5 | train acc: 0.8735, train loss: 1.52284410, valid acc: 0.7747, valid loss: 0.76914471, test acc: 0.8031, test loss: 0.69569750
[2026-06-25 23:38:24,338][root][INFO] - Epoch: 6 | train acc: 0.8825, train loss: 0.82364351, valid acc: 0.8628, valid loss: 0.44984843, test acc: 0.8652, test loss: 0.44092787
[2026-06-25 23:38:24,354][root][INFO] - Epoch: 6 | train acc: 0.9100, train loss: 0.47126023, valid acc: 0.9043, valid loss: 0.32377729, test acc: 0.9019, test loss: 0.34695970
[2026-06-25 23:38:26,981][root][INFO] - reg loss: 6.807444091113108, entropy loss: 0.1358588994392809, leaf dev: 0.10247818380594254
[2026-06-25 23:38:26,982][root][INFO] - Val leaf stats: tensor([0.3347, 0.2330, 0.1368, 0.0000, 0.0193, 0.0000, 0.0000, 0.1400, 0.0000,
        0.0042, 0.0000, 0.0000, 0.0098, 0.1222, 0.0000, 0.0000])
[2026-06-25 23:38:28,333][root][INFO] - reg loss: 7.322062402401331, entropy loss: 0.2202267674904949, leaf dev: 0.0989108681678772
[2026-06-25 23:38:28,346][root][INFO] - reg loss: 7.5601236325389936, entropy loss: 0.3226025287272795, leaf dev: 0.08670520782470703
[2026-06-25 23:38:28,346][root][INFO] - Val leaf stats: tensor([0.1370, 0.0805, 0.2288, 0.0000, 0.0028, 0.0005, 0.0000, 0.0098, 0.2105,
        0.0038, 0.1592, 0.1670, 0.0000, 0.0000, 0.0000, 0.0000])
[2026-06-25 23:38:28,349][root][INFO] - Val leaf stats: tensor([0.0000, 0.0000, 0.0042, 0.0007, 0.2520, 0.0742, 0.0645, 0.3352, 0.0000,
        0.0308, 0.0000, 0.0000, 0.0410, 0.1270, 0.0705, 0.0000])
[2026-06-25 23:38:39,581][root][INFO] - Epoch: 6 | train acc: 0.9051, train loss: 0.49556969, valid acc: 0.8870, valid loss: 0.37205115, test acc: 0.9011, test loss: 0.34476031
[2026-06-25 23:38:43,467][root][INFO] - reg loss: 7.7837659592898385, entropy loss: 0.3308260519549532, leaf dev: 0.08096050471067429
[2026-06-25 23:38:43,469][root][INFO] - Val leaf stats: tensor([1.6100e-01, 8.8333e-03, 1.9717e-01, 0.0000e+00, 1.6667e-04, 1.3333e-02,
        1.0350e-01, 8.7667e-02, 0.0000e+00, 0.0000e+00, 3.2333e-02, 2.6833e-02,
        1.2350e-01, 2.4567e-01, 0.0000e+00, 0.0000e+00])
[2026-06-25 23:38:46,774][root][INFO] - Epoch: 6 | train acc: 0.8918, train loss: 0.36371134, valid acc: 0.8908, valid loss: 0.36451709, test acc: 0.8934, test loss: 0.35825306
[2026-06-25 23:38:46,953][root][INFO] - Epoch: 7 | train acc: 0.8648, train loss: 1.45764182, valid acc: 0.8812, valid loss: 0.44713022, test acc: 0.8848, test loss: 0.43388035
[2026-06-25 23:38:48,519][root][INFO] - Epoch: 6 | train acc: 0.8459, train loss: 1.22287740, valid acc: 0.8473, valid loss: 0.54982967, test acc: 0.8490, test loss: 0.54075585
[2026-06-25 23:38:50,062][root][INFO] - Epoch: 40 | train acc: 0.9562, train loss: 0.58974666, valid acc: 0.9382, valid loss: 0.21757112, test acc: 0.9150, test loss: 2.47985262
[2026-06-25 23:38:50,133][root][INFO] - reg loss: 7.544407183269285, entropy loss: 0.3826985558811224, leaf dev: 0.08277933299541473
[2026-06-25 23:38:50,134][root][INFO] - Val leaf stats: tensor([1.8550e-01, 4.5333e-02, 2.7133e-01, 1.3800e-01, 1.5783e-01, 1.6667e-03,
        2.1667e-03, 5.2500e-02, 0.0000e+00, 1.8833e-02, 7.2667e-02, 5.3333e-02,
        0.0000e+00, 6.6667e-04, 1.6667e-04, 0.0000e+00])
[2026-06-25 23:38:50,724][root][INFO] - reg loss: 5.9630985035086574, entropy loss: 0.12177222348609061, leaf dev: 0.12599949538707733
[2026-06-25 23:38:50,725][root][INFO] - Val leaf stats: tensor([0.0000, 0.0000, 0.0080, 0.0110, 0.0178, 0.0000, 0.0000, 0.0000, 0.3525,
        0.0000, 0.1915, 0.0467, 0.0000, 0.0023, 0.0000, 0.3702])
[2026-06-25 23:38:52,575][root][INFO] - reg loss: 6.160198076716009, entropy loss: 0.16815796339849257, leaf dev: 0.12397737056016922
[2026-06-25 23:38:52,576][root][INFO] - Val leaf stats: tensor([0.0000, 0.1893, 0.4663, 0.0000, 0.0897, 0.0000, 0.1042, 0.1443, 0.0017,
        0.0005, 0.0040, 0.0000, 0.0000, 0.0000, 0.0000, 0.0000])
[2026-06-25 23:38:53,087][root][INFO] - reg loss: 5.599025098104326, entropy loss: 0.10975312973771777, leaf dev: 0.05945628508925438
[2026-06-25 23:38:53,088][root][INFO] - Val leaf stats: tensor([0.0193, 0.0969, 0.0337, 0.1145, 0.0004, 0.0817, 0.2121, 0.0743, 0.0018,
        0.0685, 0.0377, 0.1490, 0.0404, 0.0025, 0.0661, 0.0009])
[2026-06-25 23:38:54,904][root][INFO] - Epoch: 6 | train acc: 0.8457, train loss: 1.40187701, valid acc: 0.8412, valid loss: 0.50225236, test acc: 0.8637, test loss: 0.46970622
[2026-06-25 23:38:55,124][root][INFO] - Epoch: 7 | train acc: 0.9167, train loss: 0.44869437, valid acc: 0.9015, valid loss: 0.34243374, test acc: 0.9001, test loss: 0.36960485
[2026-06-25 23:38:55,413][root][INFO] - Epoch: 7 | train acc: 0.8881, train loss: 0.79514453, valid acc: 0.8695, valid loss: 0.44339286, test acc: 0.8801, test loss: 0.41251397
[2026-06-25 23:38:58,864][root][INFO] - reg loss: 7.472418483698143, entropy loss: 0.3150668203268411, leaf dev: 0.09154992550611496
[2026-06-25 23:38:58,865][root][INFO] - Val leaf stats: tensor([8.6667e-02, 6.9000e-02, 1.9300e-01, 0.0000e+00, 3.0000e-03, 1.6667e-04,
        0.0000e+00, 8.8333e-03, 2.2800e-01, 6.3333e-03, 1.5467e-01, 2.5033e-01,
        0.0000e+00, 0.0000e+00, 0.0000e+00, 0.0000e+00])
[2026-06-25 23:38:59,311][root][INFO] - reg loss: 6.138526286718981, entropy loss: 0.11121776840596828, leaf dev: 0.10477213561534882
[2026-06-25 23:38:59,312][root][INFO] - Val leaf stats: tensor([0.3212, 0.2218, 0.0005, 0.0000, 0.1093, 0.0000, 0.0000, 0.2253, 0.0000,
        0.0047, 0.0000, 0.0000, 0.0077, 0.1095, 0.0000, 0.0000])
[2026-06-25 23:38:59,576][root][INFO] - reg loss: 7.181040017109997, entropy loss: 0.20402415335740684, leaf dev: 0.09758859127759933
[2026-06-25 23:38:59,577][root][INFO] - Val leaf stats: tensor([0.0000e+00, 0.0000e+00, 9.1667e-03, 1.6667e-04, 2.9617e-01, 6.8167e-02,
        0.0000e+00, 8.9500e-02, 0.0000e+00, 6.5500e-02, 0.0000e+00, 0.0000e+00,
        3.4500e-02, 2.6317e-01, 1.7367e-01, 0.0000e+00])
[2026-06-25 23:39:09,309][root][INFO] - Epoch: 7 | train acc: 0.9055, train loss: 0.47414057, valid acc: 0.8417, valid loss: 0.51488000, test acc: 0.8461, test loss: 0.49321082
[2026-06-25 23:39:13,051][root][INFO] - reg loss: 7.615040549692118, entropy loss: 0.3136462740740686, leaf dev: 0.0950055718421936
[2026-06-25 23:39:13,052][root][INFO] - Val leaf stats: tensor([0.1390, 0.0052, 0.1080, 0.0000, 0.0000, 0.0000, 0.0805, 0.0493, 0.0000,
        0.0113, 0.0535, 0.0383, 0.1550, 0.3598, 0.0000, 0.0000])
[2026-06-25 23:39:16,577][root][INFO] - Epoch: 7 | train acc: 0.9015, train loss: 0.32957836, valid acc: 0.8952, valid loss: 0.35579381, test acc: 0.9008, test loss: 0.33715891
[2026-06-25 23:39:18,005][root][INFO] - Epoch: 8 | train acc: 0.8906, train loss: 1.38221901, valid acc: 0.8810, valid loss: 0.41359963, test acc: 0.8852, test loss: 0.40041698
[2026-06-25 23:39:20,265][root][INFO] - reg loss: 7.326704146727076, entropy loss: 0.3776727900752481, leaf dev: 0.07840967923402786
[2026-06-25 23:39:20,266][root][INFO] - Val leaf stats: tensor([1.2333e-01, 5.4833e-02, 2.0367e-01, 1.8750e-01, 1.1800e-01, 1.0000e-03,
        5.0000e-04, 1.0167e-02, 0.0000e+00, 0.0000e+00, 1.7333e-01, 1.2567e-01,
        0.0000e+00, 1.1667e-03, 6.6667e-04, 1.6667e-04])
[2026-06-25 23:39:20,458][root][INFO] - Epoch: 7 | train acc: 0.8709, train loss: 1.14966873, valid acc: 0.8628, valid loss: 0.48453431, test acc: 0.8645, test loss: 0.47652373
[2026-06-25 23:39:21,413][root][INFO] - reg loss: 6.132320300588068, entropy loss: 0.12474508956074715, leaf dev: 0.09608350694179535
[2026-06-25 23:39:21,414][root][INFO] - Val leaf stats: tensor([0.0000, 0.0000, 0.2865, 0.0140, 0.1072, 0.0000, 0.0000, 0.0000, 0.1228,
        0.0000, 0.1705, 0.0495, 0.0000, 0.0033, 0.0000, 0.2462])
[2026-06-25 23:39:23,418][root][INFO] - Epoch: 41 | train acc: 0.9569, train loss: 0.58822014, valid acc: 0.9380, valid loss: 0.22697755, test acc: 0.9129, test loss: 5.00924644
[2026-06-25 23:39:24,186][root][INFO] - reg loss: 6.303461583155506, entropy loss: 0.171693650619039, leaf dev: 0.1111014261841774
[2026-06-25 23:39:24,187][root][INFO] - Val leaf stats: tensor([0.0000, 0.2190, 0.3868, 0.0000, 0.1072, 0.0000, 0.1198, 0.1553, 0.0030,
        0.0005, 0.0083, 0.0000, 0.0000, 0.0000, 0.0000, 0.0000])
[2026-06-25 23:39:25,909][root][INFO] - Epoch: 8 | train acc: 0.9052, train loss: 0.48536235, valid acc: 0.8867, valid loss: 0.38504931, test acc: 0.8848, test loss: 0.40955736
[2026-06-25 23:39:26,025][root][INFO] - reg loss: 5.724870040933922, entropy loss: 0.10943928802454914, leaf dev: 0.06317206472158432
[2026-06-25 23:39:26,026][root][INFO] - Val leaf stats: tensor([0.0137, 0.0730, 0.0374, 0.1081, 0.0004, 0.0815, 0.2397, 0.0741, 0.0019,
        0.0542, 0.0400, 0.1483, 0.0538, 0.0045, 0.0685, 0.0008])
[2026-06-25 23:39:26,334][root][INFO] - Epoch: 7 | train acc: 0.8753, train loss: 1.24424112, valid acc: 0.8318, valid loss: 0.53410064, test acc: 0.8506, test loss: 0.50643876
[2026-06-25 23:39:26,347][root][INFO] - Epoch: 8 | train acc: 0.9089, train loss: 0.69408350, valid acc: 0.8927, valid loss: 0.36381951, test acc: 0.9000, test loss: 0.35076136
[2026-06-25 23:39:29,847][root][INFO] - reg loss: 7.495625100045834, entropy loss: 0.3080231746974981, leaf dev: 0.08541504293680191
[2026-06-25 23:39:29,848][root][INFO] - Val leaf stats: tensor([1.5650e-01, 9.2167e-02, 2.2117e-01, 0.0000e+00, 8.0000e-03, 1.3333e-03,
        1.6667e-04, 2.3000e-02, 1.0233e-01, 1.6667e-04, 2.1867e-01, 1.7650e-01,
        0.0000e+00, 0.0000e+00, 0.0000e+00, 0.0000e+00])
[2026-06-25 23:39:29,944][root][INFO] - reg loss: 6.856562214077644, entropy loss: 0.1912779595773175, leaf dev: 0.08760420233011246
[2026-06-25 23:39:29,945][root][INFO] - Val leaf stats: tensor([0.0000e+00, 0.0000e+00, 2.0000e-03, 1.6667e-04, 1.2000e-01, 2.4333e-02,
        3.3333e-04, 1.2433e-01, 0.0000e+00, 1.0483e-01, 0.0000e+00, 3.5000e-03,
        1.3617e-01, 2.5500e-01, 2.2933e-01, 0.0000e+00])
[2026-06-25 23:39:30,827][root][INFO] - reg loss: 5.999790187151927, entropy loss: 0.10334663866263516, leaf dev: 0.11173876374959946
[2026-06-25 23:39:30,827][root][INFO] - Val leaf stats: tensor([0.3383, 0.3122, 0.0022, 0.0000, 0.0875, 0.0000, 0.0000, 0.1377, 0.0000,
        0.0012, 0.0000, 0.0000, 0.0162, 0.1048, 0.0000, 0.0000])
[2026-06-25 23:39:40,311][root][INFO] - Epoch: 8 | train acc: 0.9059, train loss: 0.46960444, valid acc: 0.8848, valid loss: 0.40789533, test acc: 0.8948, test loss: 0.36164444
[2026-06-25 23:39:44,497][root][INFO] - reg loss: 7.192162509234446, entropy loss: 0.29011847219377196, leaf dev: 0.07517386972904205
[2026-06-25 23:39:44,498][root][INFO] - Val leaf stats: tensor([0.1105, 0.0580, 0.2003, 0.0000, 0.0000, 0.0000, 0.1023, 0.1025, 0.0000,
        0.0015, 0.0247, 0.0387, 0.1412, 0.2203, 0.0000, 0.0000])
[2026-06-25 23:39:47,638][root][INFO] - Epoch: 8 | train acc: 0.9150, train loss: 0.28922367, valid acc: 0.9068, valid loss: 0.31988148, test acc: 0.9082, test loss: 0.30499989
[2026-06-25 23:39:48,200][root][INFO] - Epoch: 9 | train acc: 0.8920, train loss: 1.35941140, valid acc: 0.8868, valid loss: 0.39816196, test acc: 0.8878, test loss: 0.38184015
[2026-06-25 23:39:50,413][root][INFO] - Epoch: 8 | train acc: 0.8932, train loss: 1.07543603, valid acc: 0.8757, valid loss: 0.43931117, test acc: 0.8813, test loss: 0.41715673
[2026-06-25 23:39:51,053][root][INFO] - reg loss: 7.070869441302317, entropy loss: 0.36279011391243843, leaf dev: 0.0737684816122055
[2026-06-25 23:39:51,054][root][INFO] - Val leaf stats: tensor([1.4433e-01, 8.5833e-02, 2.0967e-01, 1.1550e-01, 1.2150e-01, 6.6667e-04,
        1.0000e-03, 3.1500e-02, 0.0000e+00, 0.0000e+00, 1.7150e-01, 1.1600e-01,
        0.0000e+00, 1.3333e-03, 1.0000e-03, 1.6667e-04])
[2026-06-25 23:39:51,711][root][INFO] - reg loss: 6.165719576601712, entropy loss: 0.12466672843076149, leaf dev: 0.09827525168657303
[2026-06-25 23:39:51,712][root][INFO] - Val leaf stats: tensor([0.0000, 0.0000, 0.2875, 0.0160, 0.0827, 0.0000, 0.0000, 0.0000, 0.1473,
        0.0000, 0.1367, 0.0537, 0.0000, 0.0035, 0.0000, 0.2727])
[2026-06-25 23:39:53,892][root][INFO] - reg loss: 6.505402029685254, entropy loss: 0.1731682207505658, leaf dev: 0.10566297173500061
[2026-06-25 23:39:53,893][root][INFO] - Val leaf stats: tensor([0.0000, 0.2193, 0.3613, 0.0000, 0.1387, 0.0000, 0.1042, 0.1433, 0.0055,
        0.0023, 0.0253, 0.0000, 0.0000, 0.0000, 0.0000, 0.0000])
[2026-06-25 23:39:55,740][root][INFO] - Epoch: 9 | train acc: 0.9079, train loss: 0.65751897, valid acc: 0.8835, valid loss: 0.38189207, test acc: 0.8864, test loss: 0.38622591
[2026-06-25 23:39:56,109][root][INFO] - Epoch: 8 | train acc: 0.8798, train loss: 1.20350165, valid acc: 0.8700, valid loss: 0.42279783, test acc: 0.8828, test loss: 0.40873697
[2026-06-25 23:39:57,213][root][INFO] - Epoch: 9 | train acc: 0.9127, train loss: 0.46097011, valid acc: 0.9067, valid loss: 0.31779646, test acc: 0.9051, test loss: 0.33121532
[2026-06-25 23:39:58,316][root][INFO] - Epoch: 42 | train acc: 0.9582, train loss: 0.56965569, valid acc: 0.9384, valid loss: 0.22174070, test acc: 0.9155, test loss: 5.22034623
[2026-06-25 23:39:59,883][root][INFO] - reg loss: 6.605737888588096, entropy loss: 0.17291147894454453, leaf dev: 0.0922674834728241
[2026-06-25 23:39:59,884][root][INFO] - Val leaf stats: tensor([0.0000, 0.0000, 0.0007, 0.0000, 0.2107, 0.0612, 0.0000, 0.2068, 0.0000,
        0.0723, 0.0000, 0.0003, 0.1398, 0.2703, 0.0378, 0.0000])
[2026-06-25 23:40:00,127][root][INFO] - reg loss: 5.924214264131942, entropy loss: 0.10081551870647466, leaf dev: 0.10127401351928711
[2026-06-25 23:40:00,128][root][INFO] - Val leaf stats: tensor([0.2818, 0.2732, 0.0017, 0.0000, 0.1377, 0.0000, 0.0000, 0.1710, 0.0000,
        0.0040, 0.0000, 0.0000, 0.0127, 0.1180, 0.0000, 0.0000])
[2026-06-25 23:40:01,149][root][INFO] - reg loss: 5.638032623068996, entropy loss: 0.10700461658693496, leaf dev: 0.06086041405797005
[2026-06-25 23:40:01,150][root][INFO] - Val leaf stats: tensor([0.0148, 0.0838, 0.0421, 0.1107, 0.0004, 0.0826, 0.2242, 0.0787, 0.0019,
        0.0606, 0.0372, 0.1490, 0.0422, 0.0043, 0.0665, 0.0009])
[2026-06-25 23:40:01,818][root][INFO] - reg loss: 7.734658034342639, entropy loss: 0.3085589765940072, leaf dev: 0.0807088240981102
[2026-06-25 23:40:01,819][root][INFO] - Val leaf stats: tensor([1.9417e-01, 1.0100e-01, 2.0283e-01, 0.0000e+00, 1.0167e-02, 2.0000e-03,
        1.6667e-04, 2.6167e-02, 1.2167e-01, 1.6667e-04, 1.7533e-01, 1.5733e-01,
        0.0000e+00, 3.3333e-04, 0.0000e+00, 8.6667e-03])
[2026-06-25 23:40:11,337][root][INFO] - Epoch: 9 | train acc: 0.9048, train loss: 0.46967853, valid acc: 0.8893, valid loss: 0.37458607, test acc: 0.9007, test loss: 0.34143910
[2026-06-25 23:40:15,126][root][INFO] - reg loss: 7.165435224209192, entropy loss: 0.27759783138644023, leaf dev: 0.08220984786748886
[2026-06-25 23:40:15,127][root][INFO] - Val leaf stats: tensor([8.4000e-02, 4.1333e-02, 2.2933e-01, 0.0000e+00, 0.0000e+00, 1.6667e-04,
        9.1333e-02, 1.0100e-01, 0.0000e+00, 2.6667e-03, 1.9167e-02, 4.8167e-02,
        1.2750e-01, 2.5500e-01, 0.0000e+00, 3.3333e-04])
[2026-06-25 23:40:18,593][root][INFO] - Epoch: 9 | train acc: 0.9184, train loss: 0.28025653, valid acc: 0.9062, valid loss: 0.31677831, test acc: 0.9098, test loss: 0.30863587
[2026-06-25 23:40:19,193][root][INFO] - Epoch: 10 | train acc: 0.9059, train loss: 1.32037480, valid acc: 0.9018, valid loss: 0.34634771, test acc: 0.9056, test loss: 0.33331921
[2026-06-25 23:40:20,436][root][INFO] - Epoch: 9 | train acc: 0.9016, train loss: 1.04251012, valid acc: 0.8820, valid loss: 0.41547649, test acc: 0.8884, test loss: 0.38948824
[2026-06-25 23:40:21,661][root][INFO] - reg loss: 6.91204008966122, entropy loss: 0.3544704239323454, leaf dev: 0.07596210390329361
[2026-06-25 23:40:21,662][root][INFO] - Val leaf stats: tensor([1.2567e-01, 8.5500e-02, 2.1133e-01, 1.4350e-01, 1.3767e-01, 1.3333e-03,
        0.0000e+00, 4.3333e-03, 0.0000e+00, 1.6667e-04, 1.3283e-01, 1.5517e-01,
        0.0000e+00, 1.3333e-03, 1.1667e-03, 0.0000e+00])
[2026-06-25 23:40:22,688][root][INFO] - reg loss: 6.147136364343031, entropy loss: 0.12522050168997836, leaf dev: 0.09360440820455551
[2026-06-25 23:40:22,689][root][INFO] - Val leaf stats: tensor([0.0000, 0.0000, 0.2400, 0.0202, 0.0748, 0.0000, 0.0000, 0.0000, 0.1483,
        0.0000, 0.1965, 0.0557, 0.0000, 0.0065, 0.0000, 0.2580])
[2026-06-25 23:40:24,346][root][INFO] - reg loss: 6.671217347091099, entropy loss: 0.1745251145846439, leaf dev: 0.1052371934056282
[2026-06-25 23:40:24,348][root][INFO] - Val leaf stats: tensor([0.0000, 0.1853, 0.3805, 0.0000, 0.1527, 0.0000, 0.1087, 0.1098, 0.0112,
        0.0053, 0.0465, 0.0000, 0.0000, 0.0000, 0.0000, 0.0000])
[2026-06-25 23:40:27,116][root][INFO] - Epoch: 10 | train acc: 0.9140, train loss: 0.62209945, valid acc: 0.9002, valid loss: 0.33161759, test acc: 0.9086, test loss: 0.31677270
[2026-06-25 23:40:27,468][root][INFO] - Epoch: 9 | train acc: 0.8993, train loss: 1.14408731, valid acc: 0.8743, valid loss: 0.40131891, test acc: 0.8873, test loss: 0.38895579
[2026-06-25 23:40:28,617][root][INFO] - Epoch: 10 | train acc: 0.9190, train loss: 0.43195073, valid acc: 0.8860, valid loss: 0.40592840, test acc: 0.8794, test loss: 0.44307544
[2026-06-25 23:40:30,645][root][INFO] - Epoch: 43 | train acc: 0.9592, train loss: 0.56616946, valid acc: 0.9310, valid loss: 0.25545827, test acc: 0.9030, test loss: 5.57953339
[2026-06-25 23:40:31,165][root][INFO] - reg loss: 6.603461625441065, entropy loss: 0.16767871618833183, leaf dev: 0.08737172186374664
[2026-06-25 23:40:31,166][root][INFO] - Val leaf stats: tensor([0.0000, 0.0000, 0.0007, 0.0000, 0.2040, 0.0283, 0.0022, 0.1867, 0.0000,
        0.0797, 0.0000, 0.0030, 0.1160, 0.2527, 0.1268, 0.0000])
[2026-06-25 23:40:31,225][root][INFO] - reg loss: 5.9632440153157935, entropy loss: 0.10021356619753928, leaf dev: 0.10065102577209473
[2026-06-25 23:40:31,226][root][INFO] - Val leaf stats: tensor([0.2702, 0.2657, 0.0015, 0.0000, 0.1493, 0.0000, 0.0000, 0.1903, 0.0000,
        0.0048, 0.0000, 0.0000, 0.0073, 0.1108, 0.0000, 0.0000])
[2026-06-25 23:40:32,877][root][INFO] - reg loss: 7.24409552790084, entropy loss: 0.3002363775136336, leaf dev: 0.08207658678293228
[2026-06-25 23:40:32,878][root][INFO] - Val leaf stats: tensor([0.2087, 0.1175, 0.2370, 0.0000, 0.0005, 0.0000, 0.0000, 0.0047, 0.0858,
        0.0003, 0.1108, 0.1582, 0.0000, 0.0035, 0.0000, 0.0730])
[2026-06-25 23:40:33,505][root][INFO] - reg loss: 5.665781091760706, entropy loss: 0.10631844708843836, leaf dev: 0.046332500874996185
[2026-06-25 23:40:33,506][root][INFO] - Val leaf stats: tensor([0.0954, 0.1325, 0.0601, 0.0968, 0.0008, 0.0734, 0.0972, 0.0713, 0.0018,
        0.0630, 0.0424, 0.1520, 0.0408, 0.0039, 0.0674, 0.0009])
[2026-06-25 23:40:42,080][root][INFO] - Epoch: 10 | train acc: 0.9193, train loss: 0.41575627, valid acc: 0.8988, valid loss: 0.36055173, test acc: 0.9084, test loss: 0.32143591
[2026-06-25 23:40:45,597][root][INFO] - reg loss: 7.130063488798322, entropy loss: 0.27987815271008687, leaf dev: 0.07942067831754684
[2026-06-25 23:40:45,598][root][INFO] - Val leaf stats: tensor([1.0683e-01, 2.3167e-02, 2.5050e-01, 0.0000e+00, 0.0000e+00, 1.6667e-04,
        1.2817e-01, 7.6167e-02, 0.0000e+00, 5.3333e-03, 2.6167e-02, 5.2667e-02,
        1.3400e-01, 1.9683e-01, 0.0000e+00, 0.0000e+00])
[2026-06-25 23:40:48,381][root][INFO] - Epoch: 10 | train acc: 0.9168, train loss: 0.27638572, valid acc: 0.9142, valid loss: 0.29294607, test acc: 0.9171, test loss: 0.28886046
[2026-06-25 23:40:50,034][root][INFO] - Epoch: 11 | train acc: 0.9171, train loss: 1.28235947, valid acc: 0.9050, valid loss: 0.33401722, test acc: 0.9082, test loss: 0.32056365
[2026-06-25 23:40:50,831][root][INFO] - Epoch: 10 | train acc: 0.8758, train loss: 1.11176984, valid acc: 0.8792, valid loss: 0.42696781, test acc: 0.8863, test loss: 0.41225964
[2026-06-25 23:40:51,423][root][INFO] - reg loss: 6.8762540457383645, entropy loss: 0.3533178106793817, leaf dev: 0.07397980242967606
[2026-06-25 23:40:51,424][root][INFO] - Val leaf stats: tensor([0.1368, 0.1060, 0.1980, 0.1348, 0.1187, 0.0007, 0.0000, 0.0058, 0.0000,
        0.0005, 0.1457, 0.1480, 0.0000, 0.0025, 0.0025, 0.0000])
[2026-06-25 23:40:53,932][root][INFO] - reg loss: 6.114931124561238, entropy loss: 0.12388163270815364, leaf dev: 0.08966336399316788
[2026-06-25 23:40:53,933][root][INFO] - Val leaf stats: tensor([0.0000e+00, 0.0000e+00, 2.1517e-01, 2.8167e-02, 7.9333e-02, 0.0000e+00,
        0.0000e+00, 0.0000e+00, 1.6933e-01, 0.0000e+00, 1.4717e-01, 9.5667e-02,
        0.0000e+00, 1.6667e-04, 0.0000e+00, 2.6500e-01])
[2026-06-25 23:40:54,349][root][INFO] - reg loss: 6.531832910933584, entropy loss: 0.1699127549270414, leaf dev: 0.1011258140206337
[2026-06-25 23:40:54,350][root][INFO] - Val leaf stats: tensor([0.0000, 0.2227, 0.3610, 0.0000, 0.1172, 0.0000, 0.1075, 0.0703, 0.0330,
        0.0245, 0.0638, 0.0000, 0.0000, 0.0000, 0.0000, 0.0000])
[2026-06-25 23:40:58,545][root][INFO] - Epoch: 10 | train acc: 0.9007, train loss: 1.09461209, valid acc: 0.8780, valid loss: 0.39656672, test acc: 0.8870, test loss: 0.38046632
[2026-06-25 23:40:59,204][root][INFO] - Epoch: 11 | train acc: 0.9189, train loss: 0.42510842, valid acc: 0.9127, valid loss: 0.30290102, test acc: 0.9109, test loss: 0.30845999
[2026-06-25 23:40:59,635][root][INFO] - Epoch: 11 | train acc: 0.9080, train loss: 0.63657163, valid acc: 0.8943, valid loss: 0.37131404, test acc: 0.9049, test loss: 0.33081485
[2026-06-25 23:41:01,940][root][INFO] - Epoch: 44 | train acc: 0.9390, train loss: 0.64076631, valid acc: 0.9244, valid loss: 0.25004254, test acc: 0.8931, test loss: 2.92667391
[2026-06-25 23:41:02,325][root][INFO] - reg loss: 5.838109488757151, entropy loss: 0.09480533024893617, leaf dev: 0.10554665327072144
[2026-06-25 23:41:02,327][root][INFO] - Val leaf stats: tensor([0.2722, 0.2793, 0.0017, 0.0000, 0.1730, 0.0000, 0.0000, 0.2093, 0.0000,
        0.0012, 0.0000, 0.0000, 0.0022, 0.0612, 0.0000, 0.0000])
[2026-06-25 23:41:02,727][root][INFO] - reg loss: 6.877289389664272, entropy loss: 0.28757226157863186, leaf dev: 0.08651009202003479
[2026-06-25 23:41:02,728][root][INFO] - Val leaf stats: tensor([0.1208, 0.0937, 0.2433, 0.0000, 0.0015, 0.0005, 0.0000, 0.0063, 0.1588,
        0.0005, 0.1620, 0.2013, 0.0000, 0.0000, 0.0000, 0.0112])
[2026-06-25 23:41:03,135][root][INFO] - reg loss: 6.362065067831075, entropy loss: 0.16028192217619913, leaf dev: 0.08419274538755417
[2026-06-25 23:41:03,136][root][INFO] - Val leaf stats: tensor([0.0000, 0.0000, 0.0017, 0.0000, 0.1557, 0.0137, 0.0078, 0.1733, 0.0005,
        0.1342, 0.0000, 0.0093, 0.0838, 0.1878, 0.2322, 0.0000])
[2026-06-25 23:41:04,912][root][INFO] - reg loss: 5.88976588324895, entropy loss: 0.10925101567670782, leaf dev: 0.04615513235330582
[2026-06-25 23:41:04,913][root][INFO] - Val leaf stats: tensor([0.1248, 0.1298, 0.0577, 0.0999, 0.0011, 0.0654, 0.0743, 0.0608, 0.0016,
        0.0718, 0.0439, 0.1467, 0.0489, 0.0081, 0.0644, 0.0007])
[2026-06-25 23:41:09,244][root][INFO] - Epoch: 11 | train acc: 0.9122, train loss: 0.45140541, valid acc: 0.8910, valid loss: 0.39479946, test acc: 0.8936, test loss: 0.37408246
[2026-06-25 23:41:12,868][root][INFO] - reg loss: 6.919678939963287, entropy loss: 0.2714384735192893, leaf dev: 0.08844742923974991
[2026-06-25 23:41:12,869][root][INFO] - Val leaf stats: tensor([0.0000, 0.0000, 0.2067, 0.0927, 0.0000, 0.0022, 0.0962, 0.0530, 0.0000,
        0.0058, 0.0375, 0.0280, 0.2360, 0.2420, 0.0000, 0.0000])
[2026-06-25 23:41:17,665][root][INFO] - Epoch: 11 | train acc: 0.9294, train loss: 0.24011121, valid acc: 0.9140, valid loss: 0.29093862, test acc: 0.9200, test loss: 0.28351618
[2026-06-25 23:41:18,580][root][INFO] - Epoch: 12 | train acc: 0.9174, train loss: 1.30289064, valid acc: 0.9097, valid loss: 0.32448534, test acc: 0.9101, test loss: 0.32306356
[2026-06-25 23:41:18,701][root][INFO] - Epoch: 11 | train acc: 0.9046, train loss: 0.98872647, valid acc: 0.8875, valid loss: 0.40189641, test acc: 0.8954, test loss: 0.38230132
[2026-06-25 23:41:20,874][root][INFO] - reg loss: 6.883121944823355, entropy loss: 0.3551054557539382, leaf dev: 0.07310621440410614
[2026-06-25 23:41:20,875][root][INFO] - Val leaf stats: tensor([0.1272, 0.1097, 0.1950, 0.1332, 0.1258, 0.0008, 0.0000, 0.0095, 0.0000,
        0.0007, 0.1285, 0.1620, 0.0000, 0.0042, 0.0035, 0.0000])
[2026-06-25 23:41:21,315][root][INFO] - reg loss: 6.748904893983085, entropy loss: 0.16363418706745472, leaf dev: 0.09749727696180344
[2026-06-25 23:41:21,315][root][INFO] - Val leaf stats: tensor([0.0000, 0.2157, 0.3223, 0.0000, 0.1318, 0.0000, 0.1692, 0.0178, 0.0293,
        0.0343, 0.0795, 0.0000, 0.0000, 0.0000, 0.0000, 0.0000])
[2026-06-25 23:41:21,769][root][INFO] - reg loss: 6.1150861686130735, entropy loss: 0.12681366376719386, leaf dev: 0.09259245544672012
[2026-06-25 23:41:21,771][root][INFO] - Val leaf stats: tensor([0.0000, 0.0000, 0.2415, 0.0150, 0.0825, 0.0000, 0.0000, 0.0000, 0.1102,
        0.0000, 0.1960, 0.0923, 0.0000, 0.0043, 0.0000, 0.2582])
[2026-06-25 23:41:26,659][root][INFO] - Epoch: 12 | train acc: 0.9253, train loss: 0.40299006, valid acc: 0.9180, valid loss: 0.28791956, test acc: 0.9146, test loss: 0.29613070
[2026-06-25 23:41:26,670][root][INFO] - Epoch: 11 | train acc: 0.9054, train loss: 1.06662122, valid acc: 0.8847, valid loss: 0.38453864, test acc: 0.8872, test loss: 0.37995514
[2026-06-25 23:41:26,682][root][INFO] - Epoch: 12 | train acc: 0.9158, train loss: 0.61547647, valid acc: 0.9002, valid loss: 0.34653277, test acc: 0.9107, test loss: 0.31435497
[2026-06-25 23:41:29,489][root][INFO] - Epoch: 45 | train acc: 0.9549, train loss: 0.60473859, valid acc: 0.9350, valid loss: 0.23243991, test acc: 0.9135, test loss: 4.05322246
[2026-06-25 23:41:29,976][root][INFO] - reg loss: 6.831568191636284, entropy loss: 0.2867808139549111, leaf dev: 0.08691830933094025
[2026-06-25 23:41:29,977][root][INFO] - Val leaf stats: tensor([1.2367e-01, 7.7333e-02, 2.3733e-01, 1.6667e-04, 2.6667e-03, 8.3333e-04,
        0.0000e+00, 9.8333e-03, 1.7783e-01, 1.1667e-03, 1.6283e-01, 1.9983e-01,
        0.0000e+00, 0.0000e+00, 0.0000e+00, 6.5000e-03])
[2026-06-25 23:41:30,053][root][INFO] - reg loss: 5.803999558934626, entropy loss: 0.09301599101075586, leaf dev: 0.10567428916692734
[2026-06-25 23:41:30,055][root][INFO] - Val leaf stats: tensor([0.2668, 0.2938, 0.0018, 0.0000, 0.1727, 0.0000, 0.0000, 0.1962, 0.0000,
        0.0017, 0.0000, 0.0000, 0.0025, 0.0645, 0.0000, 0.0000])
[2026-06-25 23:41:30,120][root][INFO] - reg loss: 6.334877981329864, entropy loss: 0.16264699371355884, leaf dev: 0.08086472749710083
[2026-06-25 23:41:30,121][root][INFO] - Val leaf stats: tensor([0.0000, 0.0000, 0.0015, 0.0000, 0.1747, 0.0168, 0.0042, 0.1663, 0.0010,
        0.1608, 0.0000, 0.0087, 0.1100, 0.1967, 0.1593, 0.0000])
[2026-06-25 23:41:32,086][root][INFO] - reg loss: 5.879172859999238, entropy loss: 0.11175597778388432, leaf dev: 0.04618152976036072
[2026-06-25 23:41:32,087][root][INFO] - Val leaf stats: tensor([0.0967, 0.1377, 0.0560, 0.1095, 0.0065, 0.0699, 0.0704, 0.0594, 0.0019,
        0.0631, 0.0546, 0.1543, 0.0470, 0.0041, 0.0683, 0.0007])
[2026-06-25 23:41:36,128][root][INFO] - Epoch: 12 | train acc: 0.9166, train loss: 0.42729889, valid acc: 0.8913, valid loss: 0.38394929, test acc: 0.8970, test loss: 0.37129110
[2026-06-25 23:41:39,365][root][INFO] - reg loss: 6.660853165500569, entropy loss: 0.2592927263873928, leaf dev: 0.09965328872203827
[2026-06-25 23:41:39,367][root][INFO] - Val leaf stats: tensor([0.0000, 0.0000, 0.2732, 0.0222, 0.0003, 0.0107, 0.1300, 0.0722, 0.0000,
        0.0000, 0.0107, 0.0000, 0.2383, 0.2392, 0.0000, 0.0033])
[2026-06-25 23:41:42,259][root][INFO] - MLFlow server is starting on LOCAL with experiment STM_MS_hard_seeded...
[2026-06-25 23:41:42,378][root][INFO] - MLFlow run ID: 2d5708884526446fb30d69700e06b178, status: RUNNING
[2026-06-25 23:41:42,483][root][INFO] - Starting experiment IATrain...
[2026-06-25 23:41:44,545][root][INFO] - Epoch: 12 | train acc: 0.9174, train loss: 0.28221989, valid acc: 0.8692, valid loss: 0.41773258, test acc: 0.8729, test loss: 0.41738755
[2026-06-25 23:41:45,900][root][INFO] - Epoch: 12 | train acc: 0.9120, train loss: 0.94038635, valid acc: 0.8987, valid loss: 0.35648477, test acc: 0.9034, test loss: 0.34702749
[2026-06-25 23:41:46,285][root][INFO] - Epoch: 13 | train acc: 0.9169, train loss: 1.22788727, valid acc: 0.9167, valid loss: 0.30234027, test acc: 0.9166, test loss: 0.29984166
[2026-06-25 23:41:47,977][root][INFO] - reg loss: 6.867015550721367, entropy loss: 0.35215754216572026, leaf dev: 0.0870996043086052
[2026-06-25 23:41:47,979][root][INFO] - Val leaf stats: tensor([1.3100e-01, 1.2583e-01, 1.6533e-01, 1.4733e-01, 7.2667e-02, 0.0000e+00,
        0.0000e+00, 5.0000e-04, 0.0000e+00, 1.1667e-03, 4.7333e-02, 2.9433e-01,
        0.0000e+00, 6.6667e-03, 7.6667e-03, 1.6667e-04])
[2026-06-25 23:41:48,822][root][INFO] - reg loss: 6.776525906796725, entropy loss: 0.15697233842791253, leaf dev: 0.08551209419965744
[2026-06-25 23:41:48,823][root][INFO] - Val leaf stats: tensor([0.0000, 0.2057, 0.2653, 0.0000, 0.1433, 0.0000, 0.1472, 0.0237, 0.0532,
        0.0605, 0.1012, 0.0000, 0.0000, 0.0000, 0.0000, 0.0000])
[2026-06-25 23:41:49,648][root][INFO] - reg loss: 6.02347955613766, entropy loss: 0.11830112106114063, leaf dev: 0.09153099358081818
[2026-06-25 23:41:49,650][root][INFO] - Val leaf stats: tensor([0.0000, 0.0000, 0.2180, 0.0133, 0.0663, 0.0000, 0.0000, 0.0000, 0.1472,
        0.0000, 0.1867, 0.0973, 0.0000, 0.0065, 0.0000, 0.2647])
[2026-06-25 23:41:52,802][root][INFO] - Epoch: 12 | train acc: 0.8991, train loss: 1.06799056, valid acc: 0.8058, valid loss: 0.63456825, test acc: 0.8087, test loss: 0.62737936
[2026-06-25 23:41:53,816][root][INFO] - Epoch: 13 | train acc: 0.9226, train loss: 0.58767236, valid acc: 0.8933, valid loss: 0.34958577, test acc: 0.9066, test loss: 0.31916656
[2026-06-25 23:41:53,936][root][INFO] - Epoch: 13 | train acc: 0.9329, train loss: 0.37070461, valid acc: 0.9177, valid loss: 0.29067880, test acc: 0.9140, test loss: 0.29885002
[2026-06-25 23:41:56,000][root][INFO] - reg loss: 5.748126380848435, entropy loss: 0.09100783721737142, leaf dev: 0.13197371363639832
[2026-06-25 23:41:56,001][root][INFO] - Val leaf stats: tensor([0.2965, 0.4657, 0.0023, 0.0000, 0.0538, 0.0000, 0.0000, 0.1045, 0.0000,
        0.0023, 0.0000, 0.0000, 0.0030, 0.0718, 0.0000, 0.0000])
[2026-06-25 23:41:56,387][root][INFO] - Epoch: 46 | train acc: 0.9581, train loss: 0.60328373, valid acc: 0.9388, valid loss: 0.21114771, test acc: 0.9166, test loss: 6.21717829
[2026-06-25 23:41:57,877][root][INFO] - reg loss: 6.332025033123088, entropy loss: 0.16063088136461545, leaf dev: 0.08454332500696182
[2026-06-25 23:41:57,878][root][INFO] - Val leaf stats: tensor([0.0000, 0.0000, 0.0015, 0.0000, 0.1032, 0.0087, 0.0117, 0.1337, 0.0005,
        0.1618, 0.0000, 0.0063, 0.1340, 0.2365, 0.2022, 0.0000])
[2026-06-25 23:41:57,927][root][INFO] - reg loss: 6.70576170255553, entropy loss: 0.278196449268539, leaf dev: 0.08559047430753708
[2026-06-25 23:41:57,928][root][INFO] - Val leaf stats: tensor([1.8117e-01, 9.3667e-02, 2.2683e-01, 0.0000e+00, 3.6667e-03, 1.5000e-03,
        1.6667e-04, 1.3667e-02, 1.4667e-01, 1.1667e-03, 1.2917e-01, 2.0233e-01,
        0.0000e+00, 0.0000e+00, 0.0000e+00, 0.0000e+00])
[2026-06-25 23:41:58,306][root][INFO] - reg loss: 5.923623539152599, entropy loss: 0.11431510375921057, leaf dev: 0.04657808318734169
[2026-06-25 23:41:58,308][root][INFO] - Val leaf stats: tensor([0.1193, 0.1434, 0.0522, 0.1042, 0.0013, 0.0767, 0.0741, 0.0683, 0.0018,
        0.0697, 0.0443, 0.1339, 0.0440, 0.0034, 0.0629, 0.0007])
[2026-06-25 23:42:01,343][root][INFO] - MLFlow server is starting on LOCAL with experiment STM_MS_hard_seeded...
[2026-06-25 23:42:01,463][root][INFO] - MLFlow run ID: b1244a2daac64e77a4224d13f59e536b, status: RUNNING
[2026-06-25 23:42:01,567][root][INFO] - Starting experiment IATrain...
[2026-06-25 23:42:02,407][root][INFO] - MLFlow server is starting on LOCAL with experiment STM_MS_hard_seeded...
[2026-06-25 23:42:02,522][root][INFO] - MLFlow run ID: 29cd9845fc874d409fa09f4bf1e1cc47, status: RUNNING
[2026-06-25 23:42:02,581][root][INFO] - Epoch: 13 | train acc: 0.9131, train loss: 0.43319473, valid acc: 0.8832, valid loss: 0.41093991, test acc: 0.8948, test loss: 0.36466546
[2026-06-25 23:42:02,632][root][INFO] - Starting experiment IATrain...
[2026-06-25 23:42:03,403][root][INFO] - MLFlow server is starting on LOCAL with experiment STM_MS_hard_seeded...
[2026-06-25 23:42:03,536][root][INFO] - MLFlow run ID: 93309f2b1bf844d9bd06cff66bd20754, status: RUNNING
[2026-06-25 23:42:03,648][root][INFO] - Starting experiment IATrain...
[2026-06-25 23:42:05,467][root][INFO] - MLFlow server is starting on LOCAL with experiment STM_MS_hard_seeded...
[2026-06-25 23:42:05,564][root][INFO] - MLFlow run ID: 7b0764aebc764bdca7bc0e1a1c55e719, status: RUNNING
[2026-06-25 23:42:05,635][root][INFO] - Starting experiment IATrain...
[2026-06-25 23:42:06,249][root][INFO] - reg loss: 6.348024741658625, entropy loss: 0.24403197163680815, leaf dev: 0.10170657187700272
[2026-06-25 23:42:06,250][root][INFO] - Val leaf stats: tensor([5.0000e-04, 1.6667e-04, 2.9883e-01, 9.1333e-02, 1.6667e-04, 1.1500e-02,
        8.5500e-02, 2.9000e-02, 0.0000e+00, 0.0000e+00, 1.0333e-02, 1.6667e-04,
        2.4250e-01, 2.2983e-01, 0.0000e+00, 1.6667e-04])
[2026-06-25 23:42:06,601][root][INFO] - Epoch: 0 | train acc: 0.6756, train loss: 0.94394242, valid acc: 0.7603, valid loss: 0.67991930, test acc: 0.7734, test loss: 0.73955173
[2026-06-25 23:42:07,543][root][INFO] - MLFlow server is starting on LOCAL with experiment STM_MS_hard_seeded...
[2026-06-25 23:42:07,641][root][INFO] - MLFlow run ID: f388ae03d1fa4772b674b7d07db6cfcd, status: RUNNING
[2026-06-25 23:42:07,734][root][INFO] - Starting experiment IATrain...
[2026-06-25 23:42:08,799][root][INFO] - reg loss: 12.73469409740791, entropy loss: 0.48331350703088066, leaf dev: 0.06813209503889084
[2026-06-25 23:42:08,800][root][INFO] - Val leaf stats: tensor([0.1483, 0.1015, 0.0005, 0.1633, 0.0007, 0.0710, 0.1034, 0.0078, 0.0007,
        0.0770, 0.0063, 0.1934, 0.1182, 0.0023, 0.0025, 0.0032])
[2026-06-25 23:42:09,547][root][INFO] - MLFlow server is starting on LOCAL with experiment STM_MS_hard_seeded...
[2026-06-25 23:42:09,647][root][INFO] - MLFlow run ID: 598af17e4b9d46668be7e9f745ce1d3a, status: RUNNING
[2026-06-25 23:42:09,794][root][INFO] - Starting experiment IATrain...
[2026-06-25 23:42:12,417][root][INFO] - Epoch: 13 | train acc: 0.9090, train loss: 0.97822680, valid acc: 0.8900, valid loss: 0.36866890, test acc: 0.8972, test loss: 0.34861606
[2026-06-25 23:42:12,913][root][INFO] - Epoch: 13 | train acc: 0.9234, train loss: 0.26849854, valid acc: 0.9098, valid loss: 0.30315914, test acc: 0.9117, test loss: 0.31103546
[2026-06-25 23:42:14,183][root][INFO] - Epoch: 14 | train acc: 0.9269, train loss: 1.18828826, valid acc: 0.9167, valid loss: 0.30443604, test acc: 0.9192, test loss: 0.29609903
[2026-06-25 23:42:15,215][root][INFO] - MLFlow server is starting on LOCAL with experiment STM_MS_hard_seeded...
[2026-06-25 23:42:15,241][root][INFO] - reg loss: 6.707162092316826, entropy loss: 0.16201419805018408, leaf dev: 0.09275327622890472
[2026-06-25 23:42:15,242][root][INFO] - Val leaf stats: tensor([0.0000e+00, 2.0867e-01, 2.9900e-01, 1.6667e-04, 1.3550e-01, 0.0000e+00,
        1.5000e-01, 3.0000e-02, 1.2167e-02, 3.9000e-02, 1.2317e-01, 2.3333e-03,
        0.0000e+00, 0.0000e+00, 0.0000e+00, 0.0000e+00])
[2026-06-25 23:42:15,271][root][INFO] - MLFlow server is starting on LOCAL with experiment STM_MS_hard_seeded...
[2026-06-25 23:42:15,287][root][INFO] - MLFlow run ID: 64e1fdd8336d48a7984cc92f98a5dc24, status: RUNNING
[2026-06-25 23:42:15,352][root][INFO] - MLFlow run ID: e8929baad91d45518045f6fc5ccd7e06, status: RUNNING
[2026-06-25 23:42:15,426][root][INFO] - Starting experiment IATrain...
[2026-06-25 23:42:15,501][root][INFO] - Starting experiment IATrain...
[2026-06-25 23:42:16,177][root][INFO] - reg loss: 6.839101804877227, entropy loss: 0.35094706179960716, leaf dev: 0.07792769372463226
[2026-06-25 23:42:16,178][root][INFO] - Val leaf stats: tensor([0.1352, 0.0712, 0.2062, 0.1337, 0.1325, 0.0007, 0.0000, 0.0043, 0.0000,
        0.0017, 0.0790, 0.2140, 0.0000, 0.0067, 0.0150, 0.0000])
[2026-06-25 23:42:17,187][root][INFO] - reg loss: 5.918629542836603, entropy loss: 0.11652227308390276, leaf dev: 0.0923079401254654
[2026-06-25 23:42:17,188][root][INFO] - Val leaf stats: tensor([0.0000, 0.0000, 0.1815, 0.0058, 0.0595, 0.0000, 0.0000, 0.0000, 0.1697,
        0.0000, 0.1683, 0.1213, 0.0000, 0.0077, 0.0000, 0.2862])
[2026-06-25 23:42:20,933][root][INFO] - Epoch: 13 | train acc: 0.8486, train loss: 1.14343837, valid acc: 0.8272, valid loss: 0.53088544, test acc: 0.8292, test loss: 0.52763193
[2026-06-25 23:42:23,145][root][INFO] - Epoch: 14 | train acc: 0.9025, train loss: 0.62724481, valid acc: 0.8837, valid loss: 0.40651664, test acc: 0.8822, test loss: 0.40565054
[2026-06-25 23:42:23,267][root][INFO] - Epoch: 14 | train acc: 0.9307, train loss: 0.37915143, valid acc: 0.9145, valid loss: 0.31399408, test acc: 0.9105, test loss: 0.32136149
[2026-06-25 23:42:24,217][root][INFO] - reg loss: 5.510208948603216, entropy loss: 0.08333102325504681, leaf dev: 0.12842118740081787
[2026-06-25 23:42:24,218][root][INFO] - Val leaf stats: tensor([0.2863, 0.4528, 0.0025, 0.0000, 0.0483, 0.0000, 0.0000, 0.1103, 0.0000,
        0.0037, 0.0000, 0.0000, 0.0050, 0.0910, 0.0000, 0.0000])
[2026-06-25 23:42:26,081][root][INFO] - Epoch: 47 | train acc: 0.9498, train loss: 0.58149397, valid acc: 0.9327, valid loss: 0.25246100, test acc: 0.9035, test loss: 3.76835989
[2026-06-25 23:42:26,996][root][INFO] - reg loss: 6.678794595430482, entropy loss: 0.2748463308473803, leaf dev: 0.09087973833084106
[2026-06-25 23:42:26,997][root][INFO] - Val leaf stats: tensor([0.0927, 0.0843, 0.1702, 0.0000, 0.0032, 0.0018, 0.0000, 0.0055, 0.1918,
        0.0012, 0.1718, 0.2745, 0.0000, 0.0000, 0.0000, 0.0030])
[2026-06-25 23:42:27,107][root][INFO] - reg loss: 6.054575398283185, entropy loss: 0.1493921105591756, leaf dev: 0.10949675738811493
[2026-06-25 23:42:27,108][root][INFO] - Val leaf stats: tensor([0.0000e+00, 0.0000e+00, 1.5000e-03, 0.0000e+00, 6.7000e-02, 8.8333e-03,
        1.1000e-02, 9.7667e-02, 3.3333e-04, 1.2950e-01, 0.0000e+00, 8.0000e-03,
        3.9667e-02, 2.5850e-01, 3.7800e-01, 0.0000e+00])
[2026-06-25 23:42:29,010][root][INFO] - reg loss: 5.452959575350323, entropy loss: 0.1025584570708729, leaf dev: 0.04903508350253105
[2026-06-25 23:42:29,011][root][INFO] - Val leaf stats: tensor([0.1279, 0.0572, 0.0452, 0.0948, 0.0007, 0.0783, 0.0714, 0.0360, 0.0015,
        0.0782, 0.0991, 0.1707, 0.0443, 0.0024, 0.0913, 0.0010])
[2026-06-25 23:42:30,537][root][INFO] - Epoch: 0 | train acc: 0.6584, train loss: 3.80450055, valid acc: 0.7263, valid loss: 0.81219539, test acc: 0.7698, test loss: 0.65171388
[2026-06-25 23:42:31,469][root][INFO] - Epoch: 0 | train acc: 0.6845, train loss: 1.14799657, valid acc: 0.8032, valid loss: 0.59862976, test acc: 0.8020, test loss: 0.59141903
[2026-06-25 23:42:31,681][root][INFO] - Epoch: 14 | train acc: 0.9127, train loss: 0.41760166, valid acc: 0.8675, valid loss: 0.44496226, test acc: 0.8752, test loss: 0.41266994
[2026-06-25 23:42:32,198][root][INFO] - Epoch: 0 | train acc: 0.6659, train loss: 1.84106594, valid acc: 0.7924, valid loss: 0.60904376, test acc: 0.7964, test loss: 0.56381397
[2026-06-25 23:42:33,338][root][INFO] - reg loss: 11.337494027677668, entropy loss: 0.35331508943012785, leaf dev: 0.12598969042301178
[2026-06-25 23:42:33,339][root][INFO] - Val leaf stats: tensor([1.4942e-03, 5.0318e-01, 2.8016e-04, 1.2878e-01, 9.3388e-04, 6.3504e-02,
        5.6033e-04, 8.0314e-03, 1.9612e-03, 3.2406e-02, 1.6343e-02, 1.0021e-01,
        1.2299e-01, 1.5129e-02, 3.3620e-03, 8.4049e-04])
[2026-06-25 23:42:33,679][root][INFO] - reg loss: 12.010166052157286, entropy loss: 0.44803235092491067, leaf dev: 0.07567916810512543
[2026-06-25 23:42:33,680][root][INFO] - Val leaf stats: tensor([0.0407, 0.1000, 0.0289, 0.1935, 0.0026, 0.0697, 0.0056, 0.0081, 0.0011,
        0.0866, 0.0019, 0.1596, 0.2384, 0.0019, 0.0608, 0.0007])
[2026-06-25 23:42:34,565][root][INFO] - reg loss: 12.631714028656168, entropy loss: 0.4524304108329551, leaf dev: 0.08171536028385162
[2026-06-25 23:42:34,566][root][INFO] - Val leaf stats: tensor([0.0016, 0.0007, 0.0004, 0.1013, 0.0672, 0.0888, 0.3107, 0.0334, 0.0032,
        0.1466, 0.0261, 0.0322, 0.1290, 0.0017, 0.0080, 0.0490])
[2026-06-25 23:42:35,395][root][INFO] - Epoch: 0 | train acc: 0.6687, train loss: 1.43512067, valid acc: 0.7784, valid loss: 0.61890213, test acc: 0.8147, test loss: 0.57856207
[2026-06-25 23:42:35,618][root][INFO] - reg loss: 6.166268528632398, entropy loss: 0.23502654455742747, leaf dev: 0.10299628227949142
[2026-06-25 23:42:35,628][root][INFO] - Val leaf stats: tensor([1.6667e-04, 0.0000e+00, 1.8150e-01, 9.0667e-02, 0.0000e+00, 1.7500e-02,
        1.1300e-01, 6.5000e-03, 0.0000e+00, 0.0000e+00, 1.2833e-02, 3.3333e-04,
        2.7417e-01, 3.0333e-01, 0.0000e+00, 0.0000e+00])
[2026-06-25 23:42:36,720][root][INFO] - Epoch: 0 | train acc: 0.6553, train loss: 2.70263641, valid acc: 0.7181, valid loss: 0.69866795, test acc: 0.7257, test loss: 0.70782461
[2026-06-25 23:42:37,845][root][INFO] - Epoch: 1 | train acc: 0.8202, train loss: 0.53061976, valid acc: 0.8382, valid loss: 0.48684912, test acc: 0.8385, test loss: 0.56610890
[2026-06-25 23:42:37,865][root][INFO] - Epoch: 0 | train acc: 0.6833, train loss: 1.73686387, valid acc: 0.7794, valid loss: 0.62447270, test acc: 0.8051, test loss: 0.64169630
[2026-06-25 23:42:37,872][root][INFO] - reg loss: 14.03449632755663, entropy loss: 0.511821991079068, leaf dev: 0.10462108254432678
[2026-06-25 23:42:37,873][root][INFO] - Val leaf stats: tensor([9.3388e-03, 9.3388e-04, 5.6033e-04, 1.1954e-02, 7.0601e-02, 3.2873e-02,
        4.1810e-01, 7.9006e-02, 9.3388e-05, 1.5792e-01, 2.8950e-03, 5.6220e-02,
        5.1644e-02, 9.9925e-03, 6.0702e-03, 9.1801e-02])
[2026-06-25 23:42:38,975][root][INFO] - reg loss: 12.805245893972891, entropy loss: 0.44317788989455614, leaf dev: 0.0652153417468071
[2026-06-25 23:42:38,977][root][INFO] - Val leaf stats: tensor([0.0742, 0.0008, 0.0072, 0.0035, 0.0684, 0.1255, 0.1873, 0.0031, 0.0035,
        0.0007, 0.0923, 0.0342, 0.1503, 0.0009, 0.0913, 0.1568])
[2026-06-25 23:42:40,330][root][INFO] - reg loss: 11.441303111888745, entropy loss: 0.4097116070765036, leaf dev: 0.09980668127536774
[2026-06-25 23:42:40,332][root][INFO] - Val leaf stats: tensor([6.5372e-04, 3.7019e-01, 3.7355e-04, 1.7183e-01, 5.6033e-04, 6.9107e-02,
        1.8584e-02, 2.4281e-03, 1.0273e-03, 6.7800e-02, 3.5861e-02, 1.5288e-01,
        1.0469e-01, 6.5372e-04, 2.8016e-04, 3.0818e-03])
[2026-06-25 23:42:40,794][root][INFO] - reg loss: 9.354633477629807, entropy loss: 0.39907163649639754, leaf dev: 0.07818645983934402
[2026-06-25 23:42:40,795][root][INFO] - Val leaf stats: tensor([0.0432, 0.1282, 0.0016, 0.1429, 0.0007, 0.0712, 0.0661, 0.0045, 0.0007,
        0.1329, 0.0021, 0.2685, 0.1273, 0.0071, 0.0005, 0.0026])
[2026-06-25 23:42:42,769][root][INFO] - Epoch: 14 | train acc: 0.9197, train loss: 0.94725780, valid acc: 0.9032, valid loss: 0.35135244, test acc: 0.9074, test loss: 0.32593794
[2026-06-25 23:42:43,426][root][INFO] - Epoch: 14 | train acc: 0.9290, train loss: 0.24083365, valid acc: 0.9127, valid loss: 0.29179148, test acc: 0.9178, test loss: 0.28522963
[2026-06-25 23:42:43,667][root][INFO] - Epoch: 15 | train acc: 0.9273, train loss: 1.18612646, valid acc: 0.9142, valid loss: 0.30102973, test acc: 0.9178, test loss: 0.29116550
[2026-06-25 23:42:43,830][root][INFO] - Epoch: 0 | train acc: 0.6604, train loss: 1.43958635, valid acc: 0.7588, valid loss: 0.68574423, test acc: 0.7911, test loss: 0.66537581
[2026-06-25 23:42:45,079][root][INFO] - Epoch: 0 | train acc: 0.6697, train loss: 4.15002078, valid acc: 0.7730, valid loss: 0.63139705, test acc: 0.8118, test loss: 0.55595530
[2026-06-25 23:42:46,332][root][INFO] - reg loss: 6.725725844221295, entropy loss: 0.1646050916246648, leaf dev: 0.08732548356056213
[2026-06-25 23:42:46,334][root][INFO] - Val leaf stats: tensor([0.0000e+00, 1.9550e-01, 2.7883e-01, 1.6667e-04, 1.5050e-01, 0.0000e+00,
        1.4700e-01, 3.7167e-02, 2.2167e-02, 5.8000e-02, 1.0683e-01, 1.1667e-03,
        0.0000e+00, 2.6667e-03, 0.0000e+00, 0.0000e+00])
[2026-06-25 23:42:46,372][root][INFO] - reg loss: 6.741798198448037, entropy loss: 0.34617017631260855, leaf dev: 0.07950834929943085
[2026-06-25 23:42:46,374][root][INFO] - Val leaf stats: tensor([1.4167e-01, 5.4333e-02, 2.2567e-01, 1.7300e-01, 1.2833e-01, 1.0000e-03,
        1.6667e-04, 8.0000e-03, 0.0000e+00, 1.8333e-03, 1.0033e-01, 1.6383e-01,
        0.0000e+00, 8.3333e-04, 1.0000e-03, 0.0000e+00])
[2026-06-25 23:42:46,378][root][INFO] - reg loss: 12.611826487949916, entropy loss: 0.45072050227059257, leaf dev: 0.06471844762563705
[2026-06-25 23:42:46,379][root][INFO] - Val leaf stats: tensor([0.0010, 0.0262, 0.0014, 0.0562, 0.0021, 0.0758, 0.1475, 0.0116, 0.0006,
        0.1019, 0.1338, 0.1680, 0.1615, 0.0062, 0.1059, 0.0003])
[2026-06-25 23:42:47,402][root][INFO] - reg loss: 12.22506421205228, entropy loss: 0.4011185364748435, leaf dev: 0.08582641929388046
[2026-06-25 23:42:47,404][root][INFO] - Val leaf stats: tensor([3.8569e-02, 1.0273e-03, 1.0833e-02, 2.4841e-02, 6.7893e-02, 1.7006e-01,
        2.6205e-01, 5.3792e-02, 6.5372e-04, 9.3388e-05, 1.7071e-01, 1.9107e-01,
        1.8678e-04, 3.7355e-03, 1.4008e-03, 3.0818e-03])
[2026-06-25 23:42:47,604][root][INFO] - reg loss: 5.851491887614412, entropy loss: 0.11570557277157621, leaf dev: 0.09408628940582275
[2026-06-25 23:42:47,605][root][INFO] - Val leaf stats: tensor([0.0000, 0.0000, 0.1805, 0.0073, 0.0527, 0.0000, 0.0000, 0.0000, 0.1655,
        0.0000, 0.1790, 0.1075, 0.0000, 0.0092, 0.0003, 0.2980])
[2026-06-25 23:42:50,969][root][INFO] - Epoch: 14 | train acc: 0.8736, train loss: 1.10068680, valid acc: 0.8430, valid loss: 0.49026264, test acc: 0.8451, test loss: 0.48980753
[2026-06-25 23:42:53,402][root][INFO] - Epoch: 15 | train acc: 0.8884, train loss: 0.51497064, valid acc: 0.9057, valid loss: 0.36048397, test acc: 0.9040, test loss: 0.35579183
[2026-06-25 23:42:54,466][root][INFO] - reg loss: 5.574965432005109, entropy loss: 0.08564347844078855, leaf dev: 0.12169192731380463
[2026-06-25 23:42:54,467][root][INFO] - Val leaf stats: tensor([0.2747, 0.4228, 0.0022, 0.0000, 0.0485, 0.0000, 0.0000, 0.1152, 0.0000,
        0.0047, 0.0000, 0.0000, 0.0110, 0.1210, 0.0000, 0.0000])
[2026-06-25 23:42:54,601][root][INFO] - Epoch: 15 | train acc: 0.9187, train loss: 0.58394473, valid acc: 0.8940, valid loss: 0.34959222, test acc: 0.8995, test loss: 0.34140412
[2026-06-25 23:42:57,541][root][INFO] - reg loss: 6.351805839898451, entropy loss: 0.2630629061527972, leaf dev: 0.08851957321166992
[2026-06-25 23:42:57,543][root][INFO] - Val leaf stats: tensor([1.2050e-01, 1.0250e-01, 2.2050e-01, 0.0000e+00, 1.3333e-03, 2.3333e-03,
        0.0000e+00, 3.3333e-04, 1.9400e-01, 1.6667e-04, 1.3150e-01, 2.2683e-01,
        0.0000e+00, 0.0000e+00, 0.0000e+00, 0.0000e+00])
[2026-06-25 23:42:58,667][root][INFO] - reg loss: 6.093629648100655, entropy loss: 0.15087200110813356, leaf dev: 0.08452937006950378
[2026-06-25 23:42:58,668][root][INFO] - Val leaf stats: tensor([0.0000, 0.0000, 0.0015, 0.0000, 0.1198, 0.0140, 0.0243, 0.1537, 0.0095,
        0.1807, 0.0000, 0.0097, 0.0497, 0.2243, 0.2128, 0.0000])
[2026-06-25 23:42:59,288][root][INFO] - Epoch: 48 | train acc: 0.9565, train loss: 0.56926642, valid acc: 0.9392, valid loss: 0.22395433, test acc: 0.9179, test loss: 4.95625395
[2026-06-25 23:43:01,789][root][INFO] - Epoch: 15 | train acc: 0.8784, train loss: 0.51245621, valid acc: 0.8208, valid loss: 0.57137453, test acc: 0.8213, test loss: 0.55927836
[2026-06-25 23:43:02,113][root][INFO] - reg loss: 5.360652212112669, entropy loss: 0.10414413027662449, leaf dev: 0.05033857747912407
[2026-06-25 23:43:02,114][root][INFO] - Val leaf stats: tensor([0.1306, 0.0875, 0.0546, 0.1080, 0.0007, 0.0788, 0.1234, 0.0697, 0.0016,
        0.0803, 0.0078, 0.1509, 0.0370, 0.0034, 0.0647, 0.0010])
[2026-06-25 23:43:03,637][root][INFO] - Epoch: 1 | train acc: 0.7811, train loss: 2.50523333, valid acc: 0.7854, valid loss: 0.59769864, test acc: 0.7976, test loss: 0.55202946
[2026-06-25 23:43:03,902][root][INFO] - Epoch: 1 | train acc: 0.8122, train loss: 1.25738039, valid acc: 0.8383, valid loss: 0.48690841, test acc: 0.8469, test loss: 0.48544111
[2026-06-25 23:43:04,638][root][INFO] - Epoch: 1 | train acc: 0.8393, train loss: 0.65247072, valid acc: 0.8637, valid loss: 0.40513744, test acc: 0.8634, test loss: 0.46237976
[2026-06-25 23:43:05,810][root][INFO] - reg loss: 6.105994534942339, entropy loss: 0.20807259487655927, leaf dev: 0.13114701211452484
[2026-06-25 23:43:05,811][root][INFO] - Val leaf stats: tensor([1.6667e-04, 0.0000e+00, 1.0467e-01, 2.6667e-03, 0.0000e+00, 8.3333e-04,
        2.9283e-01, 2.4500e-02, 0.0000e+00, 0.0000e+00, 2.0000e-02, 8.3333e-04,
        4.6333e-01, 9.0000e-02, 0.0000e+00, 1.6667e-04])
[2026-06-25 23:43:05,948][root][INFO] - reg loss: 8.015928984949829, entropy loss: 0.2330190555128471, leaf dev: 0.07390771061182022
[2026-06-25 23:43:05,949][root][INFO] - Val leaf stats: tensor([0.0017, 0.1138, 0.0005, 0.1340, 0.0027, 0.1313, 0.0009, 0.0289, 0.0005,
        0.0657, 0.0504, 0.2452, 0.1539, 0.0007, 0.0688, 0.0008])
[2026-06-25 23:43:06,494][root][INFO] - reg loss: 9.158176992305371, entropy loss: 0.346605666257717, leaf dev: 0.0708330050110817
[2026-06-25 23:43:06,495][root][INFO] - Val leaf stats: tensor([0.0040, 0.0008, 0.0007, 0.0752, 0.0684, 0.1611, 0.1038, 0.0242, 0.0008,
        0.1658, 0.0038, 0.0131, 0.1402, 0.0012, 0.0327, 0.2042])
[2026-06-25 23:43:06,970][root][INFO] - reg loss: 9.153586160568963, entropy loss: 0.33554254685129437, leaf dev: 0.08112049847841263
[2026-06-25 23:43:06,971][root][INFO] - Val leaf stats: tensor([0.0399, 0.0711, 0.0075, 0.1482, 0.0034, 0.0697, 0.0035, 0.0274, 0.0006,
        0.1369, 0.0030, 0.1652, 0.2823, 0.0076, 0.0334, 0.0006])
[2026-06-25 23:43:07,919][root][INFO] - Epoch: 1 | train acc: 0.7926, train loss: 1.00045275, valid acc: 0.7229, valid loss: 0.70242988, test acc: 0.7414, test loss: 0.77979542
[2026-06-25 23:43:08,736][root][INFO] - Epoch: 1 | train acc: 0.8066, train loss: 1.84976799, valid acc: 0.7154, valid loss: 0.74934311, test acc: 0.7567, test loss: 0.67338373
[2026-06-25 23:43:10,348][root][INFO] - Epoch: 2 | train acc: 0.8588, train loss: 0.42835630, valid acc: 0.8666, valid loss: 0.41422607, test acc: 0.8747, test loss: 0.51690913
[2026-06-25 23:43:10,560][root][INFO] - reg loss: 9.10084291992995, entropy loss: 0.39198928629910507, leaf dev: 0.10061324387788773
[2026-06-25 23:43:10,561][root][INFO] - Val leaf stats: tensor([0.0277, 0.0006, 0.0017, 0.0078, 0.0026, 0.0089, 0.1845, 0.0328, 0.0127,
        0.3647, 0.0016, 0.1181, 0.0099, 0.0593, 0.0010, 0.1660])
[2026-06-25 23:43:11,178][root][INFO] - reg loss: 9.10098941490133, entropy loss: 0.3172981687008388, leaf dev: 0.10520065575838089
[2026-06-25 23:43:11,179][root][INFO] - Val leaf stats: tensor([2.6233e-01, 1.8678e-04, 1.3074e-03, 9.3388e-05, 5.5379e-02, 2.7923e-02,
        3.7075e-01, 4.7441e-02, 4.2959e-03, 8.4049e-04, 8.1434e-02, 2.0172e-02,
        9.2548e-02, 1.4755e-02, 3.7355e-03, 1.6810e-02])
[2026-06-25 23:43:12,356][root][INFO] - Epoch: 1 | train acc: 0.8178, train loss: 1.09282018, valid acc: 0.8287, valid loss: 0.49237902, test acc: 0.8236, test loss: 0.84261609
[2026-06-25 23:43:12,971][root][INFO] - Epoch: 15 | train acc: 0.9306, train loss: 0.23684824, valid acc: 0.8938, valid loss: 0.35601802, test acc: 0.8992, test loss: 0.34398823
[2026-06-25 23:43:13,390][root][INFO] - reg loss: 9.011187386891198, entropy loss: 0.371374353529915, leaf dev: 0.07004436105489731
[2026-06-25 23:43:13,391][root][INFO] - Val leaf stats: tensor([0.1203, 0.1929, 0.0023, 0.1145, 0.0006, 0.0708, 0.0606, 0.0073, 0.0041,
        0.1237, 0.0007, 0.1911, 0.1034, 0.0035, 0.0013, 0.0028])
[2026-06-25 23:43:13,489][root][INFO] - Epoch: 15 | train acc: 0.9169, train loss: 0.93093693, valid acc: 0.8983, valid loss: 0.36800812, test acc: 0.9005, test loss: 0.35510911
[2026-06-25 23:43:14,905][root][INFO] - Epoch: 16 | train acc: 0.9315, train loss: 1.14559505, valid acc: 0.9167, valid loss: 0.29318836, test acc: 0.9196, test loss: 0.28391988
[2026-06-25 23:43:14,990][root][INFO] - reg loss: 8.034323046447108, entropy loss: 0.2768250659660057, leaf dev: 0.09658610075712204
[2026-06-25 23:43:14,991][root][INFO] - Val leaf stats: tensor([1.2140e-03, 3.6029e-01, 1.8678e-04, 1.3046e-01, 9.3388e-04, 7.0134e-02,
        9.6190e-03, 4.6694e-04, 2.5215e-03, 5.7901e-02, 2.4841e-02, 1.4578e-01,
        1.5474e-01, 2.1479e-03, 3.7542e-02, 1.2140e-03])
[2026-06-25 23:43:16,155][root][INFO] - reg loss: 6.698302930256106, entropy loss: 0.3488844560002381, leaf dev: 0.08391351252794266
[2026-06-25 23:43:16,156][root][INFO] - Val leaf stats: tensor([0.1192, 0.0778, 0.2187, 0.2433, 0.0655, 0.0003, 0.0000, 0.0010, 0.0000,
        0.0025, 0.1212, 0.1478, 0.0000, 0.0013, 0.0013, 0.0000])
[2026-06-25 23:43:16,569][root][INFO] - reg loss: 6.543207469976173, entropy loss: 0.15901823608942753, leaf dev: 0.09829142689704895
[2026-06-25 23:43:16,570][root][INFO] - Val leaf stats: tensor([0.0000, 0.2515, 0.2458, 0.0000, 0.1743, 0.0000, 0.2188, 0.0638, 0.0047,
        0.0032, 0.0367, 0.0007, 0.0000, 0.0005, 0.0000, 0.0000])
[2026-06-25 23:43:17,813][root][INFO] - Epoch: 1 | train acc: 0.8093, train loss: 0.93235316, valid acc: 0.8336, valid loss: 0.49077000, test acc: 0.8523, test loss: 0.44035203
[2026-06-25 23:43:17,936][root][INFO] - reg loss: 5.862803594121393, entropy loss: 0.11352730148805762, leaf dev: 0.09262805432081223
[2026-06-25 23:43:17,937][root][INFO] - Val leaf stats: tensor([0.0000, 0.0000, 0.1812, 0.0085, 0.0530, 0.0000, 0.0000, 0.0000, 0.1557,
        0.0000, 0.1910, 0.1112, 0.0000, 0.0123, 0.0003, 0.2868])
[2026-06-25 23:43:18,082][root][INFO] - Epoch: 1 | train acc: 0.7956, train loss: 2.75570986, valid acc: 0.7337, valid loss: 0.67133499, test acc: 0.7894, test loss: 0.56273140
[2026-06-25 23:43:20,520][root][INFO] - reg loss: 9.618254823028726, entropy loss: 0.36398500661370614, leaf dev: 0.05665503069758415
[2026-06-25 23:43:20,522][root][INFO] - Val leaf stats: tensor([5.6033e-04, 3.9410e-02, 1.1207e-03, 9.1894e-02, 3.9223e-03, 8.9839e-02,
        8.4236e-02, 3.6141e-02, 6.2944e-02, 1.7837e-01, 3.3153e-02, 9.6937e-02,
        1.3784e-01, 6.2570e-03, 1.3728e-01, 9.3388e-05])
[2026-06-25 23:43:20,619][root][INFO] - reg loss: 8.340015802433882, entropy loss: 0.27033659460998716, leaf dev: 0.09672079235315323
[2026-06-25 23:43:20,620][root][INFO] - Val leaf stats: tensor([2.6149e-02, 6.5372e-04, 8.5917e-03, 2.4281e-02, 6.8453e-02, 1.8360e-01,
        3.2677e-01, 4.6694e-02, 6.5372e-04, 0.0000e+00, 8.9186e-02, 2.1479e-01,
        9.3388e-05, 3.7355e-03, 3.7355e-03, 2.6149e-03])
[2026-06-25 23:43:21,728][root][INFO] - Epoch: 15 | train acc: 0.8898, train loss: 1.08020873, valid acc: 0.8558, valid loss: 0.44949292, test acc: 0.8686, test loss: 0.42895901
[2026-06-25 23:43:23,410][root][INFO] - Epoch: 16 | train acc: 0.9118, train loss: 0.42403219, valid acc: 0.9020, valid loss: 0.33203346, test acc: 0.9058, test loss: 0.32145988
[2026-06-25 23:43:25,436][root][INFO] - reg loss: 5.650974925958885, entropy loss: 0.08853884294347943, leaf dev: 0.11062629520893097
[2026-06-25 23:43:25,437][root][INFO] - Val leaf stats: tensor([0.3185, 0.3127, 0.0017, 0.0000, 0.0612, 0.0000, 0.0000, 0.1627, 0.0000,
        0.0062, 0.0000, 0.0000, 0.0085, 0.1287, 0.0000, 0.0000])
[2026-06-25 23:43:25,712][root][INFO] - Epoch: 16 | train acc: 0.9215, train loss: 0.57319662, valid acc: 0.8980, valid loss: 0.33124439, test acc: 0.9072, test loss: 0.31832616
[2026-06-25 23:43:26,991][root][INFO] - reg loss: 6.170338099857546, entropy loss: 0.25799957648763117, leaf dev: 0.08824242651462555
[2026-06-25 23:43:26,992][root][INFO] - Val leaf stats: tensor([2.0867e-01, 9.2833e-02, 1.8767e-01, 0.0000e+00, 2.0000e-03, 4.8333e-03,
        1.6667e-04, 3.3333e-04, 1.6983e-01, 1.0000e-03, 1.0300e-01, 2.2900e-01,
        0.0000e+00, 0.0000e+00, 0.0000e+00, 6.6667e-04])
[2026-06-25 23:43:29,412][root][INFO] - reg loss: 6.238020316609797, entropy loss: 0.15320587931376584, leaf dev: 0.08453638106584549
[2026-06-25 23:43:29,413][root][INFO] - Val leaf stats: tensor([0.0000, 0.0000, 0.0022, 0.0000, 0.1975, 0.0238, 0.0258, 0.2173, 0.0053,
        0.1298, 0.0000, 0.0048, 0.0932, 0.2262, 0.0740, 0.0000])
[2026-06-25 23:43:31,856][root][INFO] - Epoch: 16 | train acc: 0.8918, train loss: 0.45910377, valid acc: 0.8757, valid loss: 0.42981153, test acc: 0.8808, test loss: 0.39986882
[2026-06-25 23:43:32,482][root][INFO] - Epoch: 49 | train acc: 0.9595, train loss: 0.54471911, valid acc: 0.9417, valid loss: 0.21120997, test acc: 0.9194, test loss: 3.25092519
[2026-06-25 23:43:35,455][root][INFO] - Epoch: 2 | train acc: 0.8720, train loss: 0.55342255, valid acc: 0.8641, valid loss: 0.41549860, test acc: 0.8554, test loss: 0.47968790
[2026-06-25 23:43:35,560][root][INFO] - reg loss: 6.056452782648914, entropy loss: 0.19620751786344456, leaf dev: 0.09684814512729645
[2026-06-25 23:43:35,561][root][INFO] - Val leaf stats: tensor([8.3333e-04, 1.0000e-03, 1.9017e-01, 5.1667e-03, 0.0000e+00, 3.8000e-02,
        2.9283e-01, 7.2000e-02, 0.0000e+00, 1.6667e-04, 1.3500e-02, 5.0000e-04,
        1.9467e-01, 1.9117e-01, 0.0000e+00, 0.0000e+00])
[2026-06-25 23:43:35,974][root][INFO] - reg loss: 5.323679502678926, entropy loss: 0.10089387011433405, leaf dev: 0.04772954061627388
[2026-06-25 23:43:35,975][root][INFO] - Val leaf stats: tensor([0.1066, 0.1150, 0.0523, 0.0959, 0.0007, 0.0798, 0.1162, 0.0668, 0.0015,
        0.0701, 0.0244, 0.1526, 0.0392, 0.0035, 0.0742, 0.0015])
[2026-06-25 23:43:36,917][root][INFO] - Epoch: 2 | train acc: 0.8390, train loss: 2.01858429, valid acc: 0.8375, valid loss: 0.47571462, test acc: 0.8557, test loss: 0.45403591
[2026-06-25 23:43:37,488][root][INFO] - Epoch: 2 | train acc: 0.8707, train loss: 1.03269976, valid acc: 0.8774, valid loss: 0.37932178, test acc: 0.8720, test loss: 0.47640893
[2026-06-25 23:43:37,950][root][INFO] - reg loss: 9.103323729580673, entropy loss: 0.31321177690748186, leaf dev: 0.07051613926887512
[2026-06-25 23:43:37,951][root][INFO] - Val leaf stats: tensor([0.0603, 0.0754, 0.0350, 0.1689, 0.0031, 0.0689, 0.0092, 0.0292, 0.0008,
        0.0888, 0.0072, 0.1744, 0.2297, 0.0161, 0.0304, 0.0026])
[2026-06-25 23:43:38,367][root][INFO] - Val leaf stats: tensor([0.1066, 0.1150, 0.0523, 0.0959, 0.0007, 0.0798, 0.1162, 0.0668, 0.0015,
        0.0701, 0.0244, 0.1526, 0.0392, 0.0035, 0.0742, 0.0015])
[2026-06-25 23:43:39,574][root][INFO] - reg loss: 7.209118106377819, entropy loss: 0.19135873886958632, leaf dev: 0.07777386903762817
[2026-06-25 23:43:39,575][root][INFO] - Val leaf stats: tensor([2.0545e-03, 1.2645e-01, 3.7355e-04, 1.6212e-01, 3.0818e-03, 1.0964e-01,
        9.3388e-04, 4.2025e-02, 7.4710e-04, 4.5760e-02, 2.5495e-02, 1.2682e-01,
        2.6560e-01, 5.6033e-04, 8.8252e-02, 9.3388e-05])
[2026-06-25 23:43:39,860][root][INFO] - reg loss: 8.22341371717907, entropy loss: 0.3148908585152298, leaf dev: 0.06551231443881989
[2026-06-25 23:43:39,861][root][INFO] - Val leaf stats: tensor([0.0035, 0.0008, 0.0015, 0.0879, 0.0677, 0.1377, 0.1461, 0.0329, 0.0007,
        0.1595, 0.0028, 0.0218, 0.1371, 0.0016, 0.0330, 0.1655])
[2026-06-25 23:43:40,870][root][INFO] - Epoch: 2 | train acc: 0.8392, train loss: 0.83772734, valid acc: 0.8524, valid loss: 0.45803282, test acc: 0.8603, test loss: 0.50870080
[2026-06-25 23:43:41,487][root][INFO] - Epoch: 2 | train acc: 0.8342, train loss: 1.53930751, valid acc: 0.8128, valid loss: 0.56623353, test acc: 0.7917, test loss: 0.74406081
[2026-06-25 23:43:43,125][root][INFO] - reg loss: 7.884341681445086, entropy loss: 0.3249357434176894, leaf dev: 0.09436339139938354
[2026-06-25 23:43:43,127][root][INFO] - Val leaf stats: tensor([2.9230e-02, 1.8678e-04, 1.9612e-03, 3.6421e-03, 5.7994e-02, 9.8991e-03,
        1.9976e-01, 4.4359e-02, 1.1860e-02, 3.4993e-01, 8.4049e-04, 1.2607e-01,
        4.1091e-02, 2.6149e-02, 2.1479e-03, 9.4882e-02])
[2026-06-25 23:43:43,194][root][INFO] - Epoch: 16 | train acc: 0.9250, train loss: 0.25707905, valid acc: 0.9102, valid loss: 0.30062443, test acc: 0.9144, test loss: 0.30005364
[2026-06-25 23:43:43,749][root][INFO] - Test leaf std: 0.058029722422361374, Val leaf std: 0.04772954061627388
[2026-06-25 23:43:43,809][root][INFO] - Epoch: 16 | train acc: 0.9215, train loss: 0.90580546, valid acc: 0.9005, valid loss: 0.34713753, test acc: 0.9070, test loss: 0.32576953
[2026-06-25 23:43:44,014][root][INFO] - reg loss: 7.665710709082386, entropy loss: 0.25994266719414444, leaf dev: 0.08447721600532532
[2026-06-25 23:43:44,014][root][INFO] - Val leaf stats: tensor([1.2290e-01, 9.3388e-05, 2.0545e-03, 0.0000e+00, 6.8547e-02, 2.7456e-02,
        3.2294e-01, 3.0351e-02, 5.3231e-03, 4.2025e-03, 1.3280e-01, 1.2262e-01,
        9.2174e-02, 1.8678e-03, 4.6321e-02, 2.0359e-02])
[2026-06-25 23:43:44,298][root][INFO] - Epoch: 3 | train acc: 0.8889, train loss: 0.35233086, valid acc: 0.8947, valid loss: 0.34165171, test acc: 0.8943, test loss: 0.50757818
[2026-06-25 23:43:44,849][root][INFO] - Epoch: 2 | train acc: 0.8522, train loss: 0.93125309, valid acc: 0.8510, valid loss: 0.43720677, test acc: 0.8263, test loss: 1.16503599
[2026-06-25 23:43:46,106][root][INFO] - Epoch: 17 | train acc: 0.9201, train loss: 1.15964901, valid acc: 0.7930, valid loss: 0.57458798, test acc: 0.8008, test loss: 0.57152899
[2026-06-25 23:43:46,685][root][INFO] - reg loss: 8.908715550861661, entropy loss: 0.3479612006081475, leaf dev: 0.07673525810241699
[2026-06-25 23:43:46,686][root][INFO] - Val leaf stats: tensor([0.2551, 0.0520, 0.0022, 0.1518, 0.0006, 0.0703, 0.0525, 0.0116, 0.0076,
        0.1246, 0.0007, 0.1636, 0.0989, 0.0036, 0.0018, 0.0032])
[2026-06-25 23:43:46,918][root][INFO] - reg loss: 6.628582306627957, entropy loss: 0.34689445934205687, leaf dev: 0.08130748569965363
[2026-06-25 23:43:46,920][root][INFO] - Val leaf stats: tensor([0.0763, 0.0492, 0.1542, 0.1728, 0.1013, 0.0005, 0.0007, 0.0027, 0.0000,
        0.0065, 0.1933, 0.2280, 0.0000, 0.0072, 0.0070, 0.0003])
[2026-06-25 23:43:47,448][root][INFO] - reg loss: 7.472165032038613, entropy loss: 0.24710161376882483, leaf dev: 0.09156373888254166
[2026-06-25 23:43:47,449][root][INFO] - Val leaf stats: tensor([0.0011, 0.3409, 0.0005, 0.1511, 0.0010, 0.0710, 0.0368, 0.0035, 0.0021,
        0.0648, 0.0177, 0.1440, 0.1287, 0.0043, 0.0316, 0.0009])
[2026-06-25 23:43:47,612][root][INFO] - reg loss: 6.536371595454666, entropy loss: 0.15732511301647942, leaf dev: 0.08530958741903305
[2026-06-25 23:43:47,613][root][INFO] - Val leaf stats: tensor([0.0000, 0.1705, 0.2748, 0.0003, 0.1652, 0.0000, 0.1448, 0.0995, 0.0165,
        0.0455, 0.0810, 0.0008, 0.0000, 0.0010, 0.0000, 0.0000])
[2026-06-25 23:43:48,643][root][INFO] - Epoch: 2 | train acc: 0.8629, train loss: 0.75769657, valid acc: 0.8634, valid loss: 0.42063025, test acc: 0.8699, test loss: 0.52188160
[2026-06-25 23:43:49,752][root][INFO] - reg loss: 5.855182899619049, entropy loss: 0.11102934898632877, leaf dev: 0.10487707704305649
[2026-06-25 23:43:49,753][root][INFO] - Val leaf stats: tensor([0.0000, 0.0000, 0.1913, 0.0097, 0.0573, 0.0000, 0.0000, 0.0000, 0.2175,
        0.0000, 0.3485, 0.1292, 0.0000, 0.0000, 0.0012, 0.0453])
[2026-06-25 23:43:49,985][root][INFO] - FINAL TEST | acc: 0.9194, loss: 3.2509, 
[2026-06-25 23:43:50,166][root][INFO] - MLFlow run ID: 734117eb16164782b0e0dd04a193a8e3, status: FINISHED
[2026-06-25 23:43:51,329][root][INFO] - reg loss: 9.805236776039083, entropy loss: 0.34578050050155196, leaf dev: 0.0713738277554512
[2026-06-25 23:43:51,331][root][INFO] - Val leaf stats: tensor([0.0010, 0.0483, 0.0015, 0.1018, 0.0057, 0.1068, 0.0374, 0.0303, 0.0573,
        0.2808, 0.0738, 0.1027, 0.1167, 0.0131, 0.0228, 0.0000])
[2026-06-25 23:43:51,339][root][INFO] - Epoch: 16 | train acc: 0.9021, train loss: 1.04623870, valid acc: 0.8832, valid loss: 0.39311214, test acc: 0.8906, test loss: 0.37574780
[2026-06-25 23:43:51,486][root][INFO] - Epoch: 2 | train acc: 0.8335, train loss: 2.28649262, valid acc: 0.8145, valid loss: 0.49228314, test acc: 0.7746, test loss: 0.58870083
[2026-06-25 23:43:54,294][root][INFO] - reg loss: 7.449351399033158, entropy loss: 0.2232539011214776, leaf dev: 0.07242341339588165
[2026-06-25 23:43:54,295][root][INFO] - Val leaf stats: tensor([0.0983, 0.0010, 0.0070, 0.0290, 0.0682, 0.1479, 0.1550, 0.1175, 0.0005,
        0.0000, 0.1528, 0.2069, 0.0007, 0.0043, 0.0061, 0.0048])
[2026-06-25 23:43:54,657][root][INFO] - reg loss: 5.685208113688343, entropy loss: 0.08971040224972761, leaf dev: 0.09779734909534454
[2026-06-25 23:43:54,658][root][INFO] - Val leaf stats: tensor([0.2228, 0.2747, 0.0008, 0.0000, 0.1247, 0.0000, 0.0000, 0.2047, 0.0000,
        0.0060, 0.0000, 0.0000, 0.0140, 0.1523, 0.0000, 0.0000])
[2026-06-25 23:43:54,803][root][INFO] - Epoch: 17 | train acc: 0.9221, train loss: 0.39194749, valid acc: 0.9123, valid loss: 0.31236572, test acc: 0.9062, test loss: 0.31856038
[2026-06-25 23:43:58,093][root][INFO] - Epoch: 17 | train acc: 0.9303, train loss: 0.53756433, valid acc: 0.9118, valid loss: 0.30222530, test acc: 0.9160, test loss: 0.29130451
[2026-06-25 23:43:58,989][root][INFO] - reg loss: 6.167950652680307, entropy loss: 0.25396757446370033, leaf dev: 0.08776658773422241
[2026-06-25 23:43:58,990][root][INFO] - Val leaf stats: tensor([1.5383e-01, 6.6500e-02, 2.2817e-01, 0.0000e+00, 1.8333e-03, 4.0000e-03,
        3.3333e-04, 1.6667e-04, 1.8500e-01, 1.3333e-03, 1.6500e-01, 1.9083e-01,
        0.0000e+00, 0.0000e+00, 0.0000e+00, 3.0000e-03])
[2026-06-25 23:44:01,892][root][INFO] - reg loss: 6.2115333710076674, entropy loss: 0.14811348943215497, leaf dev: 0.08084125071763992
[2026-06-25 23:44:01,893][root][INFO] - Val leaf stats: tensor([0.0000, 0.0000, 0.0030, 0.0000, 0.1488, 0.0247, 0.0372, 0.2065, 0.0013,
        0.1418, 0.0000, 0.0068, 0.0703, 0.2245, 0.1350, 0.0000])
[2026-06-25 23:44:02,311][root][INFO] - Epoch: 17 | train acc: 0.9067, train loss: 0.40885997, valid acc: 0.8902, valid loss: 0.36987064, test acc: 0.8989, test loss: 0.34894125
[2026-06-25 23:44:06,420][root][INFO] - reg loss: 6.255514576749982, entropy loss: 0.2058368464404682, leaf dev: 0.08780970424413681
[2026-06-25 23:44:06,421][root][INFO] - Val leaf stats: tensor([3.3333e-04, 1.0000e-03, 2.0533e-01, 1.0833e-02, 1.6667e-04, 7.3000e-02,
        2.1383e-01, 8.3833e-02, 0.0000e+00, 1.6667e-04, 1.7000e-02, 1.1667e-03,
        1.8800e-01, 2.0533e-01, 0.0000e+00, 0.0000e+00])
[2026-06-25 23:44:06,917][root][INFO] - Epoch: 3 | train acc: 0.8399, train loss: 0.61450452, valid acc: 0.8325, valid loss: 0.49044075, test acc: 0.8087, test loss: 0.55549116
[2026-06-25 23:44:08,185][root][INFO] - Epoch: 3 | train acc: 0.8628, train loss: 1.80099824, valid acc: 0.8470, valid loss: 0.44157712, test acc: 0.8545, test loss: 0.45671576
[2026-06-25 23:44:09,056][root][INFO] - reg loss: 7.568645792663412, entropy loss: 0.28188303317973223, leaf dev: 0.07397899776697159
[2026-06-25 23:44:09,057][root][INFO] - Val leaf stats: tensor([1.0114e-01, 1.6250e-02, 1.5409e-02, 1.5652e-01, 3.2686e-03, 7.1442e-02,
        1.5129e-02, 9.4509e-02, 8.4049e-04, 7.1162e-02, 3.2686e-03, 3.2966e-02,
        2.4729e-01, 4.1091e-03, 1.6660e-01, 9.3388e-05])
[2026-06-25 23:44:10,350][root][INFO] - reg loss: 6.88214885368549, entropy loss: 0.17322687402604117, leaf dev: 0.07942759245634079
[2026-06-25 23:44:10,351][root][INFO] - Val leaf stats: tensor([2.9884e-03, 1.1814e-01, 4.6694e-04, 1.9537e-01, 2.9884e-03, 7.9753e-02,
        9.3388e-04, 4.1091e-02, 9.3388e-04, 5.3511e-02, 4.0437e-02, 1.1739e-01,
        2.7017e-01, 4.6694e-04, 7.5271e-02, 9.3388e-05])
[2026-06-25 23:44:10,428][root][INFO] - Epoch: 3 | train acc: 0.8835, train loss: 0.95781760, valid acc: 0.8721, valid loss: 0.40444073, test acc: 0.8718, test loss: 0.50909270
[2026-06-25 23:44:11,346][root][INFO] - Epoch: 3 | train acc: 0.8575, train loss: 0.73732348, valid acc: 0.8117, valid loss: 0.53719875, test acc: 0.7742, test loss: 0.69481432
[2026-06-25 23:44:12,806][root][INFO] - Epoch: 17 | train acc: 0.9309, train loss: 0.24336862, valid acc: 0.9212, valid loss: 0.27560480, test acc: 0.9230, test loss: 0.27494738
[2026-06-25 23:44:12,920][root][INFO] - reg loss: 7.847996139021777, entropy loss: 0.29150949394892134, leaf dev: 0.08114662766456604
[2026-06-25 23:44:12,921][root][INFO] - Val leaf stats: tensor([0.0021, 0.0012, 0.0028, 0.0711, 0.0686, 0.2795, 0.0342, 0.0386, 0.0015,
        0.1686, 0.0008, 0.0159, 0.1244, 0.0021, 0.0282, 0.1605])
[2026-06-25 23:44:13,760][root][INFO] - reg loss: 7.588153728101619, entropy loss: 0.2972504947551344, leaf dev: 0.08722298592329025
[2026-06-25 23:44:13,761][root][INFO] - Val leaf stats: tensor([2.1946e-02, 9.3388e-05, 1.7744e-03, 5.0430e-03, 5.8554e-02, 1.1393e-02,
        5.2671e-02, 2.2161e-01, 1.1580e-02, 2.7456e-01, 2.6149e-03, 1.1038e-01,
        2.8110e-02, 1.9425e-02, 1.9612e-03, 1.7828e-01])
[2026-06-25 23:44:14,347][root][INFO] - Epoch: 17 | train acc: 0.9249, train loss: 0.89295688, valid acc: 0.9060, valid loss: 0.32794046, test acc: 0.9148, test loss: 0.30642190
[2026-06-25 23:44:14,563][root][INFO] - Epoch: 3 | train acc: 0.8209, train loss: 1.44844840, valid acc: 0.8346, valid loss: 0.47697069, test acc: 0.8271, test loss: 0.67846177
[2026-06-25 23:44:16,301][root][INFO] - reg loss: 6.665238726813838, entropy loss: 0.34779473464444, leaf dev: 0.07561951875686646
[2026-06-25 23:44:16,302][root][INFO] - Val leaf stats: tensor([9.5500e-02, 6.5167e-02, 1.8967e-01, 1.7667e-01, 9.7667e-02, 1.0000e-03,
        5.0000e-04, 5.0000e-03, 0.0000e+00, 1.6667e-04, 1.3617e-01, 1.9750e-01,
        0.0000e+00, 1.4500e-02, 2.0000e-02, 5.0000e-04])
[2026-06-25 23:44:16,773][root][INFO] - Epoch: 18 | train acc: 0.9132, train loss: 1.16081977, valid acc: 0.9007, valid loss: 0.33449709, test acc: 0.9060, test loss: 0.32331963
[2026-06-25 23:44:16,910][root][INFO] - Epoch: 4 | train acc: 0.8927, train loss: 0.34390250, valid acc: 0.8765, valid loss: 0.38302743, test acc: 0.8535, test loss: 0.67374027
[2026-06-25 23:44:17,121][root][INFO] - reg loss: 7.431005553593711, entropy loss: 0.23867665467754243, leaf dev: 0.08933445811271667
[2026-06-25 23:44:17,122][root][INFO] - Val leaf stats: tensor([5.3978e-02, 9.3388e-05, 2.6149e-03, 1.8678e-04, 6.8267e-02, 2.6989e-02,
        3.5880e-01, 4.4266e-02, 4.4826e-03, 5.1363e-03, 4.8842e-02, 1.0357e-01,
        1.1001e-01, 2.1479e-03, 1.2645e-01, 4.4173e-02])
[2026-06-25 23:44:17,461][root][INFO] - Epoch: 3 | train acc: 0.8778, train loss: 0.83732398, valid acc: 0.8686, valid loss: 0.37544193, test acc: 0.8429, test loss: 1.24942798
[2026-06-25 23:44:17,813][root][INFO] - reg loss: 6.542225576796621, entropy loss: 0.15750098664243267, leaf dev: 0.08514747768640518
[2026-06-25 23:44:17,814][root][INFO] - Val leaf stats: tensor([0.0000, 0.1935, 0.2823, 0.0003, 0.1468, 0.0000, 0.1120, 0.0793, 0.0242,
        0.0637, 0.0952, 0.0005, 0.0000, 0.0022, 0.0000, 0.0000])
[2026-06-25 23:44:19,752][root][INFO] - reg loss: 8.504379729114513, entropy loss: 0.3330801193991666, leaf dev: 0.08052908629179001
[2026-06-25 23:44:19,753][root][INFO] - Val leaf stats: tensor([0.2443, 0.0211, 0.0031, 0.1814, 0.0005, 0.0689, 0.0180, 0.0045, 0.0336,
        0.1212, 0.0020, 0.1849, 0.1077, 0.0049, 0.0007, 0.0032])
[2026-06-25 23:44:19,846][root][INFO] - reg loss: 7.456172632792639, entropy loss: 0.23477397275664819, leaf dev: 0.08946513384580612
[2026-06-25 23:44:19,847][root][INFO] - Val leaf stats: tensor([7.1909e-03, 3.1509e-01, 2.8016e-04, 1.8463e-01, 6.5372e-04, 7.0508e-02,
        2.4654e-02, 1.5876e-03, 2.4281e-03, 6.6866e-02, 1.0179e-02, 1.4643e-01,
        1.2785e-01, 7.0975e-03, 3.3713e-02, 8.4049e-04])
[2026-06-25 23:44:20,197][root][INFO] - Epoch: 17 | train acc: 0.9081, train loss: 1.05462325, valid acc: 0.8848, valid loss: 0.39027498, test acc: 0.8898, test loss: 0.36893189
[2026-06-25 23:44:20,445][root][INFO] - reg loss: 5.8993773145495725, entropy loss: 0.10617265189593693, leaf dev: 0.08755694329738617
[2026-06-25 23:44:20,446][root][INFO] - Val leaf stats: tensor([0.0000, 0.0000, 0.1982, 0.0128, 0.0613, 0.0000, 0.0000, 0.0000, 0.1775,
        0.0000, 0.2025, 0.1393, 0.0000, 0.0012, 0.0013, 0.2058])
[2026-06-25 23:44:21,371][root][INFO] - Epoch: 3 | train acc: 0.8522, train loss: 0.79167527, valid acc: 0.8691, valid loss: 0.40398655, test acc: 0.8618, test loss: 0.44367631
[2026-06-25 23:44:23,178][root][INFO] - Epoch: 3 | train acc: 0.8238, train loss: 2.06097341, valid acc: 0.6711, valid loss: 0.77341537, test acc: 0.6729, test loss: 0.77567438
[2026-06-25 23:44:23,433][root][INFO] - reg loss: 9.20619960058303, entropy loss: 0.3234113282942898, leaf dev: 0.06732099503278732
[2026-06-25 23:44:23,434][root][INFO] - Val leaf stats: tensor([0.0006, 0.0584, 0.0017, 0.1249, 0.0044, 0.0807, 0.1168, 0.0373, 0.0448,
        0.0557, 0.0407, 0.1067, 0.2632, 0.0129, 0.0482, 0.0032])
[2026-06-25 23:44:24,072][root][INFO] - reg loss: 5.749369936169319, entropy loss: 0.09215371563749493, leaf dev: 0.09617201238870621
[2026-06-25 23:44:24,073][root][INFO] - Val leaf stats: tensor([0.2015, 0.2728, 0.0010, 0.0000, 0.1098, 0.0000, 0.0000, 0.1540, 0.0000,
        0.0098, 0.0000, 0.0000, 0.0285, 0.2225, 0.0000, 0.0000])
[2026-06-25 23:44:25,332][root][INFO] - reg loss: 6.966321803905346, entropy loss: 0.19615067786009854, leaf dev: 0.1186082735657692
[2026-06-25 23:44:25,333][root][INFO] - Val leaf stats: tensor([3.8569e-02, 8.4049e-04, 6.5372e-03, 2.2973e-02, 6.8547e-02, 9.1520e-03,
        1.0254e-01, 9.5162e-02, 3.7355e-04, 9.3388e-05, 1.5913e-01, 4.7068e-01,
        7.4710e-04, 2.8016e-03, 1.0459e-02, 1.1393e-02])
[2026-06-25 23:44:25,814][root][INFO] - Epoch: 18 | train acc: 0.9260, train loss: 0.37266467, valid acc: 0.9232, valid loss: 0.28485910, test acc: 0.9164, test loss: 0.28717140
[2026-06-25 23:44:28,868][root][INFO] - Epoch: 18 | train acc: 0.9343, train loss: 0.51855934, valid acc: 0.9152, valid loss: 0.29349977, test acc: 0.9198, test loss: 0.27541360
[2026-06-25 23:44:29,505][root][INFO] - reg loss: 6.2396246802132085, entropy loss: 0.2492862786605673, leaf dev: 0.08789370954036713
[2026-06-25 23:44:29,506][root][INFO] - Val leaf stats: tensor([0.1182, 0.0650, 0.2097, 0.0000, 0.0017, 0.0080, 0.0008, 0.0000, 0.1912,
        0.0023, 0.1655, 0.2283, 0.0000, 0.0000, 0.0000, 0.0093])
[2026-06-25 23:44:33,039][root][INFO] - reg loss: 6.1807753724871946, entropy loss: 0.14604740899126484, leaf dev: 0.0822739526629448
[2026-06-25 23:44:33,041][root][INFO] - Val leaf stats: tensor([0.0000, 0.0000, 0.0043, 0.0000, 0.1628, 0.0265, 0.0252, 0.2165, 0.0000,
        0.1383, 0.0000, 0.0072, 0.0717, 0.2217, 0.1258, 0.0000])
[2026-06-25 23:44:33,230][root][INFO] - Epoch: 18 | train acc: 0.9148, train loss: 0.38965754, valid acc: 0.8950, valid loss: 0.35410523, test acc: 0.9027, test loss: 0.32641185
[2026-06-25 23:44:37,201][root][INFO] - reg loss: 6.253171547403875, entropy loss: 0.20554613125211788, leaf dev: 0.09372469782829285
[2026-06-25 23:44:37,202][root][INFO] - Val leaf stats: tensor([1.6667e-04, 8.3333e-04, 2.0617e-01, 2.9333e-02, 0.0000e+00, 3.1667e-03,
        2.1567e-01, 8.3500e-02, 0.0000e+00, 5.0000e-04, 2.0500e-02, 2.0000e-03,
        1.9600e-01, 2.4200e-01, 0.0000e+00, 1.6667e-04])
[2026-06-25 23:44:37,328][root][INFO] - Epoch: 4 | train acc: 0.8884, train loss: 0.48449830, valid acc: 0.8895, valid loss: 0.36428394, test acc: 0.8862, test loss: 0.44439426
[2026-06-25 23:44:39,769][root][INFO] - reg loss: 7.061775204996583, entropy loss: 0.2589742217272047, leaf dev: 0.08709124475717545
[2026-06-25 23:44:39,770][root][INFO] - Val leaf stats: tensor([0.0191, 0.0032, 0.0676, 0.1460, 0.0059, 0.0678, 0.0103, 0.0278, 0.0009,
        0.1112, 0.0030, 0.0533, 0.3281, 0.0085, 0.1469, 0.0004])
[2026-06-25 23:44:40,445][root][INFO] - Epoch: 4 | train acc: 0.8729, train loss: 1.64175345, valid acc: 0.8693, valid loss: 0.40325459, test acc: 0.8624, test loss: 0.52457913
[2026-06-25 23:44:42,262][root][INFO] - Epoch: 18 | train acc: 0.9386, train loss: 0.21167456, valid acc: 0.9208, valid loss: 0.27384242, test acc: 0.9264, test loss: 0.26643396
[2026-06-25 23:44:42,675][root][INFO] - reg loss: 6.694181023451386, entropy loss: 0.15688211821689807, leaf dev: 0.08387275785207748
[2026-06-25 23:44:42,676][root][INFO] - Val leaf stats: tensor([0.0700, 0.1398, 0.0006, 0.1863, 0.0025, 0.0026, 0.0011, 0.0190, 0.0011,
        0.0568, 0.0532, 0.1493, 0.2807, 0.0006, 0.0363, 0.0000])
[2026-06-25 23:44:43,494][root][INFO] - Epoch: 4 | train acc: 0.8825, train loss: 0.90772152, valid acc: 0.8656, valid loss: 0.43154901, test acc: 0.8676, test loss: 0.55867298
[2026-06-25 23:44:43,965][root][INFO] - Epoch: 4 | train acc: 0.8457, train loss: 0.70404468, valid acc: 0.8420, valid loss: 0.45499456, test acc: 0.7879, test loss: 0.79221414
[2026-06-25 23:44:44,429][root][INFO] - Epoch: 18 | train acc: 0.9290, train loss: 0.87569228, valid acc: 0.8987, valid loss: 0.37546216, test acc: 0.9050, test loss: 0.34318070
[2026-06-25 23:44:46,206][root][INFO] - reg loss: 7.076250638911333, entropy loss: 0.27117479651693316, leaf dev: 0.07276362180709839
[2026-06-25 23:44:46,208][root][INFO] - Val leaf stats: tensor([0.0015, 0.0012, 0.0285, 0.1452, 0.0459, 0.1635, 0.0413, 0.0213, 0.0018,
        0.1603, 0.0003, 0.0191, 0.2155, 0.0064, 0.0219, 0.1264])
[2026-06-25 23:44:46,226][root][INFO] - reg loss: 6.691237206728953, entropy loss: 0.3527075724219376, leaf dev: 0.07471466809511185
[2026-06-25 23:44:46,227][root][INFO] - Val leaf stats: tensor([0.0977, 0.0778, 0.1510, 0.1523, 0.0820, 0.0008, 0.0005, 0.0015, 0.0000,
        0.0092, 0.1577, 0.2282, 0.0000, 0.0158, 0.0255, 0.0000])
[2026-06-25 23:44:46,321][root][INFO] - reg loss: 7.102548558875998, entropy loss: 0.27435488991005713, leaf dev: 0.08958463370800018
[2026-06-25 23:44:46,322][root][INFO] - Val leaf stats: tensor([1.7931e-02, 9.3388e-05, 1.8678e-03, 4.4826e-03, 7.0415e-02, 1.3635e-02,
        5.5939e-02, 1.7314e-01, 7.4710e-04, 3.2396e-01, 5.9768e-03, 1.3504e-01,
        2.7083e-02, 2.8390e-02, 1.5876e-03, 1.3971e-01])
[2026-06-25 23:44:47,217][root][INFO] - Epoch: 19 | train acc: 0.9308, train loss: 1.10573014, valid acc: 0.9108, valid loss: 0.31518710, test acc: 0.9147, test loss: 0.32110603
[2026-06-25 23:44:47,606][root][INFO] - Epoch: 4 | train acc: 0.8741, train loss: 1.28564692, valid acc: 0.8161, valid loss: 0.51583352, test acc: 0.8163, test loss: 0.77654252
[2026-06-25 23:44:48,062][root][INFO] - reg loss: 6.594660722984458, entropy loss: 0.15647112268884228, leaf dev: 0.09828262031078339
[2026-06-25 23:44:48,063][root][INFO] - Val leaf stats: tensor([0.0000, 0.2215, 0.3157, 0.0005, 0.1450, 0.0000, 0.1627, 0.0953, 0.0047,
        0.0067, 0.0452, 0.0013, 0.0000, 0.0015, 0.0000, 0.0000])
[2026-06-25 23:44:49,170][root][INFO] - Epoch: 4 | train acc: 0.8795, train loss: 0.78277085, valid acc: 0.8639, valid loss: 0.39636489, test acc: 0.8467, test loss: 1.25309651
[2026-06-25 23:44:49,448][root][INFO] - Epoch: 5 | train acc: 0.8993, train loss: 0.31501030, valid acc: 0.8938, valid loss: 0.33732128, test acc: 0.8952, test loss: 0.61832253
[2026-06-25 23:44:50,586][root][INFO] - reg loss: 7.0126819963808416, entropy loss: 0.21738348183808504, leaf dev: 0.075353242456913
[2026-06-25 23:44:50,586][root][INFO] - Val leaf stats: tensor([7.0975e-02, 0.0000e+00, 2.2413e-03, 1.8678e-04, 6.8827e-02, 2.8483e-02,
        2.7465e-01, 1.1972e-01, 2.6149e-03, 4.8562e-03, 5.2484e-02, 1.4681e-01,
        7.1442e-02, 2.0545e-03, 1.3168e-01, 2.2973e-02])
[2026-06-25 23:44:51,200][root][INFO] - reg loss: 5.837223439846399, entropy loss: 0.10799220872094047, leaf dev: 0.08875484019517899
[2026-06-25 23:44:51,201][root][INFO] - Val leaf stats: tensor([0.0000, 0.0000, 0.2023, 0.0148, 0.0630, 0.0000, 0.0000, 0.0000, 0.1605,
        0.0000, 0.2063, 0.1077, 0.0000, 0.0082, 0.0015, 0.2357])
[2026-06-25 23:44:51,383][root][INFO] - reg loss: 6.939854457895592, entropy loss: 0.21139842705436485, leaf dev: 0.07853182405233383
[2026-06-25 23:44:51,385][root][INFO] - Val leaf stats: tensor([3.4927e-02, 2.8390e-01, 2.8016e-04, 1.6754e-01, 8.4049e-04, 7.0041e-02,
        3.0445e-02, 7.4710e-04, 2.7083e-03, 1.0431e-01, 1.1487e-02, 9.1894e-02,
        7.2936e-02, 7.4710e-03, 1.2019e-01, 2.8016e-04])
[2026-06-25 23:44:51,906][root][INFO] - reg loss: 8.201081634198546, entropy loss: 0.32428954928009596, leaf dev: 0.07252702862024307
[2026-06-25 23:44:51,907][root][INFO] - Val leaf stats: tensor([0.2328, 0.0897, 0.0021, 0.1602, 0.0006, 0.0707, 0.0601, 0.0103, 0.0058,
        0.0875, 0.0015, 0.1538, 0.1157, 0.0023, 0.0038, 0.0031])
[2026-06-25 23:44:52,468][root][INFO] - Epoch: 18 | train acc: 0.9140, train loss: 1.02744879, valid acc: 0.8877, valid loss: 0.38339201, test acc: 0.8930, test loss: 0.35649015
[2026-06-25 23:44:53,352][root][INFO] - Epoch: 4 | train acc: 0.8958, train loss: 0.64457064, valid acc: 0.8908, valid loss: 0.34067755, test acc: 0.8814, test loss: 0.38502121
[2026-06-25 23:44:55,173][root][INFO] - Epoch: 19 | train acc: 0.9256, train loss: 0.37271059, valid acc: 0.9105, valid loss: 0.30701355, test acc: 0.9083, test loss: 0.30791204
[2026-06-25 23:44:55,473][root][INFO] - Epoch: 4 | train acc: 0.8298, train loss: 1.93362270, valid acc: 0.8716, valid loss: 0.42855439, test acc: 0.8357, test loss: 0.53446134
[2026-06-25 23:44:55,803][root][INFO] - reg loss: 8.87156028343887, entropy loss: 0.30707911729181886, leaf dev: 0.06216146796941757
[2026-06-25 23:44:55,804][root][INFO] - Val leaf stats: tensor([0.0015, 0.0282, 0.0017, 0.1014, 0.0049, 0.1076, 0.0865, 0.0945, 0.0687,
        0.0866, 0.0440, 0.0942, 0.2399, 0.0150, 0.0233, 0.0020])
[2026-06-25 23:44:56,561][root][INFO] - reg loss: 5.705443152841532, entropy loss: 0.09173549086136638, leaf dev: 0.09906576573848724
[2026-06-25 23:44:56,562][root][INFO] - Val leaf stats: tensor([0.2085, 0.2743, 0.0010, 0.0000, 0.0920, 0.0000, 0.0000, 0.2020, 0.0000,
        0.0093, 0.0000, 0.0000, 0.0087, 0.2038, 0.0000, 0.0003])
[2026-06-25 23:44:58,015][root][INFO] - reg loss: 6.465287468420765, entropy loss: 0.1816951060105884, leaf dev: 0.0743841901421547
[2026-06-25 23:44:58,016][root][INFO] - Val leaf stats: tensor([7.4804e-02, 9.3388e-05, 6.2570e-03, 3.1005e-02, 6.8267e-02, 1.2822e-01,
        2.0854e-01, 8.3115e-02, 1.4942e-03, 0.0000e+00, 1.6819e-01, 1.9640e-01,
        2.8016e-04, 3.5487e-03, 8.4049e-03, 2.1386e-02])
[2026-06-25 23:44:58,581][root][INFO] - Epoch: 19 | train acc: 0.9310, train loss: 0.52786956, valid acc: 0.9105, valid loss: 0.29589071, test acc: 0.9207, test loss: 0.28039064
[2026-06-25 23:44:59,021][root][INFO] - reg loss: 6.3632885510066775, entropy loss: 0.2530408238746085, leaf dev: 0.08628175407648087
[2026-06-25 23:44:59,022][root][INFO] - Val leaf stats: tensor([1.2717e-01, 6.6500e-02, 2.1100e-01, 0.0000e+00, 1.5000e-03, 9.0000e-03,
        6.6667e-04, 1.6667e-04, 1.2600e-01, 1.6667e-03, 2.1767e-01, 2.1233e-01,
        0.0000e+00, 0.0000e+00, 1.3333e-03, 2.5000e-02])
[2026-06-25 23:45:02,465][root][INFO] - reg loss: 6.140846585327724, entropy loss: 0.14396244667048724, leaf dev: 0.08139367401599884
[2026-06-25 23:45:02,466][root][INFO] - Val leaf stats: tensor([0.0000, 0.0000, 0.0052, 0.0000, 0.1637, 0.0257, 0.0310, 0.2242, 0.0000,
        0.1605, 0.0000, 0.0065, 0.0708, 0.1983, 0.1142, 0.0000])
[2026-06-25 23:45:05,069][root][INFO] - Epoch: 19 | train acc: 0.9171, train loss: 0.36717776, valid acc: 0.8973, valid loss: 0.34658746, test acc: 0.9055, test loss: 0.32161246
[2026-06-25 23:45:08,678][root][INFO] - reg loss: 5.932047263631281, entropy loss: 0.1873715746234048, leaf dev: 0.09484177827835083
[2026-06-25 23:45:08,679][root][INFO] - Val leaf stats: tensor([5.0000e-04, 6.6667e-04, 2.0617e-01, 3.2667e-02, 0.0000e+00, 4.1667e-03,
        1.9417e-01, 8.1667e-02, 0.0000e+00, 1.6667e-04, 1.3667e-02, 8.3333e-04,
        2.5733e-01, 2.0750e-01, 0.0000e+00, 5.0000e-04])
[2026-06-25 23:45:09,180][root][INFO] - Epoch: 5 | train acc: 0.8923, train loss: 0.48112972, valid acc: 0.8934, valid loss: 0.32819446, test acc: 0.8892, test loss: 0.55525899
[2026-06-25 23:45:11,278][root][INFO] - Epoch: 5 | train acc: 0.8928, train loss: 1.55224136, valid acc: 0.8891, valid loss: 0.34786014, test acc: 0.8749, test loss: 0.49885134
[2026-06-25 23:45:11,791][root][INFO] - reg loss: 7.028114096828238, entropy loss: 0.24730195625433846, leaf dev: 0.06301146000623703
[2026-06-25 23:45:11,793][root][INFO] - Val leaf stats: tensor([0.0482, 0.0118, 0.1264, 0.1145, 0.0051, 0.0680, 0.0144, 0.0296, 0.0016,
        0.1392, 0.0026, 0.1095, 0.1858, 0.0061, 0.1371, 0.0000])
[2026-06-25 23:45:12,581][root][INFO] - Epoch: 19 | train acc: 0.9387, train loss: 0.20834659, valid acc: 0.9188, valid loss: 0.27104551, test acc: 0.9236, test loss: 0.25835882
[2026-06-25 23:45:13,505][root][INFO] - reg loss: 6.6571988302563865, entropy loss: 0.15157083654529835, leaf dev: 0.08190502971410751
[2026-06-25 23:45:13,506][root][INFO] - Val leaf stats: tensor([0.0642, 0.1551, 0.0005, 0.1833, 0.0025, 0.0102, 0.0011, 0.0226, 0.0015,
        0.0614, 0.0338, 0.0565, 0.2736, 0.0005, 0.1332, 0.0000])
[2026-06-25 23:45:15,057][root][INFO] - Epoch: 5 | train acc: 0.9031, train loss: 0.83911757, valid acc: 0.8992, valid loss: 0.33176251, test acc: 0.8899, test loss: 0.52093312
[2026-06-25 23:45:15,439][root][INFO] - Epoch: 19 | train acc: 0.9195, train loss: 0.83046205, valid acc: 0.8983, valid loss: 0.36124397, test acc: 0.9056, test loss: 0.34604625
[2026-06-25 23:45:16,166][root][INFO] - reg loss: 6.6576398363653215, entropy loss: 0.3490575686940607, leaf dev: 0.07362011820077896
[2026-06-25 23:45:16,167][root][INFO] - Val leaf stats: tensor([0.1135, 0.1160, 0.1777, 0.1420, 0.0685, 0.0008, 0.0005, 0.0007, 0.0000,
        0.0093, 0.1267, 0.2105, 0.0000, 0.0135, 0.0203, 0.0000])
[2026-06-25 23:45:17,000][root][INFO] - Epoch: 20 | train acc: 0.9340, train loss: 1.09241904, valid acc: 0.9147, valid loss: 0.29327624, test acc: 0.9193, test loss: 0.28617032
[2026-06-25 23:45:17,092][root][INFO] - Epoch: 5 | train acc: 0.8765, train loss: 0.62800394, valid acc: 0.8674, valid loss: 0.37727832, test acc: 0.8106, test loss: 1.04547714
[2026-06-25 23:45:17,474][root][INFO] - reg loss: 6.978531168882178, entropy loss: 0.2610738555747996, leaf dev: 0.06809960305690765
[2026-06-25 23:45:17,475][root][INFO] - Val leaf stats: tensor([0.0019, 0.0012, 0.0246, 0.1385, 0.0479, 0.1760, 0.0430, 0.0299, 0.0016,
        0.1607, 0.0006, 0.0256, 0.1153, 0.0051, 0.0419, 0.1862])
[2026-06-25 23:45:19,151][root][INFO] - reg loss: 5.756952708622195, entropy loss: 0.13650633507179763, leaf dev: 0.10332871228456497
[2026-06-25 23:45:19,152][root][INFO] - Val leaf stats: tensor([0.0000e+00, 3.1283e-01, 2.4800e-01, 1.1667e-03, 1.6650e-01, 0.0000e+00,
        1.5550e-01, 1.0633e-01, 1.6667e-04, 0.0000e+00, 8.5000e-03, 1.6667e-04,
        0.0000e+00, 8.3333e-04, 0.0000e+00, 0.0000e+00])
[2026-06-25 23:45:19,285][root][INFO] - Epoch: 5 | train acc: 0.8904, train loss: 0.72178579, valid acc: 0.8677, valid loss: 0.39009604, test acc: 0.8308, test loss: 1.20607229
[2026-06-25 23:45:19,559][root][INFO] - reg loss: 6.848023593741119, entropy loss: 0.2610219079981405, leaf dev: 0.0933092013001442
[2026-06-25 23:45:19,560][root][INFO] - Val leaf stats: tensor([3.6048e-02, 9.3388e-05, 1.7744e-03, 5.6967e-03, 7.0228e-02, 1.6903e-02,
        5.0149e-02, 1.4522e-01, 3.7355e-04, 3.5833e-01, 9.3388e-04, 1.4709e-01,
        3.8943e-02, 2.1573e-02, 2.1479e-03, 1.0450e-01])
[2026-06-25 23:45:20,620][root][INFO] - reg loss: 5.802185625400183, entropy loss: 0.10828745899335393, leaf dev: 0.08784907311201096
[2026-06-25 23:45:20,621][root][INFO] - Val leaf stats: tensor([0.0000, 0.0000, 0.1963, 0.0122, 0.0670, 0.0000, 0.0000, 0.0000, 0.1680,
        0.0000, 0.1613, 0.1295, 0.0000, 0.0113, 0.0015, 0.2528])
[2026-06-25 23:45:21,421][root][INFO] - reg loss: 6.840469494067802, entropy loss: 0.19611129984653816, leaf dev: 0.07436054944992065
[2026-06-25 23:45:21,422][root][INFO] - Val leaf stats: tensor([5.2297e-03, 2.1638e-01, 9.3388e-05, 1.8472e-01, 1.2140e-03, 6.9948e-02,
        1.6530e-02, 1.4008e-03, 2.6149e-03, 1.2663e-01, 2.0732e-02, 1.5596e-01,
        1.1001e-01, 8.5917e-03, 7.9567e-02, 3.7355e-04])
[2026-06-25 23:45:21,469][root][INFO] - Epoch: 5 | train acc: 0.8754, train loss: 1.22583859, valid acc: 0.8774, valid loss: 0.41208669, test acc: 0.8700, test loss: 0.69130522
[2026-06-25 23:45:22,683][root][INFO] - Epoch: 6 | train acc: 0.8959, train loss: 0.33545317, valid acc: 0.8851, valid loss: 0.38709014, test acc: 0.8682, test loss: 0.67291542
[2026-06-25 23:45:22,862][root][INFO] - Epoch: 19 | train acc: 0.9148, train loss: 0.99785869, valid acc: 0.8867, valid loss: 0.39308452, test acc: 0.8922, test loss: 0.35805114
[2026-06-25 23:45:24,506][root][INFO] - reg loss: 6.704476487699639, entropy loss: 0.20110175999068708, leaf dev: 0.08169396966695786
[2026-06-25 23:45:24,507][root][INFO] - Val leaf stats: tensor([8.9653e-02, 9.3388e-05, 2.1479e-03, 3.7355e-04, 6.8827e-02, 1.0049e-01,
        2.9884e-01, 1.2140e-02, 4.2025e-03, 8.4983e-03, 1.0366e-02, 1.2393e-01,
        7.2656e-02, 2.6149e-03, 1.6735e-01, 3.7822e-02])
[2026-06-25 23:45:25,238][root][INFO] - reg loss: 7.7316689566960415, entropy loss: 0.3175017344888556, leaf dev: 0.0787757858633995
[2026-06-25 23:45:25,239][root][INFO] - Val leaf stats: tensor([0.1199, 0.0124, 0.0292, 0.1721, 0.0004, 0.0439, 0.0444, 0.0036, 0.0070,
        0.1354, 0.0116, 0.2501, 0.1599, 0.0049, 0.0029, 0.0022])
[2026-06-25 23:45:25,605][root][INFO] - Epoch: 20 | train acc: 0.9122, train loss: 0.41792098, valid acc: 0.8978, valid loss: 0.34409404, test acc: 0.8897, test loss: 0.36284244
[2026-06-25 23:45:25,877][root][INFO] - Epoch: 5 | train acc: 0.8899, train loss: 0.63623842, valid acc: 0.8875, valid loss: 0.36718595, test acc: 0.8742, test loss: 0.41255986
[2026-06-25 23:45:26,669][root][INFO] - reg loss: 5.655009166249689, entropy loss: 0.08819366274577267, leaf dev: 0.10065421462059021
[2026-06-25 23:45:26,669][root][INFO] - Val leaf stats: tensor([0.1883, 0.2692, 0.0010, 0.0000, 0.0785, 0.0000, 0.0000, 0.1813, 0.0000,
        0.0130, 0.0000, 0.0000, 0.0090, 0.2593, 0.0000, 0.0003])
[2026-06-25 23:45:27,941][root][INFO] - reg loss: 8.287387567853171, entropy loss: 0.2805399812718548, leaf dev: 0.07423384487628937
[2026-06-25 23:45:27,942][root][INFO] - Val leaf stats: tensor([0.0047, 0.0514, 0.0013, 0.1363, 0.0035, 0.0650, 0.0075, 0.0212, 0.0650,
        0.1384, 0.0412, 0.0935, 0.2848, 0.0166, 0.0624, 0.0073])
[2026-06-25 23:45:28,678][root][INFO] - Epoch: 20 | train acc: 0.9362, train loss: 0.51749699, valid acc: 0.9115, valid loss: 0.30704020, test acc: 0.9146, test loss: 0.28859710
[2026-06-25 23:45:29,339][root][INFO] - Epoch: 5 | train acc: 0.8901, train loss: 1.71395159, valid acc: 0.8821, valid loss: 0.36485489, test acc: 0.8631, test loss: 0.48825285
[2026-06-25 23:45:29,537][root][INFO] - reg loss: 6.400048899200727, entropy loss: 0.25344753110746165, leaf dev: 0.09005812555551529
[2026-06-25 23:45:29,538][root][INFO] - Val leaf stats: tensor([0.0912, 0.0610, 0.2870, 0.0000, 0.0047, 0.0133, 0.0012, 0.0007, 0.1523,
        0.0020, 0.2260, 0.1202, 0.0000, 0.0000, 0.0182, 0.0223])
[2026-06-25 23:45:32,416][root][INFO] - reg loss: 6.467652716964641, entropy loss: 0.17131711936816968, leaf dev: 0.07125847041606903
[2026-06-25 23:45:32,417][root][INFO] - Val leaf stats: tensor([0.0953, 0.0000, 0.0052, 0.0228, 0.0690, 0.1494, 0.2130, 0.0855, 0.0017,
        0.0000, 0.1617, 0.1486, 0.0004, 0.0033, 0.0271, 0.0170])
[2026-06-25 23:45:32,554][root][INFO] - reg loss: 6.19840680428271, entropy loss: 0.14739521761547844, leaf dev: 0.0758814886212349
[2026-06-25 23:45:32,556][root][INFO] - Val leaf stats: tensor([0.0000, 0.0000, 0.0065, 0.0000, 0.1002, 0.0808, 0.0582, 0.1913, 0.0000,
        0.1473, 0.0000, 0.0080, 0.0607, 0.2310, 0.1160, 0.0000])
[2026-06-25 23:45:34,035][root][INFO] - Epoch: 20 | train acc: 0.9194, train loss: 0.36039254, valid acc: 0.8942, valid loss: 0.36858754, test acc: 0.9010, test loss: 0.33281740
[2026-06-25 23:45:37,515][root][INFO] - reg loss: 5.912657373356369, entropy loss: 0.18664588990076533, leaf dev: 0.1012541726231575
[2026-06-25 23:45:37,516][root][INFO] - Val leaf stats: tensor([1.6667e-04, 0.0000e+00, 1.1500e-01, 4.9500e-02, 0.0000e+00, 3.0000e-03,
        1.9367e-01, 5.6667e-02, 0.0000e+00, 3.3333e-04, 2.0333e-02, 1.6667e-03,
        3.1917e-01, 2.4000e-01, 0.0000e+00, 5.0000e-04])
[2026-06-25 23:45:40,387][root][INFO] - Epoch: 6 | train acc: 0.8968, train loss: 0.46640774, valid acc: 0.8903, valid loss: 0.35119969, test acc: 0.8696, test loss: 0.42994631
[2026-06-25 23:45:42,617][root][INFO] - reg loss: 6.860611938294911, entropy loss: 0.24306705089473218, leaf dev: 0.07294876128435135
[2026-06-25 23:45:42,619][root][INFO] - Val leaf stats: tensor([7.8633e-02, 1.1674e-02, 5.1270e-02, 1.3420e-01, 5.6967e-03, 6.8173e-02,
        1.2701e-02, 3.0911e-02, 1.9612e-03, 1.4018e-01, 2.8203e-02, 2.3310e-01,
        1.8612e-01, 8.5917e-03, 8.4049e-03, 1.8678e-04])
[2026-06-25 23:45:42,850][root][INFO] - Epoch: 20 | train acc: 0.9397, train loss: 0.20408450, valid acc: 0.9203, valid loss: 0.27810949, test acc: 0.9244, test loss: 0.27089676
[2026-06-25 23:45:43,464][root][INFO] - Epoch: 6 | train acc: 0.8994, train loss: 1.49278030, valid acc: 0.8854, valid loss: 0.36683074, test acc: 0.8808, test loss: 0.52990334
[2026-06-25 23:45:46,192][root][INFO] - reg loss: 6.610378346115193, entropy loss: 0.14617749165605615, leaf dev: 0.08120807260274887
[2026-06-25 23:45:46,193][root][INFO] - Val leaf stats: tensor([6.4998e-02, 1.0450e-01, 3.7355e-04, 1.9173e-01, 2.5215e-03, 8.3115e-03,
        1.1207e-03, 2.1106e-02, 1.2140e-03, 5.6126e-02, 4.8655e-02, 4.9963e-02,
        2.3739e-01, 6.5372e-04, 2.1124e-01, 9.3388e-05])
[2026-06-25 23:45:46,570][root][INFO] - Epoch: 21 | train acc: 0.9343, train loss: 1.09990263, valid acc: 0.9152, valid loss: 0.29959853, test acc: 0.9202, test loss: 0.28619931
[2026-06-25 23:45:46,951][root][INFO] - reg loss: 6.700583817823878, entropy loss: 0.3493562964898235, leaf dev: 0.06910230964422226
[2026-06-25 23:45:46,952][root][INFO] - Val leaf stats: tensor([0.1267, 0.1083, 0.1548, 0.1645, 0.0863, 0.0012, 0.0013, 0.0020, 0.0000,
        0.0175, 0.1313, 0.1723, 0.0000, 0.0128, 0.0208, 0.0000])
[2026-06-25 23:45:47,259][root][INFO] - Epoch: 20 | train acc: 0.9160, train loss: 0.83912593, valid acc: 0.8980, valid loss: 0.39017854, test acc: 0.8970, test loss: 0.37583188
[2026-06-25 23:45:49,097][root][INFO] - Epoch: 6 | train acc: 0.9087, train loss: 0.79862992, valid acc: 0.8994, valid loss: 0.32970336, test acc: 0.8980, test loss: 0.55068096
[2026-06-25 23:45:49,934][root][INFO] - Epoch: 6 | train acc: 0.8956, train loss: 0.60425185, valid acc: 0.8548, valid loss: 0.38035722, test acc: 0.8013, test loss: 0.69825313
[2026-06-25 23:45:50,389][root][INFO] - reg loss: 5.770035073442279, entropy loss: 0.10914521052871111, leaf dev: 0.08928406983613968
[2026-06-25 23:45:50,390][root][INFO] - Val leaf stats: tensor([0.0000, 0.0000, 0.2253, 0.0175, 0.0750, 0.0000, 0.0000, 0.0000, 0.1582,
        0.0000, 0.1415, 0.1233, 0.0000, 0.0023, 0.0017, 0.2552])
[2026-06-25 23:45:51,152][root][INFO] - reg loss: 6.842657871347256, entropy loss: 0.2489006884356655, leaf dev: 0.06541791558265686
[2026-06-25 23:45:51,153][root][INFO] - Val leaf stats: tensor([0.0021, 0.0013, 0.0309, 0.1124, 0.0412, 0.2166, 0.0646, 0.0454, 0.0025,
        0.1603, 0.0011, 0.0412, 0.1196, 0.0065, 0.0291, 0.1250])
[2026-06-25 23:45:51,228][root][INFO] - reg loss: 5.67398395178453, entropy loss: 0.1339263345273036, leaf dev: 0.1161041408777237
[2026-06-25 23:45:51,229][root][INFO] - Val leaf stats: tensor([0.0000e+00, 2.9633e-01, 3.7533e-01, 3.0000e-03, 1.4033e-01, 0.0000e+00,
        1.1467e-01, 5.4500e-02, 8.3333e-04, 0.0000e+00, 1.3833e-02, 3.3333e-04,
        0.0000e+00, 8.3333e-04, 0.0000e+00, 0.0000e+00])
[2026-06-25 23:45:51,451][root][INFO] - Epoch: 6 | train acc: 0.8875, train loss: 0.69212883, valid acc: 0.8891, valid loss: 0.33918892, test acc: 0.8585, test loss: 1.45741018
[2026-06-25 23:45:51,539][root][INFO] - Epoch: 20 | train acc: 0.9180, train loss: 0.99737761, valid acc: 0.8917, valid loss: 0.36765949, test acc: 0.9023, test loss: 0.33979443
[2026-06-25 23:45:52,468][root][INFO] - reg loss: 6.825530645077821, entropy loss: 0.25395744802459835, leaf dev: 0.08357800543308258
[2026-06-25 23:45:52,468][root][INFO] - Val leaf stats: tensor([3.0164e-02, 0.0000e+00, 1.9612e-03, 6.8173e-03, 7.0508e-02, 1.0833e-02,
        5.6126e-02, 1.6838e-01, 9.3388e-05, 2.9576e-01, 1.4008e-03, 1.3952e-01,
        3.6328e-02, 2.0359e-02, 1.7744e-02, 1.4400e-01])
[2026-06-25 23:45:53,777][root][INFO] - reg loss: 6.388364960907628, entropy loss: 0.173237486096917, leaf dev: 0.0864686369895935
[2026-06-25 23:45:53,778][root][INFO] - Val leaf stats: tensor([1.3074e-03, 3.1612e-01, 2.8016e-04, 1.6782e-01, 6.5372e-04, 6.9761e-02,
        1.4849e-02, 1.4008e-03, 2.6149e-03, 5.2297e-02, 2.4561e-02, 1.1487e-01,
        1.2243e-01, 1.1767e-02, 9.8991e-02, 2.8016e-04])
[2026-06-25 23:45:54,673][root][INFO] - Epoch: 7 | train acc: 0.9094, train loss: 0.29797155, valid acc: 0.9101, valid loss: 0.30526026, test acc: 0.8819, test loss: 0.60723153
[2026-06-25 23:45:55,101][root][INFO] - Epoch: 6 | train acc: 0.8910, train loss: 1.12952014, valid acc: 0.8848, valid loss: 0.38395724, test acc: 0.8706, test loss: 0.61309500
[2026-06-25 23:45:55,188][root][INFO] - reg loss: 5.676240853543551, entropy loss: 0.08949443255111857, leaf dev: 0.09749974310398102
[2026-06-25 23:45:55,189][root][INFO] - Val leaf stats: tensor([2.0367e-01, 2.6700e-01, 1.0000e-03, 0.0000e+00, 1.0383e-01, 0.0000e+00,
        0.0000e+00, 1.9283e-01, 0.0000e+00, 1.4333e-02, 0.0000e+00, 0.0000e+00,
        7.1667e-03, 2.1000e-01, 0.0000e+00, 1.6667e-04])
[2026-06-25 23:45:55,381][root][INFO] - Epoch: 21 | train acc: 0.9212, train loss: 0.38675726, valid acc: 0.8922, valid loss: 0.35730174, test acc: 0.8883, test loss: 0.36791911
[2026-06-25 23:45:57,376][root][INFO] - reg loss: 7.367836861383347, entropy loss: 0.30025912261513804, leaf dev: 0.06243715062737465
[2026-06-25 23:45:57,378][root][INFO] - Val leaf stats: tensor([0.1075, 0.1370, 0.0035, 0.1407, 0.0005, 0.0695, 0.1083, 0.0127, 0.0069,
        0.0996, 0.0062, 0.1631, 0.1321, 0.0062, 0.0035, 0.0028])
[2026-06-25 23:45:57,935][root][INFO] - reg loss: 6.66386743071218, entropy loss: 0.19118259145469263, leaf dev: 0.08545754104852676
[2026-06-25 23:45:57,936][root][INFO] - Val leaf stats: tensor([1.1776e-01, 9.3388e-05, 1.6810e-03, 7.4710e-04, 6.8734e-02, 8.8439e-02,
        3.1397e-01, 4.0157e-03, 2.9884e-03, 8.4049e-04, 1.0179e-02, 8.5357e-02,
        8.1621e-02, 4.6694e-03, 1.7650e-01, 4.2398e-02])
[2026-06-25 23:45:59,286][root][INFO] - reg loss: 6.388492224351415, entropy loss: 0.24853751428847043, leaf dev: 0.08483703434467316
[2026-06-25 23:45:59,288][root][INFO] - Val leaf stats: tensor([0.0813, 0.1010, 0.2382, 0.0000, 0.0157, 0.0245, 0.0027, 0.0030, 0.1703,
        0.0020, 0.2103, 0.1510, 0.0000, 0.0000, 0.0000, 0.0000])
[2026-06-25 23:45:59,719][root][INFO] - Epoch: 6 | train acc: 0.9008, train loss: 0.59161946, valid acc: 0.8978, valid loss: 0.32635638, test acc: 0.8858, test loss: 0.47499254
[2026-06-25 23:45:59,751][root][INFO] - Epoch: 21 | train acc: 0.9373, train loss: 0.51445387, valid acc: 0.9158, valid loss: 0.28836519, test acc: 0.9195, test loss: 0.27631715
[2026-06-25 23:46:02,130][root][INFO] - Epoch: 6 | train acc: 0.8973, train loss: 1.56523100, valid acc: 0.8952, valid loss: 0.33491066, test acc: 0.8682, test loss: 0.47733062
[2026-06-25 23:46:02,443][root][INFO] - reg loss: 8.228793583219014, entropy loss: 0.2721244585577142, leaf dev: 0.08252822607755661
[2026-06-25 23:46:02,444][root][INFO] - Val leaf stats: tensor([0.0104, 0.0266, 0.0016, 0.1402, 0.0044, 0.0692, 0.0120, 0.0186, 0.1493,
        0.2354, 0.0133, 0.0204, 0.2422, 0.0121, 0.0423, 0.0021])
[2026-06-25 23:46:03,563][root][INFO] - reg loss: 6.2420911653986515, entropy loss: 0.15004864447521712, leaf dev: 0.07671329379081726
[2026-06-25 23:46:03,565][root][INFO] - Val leaf stats: tensor([0.0000, 0.0000, 0.0083, 0.0000, 0.0910, 0.0838, 0.0448, 0.2032, 0.0000,
        0.1468, 0.0000, 0.0085, 0.0568, 0.2210, 0.1357, 0.0000])
[2026-06-25 23:46:03,937][root][INFO] - Epoch: 21 | train acc: 0.9072, train loss: 0.40226171, valid acc: 0.8882, valid loss: 0.38282930, test acc: 0.8933, test loss: 0.35958115
[2026-06-25 23:46:05,187][root][INFO] - reg loss: 5.934801331272832, entropy loss: 0.15601331768212495, leaf dev: 0.0763702467083931
[2026-06-25 23:46:05,188][root][INFO] - Val leaf stats: tensor([9.0400e-02, 0.0000e+00, 5.4165e-03, 2.2226e-02, 6.9294e-02, 1.4410e-01,
        2.0676e-01, 7.8259e-02, 1.5876e-03, 0.0000e+00, 1.6250e-01, 2.0078e-01,
        1.8678e-04, 3.9223e-03, 9.1520e-03, 5.4165e-03])
[2026-06-25 23:46:08,243][root][INFO] - reg loss: 5.78534711531873, entropy loss: 0.18657019776555728, leaf dev: 0.1027224063873291
[2026-06-25 23:46:08,245][root][INFO] - Val leaf stats: tensor([0.0000, 0.0003, 0.1708, 0.0248, 0.0000, 0.0005, 0.1415, 0.0397, 0.0000,
        0.0010, 0.0322, 0.0097, 0.3028, 0.2767, 0.0000, 0.0000])
[2026-06-25 23:46:11,469][root][INFO] - Epoch: 7 | train acc: 0.9172, train loss: 0.39942999, valid acc: 0.9177, valid loss: 0.27896304, test acc: 0.9029, test loss: 0.54498997
[2026-06-25 23:46:13,357][root][INFO] - reg loss: 7.079871770566102, entropy loss: 0.2414069908163535, leaf dev: 0.071552574634552
[2026-06-25 23:46:13,358][root][INFO] - Val leaf stats: tensor([8.5544e-02, 1.2327e-02, 6.6959e-02, 1.5092e-01, 5.2297e-03, 6.8640e-02,
        9.0586e-03, 2.1292e-02, 9.3388e-04, 1.3439e-01, 2.7736e-02, 1.9154e-01,
        2.0891e-01, 8.4983e-03, 7.8446e-03, 1.8678e-04])
[2026-06-25 23:46:13,943][root][INFO] - Epoch: 21 | train acc: 0.9402, train loss: 0.20297118, valid acc: 0.9223, valid loss: 0.25768638, test acc: 0.9250, test loss: 0.26798486
[2026-06-25 23:46:16,045][root][INFO] - Epoch: 7 | train acc: 0.9047, train loss: 1.42767203, valid acc: 0.8971, valid loss: 0.33373557, test acc: 0.8920, test loss: 0.56256214
[2026-06-25 23:46:17,774][root][INFO] - reg loss: 6.738660407516192, entropy loss: 0.33865552128485915, leaf dev: 0.07135355472564697
[2026-06-25 23:46:17,775][root][INFO] - Val leaf stats: tensor([7.2500e-02, 9.8667e-02, 1.6500e-01, 1.8483e-01, 7.5500e-02, 1.1667e-03,
        1.6667e-04, 1.6667e-04, 1.6667e-04, 2.8167e-02, 1.4583e-01, 1.8367e-01,
        0.0000e+00, 1.9000e-02, 2.5167e-02, 0.0000e+00])
[2026-06-25 23:46:17,993][root][INFO] - Epoch: 22 | train acc: 0.9351, train loss: 1.05699372, valid acc: 0.9152, valid loss: 0.29506304, test acc: 0.9217, test loss: 0.27508981
[2026-06-25 23:46:18,479][root][INFO] - reg loss: 6.580107532481037, entropy loss: 0.14017703198882006, leaf dev: 0.08292727172374725
[2026-06-25 23:46:18,481][root][INFO] - Val leaf stats: tensor([4.5106e-02, 9.1801e-02, 3.7355e-04, 1.8435e-01, 2.3347e-03, 2.9791e-02,
        1.2140e-03, 2.5308e-02, 1.5876e-03, 6.4251e-02, 1.3168e-02, 7.9100e-02,
        2.6858e-01, 6.5372e-04, 1.9229e-01, 9.3388e-05])
[2026-06-25 23:46:18,650][root][INFO] - Epoch: 21 | train acc: 0.9064, train loss: 0.82612399, valid acc: 0.8703, valid loss: 0.47734946, test acc: 0.8761, test loss: 0.45195258
[2026-06-25 23:46:20,517][root][INFO] - Epoch: 7 | train acc: 0.9051, train loss: 0.80816902, valid acc: 0.9075, valid loss: 0.30157967, test acc: 0.9144, test loss: 0.54325752
[2026-06-25 23:46:21,534][root][INFO] - reg loss: 5.693156840666285, entropy loss: 0.1045283907848709, leaf dev: 0.08897922933101654
[2026-06-25 23:46:21,535][root][INFO] - Val leaf stats: tensor([0.0000, 0.0000, 0.2235, 0.0182, 0.0593, 0.0000, 0.0000, 0.0000, 0.1680,
        0.0000, 0.1630, 0.1113, 0.0000, 0.0085, 0.0028, 0.2453])
[2026-06-25 23:46:22,048][root][INFO] - Epoch: 7 | train acc: 0.9148, train loss: 0.54962949, valid acc: 0.9083, valid loss: 0.30167425, test acc: 0.8864, test loss: 0.74766515
[2026-06-25 23:46:22,603][root][INFO] - reg loss: 5.534314749375829, entropy loss: 0.12358427701412507, leaf dev: 0.140696182847023
[2026-06-25 23:46:22,604][root][INFO] - Val leaf stats: tensor([0.0000e+00, 2.2333e-02, 5.5433e-01, 8.0000e-03, 1.4483e-01, 0.0000e+00,
        1.2300e-01, 1.2267e-01, 3.0000e-03, 0.0000e+00, 2.0500e-02, 8.3333e-04,
        0.0000e+00, 5.0000e-04, 0.0000e+00, 0.0000e+00])
[2026-06-25 23:46:23,087][root][INFO] - reg loss: 6.6527246646780185, entropy loss: 0.2482340751343934, leaf dev: 0.07039394974708557
[2026-06-25 23:46:23,088][root][INFO] - Val leaf stats: tensor([1.8678e-04, 6.5372e-04, 3.6421e-02, 1.1010e-01, 3.4554e-02, 2.5831e-01,
        7.0882e-02, 5.5753e-02, 2.2413e-03, 1.7239e-01, 3.3620e-03, 5.3044e-02,
        1.0151e-01, 1.3821e-02, 2.7269e-02, 5.9488e-02])
[2026-06-25 23:46:23,780][root][INFO] - Epoch: 21 | train acc: 0.9225, train loss: 0.98546874, valid acc: 0.8970, valid loss: 0.36038941, test acc: 0.9033, test loss: 0.33083610
[2026-06-25 23:46:24,689][root][INFO] - Epoch: 7 | train acc: 0.9008, train loss: 0.63284875, valid acc: 0.8950, valid loss: 0.32795818, test acc: 0.8621, test loss: 1.55911802
[2026-06-25 23:46:24,826][root][INFO] - reg loss: 6.739005394082851, entropy loss: 0.2494336659946139, leaf dev: 0.09120924770832062
[2026-06-25 23:46:24,827][root][INFO] - Val leaf stats: tensor([4.4453e-02, 0.0000e+00, 2.0545e-03, 5.0430e-03, 7.0041e-02, 1.5596e-02,
        5.3605e-02, 1.0702e-01, 9.3388e-05, 3.4890e-01, 1.1207e-03, 1.4036e-01,
        3.6048e-02, 2.0359e-02, 4.8562e-03, 1.5045e-01])
[2026-06-25 23:46:25,737][root][INFO] - Epoch: 22 | train acc: 0.8653, train loss: 0.55129551, valid acc: 0.8533, valid loss: 0.47270813, test acc: 0.8507, test loss: 0.48036313
[2026-06-25 23:46:26,697][root][INFO] - Epoch: 8 | train acc: 0.9260, train loss: 0.25146876, valid acc: 0.9196, valid loss: 0.27081442, test acc: 0.9055, test loss: 0.56909072
[2026-06-25 23:46:27,283][root][INFO] - reg loss: 6.10815970102946, entropy loss: 0.16316945109733197, leaf dev: 0.08646376430988312
[2026-06-25 23:46:27,284][root][INFO] - Val leaf stats: tensor([1.4008e-03, 3.1883e-01, 3.7355e-04, 1.5007e-01, 6.5372e-04, 6.9294e-02,
        2.1199e-02, 2.1479e-03, 2.6149e-03, 5.5286e-02, 3.5394e-02, 6.4344e-02,
        1.2467e-01, 8.1248e-03, 1.4541e-01, 1.8678e-04])
[2026-06-25 23:46:27,645][root][INFO] - Epoch: 7 | train acc: 0.9022, train loss: 1.06292128, valid acc: 0.8953, valid loss: 0.34045394, test acc: 0.8619, test loss: 0.60473064
[2026-06-25 23:46:27,785][root][INFO] - reg loss: 5.681176995331386, entropy loss: 0.0900018944774034, leaf dev: 0.09706681966781616
[2026-06-25 23:46:27,786][root][INFO] - Val leaf stats: tensor([0.2040, 0.2647, 0.0010, 0.0000, 0.0992, 0.0000, 0.0000, 0.2053, 0.0000,
        0.0200, 0.0000, 0.0000, 0.0058, 0.1993, 0.0000, 0.0007])
[2026-06-25 23:46:29,525][root][INFO] - reg loss: 5.9868853317116795, entropy loss: 0.2102089746380752, leaf dev: 0.08495950698852539
[2026-06-25 23:46:29,542][root][INFO] - Val leaf stats: tensor([0.1140, 0.1208, 0.3233, 0.0000, 0.0380, 0.1385, 0.0000, 0.0547, 0.0537,
        0.0013, 0.0808, 0.0748, 0.0000, 0.0000, 0.0000, 0.0000])
[2026-06-25 23:46:29,978][root][INFO] - Epoch: 22 | train acc: 0.9321, train loss: 0.51841646, valid acc: 0.8623, valid loss: 0.43844223, test acc: 0.8668, test loss: 0.41492478
[2026-06-25 23:46:30,060][root][INFO] - reg loss: 7.32419959325639, entropy loss: 0.2969641786403757, leaf dev: 0.07022757083177567
[2026-06-25 23:46:30,061][root][INFO] - Val leaf stats: tensor([0.2156, 0.0478, 0.0018, 0.1518, 0.0012, 0.0699, 0.1033, 0.0086, 0.0095,
        0.1052, 0.0039, 0.1631, 0.1059, 0.0064, 0.0024, 0.0036])
[2026-06-25 23:46:30,574][root][INFO] - reg loss: 6.652500084468296, entropy loss: 0.18670073656178027, leaf dev: 0.08534425497055054
[2026-06-25 23:46:30,576][root][INFO] - Val leaf stats: tensor([0.1203, 0.0000, 0.0017, 0.0013, 0.0697, 0.0798, 0.3149, 0.0048, 0.0031,
        0.0022, 0.0108, 0.0862, 0.0848, 0.0049, 0.1744, 0.0411])
[2026-06-25 23:46:31,457][root][INFO] - Epoch: 7 | train acc: 0.9172, train loss: 0.54259789, valid acc: 0.9125, valid loss: 0.28861641, test acc: 0.9025, test loss: 0.40903502
[2026-06-25 23:46:34,025][root][INFO] - reg loss: 8.067372950296553, entropy loss: 0.26736143846360466, leaf dev: 0.08012307435274124
[2026-06-25 23:46:34,026][root][INFO] - Val leaf stats: tensor([0.0069, 0.0278, 0.0016, 0.1449, 0.0042, 0.0692, 0.0141, 0.0236, 0.1523,
        0.2267, 0.0205, 0.0224, 0.2332, 0.0130, 0.0368, 0.0028])
[2026-06-25 23:46:34,058][root][INFO] - Epoch: 22 | train acc: 0.9194, train loss: 0.36062091, valid acc: 0.9022, valid loss: 0.33059494, test acc: 0.9071, test loss: 0.31444961
[2026-06-25 23:46:34,521][root][INFO] - reg loss: 6.156840261423363, entropy loss: 0.14190476162815993, leaf dev: 0.101377934217453
[2026-06-25 23:46:34,522][root][INFO] - Val leaf stats: tensor([0.0000, 0.0000, 0.0095, 0.0000, 0.0235, 0.0408, 0.0583, 0.3565, 0.0000,
        0.1332, 0.0000, 0.0077, 0.1070, 0.2315, 0.0320, 0.0000])
[2026-06-25 23:46:36,509][root][INFO] - Epoch: 7 | train acc: 0.9055, train loss: 1.47107136, valid acc: 0.8924, valid loss: 0.34050606, test acc: 0.8542, test loss: 0.46830140
[2026-06-25 23:46:38,055][root][INFO] - reg loss: 5.78736938170667, entropy loss: 0.1807234485475522, leaf dev: 0.09371688961982727
[2026-06-25 23:46:38,056][root][INFO] - Val leaf stats: tensor([1.6667e-04, 5.0000e-04, 3.0567e-01, 2.5333e-02, 0.0000e+00, 1.6667e-03,
        1.6417e-01, 6.3000e-02, 0.0000e+00, 6.3333e-03, 4.2167e-02, 3.2000e-02,
        1.4817e-01, 2.1083e-01, 0.0000e+00, 0.0000e+00])
[2026-06-25 23:46:38,437][root][INFO] - reg loss: 5.910568141432666, entropy loss: 0.14689781008258698, leaf dev: 0.08049288392066956
[2026-06-25 23:46:38,438][root][INFO] - Val leaf stats: tensor([4.9589e-02, 9.3388e-05, 3.8289e-03, 1.5222e-02, 6.8734e-02, 1.4905e-01,
        2.2824e-01, 9.1240e-02, 1.0273e-03, 8.4049e-04, 1.6147e-01, 2.0826e-01,
        4.6694e-04, 3.8289e-03, 8.8719e-03, 9.2454e-03])
[2026-06-25 23:46:42,269][root][INFO] - Epoch: 8 | train acc: 0.9143, train loss: 0.40682087, valid acc: 0.8905, valid loss: 0.36280622, test acc: 0.8665, test loss: 0.94198622
[2026-06-25 23:46:44,473][root][INFO] - reg loss: 6.930047075584452, entropy loss: 0.2318674940123129, leaf dev: 0.08166197687387466
[2026-06-25 23:46:44,473][root][INFO] - Val leaf stats: tensor([0.0912, 0.0485, 0.0313, 0.0589, 0.0049, 0.0683, 0.0120, 0.0224, 0.0015,
        0.0653, 0.0745, 0.1907, 0.3093, 0.0124, 0.0082, 0.0005])
[2026-06-25 23:46:44,723][root][INFO] - Epoch: 22 | train acc: 0.9426, train loss: 0.19454544, valid acc: 0.9228, valid loss: 0.26405441, test acc: 0.9253, test loss: 0.26478244
[2026-06-25 23:46:47,690][root][INFO] - Epoch: 23 | train acc: 0.9356, train loss: 1.05111158, valid acc: 0.9165, valid loss: 0.29070471, test acc: 0.9215, test loss: 0.27513733
[2026-06-25 23:46:47,740][root][INFO] - Epoch: 8 | train acc: 0.9086, train loss: 1.40931264, valid acc: 0.8827, valid loss: 0.41246781, test acc: 0.8785, test loss: 0.60875755
[2026-06-25 23:46:48,100][root][INFO] - reg loss: 6.702231438654773, entropy loss: 0.33498026008875864, leaf dev: 0.07186035811901093
[2026-06-25 23:46:48,101][root][INFO] - Val leaf stats: tensor([1.0517e-01, 1.5083e-01, 1.5367e-01, 1.0117e-01, 7.3000e-02, 8.3333e-04,
        1.6667e-04, 1.6667e-04, 5.0000e-04, 5.0333e-02, 1.8633e-01, 1.7233e-01,
        0.0000e+00, 3.8333e-03, 1.6667e-03, 0.0000e+00])
[2026-06-25 23:46:49,717][root][INFO] - Epoch: 22 | train acc: 0.9056, train loss: 0.79826794, valid acc: 0.8968, valid loss: 0.36813104, test acc: 0.8980, test loss: 0.37035764
[2026-06-25 23:46:49,969][root][INFO] - reg loss: 6.6708627504015725, entropy loss: 0.1393151519002107, leaf dev: 0.07273978739976883
[2026-06-25 23:46:49,970][root][INFO] - Val leaf stats: tensor([0.0382, 0.1419, 0.0004, 0.1715, 0.0034, 0.0388, 0.0011, 0.0197, 0.0009,
        0.0693, 0.0214, 0.1815, 0.1899, 0.0008, 0.1213, 0.0000])
[2026-06-25 23:46:51,947][root][INFO] - reg loss: 5.683389834637912, entropy loss: 0.10406268788677342, leaf dev: 0.09127577394247055
[2026-06-25 23:46:51,948][root][INFO] - Val leaf stats: tensor([0.0000, 0.0000, 0.2165, 0.0112, 0.0453, 0.0000, 0.0000, 0.0000, 0.1570,
        0.0000, 0.1613, 0.1307, 0.0000, 0.0085, 0.0038, 0.2657])
[2026-06-25 23:46:53,045][root][INFO] - reg loss: 5.486621667753975, entropy loss: 0.117929053053541, leaf dev: 0.1173091009259224
[2026-06-25 23:46:53,046][root][INFO] - Val leaf stats: tensor([0.0000e+00, 1.7500e-02, 4.2067e-01, 9.1667e-03, 1.9917e-01, 0.0000e+00,
        1.8550e-01, 1.2833e-01, 6.3333e-03, 1.6667e-04, 3.1333e-02, 1.0000e-03,
        0.0000e+00, 8.3333e-04, 0.0000e+00, 0.0000e+00])
[2026-06-25 23:46:53,606][root][INFO] - Epoch: 8 | train acc: 0.9184, train loss: 0.74426003, valid acc: 0.9094, valid loss: 0.30644378, test acc: 0.8769, test loss: 0.65963068
[2026-06-25 23:46:54,566][root][INFO] - Epoch: 22 | train acc: 0.9221, train loss: 0.95060699, valid acc: 0.9000, valid loss: 0.35820809, test acc: 0.9048, test loss: 0.32799531
[2026-06-25 23:46:55,441][root][INFO] - Epoch: 8 | train acc: 0.9257, train loss: 0.49698486, valid acc: 0.9052, valid loss: 0.30791604, test acc: 0.8825, test loss: 1.03627010
[2026-06-25 23:46:56,186][root][INFO] - reg loss: 6.686517715454102, entropy loss: 0.23735954939688325, leaf dev: 0.07600824534893036
[2026-06-25 23:46:56,186][root][INFO] - Val leaf stats: tensor([2.8016e-04, 1.5876e-03, 5.6033e-04, 4.9029e-02, 6.7800e-02, 2.9090e-01,
        1.0394e-01, 4.2211e-02, 2.8016e-03, 1.5643e-01, 5.5099e-03, 7.1535e-02,
        9.8618e-02, 1.0366e-02, 3.1285e-02, 6.7146e-02])
[2026-06-25 23:46:56,592][root][INFO] - Epoch: 23 | train acc: 0.9055, train loss: 0.42859232, valid acc: 0.8967, valid loss: 0.34998337, test acc: 0.8912, test loss: 0.36094346
[2026-06-25 23:46:57,948][root][INFO] - reg loss: 5.5556106207505715, entropy loss: 0.08570326049372835, leaf dev: 0.09869329631328583
[2026-06-25 23:46:57,949][root][INFO] - Val leaf stats: tensor([0.2053, 0.2868, 0.0010, 0.0000, 0.1307, 0.0000, 0.0000, 0.2142, 0.0000,
        0.0140, 0.0000, 0.0000, 0.0027, 0.1450, 0.0000, 0.0003])
[2026-06-25 23:46:58,058][root][INFO] - reg loss: 6.541967074076335, entropy loss: 0.24205606166647856, leaf dev: 0.09802469611167908
[2026-06-25 23:46:58,059][root][INFO] - Val leaf stats: tensor([3.1845e-02, 9.3388e-05, 2.0545e-03, 3.8289e-03, 7.0228e-02, 1.5129e-02,
        5.3885e-02, 9.6563e-02, 1.8678e-04, 3.7766e-01, 8.4049e-04, 1.5428e-01,
        2.0545e-02, 2.1573e-02, 6.9107e-03, 1.4438e-01])
[2026-06-25 23:46:58,449][root][INFO] - Epoch: 8 | train acc: 0.9064, train loss: 0.60843020, valid acc: 0.9010, valid loss: 0.32567293, test acc: 0.8587, test loss: 1.74492410
[2026-06-25 23:47:00,823][root][INFO] - reg loss: 6.02055531627727, entropy loss: 0.20513916240548188, leaf dev: 0.08825350552797318
[2026-06-25 23:47:00,824][root][INFO] - Val leaf stats: tensor([0.0955, 0.1558, 0.3162, 0.0000, 0.0430, 0.0200, 0.0000, 0.0090, 0.0997,
        0.0015, 0.1357, 0.1237, 0.0000, 0.0000, 0.0000, 0.0000])
[2026-06-25 23:47:01,101][root][INFO] - reg loss: 6.045873177745355, entropy loss: 0.1517981323142531, leaf dev: 0.07408671081066132
[2026-06-25 23:47:01,102][root][INFO] - Val leaf stats: tensor([2.3347e-03, 1.7015e-01, 3.7355e-04, 1.6623e-01, 1.5876e-03, 7.1255e-02,
        2.7643e-02, 4.6694e-04, 1.4942e-03, 4.5573e-02, 4.1091e-02, 1.0572e-01,
        1.3401e-01, 9.7124e-03, 2.2226e-01, 9.3388e-05])
[2026-06-25 23:47:01,249][root][INFO] - Epoch: 23 | train acc: 0.9276, train loss: 0.52056948, valid acc: 0.9055, valid loss: 0.31745840, test acc: 0.9117, test loss: 0.30925109
[2026-06-25 23:47:01,291][root][INFO] - Epoch: 9 | train acc: 0.9286, train loss: 0.23832019, valid acc: 0.9083, valid loss: 0.28510149, test acc: 0.8954, test loss: 0.62636950
[2026-06-25 23:47:02,429][root][INFO] - Epoch: 8 | train acc: 0.9102, train loss: 0.97562478, valid acc: 0.8996, valid loss: 0.32334106, test acc: 0.8931, test loss: 0.55234391
[2026-06-25 23:47:04,136][root][INFO] - reg loss: 7.294384393742476, entropy loss: 0.2976128610353621, leaf dev: 0.06867504119873047
[2026-06-25 23:47:04,137][root][INFO] - Val leaf stats: tensor([0.2142, 0.0709, 0.0021, 0.1439, 0.0004, 0.0606, 0.1068, 0.0120, 0.0097,
        0.0925, 0.0032, 0.1568, 0.1143, 0.0056, 0.0038, 0.0031])
[2026-06-25 23:47:04,379][root][INFO] - Epoch: 8 | train acc: 0.9256, train loss: 0.51964515, valid acc: 0.9200, valid loss: 0.27554262, test acc: 0.8970, test loss: 0.39232877
[2026-06-25 23:47:05,055][root][INFO] - reg loss: 6.3465000864059204, entropy loss: 0.1718653336403862, leaf dev: 0.08480308949947357
[2026-06-25 23:47:05,056][root][INFO] - Val leaf stats: tensor([0.1264, 0.0000, 0.0021, 0.0020, 0.0699, 0.0642, 0.2959, 0.0049, 0.0042,
        0.0034, 0.0025, 0.0355, 0.1100, 0.0076, 0.1970, 0.0746])
[2026-06-25 23:47:05,250][root][INFO] - Epoch: 23 | train acc: 0.9267, train loss: 0.34006771, valid acc: 0.9030, valid loss: 0.32642187, test acc: 0.9085, test loss: 0.30436425
[2026-06-25 23:47:05,530][root][INFO] - reg loss: 6.008903422445621, entropy loss: 0.1332117291694542, leaf dev: 0.07419431209564209
[2026-06-25 23:47:05,531][root][INFO] - Val leaf stats: tensor([0.0000, 0.0000, 0.0162, 0.0000, 0.1205, 0.1173, 0.0682, 0.2178, 0.0000,
        0.1300, 0.0000, 0.0068, 0.0938, 0.1933, 0.0360, 0.0000])
[2026-06-25 23:47:07,156][root][INFO] - reg loss: 8.102228492656081, entropy loss: 0.26648635839028334, leaf dev: 0.077985979616642
[2026-06-25 23:47:07,157][root][INFO] - Val leaf stats: tensor([0.0098, 0.0353, 0.0014, 0.1379, 0.0046, 0.0699, 0.0147, 0.0222, 0.1448,
        0.2386, 0.0178, 0.0322, 0.2162, 0.0151, 0.0388, 0.0006])
[2026-06-25 23:47:07,497][root][INFO] - Epoch: 8 | train acc: 0.9119, train loss: 1.40192728, valid acc: 0.9001, valid loss: 0.31204135, test acc: 0.8688, test loss: 0.49499782
[2026-06-25 23:47:09,023][root][INFO] - reg loss: 5.838397039557403, entropy loss: 0.1849508338941718, leaf dev: 0.08762546628713608
[2026-06-25 23:47:09,024][root][INFO] - Val leaf stats: tensor([0.0003, 0.0007, 0.2832, 0.0560, 0.0000, 0.0062, 0.1498, 0.0872, 0.0000,
        0.0082, 0.0175, 0.0497, 0.1308, 0.2105, 0.0000, 0.0000])
[2026-06-25 23:47:09,959][root][INFO] - reg loss: 5.756266331546521, entropy loss: 0.1398431002778351, leaf dev: 0.07585886865854263
[2026-06-25 23:47:09,960][root][INFO] - Val leaf stats: tensor([0.0724, 0.0000, 0.0029, 0.0207, 0.0685, 0.1521, 0.2119, 0.0836, 0.0015,
        0.0017, 0.1611, 0.1926, 0.0003, 0.0039, 0.0129, 0.0139])
[2026-06-25 23:47:14,365][root][INFO] - Epoch: 9 | train acc: 0.8968, train loss: 0.45320768, valid acc: 0.8901, valid loss: 0.35456025, test acc: 0.8831, test loss: 0.88754743
[2026-06-25 23:47:15,494][root][INFO] - Epoch: 23 | train acc: 0.9390, train loss: 0.20155587, valid acc: 0.9227, valid loss: 0.26572447, test acc: 0.9271, test loss: 0.25584931
[2026-06-25 23:47:16,811][root][INFO] - reg loss: 6.773302767011854, entropy loss: 0.21385077091436538, leaf dev: 0.05669931694865227
[2026-06-25 23:47:16,812][root][INFO] - Val leaf stats: tensor([0.1753, 0.0724, 0.1190, 0.1343, 0.0021, 0.0683, 0.0215, 0.0410, 0.0044,
        0.0613, 0.0490, 0.1312, 0.1110, 0.0045, 0.0043, 0.0005])
[2026-06-25 23:47:17,949][root][INFO] - Epoch: 24 | train acc: 0.9369, train loss: 1.00791479, valid acc: 0.9117, valid loss: 0.32255349, test acc: 0.9166, test loss: 0.30111038
[2026-06-25 23:47:19,094][root][INFO] - reg loss: 6.581626775129786, entropy loss: 0.32994074332264234, leaf dev: 0.07061059027910233
[2026-06-25 23:47:19,095][root][INFO] - Val leaf stats: tensor([8.4833e-02, 1.3150e-01, 1.6233e-01, 1.5467e-01, 7.5167e-02, 1.3333e-03,
        1.6667e-04, 1.6667e-04, 5.0000e-04, 4.6167e-02, 1.7217e-01, 1.5817e-01,
        0.0000e+00, 7.1667e-03, 5.6667e-03, 0.0000e+00])
[2026-06-25 23:47:19,689][root][INFO] - Epoch: 23 | train acc: 0.9155, train loss: 0.77437470, valid acc: 0.8980, valid loss: 0.36976801, test acc: 0.9019, test loss: 0.35804612
[2026-06-25 23:47:20,995][root][INFO] - Epoch: 9 | train acc: 0.8949, train loss: 1.37106255, valid acc: 0.8417, valid loss: 0.47462605, test acc: 0.8330, test loss: 1.01049201
[2026-06-25 23:47:21,241][root][INFO] - reg loss: 5.616709988072233, entropy loss: 0.09893027165869497, leaf dev: 0.09491386264562607
[2026-06-25 23:47:21,242][root][INFO] - Val leaf stats: tensor([0.0000, 0.0000, 0.1975, 0.0072, 0.0343, 0.0000, 0.0000, 0.0000, 0.1732,
        0.0000, 0.2378, 0.0818, 0.0000, 0.0108, 0.0043, 0.2530])
[2026-06-25 23:47:23,101][root][INFO] - reg loss: 5.542184703754929, entropy loss: 0.11979467421770096, leaf dev: 0.1123870313167572
[2026-06-25 23:47:23,102][root][INFO] - Val leaf stats: tensor([0.0000, 0.0140, 0.3897, 0.0020, 0.2155, 0.0000, 0.1830, 0.1308, 0.0090,
        0.0007, 0.0528, 0.0013, 0.0000, 0.0012, 0.0000, 0.0000])
[2026-06-25 23:47:23,830][root][INFO] - reg loss: 6.174422097584558, entropy loss: 0.12858725871358598, leaf dev: 0.10846494138240814
[2026-06-25 23:47:23,831][root][INFO] - Val leaf stats: tensor([0.0007, 0.0025, 0.0013, 0.1702, 0.0023, 0.0011, 0.0012, 0.0270, 0.0015,
        0.0630, 0.0253, 0.0588, 0.4112, 0.0679, 0.1658, 0.0000])
[2026-06-25 23:47:25,131][root][INFO] - Epoch: 23 | train acc: 0.9254, train loss: 0.93415981, valid acc: 0.9000, valid loss: 0.34866598, test acc: 0.9068, test loss: 0.32370390
[2026-06-25 23:47:26,309][root][INFO] - Epoch: 9 | train acc: 0.9269, train loss: 0.71605400, valid acc: 0.9011, valid loss: 0.46904245, test acc: 0.8627, test loss: 0.65567845
[2026-06-25 23:47:28,543][root][INFO] - Epoch: 24 | train acc: 0.9233, train loss: 0.36274896, valid acc: 0.9112, valid loss: 0.31300500, test acc: 0.9041, test loss: 0.32610744
[2026-06-25 23:47:28,962][root][INFO] - reg loss: 5.533804929481362, entropy loss: 0.08481990721709323, leaf dev: 0.09875646978616714
[2026-06-25 23:47:28,963][root][INFO] - Val leaf stats: tensor([0.2098, 0.2822, 0.0010, 0.0000, 0.1180, 0.0000, 0.0000, 0.2192, 0.0000,
        0.0150, 0.0000, 0.0000, 0.0028, 0.1515, 0.0000, 0.0005])
[2026-06-25 23:47:29,166][root][INFO] - reg loss: 6.6754248659446755, entropy loss: 0.23480284592461964, leaf dev: 0.05639415234327316
[2026-06-25 23:47:29,167][root][INFO] - Val leaf stats: tensor([0.0010, 0.0014, 0.0022, 0.0590, 0.0680, 0.1745, 0.1111, 0.0462, 0.0020,
        0.1623, 0.0052, 0.0712, 0.0759, 0.0513, 0.0449, 0.1236])
[2026-06-25 23:47:29,479][root][INFO] - Epoch: 9 | train acc: 0.9258, train loss: 0.48124198, valid acc: 0.8995, valid loss: 0.33926744, test acc: 0.8888, test loss: 0.50342118
[2026-06-25 23:47:31,594][root][INFO] - Epoch: 9 | train acc: 0.9162, train loss: 0.57363680, valid acc: 0.8875, valid loss: 0.36855060, test acc: 0.8189, test loss: 2.30094286
[2026-06-25 23:47:31,863][root][INFO] - Epoch: 10 | train acc: 0.9249, train loss: 0.25273144, valid acc: 0.9160, valid loss: 0.27695388, test acc: 0.8994, test loss: 0.67044109
[2026-06-25 23:47:32,236][root][INFO] - reg loss: 6.535127233575891, entropy loss: 0.22862362562033234, leaf dev: 0.09709416329860687
[2026-06-25 23:47:32,237][root][INFO] - Val leaf stats: tensor([0.0857, 0.0005, 0.0014, 0.0142, 0.0682, 0.0090, 0.0394, 0.0630, 0.0000,
        0.3826, 0.0007, 0.1543, 0.0565, 0.0056, 0.0064, 0.1124])
[2026-06-25 23:47:32,398][root][INFO] - reg loss: 5.892766354218969, entropy loss: 0.2009492426548364, leaf dev: 0.08145110309123993
[2026-06-25 23:47:32,399][root][INFO] - Val leaf stats: tensor([8.9833e-02, 1.3217e-01, 2.7367e-01, 1.6667e-04, 5.0667e-02, 2.6333e-02,
        0.0000e+00, 8.6667e-03, 1.2417e-01, 1.6667e-03, 1.4633e-01, 1.4633e-01,
        0.0000e+00, 0.0000e+00, 0.0000e+00, 0.0000e+00])
[2026-06-25 23:47:32,790][root][INFO] - Epoch: 24 | train acc: 0.9328, train loss: 0.50803831, valid acc: 0.9137, valid loss: 0.29521958, test acc: 0.9195, test loss: 0.27845570
[2026-06-25 23:47:34,307][root][INFO] - reg loss: 6.012084693505019, entropy loss: 0.1488903305202565, leaf dev: 0.07531487196683884
[2026-06-25 23:47:34,308][root][INFO] - Val leaf stats: tensor([2.2413e-03, 1.2299e-01, 3.7355e-04, 2.2273e-01, 1.6810e-03, 7.0508e-02,
        3.0631e-02, 2.8016e-04, 1.9612e-03, 5.0990e-02, 3.9783e-02, 1.0189e-01,
        1.3298e-01, 9.7124e-03, 2.1115e-01, 9.3388e-05])
[2026-06-25 23:47:34,678][root][INFO] - reg loss: 6.74168109641504, entropy loss: 0.2812529734518162, leaf dev: 0.06667805463075638
[2026-06-25 23:47:34,679][root][INFO] - Val leaf stats: tensor([0.1318, 0.0553, 0.0023, 0.1420, 0.0006, 0.0694, 0.1205, 0.0113, 0.0131,
        0.1236, 0.0106, 0.2083, 0.1008, 0.0071, 0.0007, 0.0027])
[2026-06-25 23:47:35,341][root][INFO] - Epoch: 24 | train acc: 0.9302, train loss: 0.32600220, valid acc: 0.9098, valid loss: 0.30862370, test acc: 0.9086, test loss: 0.29710121
[2026-06-25 23:47:35,713][root][INFO] - Epoch: 9 | train acc: 0.9101, train loss: 0.98336928, valid acc: 0.9017, valid loss: 0.31907850, test acc: 0.8708, test loss: 0.66924917
[2026-06-25 23:47:35,933][root][INFO] - Epoch: 9 | train acc: 0.9125, train loss: 0.55470719, valid acc: 0.9131, valid loss: 0.29353525, test acc: 0.8776, test loss: 0.43735387
[2026-06-25 23:47:36,664][root][INFO] - reg loss: 6.053341807059522, entropy loss: 0.13500984533215468, leaf dev: 0.07318118214607239
[2026-06-25 23:47:36,665][root][INFO] - Val leaf stats: tensor([0.0000, 0.0000, 0.0182, 0.0000, 0.1175, 0.1395, 0.0597, 0.1510, 0.0000,
        0.1355, 0.0000, 0.0073, 0.0970, 0.2305, 0.0438, 0.0000])
[2026-06-25 23:47:38,121][root][INFO] - reg loss: 7.29277068597299, entropy loss: 0.25874696719268014, leaf dev: 0.06605903804302216
[2026-06-25 23:47:38,122][root][INFO] - Val leaf stats: tensor([0.0329, 0.1369, 0.0008, 0.1459, 0.0047, 0.0722, 0.0227, 0.0210, 0.1439,
        0.1942, 0.0210, 0.0361, 0.1421, 0.0127, 0.0120, 0.0008])
[2026-06-25 23:47:38,739][root][INFO] - reg loss: 5.82395838341623, entropy loss: 0.18319549762977744, leaf dev: 0.08821140229701996
[2026-06-25 23:47:38,740][root][INFO] - Val leaf stats: tensor([0.0003, 0.0008, 0.2707, 0.0633, 0.0000, 0.0075, 0.1647, 0.0480, 0.0000,
        0.0108, 0.0293, 0.0387, 0.1437, 0.2222, 0.0000, 0.0000])
[2026-06-25 23:47:38,796][root][INFO] - reg loss: 6.365092234636741, entropy loss: 0.17049177322122785, leaf dev: 0.07953306287527084
[2026-06-25 23:47:38,798][root][INFO] - Val leaf stats: tensor([0.1270, 0.0000, 0.0025, 0.0023, 0.0723, 0.0606, 0.2549, 0.0050, 0.0034,
        0.0035, 0.0028, 0.0319, 0.1160, 0.0106, 0.2063, 0.1010])
[2026-06-25 23:47:39,053][root][INFO] - Epoch: 9 | train acc: 0.9212, train loss: 1.39130974, valid acc: 0.9068, valid loss: 0.29401712, test acc: 0.8896, test loss: 0.50512784
[2026-06-25 23:47:41,440][root][INFO] - reg loss: 5.874580660825053, entropy loss: 0.14119028130536357, leaf dev: 0.07259931415319443
[2026-06-25 23:47:41,441][root][INFO] - Val leaf stats: tensor([0.0975, 0.0004, 0.0032, 0.0194, 0.0687, 0.1526, 0.1867, 0.0845, 0.0007,
        0.0033, 0.1630, 0.1861, 0.0006, 0.0039, 0.0131, 0.0163])
[2026-06-25 23:47:46,077][root][INFO] - Epoch: 10 | train acc: 0.9182, train loss: 0.37545864, valid acc: 0.9118, valid loss: 0.29077466, test acc: 0.8787, test loss: 0.61800988
[2026-06-25 23:47:47,182][root][INFO] - Epoch: 25 | train acc: 0.9247, train loss: 1.05836491, valid acc: 0.8607, valid loss: 0.47112694, test acc: 0.8583, test loss: 0.47827463
[2026-06-25 23:47:48,360][root][INFO] - Epoch: 24 | train acc: 0.9428, train loss: 0.19207554, valid acc: 0.9248, valid loss: 0.25664769, test acc: 0.9263, test loss: 0.24933978
[2026-06-25 23:47:48,402][root][INFO] - reg loss: 6.623516872446373, entropy loss: 0.21016946900143194, leaf dev: 0.05668831244111061
[2026-06-25 23:47:48,403][root][INFO] - Val leaf stats: tensor([0.1405, 0.0610, 0.1161, 0.0985, 0.0030, 0.0685, 0.0239, 0.0342, 0.0037,
        0.0824, 0.0497, 0.1764, 0.1310, 0.0049, 0.0060, 0.0003])
[2026-06-25 23:47:50,896][root][INFO] - reg loss: 5.587869531703445, entropy loss: 0.09478120365232792, leaf dev: 0.11123460531234741
[2026-06-25 23:47:50,897][root][INFO] - Val leaf stats: tensor([0.0000, 0.0000, 0.2383, 0.0097, 0.0412, 0.0000, 0.0000, 0.0000, 0.1643,
        0.0000, 0.3732, 0.1513, 0.0000, 0.0030, 0.0007, 0.0183])
[2026-06-25 23:47:50,899][root][INFO] - Epoch: 24 | train acc: 0.9195, train loss: 0.75549020, valid acc: 0.9043, valid loss: 0.35057732, test acc: 0.9068, test loss: 0.33791210
[2026-06-25 23:47:51,499][root][INFO] - reg loss: 6.3896107538691105, entropy loss: 0.32115399528224514, leaf dev: 0.07686582952737808
[2026-06-25 23:47:51,500][root][INFO] - Val leaf stats: tensor([8.9000e-02, 1.1933e-01, 1.7900e-01, 1.5900e-01, 7.0833e-02, 1.6667e-03,
        1.6667e-04, 1.6667e-04, 0.0000e+00, 1.6667e-04, 1.7117e-01, 1.9283e-01,
        0.0000e+00, 8.5000e-03, 8.1667e-03, 0.0000e+00])
[2026-06-25 23:47:53,095][root][INFO] - Epoch: 10 | train acc: 0.9002, train loss: 1.30234116, valid acc: 0.8967, valid loss: 0.34618902, test acc: 0.8858, test loss: 0.94082292
[2026-06-25 23:47:54,659][root][INFO] - reg loss: 5.565812839652008, entropy loss: 0.11892982045153402, leaf dev: 0.11151613295078278
[2026-06-25 23:47:54,660][root][INFO] - Val leaf stats: tensor([0.0000, 0.0147, 0.3870, 0.0052, 0.1975, 0.0000, 0.1933, 0.1428, 0.0103,
        0.0005, 0.0462, 0.0012, 0.0000, 0.0013, 0.0000, 0.0000])
[2026-06-25 23:47:55,746][root][INFO] - reg loss: 5.742125276535276, entropy loss: 0.12102854874714342, leaf dev: 0.10952894389629364
[2026-06-25 23:47:55,747][root][INFO] - Val leaf stats: tensor([0.0021, 0.0064, 0.0010, 0.1471, 0.0025, 0.0098, 0.0013, 0.0252, 0.0015,
        0.0648, 0.0300, 0.0394, 0.4148, 0.0600, 0.1942, 0.0000])
[2026-06-25 23:47:55,950][root][INFO] - Epoch: 24 | train acc: 0.9275, train loss: 0.92458134, valid acc: 0.8993, valid loss: 0.35501187, test acc: 0.9041, test loss: 0.33149008
[2026-06-25 23:47:58,085][root][INFO] - Epoch: 10 | train acc: 0.9062, train loss: 0.78288610, valid acc: 0.8745, valid loss: 0.45406151, test acc: 0.8766, test loss: 0.60941009
[2026-06-25 23:47:59,721][root][INFO] - Epoch: 25 | train acc: 0.9301, train loss: 0.34057773, valid acc: 0.9185, valid loss: 0.29193615, test acc: 0.9126, test loss: 0.29757782
[2026-06-25 23:48:00,109][root][INFO] - reg loss: 5.518925288938126, entropy loss: 0.08445192304141116, leaf dev: 0.10091017186641693
[2026-06-25 23:48:00,110][root][INFO] - Val leaf stats: tensor([0.2012, 0.2693, 0.0010, 0.0000, 0.0707, 0.0000, 0.0000, 0.2503, 0.0000,
        0.0183, 0.0000, 0.0000, 0.0033, 0.1850, 0.0000, 0.0008])
[2026-06-25 23:48:00,833][root][INFO] - reg loss: 6.694606947520422, entropy loss: 0.23042566624898758, leaf dev: 0.06296071410179138
[2026-06-25 23:48:00,834][root][INFO] - Val leaf stats: tensor([0.0007, 0.0017, 0.0019, 0.0601, 0.0216, 0.1790, 0.1752, 0.0419, 0.0021,
        0.1430, 0.0047, 0.0640, 0.1232, 0.0727, 0.0188, 0.0895])
[2026-06-25 23:48:02,834][root][INFO] - Epoch: 11 | train acc: 0.9182, train loss: 0.27200335, valid acc: 0.8822, valid loss: 0.37927976, test acc: 0.8889, test loss: 0.77853464
[2026-06-25 23:48:02,866][root][INFO] - Epoch: 25 | train acc: 0.9393, train loss: 0.48405192, valid acc: 0.9120, valid loss: 0.29660478, test acc: 0.9167, test loss: 0.28477602
[2026-06-25 23:48:02,949][root][INFO] - Epoch: 10 | train acc: 0.9162, train loss: 0.51164959, valid acc: 0.8722, valid loss: 0.38387393, test acc: 0.8652, test loss: 0.64526847
[2026-06-25 23:48:03,632][root][INFO] - reg loss: 5.842661794626488, entropy loss: 0.20184192426924435, leaf dev: 0.08223552256822586
[2026-06-25 23:48:03,633][root][INFO] - Val leaf stats: tensor([0.0750, 0.1172, 0.2513, 0.0007, 0.0413, 0.0188, 0.0000, 0.0067, 0.1527,
        0.0018, 0.1620, 0.1725, 0.0000, 0.0000, 0.0000, 0.0000])
[2026-06-25 23:48:04,188][root][INFO] - Epoch: 10 | train acc: 0.9117, train loss: 0.58551191, valid acc: 0.8886, valid loss: 0.36706752, test acc: 0.8362, test loss: 2.26296856
[2026-06-25 23:48:04,825][root][INFO] - Epoch: 25 | train acc: 0.9322, train loss: 0.32034812, valid acc: 0.9055, valid loss: 0.31731324, test acc: 0.9134, test loss: 0.29496264
[2026-06-25 23:48:05,097][root][INFO] - reg loss: 6.761854260056107, entropy loss: 0.28011092937812604, leaf dev: 0.07688609510660172
[2026-06-25 23:48:05,098][root][INFO] - Val leaf stats: tensor([0.0663, 0.0237, 0.0013, 0.1746, 0.0005, 0.0698, 0.1013, 0.0097, 0.0141,
        0.0794, 0.0204, 0.1451, 0.2687, 0.0070, 0.0164, 0.0017])
[2026-06-25 23:48:05,819][root][INFO] - reg loss: 6.576627640497117, entropy loss: 0.22586243035932066, leaf dev: 0.07067206501960754
[2026-06-25 23:48:05,821][root][INFO] - Val leaf stats: tensor([4.6134e-02, 4.6694e-04, 1.1207e-03, 7.2189e-02, 3.3526e-02, 3.8476e-02,
        1.4830e-01, 1.0422e-01, 1.8678e-04, 2.4645e-01, 8.4049e-04, 1.3523e-01,
        4.1651e-02, 8.1248e-03, 5.7901e-03, 1.1730e-01])
[2026-06-25 23:48:06,775][root][INFO] - reg loss: 5.953136519780235, entropy loss: 0.14475043212610578, leaf dev: 0.08189261704683304
[2026-06-25 23:48:06,776][root][INFO] - Val leaf stats: tensor([0.0020, 0.1471, 0.0003, 0.1390, 0.0029, 0.0719, 0.0246, 0.0000, 0.0004,
        0.0597, 0.0231, 0.2008, 0.2627, 0.0127, 0.0528, 0.0003])
[2026-06-25 23:48:06,805][root][INFO] - Epoch: 10 | train acc: 0.9196, train loss: 0.52827303, valid acc: 0.9095, valid loss: 0.29990317, test acc: 0.8798, test loss: 0.43615691
[2026-06-25 23:48:07,117][root][INFO] - reg loss: 6.06511508743718, entropy loss: 0.1357655869621151, leaf dev: 0.07393265515565872
[2026-06-25 23:48:07,118][root][INFO] - Val leaf stats: tensor([0.0000, 0.0000, 0.0203, 0.0000, 0.0960, 0.1105, 0.0565, 0.2178, 0.0003,
        0.1667, 0.0000, 0.0070, 0.0978, 0.1800, 0.0470, 0.0000])
[2026-06-25 23:48:08,856][root][INFO] - reg loss: 5.821835198492374, entropy loss: 0.1828734668077163, leaf dev: 0.0862128958106041
[2026-06-25 23:48:08,857][root][INFO] - Val leaf stats: tensor([0.0007, 0.0007, 0.2422, 0.0747, 0.0000, 0.0080, 0.1382, 0.0557, 0.0000,
        0.0103, 0.0278, 0.0435, 0.1472, 0.2512, 0.0000, 0.0000])
[2026-06-25 23:48:09,232][root][INFO] - reg loss: 7.315571240016392, entropy loss: 0.2568522512755066, leaf dev: 0.07265850156545639
[2026-06-25 23:48:09,233][root][INFO] - Val leaf stats: tensor([0.0332, 0.1093, 0.0010, 0.1499, 0.0048, 0.0727, 0.0233, 0.0259, 0.1579,
        0.0725, 0.0305, 0.0068, 0.2590, 0.0221, 0.0308, 0.0005])
[2026-06-25 23:48:09,544][root][INFO] - Epoch: 10 | train acc: 0.9195, train loss: 0.94107137, valid acc: 0.9056, valid loss: 0.30432301, test acc: 0.8920, test loss: 0.70183880
[2026-06-25 23:48:12,593][root][INFO] - Epoch: 10 | train acc: 0.9163, train loss: 1.40103045, valid acc: 0.9094, valid loss: 0.28878953, test acc: 0.8886, test loss: 0.46861221
[2026-06-25 23:48:12,780][root][INFO] - reg loss: 6.419917691952337, entropy loss: 0.16845741733987496, leaf dev: 0.07496194541454315
[2026-06-25 23:48:12,781][root][INFO] - Val leaf stats: tensor([0.1320, 0.0000, 0.0020, 0.0038, 0.0700, 0.0717, 0.2490, 0.0042, 0.0029,
        0.0031, 0.0139, 0.0578, 0.1109, 0.0064, 0.1827, 0.0897])
[2026-06-25 23:48:15,131][root][INFO] - reg loss: 5.962320489227457, entropy loss: 0.1410062017421874, leaf dev: 0.0668158307671547
[2026-06-25 23:48:15,132][root][INFO] - Val leaf stats: tensor([8.4423e-02, 9.3388e-05, 5.6033e-03, 3.9503e-02, 6.9014e-02, 1.5446e-01,
        1.6455e-01, 8.7318e-02, 1.0273e-03, 8.4049e-04, 1.6492e-01, 1.6931e-01,
        4.2959e-03, 3.4554e-03, 1.5222e-02, 3.5954e-02])
[2026-06-25 23:48:17,579][root][INFO] - Epoch: 11 | train acc: 0.9179, train loss: 0.37394129, valid acc: 0.9039, valid loss: 0.32002886, test acc: 0.8537, test loss: 0.58416742
[2026-06-25 23:48:17,887][root][INFO] - Epoch: 26 | train acc: 0.9124, train loss: 1.04895480, valid acc: 0.8912, valid loss: 0.39808200, test acc: 0.8913, test loss: 0.39881770
[2026-06-25 23:48:18,721][root][INFO] - Epoch: 25 | train acc: 0.9450, train loss: 0.18600949, valid acc: 0.9188, valid loss: 0.27942546, test acc: 0.9223, test loss: 0.27110270
[2026-06-25 23:48:20,114][root][INFO] - reg loss: 6.5673232381306, entropy loss: 0.2137392477856742, leaf dev: 0.05651970952749252
[2026-06-25 23:48:20,115][root][INFO] - Val leaf stats: tensor([0.0857, 0.0366, 0.0742, 0.0951, 0.0023, 0.1454, 0.0242, 0.0733, 0.0026,
        0.0881, 0.0457, 0.1742, 0.1408, 0.0048, 0.0067, 0.0004])
[2026-06-25 23:48:21,600][root][INFO] - reg loss: 5.612344224497957, entropy loss: 0.09263437789566112, leaf dev: 0.10863085836172104
[2026-06-25 23:48:21,601][root][INFO] - Val leaf stats: tensor([0.0000, 0.0000, 0.2923, 0.0142, 0.0042, 0.0000, 0.0000, 0.0000, 0.1748,
        0.0000, 0.3007, 0.1790, 0.0000, 0.0055, 0.0012, 0.0282])
[2026-06-25 23:48:22,104][root][INFO] - reg loss: 6.2583533907836335, entropy loss: 0.30797718127943435, leaf dev: 0.07666584849357605
[2026-06-25 23:48:22,105][root][INFO] - Val leaf stats: tensor([8.6667e-02, 9.1833e-02, 1.8000e-01, 1.8950e-01, 8.0167e-02, 2.3333e-03,
        1.6667e-04, 1.6667e-04, 0.0000e+00, 3.3333e-04, 1.8850e-01, 1.5533e-01,
        0.0000e+00, 1.0333e-02, 1.4500e-02, 1.6667e-04])
[2026-06-25 23:48:22,609][root][INFO] - Epoch: 25 | train acc: 0.9211, train loss: 0.74126645, valid acc: 0.9060, valid loss: 0.35857101, test acc: 0.9037, test loss: 0.34657451
[2026-06-25 23:48:25,680][root][INFO] - Epoch: 11 | train acc: 0.9111, train loss: 1.26647291, valid acc: 0.8898, valid loss: 0.36999709, test acc: 0.8869, test loss: 0.71949491
[2026-06-25 23:48:26,220][root][INFO] - reg loss: 5.55619205168958, entropy loss: 0.11739343074413966, leaf dev: 0.12132736295461655
[2026-06-25 23:48:26,221][root][INFO] - Val leaf stats: tensor([0.0000, 0.0153, 0.3998, 0.0068, 0.1967, 0.0000, 0.2843, 0.0308, 0.0127,
        0.0005, 0.0502, 0.0007, 0.0000, 0.0022, 0.0000, 0.0000])
[2026-06-25 23:48:26,987][root][INFO] - Epoch: 25 | train acc: 0.9220, train loss: 0.95127180, valid acc: 0.8718, valid loss: 0.43721553, test acc: 0.8747, test loss: 0.42261657
[2026-06-25 23:48:28,206][root][INFO] - reg loss: 5.8891180129278276, entropy loss: 0.12193204959233601, leaf dev: 0.10096924751996994
[2026-06-25 23:48:28,207][root][INFO] - Val leaf stats: tensor([0.0054, 0.0607, 0.0009, 0.1078, 0.0023, 0.0191, 0.0013, 0.0334, 0.0016,
        0.0624, 0.0317, 0.0368, 0.3881, 0.0505, 0.1979, 0.0000])
[2026-06-25 23:48:29,963][root][INFO] - Epoch: 26 | train acc: 0.9335, train loss: 0.32623539, valid acc: 0.9178, valid loss: 0.29053508, test acc: 0.9172, test loss: 0.29050539
[2026-06-25 23:48:31,081][root][INFO] - Epoch: 11 | train acc: 0.9146, train loss: 0.70127494, valid acc: 0.8865, valid loss: 0.35626328, test acc: 0.8509, test loss: 0.53348387
[2026-06-25 23:48:31,395][root][INFO] - reg loss: 5.546093086026749, entropy loss: 0.08527942297031295, leaf dev: 0.11118622869253159
[2026-06-25 23:48:31,396][root][INFO] - Val leaf stats: tensor([1.2000e-01, 3.6050e-01, 1.0000e-03, 0.0000e+00, 3.2667e-02, 0.0000e+00,
        1.6667e-04, 2.7600e-01, 0.0000e+00, 5.3500e-02, 0.0000e+00, 0.0000e+00,
        3.0000e-03, 1.5317e-01, 0.0000e+00, 0.0000e+00])
[2026-06-25 23:48:33,313][root][INFO] - reg loss: 6.369444382884515, entropy loss: 0.20875903309653046, leaf dev: 0.06264790147542953
[2026-06-25 23:48:33,315][root][INFO] - Val leaf stats: tensor([0.0007, 0.0011, 0.0023, 0.0705, 0.0679, 0.1709, 0.1653, 0.0533, 0.0019,
        0.1676, 0.0069, 0.1055, 0.0507, 0.0019, 0.0379, 0.0954])
[2026-06-25 23:48:33,580][root][INFO] - Epoch: 26 | train acc: 0.9351, train loss: 0.49147200, valid acc: 0.9155, valid loss: 0.29138146, test acc: 0.9216, test loss: 0.27231402
[2026-06-25 23:48:34,004][root][INFO] - reg loss: 5.826972376625493, entropy loss: 0.20282616888014776, leaf dev: 0.07897568494081497
[2026-06-25 23:48:34,005][root][INFO] - Val leaf stats: tensor([0.0767, 0.1088, 0.2262, 0.0008, 0.0517, 0.0253, 0.0000, 0.0072, 0.1627,
        0.0032, 0.1547, 0.1828, 0.0000, 0.0000, 0.0000, 0.0000])
[2026-06-25 23:48:34,936][root][INFO] - Epoch: 26 | train acc: 0.9330, train loss: 0.31861683, valid acc: 0.9077, valid loss: 0.32026972, test acc: 0.9106, test loss: 0.29786878
[2026-06-25 23:48:35,158][root][INFO] - Epoch: 12 | train acc: 0.9225, train loss: 0.25940803, valid acc: 0.9115, valid loss: 0.28597876, test acc: 0.8948, test loss: 0.88898537
[2026-06-25 23:48:36,140][root][INFO] - Epoch: 11 | train acc: 0.9185, train loss: 0.47704036, valid acc: 0.8942, valid loss: 0.33832167, test acc: 0.8907, test loss: 0.39340034
[2026-06-25 23:48:36,664][root][INFO] - Epoch: 11 | train acc: 0.9190, train loss: 0.55821636, valid acc: 0.9092, valid loss: 0.29746231, test acc: 0.8530, test loss: 1.65057745
[2026-06-25 23:48:37,415][root][INFO] - reg loss: 6.020140072084823, entropy loss: 0.13187407041495702, leaf dev: 0.07575228065252304
[2026-06-25 23:48:37,416][root][INFO] - Val leaf stats: tensor([0.0000e+00, 0.0000e+00, 4.3500e-02, 0.0000e+00, 1.4733e-01, 7.5667e-02,
        1.8333e-03, 1.1750e-01, 1.6667e-04, 1.5750e-01, 0.0000e+00, 8.1667e-03,
        1.1850e-01, 2.4317e-01, 8.6000e-02, 6.6667e-04])
[2026-06-25 23:48:37,881][root][INFO] - reg loss: 6.709172314436978, entropy loss: 0.2749084060785001, leaf dev: 0.07121171057224274
[2026-06-25 23:48:37,882][root][INFO] - Val leaf stats: tensor([0.0810, 0.0291, 0.0011, 0.1532, 0.0004, 0.0702, 0.1319, 0.0150, 0.0144,
        0.0690, 0.0095, 0.1453, 0.2408, 0.0074, 0.0298, 0.0018])
[2026-06-25 23:48:38,008][root][INFO] - Epoch: 11 | train acc: 0.9283, train loss: 0.49609024, valid acc: 0.9219, valid loss: 0.26294250, test acc: 0.8982, test loss: 0.40933650
[2026-06-25 23:48:38,923][root][INFO] - reg loss: 6.4539589125012595, entropy loss: 0.19997503927775792, leaf dev: 0.10734156519174576
[2026-06-25 23:48:38,924][root][INFO] - Val leaf stats: tensor([1.3448e-02, 1.8678e-04, 3.0818e-03, 3.2312e-02, 6.9668e-02, 1.0646e-02,
        7.8446e-03, 1.0049e-01, 6.5372e-04, 4.0680e-01, 6.5372e-04, 1.8229e-01,
        1.3074e-02, 6.0702e-03, 1.1674e-02, 1.4111e-01])
[2026-06-25 23:48:38,981][root][INFO] - reg loss: 5.8790565751633554, entropy loss: 0.18685774701946187, leaf dev: 0.08522992581129074
[2026-06-25 23:48:38,982][root][INFO] - Val leaf stats: tensor([1.6667e-04, 5.0000e-04, 2.0350e-01, 4.7667e-02, 0.0000e+00, 1.7833e-02,
        2.0450e-01, 5.6500e-02, 0.0000e+00, 9.0000e-03, 3.4667e-02, 3.7333e-02,
        1.4700e-01, 2.4117e-01, 0.0000e+00, 1.6667e-04])
[2026-06-25 23:48:39,227][root][INFO] - reg loss: 5.917938716827877, entropy loss: 0.14160036748994595, leaf dev: 0.07393868267536163
[2026-06-25 23:48:39,228][root][INFO] - Val leaf stats: tensor([0.0070, 0.1611, 0.0004, 0.1627, 0.0017, 0.0724, 0.0261, 0.0000, 0.0009,
        0.0574, 0.0363, 0.1215, 0.2363, 0.0121, 0.1038, 0.0004])
[2026-06-25 23:48:40,256][root][INFO] - reg loss: 7.247620194046585, entropy loss: 0.25107810453132345, leaf dev: 0.07360920310020447
[2026-06-25 23:48:40,257][root][INFO] - Val leaf stats: tensor([0.0362, 0.0967, 0.0010, 0.1462, 0.0048, 0.0722, 0.0288, 0.0406, 0.1659,
        0.0908, 0.0198, 0.0014, 0.2593, 0.0185, 0.0175, 0.0005])
[2026-06-25 23:48:43,374][root][INFO] - Epoch: 11 | train acc: 0.9256, train loss: 0.90520765, valid acc: 0.9143, valid loss: 0.28474851, test acc: 0.8970, test loss: 0.68058222
[2026-06-25 23:48:45,626][root][INFO] - Epoch: 11 | train acc: 0.9252, train loss: 1.33295372, valid acc: 0.9145, valid loss: 0.29044955, test acc: 0.8943, test loss: 0.43720131
[2026-06-25 23:48:46,290][root][INFO] - reg loss: 6.364187182572784, entropy loss: 0.16511988411189388, leaf dev: 0.07818528264760971
[2026-06-25 23:48:46,291][root][INFO] - Val leaf stats: tensor([1.3158e-01, 9.3388e-05, 1.7744e-03, 6.3504e-03, 7.0134e-02, 5.6873e-02,
        2.6812e-01, 5.6967e-03, 3.9223e-03, 4.8562e-03, 1.2981e-02, 6.2196e-02,
        9.2267e-02, 6.6306e-03, 1.9257e-01, 8.3956e-02])
[2026-06-25 23:48:48,267][root][INFO] - reg loss: 5.823858372118107, entropy loss: 0.13567289268528973, leaf dev: 0.07060438394546509
[2026-06-25 23:48:48,268][root][INFO] - Val leaf stats: tensor([9.1520e-02, 9.3388e-05, 4.6694e-03, 2.6896e-02, 6.8640e-02, 1.5222e-01,
        1.9640e-01, 7.0041e-02, 1.0273e-03, 1.6810e-03, 1.5456e-01, 1.7772e-01,
        4.5760e-03, 3.6421e-03, 1.2888e-02, 3.3433e-02])
[2026-06-25 23:48:48,772][root][INFO] - Epoch: 27 | train acc: 0.9216, train loss: 0.94860565, valid acc: 0.9057, valid loss: 0.34348585, test acc: 0.9052, test loss: 0.35034896
[2026-06-25 23:48:49,311][root][INFO] - Epoch: 26 | train acc: 0.9447, train loss: 0.18526776, valid acc: 0.9280, valid loss: 0.25717872, test acc: 0.9290, test loss: 0.27630091
[2026-06-25 23:48:50,745][root][INFO] - Epoch: 12 | train acc: 0.9167, train loss: 0.37554427, valid acc: 0.9076, valid loss: 0.30637122, test acc: 0.8959, test loss: 0.51562938
[2026-06-25 23:48:52,344][root][INFO] - reg loss: 5.570751703010415, entropy loss: 0.08397057322117518, leaf dev: 0.10675378143787384
[2026-06-25 23:48:52,345][root][INFO] - Val leaf stats: tensor([0.0000, 0.0000, 0.2810, 0.0130, 0.0167, 0.0000, 0.0000, 0.0000, 0.1645,
        0.0000, 0.3182, 0.1543, 0.0000, 0.0080, 0.0012, 0.0432])
[2026-06-25 23:48:53,134][root][INFO] - reg loss: 6.406795156065118, entropy loss: 0.21322468955996177, leaf dev: 0.06291472911834717
[2026-06-25 23:48:53,136][root][INFO] - Val leaf stats: tensor([0.1920, 0.0751, 0.0490, 0.0671, 0.0022, 0.0687, 0.0153, 0.0446, 0.0021,
        0.0879, 0.0410, 0.1825, 0.1501, 0.0062, 0.0157, 0.0006])
[2026-06-25 23:48:53,221][root][INFO] - reg loss: 6.3694218869479196, entropy loss: 0.3120629556898801, leaf dev: 0.07195093482732773
[2026-06-25 23:48:53,222][root][INFO] - Val leaf stats: tensor([9.8667e-02, 9.7833e-02, 1.9350e-01, 1.5833e-01, 7.6333e-02, 2.5000e-03,
        1.6667e-04, 1.6667e-04, 0.0000e+00, 3.3333e-04, 1.3300e-01, 1.8217e-01,
        0.0000e+00, 2.7000e-02, 3.0000e-02, 0.0000e+00])
[2026-06-25 23:48:53,429][root][INFO] - Epoch: 26 | train acc: 0.9151, train loss: 0.73100850, valid acc: 0.8900, valid loss: 0.38222098, test acc: 0.8856, test loss: 0.38636292
[2026-06-25 23:48:57,622][root][INFO] - reg loss: 5.521599423210576, entropy loss: 0.11075077198867528, leaf dev: 0.1159590557217598
[2026-06-25 23:48:57,622][root][INFO] - Val leaf stats: tensor([0.0000, 0.0128, 0.2945, 0.0078, 0.2663, 0.0000, 0.3205, 0.0248, 0.0158,
        0.0012, 0.0520, 0.0038, 0.0000, 0.0003, 0.0000, 0.0000])
[2026-06-25 23:48:59,154][root][INFO] - Epoch: 12 | train acc: 0.9171, train loss: 1.20793894, valid acc: 0.9115, valid loss: 0.28849323, test acc: 0.8957, test loss: 0.94397275
[2026-06-25 23:48:59,223][root][INFO] - Epoch: 26 | train acc: 0.9056, train loss: 0.96954201, valid acc: 0.8830, valid loss: 0.39219117, test acc: 0.8899, test loss: 0.37658282
[2026-06-25 23:49:00,245][root][INFO] - Epoch: 27 | train acc: 0.9360, train loss: 0.31876288, valid acc: 0.9173, valid loss: 0.28861134, test acc: 0.9149, test loss: 0.29011784
[2026-06-25 23:49:01,879][root][INFO] - reg loss: 5.984436925756868, entropy loss: 0.11696475188410471, leaf dev: 0.09777422249317169
[2026-06-25 23:49:01,880][root][INFO] - Val leaf stats: tensor([0.0070, 0.0403, 0.0007, 0.1293, 0.0020, 0.0371, 0.0015, 0.0454, 0.0017,
        0.0647, 0.0362, 0.0385, 0.3756, 0.0332, 0.1868, 0.0000])
[2026-06-25 23:49:02,428][root][INFO] - Epoch: 12 | train acc: 0.9237, train loss: 0.66725352, valid acc: 0.9206, valid loss: 0.27500034, test acc: 0.9066, test loss: 0.43161470
[2026-06-25 23:49:03,115][root][INFO] - reg loss: 5.438292705787803, entropy loss: 0.08097660815659559, leaf dev: 0.11122281849384308
[2026-06-25 23:49:03,116][root][INFO] - Val leaf stats: tensor([0.1332, 0.3350, 0.0010, 0.0000, 0.0132, 0.0000, 0.0000, 0.2867, 0.0000,
        0.0433, 0.0000, 0.0000, 0.0037, 0.1840, 0.0000, 0.0000])
[2026-06-25 23:49:03,486][root][INFO] - Epoch: 27 | train acc: 0.9436, train loss: 0.46542710, valid acc: 0.9163, valid loss: 0.28827583, test acc: 0.9225, test loss: 0.27269822
[2026-06-25 23:49:04,650][root][INFO] - reg loss: 5.841134197307083, entropy loss: 0.20229930557170003, leaf dev: 0.08125556260347366
[2026-06-25 23:49:04,652][root][INFO] - Val leaf stats: tensor([0.0727, 0.1055, 0.2243, 0.0010, 0.0510, 0.0190, 0.0000, 0.0053, 0.1585,
        0.0013, 0.1542, 0.2072, 0.0000, 0.0000, 0.0000, 0.0000])
[2026-06-25 23:49:04,866][root][INFO] - reg loss: 6.2974119690990955, entropy loss: 0.2069347141281007, leaf dev: 0.06170227378606796
[2026-06-25 23:49:04,867][root][INFO] - Val leaf stats: tensor([0.0004, 0.0015, 0.0035, 0.0777, 0.0677, 0.1911, 0.1472, 0.0473, 0.0028,
        0.1594, 0.0039, 0.0818, 0.0595, 0.0021, 0.0548, 0.0995])
[2026-06-25 23:49:06,033][root][INFO] - Epoch: 27 | train acc: 0.9363, train loss: 0.30578998, valid acc: 0.9123, valid loss: 0.29944891, test acc: 0.9172, test loss: 0.28255723
[2026-06-25 23:49:07,668][root][INFO] - reg loss: 6.0187852022782815, entropy loss: 0.13355582854095496, leaf dev: 0.07273610681295395
[2026-06-25 23:49:07,669][root][INFO] - Val leaf stats: tensor([0.0000, 0.0000, 0.0438, 0.0000, 0.1745, 0.1242, 0.0167, 0.1835, 0.0000,
        0.1160, 0.0000, 0.0053, 0.0773, 0.1893, 0.0693, 0.0000])
[2026-06-25 23:49:08,905][root][INFO] - Epoch: 12 | train acc: 0.9224, train loss: 0.43966637, valid acc: 0.9149, valid loss: 0.28516604, test acc: 0.8968, test loss: 0.48519560
[2026-06-25 23:49:09,168][root][INFO] - Epoch: 13 | train acc: 0.9292, train loss: 0.23731113, valid acc: 0.9246, valid loss: 0.24835645, test acc: 0.9069, test loss: 0.92566960
[2026-06-25 23:49:09,981][root][INFO] - reg loss: 5.8576655207939865, entropy loss: 0.18591385334730148, leaf dev: 0.08382934331893921
[2026-06-25 23:49:09,982][root][INFO] - Val leaf stats: tensor([0.0003, 0.0005, 0.2387, 0.0872, 0.0000, 0.0073, 0.1298, 0.0625, 0.0000,
        0.0117, 0.0387, 0.0323, 0.1518, 0.2383, 0.0000, 0.0008])
[2026-06-25 23:49:10,370][root][INFO] - Epoch: 12 | train acc: 0.9243, train loss: 0.53320088, valid acc: 0.9116, valid loss: 0.29080170, test acc: 0.8532, test loss: 1.60315996
[2026-06-25 23:49:10,907][root][INFO] - Epoch: 12 | train acc: 0.9297, train loss: 0.48536336, valid acc: 0.9199, valid loss: 0.27535698, test acc: 0.8949, test loss: 0.37394579
[2026-06-25 23:49:11,443][root][INFO] - reg loss: 5.9017089107049205, entropy loss: 0.1795366271620705, leaf dev: 0.10258810222148895
[2026-06-25 23:49:11,444][root][INFO] - Val leaf stats: tensor([2.4841e-02, 9.3388e-05, 2.9884e-03, 2.6149e-02, 6.9948e-02, 1.2607e-02,
        7.2843e-03, 1.0170e-01, 1.8678e-04, 3.8934e-01, 8.4049e-04, 1.7921e-01,
        2.4748e-02, 1.1767e-02, 1.0273e-02, 1.3803e-01])
[2026-06-25 23:49:11,796][root][INFO] - reg loss: 6.808567261569714, entropy loss: 0.27269270953047214, leaf dev: 0.06623662263154984
[2026-06-25 23:49:11,797][root][INFO] - Val leaf stats: tensor([0.1383, 0.0364, 0.0012, 0.1378, 0.0006, 0.0720, 0.1284, 0.0241, 0.0126,
        0.0570, 0.0123, 0.1645, 0.1889, 0.0083, 0.0151, 0.0024])
[2026-06-25 23:49:12,656][root][INFO] - reg loss: 5.906302641308497, entropy loss: 0.13932075465797747, leaf dev: 0.07505207508802414
[2026-06-25 23:49:12,657][root][INFO] - Val leaf stats: tensor([0.0069, 0.1503, 0.0003, 0.1850, 0.0015, 0.0744, 0.0248, 0.0000, 0.0015,
        0.0498, 0.0378, 0.0821, 0.2279, 0.0114, 0.1459, 0.0005])
[2026-06-25 23:49:13,554][root][INFO] - reg loss: 7.046759163891828, entropy loss: 0.24805941562803965, leaf dev: 0.07094329595565796
[2026-06-25 23:49:13,555][root][INFO] - Val leaf stats: tensor([4.8468e-02, 1.2150e-01, 8.4049e-04, 1.4503e-01, 5.6033e-03, 7.4804e-02,
        2.3721e-02, 3.3713e-02, 1.6773e-01, 8.8812e-02, 1.7931e-02, 1.8678e-03,
        2.3571e-01, 2.1199e-02, 1.2981e-02, 9.3388e-05])
[2026-06-25 23:49:15,151][root][INFO] - Epoch: 12 | train acc: 0.9078, train loss: 0.95708701, valid acc: 0.8570, valid loss: 0.55559786, test acc: 0.8604, test loss: 0.61624981
[2026-06-25 23:49:16,800][root][INFO] - Epoch: 12 | train acc: 0.9279, train loss: 1.30387069, valid acc: 0.9158, valid loss: 0.27847589, test acc: 0.8863, test loss: 0.50534437
[2026-06-25 23:49:17,933][root][INFO] - reg loss: 6.213222483478526, entropy loss: 0.16059652089126528, leaf dev: 0.07826758176088333
[2026-06-25 23:49:17,934][root][INFO] - Val leaf stats: tensor([9.7591e-02, 9.3388e-05, 2.8016e-03, 7.3777e-03, 7.0788e-02, 2.9324e-02,
        1.2561e-01, 4.7628e-03, 1.4008e-03, 7.3777e-03, 2.7363e-02, 1.6324e-01,
        2.2320e-02, 4.2025e-03, 2.2843e-01, 2.0732e-01])
[2026-06-25 23:49:18,912][root][INFO] - Epoch: 28 | train acc: 0.9214, train loss: 0.93795063, valid acc: 0.8960, valid loss: 0.35835073, test acc: 0.8968, test loss: 0.35842169
[2026-06-25 23:49:19,172][root][INFO] - reg loss: 5.776561436829744, entropy loss: 0.13285436303842635, leaf dev: 0.07227843254804611
[2026-06-25 23:49:19,173][root][INFO] - Val leaf stats: tensor([1.0067e-01, 9.3388e-05, 2.8950e-03, 1.2701e-02, 6.8453e-02, 1.4765e-01,
        2.1507e-01, 7.1629e-02, 1.0273e-03, 1.4942e-03, 1.6035e-01, 1.6053e-01,
        9.7124e-03, 3.3620e-03, 1.4755e-02, 2.9604e-02])
[2026-06-25 23:49:20,837][root][INFO] - Epoch: 27 | train acc: 0.9475, train loss: 0.17988116, valid acc: 0.9232, valid loss: 0.25873381, test acc: 0.9275, test loss: 0.25642978
[2026-06-25 23:49:22,007][root][INFO] - reg loss: 5.530557596458579, entropy loss: 0.08326057752348343, leaf dev: 0.10993459075689316
[2026-06-25 23:49:22,008][root][INFO] - Val leaf stats: tensor([0.0000e+00, 0.0000e+00, 2.3967e-01, 1.1000e-02, 2.1167e-02, 0.0000e+00,
        0.0000e+00, 0.0000e+00, 1.6550e-01, 0.0000e+00, 3.7467e-01, 1.2000e-01,
        0.0000e+00, 8.3333e-03, 1.6667e-04, 5.9500e-02])
[2026-06-25 23:49:23,121][root][INFO] - Epoch: 13 | train acc: 0.9294, train loss: 0.33895454, valid acc: 0.9234, valid loss: 0.26427779, test acc: 0.8721, test loss: 1.14768701
[2026-06-25 23:49:23,958][root][INFO] - reg loss: 6.4359413407883554, entropy loss: 0.31435930644566157, leaf dev: 0.07831773161888123
[2026-06-25 23:49:23,959][root][INFO] - Val leaf stats: tensor([1.0617e-01, 9.1333e-02, 1.9383e-01, 1.5983e-01, 7.4000e-02, 2.1667e-03,
        1.6667e-04, 1.6667e-04, 0.0000e+00, 5.0000e-04, 1.1817e-01, 2.2800e-01,
        0.0000e+00, 1.5667e-02, 1.0000e-02, 0.0000e+00])
[2026-06-25 23:49:24,641][root][INFO] - Epoch: 27 | train acc: 0.9194, train loss: 0.70819958, valid acc: 0.9102, valid loss: 0.34770095, test acc: 0.9049, test loss: 0.33918379
[2026-06-25 23:49:25,415][root][INFO] - reg loss: 6.274560701279413, entropy loss: 0.20612953469236062, leaf dev: 0.06239261478185654
[2026-06-25 23:49:25,416][root][INFO] - Val leaf stats: tensor([0.1900, 0.0692, 0.0392, 0.0669, 0.0023, 0.0688, 0.0250, 0.0421, 0.0021,
        0.0927, 0.0454, 0.1706, 0.1638, 0.0061, 0.0150, 0.0007])
[2026-06-25 23:49:28,292][root][INFO] - reg loss: 5.476735830307007, entropy loss: 0.10819190888191169, leaf dev: 0.12480048090219498
[2026-06-25 23:49:28,294][root][INFO] - Val leaf stats: tensor([0.0000, 0.0183, 0.4593, 0.0135, 0.1823, 0.0000, 0.2160, 0.0237, 0.0207,
        0.0032, 0.0610, 0.0013, 0.0000, 0.0007, 0.0000, 0.0000])
[2026-06-25 23:49:30,368][root][INFO] - Epoch: 27 | train acc: 0.8912, train loss: 0.91318917, valid acc: 0.8655, valid loss: 0.44575759, test acc: 0.8681, test loss: 0.43997916
[2026-06-25 23:49:33,081][root][INFO] - Epoch: 28 | train acc: 0.9382, train loss: 0.30939697, valid acc: 0.9170, valid loss: 0.29432797, test acc: 0.9167, test loss: 0.29364049
[2026-06-25 23:49:33,480][root][INFO] - Epoch: 28 | train acc: 0.9403, train loss: 0.46994105, valid acc: 0.9118, valid loss: 0.30190048, test acc: 0.9188, test loss: 0.27880287
[2026-06-25 23:49:33,830][root][INFO] - Epoch: 13 | train acc: 0.9092, train loss: 1.25512762, valid acc: 0.8783, valid loss: 0.39407412, test acc: 0.8513, test loss: 1.04822966
[2026-06-25 23:49:34,190][root][INFO] - reg loss: 5.151925559313792, entropy loss: 0.06844870289260487, leaf dev: 0.12341564893722534
[2026-06-25 23:49:34,191][root][INFO] - Val leaf stats: tensor([0.1830, 0.3863, 0.0010, 0.0000, 0.0375, 0.0000, 0.0000, 0.3208, 0.0000,
        0.0048, 0.0000, 0.0000, 0.0045, 0.0620, 0.0000, 0.0000])
[2026-06-25 23:49:34,527][root][INFO] - Epoch: 13 | train acc: 0.9330, train loss: 0.64345837, valid acc: 0.9243, valid loss: 0.25956592, test acc: 0.9098, test loss: 0.44081099
[2026-06-25 23:49:35,387][root][INFO] - Epoch: 28 | train acc: 0.9381, train loss: 0.30086680, valid acc: 0.9117, valid loss: 0.29704286, test acc: 0.9172, test loss: 0.27756494
[2026-06-25 23:49:36,156][root][INFO] - reg loss: 6.093294842533334, entropy loss: 0.12019426754069706, leaf dev: 0.0888243094086647
[2026-06-25 23:49:36,157][root][INFO] - Val leaf stats: tensor([0.0345, 0.0701, 0.0013, 0.1046, 0.0022, 0.0417, 0.0011, 0.0136, 0.0017,
        0.1233, 0.0448, 0.3131, 0.2137, 0.0035, 0.0307, 0.0000])
[2026-06-25 23:49:36,984][root][INFO] - reg loss: 5.784556177427184, entropy loss: 0.19584718121672576, leaf dev: 0.08400570601224899
[2026-06-25 23:49:36,985][root][INFO] - Val leaf stats: tensor([0.0878, 0.1515, 0.2292, 0.0007, 0.0138, 0.0120, 0.0000, 0.0037, 0.1598,
        0.0030, 0.1378, 0.2007, 0.0000, 0.0000, 0.0000, 0.0000])
[2026-06-25 23:49:37,009][root][INFO] - reg loss: 6.383629074803105, entropy loss: 0.20907759808358692, leaf dev: 0.06341316550970078
[2026-06-25 23:49:37,009][root][INFO] - Val leaf stats: tensor([0.0003, 0.0012, 0.0043, 0.0852, 0.0675, 0.1806, 0.1722, 0.0519, 0.0027,
        0.1603, 0.0028, 0.0702, 0.0870, 0.0040, 0.0844, 0.0252])
[2026-06-25 23:49:37,695][root][INFO] - reg loss: 5.988723444488813, entropy loss: 0.1315830261358675, leaf dev: 0.07812333852052689
[2026-06-25 23:49:37,696][root][INFO] - Val leaf stats: tensor([0.0000e+00, 0.0000e+00, 3.3333e-03, 0.0000e+00, 1.1400e-01, 6.1333e-02,
        9.1667e-03, 1.4417e-01, 3.3333e-04, 1.8683e-01, 0.0000e+00, 1.2000e-02,
        1.1650e-01, 2.2983e-01, 1.2233e-01, 1.6667e-04])
[2026-06-25 23:49:39,060][root][INFO] - reg loss: 5.832614205918222, entropy loss: 0.18332875773029508, leaf dev: 0.08638893067836761
[2026-06-25 23:49:39,061][root][INFO] - Val leaf stats: tensor([1.6667e-04, 1.0000e-03, 2.5717e-01, 7.9333e-02, 0.0000e+00, 1.0667e-02,
        1.2183e-01, 5.9333e-02, 0.0000e+00, 9.8333e-03, 3.4667e-02, 3.6333e-02,
        1.4483e-01, 2.4483e-01, 0.0000e+00, 0.0000e+00])
[2026-06-25 23:49:40,257][root][INFO] - Epoch: 14 | train acc: 0.9324, train loss: 0.22624779, valid acc: 0.8785, valid loss: 0.32035214, test acc: 0.8626, test loss: 1.12024093
[2026-06-25 23:49:42,121][root][INFO] - Epoch: 13 | train acc: 0.9303, train loss: 0.42631974, valid acc: 0.9174, valid loss: 0.28276533, test acc: 0.8947, test loss: 0.61204727
[2026-06-25 23:49:42,493][root][INFO] - Epoch: 13 | train acc: 0.9251, train loss: 0.52708221, valid acc: 0.9080, valid loss: 0.31103605, test acc: 0.8675, test loss: 1.64201195
[2026-06-25 23:49:43,383][root][INFO] - reg loss: 7.014655087990736, entropy loss: 0.2756347364534146, leaf dev: 0.066587895154953
[2026-06-25 23:49:43,385][root][INFO] - Val leaf stats: tensor([0.0544, 0.0634, 0.0014, 0.1449, 0.0034, 0.0713, 0.0791, 0.0723, 0.0205,
        0.0614, 0.0157, 0.2308, 0.1631, 0.0088, 0.0070, 0.0025])
[2026-06-25 23:49:43,933][root][INFO] - Epoch: 13 | train acc: 0.9223, train loss: 0.49353402, valid acc: 0.9199, valid loss: 0.27310854, test acc: 0.9045, test loss: 1.13744777
[2026-06-25 23:49:44,796][root][INFO] - reg loss: 5.888810849063611, entropy loss: 0.13760083180571359, leaf dev: 0.08087591081857681
[2026-06-25 23:49:44,797][root][INFO] - Val leaf stats: tensor([0.0018, 0.1160, 0.0005, 0.2188, 0.0016, 0.0727, 0.0268, 0.0000, 0.0020,
        0.0328, 0.0499, 0.0530, 0.2338, 0.0110, 0.1793, 0.0003])
[2026-06-25 23:49:44,927][root][INFO] - reg loss: 5.974207434073958, entropy loss: 0.18179826903595495, leaf dev: 0.0958714410662651
[2026-06-25 23:49:44,935][root][INFO] - Val leaf stats: tensor([2.4935e-02, 9.3388e-05, 2.9884e-03, 2.2226e-02, 6.9854e-02, 1.4942e-02,
        8.2182e-03, 1.0982e-01, 9.3388e-05, 3.3984e-01, 7.4710e-04, 1.7557e-01,
        2.2600e-02, 1.8024e-02, 3.3620e-03, 1.8668e-01])
[2026-06-25 23:49:46,556][root][INFO] - reg loss: 6.950717234737659, entropy loss: 0.24209428196230892, leaf dev: 0.0792485699057579
[2026-06-25 23:49:46,557][root][INFO] - Val leaf stats: tensor([0.0048, 0.0589, 0.0009, 0.1285, 0.0059, 0.0751, 0.0050, 0.0422, 0.1681,
        0.0883, 0.0251, 0.0021, 0.2910, 0.0162, 0.0871, 0.0007])
[2026-06-25 23:49:47,280][root][INFO] - Epoch: 13 | train acc: 0.8925, train loss: 0.92369289, valid acc: 0.8874, valid loss: 0.38178536, test acc: 0.8666, test loss: 0.56898146
[2026-06-25 23:49:48,956][root][INFO] - Epoch: 29 | train acc: 0.9308, train loss: 0.94542300, valid acc: 0.9113, valid loss: 0.32575022, test acc: 0.9088, test loss: 0.32821376
[2026-06-25 23:49:49,266][root][INFO] - Epoch: 13 | train acc: 0.9328, train loss: 1.25053326, valid acc: 0.9206, valid loss: 0.26936637, test acc: 0.8998, test loss: 0.48304672
[2026-06-25 23:49:49,648][root][INFO] - reg loss: 5.698417875501844, entropy loss: 0.13736756571701594, leaf dev: 0.07621368020772934
[2026-06-25 23:49:49,649][root][INFO] - Val leaf stats: tensor([9.2267e-02, 9.3388e-05, 2.6149e-03, 3.6421e-03, 7.3683e-02, 3.9783e-02,
        1.8603e-01, 1.1207e-02, 1.1207e-03, 6.1636e-03, 3.5207e-02, 1.2150e-01,
        1.5876e-02, 3.2686e-03, 2.0396e-01, 2.0359e-01])
[2026-06-25 23:49:49,951][root][INFO] - Epoch: 28 | train acc: 0.9473, train loss: 0.17798016, valid acc: 0.9283, valid loss: 0.24955485, test acc: 0.9328, test loss: 0.25620083
[2026-06-25 23:49:52,007][root][INFO] - reg loss: 5.6527116664502985, entropy loss: 0.12826796908857963, leaf dev: 0.07110908627510071
[2026-06-25 23:49:52,008][root][INFO] - Val leaf stats: tensor([0.0935, 0.0000, 0.0030, 0.0153, 0.0685, 0.1614, 0.2050, 0.0637, 0.0014,
        0.0021, 0.1692, 0.1472, 0.0035, 0.0032, 0.0208, 0.0423])
[2026-06-25 23:49:52,081][root][INFO] - reg loss: 5.623502938252575, entropy loss: 0.08767834650176876, leaf dev: 0.09999313205480576
[2026-06-25 23:49:52,082][root][INFO] - Val leaf stats: tensor([0.0000e+00, 0.0000e+00, 2.4633e-01, 3.1500e-02, 3.6833e-02, 0.0000e+00,
        0.0000e+00, 0.0000e+00, 1.1533e-01, 0.0000e+00, 3.2317e-01, 1.6067e-01,
        0.0000e+00, 9.8333e-03, 1.6667e-04, 7.6167e-02])
[2026-06-25 23:49:53,568][root][INFO] - reg loss: 6.250830969720517, entropy loss: 0.3065286006005305, leaf dev: 0.07776260375976562
[2026-06-25 23:49:53,569][root][INFO] - Val leaf stats: tensor([9.1667e-02, 9.9000e-02, 1.8083e-01, 1.7650e-01, 7.7500e-02, 2.0000e-03,
        1.6667e-04, 3.3333e-04, 1.6667e-04, 6.6667e-04, 1.2883e-01, 2.1967e-01,
        0.0000e+00, 1.5167e-02, 7.5000e-03, 0.0000e+00])
[2026-06-25 23:49:54,789][root][INFO] - Epoch: 28 | train acc: 0.9244, train loss: 0.69293076, valid acc: 0.9145, valid loss: 0.32683158, test acc: 0.9116, test loss: 0.32680932
[2026-06-25 23:49:55,160][root][INFO] - Epoch: 14 | train acc: 0.9375, train loss: 0.31443718, valid acc: 0.9280, valid loss: 0.24988960, test acc: 0.8862, test loss: 0.54244593
[2026-06-25 23:49:57,121][root][INFO] - reg loss: 6.302270175287963, entropy loss: 0.20602251967740437, leaf dev: 0.06201920285820961
[2026-06-25 23:49:57,122][root][INFO] - Val leaf stats: tensor([0.1619, 0.0666, 0.0476, 0.0673, 0.0023, 0.0689, 0.0267, 0.0385, 0.0021,
        0.0941, 0.0412, 0.1688, 0.1909, 0.0056, 0.0167, 0.0007])
[2026-06-25 23:49:58,196][root][INFO] - reg loss: 5.4670473269696505, entropy loss: 0.10681987490575269, leaf dev: 0.11863468587398529
[2026-06-25 23:49:58,197][root][INFO] - Val leaf stats: tensor([0.0000, 0.0172, 0.4013, 0.0123, 0.1977, 0.0000, 0.2625, 0.0283, 0.0197,
        0.0055, 0.0538, 0.0008, 0.0000, 0.0008, 0.0000, 0.0000])
[2026-06-25 23:50:01,442][root][INFO] - Epoch: 28 | train acc: 0.9036, train loss: 0.84840125, valid acc: 0.8737, valid loss: 0.42535891, test acc: 0.8809, test loss: 0.40509106
[2026-06-25 23:50:04,075][root][INFO] - Epoch: 29 | train acc: 0.9387, train loss: 0.46884162, valid acc: 0.9205, valid loss: 0.27834912, test acc: 0.9245, test loss: 0.26328858
[2026-06-25 23:50:04,134][root][INFO] - Epoch: 29 | train acc: 0.9353, train loss: 0.31504554, valid acc: 0.9193, valid loss: 0.28972702, test acc: 0.9175, test loss: 0.30049173
[2026-06-25 23:50:05,065][root][INFO] - reg loss: 5.070807974293547, entropy loss: 0.06516379926283404, leaf dev: 0.11785726994276047
[2026-06-25 23:50:05,066][root][INFO] - Val leaf stats: tensor([0.2185, 0.3550, 0.0010, 0.0000, 0.0293, 0.0000, 0.0005, 0.2968, 0.0000,
        0.0028, 0.0000, 0.0000, 0.0062, 0.0898, 0.0000, 0.0000])
[2026-06-25 23:50:05,156][root][INFO] - Epoch: 29 | train acc: 0.9399, train loss: 0.28931225, valid acc: 0.9108, valid loss: 0.30817752, test acc: 0.9165, test loss: 0.28725366
[2026-06-25 23:50:06,432][root][INFO] - Epoch: 14 | train acc: 0.9297, train loss: 0.61810471, valid acc: 0.9160, valid loss: 0.28354322, test acc: 0.9063, test loss: 0.47275220
[2026-06-25 23:50:07,448][root][INFO] - Epoch: 14 | train acc: 0.9127, train loss: 1.23239282, valid acc: 0.9080, valid loss: 0.29385271, test acc: 0.8629, test loss: 1.03222528
[2026-06-25 23:50:08,205][root][INFO] - reg loss: 5.6972719363446505, entropy loss: 0.18783785459005609, leaf dev: 0.08675640821456909
[2026-06-25 23:50:08,206][root][INFO] - Val leaf stats: tensor([5.9500e-02, 5.5833e-02, 2.7550e-01, 5.0000e-04, 4.2333e-02, 4.5333e-02,
        0.0000e+00, 7.0000e-03, 1.6917e-01, 3.3333e-03, 1.3700e-01, 2.0383e-01,
        0.0000e+00, 0.0000e+00, 1.6667e-04, 5.0000e-04])
[2026-06-25 23:50:08,445][root][INFO] - reg loss: 5.828396428306148, entropy loss: 0.12723845524607963, leaf dev: 0.0789821594953537
[2026-06-25 23:50:08,446][root][INFO] - Val leaf stats: tensor([0.0000, 0.0000, 0.0040, 0.0000, 0.1323, 0.0707, 0.0075, 0.1583, 0.0012,
        0.1598, 0.0000, 0.0098, 0.1062, 0.2465, 0.1037, 0.0000])
[2026-06-25 23:50:08,594][root][INFO] - reg loss: 6.083939194048523, entropy loss: 0.19194691537549255, leaf dev: 0.06839610636234283
[2026-06-25 23:50:08,596][root][INFO] - Val leaf stats: tensor([0.0005, 0.0011, 0.0480, 0.0618, 0.0259, 0.2022, 0.1947, 0.0385, 0.0019,
        0.1711, 0.0044, 0.0733, 0.0699, 0.0040, 0.0708, 0.0320])
[2026-06-25 23:50:09,138][root][INFO] - reg loss: 5.8176915105783715, entropy loss: 0.17576696189507, leaf dev: 0.08476134389638901
[2026-06-25 23:50:09,139][root][INFO] - Val leaf stats: tensor([0.0003, 0.0007, 0.2092, 0.0860, 0.0000, 0.0080, 0.1232, 0.0480, 0.0000,
        0.0125, 0.0368, 0.0382, 0.1795, 0.2577, 0.0000, 0.0000])
[2026-06-25 23:50:10,030][root][INFO] - reg loss: 5.943239600570114, entropy loss: 0.11860225337838369, leaf dev: 0.07337741553783417
[2026-06-25 23:50:10,031][root][INFO] - Val leaf stats: tensor([3.2686e-02, 7.5271e-02, 1.4942e-03, 1.1505e-01, 1.7744e-03, 4.4266e-02,
        1.2140e-03, 2.1666e-02, 2.2413e-03, 1.2860e-01, 5.7527e-02, 1.5829e-01,
        2.5850e-01, 5.9768e-03, 9.5349e-02, 9.3388e-05])
[2026-06-25 23:50:13,807][root][INFO] - Epoch: 14 | train acc: 0.9245, train loss: 0.42955040, valid acc: 0.8867, valid loss: 0.32843884, test acc: 0.8813, test loss: 0.71758137
[2026-06-25 23:50:14,273][root][INFO] - Epoch: 15 | train acc: 0.9357, train loss: 0.22035608, valid acc: 0.9143, valid loss: 0.28302661, test acc: 0.9071, test loss: 1.01980637
[2026-06-25 23:50:15,554][root][INFO] - Epoch: 14 | train acc: 0.9306, train loss: 0.51938960, valid acc: 0.9215, valid loss: 0.26497097, test acc: 0.8786, test loss: 1.61195243
[2026-06-25 23:50:15,834][root][INFO] - Epoch: 14 | train acc: 0.9311, train loss: 0.47372910, valid acc: 0.9188, valid loss: 0.27091047, test acc: 0.8928, test loss: 1.14228166
[2026-06-25 23:50:16,755][root][INFO] - reg loss: 6.019799966660757, entropy loss: 0.17808576976811444, leaf dev: 0.09675143659114838
[2026-06-25 23:50:16,756][root][INFO] - Val leaf stats: tensor([1.6156e-02, 9.3388e-05, 3.0818e-03, 2.5775e-02, 6.9761e-02, 1.1860e-02,
        1.1487e-02, 1.2626e-01, 9.3388e-05, 3.5170e-01, 6.5372e-04, 1.8902e-01,
        2.1666e-02, 2.6709e-02, 3.2686e-03, 1.4242e-01])
[2026-06-25 23:50:16,941][root][INFO] - reg loss: 6.946478755385788, entropy loss: 0.267613209192715, leaf dev: 0.0713285431265831
[2026-06-25 23:50:16,942][root][INFO] - Val leaf stats: tensor([0.0766, 0.0778, 0.0016, 0.0870, 0.0034, 0.0714, 0.1259, 0.0166, 0.0126,
        0.0871, 0.0166, 0.2579, 0.1532, 0.0075, 0.0026, 0.0021])
[2026-06-25 23:50:18,103][root][INFO] - reg loss: 5.986927640501153, entropy loss: 0.14039708177248636, leaf dev: 0.07453963160514832
[2026-06-25 23:50:18,104][root][INFO] - Val leaf stats: tensor([5.9768e-03, 1.4877e-01, 4.6694e-04, 1.6642e-01, 1.5876e-03, 7.1442e-02,
        3.7916e-02, 3.7355e-04, 2.0545e-03, 4.4173e-02, 4.4733e-02, 6.2570e-02,
        2.2460e-01, 1.2794e-02, 1.7594e-01, 1.8678e-04])
[2026-06-25 23:50:18,271][root][INFO] - reg loss: 6.948625665493112, entropy loss: 0.23976056072762403, leaf dev: 0.07941801100969315
[2026-06-25 23:50:18,273][root][INFO] - Val leaf stats: tensor([0.0051, 0.0728, 0.0009, 0.1375, 0.0053, 0.0808, 0.0081, 0.0442, 0.1657,
        0.0784, 0.0250, 0.0018, 0.2942, 0.0246, 0.0542, 0.0014])
[2026-06-25 23:50:18,594][root][INFO] - Epoch: 30 | train acc: 0.9332, train loss: 1.03101017, valid acc: 0.9117, valid loss: 0.31900525, test acc: 0.9103, test loss: 0.32703662
[2026-06-25 23:50:19,573][root][INFO] - Epoch: 14 | train acc: 0.9079, train loss: 0.84029008, valid acc: 0.8833, valid loss: 0.37852835, test acc: 0.8746, test loss: 0.57774582
[2026-06-25 23:50:20,902][root][INFO] - Epoch: 29 | train acc: 0.9496, train loss: 0.17175409, valid acc: 0.9287, valid loss: 0.25205962, test acc: 0.9327, test loss: 0.26102544
[2026-06-25 23:50:21,670][root][INFO] - Epoch: 14 | train acc: 0.9361, train loss: 1.23648291, valid acc: 0.9262, valid loss: 0.25178137, test acc: 0.9045, test loss: 0.48545465
[2026-06-25 23:50:22,024][root][INFO] - reg loss: 5.740507630444077, entropy loss: 0.13392754175044871, leaf dev: 0.07491270452737808
[2026-06-25 23:50:22,026][root][INFO] - Val leaf stats: tensor([1.1169e-01, 9.3388e-05, 2.4281e-03, 4.9496e-03, 7.3310e-02, 4.2492e-02,
        1.9331e-01, 1.0366e-02, 1.1207e-03, 9.8991e-03, 3.5021e-02, 1.0497e-01,
        1.8117e-02, 4.1091e-03, 1.6660e-01, 2.2152e-01])
[2026-06-25 23:50:22,051][root][INFO] - reg loss: 5.74276087419042, entropy loss: 0.09922300841448442, leaf dev: 0.0948401391506195
[2026-06-25 23:50:22,052][root][INFO] - Val leaf stats: tensor([0.0000e+00, 0.0000e+00, 2.1633e-01, 3.6000e-02, 3.4167e-02, 0.0000e+00,
        0.0000e+00, 0.0000e+00, 1.9050e-01, 0.0000e+00, 2.8100e-01, 1.6900e-01,
        0.0000e+00, 7.3333e-03, 1.6667e-04, 6.5500e-02])
[2026-06-25 23:50:24,373][root][INFO] - reg loss: 6.329885257864898, entropy loss: 0.30720718823513893, leaf dev: 0.07478953152894974
[2026-06-25 23:50:24,374][root][INFO] - Val leaf stats: tensor([8.2167e-02, 8.8333e-02, 1.7750e-01, 1.7417e-01, 9.0333e-02, 2.6667e-03,
        1.6667e-04, 1.6667e-04, 1.6667e-04, 6.6667e-04, 1.2967e-01, 2.0983e-01,
        0.0000e+00, 2.5333e-02, 1.8833e-02, 0.0000e+00])
[2026-06-25 23:50:24,503][root][INFO] - reg loss: 5.656552102830675, entropy loss: 0.127888678518868, leaf dev: 0.06890752166509628
[2026-06-25 23:50:24,504][root][INFO] - Val leaf stats: tensor([0.1104, 0.0000, 0.0040, 0.0178, 0.0685, 0.1535, 0.1826, 0.0664, 0.0014,
        0.0021, 0.1662, 0.1608, 0.0067, 0.0032, 0.0225, 0.0338])
[2026-06-25 23:50:26,157][root][INFO] - Epoch: 15 | train acc: 0.9357, train loss: 0.31788512, valid acc: 0.9290, valid loss: 0.24877102, test acc: 0.8916, test loss: 0.55747058
[2026-06-25 23:50:26,457][root][INFO] - Epoch: 29 | train acc: 0.9253, train loss: 0.68205811, valid acc: 0.9128, valid loss: 0.32718380, test acc: 0.9140, test loss: 0.32755767
[2026-06-25 23:50:28,872][root][INFO] - reg loss: 6.063134190897462, entropy loss: 0.1975551588983132, leaf dev: 0.06306726485490799
[2026-06-25 23:50:28,873][root][INFO] - Val leaf stats: tensor([0.2277, 0.0780, 0.0671, 0.0662, 0.0020, 0.0689, 0.0247, 0.0500, 0.0027,
        0.0808, 0.0386, 0.1652, 0.1095, 0.0053, 0.0128, 0.0007])
[2026-06-25 23:50:29,830][root][INFO] - reg loss: 5.471969986861607, entropy loss: 0.10654380158433374, leaf dev: 0.11272545903921127
[2026-06-25 23:50:29,831][root][INFO] - Val leaf stats: tensor([0.0000, 0.0145, 0.3487, 0.0117, 0.2120, 0.0000, 0.2838, 0.0307, 0.0237,
        0.0093, 0.0640, 0.0005, 0.0000, 0.0012, 0.0000, 0.0000])
[2026-06-25 23:50:33,993][root][INFO] - Epoch: 29 | train acc: 0.9099, train loss: 0.86267309, valid acc: 0.8803, valid loss: 0.42580300, test acc: 0.8851, test loss: 0.39696161
[2026-06-25 23:50:34,244][root][INFO] - Epoch: 30 | train acc: 0.9344, train loss: 0.31791447, valid acc: 0.9177, valid loss: 0.28670185, test acc: 0.9189, test loss: 0.29109239
[2026-06-25 23:50:35,113][root][INFO] - Epoch: 30 | train acc: 0.9400, train loss: 0.28964241, valid acc: 0.9123, valid loss: 0.30434039, test acc: 0.9165, test loss: 0.28394578
[2026-06-25 23:50:35,444][root][INFO] - Epoch: 30 | train acc: 0.9455, train loss: 0.44427053, valid acc: 0.9157, valid loss: 0.30122875, test acc: 0.9229, test loss: 0.27494745
[2026-06-25 23:50:37,856][root][INFO] - reg loss: 5.13316362309006, entropy loss: 0.06897877198907565, leaf dev: 0.11368238925933838
[2026-06-25 23:50:37,857][root][INFO] - Val leaf stats: tensor([0.2488, 0.3190, 0.0010, 0.0000, 0.0315, 0.0000, 0.0022, 0.2855, 0.0000,
        0.0048, 0.0000, 0.0000, 0.0067, 0.1005, 0.0000, 0.0000])
[2026-06-25 23:50:38,213][root][INFO] - reg loss: 5.804326255366488, entropy loss: 0.18692400657905722, leaf dev: 0.08470729738473892
[2026-06-25 23:50:38,215][root][INFO] - Val leaf stats: tensor([5.4667e-02, 3.5833e-02, 2.4600e-01, 3.3333e-04, 7.8333e-02, 4.4667e-02,
        0.0000e+00, 6.3333e-03, 1.8383e-01, 2.3333e-03, 1.3417e-01, 2.1300e-01,
        0.0000e+00, 0.0000e+00, 1.6667e-04, 3.3333e-04])
[2026-06-25 23:50:38,227][root][INFO] - Epoch: 15 | train acc: 0.9350, train loss: 0.59945881, valid acc: 0.9202, valid loss: 0.26780407, test acc: 0.9017, test loss: 0.72080483
[2026-06-25 23:50:38,521][root][INFO] - reg loss: 5.8342890559502365, entropy loss: 0.1745850550678541, leaf dev: 0.0836898609995842
[2026-06-25 23:50:38,522][root][INFO] - Val leaf stats: tensor([0.0005, 0.0007, 0.2020, 0.0903, 0.0000, 0.0090, 0.1253, 0.0528, 0.0000,
        0.0113, 0.0390, 0.0363, 0.1748, 0.2578, 0.0000, 0.0000])
[2026-06-25 23:50:39,739][root][INFO] - reg loss: 5.823658124455866, entropy loss: 0.1268702432653814, leaf dev: 0.0779302641749382
[2026-06-25 23:50:39,740][root][INFO] - Val leaf stats: tensor([0.0000, 0.0000, 0.0040, 0.0000, 0.1137, 0.0662, 0.0058, 0.1645, 0.0032,
        0.2180, 0.0000, 0.0148, 0.1182, 0.1958, 0.0955, 0.0003])
[2026-06-25 23:50:40,714][root][INFO] - Epoch: 15 | train acc: 0.9283, train loss: 1.18254977, valid acc: 0.9195, valid loss: 0.27236981, test acc: 0.8761, test loss: 1.02764292
[2026-06-25 23:50:41,009][root][INFO] - reg loss: 5.978423431436852, entropy loss: 0.1887931602184104, leaf dev: 0.08161789178848267
[2026-06-25 23:50:41,010][root][INFO] - Val leaf stats: tensor([0.0005, 0.0010, 0.0475, 0.0614, 0.0268, 0.3245, 0.0512, 0.0569, 0.0021,
        0.1694, 0.0096, 0.0649, 0.0756, 0.0032, 0.0633, 0.0421])
[2026-06-25 23:50:43,767][root][INFO] - reg loss: 5.971859992496551, entropy loss: 0.11780399442822845, leaf dev: 0.07652698457241058
[2026-06-25 23:50:43,769][root][INFO] - Val leaf stats: tensor([3.2499e-02, 7.2749e-02, 1.0273e-03, 1.2140e-01, 2.3347e-03, 4.4266e-02,
        1.2140e-03, 1.5876e-02, 2.3347e-03, 1.1786e-01, 5.4445e-02, 1.4802e-01,
        2.8054e-01, 7.8446e-03, 9.7497e-02, 9.3388e-05])
[2026-06-25 23:50:46,242][root][INFO] - Epoch: 16 | train acc: 0.9201, train loss: 0.26474210, valid acc: 0.9149, valid loss: 0.28008404, test acc: 0.9030, test loss: 1.07789131
[2026-06-25 23:50:46,509][root][INFO] - Epoch: 15 | train acc: 0.9330, train loss: 0.40831093, valid acc: 0.9154, valid loss: 0.28413524, test acc: 0.8701, test loss: 0.78293719
[2026-06-25 23:50:47,373][root][INFO] - Epoch: 15 | train acc: 0.9168, train loss: 0.53988398, valid acc: 0.9174, valid loss: 0.28827498, test acc: 0.8755, test loss: 1.74504588
[2026-06-25 23:50:47,830][root][INFO] - Epoch: 31 | train acc: 0.9217, train loss: 1.01269805, valid acc: 0.8290, valid loss: 0.51449866, test acc: 0.8238, test loss: 0.52858267
[2026-06-25 23:50:48,898][root][INFO] - reg loss: 6.256225421945885, entropy loss: 0.24051969037169502, leaf dev: 0.07889943569898605
[2026-06-25 23:50:48,899][root][INFO] - Val leaf stats: tensor([0.0407, 0.0509, 0.0013, 0.0697, 0.0035, 0.0778, 0.1562, 0.0264, 0.0071,
        0.0912, 0.0100, 0.2821, 0.1655, 0.0110, 0.0045, 0.0020])
[2026-06-25 23:50:49,022][root][INFO] - reg loss: 5.880941837552994, entropy loss: 0.17417781504373703, leaf dev: 0.08177489042282104
[2026-06-25 23:50:49,023][root][INFO] - Val leaf stats: tensor([0.0225, 0.0000, 0.0035, 0.0576, 0.0696, 0.0461, 0.0105, 0.1095, 0.0003,
        0.2674, 0.0008, 0.1384, 0.0285, 0.0224, 0.0039, 0.2189])
[2026-06-25 23:50:49,952][root][INFO] - Epoch: 15 | train acc: 0.9370, train loss: 0.45893466, valid acc: 0.9174, valid loss: 0.30167688, test acc: 0.8912, test loss: 1.17143381
[2026-06-25 23:50:50,017][root][INFO] - reg loss: 5.5466904942951505, entropy loss: 0.12920672280920875, leaf dev: 0.07941178232431412
[2026-06-25 23:50:50,018][root][INFO] - Val leaf stats: tensor([2.2507e-02, 2.6662e-01, 9.3388e-05, 1.8948e-01, 1.8678e-03, 7.3123e-02,
        2.8670e-02, 4.6694e-04, 1.7744e-03, 3.5394e-02, 2.8483e-02, 8.4143e-02,
        1.2346e-01, 5.6967e-03, 1.3784e-01, 3.7355e-04])
[2026-06-25 23:50:50,371][root][INFO] - Epoch: 30 | train acc: 0.9450, train loss: 0.18695777, valid acc: 0.9068, valid loss: 0.31775943, test acc: 0.9107, test loss: 0.30775789
[2026-06-25 23:50:51,693][root][INFO] - reg loss: 5.642412091201207, entropy loss: 0.09328466850631642, leaf dev: 0.10970733314752579
[2026-06-25 23:50:51,694][root][INFO] - Val leaf stats: tensor([0.0000e+00, 0.0000e+00, 1.3900e-01, 2.7500e-02, 1.3033e-01, 0.0000e+00,
        0.0000e+00, 0.0000e+00, 2.8000e-02, 0.0000e+00, 4.1133e-01, 1.6967e-01,
        0.0000e+00, 9.6667e-03, 1.6667e-04, 8.4333e-02])
[2026-06-25 23:50:52,097][root][INFO] - Epoch: 15 | train acc: 0.9121, train loss: 0.81982693, valid acc: 0.8839, valid loss: 0.36680703, test acc: 0.8653, test loss: 0.63313169
[2026-06-25 23:50:52,887][root][INFO] - reg loss: 6.957541975394759, entropy loss: 0.23918988094443366, leaf dev: 0.0655839815735817
[2026-06-25 23:50:52,888][root][INFO] - Val leaf stats: tensor([0.0082, 0.0746, 0.0007, 0.1188, 0.0050, 0.0770, 0.0217, 0.0340, 0.1660,
        0.1052, 0.0340, 0.0035, 0.2183, 0.0221, 0.1082, 0.0026])
[2026-06-25 23:50:54,393][root][INFO] - reg loss: 6.485597426036619, entropy loss: 0.30785161031866976, leaf dev: 0.07382802665233612
[2026-06-25 23:50:54,394][root][INFO] - Val leaf stats: tensor([6.3667e-02, 1.9333e-01, 1.6033e-01, 1.0867e-01, 1.1667e-01, 3.3333e-03,
        1.6667e-04, 1.6667e-04, 1.6667e-04, 8.3333e-04, 1.2483e-01, 1.8783e-01,
        0.0000e+00, 2.3500e-02, 1.6500e-02, 0.0000e+00])
[2026-06-25 23:50:54,625][root][INFO] - reg loss: 5.658587041986052, entropy loss: 0.13220281906859585, leaf dev: 0.07145048677921295
[2026-06-25 23:50:54,632][root][INFO] - Val leaf stats: tensor([1.0254e-01, 9.3388e-05, 3.1752e-03, 5.0430e-03, 7.6018e-02, 1.3765e-01,
        8.8719e-02, 4.5760e-03, 8.4049e-04, 4.8562e-03, 4.1744e-02, 1.1038e-01,
        2.1199e-02, 4.1091e-03, 2.3011e-01, 1.6894e-01])
[2026-06-25 23:50:54,685][root][INFO] - Epoch: 15 | train acc: 0.9392, train loss: 1.22363619, valid acc: 0.9296, valid loss: 0.24827422, test acc: 0.9117, test loss: 0.47682045
[2026-06-25 23:50:56,684][root][INFO] - Epoch: 30 | train acc: 0.9172, train loss: 0.71803050, valid acc: 0.8695, valid loss: 0.44040744, test acc: 0.8675, test loss: 0.46020922
[2026-06-25 23:50:57,287][root][INFO] - reg loss: 5.770588445915747, entropy loss: 0.12687917242920588, leaf dev: 0.07126268744468689
[2026-06-25 23:50:57,288][root][INFO] - Val leaf stats: tensor([1.2103e-01, 9.3388e-05, 4.9496e-03, 1.8397e-02, 6.8547e-02, 1.2056e-01,
        2.1722e-01, 6.6959e-02, 1.3074e-03, 2.2413e-03, 1.7146e-01, 1.4849e-01,
        7.1909e-03, 3.2686e-03, 1.7837e-02, 3.0445e-02])
[2026-06-25 23:50:57,861][root][INFO] - Epoch: 16 | train acc: 0.9231, train loss: 0.36137866, valid acc: 0.8949, valid loss: 0.39439211, test acc: 0.9032, test loss: 1.37636021
[2026-06-25 23:51:00,108][root][INFO] - reg loss: 6.041057702725526, entropy loss: 0.1991484108425322, leaf dev: 0.06433930993080139
[2026-06-25 23:51:00,109][root][INFO] - Val leaf stats: tensor([0.0338, 0.0447, 0.0061, 0.0616, 0.0019, 0.1601, 0.0229, 0.1044, 0.0027,
        0.0964, 0.0446, 0.1659, 0.2008, 0.0275, 0.0264, 0.0003])
[2026-06-25 23:51:00,382][root][INFO] - reg loss: 5.5617892922095535, entropy loss: 0.10953625692230351, leaf dev: 0.11768960952758789
[2026-06-25 23:51:00,383][root][INFO] - Val leaf stats: tensor([0.0000, 0.0115, 0.2353, 0.0065, 0.3927, 0.0000, 0.2362, 0.0228, 0.0185,
        0.0148, 0.0605, 0.0005, 0.0000, 0.0007, 0.0000, 0.0000])
[2026-06-25 23:51:04,500][root][INFO] - Epoch: 30 | train acc: 0.9134, train loss: 0.85726091, valid acc: 0.8870, valid loss: 0.40986387, test acc: 0.8874, test loss: 0.38566701
[2026-06-25 23:51:05,170][root][INFO] - Epoch: 31 | train acc: 0.9389, train loss: 0.30456483, valid acc: 0.9188, valid loss: 0.27954590, test acc: 0.9219, test loss: 0.27798299
[2026-06-25 23:51:06,182][root][INFO] - Epoch: 31 | train acc: 0.9364, train loss: 0.30926280, valid acc: 0.9062, valid loss: 0.33170959, test acc: 0.9138, test loss: 0.30323766
[2026-06-25 23:51:06,731][root][INFO] - Epoch: 31 | train acc: 0.9456, train loss: 0.44712762, valid acc: 0.9200, valid loss: 0.28288403, test acc: 0.9232, test loss: 0.28050092
[2026-06-25 23:51:08,458][root][INFO] - reg loss: 5.14844858871316, entropy loss: 0.07011304472414952, leaf dev: 0.11303722858428955
[2026-06-25 23:51:08,459][root][INFO] - Val leaf stats: tensor([0.2285, 0.3393, 0.0010, 0.0000, 0.0427, 0.0000, 0.0045, 0.2745, 0.0000,
        0.0052, 0.0000, 0.0000, 0.0067, 0.0977, 0.0000, 0.0000])
[2026-06-25 23:51:08,867][root][INFO] - Epoch: 16 | train acc: 0.9407, train loss: 0.58192412, valid acc: 0.9331, valid loss: 0.22858055, test acc: 0.9055, test loss: 0.57066222
[2026-06-25 23:51:09,072][root][INFO] - reg loss: 5.742193437972158, entropy loss: 0.18840661265377728, leaf dev: 0.08885054290294647
[2026-06-25 23:51:09,073][root][INFO] - Val leaf stats: tensor([0.0483, 0.0400, 0.2427, 0.0008, 0.0658, 0.0227, 0.0000, 0.0035, 0.2080,
        0.0038, 0.1398, 0.2245, 0.0000, 0.0000, 0.0000, 0.0000])
[2026-06-25 23:51:09,749][root][INFO] - reg loss: 5.971080379666023, entropy loss: 0.1806093448737882, leaf dev: 0.07305928319692612
[2026-06-25 23:51:09,750][root][INFO] - Val leaf stats: tensor([0.0003, 0.0005, 0.2457, 0.0803, 0.0000, 0.0120, 0.1328, 0.0612, 0.0000,
        0.0792, 0.0590, 0.0560, 0.0913, 0.1817, 0.0000, 0.0000])
[2026-06-25 23:51:10,431][root][INFO] - reg loss: 5.828394439985168, entropy loss: 0.12776335490480908, leaf dev: 0.08078460395336151
[2026-06-25 23:51:10,432][root][INFO] - Val leaf stats: tensor([0.0000, 0.0000, 0.0078, 0.0000, 0.1572, 0.1103, 0.0342, 0.2407, 0.0013,
        0.1268, 0.0000, 0.0063, 0.1105, 0.1892, 0.0157, 0.0000])
[2026-06-25 23:51:10,883][root][INFO] - reg loss: 6.0285918523394875, entropy loss: 0.1906548667521704, leaf dev: 0.0639626532793045
[2026-06-25 23:51:10,885][root][INFO] - Val leaf stats: tensor([0.0008, 0.0008, 0.0437, 0.0622, 0.0306, 0.2227, 0.1404, 0.0584, 0.0022,
        0.1652, 0.0119, 0.0736, 0.0745, 0.0035, 0.0582, 0.0513])
[2026-06-25 23:51:12,146][root][INFO] - Epoch: 16 | train acc: 0.9330, train loss: 1.14887292, valid acc: 0.9178, valid loss: 0.26616252, test acc: 0.8723, test loss: 1.05758255
[2026-06-25 23:51:15,142][root][INFO] - reg loss: 5.924801947578551, entropy loss: 0.115380210614709, leaf dev: 0.07592201977968216
[2026-06-25 23:51:15,143][root][INFO] - Val leaf stats: tensor([2.8297e-02, 8.1995e-02, 8.4049e-04, 1.2626e-01, 2.5215e-03, 4.9963e-02,
        1.2140e-03, 1.6810e-02, 2.3347e-03, 1.0366e-01, 6.2477e-02, 1.3270e-01,
        2.8390e-01, 8.0314e-03, 9.8898e-02, 9.3388e-05])
[2026-06-25 23:51:16,853][root][INFO] - Epoch: 32 | train acc: 0.9144, train loss: 0.98714073, valid acc: 0.9050, valid loss: 0.34218669, test acc: 0.9020, test loss: 0.35556081
[2026-06-25 23:51:18,794][root][INFO] - Epoch: 17 | train acc: 0.9292, train loss: 0.24577764, valid acc: 0.8908, valid loss: 0.35320541, test acc: 0.8756, test loss: 1.25503284
[2026-06-25 23:51:19,659][root][INFO] - Epoch: 16 | train acc: 0.9377, train loss: 0.38231144, valid acc: 0.9254, valid loss: 0.25042170, test acc: 0.8926, test loss: 0.81394535
[2026-06-25 23:51:19,733][root][INFO] - Epoch: 31 | train acc: 0.9376, train loss: 0.20927823, valid acc: 0.9255, valid loss: 0.26615265, test acc: 0.9279, test loss: 0.27627603
[2026-06-25 23:51:20,337][root][INFO] - Epoch: 16 | train acc: 0.9188, train loss: 0.52232568, valid acc: 0.8931, valid loss: 0.33407998, test acc: 0.8156, test loss: 1.82498654
[2026-06-25 23:51:20,717][root][INFO] - reg loss: 5.585586642319301, entropy loss: 0.08678378839537783, leaf dev: 0.09952875971794128
[2026-06-25 23:51:20,718][root][INFO] - Val leaf stats: tensor([0.0000e+00, 0.0000e+00, 2.4933e-01, 4.0500e-02, 7.0833e-02, 0.0000e+00,
        0.0000e+00, 0.0000e+00, 2.8833e-02, 0.0000e+00, 3.2250e-01, 1.4733e-01,
        0.0000e+00, 1.6167e-02, 1.6667e-04, 1.2433e-01])
[2026-06-25 23:51:21,262][root][INFO] - reg loss: 6.204249606561408, entropy loss: 0.23193930641368585, leaf dev: 0.07540254294872284
[2026-06-25 23:51:21,263][root][INFO] - Val leaf stats: tensor([0.0571, 0.0695, 0.0010, 0.0967, 0.0004, 0.0587, 0.1879, 0.0144, 0.0049,
        0.0435, 0.0042, 0.1085, 0.2682, 0.0078, 0.0754, 0.0018])
[2026-06-25 23:51:22,333][root][INFO] - Epoch: 16 | train acc: 0.9402, train loss: 0.44009955, valid acc: 0.9264, valid loss: 0.25573310, test acc: 0.9067, test loss: 0.54246242
[2026-06-25 23:51:22,438][root][INFO] - reg loss: 5.91576257584587, entropy loss: 0.17195260343412874, leaf dev: 0.09712467342615128
[2026-06-25 23:51:22,439][root][INFO] - Val leaf stats: tensor([1.3448e-02, 0.0000e+00, 3.6421e-03, 3.8569e-02, 6.9574e-02, 3.8849e-02,
        1.3355e-02, 1.1263e-01, 1.8678e-04, 3.7579e-01, 9.3388e-04, 1.5306e-01,
        3.2966e-02, 1.1487e-02, 4.2959e-03, 1.3121e-01])
[2026-06-25 23:51:22,923][root][INFO] - reg loss: 5.576135531935112, entropy loss: 0.1293858822297167, leaf dev: 0.0712880939245224
[2026-06-25 23:51:22,924][root][INFO] - Val leaf stats: tensor([0.0107, 0.2182, 0.0003, 0.1653, 0.0017, 0.0709, 0.1052, 0.0005, 0.0020,
        0.0323, 0.0296, 0.0742, 0.1319, 0.0063, 0.1506, 0.0003])
[2026-06-25 23:51:24,441][root][INFO] - reg loss: 6.447915958908369, entropy loss: 0.302412710662158, leaf dev: 0.07588556408882141
[2026-06-25 23:51:24,442][root][INFO] - Val leaf stats: tensor([5.9333e-02, 8.0000e-02, 1.6550e-01, 1.8850e-01, 9.6667e-02, 2.1667e-03,
        3.3333e-04, 1.6667e-04, 3.3333e-04, 3.6667e-03, 1.5717e-01, 2.0250e-01,
        0.0000e+00, 2.4333e-02, 1.9333e-02, 0.0000e+00])
[2026-06-25 23:51:24,897][root][INFO] - reg loss: 6.79317009890521, entropy loss: 0.23000217658817454, leaf dev: 0.062496136873960495
[2026-06-25 23:51:24,899][root][INFO] - Val leaf stats: tensor([0.0112, 0.0921, 0.0007, 0.1299, 0.0052, 0.0691, 0.0426, 0.0406, 0.1747,
        0.1786, 0.0498, 0.0021, 0.1442, 0.0206, 0.0348, 0.0037])
[2026-06-25 23:51:25,302][root][INFO] - Epoch: 16 | train acc: 0.9139, train loss: 0.80757566, valid acc: 0.9114, valid loss: 0.30607861, test acc: 0.8570, test loss: 0.65518951
[2026-06-25 23:51:27,086][root][INFO] - Epoch: 16 | train acc: 0.9424, train loss: 1.18833725, valid acc: 0.9296, valid loss: 0.24457760, test acc: 0.9091, test loss: 0.54550358
[2026-06-25 23:51:27,922][root][INFO] - reg loss: 5.682445483232932, entropy loss: 0.13063547779958715, leaf dev: 0.06485414505004883
[2026-06-25 23:51:27,923][root][INFO] - Val leaf stats: tensor([0.1469, 0.0002, 0.0023, 0.0082, 0.0741, 0.0940, 0.1043, 0.0051, 0.0011,
        0.0097, 0.0762, 0.1627, 0.0141, 0.0042, 0.1806, 0.1162])
[2026-06-25 23:51:28,094][root][INFO] - Epoch: 31 | train acc: 0.9119, train loss: 0.75367397, valid acc: 0.9097, valid loss: 0.32200196, test acc: 0.9093, test loss: 0.32895563
[2026-06-25 23:51:29,226][root][INFO] - reg loss: 5.696459535568479, entropy loss: 0.12362663223156853, leaf dev: 0.07064741849899292
[2026-06-25 23:51:29,227][root][INFO] - Val leaf stats: tensor([1.1860e-01, 9.3388e-05, 5.5099e-03, 1.9798e-02, 6.9014e-02, 1.1832e-01,
        2.1862e-01, 6.6492e-02, 1.2140e-03, 5.1363e-03, 1.7081e-01, 1.4569e-01,
        6.4438e-03, 3.4554e-03, 1.7464e-02, 3.3340e-02])
[2026-06-25 23:51:31,245][root][INFO] - Epoch: 17 | train acc: 0.9251, train loss: 0.35901775, valid acc: 0.9270, valid loss: 0.25895924, test acc: 0.9141, test loss: 1.43389264
[2026-06-25 23:51:32,047][root][INFO] - reg loss: 5.690627831333089, entropy loss: 0.11458395470706921, leaf dev: 0.10034586489200592
[2026-06-25 23:51:32,048][root][INFO] - Val leaf stats: tensor([0.0000, 0.0125, 0.3295, 0.0147, 0.2358, 0.0000, 0.1830, 0.0277, 0.0647,
        0.0322, 0.0975, 0.0010, 0.0000, 0.0015, 0.0000, 0.0000])
[2026-06-25 23:51:33,584][root][INFO] - reg loss: 6.261837754930768, entropy loss: 0.207735301404403, leaf dev: 0.060906559228897095
[2026-06-25 23:51:33,585][root][INFO] - Val leaf stats: tensor([0.1323, 0.0543, 0.0111, 0.0666, 0.0029, 0.0748, 0.0266, 0.0438, 0.0024,
        0.0986, 0.0427, 0.1711, 0.2042, 0.0382, 0.0301, 0.0003])
[2026-06-25 23:51:34,880][root][INFO] - Epoch: 31 | train acc: 0.9179, train loss: 0.85043133, valid acc: 0.8880, valid loss: 0.40643877, test acc: 0.8913, test loss: 0.38169373
[2026-06-25 23:51:36,341][root][INFO] - Epoch: 32 | train acc: 0.9414, train loss: 0.29901370, valid acc: 0.9220, valid loss: 0.27219741, test acc: 0.9216, test loss: 0.28037604
[2026-06-25 23:51:37,121][root][INFO] - Epoch: 32 | train acc: 0.9359, train loss: 0.31429339, valid acc: 0.9090, valid loss: 0.32453839, test acc: 0.9126, test loss: 0.30373546
[2026-06-25 23:51:37,424][root][INFO] - Epoch: 32 | train acc: 0.9430, train loss: 0.44326275, valid acc: 0.9097, valid loss: 0.31370392, test acc: 0.9148, test loss: 0.28632457
[2026-06-25 23:51:38,457][root][INFO] - reg loss: 5.1604735221502915, entropy loss: 0.07070731420843106, leaf dev: 0.11121577024459839
[2026-06-25 23:51:38,459][root][INFO] - Val leaf stats: tensor([0.2387, 0.3250, 0.0010, 0.0000, 0.0512, 0.0000, 0.0042, 0.2705, 0.0000,
        0.0050, 0.0000, 0.0000, 0.0067, 0.0978, 0.0000, 0.0000])
[2026-06-25 23:51:40,054][root][INFO] - reg loss: 5.798040772384068, entropy loss: 0.1945222132610825, leaf dev: 0.08831331133842468
[2026-06-25 23:51:40,055][root][INFO] - Val leaf stats: tensor([0.0498, 0.0343, 0.2405, 0.0008, 0.0772, 0.0220, 0.0000, 0.0033, 0.2003,
        0.0032, 0.1407, 0.2272, 0.0000, 0.0000, 0.0007, 0.0000])
[2026-06-25 23:51:40,727][root][INFO] - reg loss: 6.037695551818272, entropy loss: 0.19034348906211132, leaf dev: 0.0892714112997055
[2026-06-25 23:51:40,728][root][INFO] - Val leaf stats: tensor([3.3333e-04, 1.6667e-04, 2.0000e-01, 5.4000e-02, 0.0000e+00, 1.0833e-02,
        1.1033e-01, 4.9333e-02, 0.0000e+00, 1.6667e-03, 3.8167e-02, 4.6833e-02,
        2.1667e-01, 2.7167e-01, 0.0000e+00, 0.0000e+00])
[2026-06-25 23:51:41,019][root][INFO] - Epoch: 17 | train acc: 0.9377, train loss: 0.57946177, valid acc: 0.9207, valid loss: 0.26394242, test acc: 0.9047, test loss: 0.53410873
[2026-06-25 23:51:41,245][root][INFO] - reg loss: 5.799543412226551, entropy loss: 0.12277828178034639, leaf dev: 0.07878898084163666
[2026-06-25 23:51:41,246][root][INFO] - Val leaf stats: tensor([0.0000e+00, 0.0000e+00, 1.3833e-02, 0.0000e+00, 1.4483e-01, 7.7167e-02,
        1.5167e-02, 2.0850e-01, 3.5000e-03, 1.7283e-01, 0.0000e+00, 9.0000e-03,
        1.6833e-01, 1.6067e-01, 2.6000e-02, 1.6667e-04])
[2026-06-25 23:51:44,179][root][INFO] - reg loss: 6.008000434391082, entropy loss: 0.18551998581520465, leaf dev: 0.07565080374479294
[2026-06-25 23:51:44,181][root][INFO] - Val leaf stats: tensor([0.0009, 0.0007, 0.0727, 0.0458, 0.0023, 0.0938, 0.2906, 0.0438, 0.0027,
        0.1662, 0.0105, 0.0677, 0.0799, 0.0036, 0.0602, 0.0586])
[2026-06-25 23:51:45,055][root][INFO] - Epoch: 17 | train acc: 0.9346, train loss: 1.12712031, valid acc: 0.9218, valid loss: 0.26388006, test acc: 0.8730, test loss: 1.04756605
[2026-06-25 23:51:46,917][root][INFO] - Epoch: 33 | train acc: 0.9253, train loss: 0.94633269, valid acc: 0.8980, valid loss: 0.35328083, test acc: 0.9021, test loss: 0.35651934
[2026-06-25 23:51:47,899][root][INFO] - reg loss: 5.8901445499803655, entropy loss: 0.11355959576746774, leaf dev: 0.06982621550559998
[2026-06-25 23:51:47,900][root][INFO] - Val leaf stats: tensor([0.0318, 0.1204, 0.0008, 0.1325, 0.0025, 0.0507, 0.0012, 0.0240, 0.0021,
        0.0952, 0.0684, 0.1266, 0.2464, 0.0029, 0.0946, 0.0000])
[2026-06-25 23:51:50,289][root][INFO] - Epoch: 32 | train acc: 0.9469, train loss: 0.17994880, valid acc: 0.9220, valid loss: 0.27092570, test acc: 0.9230, test loss: 0.29060584
[2026-06-25 23:51:51,121][root][INFO] - reg loss: 5.572599249066047, entropy loss: 0.0860251601574556, leaf dev: 0.10083751380443573
[2026-06-25 23:51:51,122][root][INFO] - Val leaf stats: tensor([0.0000e+00, 0.0000e+00, 2.8983e-01, 4.7333e-02, 8.6500e-02, 0.0000e+00,
        0.0000e+00, 0.0000e+00, 2.5833e-02, 0.0000e+00, 3.0750e-01, 1.0100e-01,
        0.0000e+00, 1.7000e-02, 1.6667e-04, 1.2483e-01])
[2026-06-25 23:51:51,854][root][INFO] - Epoch: 18 | train acc: 0.9281, train loss: 0.24501129, valid acc: 0.9190, valid loss: 0.27258285, test acc: 0.9072, test loss: 1.19319000
[2026-06-25 23:51:53,176][root][INFO] - Epoch: 17 | train acc: 0.9390, train loss: 0.37355430, valid acc: 0.9205, valid loss: 0.26368355, test acc: 0.8907, test loss: 0.54642465
[2026-06-25 23:51:53,238][root][INFO] - Epoch: 17 | train acc: 0.9037, train loss: 0.58442704, valid acc: 0.9075, valid loss: 0.34140395, test acc: 0.8681, test loss: 1.76413806
[2026-06-25 23:51:54,187][root][INFO] - reg loss: 6.3878919358523385, entropy loss: 0.3033704960121299, leaf dev: 0.06879203766584396
[2026-06-25 23:51:54,188][root][INFO] - Val leaf stats: tensor([7.9833e-02, 9.8500e-02, 2.0883e-01, 1.6467e-01, 1.2117e-01, 7.6667e-03,
        5.0000e-04, 1.6667e-04, 3.3333e-04, 3.5000e-03, 6.6000e-02, 1.5000e-01,
        0.0000e+00, 3.9167e-02, 5.9500e-02, 1.6667e-04])
[2026-06-25 23:51:54,365][root][INFO] - reg loss: 6.088021727466079, entropy loss: 0.21348789744276217, leaf dev: 0.059815701097249985
[2026-06-25 23:51:54,366][root][INFO] - Val leaf stats: tensor([0.1653, 0.1107, 0.0017, 0.0948, 0.0015, 0.0693, 0.1590, 0.0171, 0.0074,
        0.0419, 0.0121, 0.1028, 0.1426, 0.0064, 0.0657, 0.0018])
[2026-06-25 23:51:55,606][root][INFO] - reg loss: 5.848943432802876, entropy loss: 0.1674448878519119, leaf dev: 0.09602153301239014
[2026-06-25 23:51:55,606][root][INFO] - Val leaf stats: tensor([2.5215e-02, 1.8678e-04, 3.2686e-03, 2.7830e-02, 6.9761e-02, 3.6795e-02,
        1.2888e-02, 1.1207e-01, 1.8678e-04, 3.8485e-01, 1.0273e-03, 1.4979e-01,
        3.0351e-02, 1.3915e-02, 5.9768e-02, 7.2096e-02])
[2026-06-25 23:51:55,788][root][INFO] - Epoch: 17 | train acc: 0.9422, train loss: 0.43012747, valid acc: 0.9288, valid loss: 0.24444641, test acc: 0.9070, test loss: 0.55134282
[2026-06-25 23:51:55,994][root][INFO] - reg loss: 5.50462800989706, entropy loss: 0.1272905521764957, leaf dev: 0.08409713953733444
[2026-06-25 23:51:55,995][root][INFO] - Val leaf stats: tensor([1.3635e-02, 6.6773e-02, 1.8678e-04, 3.0239e-01, 1.7744e-03, 7.1535e-02,
        8.7598e-02, 3.7355e-04, 1.8678e-03, 3.1472e-02, 3.2312e-02, 5.5659e-02,
        1.3999e-01, 7.2843e-03, 1.8687e-01, 2.8016e-04])
[2026-06-25 23:51:56,890][root][INFO] - Epoch: 17 | train acc: 0.9259, train loss: 0.77397208, valid acc: 0.9137, valid loss: 0.29892137, test acc: 0.8868, test loss: 0.59174932
[2026-06-25 23:51:57,555][root][INFO] - Epoch: 32 | train acc: 0.9203, train loss: 0.73931965, valid acc: 0.9013, valid loss: 0.35138606, test acc: 0.9028, test loss: 0.35653246
[2026-06-25 23:51:58,547][root][INFO] - reg loss: 6.750691580393958, entropy loss: 0.22779366918026456, leaf dev: 0.06102569401264191
[2026-06-25 23:51:58,549][root][INFO] - Val leaf stats: tensor([0.0169, 0.1105, 0.0006, 0.1442, 0.0053, 0.0745, 0.0585, 0.0390, 0.1637,
        0.1641, 0.0381, 0.0099, 0.1366, 0.0169, 0.0178, 0.0034])
[2026-06-25 23:51:59,587][root][INFO] - Epoch: 17 | train acc: 0.9405, train loss: 1.19995913, valid acc: 0.9203, valid loss: 0.28213378, test acc: 0.9084, test loss: 0.52428538
[2026-06-25 23:51:59,878][root][INFO] - reg loss: 5.755462802907147, entropy loss: 0.1308638021428749, leaf dev: 0.06426194310188293
[2026-06-25 23:51:59,879][root][INFO] - Val leaf stats: tensor([0.0960, 0.0002, 0.0027, 0.0052, 0.0760, 0.0971, 0.1363, 0.0084, 0.0012,
        0.0108, 0.0785, 0.1628, 0.0136, 0.0044, 0.1791, 0.1276])
[2026-06-25 23:52:00,739][root][INFO] - reg loss: 5.801450342502234, entropy loss: 0.11483653163853681, leaf dev: 0.08148685842752457
[2026-06-25 23:52:00,740][root][INFO] - Val leaf stats: tensor([0.0000, 0.0090, 0.2122, 0.0085, 0.1887, 0.0000, 0.1213, 0.0255, 0.1517,
        0.0970, 0.1832, 0.0018, 0.0000, 0.0012, 0.0000, 0.0000])
[2026-06-25 23:52:01,676][root][INFO] - reg loss: 5.706566343862543, entropy loss: 0.12429340010282224, leaf dev: 0.06793645769357681
[2026-06-25 23:52:01,677][root][INFO] - Val leaf stats: tensor([1.4176e-01, 9.3388e-05, 3.7355e-03, 2.2787e-02, 6.9481e-02, 1.2888e-01,
        1.9696e-01, 8.3956e-02, 1.4942e-03, 2.1479e-03, 1.5390e-01, 1.3709e-01,
        8.0314e-03, 3.0818e-03, 1.3915e-02, 3.2686e-02])
[2026-06-25 23:52:04,445][root][INFO] - Epoch: 18 | train acc: 0.9414, train loss: 0.30075755, valid acc: 0.9260, valid loss: 0.25914507, test acc: 0.9172, test loss: 1.56356737
[2026-06-25 23:52:04,506][root][INFO] - Epoch: 32 | train acc: 0.9203, train loss: 0.85248693, valid acc: 0.8898, valid loss: 0.39949959, test acc: 0.8925, test loss: 0.37461834
[2026-06-25 23:52:07,059][root][INFO] - reg loss: 6.182634641253759, entropy loss: 0.20295218319173844, leaf dev: 0.06089629605412483
[2026-06-25 23:52:07,060][root][INFO] - Val leaf stats: tensor([0.1363, 0.0513, 0.0143, 0.0681, 0.0031, 0.0713, 0.0271, 0.0374, 0.0022,
        0.0975, 0.0381, 0.1787, 0.1977, 0.0387, 0.0375, 0.0008])
[2026-06-25 23:52:08,270][root][INFO] - reg loss: 5.175899222212018, entropy loss: 0.07206740209235335, leaf dev: 0.11029117554426193
[2026-06-25 23:52:08,271][root][INFO] - Val leaf stats: tensor([0.2375, 0.3258, 0.0010, 0.0000, 0.0572, 0.0000, 0.0040, 0.2632, 0.0000,
        0.0057, 0.0000, 0.0000, 0.0068, 0.0988, 0.0000, 0.0000])
[2026-06-25 23:52:08,299][root][INFO] - Epoch: 33 | train acc: 0.9421, train loss: 0.31131796, valid acc: 0.9207, valid loss: 0.27761301, test acc: 0.9194, test loss: 0.28978171
[2026-06-25 23:52:08,304][root][INFO] - Epoch: 33 | train acc: 0.9385, train loss: 0.30122039, valid acc: 0.9167, valid loss: 0.30627681, test acc: 0.9207, test loss: 0.28447285
[2026-06-25 23:52:08,725][root][INFO] - Epoch: 33 | train acc: 0.9443, train loss: 0.44070708, valid acc: 0.9245, valid loss: 0.26342053, test acc: 0.9304, test loss: 0.25420386
[2026-06-25 23:52:11,820][root][INFO] - reg loss: 5.863824282052382, entropy loss: 0.1835116649854858, leaf dev: 0.08545707166194916
[2026-06-25 23:52:11,821][root][INFO] - Val leaf stats: tensor([6.6667e-04, 1.6667e-04, 2.4517e-01, 5.7000e-02, 0.0000e+00, 1.5667e-02,
        1.2433e-01, 5.9833e-02, 0.0000e+00, 1.8333e-03, 4.3500e-02, 3.8167e-02,
        1.9117e-01, 2.2250e-01, 0.0000e+00, 0.0000e+00])
[2026-06-25 23:52:11,925][root][INFO] - reg loss: 5.846899262014425, entropy loss: 0.19819573172420826, leaf dev: 0.08079484850168228
[2026-06-25 23:52:11,926][root][INFO] - Val leaf stats: tensor([0.0663, 0.0445, 0.2510, 0.0010, 0.0780, 0.0292, 0.0000, 0.0033, 0.1533,
        0.0022, 0.1423, 0.1990, 0.0000, 0.0000, 0.0033, 0.0265])
[2026-06-25 23:52:12,499][root][INFO] - reg loss: 5.831088817344521, entropy loss: 0.12403011322021484, leaf dev: 0.0775156170129776
[2026-06-25 23:52:12,500][root][INFO] - Val leaf stats: tensor([0.0000e+00, 0.0000e+00, 2.5000e-02, 0.0000e+00, 1.5283e-01, 8.4833e-02,
        1.3667e-02, 2.1050e-01, 4.0000e-03, 1.4867e-01, 0.0000e+00, 5.6667e-03,
        1.3383e-01, 1.8950e-01, 3.1333e-02, 1.6667e-04])
[2026-06-25 23:52:13,338][root][INFO] - Epoch: 18 | train acc: 0.9230, train loss: 0.58112276, valid acc: 0.9254, valid loss: 0.25660948, test acc: 0.9077, test loss: 0.51916214
[2026-06-25 23:52:16,140][root][INFO] - reg loss: 5.990621016769813, entropy loss: 0.17308450896273214, leaf dev: 0.05766472965478897
[2026-06-25 23:52:16,142][root][INFO] - Val leaf stats: tensor([0.0030, 0.0008, 0.0736, 0.0396, 0.0037, 0.0846, 0.1154, 0.0877, 0.0013,
        0.1663, 0.0144, 0.0708, 0.0849, 0.0049, 0.0693, 0.1797])
[2026-06-25 23:52:18,088][root][INFO] - Epoch: 18 | train acc: 0.9392, train loss: 1.11010165, valid acc: 0.9256, valid loss: 0.24857543, test acc: 0.8888, test loss: 1.06713228
[2026-06-25 23:52:18,113][root][INFO] - Epoch: 34 | train acc: 0.9290, train loss: 0.92659900, valid acc: 0.9145, valid loss: 0.31344305, test acc: 0.9155, test loss: 0.31579891
[2026-06-25 23:52:18,902][root][INFO] - Epoch: 33 | train acc: 0.9436, train loss: 0.19126372, valid acc: 0.9197, valid loss: 0.27858962, test acc: 0.9241, test loss: 0.27708018
[2026-06-25 23:52:20,986][root][INFO] - reg loss: 5.864579339506765, entropy loss: 0.1129426176428164, leaf dev: 0.07209931313991547
[2026-06-25 23:52:20,987][root][INFO] - Val leaf stats: tensor([2.2787e-02, 1.0291e-01, 7.4710e-04, 1.3224e-01, 2.4281e-03, 5.8928e-02,
        1.1207e-03, 2.4001e-02, 2.5215e-03, 1.2159e-01, 6.1543e-02, 7.1349e-02,
        2.5364e-01, 3.3620e-03, 1.4074e-01, 9.3388e-05])
[2026-06-25 23:52:21,959][root][INFO] - reg loss: 5.536369292241223, entropy loss: 0.08528134507952996, leaf dev: 0.09898798912763596
[2026-06-25 23:52:21,976][root][INFO] - Val leaf stats: tensor([0.0000e+00, 0.0000e+00, 2.9183e-01, 3.4333e-02, 6.5333e-02, 0.0000e+00,
        0.0000e+00, 0.0000e+00, 4.3833e-02, 0.0000e+00, 2.8833e-01, 1.2717e-01,
        0.0000e+00, 1.7333e-02, 1.6667e-04, 1.3167e-01])
[2026-06-25 23:52:22,891][root][INFO] - reg loss: 6.491887452467433, entropy loss: 0.2941766597752301, leaf dev: 0.07585620135068893
[2026-06-25 23:52:22,892][root][INFO] - Val leaf stats: tensor([1.0617e-01, 2.0733e-01, 1.5583e-01, 6.4000e-02, 8.1167e-02, 8.5000e-03,
        3.3333e-04, 1.6667e-04, 3.3333e-04, 4.3333e-03, 9.3667e-02, 2.2150e-01,
        0.0000e+00, 2.3167e-02, 3.3500e-02, 0.0000e+00])
[2026-06-25 23:52:24,382][root][INFO] - Epoch: 19 | train acc: 0.9385, train loss: 0.20750438, valid acc: 0.9230, valid loss: 0.26502140, test acc: 0.9087, test loss: 1.24114635
[2026-06-25 23:52:25,548][root][INFO] - Epoch: 18 | train acc: 0.9352, train loss: 0.37508571, valid acc: 0.9267, valid loss: 0.24593984, test acc: 0.8918, test loss: 0.54273426
[2026-06-25 23:52:26,246][root][INFO] - Epoch: 18 | train acc: 0.9166, train loss: 0.54994901, valid acc: 0.8979, valid loss: 0.34634844, test acc: 0.8583, test loss: 1.81893698
[2026-06-25 23:52:26,537][root][INFO] - Epoch: 18 | train acc: 0.9457, train loss: 0.41767246, valid acc: 0.9264, valid loss: 0.24694214, test acc: 0.9103, test loss: 0.48407792
[2026-06-25 23:52:27,057][root][INFO] - reg loss: 6.144773283963481, entropy loss: 0.21556491306219153, leaf dev: 0.06027563288807869
[2026-06-25 23:52:27,058][root][INFO] - Val leaf stats: tensor([0.1957, 0.1099, 0.0019, 0.1027, 0.0012, 0.0704, 0.0966, 0.0212, 0.0081,
        0.0498, 0.0141, 0.1132, 0.1500, 0.0068, 0.0567, 0.0017])
[2026-06-25 23:52:27,572][root][INFO] - Epoch: 33 | train acc: 0.9257, train loss: 0.74080418, valid acc: 0.8920, valid loss: 0.39976073, test acc: 0.8884, test loss: 0.41367426
[2026-06-25 23:52:28,275][root][INFO] - reg loss: 5.505694020992864, entropy loss: 0.12608416658387614, leaf dev: 0.08352650701999664
[2026-06-25 23:52:28,277][root][INFO] - Val leaf stats: tensor([3.7729e-02, 1.7856e-01, 9.3388e-05, 2.9978e-01, 1.1207e-03, 7.0975e-02,
        7.3870e-02, 1.3074e-03, 2.7083e-03, 2.7363e-02, 2.1573e-02, 3.7075e-02,
        9.3108e-02, 5.3231e-03, 1.4895e-01, 4.6694e-04])
[2026-06-25 23:52:28,529][root][INFO] - reg loss: 6.025756790524437, entropy loss: 0.16831112049874805, leaf dev: 0.09376128017902374
[2026-06-25 23:52:28,530][root][INFO] - Val leaf stats: tensor([4.1838e-02, 1.8678e-04, 2.2413e-03, 2.9884e-02, 6.9107e-02, 3.0538e-02,
        1.5035e-02, 1.2066e-01, 1.8678e-04, 3.7691e-01, 1.3074e-03, 1.4204e-01,
        3.3713e-02, 1.7183e-02, 4.4546e-02, 7.4617e-02])
[2026-06-25 23:52:28,531][root][INFO] - reg loss: 6.90599298224878, entropy loss: 0.22922613128783212, leaf dev: 0.06465346366167068
[2026-06-25 23:52:28,532][root][INFO] - Val leaf stats: tensor([0.0073, 0.0860, 0.0008, 0.1324, 0.0050, 0.0757, 0.0555, 0.0616, 0.1716,
        0.1575, 0.0357, 0.0015, 0.1774, 0.0220, 0.0087, 0.0011])
[2026-06-25 23:52:29,326][root][INFO] - Epoch: 18 | train acc: 0.9263, train loss: 0.76455138, valid acc: 0.9061, valid loss: 0.32345970, test acc: 0.8809, test loss: 0.77131349
[2026-06-25 23:52:31,464][root][INFO] - reg loss: 5.672030628042877, entropy loss: 0.12860638494529422, leaf dev: 0.07780998945236206
[2026-06-25 23:52:31,465][root][INFO] - Val leaf stats: tensor([1.2402e-01, 9.3388e-05, 2.2413e-03, 5.5099e-03, 7.5364e-02, 9.6750e-02,
        1.2449e-01, 8.0314e-03, 1.5876e-03, 1.3074e-02, 7.2656e-02, 1.5596e-01,
        1.3074e-02, 4.5760e-03, 2.7690e-01, 2.5682e-02])
[2026-06-25 23:52:31,511][root][INFO] - reg loss: 5.884341024002939, entropy loss: 0.12051213722465173, leaf dev: 0.08470243960618973
[2026-06-25 23:52:31,512][root][INFO] - Val leaf stats: tensor([0.0000, 0.0038, 0.1538, 0.0027, 0.1600, 0.0000, 0.1180, 0.0218, 0.1900,
        0.0990, 0.2460, 0.0015, 0.0000, 0.0033, 0.0000, 0.0000])
[2026-06-25 23:52:32,994][root][INFO] - Epoch: 18 | train acc: 0.9314, train loss: 1.19434830, valid acc: 0.9323, valid loss: 0.24221341, test acc: 0.9113, test loss: 0.54461200
[2026-06-25 23:52:34,882][root][INFO] - Epoch: 33 | train acc: 0.9224, train loss: 0.84440658, valid acc: 0.8908, valid loss: 0.39766170, test acc: 0.8945, test loss: 0.36355547
[2026-06-25 23:52:35,347][root][INFO] - reg loss: 5.559984562888978, entropy loss: 0.12048871913757274, leaf dev: 0.06780871748924255
[2026-06-25 23:52:35,348][root][INFO] - Val leaf stats: tensor([1.2962e-01, 9.3388e-05, 4.0157e-03, 1.8771e-02, 6.8827e-02, 1.2047e-01,
        1.8939e-01, 8.0127e-02, 1.4008e-03, 2.2413e-03, 1.7464e-01, 1.4242e-01,
        7.0975e-03, 3.1752e-03, 1.7744e-02, 3.9970e-02])
[2026-06-25 23:52:36,821][root][INFO] - Epoch: 19 | train acc: 0.9400, train loss: 0.30350467, valid acc: 0.9145, valid loss: 0.30188385, test acc: 0.8888, test loss: 1.91134089
[2026-06-25 23:52:38,438][root][INFO] - Epoch: 34 | train acc: 0.9326, train loss: 0.32480654, valid acc: 0.9167, valid loss: 0.30563365, test acc: 0.9202, test loss: 0.29281296
[2026-06-25 23:52:38,606][root][INFO] - reg loss: 5.176578040392894, entropy loss: 0.07212779073501532, leaf dev: 0.1087573915719986
[2026-06-25 23:52:38,607][root][INFO] - Val leaf stats: tensor([0.2387, 0.3238, 0.0010, 0.0000, 0.0643, 0.0000, 0.0042, 0.2513, 0.0000,
        0.0062, 0.0000, 0.0000, 0.0072, 0.1033, 0.0000, 0.0000])
[2026-06-25 23:52:38,865][root][INFO] - Epoch: 34 | train acc: 0.9477, train loss: 0.43301286, valid acc: 0.9097, valid loss: 0.30936303, test acc: 0.9129, test loss: 0.28513508
[2026-06-25 23:52:39,408][root][INFO] - reg loss: 5.983421822704336, entropy loss: 0.19693688267753237, leaf dev: 0.08206702023744583
[2026-06-25 23:52:39,412][root][INFO] - Val leaf stats: tensor([0.0643, 0.0345, 0.0086, 0.0633, 0.0037, 0.0688, 0.0221, 0.0254, 0.0019,
        0.1038, 0.0206, 0.2000, 0.3066, 0.0474, 0.0279, 0.0010])
[2026-06-25 23:52:39,419][root][INFO] - Epoch: 34 | train acc: 0.9364, train loss: 0.31578810, valid acc: 0.9078, valid loss: 0.31381522, test acc: 0.9096, test loss: 0.31350981
[2026-06-25 23:52:42,177][root][INFO] - reg loss: 5.845680218822551, entropy loss: 0.18727754590646276, leaf dev: 0.08747562766075134
[2026-06-25 23:52:42,178][root][INFO] - Val leaf stats: tensor([0.0012, 0.0003, 0.1823, 0.0587, 0.0000, 0.0227, 0.1015, 0.0408, 0.0000,
        0.0030, 0.0453, 0.0462, 0.2427, 0.2550, 0.0000, 0.0003])
[2026-06-25 23:52:42,545][root][INFO] - reg loss: 5.840215291617052, entropy loss: 0.12601211821695543, leaf dev: 0.07653704285621643
[2026-06-25 23:52:42,546][root][INFO] - Val leaf stats: tensor([0.0000, 0.0000, 0.0257, 0.0000, 0.1213, 0.0753, 0.0153, 0.1662, 0.0028,
        0.1420, 0.0000, 0.0078, 0.2110, 0.1860, 0.0460, 0.0005])
[2026-06-25 23:52:42,904][root][INFO] - reg loss: 5.82321586698856, entropy loss: 0.19450255834831381, leaf dev: 0.08056269586086273
[2026-06-25 23:52:42,905][root][INFO] - Val leaf stats: tensor([0.0542, 0.0278, 0.2343, 0.0010, 0.0685, 0.0137, 0.0000, 0.0485, 0.1718,
        0.0025, 0.1857, 0.1722, 0.0000, 0.0000, 0.0010, 0.0188])
[2026-06-25 23:52:45,165][root][INFO] - Epoch: 19 | train acc: 0.9346, train loss: 0.56363609, valid acc: 0.8907, valid loss: 0.32090243, test acc: 0.8627, test loss: 1.18885616
[2026-06-25 23:52:47,404][root][INFO] - reg loss: 5.881745351054681, entropy loss: 0.17128392990934785, leaf dev: 0.05545626953244209
[2026-06-25 23:52:47,405][root][INFO] - Val leaf stats: tensor([0.0033, 0.0008, 0.0719, 0.0464, 0.0601, 0.0445, 0.1022, 0.0815, 0.0014,
        0.1767, 0.0085, 0.0713, 0.0848, 0.0049, 0.0667, 0.1748])
[2026-06-25 23:52:48,004][root][INFO] - Epoch: 35 | train acc: 0.9352, train loss: 0.93328125, valid acc: 0.9098, valid loss: 0.34050375, test acc: 0.9117, test loss: 0.33387501
[2026-06-25 23:52:48,938][root][INFO] - Epoch: 34 | train acc: 0.9502, train loss: 0.16836574, valid acc: 0.9357, valid loss: 0.24170322, test acc: 0.9332, test loss: 0.24733117
[2026-06-25 23:52:51,850][root][INFO] - reg loss: 5.532170516140056, entropy loss: 0.08780271243655456, leaf dev: 0.093113012611866
[2026-06-25 23:52:51,851][root][INFO] - Val leaf stats: tensor([0.0000e+00, 1.6667e-04, 2.5067e-01, 2.1667e-02, 6.5167e-02, 0.0000e+00,
        0.0000e+00, 0.0000e+00, 5.4000e-02, 0.0000e+00, 1.8383e-01, 1.2467e-01,
        0.0000e+00, 3.1833e-02, 1.6667e-04, 2.6783e-01])
[2026-06-25 23:52:52,014][root][INFO] - Epoch: 19 | train acc: 0.9422, train loss: 1.09343444, valid acc: 0.9285, valid loss: 0.24304218, test acc: 0.9033, test loss: 1.07710645
[2026-06-25 23:52:52,729][root][INFO] - reg loss: 6.4028120040893555, entropy loss: 0.2801589870227958, leaf dev: 0.0671132281422615
[2026-06-25 23:52:52,730][root][INFO] - Val leaf stats: tensor([1.1683e-01, 1.3767e-01, 1.6250e-01, 1.1083e-01, 8.8500e-02, 0.0000e+00,
        5.0000e-04, 1.6667e-04, 3.3333e-04, 6.1667e-03, 1.1133e-01, 1.8817e-01,
        0.0000e+00, 3.0333e-02, 4.6667e-02, 0.0000e+00])
[2026-06-25 23:52:54,960][root][INFO] - reg loss: 5.828515991332039, entropy loss: 0.1118669420401886, leaf dev: 0.07212552428245544
[2026-06-25 23:52:54,961][root][INFO] - Val leaf stats: tensor([1.5783e-02, 1.0478e-01, 8.4049e-04, 1.3429e-01, 2.7083e-03, 6.6586e-02,
        1.1207e-03, 2.7643e-02, 2.2413e-03, 1.0291e-01, 6.9481e-02, 7.5551e-02,
        2.5953e-01, 3.9223e-03, 1.3252e-01, 9.3388e-05])
[2026-06-25 23:52:57,349][root][INFO] - Epoch: 34 | train acc: 0.9176, train loss: 0.77842335, valid acc: 0.9135, valid loss: 0.30733500, test acc: 0.9122, test loss: 0.31946551
[2026-06-25 23:52:57,665][root][INFO] - Epoch: 19 | train acc: 0.9440, train loss: 0.42407853, valid acc: 0.9324, valid loss: 0.23641008, test acc: 0.9155, test loss: 0.55746260
[2026-06-25 23:52:57,809][root][INFO] - Epoch: 20 | train acc: 0.9279, train loss: 0.24322183, valid acc: 0.9135, valid loss: 0.29478137, test acc: 0.8783, test loss: 0.83402261
[2026-06-25 23:52:58,529][root][INFO] - Epoch: 19 | train acc: 0.9158, train loss: 0.52449880, valid acc: 0.8968, valid loss: 0.36645212, test acc: 0.8606, test loss: 1.89222532
[2026-06-25 23:52:59,974][root][INFO] - reg loss: 6.880517013489254, entropy loss: 0.22718747094194724, leaf dev: 0.06224426254630089
[2026-06-25 23:52:59,976][root][INFO] - Val leaf stats: tensor([0.0049, 0.0958, 0.0009, 0.1274, 0.0051, 0.0683, 0.0566, 0.0568, 0.1707,
        0.1490, 0.0496, 0.0039, 0.1717, 0.0220, 0.0160, 0.0011])
[2026-06-25 23:53:00,353][root][INFO] - reg loss: 5.948279638139028, entropy loss: 0.21237125574911714, leaf dev: 0.06834100186824799
[2026-06-25 23:53:00,354][root][INFO] - Val leaf stats: tensor([0.0997, 0.0404, 0.0016, 0.0836, 0.0005, 0.0719, 0.0551, 0.0115, 0.0078,
        0.1046, 0.0720, 0.2311, 0.1886, 0.0137, 0.0162, 0.0017])
[2026-06-25 23:53:00,568][root][INFO] - Epoch: 19 | train acc: 0.9350, train loss: 0.37768123, valid acc: 0.9023, valid loss: 0.28803337, test acc: 0.8637, test loss: 0.57844028
[2026-06-25 23:53:00,856][root][INFO] - reg loss: 5.487029554982665, entropy loss: 0.12339228939600091, leaf dev: 0.087130606174469
[2026-06-25 23:53:00,858][root][INFO] - Val leaf stats: tensor([0.0425, 0.2949, 0.0008, 0.2202, 0.0010, 0.0693, 0.0274, 0.0016, 0.0026,
        0.0284, 0.0228, 0.0391, 0.0983, 0.0057, 0.1448, 0.0005])
[2026-06-25 23:53:01,480][root][INFO] - reg loss: 5.842359727283694, entropy loss: 0.12133143392373931, leaf dev: 0.08812779188156128
[2026-06-25 23:53:01,481][root][INFO] - Val leaf stats: tensor([0.0000, 0.0103, 0.2733, 0.0100, 0.1850, 0.0000, 0.1903, 0.0302, 0.0718,
        0.0707, 0.1500, 0.0003, 0.0000, 0.0080, 0.0000, 0.0000])
[2026-06-25 23:53:01,852][root][INFO] - Epoch: 19 | train acc: 0.9332, train loss: 0.74989602, valid acc: 0.9238, valid loss: 0.25893030, test acc: 0.8897, test loss: 0.54882453
[2026-06-25 23:53:03,356][root][INFO] - reg loss: 6.0490768548672795, entropy loss: 0.16725485933520806, leaf dev: 0.09405580163002014
[2026-06-25 23:53:03,358][root][INFO] - Val leaf stats: tensor([2.4281e-02, 4.6694e-04, 2.0545e-03, 4.2025e-03, 7.0134e-02, 3.6888e-02,
        2.1666e-02, 1.7492e-01, 1.8678e-04, 3.5982e-01, 8.4049e-04, 1.4111e-01,
        4.2398e-02, 1.8024e-02, 3.6888e-02, 6.6119e-02])
[2026-06-25 23:53:04,573][root][INFO] - Epoch: 34 | train acc: 0.9250, train loss: 0.83911580, valid acc: 0.8950, valid loss: 0.37954096, test acc: 0.8967, test loss: 0.35717214
[2026-06-25 23:53:04,578][root][INFO] - reg loss: 5.79110942315803, entropy loss: 0.13043127339037638, leaf dev: 0.06385500729084015
[2026-06-25 23:53:04,579][root][INFO] - Val leaf stats: tensor([1.3905e-01, 9.3388e-05, 2.2413e-03, 8.5917e-03, 7.4897e-02, 9.3015e-02,
        1.1935e-01, 8.4049e-03, 1.5876e-03, 9.4322e-03, 7.4710e-02, 1.5148e-01,
        1.3728e-02, 4.6694e-03, 1.8267e-01, 1.1608e-01])
[2026-06-25 23:53:04,851][root][INFO] - Epoch: 19 | train acc: 0.9417, train loss: 1.12386717, valid acc: 0.9294, valid loss: 0.24879153, test acc: 0.9083, test loss: 0.59006878
[2026-06-25 23:53:07,976][root][INFO] - reg loss: 5.45776195627041, entropy loss: 0.11564656871336478, leaf dev: 0.06987074017524719
[2026-06-25 23:53:07,977][root][INFO] - Val leaf stats: tensor([1.1365e-01, 9.3388e-05, 4.6694e-03, 2.1573e-02, 6.9294e-02, 1.3186e-01,
        2.0629e-01, 6.6586e-02, 9.3388e-04, 1.8678e-03, 1.6997e-01, 1.5045e-01,
        5.6033e-03, 3.6421e-03, 1.8397e-02, 3.5114e-02])
[2026-06-25 23:53:08,295][root][INFO] - reg loss: 5.17822294415168, entropy loss: 0.07248082714823056, leaf dev: 0.10832750052213669
[2026-06-25 23:53:08,296][root][INFO] - Val leaf stats: tensor([0.2242, 0.3372, 0.0010, 0.0000, 0.0837, 0.0000, 0.0045, 0.2405, 0.0000,
        0.0042, 0.0000, 0.0000, 0.0065, 0.0983, 0.0000, 0.0000])
[2026-06-25 23:53:08,621][root][INFO] - Epoch: 35 | train acc: 0.9420, train loss: 0.29488982, valid acc: 0.9187, valid loss: 0.29736423, test acc: 0.9223, test loss: 0.29536650
[2026-06-25 23:53:08,961][root][INFO] - Epoch: 20 | train acc: 0.9257, train loss: 0.34331127, valid acc: 0.9288, valid loss: 0.25027121, test acc: 0.9034, test loss: 1.93701647
[2026-06-25 23:53:09,591][root][INFO] - Epoch: 35 | train acc: 0.9417, train loss: 0.45216739, valid acc: 0.9188, valid loss: 0.27357154, test acc: 0.9275, test loss: 0.25795816
[2026-06-25 23:53:11,089][root][INFO] - Epoch: 35 | train acc: 0.9389, train loss: 0.30499857, valid acc: 0.9188, valid loss: 0.28021729, test acc: 0.9179, test loss: 0.27869135
[2026-06-25 23:53:11,508][root][INFO] - reg loss: 5.779999642145066, entropy loss: 0.1924492175932284, leaf dev: 0.07013845443725586
[2026-06-25 23:53:11,509][root][INFO] - Val leaf stats: tensor([0.0918, 0.0377, 0.0116, 0.0742, 0.0039, 0.0689, 0.0244, 0.0268, 0.0027,
        0.0964, 0.0360, 0.1957, 0.2498, 0.0514, 0.0278, 0.0008])
[2026-06-25 23:53:12,760][root][INFO] - reg loss: 5.902987696089834, entropy loss: 0.18920501616765867, leaf dev: 0.08108356595039368
[2026-06-25 23:53:12,768][root][INFO] - Val leaf stats: tensor([1.6667e-03, 8.3333e-04, 2.0367e-01, 6.7833e-02, 0.0000e+00, 4.9333e-02,
        8.4000e-02, 3.9833e-02, 0.0000e+00, 4.6667e-03, 4.6333e-02, 6.0333e-02,
        2.0117e-01, 2.4017e-01, 0.0000e+00, 1.6667e-04])
[2026-06-25 23:53:13,684][root][INFO] - reg loss: 5.816661722255203, entropy loss: 0.12789190117761773, leaf dev: 0.07786840945482254
[2026-06-25 23:53:13,685][root][INFO] - Val leaf stats: tensor([0.0000, 0.0000, 0.0120, 0.0000, 0.0643, 0.0687, 0.0765, 0.2280, 0.0030,
        0.1292, 0.0000, 0.0068, 0.1488, 0.2127, 0.0500, 0.0000])
[2026-06-25 23:53:14,388][root][INFO] - reg loss: 5.865513851057808, entropy loss: 0.18699936892064112, leaf dev: 0.08149528503417969
[2026-06-25 23:53:14,388][root][INFO] - Val leaf stats: tensor([0.0608, 0.0397, 0.2482, 0.0018, 0.0588, 0.0242, 0.0000, 0.0227, 0.1595,
        0.0015, 0.1752, 0.1847, 0.0000, 0.0000, 0.0013, 0.0217])
[2026-06-25 23:53:16,842][root][INFO] - Epoch: 20 | train acc: 0.9136, train loss: 0.61324248, valid acc: 0.9031, valid loss: 0.30917044, test acc: 0.8912, test loss: 1.11540478
[2026-06-25 23:53:18,469][root][INFO] - Epoch: 35 | train acc: 0.9486, train loss: 0.17250374, valid acc: 0.9315, valid loss: 0.26452489, test acc: 0.9314, test loss: 0.26079249
[2026-06-25 23:53:18,622][root][INFO] - Epoch: 36 | train acc: 0.9351, train loss: 0.95055825, valid acc: 0.9122, valid loss: 0.30498861, test acc: 0.9165, test loss: 0.31528819
[2026-06-25 23:53:19,966][root][INFO] - reg loss: 5.898869113316612, entropy loss: 0.17402711487005626, leaf dev: 0.04873167723417282
[2026-06-25 23:53:19,967][root][INFO] - Val leaf stats: tensor([0.0029, 0.0008, 0.0781, 0.0678, 0.0413, 0.0438, 0.1166, 0.0961, 0.0015,
        0.1768, 0.0966, 0.0844, 0.0361, 0.0057, 0.0609, 0.0906])
[2026-06-25 23:53:22,339][root][INFO] - reg loss: 6.415312906481185, entropy loss: 0.279124213277169, leaf dev: 0.07173776626586914
[2026-06-25 23:53:22,340][root][INFO] - Val leaf stats: tensor([1.0517e-01, 1.3850e-01, 1.4983e-01, 9.5667e-02, 7.3333e-02, 0.0000e+00,
        3.3333e-04, 1.6667e-04, 3.3333e-04, 6.8333e-03, 1.0300e-01, 2.4067e-01,
        0.0000e+00, 3.3500e-02, 5.2667e-02, 0.0000e+00])
[2026-06-25 23:53:22,438][root][INFO] - reg loss: 5.535855257286216, entropy loss: 0.08994125673231089, leaf dev: 0.09155102074146271
[2026-06-25 23:53:22,439][root][INFO] - Val leaf stats: tensor([0.0000, 0.0000, 0.2915, 0.0295, 0.0923, 0.0000, 0.0000, 0.0000, 0.0482,
        0.0000, 0.1808, 0.1232, 0.0000, 0.0273, 0.0000, 0.2072])
[2026-06-25 23:53:24,609][root][INFO] - Epoch: 20 | train acc: 0.9437, train loss: 1.06557959, valid acc: 0.9300, valid loss: 0.23688054, test acc: 0.9015, test loss: 1.11182520
[2026-06-25 23:53:27,329][root][INFO] - reg loss: 5.790809749926209, entropy loss: 0.10913091929501327, leaf dev: 0.07421533018350601
[2026-06-25 23:53:27,330][root][INFO] - Val leaf stats: tensor([0.0191, 0.0910, 0.0008, 0.1363, 0.0027, 0.0593, 0.0011, 0.0264, 0.0021,
        0.1092, 0.0644, 0.0990, 0.2757, 0.0043, 0.1086, 0.0000])
[2026-06-25 23:53:29,046][root][INFO] - Epoch: 35 | train acc: 0.9370, train loss: 0.68977462, valid acc: 0.9232, valid loss: 0.28419275, test acc: 0.9197, test loss: 0.30098060
[2026-06-25 23:53:29,180][root][INFO] - Epoch: 20 | train acc: 0.9474, train loss: 0.40593480, valid acc: 0.9327, valid loss: 0.23667718, test acc: 0.9165, test loss: 0.55915680
[2026-06-25 23:53:30,109][root][INFO] - Epoch: 21 | train acc: 0.9327, train loss: 0.22710915, valid acc: 0.9223, valid loss: 0.26353896, test acc: 0.8788, test loss: 0.90165261
[2026-06-25 23:53:30,551][root][INFO] - Epoch: 20 | train acc: 0.9102, train loss: 0.54686320, valid acc: 0.8857, valid loss: 0.41249286, test acc: 0.8560, test loss: 1.92722742
[2026-06-25 23:53:31,741][root][INFO] - reg loss: 6.930984895696085, entropy loss: 0.22338120252997787, leaf dev: 0.06492345035076141
[2026-06-25 23:53:31,742][root][INFO] - Val leaf stats: tensor([0.0057, 0.0757, 0.0008, 0.1341, 0.0050, 0.0707, 0.0346, 0.0652, 0.1710,
        0.1896, 0.0226, 0.0071, 0.1540, 0.0229, 0.0390, 0.0020])
[2026-06-25 23:53:32,297][root][INFO] - reg loss: 5.729392564521645, entropy loss: 0.11636980911189655, leaf dev: 0.09332581609487534
[2026-06-25 23:53:32,298][root][INFO] - Val leaf stats: tensor([0.0000, 0.0140, 0.2955, 0.0128, 0.1938, 0.0000, 0.2142, 0.0318, 0.0490,
        0.0635, 0.1207, 0.0003, 0.0000, 0.0043, 0.0000, 0.0000])
[2026-06-25 23:53:32,406][root][INFO] - reg loss: 5.928942289301958, entropy loss: 0.21722186975693578, leaf dev: 0.06897792965173721
[2026-06-25 23:53:32,407][root][INFO] - Val leaf stats: tensor([0.1127, 0.0510, 0.0018, 0.0902, 0.0007, 0.0715, 0.0318, 0.0116, 0.0088,
        0.1044, 0.0659, 0.2329, 0.1846, 0.0192, 0.0111, 0.0017])
[2026-06-25 23:53:33,070][root][INFO] - reg loss: 5.2516319688665805, entropy loss: 0.11979584569338138, leaf dev: 0.1152631938457489
[2026-06-25 23:53:33,071][root][INFO] - Val leaf stats: tensor([3.5861e-02, 4.1651e-02, 3.7355e-04, 4.6619e-01, 1.1207e-03, 6.9387e-02,
        2.9697e-02, 1.8678e-03, 2.5215e-03, 3.2499e-02, 2.2507e-02, 4.0344e-02,
        1.0002e-01, 5.5099e-03, 1.4998e-01, 4.6694e-04])
[2026-06-25 23:53:33,646][root][INFO] - Epoch: 20 | train acc: 0.9407, train loss: 0.35997098, valid acc: 0.9235, valid loss: 0.25272664, test acc: 0.8940, test loss: 0.56475063
[2026-06-25 23:53:35,558][root][INFO] - Epoch: 20 | train acc: 0.9377, train loss: 0.73788902, valid acc: 0.9231, valid loss: 0.26208391, test acc: 0.8898, test loss: 0.58939403
[2026-06-25 23:53:36,216][root][INFO] - Epoch: 35 | train acc: 0.9244, train loss: 0.80227391, valid acc: 0.8920, valid loss: 0.40164828, test acc: 0.8946, test loss: 0.38017810
[2026-06-25 23:53:36,353][root][INFO] - reg loss: 5.942381755384819, entropy loss: 0.1656331561860584, leaf dev: 0.10137026757001877
[2026-06-25 23:53:36,354][root][INFO] - Val leaf stats: tensor([0.0221, 0.0005, 0.0020, 0.0051, 0.0705, 0.0300, 0.0225, 0.1394, 0.0006,
        0.4013, 0.0007, 0.1483, 0.0338, 0.0196, 0.0379, 0.0657])
[2026-06-25 23:53:38,064][root][INFO] - reg loss: 5.824284634262166, entropy loss: 0.13100746955978806, leaf dev: 0.06587040424346924
[2026-06-25 23:53:38,065][root][INFO] - Val leaf stats: tensor([0.1302, 0.0003, 0.0025, 0.0076, 0.0767, 0.0985, 0.0914, 0.0035, 0.0015,
        0.0135, 0.0611, 0.1546, 0.0170, 0.0058, 0.2003, 0.1355])
[2026-06-25 23:53:38,209][root][INFO] - Epoch: 20 | train acc: 0.9413, train loss: 1.08792583, valid acc: 0.9315, valid loss: 0.24153296, test acc: 0.9118, test loss: 0.60345407
[2026-06-25 23:53:39,994][root][INFO] - Epoch: 36 | train acc: 0.9436, train loss: 0.28913262, valid acc: 0.9195, valid loss: 0.29235813, test acc: 0.9247, test loss: 0.28628675
[2026-06-25 23:53:39,997][root][INFO] - reg loss: 5.1331559487108915, entropy loss: 0.06811979883965456, leaf dev: 0.10595089942216873
[2026-06-25 23:53:39,998][root][INFO] - Val leaf stats: tensor([0.2338, 0.3220, 0.0010, 0.0000, 0.0853, 0.0000, 0.0117, 0.2308, 0.0000,
        0.0000, 0.0000, 0.0000, 0.0068, 0.1085, 0.0000, 0.0000])
[2026-06-25 23:53:40,454][root][INFO] - reg loss: 5.321678963918535, entropy loss: 0.11123101748328991, leaf dev: 0.06721388548612595
[2026-06-25 23:53:40,455][root][INFO] - Val leaf stats: tensor([1.0319e-01, 9.3388e-05, 7.6578e-03, 2.2226e-02, 6.8640e-02, 1.3345e-01,
        2.0545e-01, 7.5364e-02, 1.2140e-03, 1.9612e-03, 1.6838e-01, 1.3308e-01,
        5.6033e-03, 3.3620e-03, 2.9230e-02, 4.1091e-02])
[2026-06-25 23:53:40,468][root][INFO] - Epoch: 21 | train acc: 0.9223, train loss: 0.35947159, valid acc: 0.9103, valid loss: 0.31307209, test acc: 0.8881, test loss: 1.96870308
[2026-06-25 23:53:40,877][root][INFO] - Epoch: 36 | train acc: 0.9448, train loss: 0.28739245, valid acc: 0.9105, valid loss: 0.30611007, test acc: 0.9127, test loss: 0.30836833
[2026-06-25 23:53:41,293][root][INFO] - Epoch: 36 | train acc: 0.9414, train loss: 0.45572981, valid acc: 0.8798, valid loss: 0.39905660, test acc: 0.8834, test loss: 0.41185244
[2026-06-25 23:53:42,704][root][INFO] - reg loss: 6.020040660938888, entropy loss: 0.1997850305504269, leaf dev: 0.05213044583797455
[2026-06-25 23:53:42,705][root][INFO] - Val leaf stats: tensor([0.1762, 0.0722, 0.0177, 0.0764, 0.0029, 0.0714, 0.0304, 0.0388, 0.0036,
        0.0827, 0.0548, 0.1084, 0.1404, 0.0152, 0.1084, 0.0004])
[2026-06-25 23:53:43,877][root][INFO] - reg loss: 5.935944332266754, entropy loss: 0.19139589017854547, leaf dev: 0.07975504547357559
[2026-06-25 23:53:43,878][root][INFO] - Val leaf stats: tensor([0.0025, 0.0017, 0.2037, 0.0753, 0.0000, 0.0547, 0.0783, 0.0452, 0.0000,
        0.0057, 0.0455, 0.0555, 0.1910, 0.2407, 0.0000, 0.0003])
[2026-06-25 23:53:44,371][root][INFO] - reg loss: 5.888949263770625, entropy loss: 0.19834353831016793, leaf dev: 0.07192398607730865
[2026-06-25 23:53:44,372][root][INFO] - Val leaf stats: tensor([0.0573, 0.0225, 0.2080, 0.0035, 0.0837, 0.0468, 0.0127, 0.0497, 0.1610,
        0.0020, 0.1507, 0.1793, 0.0000, 0.0000, 0.0025, 0.0203])
[2026-06-25 23:53:44,841][root][INFO] - reg loss: 5.754736814858778, entropy loss: 0.12709621115113204, leaf dev: 0.10363788902759552
[2026-06-25 23:53:44,842][root][INFO] - Val leaf stats: tensor([0.0000, 0.0000, 0.0195, 0.0000, 0.0938, 0.1713, 0.1088, 0.4003, 0.0000,
        0.0418, 0.0000, 0.0000, 0.0495, 0.0903, 0.0245, 0.0000])
[2026-06-25 23:53:48,933][root][INFO] - Epoch: 37 | train acc: 0.9390, train loss: 0.91567143, valid acc: 0.9137, valid loss: 0.29041645, test acc: 0.9191, test loss: 0.29970619
[2026-06-25 23:53:48,964][root][INFO] - Epoch: 36 | train acc: 0.9508, train loss: 0.16570091, valid acc: 0.9340, valid loss: 0.24923711, test acc: 0.9347, test loss: 0.23713621
[2026-06-25 23:53:50,891][root][INFO] - Epoch: 21 | train acc: 0.9298, train loss: 0.56639930, valid acc: 0.9119, valid loss: 0.28207795, test acc: 0.8940, test loss: 0.51793447
[2026-06-25 23:53:52,071][root][INFO] - reg loss: 5.494403731148198, entropy loss: 0.08822339688831905, leaf dev: 0.08989346027374268
[2026-06-25 23:53:52,072][root][INFO] - Val leaf stats: tensor([0.0000, 0.0000, 0.2803, 0.0287, 0.0813, 0.0000, 0.0000, 0.0000, 0.0577,
        0.0000, 0.1817, 0.1383, 0.0000, 0.0285, 0.0000, 0.2035])
[2026-06-25 23:53:52,778][root][INFO] - reg loss: 6.32157227678119, entropy loss: 0.27640284316719704, leaf dev: 0.07486187666654587
[2026-06-25 23:53:52,779][root][INFO] - Val leaf stats: tensor([1.1167e-01, 1.4017e-01, 1.5800e-01, 1.0517e-01, 8.8833e-02, 0.0000e+00,
        3.3333e-04, 1.6667e-04, 5.0000e-04, 8.1667e-03, 1.5983e-01, 2.1150e-01,
        0.0000e+00, 1.3500e-02, 2.1667e-03, 0.0000e+00])
[2026-06-25 23:53:53,949][root][INFO] - reg loss: 5.860415685744512, entropy loss: 0.16978961670840229, leaf dev: 0.051016755402088165
[2026-06-25 23:53:53,950][root][INFO] - Val leaf stats: tensor([0.0034, 0.0010, 0.0752, 0.0974, 0.0179, 0.0139, 0.1261, 0.0841, 0.0016,
        0.1792, 0.0708, 0.0811, 0.0838, 0.0124, 0.0610, 0.0911])
[2026-06-25 23:53:57,092][root][INFO] - Epoch: 21 | train acc: 0.9377, train loss: 1.08574243, valid acc: 0.9161, valid loss: 0.27397245, test acc: 0.8921, test loss: 1.18108368
[2026-06-25 23:53:59,359][root][INFO] - Epoch: 36 | train acc: 0.9392, train loss: 0.66760769, valid acc: 0.9253, valid loss: 0.28459064, test acc: 0.9237, test loss: 0.29296533
[2026-06-25 23:53:59,861][root][INFO] - reg loss: 5.760626154601889, entropy loss: 0.10872231731339106, leaf dev: 0.06616652756929398
[2026-06-25 23:53:59,863][root][INFO] - Val leaf stats: tensor([0.0132, 0.1361, 0.0006, 0.1486, 0.0030, 0.0737, 0.0010, 0.0330, 0.0019,
        0.1573, 0.0428, 0.1459, 0.1671, 0.0044, 0.0714, 0.0003])
[2026-06-25 23:53:59,894][root][INFO] - Epoch: 21 | train acc: 0.9498, train loss: 0.39147793, valid acc: 0.9307, valid loss: 0.23150519, test acc: 0.9071, test loss: 0.60768741
[2026-06-25 23:54:02,190][root][INFO] - reg loss: 6.843208335694813, entropy loss: 0.2179149414496447, leaf dev: 0.06029699370265007
[2026-06-25 23:54:02,191][root][INFO] - Val leaf stats: tensor([0.0122, 0.0829, 0.0007, 0.1304, 0.0057, 0.0721, 0.0387, 0.0457, 0.1507,
        0.1657, 0.0434, 0.0403, 0.1726, 0.0222, 0.0156, 0.0010])
[2026-06-25 23:54:02,817][root][INFO] - Epoch: 22 | train acc: 0.9408, train loss: 0.20573127, valid acc: 0.9257, valid loss: 0.25232163, test acc: 0.8878, test loss: 0.92861078
[2026-06-25 23:54:03,185][root][INFO] - reg loss: 5.648804975005816, entropy loss: 0.1141080287689308, leaf dev: 0.09360446780920029
[2026-06-25 23:54:03,186][root][INFO] - Val leaf stats: tensor([0.0000, 0.0147, 0.2835, 0.0145, 0.1983, 0.0000, 0.2332, 0.0327, 0.0422,
        0.0677, 0.1095, 0.0003, 0.0000, 0.0035, 0.0000, 0.0000])
[2026-06-25 23:54:03,570][root][INFO] - Epoch: 21 | train acc: 0.9095, train loss: 0.54206399, valid acc: 0.8958, valid loss: 0.37105259, test acc: 0.8557, test loss: 2.07422188
[2026-06-25 23:54:05,642][root][INFO] - reg loss: 5.890938314811263, entropy loss: 0.21214152210288578, leaf dev: 0.06745153665542603
[2026-06-25 23:54:05,643][root][INFO] - Val leaf stats: tensor([0.0869, 0.0482, 0.0017, 0.0897, 0.0007, 0.0717, 0.0680, 0.0141, 0.0082,
        0.1068, 0.0641, 0.2349, 0.1783, 0.0148, 0.0102, 0.0018])
[2026-06-25 23:54:06,213][root][INFO] - reg loss: 5.112213755410815, entropy loss: 0.11461988075700387, leaf dev: 0.11045167595148087
[2026-06-25 23:54:06,214][root][INFO] - Val leaf stats: tensor([3.8476e-02, 3.3993e-02, 9.3388e-04, 4.5162e-01, 1.2140e-03, 6.9854e-02,
        3.1098e-02, 1.4008e-03, 2.5215e-03, 3.5394e-02, 2.5588e-02, 7.8913e-02,
        1.0422e-01, 6.1636e-03, 1.1832e-01, 2.8016e-04])
[2026-06-25 23:54:06,340][root][INFO] - Epoch: 21 | train acc: 0.9437, train loss: 0.35004199, valid acc: 0.9302, valid loss: 0.23628091, test acc: 0.8963, test loss: 0.63051014
[2026-06-25 23:54:06,672][root][INFO] - Epoch: 36 | train acc: 0.9250, train loss: 0.80680584, valid acc: 0.8960, valid loss: 0.37443760, test acc: 0.8991, test loss: 0.35317371
[2026-06-25 23:54:08,924][root][INFO] - Epoch: 21 | train acc: 0.9393, train loss: 0.72244752, valid acc: 0.9262, valid loss: 0.25474021, test acc: 0.8932, test loss: 0.55157091
[2026-06-25 23:54:09,028][root][INFO] - reg loss: 5.7954400784124145, entropy loss: 0.16206507227092823, leaf dev: 0.09862344712018967
[2026-06-25 23:54:09,029][root][INFO] - Val leaf stats: tensor([2.5869e-02, 3.7355e-04, 2.1479e-03, 6.6306e-03, 7.1255e-02, 3.3526e-02,
        2.0452e-02, 1.2953e-01, 3.7355e-04, 3.9130e-01, 7.4710e-04, 1.4989e-01,
        3.4180e-02, 1.9892e-02, 3.8756e-02, 7.5084e-02])
[2026-06-25 23:54:09,902][root][INFO] - Epoch: 37 | train acc: 0.9426, train loss: 0.29301049, valid acc: 0.9030, valid loss: 0.32658972, test acc: 0.9129, test loss: 0.30850005
[2026-06-25 23:54:10,209][root][INFO] - Epoch: 21 | train acc: 0.9478, train loss: 1.07834588, valid acc: 0.9352, valid loss: 0.23498830, test acc: 0.9060, test loss: 0.61078433
[2026-06-25 23:54:10,432][root][INFO] - reg loss: 5.138723674810158, entropy loss: 0.06880974987486624, leaf dev: 0.10784393548965454
[2026-06-25 23:54:10,433][root][INFO] - Val leaf stats: tensor([0.2115, 0.3422, 0.0010, 0.0000, 0.0842, 0.0000, 0.0055, 0.2342, 0.0000,
        0.0000, 0.0000, 0.0000, 0.0068, 0.1147, 0.0000, 0.0000])
[2026-06-25 23:54:11,106][root][INFO] - reg loss: 5.717616666561712, entropy loss: 0.1290799079354478, leaf dev: 0.0660867914557457
[2026-06-25 23:54:11,107][root][INFO] - Val leaf stats: tensor([1.2551e-01, 9.3388e-05, 2.8950e-03, 8.5917e-03, 7.5644e-02, 9.0400e-02,
        1.0618e-01, 4.2959e-03, 1.4942e-03, 1.2047e-02, 5.7527e-02, 1.4466e-01,
        1.8491e-02, 5.9768e-03, 2.0704e-01, 1.3915e-01])
[2026-06-25 23:54:11,505][root][INFO] - Epoch: 37 | train acc: 0.9195, train loss: 0.50857956, valid acc: 0.8918, valid loss: 0.36095349, test acc: 0.8970, test loss: 0.36104884
[2026-06-25 23:54:11,637][root][INFO] - Epoch: 37 | train acc: 0.9356, train loss: 0.32027630, valid acc: 0.9042, valid loss: 0.33806988, test acc: 0.9040, test loss: 0.33621608
[2026-06-25 23:54:12,656][root][INFO] - reg loss: 5.368434643619275, entropy loss: 0.11236681383122843, leaf dev: 0.06839701533317566
[2026-06-25 23:54:12,657][root][INFO] - Val leaf stats: tensor([0.1281, 0.0003, 0.0053, 0.0163, 0.0687, 0.1273, 0.1974, 0.0749, 0.0011,
        0.0024, 0.1677, 0.1421, 0.0049, 0.0035, 0.0181, 0.0417])
[2026-06-25 23:54:13,112][root][INFO] - Epoch: 22 | train acc: 0.9351, train loss: 0.32630485, valid acc: 0.9098, valid loss: 0.30222042, test acc: 0.9079, test loss: 1.95151023
[2026-06-25 23:54:13,414][root][INFO] - reg loss: 5.902454907039426, entropy loss: 0.19151929133343246, leaf dev: 0.07590445131063461
[2026-06-25 23:54:13,416][root][INFO] - Val leaf stats: tensor([0.0043, 0.0038, 0.1593, 0.1472, 0.0000, 0.0325, 0.0882, 0.0410, 0.0000,
        0.0067, 0.0517, 0.0500, 0.1988, 0.2158, 0.0000, 0.0007])
[2026-06-25 23:54:15,097][root][INFO] - reg loss: 5.594575238677691, entropy loss: 0.11959765963959244, leaf dev: 0.09484097361564636
[2026-06-25 23:54:15,098][root][INFO] - Val leaf stats: tensor([0.0000, 0.0000, 0.0442, 0.0000, 0.0402, 0.2412, 0.0498, 0.3270, 0.0000,
        0.0692, 0.0000, 0.0003, 0.0663, 0.1257, 0.0362, 0.0000])
[2026-06-25 23:54:15,576][root][INFO] - reg loss: 6.114512789186347, entropy loss: 0.20215476938971766, leaf dev: 0.05760110542178154
[2026-06-25 23:54:15,576][root][INFO] - Val leaf stats: tensor([0.1815, 0.0677, 0.0183, 0.0614, 0.0035, 0.0733, 0.0285, 0.0367, 0.0055,
        0.1005, 0.0400, 0.1107, 0.1848, 0.0195, 0.0675, 0.0005])
[2026-06-25 23:54:15,603][root][INFO] - reg loss: 5.98798265996969, entropy loss: 0.20033831838166938, leaf dev: 0.07932455092668533
[2026-06-25 23:54:15,604][root][INFO] - Val leaf stats: tensor([0.1483, 0.0277, 0.2937, 0.0142, 0.1025, 0.0388, 0.0142, 0.0443, 0.1052,
        0.0018, 0.0885, 0.1208, 0.0000, 0.0000, 0.0000, 0.0000])
[2026-06-25 23:54:18,683][root][INFO] - Epoch: 38 | train acc: 0.9397, train loss: 0.90744152, valid acc: 0.9197, valid loss: 0.28126841, test acc: 0.9220, test loss: 0.29399054
[2026-06-25 23:54:19,361][root][INFO] - Epoch: 37 | train acc: 0.9525, train loss: 0.16199527, valid acc: 0.9332, valid loss: 0.25005616, test acc: 0.9336, test loss: 0.24727829
[2026-06-25 23:54:22,524][root][INFO] - reg loss: 5.471352982071211, entropy loss: 0.08767802675939956, leaf dev: 0.08935546875
[2026-06-25 23:54:22,525][root][INFO] - Val leaf stats: tensor([0.0000, 0.0000, 0.2632, 0.0268, 0.0745, 0.0000, 0.0000, 0.0000, 0.0682,
        0.0000, 0.2075, 0.1278, 0.0000, 0.0272, 0.0000, 0.2048])
[2026-06-25 23:54:23,151][root][INFO] - reg loss: 6.368764171060526, entropy loss: 0.27946634225125583, leaf dev: 0.06649269163608551
[2026-06-25 23:54:23,164][root][INFO] - Val leaf stats: tensor([1.0167e-01, 1.2567e-01, 1.6100e-01, 1.2267e-01, 1.0367e-01, 0.0000e+00,
        5.0000e-04, 1.6667e-04, 5.0000e-04, 8.5000e-03, 1.3483e-01, 1.7233e-01,
        0.0000e+00, 5.2667e-02, 1.5833e-02, 0.0000e+00])
[2026-06-25 23:54:23,322][root][INFO] - Epoch: 22 | train acc: 0.9314, train loss: 0.53204691, valid acc: 0.9159, valid loss: 0.27920009, test acc: 0.8930, test loss: 1.29859872
[2026-06-25 23:54:26,173][root][INFO] - reg loss: 5.618293015414445, entropy loss: 0.14954028463868238, leaf dev: 0.05684957280755043
[2026-06-25 23:54:26,174][root][INFO] - Val leaf stats: tensor([0.0035, 0.0007, 0.0646, 0.0622, 0.0571, 0.0196, 0.1685, 0.0725, 0.0018,
        0.1789, 0.0148, 0.0616, 0.1051, 0.0167, 0.0449, 0.1276])
[2026-06-25 23:54:29,021][root][INFO] - Epoch: 37 | train acc: 0.9419, train loss: 0.65740172, valid acc: 0.9218, valid loss: 0.28647817, test acc: 0.9219, test loss: 0.29674120
[2026-06-25 23:54:29,130][root][INFO] - Epoch: 22 | train acc: 0.9320, train loss: 1.11779310, valid acc: 0.9279, valid loss: 0.25798985, test acc: 0.9011, test loss: 1.20943156
[2026-06-25 23:54:31,624][root][INFO] - Epoch: 22 | train acc: 0.9430, train loss: 0.40597998, valid acc: 0.9261, valid loss: 0.25243258, test acc: 0.9107, test loss: 0.62670035
[2026-06-25 23:54:31,933][root][INFO] - reg loss: 5.698816695541301, entropy loss: 0.11073553526685351, leaf dev: 0.06547265499830246
[2026-06-25 23:54:31,934][root][INFO] - Val leaf stats: tensor([0.0153, 0.1245, 0.0007, 0.1344, 0.0030, 0.0757, 0.0011, 0.0369, 0.0011,
        0.1671, 0.0529, 0.0855, 0.1917, 0.0045, 0.1053, 0.0003])
[2026-06-25 23:54:32,919][root][INFO] - reg loss: 5.650987868039113, entropy loss: 0.11288202757824142, leaf dev: 0.08852973580360413
[2026-06-25 23:54:32,920][root][INFO] - Val leaf stats: tensor([0.0000, 0.0122, 0.2492, 0.0240, 0.1987, 0.0000, 0.2323, 0.0332, 0.0525,
        0.0768, 0.1185, 0.0003, 0.0000, 0.0023, 0.0000, 0.0000])
[2026-06-25 23:54:34,229][root][INFO] - reg loss: 6.811598876165966, entropy loss: 0.21102493496798963, leaf dev: 0.061233535408973694
[2026-06-25 23:54:34,230][root][INFO] - Val leaf stats: tensor([0.0233, 0.0319, 0.0007, 0.0930, 0.0033, 0.0710, 0.0395, 0.1128, 0.1671,
        0.1899, 0.0310, 0.0158, 0.1436, 0.0216, 0.0541, 0.0015])
[2026-06-25 23:54:37,309][root][INFO] - Epoch: 37 | train acc: 0.9269, train loss: 0.79918412, valid acc: 0.9000, valid loss: 0.37483251, test acc: 0.8990, test loss: 0.35489566
[2026-06-25 23:54:37,839][root][INFO] - Epoch: 23 | train acc: 0.9424, train loss: 0.19750920, valid acc: 0.9218, valid loss: 0.27469745, test acc: 0.8857, test loss: 1.11237135
[2026-06-25 23:54:38,316][root][INFO] - Epoch: 22 | train acc: 0.9152, train loss: 0.51712117, valid acc: 0.9014, valid loss: 0.35414006, test acc: 0.8615, test loss: 2.36824341
[2026-06-25 23:54:39,671][root][INFO] - Epoch: 38 | train acc: 0.9407, train loss: 0.30281877, valid acc: 0.9128, valid loss: 0.30849894, test acc: 0.9197, test loss: 0.28611315
[2026-06-25 23:54:40,310][root][INFO] - Epoch: 22 | train acc: 0.9450, train loss: 0.34482758, valid acc: 0.9288, valid loss: 0.24963236, test acc: 0.8790, test loss: 0.70316275
[2026-06-25 23:54:40,425][root][INFO] - reg loss: 5.942153009788069, entropy loss: 0.213858979404288, leaf dev: 0.06577325612306595
[2026-06-25 23:54:40,426][root][INFO] - Val leaf stats: tensor([0.0345, 0.0437, 0.0017, 0.0780, 0.0007, 0.0727, 0.1400, 0.0201, 0.0091,
        0.1109, 0.0727, 0.2237, 0.1569, 0.0212, 0.0124, 0.0018])
[2026-06-25 23:54:40,521][root][INFO] - Epoch: 22 | train acc: 0.9412, train loss: 0.69988435, valid acc: 0.9285, valid loss: 0.24761521, test acc: 0.8994, test loss: 0.52660320
[2026-06-25 23:54:40,874][root][INFO] - reg loss: 5.121140951832766, entropy loss: 0.11403569949682428, leaf dev: 0.10499731451272964
[2026-06-25 23:54:40,876][root][INFO] - Val leaf stats: tensor([3.9690e-02, 3.0725e-02, 1.1207e-03, 4.2800e-01, 1.2140e-03, 6.9854e-02,
        3.8009e-02, 2.7083e-03, 2.2413e-03, 3.7916e-02, 2.5402e-02, 1.0049e-01,
        1.0674e-01, 5.0430e-03, 1.1057e-01, 2.8016e-04])
[2026-06-25 23:54:41,097][root][INFO] - reg loss: 5.1414213675373, entropy loss: 0.06879841719033583, leaf dev: 0.10633225739002228
[2026-06-25 23:54:41,098][root][INFO] - Val leaf stats: tensor([0.2168, 0.3313, 0.0010, 0.0000, 0.0793, 0.0000, 0.0077, 0.2302, 0.0000,
        0.0003, 0.0000, 0.0000, 0.0072, 0.1262, 0.0000, 0.0000])
[2026-06-25 23:54:42,078][root][INFO] - Epoch: 38 | train acc: 0.9351, train loss: 0.45285671, valid acc: 0.9160, valid loss: 0.27240409, test acc: 0.9235, test loss: 0.26833782
[2026-06-25 23:54:42,703][root][INFO] - reg loss: 5.922687770197631, entropy loss: 0.16172221854881005, leaf dev: 0.09764564037322998
[2026-06-25 23:54:42,704][root][INFO] - Val leaf stats: tensor([2.9044e-02, 2.8016e-04, 2.0545e-03, 8.9653e-03, 7.0882e-02, 3.3340e-02,
        2.0732e-02, 1.2486e-01, 4.4826e-03, 3.9279e-01, 1.0273e-03, 1.3317e-01,
        4.8001e-02, 1.0179e-02, 4.0530e-02, 7.9660e-02])
[2026-06-25 23:54:42,993][root][INFO] - Epoch: 38 | train acc: 0.9325, train loss: 0.31941740, valid acc: 0.9192, valid loss: 0.28901516, test acc: 0.9154, test loss: 0.30289988
[2026-06-25 23:54:43,089][root][INFO] - reg loss: 5.665284391433474, entropy loss: 0.125024255503107, leaf dev: 0.06547847390174866
[2026-06-25 23:54:43,090][root][INFO] - Val leaf stats: tensor([1.3149e-01, 9.3388e-05, 2.9884e-03, 8.0314e-03, 7.8353e-02, 8.2742e-02,
        1.2972e-01, 5.9768e-03, 2.2413e-03, 1.9705e-02, 4.5387e-02, 1.1599e-01,
        2.0732e-02, 6.2570e-03, 2.0573e-01, 1.4456e-01])
[2026-06-25 23:54:43,351][root][INFO] - reg loss: 5.866649857107198, entropy loss: 0.1898684136147769, leaf dev: 0.0785723328590393
[2026-06-25 23:54:43,352][root][INFO] - Val leaf stats: tensor([0.0075, 0.0058, 0.1415, 0.1168, 0.0000, 0.0115, 0.1022, 0.0452, 0.0000,
        0.0075, 0.0498, 0.0590, 0.2305, 0.2227, 0.0000, 0.0000])
[2026-06-25 23:54:43,424][root][INFO] - Epoch: 22 | train acc: 0.9466, train loss: 1.09761817, valid acc: 0.9357, valid loss: 0.23232162, test acc: 0.9158, test loss: 0.62572064
[2026-06-25 23:54:45,601][root][INFO] - reg loss: 5.52683616584202, entropy loss: 0.11611911035933585, leaf dev: 0.0844511017203331
[2026-06-25 23:54:45,603][root][INFO] - Val leaf stats: tensor([0.0000, 0.0000, 0.0010, 0.0000, 0.0760, 0.1498, 0.0645, 0.2950, 0.0005,
        0.0945, 0.0000, 0.0020, 0.0848, 0.1755, 0.0560, 0.0003])
[2026-06-25 23:54:46,004][root][INFO] - Epoch: 23 | train acc: 0.9374, train loss: 0.31312333, valid acc: 0.9243, valid loss: 0.26524944, test acc: 0.9064, test loss: 2.00290740
[2026-06-25 23:54:46,060][root][INFO] - reg loss: 5.441383493009698, entropy loss: 0.11416478991193116, leaf dev: 0.06918815523386002
[2026-06-25 23:54:46,061][root][INFO] - Val leaf stats: tensor([0.1185, 0.0004, 0.0039, 0.0178, 0.0687, 0.1334, 0.1995, 0.0823, 0.0012,
        0.0021, 0.1713, 0.1415, 0.0054, 0.0034, 0.0159, 0.0347])
[2026-06-25 23:54:46,972][root][INFO] - reg loss: 5.770086144501308, entropy loss: 0.17878640288451933, leaf dev: 0.07919306308031082
[2026-06-25 23:54:46,973][root][INFO] - Val leaf stats: tensor([0.1028, 0.0127, 0.2403, 0.0035, 0.0587, 0.0878, 0.0035, 0.0095, 0.1643,
        0.0025, 0.1357, 0.1772, 0.0000, 0.0000, 0.0003, 0.0012])
[2026-06-25 23:54:48,749][root][INFO] - reg loss: 5.995757705950863, entropy loss: 0.196235314799995, leaf dev: 0.056377291679382324
[2026-06-25 23:54:48,750][root][INFO] - Val leaf stats: tensor([0.1705, 0.0609, 0.0391, 0.0778, 0.0042, 0.0712, 0.0237, 0.0194, 0.0036,
        0.1120, 0.0367, 0.1196, 0.1718, 0.0119, 0.0769, 0.0007])
[2026-06-25 23:54:49,464][root][INFO] - Epoch: 39 | train acc: 0.9430, train loss: 0.87162577, valid acc: 0.9157, valid loss: 0.28975815, test acc: 0.9186, test loss: 0.30126122
[2026-06-25 23:54:50,308][root][INFO] - Epoch: 38 | train acc: 0.9542, train loss: 0.15312251, valid acc: 0.9340, valid loss: 0.23675177, test acc: 0.9334, test loss: 0.23867287
[2026-06-25 23:54:53,620][root][INFO] - reg loss: 5.423941639234435, entropy loss: 0.08436744013484919, leaf dev: 0.09120442718267441
[2026-06-25 23:54:53,621][root][INFO] - Val leaf stats: tensor([0.0000, 0.0000, 0.2867, 0.0315, 0.0812, 0.0000, 0.0000, 0.0000, 0.0492,
        0.0000, 0.1900, 0.1272, 0.0000, 0.0295, 0.0000, 0.2048])
[2026-06-25 23:54:54,308][root][INFO] - reg loss: 6.309635481744443, entropy loss: 0.27884686864771935, leaf dev: 0.07085336744785309
[2026-06-25 23:54:54,309][root][INFO] - Val leaf stats: tensor([1.1817e-01, 1.4767e-01, 1.6100e-01, 8.8667e-02, 1.0183e-01, 1.6667e-04,
        6.6667e-04, 1.6667e-04, 5.0000e-04, 1.0000e-02, 1.4033e-01, 1.9283e-01,
        0.0000e+00, 2.8500e-02, 9.5000e-03, 0.0000e+00])
[2026-06-25 23:54:55,111][root][INFO] - Epoch: 23 | train acc: 0.9370, train loss: 0.50154040, valid acc: 0.9225, valid loss: 0.26191382, test acc: 0.8993, test loss: 1.35184091
[2026-06-25 23:54:57,581][root][INFO] - reg loss: 5.673776909157082, entropy loss: 0.14675033604972576, leaf dev: 0.051422569900751114
[2026-06-25 23:54:57,582][root][INFO] - Val leaf stats: tensor([0.0032, 0.0007, 0.0712, 0.1235, 0.0426, 0.0209, 0.1226, 0.0751, 0.0017,
        0.1736, 0.0291, 0.0757, 0.0872, 0.0156, 0.0473, 0.1100])
[2026-06-25 23:55:00,757][root][INFO] - Epoch: 38 | train acc: 0.9422, train loss: 0.65476769, valid acc: 0.9257, valid loss: 0.28040948, test acc: 0.9234, test loss: 0.28765447
[2026-06-25 23:55:03,697][root][INFO] - Epoch: 23 | train acc: 0.9423, train loss: 1.07916933, valid acc: 0.9301, valid loss: 0.23471002, test acc: 0.8853, test loss: 1.29596479
[2026-06-25 23:55:04,030][root][INFO] - Epoch: 23 | train acc: 0.9440, train loss: 0.40073097, valid acc: 0.9313, valid loss: 0.23656799, test acc: 0.9082, test loss: 0.64634046
[2026-06-25 23:55:04,068][root][INFO] - reg loss: 5.680362867859174, entropy loss: 0.1130160208580629, leaf dev: 0.08960194140672684
[2026-06-25 23:55:04,069][root][INFO] - Val leaf stats: tensor([0.0000, 0.0140, 0.2603, 0.0228, 0.1985, 0.0000, 0.2313, 0.0332, 0.0482,
        0.0808, 0.1075, 0.0003, 0.0000, 0.0030, 0.0000, 0.0000])
[2026-06-25 23:55:06,295][root][INFO] - reg loss: 5.620042228194141, entropy loss: 0.10990249736126138, leaf dev: 0.06592772156000137
[2026-06-25 23:55:06,297][root][INFO] - Val leaf stats: tensor([0.0134, 0.1233, 0.0007, 0.1328, 0.0033, 0.0771, 0.0011, 0.0391, 0.0015,
        0.1399, 0.0553, 0.0794, 0.2125, 0.0061, 0.1144, 0.0003])
[2026-06-25 23:55:06,511][root][INFO] - Epoch: 38 | train acc: 0.9248, train loss: 0.79909851, valid acc: 0.8932, valid loss: 0.38272152, test acc: 0.9000, test loss: 0.35908154
[2026-06-25 23:55:06,800][root][INFO] - reg loss: 6.748338694294924, entropy loss: 0.2058464788570606, leaf dev: 0.0528341680765152
[2026-06-25 23:55:06,801][root][INFO] - Val leaf stats: tensor([0.0388, 0.0808, 0.0007, 0.1130, 0.0039, 0.0699, 0.0122, 0.0770, 0.1577,
        0.1545, 0.0340, 0.0633, 0.1281, 0.0207, 0.0430, 0.0024])
[2026-06-25 23:55:09,416][root][INFO] - Epoch: 39 | train acc: 0.9443, train loss: 0.28399197, valid acc: 0.9160, valid loss: 0.29716888, test acc: 0.9239, test loss: 0.27145212
[2026-06-25 23:55:09,521][root][INFO] - Epoch: 24 | train acc: 0.9390, train loss: 0.21051536, valid acc: 0.9278, valid loss: 0.25081031, test acc: 0.8840, test loss: 1.04984913
[2026-06-25 23:55:10,737][root][INFO] - reg loss: 5.108238508116524, entropy loss: 0.06794365678193434, leaf dev: 0.11033304780721664
[2026-06-25 23:55:10,738][root][INFO] - Val leaf stats: tensor([2.7600e-01, 3.2717e-01, 1.6667e-03, 0.0000e+00, 9.8500e-02, 0.0000e+00,
        4.8333e-03, 2.1750e-01, 0.0000e+00, 1.6667e-04, 0.0000e+00, 0.0000e+00,
        4.6667e-03, 6.9500e-02, 0.0000e+00, 0.0000e+00])
[2026-06-25 23:55:11,541][root][INFO] - Epoch: 39 | train acc: 0.9440, train loss: 0.41825489, valid acc: 0.9218, valid loss: 0.26395094, test acc: 0.9291, test loss: 0.25424706
[2026-06-25 23:55:11,734][root][INFO] - reg loss: 5.7524527569927235, entropy loss: 0.2047824156347406, leaf dev: 0.06930015236139297
[2026-06-25 23:55:11,735][root][INFO] - Val leaf stats: tensor([0.0535, 0.0419, 0.0014, 0.0819, 0.0011, 0.0727, 0.1233, 0.0205, 0.0087,
        0.1153, 0.0525, 0.2528, 0.1481, 0.0152, 0.0090, 0.0020])
[2026-06-25 23:55:11,806][root][INFO] - Epoch: 39 | train acc: 0.9438, train loss: 0.28109104, valid acc: 0.9217, valid loss: 0.27734459, test acc: 0.9236, test loss: 0.27685091
[2026-06-25 23:55:11,834][root][INFO] - Epoch: 23 | train acc: 0.9191, train loss: 0.50162271, valid acc: 0.9060, valid loss: 0.33724223, test acc: 0.8585, test loss: 2.06031190
[2026-06-25 23:55:13,381][root][INFO] - reg loss: 5.858507201356708, entropy loss: 0.1837797171945842, leaf dev: 0.07553858309984207
[2026-06-25 23:55:13,382][root][INFO] - Val leaf stats: tensor([0.0113, 0.0067, 0.1470, 0.1168, 0.0000, 0.0203, 0.0977, 0.0535, 0.0000,
        0.0088, 0.0538, 0.0538, 0.1882, 0.2420, 0.0000, 0.0000])
[2026-06-25 23:55:13,749][root][INFO] - Epoch: 23 | train acc: 0.9359, train loss: 0.36883260, valid acc: 0.9150, valid loss: 0.28002540, test acc: 0.8979, test loss: 0.77727779
[2026-06-25 23:55:14,176][root][INFO] - reg loss: 5.1314067361216065, entropy loss: 0.11192867841827807, leaf dev: 0.1017940491437912
[2026-06-25 23:55:14,178][root][INFO] - Val leaf stats: tensor([3.5114e-02, 3.3340e-02, 2.5215e-03, 4.0867e-01, 1.3074e-03, 7.0415e-02,
        4.9963e-02, 3.2686e-03, 2.3347e-03, 4.2959e-02, 2.9511e-02, 4.9682e-02,
        1.1300e-01, 5.5099e-03, 1.5204e-01, 3.7355e-04])
[2026-06-25 23:55:14,609][root][INFO] - Epoch: 23 | train acc: 0.9250, train loss: 0.74155849, valid acc: 0.9078, valid loss: 0.31473009, test acc: 0.8682, test loss: 1.99589173
[2026-06-25 23:55:15,370][root][INFO] - reg loss: 5.636443871372151, entropy loss: 0.17559182573601884, leaf dev: 0.0817030519247055
[2026-06-25 23:55:15,371][root][INFO] - Val leaf stats: tensor([0.0822, 0.0118, 0.2262, 0.0043, 0.0605, 0.0518, 0.0030, 0.0068, 0.1918,
        0.0047, 0.1415, 0.2030, 0.0000, 0.0000, 0.0018, 0.0105])
[2026-06-25 23:55:15,437][root][INFO] - reg loss: 5.502283406707476, entropy loss: 0.1152208889571001, leaf dev: 0.07930059731006622
[2026-06-25 23:55:15,438][root][INFO] - Val leaf stats: tensor([0.0000, 0.0000, 0.0017, 0.0000, 0.1318, 0.1063, 0.0550, 0.2662, 0.0005,
        0.1083, 0.0000, 0.0028, 0.0930, 0.1740, 0.0600, 0.0003])
[2026-06-25 23:55:16,145][root][INFO] - Epoch: 23 | train acc: 0.9458, train loss: 1.05023419, valid acc: 0.9345, valid loss: 0.23651487, test acc: 0.9165, test loss: 0.65976814
[2026-06-25 23:55:16,911][root][INFO] - reg loss: 5.842214266459147, entropy loss: 0.15608520679688329, leaf dev: 0.1096029058098793
[2026-06-25 23:55:16,912][root][INFO] - Val leaf stats: tensor([2.8203e-02, 1.8678e-04, 2.3347e-03, 9.8058e-03, 7.0882e-02, 3.5768e-02,
        2.2413e-02, 1.1645e-01, 2.8016e-04, 4.5237e-01, 1.5876e-03, 7.7139e-02,
        4.5200e-02, 1.0926e-02, 4.4826e-02, 8.1621e-02])
[2026-06-25 23:55:17,492][root][INFO] - reg loss: 5.4562861175133435, entropy loss: 0.12016712180363438, leaf dev: 0.08379978686571121
[2026-06-25 23:55:17,493][root][INFO] - Val leaf stats: tensor([0.0346, 0.0000, 0.0032, 0.0036, 0.0730, 0.0369, 0.0834, 0.0039, 0.0019,
        0.0125, 0.0781, 0.2804, 0.0205, 0.0064, 0.2142, 0.1475])
[2026-06-25 23:55:18,289][root][INFO] - reg loss: 5.234170393969016, entropy loss: 0.10786964515687297, leaf dev: 0.07010781019926071
[2026-06-25 23:55:18,290][root][INFO] - Val leaf stats: tensor([0.1367, 0.0003, 0.0050, 0.0205, 0.0684, 0.1335, 0.1912, 0.0687, 0.0010,
        0.0016, 0.1814, 0.1378, 0.0048, 0.0036, 0.0095, 0.0360])
[2026-06-25 23:55:19,708][root][INFO] - Epoch: 24 | train acc: 0.9274, train loss: 0.34714083, valid acc: 0.9146, valid loss: 0.28964893, test acc: 0.8756, test loss: 0.73311450
[2026-06-25 23:55:20,627][root][INFO] - Epoch: 40 | train acc: 0.9091, train loss: 0.96520134, valid acc: 0.8973, valid loss: 0.34399967, test acc: 0.9009, test loss: 0.35041233
[2026-06-25 23:55:22,214][root][INFO] - reg loss: 6.004635740209509, entropy loss: 0.20427467741032757, leaf dev: 0.05663083493709564
[2026-06-25 23:55:22,215][root][INFO] - Val leaf stats: tensor([0.0762, 0.0403, 0.0177, 0.0632, 0.0040, 0.1802, 0.0481, 0.0294, 0.0039,
        0.0945, 0.0525, 0.1276, 0.1673, 0.0100, 0.0844, 0.0006])
[2026-06-25 23:55:22,620][root][INFO] - Epoch: 39 | train acc: 0.9462, train loss: 0.18260975, valid acc: 0.9130, valid loss: 0.30365547, test acc: 0.9163, test loss: 0.28480144
[2026-06-25 23:55:24,569][root][INFO] - reg loss: 5.36145940366781, entropy loss: 0.08352549388161246, leaf dev: 0.10785374045372009
[2026-06-25 23:55:24,570][root][INFO] - Val leaf stats: tensor([0.0000, 0.0000, 0.4093, 0.0713, 0.0843, 0.0000, 0.0000, 0.0000, 0.0173,
        0.0000, 0.1173, 0.0817, 0.0000, 0.0300, 0.0000, 0.1887])
[2026-06-25 23:55:26,222][root][INFO] - Epoch: 24 | train acc: 0.9447, train loss: 0.48090291, valid acc: 0.9302, valid loss: 0.24513024, test acc: 0.9072, test loss: 1.37470484
[2026-06-25 23:55:26,504][root][INFO] - reg loss: 6.235526570733988, entropy loss: 0.27381586747349435, leaf dev: 0.07220523804426193
[2026-06-25 23:55:26,505][root][INFO] - Val leaf stats: tensor([1.4200e-01, 1.8800e-01, 1.6633e-01, 1.2017e-01, 6.7167e-02, 1.6667e-04,
        2.6667e-03, 5.0000e-04, 3.3333e-04, 7.8333e-03, 1.2933e-01, 1.4600e-01,
        0.0000e+00, 1.8667e-02, 1.0833e-02, 0.0000e+00])
[2026-06-25 23:55:29,142][root][INFO] - reg loss: 5.732337583309759, entropy loss: 0.14640906823690605, leaf dev: 0.05311337113380432
[2026-06-25 23:55:29,143][root][INFO] - Val leaf stats: tensor([0.0029, 0.0007, 0.0727, 0.0999, 0.0421, 0.0275, 0.1448, 0.0611, 0.0014,
        0.1773, 0.0244, 0.0647, 0.0911, 0.0162, 0.0511, 0.1222])
[2026-06-25 23:55:31,431][root][INFO] - Epoch: 39 | train acc: 0.9441, train loss: 0.63948464, valid acc: 0.9185, valid loss: 0.29509532, test acc: 0.9196, test loss: 0.29593789
[2026-06-25 23:55:35,076][root][INFO] - reg loss: 5.638839762165861, entropy loss: 0.11078510693502876, leaf dev: 0.0963621437549591
[2026-06-25 23:55:35,077][root][INFO] - Val leaf stats: tensor([0.0000e+00, 1.8833e-02, 2.8467e-01, 2.7667e-02, 1.8667e-01, 0.0000e+00,
        2.6717e-01, 3.6167e-02, 3.0667e-02, 5.9167e-02, 8.7500e-02, 1.6667e-04,
        0.0000e+00, 1.3333e-03, 0.0000e+00, 0.0000e+00])
[2026-06-25 23:55:36,443][root][INFO] - Epoch: 24 | train acc: 0.9440, train loss: 1.07314830, valid acc: 0.9284, valid loss: 0.24539693, test acc: 0.9005, test loss: 0.53866151
[2026-06-25 23:55:37,072][root][INFO] - Epoch: 39 | train acc: 0.9265, train loss: 0.79677042, valid acc: 0.8973, valid loss: 0.36484111, test acc: 0.9013, test loss: 0.34627958
[2026-06-25 23:55:37,102][root][INFO] - Epoch: 24 | train acc: 0.9446, train loss: 0.39118329, valid acc: 0.9332, valid loss: 0.23130829, test acc: 0.9109, test loss: 0.68212862
[2026-06-25 23:55:39,217][root][INFO] - reg loss: 5.545079612227344, entropy loss: 0.10984283713278947, leaf dev: 0.06269361078739166
[2026-06-25 23:55:39,218][root][INFO] - Val leaf stats: tensor([0.0150, 0.1413, 0.0007, 0.1239, 0.0038, 0.0822, 0.0013, 0.0416, 0.0012,
        0.1351, 0.0516, 0.0808, 0.1548, 0.0055, 0.1611, 0.0000])
[2026-06-25 23:55:39,624][root][INFO] - Epoch: 40 | train acc: 0.9479, train loss: 0.27255842, valid acc: 0.9167, valid loss: 0.29138720, test acc: 0.9234, test loss: 0.26841094
[2026-06-25 23:55:39,692][root][INFO] - reg loss: 6.643907471308633, entropy loss: 0.1989891498334824, leaf dev: 0.05329592153429985
[2026-06-25 23:55:39,694][root][INFO] - Val leaf stats: tensor([0.0338, 0.0858, 0.0007, 0.1201, 0.0048, 0.0700, 0.0151, 0.0680, 0.1597,
        0.1518, 0.0334, 0.0556, 0.1302, 0.0210, 0.0473, 0.0027])
[2026-06-25 23:55:40,980][root][INFO] - reg loss: 5.104196395514147, entropy loss: 0.06815531800659198, leaf dev: 0.10839258134365082
[2026-06-25 23:55:40,981][root][INFO] - Val leaf stats: tensor([2.5467e-01, 3.2667e-01, 1.6667e-03, 0.0000e+00, 1.0633e-01, 0.0000e+00,
        5.0000e-03, 2.2333e-01, 0.0000e+00, 1.6667e-04, 0.0000e+00, 0.0000e+00,
        5.1667e-03, 7.7000e-02, 0.0000e+00, 0.0000e+00])
[2026-06-25 23:55:42,019][root][INFO] - Epoch: 40 | train acc: 0.9439, train loss: 0.29215952, valid acc: 0.9232, valid loss: 0.27165407, test acc: 0.9212, test loss: 0.27332309
[2026-06-25 23:55:42,339][root][INFO] - Epoch: 25 | train acc: 0.9418, train loss: 0.20251187, valid acc: 0.9217, valid loss: 0.27492639, test acc: 0.8850, test loss: 1.27712003
[2026-06-25 23:55:42,875][root][INFO] - Epoch: 40 | train acc: 0.9483, train loss: 0.40692144, valid acc: 0.9218, valid loss: 0.27771658, test acc: 0.9329, test loss: 0.25186095
[2026-06-25 23:55:43,548][root][INFO] - reg loss: 5.868229519646123, entropy loss: 0.1849767506684897, leaf dev: 0.07638947665691376
[2026-06-25 23:55:43,549][root][INFO] - Val leaf stats: tensor([0.0115, 0.0070, 0.1548, 0.1143, 0.0000, 0.0228, 0.0970, 0.0658, 0.0000,
        0.0062, 0.0465, 0.0427, 0.1883, 0.2430, 0.0000, 0.0000])
[2026-06-25 23:55:43,957][root][INFO] - Epoch: 24 | train acc: 0.9240, train loss: 0.48070011, valid acc: 0.9047, valid loss: 0.33306016, test acc: 0.8571, test loss: 2.09701197
[2026-06-25 23:55:44,960][root][INFO] - reg loss: 5.784595711521371, entropy loss: 0.20220837296632233, leaf dev: 0.07367920875549316
[2026-06-25 23:55:44,961][root][INFO] - Val leaf stats: tensor([0.0706, 0.0445, 0.0013, 0.0872, 0.0012, 0.0726, 0.1024, 0.0185, 0.0097,
        0.1548, 0.0596, 0.2816, 0.0787, 0.0126, 0.0026, 0.0021])
[2026-06-25 23:55:46,113][root][INFO] - reg loss: 5.734900105674312, entropy loss: 0.18867279673522375, leaf dev: 0.08185479789972305
[2026-06-25 23:55:46,114][root][INFO] - Val leaf stats: tensor([0.0958, 0.0170, 0.2388, 0.0060, 0.0665, 0.0320, 0.0028, 0.0058, 0.1453,
        0.0042, 0.1683, 0.2033, 0.0000, 0.0000, 0.0022, 0.0118])
[2026-06-25 23:55:46,711][root][INFO] - reg loss: 5.545154657004015, entropy loss: 0.11605968832407358, leaf dev: 0.07431101053953171
[2026-06-25 23:55:46,712][root][INFO] - Val leaf stats: tensor([0.0000, 0.0000, 0.0028, 0.0000, 0.1225, 0.1002, 0.0442, 0.1908, 0.0018,
        0.1318, 0.0000, 0.0062, 0.0992, 0.2195, 0.0805, 0.0005])
[2026-06-25 23:55:46,735][root][INFO] - reg loss: 5.097239731480836, entropy loss: 0.11013109658760999, leaf dev: 0.09966637939214706
[2026-06-25 23:55:46,736][root][INFO] - Val leaf stats: tensor([3.3526e-02, 3.3433e-02, 3.8289e-03, 4.0017e-01, 1.2140e-03, 7.0508e-02,
        4.8188e-02, 3.5487e-03, 2.3347e-03, 2.7643e-02, 2.6709e-02, 8.7505e-02,
        1.1814e-01, 6.2570e-03, 1.3663e-01, 3.7355e-04])
[2026-06-25 23:55:47,685][root][INFO] - Epoch: 24 | train acc: 0.9233, train loss: 0.72819425, valid acc: 0.9176, valid loss: 0.28772782, test acc: 0.8673, test loss: 2.05038967
[2026-06-25 23:55:48,254][root][INFO] - Epoch: 24 | train acc: 0.9498, train loss: 1.00109964, valid acc: 0.9381, valid loss: 0.22784101, test acc: 0.9193, test loss: 0.67458583
[2026-06-25 23:55:49,153][root][INFO] - Epoch: 24 | train acc: 0.9325, train loss: 0.37308102, valid acc: 0.9219, valid loss: 0.26584372, test acc: 0.8961, test loss: 0.73142461
[2026-06-25 23:55:50,887][root][INFO] - reg loss: 5.371000612854327, entropy loss: 0.11818171848380377, leaf dev: 0.08188817650079727
[2026-06-25 23:55:50,889][root][INFO] - Val leaf stats: tensor([0.0390, 0.0000, 0.0032, 0.0038, 0.0737, 0.0462, 0.0756, 0.0043, 0.0018,
        0.0180, 0.0737, 0.2677, 0.0247, 0.0067, 0.2299, 0.1316])
[2026-06-25 23:55:51,042][root][INFO] - reg loss: 5.179408497280544, entropy loss: 0.10358514916644525, leaf dev: 0.06965076178312302
[2026-06-25 23:55:51,044][root][INFO] - Val leaf stats: tensor([0.1267, 0.0003, 0.0043, 0.0209, 0.0685, 0.1371, 0.1956, 0.0770, 0.0010,
        0.0015, 0.1700, 0.1447, 0.0056, 0.0036, 0.0099, 0.0333])
[2026-06-25 23:55:51,735][root][INFO] - reg loss: 5.809528509775798, entropy loss: 0.156310530172454, leaf dev: 0.08510211110115051
[2026-06-25 23:55:51,737][root][INFO] - Val leaf stats: tensor([3.1472e-02, 1.8678e-04, 2.1479e-03, 1.2140e-02, 7.4057e-02, 1.3756e-01,
        2.3160e-02, 1.1412e-01, 1.8678e-04, 3.3797e-01, 1.3074e-03, 8.2555e-02,
        4.2398e-02, 1.1954e-02, 4.5013e-02, 8.3769e-02])
[2026-06-25 23:55:51,821][root][INFO] - Epoch: 41 | train acc: 0.9283, train loss: 0.88413184, valid acc: 0.9112, valid loss: 0.30202878, test acc: 0.9131, test loss: 0.31030490
[2026-06-25 23:55:52,197][root][INFO] - Epoch: 25 | train acc: 0.9409, train loss: 0.31391925, valid acc: 0.9321, valid loss: 0.23981594, test acc: 0.9089, test loss: 1.49477433
[2026-06-25 23:55:52,748][root][INFO] - Epoch: 40 | train acc: 0.9386, train loss: 0.20252203, valid acc: 0.9193, valid loss: 0.27367663, test acc: 0.9229, test loss: 0.26901477
[2026-06-25 23:55:54,554][root][INFO] - reg loss: 6.079413926159894, entropy loss: 0.21125423127696627, leaf dev: 0.048326458781957626
[2026-06-25 23:55:54,555][root][INFO] - Val leaf stats: tensor([0.0951, 0.0520, 0.0392, 0.0696, 0.0032, 0.1026, 0.0399, 0.0501, 0.0032,
        0.0974, 0.0459, 0.1181, 0.1796, 0.0239, 0.0799, 0.0004])
[2026-06-25 23:55:55,491][root][INFO] - reg loss: 5.317736904576139, entropy loss: 0.08120438140237106, leaf dev: 0.10139499604701996
[2026-06-25 23:55:55,492][root][INFO] - Val leaf stats: tensor([0.0000e+00, 0.0000e+00, 3.6583e-01, 5.6833e-02, 6.9000e-02, 0.0000e+00,
        0.0000e+00, 0.0000e+00, 2.8500e-02, 0.0000e+00, 1.5167e-01, 9.3167e-02,
        0.0000e+00, 3.1333e-02, 1.6667e-04, 2.0350e-01])
[2026-06-25 23:55:56,544][root][INFO] - reg loss: 6.053685728109108, entropy loss: 0.25947549658001595, leaf dev: 0.07045479118824005
[2026-06-25 23:55:56,546][root][INFO] - Val leaf stats: tensor([1.2167e-01, 1.2933e-01, 1.7150e-01, 1.4983e-01, 4.9500e-02, 1.6667e-04,
        1.8333e-03, 0.0000e+00, 5.0000e-04, 1.3167e-02, 1.7150e-01, 1.4200e-01,
        0.0000e+00, 3.3500e-02, 1.5500e-02, 0.0000e+00])
[2026-06-25 23:55:59,381][root][INFO] - Epoch: 25 | train acc: 0.9424, train loss: 0.48808463, valid acc: 0.9147, valid loss: 0.28418987, test acc: 0.9049, test loss: 0.55782283
[2026-06-25 23:56:02,028][root][INFO] - reg loss: 5.713597105924414, entropy loss: 0.145061229587232, leaf dev: 0.05899374559521675
[2026-06-25 23:56:02,029][root][INFO] - Val leaf stats: tensor([0.0032, 0.0007, 0.0737, 0.0756, 0.0386, 0.0274, 0.1543, 0.0633, 0.0007,
        0.1917, 0.1530, 0.0947, 0.0433, 0.0132, 0.0407, 0.0260])
[2026-06-25 23:56:02,293][root][INFO] - Epoch: 40 | train acc: 0.9338, train loss: 0.65726520, valid acc: 0.9228, valid loss: 0.29280091, test acc: 0.9217, test loss: 0.29559770
[2026-06-25 23:56:06,005][root][INFO] - reg loss: 5.631978889681259, entropy loss: 0.10803441724406099, leaf dev: 0.08829359710216522
[2026-06-25 23:56:06,006][root][INFO] - Val leaf stats: tensor([0.0000, 0.0168, 0.2597, 0.0250, 0.1885, 0.0000, 0.2308, 0.0338, 0.0470,
        0.0913, 0.1028, 0.0003, 0.0000, 0.0038, 0.0000, 0.0000])
[2026-06-25 23:56:08,207][root][INFO] - Epoch: 40 | train acc: 0.9298, train loss: 0.79065663, valid acc: 0.9007, valid loss: 0.36654706, test acc: 0.9014, test loss: 0.34717134
[2026-06-25 23:56:08,218][root][INFO] - Epoch: 25 | train acc: 0.9496, train loss: 0.36281454, valid acc: 0.9365, valid loss: 0.22381916, test acc: 0.8929, test loss: 0.80317177
[2026-06-25 23:56:09,934][root][INFO] - Epoch: 25 | train acc: 0.9380, train loss: 1.04376574, valid acc: 0.9160, valid loss: 0.29383013, test acc: 0.9032, test loss: 0.70474695
[2026-06-25 23:56:10,853][root][INFO] - reg loss: 6.5229097901197965, entropy loss: 0.18989616372282542, leaf dev: 0.0544758215546608
[2026-06-25 23:56:10,853][root][INFO] - Val leaf stats: tensor([0.0371, 0.0798, 0.0007, 0.1165, 0.0045, 0.0706, 0.0118, 0.0709, 0.1655,
        0.1368, 0.0349, 0.0398, 0.1518, 0.0205, 0.0558, 0.0029])
[2026-06-25 23:56:10,872][root][INFO] - Epoch: 41 | train acc: 0.9489, train loss: 0.26905423, valid acc: 0.9155, valid loss: 0.29865712, test acc: 0.9208, test loss: 0.28427809
[2026-06-25 23:56:12,022][root][INFO] - reg loss: 5.117881185603592, entropy loss: 0.06860700664374064, leaf dev: 0.10508347302675247
[2026-06-25 23:56:12,023][root][INFO] - Val leaf stats: tensor([0.2547, 0.3117, 0.0020, 0.0000, 0.1333, 0.0000, 0.0052, 0.2028, 0.0000,
        0.0003, 0.0000, 0.0000, 0.0053, 0.0847, 0.0000, 0.0000])
[2026-06-25 23:56:12,606][root][INFO] - Epoch: 41 | train acc: 0.9516, train loss: 0.39786540, valid acc: 0.9162, valid loss: 0.30855736, test acc: 0.9251, test loss: 0.27724263
[2026-06-25 23:56:12,843][root][INFO] - reg loss: 5.402066601647271, entropy loss: 0.10348715518832838, leaf dev: 0.07942607253789902
[2026-06-25 23:56:12,845][root][INFO] - Val leaf stats: tensor([0.0846, 0.0704, 0.0010, 0.0850, 0.0023, 0.0023, 0.0013, 0.0112, 0.0010,
        0.1261, 0.0657, 0.1022, 0.2911, 0.0066, 0.1490, 0.0000])
[2026-06-25 23:56:13,926][root][INFO] - Epoch: 26 | train acc: 0.9428, train loss: 0.19229263, valid acc: 0.9338, valid loss: 0.23361094, test acc: 0.8984, test loss: 2.10496737
[2026-06-25 23:56:13,957][root][INFO] - reg loss: 5.884244900829387, entropy loss: 0.181718554699196, leaf dev: 0.08011755347251892
[2026-06-25 23:56:13,958][root][INFO] - Val leaf stats: tensor([0.0310, 0.0043, 0.1347, 0.0810, 0.0000, 0.0193, 0.0867, 0.0535, 0.0000,
        0.0087, 0.0532, 0.0458, 0.2157, 0.2662, 0.0000, 0.0000])
[2026-06-25 23:56:14,305][root][INFO] - Epoch: 41 | train acc: 0.9468, train loss: 0.27236661, valid acc: 0.9257, valid loss: 0.26619846, test acc: 0.9260, test loss: 0.26660831
[2026-06-25 23:56:16,162][root][INFO] - reg loss: 5.706218896088777, entropy loss: 0.19449987014134726, leaf dev: 0.07011498510837555
[2026-06-25 23:56:16,163][root][INFO] - Val leaf stats: tensor([0.0870, 0.0522, 0.0014, 0.0927, 0.0006, 0.0749, 0.0993, 0.0176, 0.0114,
        0.1403, 0.0374, 0.2635, 0.1037, 0.0116, 0.0047, 0.0018])
[2026-06-25 23:56:16,554][root][INFO] - reg loss: 5.55158512547331, entropy loss: 0.11484058011534079, leaf dev: 0.07591772079467773
[2026-06-25 23:56:16,555][root][INFO] - Val leaf stats: tensor([0.0000, 0.0000, 0.0030, 0.0000, 0.1645, 0.0382, 0.0382, 0.1608, 0.0023,
        0.1450, 0.0000, 0.0077, 0.1348, 0.2130, 0.0920, 0.0005])
[2026-06-25 23:56:17,480][root][INFO] - Epoch: 25 | train acc: 0.9253, train loss: 0.47377875, valid acc: 0.9089, valid loss: 0.31806957, test acc: 0.8486, test loss: 2.18601279
[2026-06-25 23:56:18,127][root][INFO] - reg loss: 5.722525682089464, entropy loss: 0.18613405877126837, leaf dev: 0.07493802160024643
[2026-06-25 23:56:18,128][root][INFO] - Val leaf stats: tensor([0.1097, 0.0177, 0.2372, 0.0115, 0.0730, 0.0347, 0.0043, 0.0088, 0.1440,
        0.0045, 0.1357, 0.1758, 0.0000, 0.0000, 0.0078, 0.0353])
[2026-06-25 23:56:20,272][root][INFO] - reg loss: 5.076622960428712, entropy loss: 0.10865818823456133, leaf dev: 0.09807934612035751
[2026-06-25 23:56:20,273][root][INFO] - Val leaf stats: tensor([3.4647e-02, 3.1565e-02, 1.1207e-03, 3.9307e-01, 1.3074e-03, 7.0228e-02,
        5.4725e-02, 3.2686e-03, 2.2413e-03, 2.5962e-02, 3.0818e-02, 9.1614e-02,
        1.2673e-01, 5.7901e-03, 1.2663e-01, 2.8016e-04])
[2026-06-25 23:56:20,729][root][INFO] - Epoch: 25 | train acc: 0.9438, train loss: 0.34181628, valid acc: 0.9302, valid loss: 0.24003601, test acc: 0.9090, test loss: 0.67436578
[2026-06-25 23:56:20,985][root][INFO] - Epoch: 25 | train acc: 0.9317, train loss: 0.70055122, valid acc: 0.9189, valid loss: 0.27010875, test acc: 0.8751, test loss: 1.09811933
[2026-06-25 23:56:21,695][root][INFO] - Epoch: 42 | train acc: 0.9341, train loss: 0.86768504, valid acc: 0.9175, valid loss: 0.28024994, test acc: 0.9201, test loss: 0.29578328
[2026-06-25 23:56:21,791][root][INFO] - Epoch: 25 | train acc: 0.9506, train loss: 0.96426463, valid acc: 0.9339, valid loss: 0.23120189, test acc: 0.9061, test loss: 0.91298770
[2026-06-25 23:56:22,817][root][INFO] - Epoch: 41 | train acc: 0.9484, train loss: 0.17720134, valid acc: 0.9292, valid loss: 0.25918733, test acc: 0.9327, test loss: 0.25783473
[2026-06-25 23:56:23,297][root][INFO] - reg loss: 5.807604191795228, entropy loss: 0.1574926429955417, leaf dev: 0.09998445212841034
[2026-06-25 23:56:23,298][root][INFO] - Val leaf stats: tensor([2.9417e-02, 1.8678e-04, 2.2413e-03, 1.2981e-02, 7.4524e-02, 4.9682e-02,
        2.0172e-02, 1.0861e-01, 9.3388e-05, 4.1147e-01, 2.7083e-03, 1.0562e-01,
        4.0250e-02, 1.3915e-02, 4.5387e-02, 8.2742e-02])
[2026-06-25 23:56:23,583][root][INFO] - reg loss: 5.353621331472246, entropy loss: 0.11677333787477837, leaf dev: 0.08041273057460785
[2026-06-25 23:56:23,584][root][INFO] - Val leaf stats: tensor([4.3425e-02, 9.3388e-05, 2.9884e-03, 3.6421e-03, 7.6391e-02, 5.2111e-02,
        6.7800e-02, 3.4554e-03, 2.1479e-03, 2.0359e-02, 7.1909e-02, 2.6429e-01,
        2.3440e-02, 7.0041e-03, 2.2077e-01, 1.4018e-01])
[2026-06-25 23:56:24,135][root][INFO] - reg loss: 5.221999488810383, entropy loss: 0.09923021384963283, leaf dev: 0.06743566691875458
[2026-06-25 23:56:24,136][root][INFO] - Val leaf stats: tensor([0.1280, 0.0003, 0.0037, 0.0226, 0.0687, 0.1266, 0.1900, 0.0829, 0.0011,
        0.0015, 0.1779, 0.1264, 0.0073, 0.0037, 0.0120, 0.0472])
[2026-06-25 23:56:24,668][root][INFO] - Epoch: 26 | train acc: 0.9492, train loss: 0.28256339, valid acc: 0.9353, valid loss: 0.23394864, test acc: 0.9125, test loss: 2.18467463
[2026-06-25 23:56:25,533][root][INFO] - reg loss: 5.327583582896106, entropy loss: 0.08143265587541293, leaf dev: 0.0970476046204567
[2026-06-25 23:56:25,534][root][INFO] - Val leaf stats: tensor([0.0000e+00, 0.0000e+00, 3.3333e-01, 5.6500e-02, 6.5667e-02, 0.0000e+00,
        0.0000e+00, 0.0000e+00, 3.3167e-02, 0.0000e+00, 1.5933e-01, 1.0183e-01,
        0.0000e+00, 3.2667e-02, 1.6667e-04, 2.1733e-01])
[2026-06-25 23:56:26,677][root][INFO] - reg loss: 6.196980440391685, entropy loss: 0.2668569253863029, leaf dev: 0.06952721625566483
[2026-06-25 23:56:26,678][root][INFO] - Val leaf stats: tensor([0.1415, 0.1233, 0.1597, 0.1173, 0.0387, 0.0000, 0.0010, 0.0000, 0.0008,
        0.0198, 0.1685, 0.1683, 0.0000, 0.0348, 0.0262, 0.0000])
[2026-06-25 23:56:27,488][root][INFO] - reg loss: 6.2658853682260665, entropy loss: 0.21694268057586025, leaf dev: 0.05028652772307396
[2026-06-25 23:56:27,489][root][INFO] - Val leaf stats: tensor([0.1250, 0.0502, 0.0292, 0.0874, 0.0032, 0.0851, 0.0399, 0.0332, 0.0035,
        0.0894, 0.0536, 0.1281, 0.1744, 0.0222, 0.0751, 0.0004])
[2026-06-25 23:56:31,880][root][INFO] - Epoch: 26 | train acc: 0.9417, train loss: 0.48696692, valid acc: 0.9273, valid loss: 0.24679970, test acc: 0.9116, test loss: 0.58715130
[2026-06-25 23:56:34,113][root][INFO] - Epoch: 41 | train acc: 0.9459, train loss: 0.64375509, valid acc: 0.9288, valid loss: 0.26680405, test acc: 0.9255, test loss: 0.29080223
[2026-06-25 23:56:34,580][root][INFO] - reg loss: 5.711705535807938, entropy loss: 0.14370065809242308, leaf dev: 0.058087315410375595
[2026-06-25 23:56:34,581][root][INFO] - Val leaf stats: tensor([0.0029, 0.0007, 0.0727, 0.0767, 0.0342, 0.0290, 0.1760, 0.0503, 0.0008,
        0.1922, 0.1285, 0.0750, 0.0451, 0.0151, 0.0496, 0.0510])
[2026-06-25 23:56:37,987][root][INFO] - reg loss: 5.684995457811175, entropy loss: 0.11310232086282856, leaf dev: 0.0874096155166626
[2026-06-25 23:56:37,988][root][INFO] - Val leaf stats: tensor([0.0000, 0.0172, 0.2557, 0.0187, 0.1932, 0.0000, 0.2232, 0.0342, 0.0523,
        0.0895, 0.1097, 0.0003, 0.0000, 0.0062, 0.0000, 0.0000])
[2026-06-25 23:56:39,746][root][INFO] - Epoch: 41 | train acc: 0.9296, train loss: 0.79279549, valid acc: 0.9008, valid loss: 0.36737417, test acc: 0.9069, test loss: 0.34043076
[2026-06-25 23:56:40,827][root][INFO] - Epoch: 42 | train acc: 0.9474, train loss: 0.26665797, valid acc: 0.9147, valid loss: 0.30771108, test acc: 0.9197, test loss: 0.28304730
[2026-06-25 23:56:41,569][root][INFO] - Epoch: 26 | train acc: 0.9434, train loss: 0.37848222, valid acc: 0.8677, valid loss: 0.48908067, test acc: 0.8421, test loss: 0.58874093
[2026-06-25 23:56:43,221][root][INFO] - Epoch: 26 | train acc: 0.9324, train loss: 0.97988496, valid acc: 0.9229, valid loss: 0.27236372, test acc: 0.9062, test loss: 0.63715020
[2026-06-25 23:56:43,535][root][INFO] - reg loss: 5.126769848589627, entropy loss: 0.06935469574242267, leaf dev: 0.10545195639133453
[2026-06-25 23:56:43,536][root][INFO] - Val leaf stats: tensor([0.2480, 0.3257, 0.0020, 0.0000, 0.1190, 0.0000, 0.0058, 0.1945, 0.0000,
        0.0003, 0.0000, 0.0000, 0.0063, 0.0983, 0.0000, 0.0000])
[2026-06-25 23:56:43,893][root][INFO] - Epoch: 42 | train acc: 0.9455, train loss: 0.40255014, valid acc: 0.9172, valid loss: 0.28612058, test acc: 0.9269, test loss: 0.26215313
[2026-06-25 23:56:43,965][root][INFO] - Epoch: 42 | train acc: 0.9487, train loss: 0.26734184, valid acc: 0.9172, valid loss: 0.30875283, test acc: 0.9170, test loss: 0.29318027
[2026-06-25 23:56:44,030][root][INFO] - reg loss: 6.447523815922006, entropy loss: 0.18492861683406528, leaf dev: 0.0643378421664238
[2026-06-25 23:56:44,033][root][INFO] - Val leaf stats: tensor([0.0531, 0.1267, 0.0005, 0.1772, 0.0040, 0.0727, 0.0223, 0.1773, 0.1573,
        0.0747, 0.0290, 0.0132, 0.0744, 0.0154, 0.0013, 0.0009])
[2026-06-25 23:56:44,552][root][INFO] - reg loss: 5.708344342573634, entropy loss: 0.17020193642040468, leaf dev: 0.08132310956716537
[2026-06-25 23:56:44,553][root][INFO] - Val leaf stats: tensor([0.0000, 0.0000, 0.1420, 0.1238, 0.0000, 0.0232, 0.1280, 0.0300, 0.0000,
        0.0102, 0.0465, 0.0412, 0.2072, 0.2480, 0.0000, 0.0000])
[2026-06-25 23:56:45,314][root][INFO] - reg loss: 5.334826532495085, entropy loss: 0.09284661221441137, leaf dev: 0.07455549389123917
[2026-06-25 23:56:45,315][root][INFO] - Val leaf stats: tensor([0.0786, 0.0658, 0.0009, 0.0953, 0.0020, 0.0035, 0.0016, 0.0198, 0.0011,
        0.1340, 0.0747, 0.2085, 0.2321, 0.0125, 0.0694, 0.0000])
[2026-06-25 23:56:46,128][root][INFO] - Epoch: 27 | train acc: 0.9494, train loss: 0.17715047, valid acc: 0.9374, valid loss: 0.22886079, test acc: 0.8898, test loss: 2.12546890
[2026-06-25 23:56:47,845][root][INFO] - reg loss: 5.473365315851176, entropy loss: 0.10731281494756914, leaf dev: 0.07804898917675018
[2026-06-25 23:56:47,846][root][INFO] - Val leaf stats: tensor([0.0000, 0.0000, 0.0033, 0.0000, 0.1658, 0.0197, 0.0400, 0.1693, 0.0007,
        0.1343, 0.0000, 0.0075, 0.1360, 0.2208, 0.1017, 0.0008])
[2026-06-25 23:56:48,073][root][INFO] - reg loss: 5.772841399570681, entropy loss: 0.18848377044470804, leaf dev: 0.07835978269577026
[2026-06-25 23:56:48,074][root][INFO] - Val leaf stats: tensor([0.0983, 0.0188, 0.2282, 0.0108, 0.0643, 0.0258, 0.0053, 0.0060, 0.0707,
        0.0007, 0.2020, 0.1945, 0.0000, 0.0000, 0.0135, 0.0610])
[2026-06-25 23:56:49,007][root][INFO] - reg loss: 5.649092343749192, entropy loss: 0.19162535462429914, leaf dev: 0.07137029618024826
[2026-06-25 23:56:49,008][root][INFO] - Val leaf stats: tensor([0.0703, 0.0538, 0.0016, 0.0916, 0.0004, 0.0763, 0.1321, 0.0223, 0.0101,
        0.1132, 0.0258, 0.2682, 0.1151, 0.0103, 0.0074, 0.0017])
[2026-06-25 23:56:49,548][root][INFO] - Epoch: 26 | train acc: 0.9222, train loss: 0.47656428, valid acc: 0.8968, valid loss: 0.34313898, test acc: 0.8406, test loss: 1.81969590
[2026-06-25 23:56:51,248][root][INFO] - Epoch: 43 | train acc: 0.9397, train loss: 0.85814040, valid acc: 0.9210, valid loss: 0.26778839, test acc: 0.9245, test loss: 0.28530177
[2026-06-25 23:56:52,161][root][INFO] - Epoch: 42 | train acc: 0.9504, train loss: 0.16562791, valid acc: 0.9305, valid loss: 0.25199238, test acc: 0.9299, test loss: 0.24566867
[2026-06-25 23:56:52,194][root][INFO] - reg loss: 5.09484994726837, entropy loss: 0.10714601681976722, leaf dev: 0.09212247282266617
[2026-06-25 23:56:52,195][root][INFO] - Val leaf stats: tensor([0.0235, 0.0346, 0.0015, 0.3561, 0.0015, 0.0715, 0.0879, 0.0030, 0.0021,
        0.0348, 0.0255, 0.1220, 0.1663, 0.0064, 0.0629, 0.0005])
[2026-06-25 23:56:53,057][root][INFO] - Epoch: 26 | train acc: 0.9302, train loss: 0.69163552, valid acc: 0.9168, valid loss: 0.27471553, test acc: 0.8705, test loss: 0.92220746
[2026-06-25 23:56:53,427][root][INFO] - Epoch: 26 | train acc: 0.9469, train loss: 0.33505233, valid acc: 0.8961, valid loss: 0.30325612, test acc: 0.8860, test loss: 0.74593777
[2026-06-25 23:56:54,930][root][INFO] - reg loss: 5.327739751563882, entropy loss: 0.08221917887622456, leaf dev: 0.09391984343528748
[2026-06-25 23:56:54,931][root][INFO] - Val leaf stats: tensor([0.0000e+00, 0.0000e+00, 3.0350e-01, 5.1167e-02, 5.1000e-02, 0.0000e+00,
        0.0000e+00, 0.0000e+00, 4.5667e-02, 0.0000e+00, 1.6383e-01, 1.1917e-01,
        0.0000e+00, 3.5000e-02, 1.6667e-04, 2.3050e-01])
[2026-06-25 23:56:55,002][root][INFO] - Epoch: 26 | train acc: 0.9532, train loss: 0.93713319, valid acc: 0.9400, valid loss: 0.22421329, test acc: 0.9183, test loss: 0.88600150
[2026-06-25 23:56:55,784][root][INFO] - reg loss: 5.354452130655763, entropy loss: 0.1152377999018109, leaf dev: 0.08073806017637253
[2026-06-25 23:56:55,785][root][INFO] - Val leaf stats: tensor([4.6507e-02, 9.3388e-05, 3.0818e-03, 3.5487e-03, 7.7979e-02, 4.1371e-02,
        7.7886e-02, 4.3892e-03, 2.1479e-03, 2.5402e-02, 5.7434e-02, 2.6989e-01,
        2.5028e-02, 7.5644e-03, 2.1610e-01, 1.4158e-01])
[2026-06-25 23:56:56,222][root][INFO] - reg loss: 6.141526258216714, entropy loss: 0.2672374675858696, leaf dev: 0.06964832544326782
[2026-06-25 23:56:56,223][root][INFO] - Val leaf stats: tensor([1.2983e-01, 1.1333e-01, 1.7417e-01, 1.3783e-01, 3.8167e-02, 0.0000e+00,
        1.1667e-03, 1.6667e-04, 8.3333e-04, 2.4667e-02, 1.4467e-01, 1.7733e-01,
        0.0000e+00, 3.6500e-02, 2.1333e-02, 0.0000e+00])
[2026-06-25 23:56:56,344][root][INFO] - reg loss: 5.911669239165291, entropy loss: 0.15953588698591506, leaf dev: 0.09097838401794434
[2026-06-25 23:56:56,345][root][INFO] - Val leaf stats: tensor([5.8087e-02, 1.8678e-04, 1.5876e-03, 1.4475e-02, 7.0975e-02, 2.9978e-02,
        2.1666e-02, 1.6184e-01, 3.7355e-04, 3.6141e-01, 2.4281e-03, 1.0665e-01,
        4.5573e-02, 1.6156e-02, 4.3425e-02, 6.5185e-02])
[2026-06-25 23:56:57,572][root][INFO] - reg loss: 5.17656331592136, entropy loss: 0.09685621394839868, leaf dev: 0.06843274086713791
[2026-06-25 23:56:57,573][root][INFO] - Val leaf stats: tensor([1.2131e-01, 1.8678e-04, 4.5760e-03, 2.3067e-02, 6.8827e-02, 1.2701e-01,
        1.9976e-01, 7.3777e-02, 1.1207e-03, 1.5876e-03, 1.7678e-01, 1.3401e-01,
        8.3115e-03, 3.5487e-03, 1.4102e-02, 4.2025e-02])
[2026-06-25 23:56:58,326][root][INFO] - Epoch: 27 | train acc: 0.9456, train loss: 0.28891366, valid acc: 0.9313, valid loss: 0.24563511, test acc: 0.8878, test loss: 2.24288949
[2026-06-25 23:57:00,591][root][INFO] - reg loss: 6.1715695063273115, entropy loss: 0.2081120396574969, leaf dev: 0.05882444977760315
[2026-06-25 23:57:00,593][root][INFO] - Val leaf stats: tensor([0.1374, 0.0690, 0.0081, 0.0698, 0.0032, 0.0805, 0.0367, 0.0313, 0.0024,
        0.1393, 0.0231, 0.1447, 0.1826, 0.0246, 0.0470, 0.0005])
[2026-06-25 23:57:05,183][root][INFO] - Epoch: 27 | train acc: 0.9428, train loss: 0.48089533, valid acc: 0.9258, valid loss: 0.25942210, test acc: 0.9106, test loss: 0.52096708
[2026-06-25 23:57:05,467][root][INFO] - Epoch: 42 | train acc: 0.9479, train loss: 0.63259130, valid acc: 0.9272, valid loss: 0.27155108, test acc: 0.9225, test loss: 0.29776726
[2026-06-25 23:57:07,889][root][INFO] - reg loss: 5.597749152511516, entropy loss: 0.14117879479650466, leaf dev: 0.059099502861499786
[2026-06-25 23:57:07,890][root][INFO] - Val leaf stats: tensor([0.0028, 0.0008, 0.0232, 0.0867, 0.0723, 0.0359, 0.1652, 0.0501, 0.0010,
        0.2040, 0.1291, 0.0423, 0.0541, 0.0127, 0.0501, 0.0699])
[2026-06-25 23:57:09,304][root][INFO] - reg loss: 5.697872823139407, entropy loss: 0.11240182324962796, leaf dev: 0.0856894925236702
[2026-06-25 23:57:09,305][root][INFO] - Val leaf stats: tensor([0.0000, 0.0180, 0.2793, 0.0203, 0.1857, 0.0000, 0.1750, 0.0322, 0.0718,
        0.0962, 0.1153, 0.0003, 0.0000, 0.0058, 0.0000, 0.0000])
[2026-06-25 23:57:10,884][root][INFO] - Epoch: 42 | train acc: 0.9298, train loss: 0.81634896, valid acc: 0.8943, valid loss: 0.38521697, test acc: 0.9050, test loss: 0.34467611
[2026-06-25 23:57:11,726][root][INFO] - Epoch: 43 | train acc: 0.9432, train loss: 0.27661742, valid acc: 0.9137, valid loss: 0.31261377, test acc: 0.9232, test loss: 0.27758473
[2026-06-25 23:57:13,392][root][INFO] - Epoch: 27 | train acc: 0.9324, train loss: 0.40279143, valid acc: 0.9106, valid loss: 0.31457414, test acc: 0.8846, test loss: 1.41006773
[2026-06-25 23:57:14,539][root][INFO] - reg loss: 5.174337782949771, entropy loss: 0.0720137245250198, leaf dev: 0.0997515395283699
[2026-06-25 23:57:14,540][root][INFO] - Val leaf stats: tensor([0.2358, 0.2810, 0.0020, 0.0000, 0.0860, 0.0000, 0.0052, 0.1650, 0.0000,
        0.0025, 0.0000, 0.0000, 0.0170, 0.2055, 0.0000, 0.0000])
[2026-06-25 23:57:14,982][root][INFO] - reg loss: 5.703326936038035, entropy loss: 0.16114192765276386, leaf dev: 0.07719645649194717
[2026-06-25 23:57:14,982][root][INFO] - Val leaf stats: tensor([0.0000, 0.0000, 0.1283, 0.0887, 0.0000, 0.0433, 0.1390, 0.0463, 0.0000,
        0.0148, 0.0532, 0.0467, 0.1857, 0.2540, 0.0000, 0.0000])
[2026-06-25 23:57:15,005][root][INFO] - Epoch: 43 | train acc: 0.9300, train loss: 0.33149706, valid acc: 0.9173, valid loss: 0.29212445, test acc: 0.9131, test loss: 0.30139464
[2026-06-25 23:57:15,257][root][INFO] - reg loss: 6.0807776047439175, entropy loss: 0.17485930427672372, leaf dev: 0.06505783647298813
[2026-06-25 23:57:15,258][root][INFO] - Val leaf stats: tensor([0.0083, 0.0178, 0.0010, 0.0716, 0.0035, 0.0729, 0.1333, 0.1033, 0.1795,
        0.1490, 0.0429, 0.0129, 0.1719, 0.0263, 0.0043, 0.0013])
[2026-06-25 23:57:15,558][root][INFO] - Epoch: 43 | train acc: 0.9485, train loss: 0.38262108, valid acc: 0.9270, valid loss: 0.26688776, test acc: 0.9323, test loss: 0.24246312
[2026-06-25 23:57:15,950][root][INFO] - Epoch: 27 | train acc: 0.9430, train loss: 0.93565417, valid acc: 0.9300, valid loss: 0.24386231, test acc: 0.9080, test loss: 0.60543007
[2026-06-25 23:57:17,497][root][INFO] - Epoch: 28 | train acc: 0.9442, train loss: 0.19529188, valid acc: 0.9191, valid loss: 0.26838915, test acc: 0.8872, test loss: 2.17012687
[2026-06-25 23:57:18,391][root][INFO] - reg loss: 5.327510361948972, entropy loss: 0.09221125717358615, leaf dev: 0.07920150458812714
[2026-06-25 23:57:18,392][root][INFO] - Val leaf stats: tensor([0.0812, 0.0655, 0.0009, 0.1062, 0.0018, 0.0038, 0.0016, 0.0257, 0.0014,
        0.1262, 0.0711, 0.2185, 0.2528, 0.0122, 0.0311, 0.0000])
[2026-06-25 23:57:19,260][root][INFO] - reg loss: 5.831372503964406, entropy loss: 0.19044811686254898, leaf dev: 0.07609815895557404
[2026-06-25 23:57:19,261][root][INFO] - Val leaf stats: tensor([0.1895, 0.0325, 0.2618, 0.0195, 0.0828, 0.0107, 0.0060, 0.0223, 0.0623,
        0.0010, 0.1292, 0.1080, 0.0000, 0.0000, 0.0153, 0.0590])
[2026-06-25 23:57:19,437][root][INFO] - reg loss: 5.456798175595841, entropy loss: 0.10438497990088642, leaf dev: 0.07542548328638077
[2026-06-25 23:57:19,438][root][INFO] - Val leaf stats: tensor([0.0000, 0.0000, 0.0040, 0.0000, 0.1648, 0.0400, 0.0388, 0.1885, 0.0008,
        0.1400, 0.0000, 0.0078, 0.0990, 0.1950, 0.1205, 0.0007])
[2026-06-25 23:57:20,141][root][INFO] - reg loss: 5.636403101461905, entropy loss: 0.19458941973391033, leaf dev: 0.06957943737506866
[2026-06-25 23:57:20,142][root][INFO] - Val leaf stats: tensor([0.0982, 0.0516, 0.0020, 0.1042, 0.0110, 0.1225, 0.0446, 0.0145, 0.0117,
        0.1087, 0.0309, 0.2564, 0.1257, 0.0112, 0.0050, 0.0018])
[2026-06-25 23:57:21,288][root][INFO] - Epoch: 44 | train acc: 0.9436, train loss: 0.83441002, valid acc: 0.9225, valid loss: 0.27718230, test acc: 0.9263, test loss: 0.28291694
[2026-06-25 23:57:21,713][root][INFO] - Epoch: 43 | train acc: 0.9526, train loss: 0.16022493, valid acc: 0.9248, valid loss: 0.25870445, test acc: 0.9251, test loss: 0.25851784
[2026-06-25 23:57:22,825][root][INFO] - Epoch: 27 | train acc: 0.9291, train loss: 0.46590384, valid acc: 0.9128, valid loss: 0.30455646, test acc: 0.8648, test loss: 1.57493886
[2026-06-25 23:57:24,836][root][INFO] - Epoch: 27 | train acc: 0.9434, train loss: 0.33947673, valid acc: 0.9261, valid loss: 0.24342651, test acc: 0.9062, test loss: 0.75112128
[2026-06-25 23:57:24,956][root][INFO] - reg loss: 5.3265100470129045, entropy loss: 0.08014756448145183, leaf dev: 0.09214847534894943
[2026-06-25 23:57:24,957][root][INFO] - Val leaf stats: tensor([0.0000, 0.0000, 0.2902, 0.0455, 0.0490, 0.0000, 0.0000, 0.0000, 0.0463,
        0.0000, 0.1905, 0.1178, 0.0000, 0.0440, 0.0000, 0.2167])
[2026-06-25 23:57:25,316][root][INFO] - reg loss: 5.169236995555736, entropy loss: 0.11056435151547982, leaf dev: 0.09344016760587692
[2026-06-25 23:57:25,317][root][INFO] - Val leaf stats: tensor([0.0330, 0.0306, 0.0014, 0.3699, 0.0015, 0.0750, 0.0525, 0.0069, 0.0021,
        0.0397, 0.0380, 0.1338, 0.1458, 0.0064, 0.0629, 0.0005])
[2026-06-25 23:57:25,422][root][INFO] - Epoch: 27 | train acc: 0.9368, train loss: 0.67258706, valid acc: 0.9210, valid loss: 0.26339745, test acc: 0.8692, test loss: 1.09811272
[2026-06-25 23:57:25,583][root][INFO] - reg loss: 6.197796691138789, entropy loss: 0.27461839087729184, leaf dev: 0.07372777909040451
[2026-06-25 23:57:25,585][root][INFO] - Val leaf stats: tensor([1.3633e-01, 1.2850e-01, 2.3117e-01, 1.4783e-01, 5.5833e-02, 0.0000e+00,
        1.8333e-03, 1.6667e-04, 3.5000e-03, 2.3333e-02, 7.6000e-02, 1.5217e-01,
        0.0000e+00, 2.8667e-02, 1.4667e-02, 0.0000e+00])
[2026-06-25 23:57:26,437][root][INFO] - Epoch: 27 | train acc: 0.9522, train loss: 0.94026019, valid acc: 0.9386, valid loss: 0.22544754, test acc: 0.9187, test loss: 0.76392773
[2026-06-25 23:57:27,844][root][INFO] - reg loss: 5.812199559792009, entropy loss: 0.1523519129980178, leaf dev: 0.09748765826225281
[2026-06-25 23:57:27,845][root][INFO] - Val leaf stats: tensor([4.0717e-02, 9.3388e-05, 2.0545e-03, 1.4195e-02, 7.4244e-02, 6.0049e-02,
        1.9145e-02, 8.2648e-02, 1.8678e-04, 4.0446e-01, 2.8016e-03, 1.1496e-01,
        6.2290e-02, 1.8491e-02, 6.7146e-02, 3.6515e-02])
[2026-06-25 23:57:28,148][root][INFO] - reg loss: 5.332941047729007, entropy loss: 0.11425276321393472, leaf dev: 0.07712150365114212
[2026-06-25 23:57:28,149][root][INFO] - Val leaf stats: tensor([4.8375e-02, 9.3388e-05, 2.9884e-03, 3.1752e-03, 7.8913e-02, 3.4834e-02,
        8.3022e-02, 4.9496e-03, 2.6149e-03, 2.4188e-02, 7.5551e-02, 2.4636e-01,
        2.9697e-02, 7.7512e-03, 2.1853e-01, 1.3896e-01])
[2026-06-25 23:57:28,769][root][INFO] - reg loss: 5.224907668179305, entropy loss: 0.09665807190710905, leaf dev: 0.0683370977640152
[2026-06-25 23:57:28,770][root][INFO] - Val leaf stats: tensor([0.1189, 0.0003, 0.0051, 0.0220, 0.0688, 0.1308, 0.1909, 0.0784, 0.0014,
        0.0013, 0.1987, 0.1076, 0.0065, 0.0034, 0.0236, 0.0421])
[2026-06-25 23:57:31,220][root][INFO] - Epoch: 28 | train acc: 0.9492, train loss: 0.28188532, valid acc: 0.9317, valid loss: 0.24254400, test acc: 0.9071, test loss: 1.49563306
[2026-06-25 23:57:33,473][root][INFO] - reg loss: 6.03444606286508, entropy loss: 0.2075768039024696, leaf dev: 0.057756975293159485
[2026-06-25 23:57:33,475][root][INFO] - Val leaf stats: tensor([0.1378, 0.0671, 0.0064, 0.0686, 0.0031, 0.0757, 0.0372, 0.0345, 0.0031,
        0.1249, 0.0247, 0.1418, 0.1882, 0.0273, 0.0593, 0.0006])
[2026-06-25 23:57:36,167][root][INFO] - Epoch: 43 | train acc: 0.9414, train loss: 0.65702700, valid acc: 0.9255, valid loss: 0.27841925, test acc: 0.9261, test loss: 0.29091465
[2026-06-25 23:57:37,224][root][INFO] - Epoch: 28 | train acc: 0.9463, train loss: 0.46021115, valid acc: 0.9327, valid loss: 0.23782486, test acc: 0.9137, test loss: 0.55124575
[2026-06-25 23:57:39,633][root][INFO] - reg loss: 5.698026481664406, entropy loss: 0.11264761298332575, leaf dev: 0.08949968218803406
[2026-06-25 23:57:39,634][root][INFO] - Val leaf stats: tensor([0.0000, 0.0277, 0.3058, 0.0245, 0.1908, 0.0000, 0.1720, 0.0325, 0.0525,
        0.0848, 0.1035, 0.0003, 0.0000, 0.0055, 0.0000, 0.0000])
[2026-06-25 23:57:39,796][root][INFO] - reg loss: 5.57813594202516, entropy loss: 0.13777243483949592, leaf dev: 0.05815830081701279
[2026-06-25 23:57:39,797][root][INFO] - Val leaf stats: tensor([0.0028, 0.0007, 0.0276, 0.0559, 0.0755, 0.0334, 0.1837, 0.0558, 0.0011,
        0.1886, 0.1229, 0.0492, 0.0570, 0.0125, 0.0548, 0.0784])
[2026-06-25 23:57:40,647][root][INFO] - Epoch: 43 | train acc: 0.9315, train loss: 0.82886101, valid acc: 0.9038, valid loss: 0.35643232, test acc: 0.9077, test loss: 0.33216838
[2026-06-25 23:57:42,457][root][INFO] - Epoch: 44 | train acc: 0.9484, train loss: 0.26212130, valid acc: 0.9187, valid loss: 0.30665172, test acc: 0.9263, test loss: 0.26652870
[2026-06-25 23:57:44,098][root][INFO] - reg loss: 5.214634022622739, entropy loss: 0.07455397509741334, leaf dev: 0.10108007490634918
[2026-06-25 23:57:44,099][root][INFO] - Val leaf stats: tensor([2.3817e-01, 2.9217e-01, 2.0000e-03, 0.0000e+00, 1.3183e-01, 0.0000e+00,
        4.3333e-03, 2.0567e-01, 0.0000e+00, 8.3333e-04, 0.0000e+00, 0.0000e+00,
        6.8333e-03, 1.1800e-01, 0.0000e+00, 1.6667e-04])
[2026-06-25 23:57:44,717][root][INFO] - Epoch: 44 | train acc: 0.9442, train loss: 0.28914611, valid acc: 0.9268, valid loss: 0.26846599, test acc: 0.9276, test loss: 0.26625320
[2026-06-25 23:57:46,040][root][INFO] - Epoch: 44 | train acc: 0.9529, train loss: 0.37932482, valid acc: 0.9235, valid loss: 0.26780804, test acc: 0.9310, test loss: 0.24699194
[2026-06-25 23:57:46,223][root][INFO] - reg loss: 5.714555609900996, entropy loss: 0.16272885029046041, leaf dev: 0.07674942165613174
[2026-06-25 23:57:46,224][root][INFO] - Val leaf stats: tensor([0.0000, 0.0000, 0.1527, 0.1173, 0.0000, 0.0262, 0.1107, 0.0525, 0.0000,
        0.0285, 0.0445, 0.0447, 0.1677, 0.2553, 0.0000, 0.0000])
[2026-06-25 23:57:46,912][root][INFO] - Epoch: 28 | train acc: 0.9370, train loss: 0.38356540, valid acc: 0.9259, valid loss: 0.25443690, test acc: 0.9061, test loss: 0.83098997
[2026-06-25 23:57:48,078][root][INFO] - reg loss: 5.824397860832934, entropy loss: 0.19053025895132208, leaf dev: 0.07183095067739487
[2026-06-25 23:57:48,079][root][INFO] - Val leaf stats: tensor([0.1128, 0.0222, 0.2232, 0.0088, 0.0625, 0.0097, 0.0067, 0.0182, 0.0982,
        0.0020, 0.1602, 0.1700, 0.0000, 0.0000, 0.0165, 0.0892])
[2026-06-25 23:57:49,553][root][INFO] - reg loss: 5.886929797117041, entropy loss: 0.16984130978268921, leaf dev: 0.07129174470901489
[2026-06-25 23:57:49,555][root][INFO] - Val leaf stats: tensor([0.0135, 0.0221, 0.0007, 0.0935, 0.0041, 0.0764, 0.0617, 0.0666, 0.1856,
        0.1416, 0.0450, 0.0129, 0.2401, 0.0296, 0.0058, 0.0007])
[2026-06-25 23:57:49,643][root][INFO] - Epoch: 28 | train acc: 0.9483, train loss: 0.92117115, valid acc: 0.9305, valid loss: 0.23533173, test acc: 0.9122, test loss: 0.57329172
[2026-06-25 23:57:49,773][root][INFO] - Epoch: 29 | train acc: 0.9435, train loss: 0.19311985, valid acc: 0.9300, valid loss: 0.24269023, test acc: 0.8936, test loss: 2.18055762
[2026-06-25 23:57:50,025][root][INFO] - reg loss: 5.4820964741257, entropy loss: 0.10912523186712894, leaf dev: 0.07504726946353912
[2026-06-25 23:57:50,026][root][INFO] - Val leaf stats: tensor([0.0000, 0.0000, 0.0048, 0.0000, 0.1790, 0.0578, 0.0303, 0.1555, 0.0012,
        0.1540, 0.0000, 0.0095, 0.0930, 0.2050, 0.1095, 0.0003])
[2026-06-25 23:57:50,817][root][INFO] - Epoch: 45 | train acc: 0.9459, train loss: 0.83338251, valid acc: 0.9243, valid loss: 0.27489894, test acc: 0.9258, test loss: 0.28416253
[2026-06-25 23:57:51,310][root][INFO] - Epoch: 44 | train acc: 0.9397, train loss: 0.20127595, valid acc: 0.9248, valid loss: 0.26612278, test acc: 0.9269, test loss: 0.26138159
[2026-06-25 23:57:52,395][root][INFO] - reg loss: 5.768686963136865, entropy loss: 0.2011661895368465, leaf dev: 0.061062440276145935
[2026-06-25 23:57:52,396][root][INFO] - Val leaf stats: tensor([0.1520, 0.0684, 0.0025, 0.1127, 0.0095, 0.0906, 0.0100, 0.0071, 0.0115,
        0.1090, 0.0929, 0.1851, 0.1191, 0.0160, 0.0120, 0.0017])
[2026-06-25 23:57:52,525][root][INFO] - reg loss: 5.33902713230678, entropy loss: 0.09257900781890072, leaf dev: 0.07909537106752396
[2026-06-25 23:57:52,526][root][INFO] - Val leaf stats: tensor([0.0799, 0.0652, 0.0008, 0.1100, 0.0017, 0.0041, 0.0015, 0.0264, 0.0014,
        0.1195, 0.0770, 0.1748, 0.2833, 0.0139, 0.0403, 0.0000])
[2026-06-25 23:57:54,911][root][INFO] - reg loss: 5.321843075302412, entropy loss: 0.08038748147071532, leaf dev: 0.09141334891319275
[2026-06-25 23:57:54,912][root][INFO] - Val leaf stats: tensor([0.0000, 0.0000, 0.2837, 0.0420, 0.0458, 0.0000, 0.0000, 0.0000, 0.0507,
        0.0000, 0.1992, 0.1238, 0.0000, 0.0453, 0.0000, 0.2095])
[2026-06-25 23:57:55,712][root][INFO] - reg loss: 6.284768014583948, entropy loss: 0.2790592130062715, leaf dev: 0.07321988791227341
[2026-06-25 23:57:55,713][root][INFO] - Val leaf stats: tensor([9.2000e-02, 9.5500e-02, 2.1950e-01, 1.3933e-01, 3.4833e-02, 1.6667e-04,
        1.0000e-03, 3.3333e-04, 0.0000e+00, 1.1000e-02, 1.2617e-01, 1.9100e-01,
        0.0000e+00, 4.9833e-02, 3.9000e-02, 3.3333e-04])
[2026-06-25 23:57:56,029][root][INFO] - Epoch: 28 | train acc: 0.9300, train loss: 0.45445089, valid acc: 0.9136, valid loss: 0.30616498, test acc: 0.8575, test loss: 1.61926951
[2026-06-25 23:57:57,044][root][INFO] - Epoch: 28 | train acc: 0.9384, train loss: 0.67065942, valid acc: 0.9068, valid loss: 0.30328821, test acc: 0.8701, test loss: 0.87906910
[2026-06-25 23:57:58,335][root][INFO] - reg loss: 5.155647187005906, entropy loss: 0.10722319194406428, leaf dev: 0.08502936363220215
[2026-06-25 23:57:58,336][root][INFO] - Val leaf stats: tensor([0.0055, 0.0745, 0.0014, 0.3286, 0.0025, 0.0819, 0.0543, 0.0061, 0.0021,
        0.0362, 0.0405, 0.1246, 0.1457, 0.0066, 0.0890, 0.0005])
[2026-06-25 23:57:58,955][root][INFO] - Epoch: 28 | train acc: 0.9467, train loss: 0.32635276, valid acc: 0.9334, valid loss: 0.22532453, test acc: 0.9079, test loss: 0.87190949
[2026-06-25 23:57:59,540][root][INFO] - Epoch: 28 | train acc: 0.9532, train loss: 0.92238028, valid acc: 0.9417, valid loss: 0.21807169, test acc: 0.9195, test loss: 0.72429875
[2026-06-25 23:57:59,727][root][INFO] - reg loss: 5.259531578689656, entropy loss: 0.11507161824949204, leaf dev: 0.08266668021678925
[2026-06-25 23:57:59,729][root][INFO] - Val leaf stats: tensor([0.0415, 0.0005, 0.0036, 0.0021, 0.0790, 0.0591, 0.0466, 0.0049, 0.0014,
        0.0217, 0.0577, 0.2700, 0.0288, 0.0074, 0.2276, 0.1482])
[2026-06-25 23:58:01,419][root][INFO] - reg loss: 5.7076004270523315, entropy loss: 0.1490111425124779, leaf dev: 0.09752421826124191
[2026-06-25 23:58:01,421][root][INFO] - Val leaf stats: tensor([4.1651e-02, 9.3388e-05, 2.0545e-03, 1.4662e-02, 7.4430e-02, 5.2391e-02,
        1.9331e-02, 8.5917e-02, 9.3388e-05, 4.0250e-01, 1.9612e-03, 1.2318e-01,
        4.2585e-02, 1.9051e-02, 7.7325e-02, 4.2772e-02])
[2026-06-25 23:58:02,292][root][INFO] - reg loss: 5.21514576200455, entropy loss: 0.0951148280627513, leaf dev: 0.06700998544692993
[2026-06-25 23:58:02,293][root][INFO] - Val leaf stats: tensor([0.1274, 0.0004, 0.0051, 0.0219, 0.0690, 0.1331, 0.1891, 0.0783, 0.0015,
        0.0012, 0.1853, 0.1085, 0.0092, 0.0035, 0.0204, 0.0463])
[2026-06-25 23:58:03,385][root][INFO] - Epoch: 29 | train acc: 0.9482, train loss: 0.27734257, valid acc: 0.9334, valid loss: 0.23693502, test acc: 0.9009, test loss: 0.80009451
[2026-06-25 23:58:05,785][root][INFO] - reg loss: 5.926253714889445, entropy loss: 0.2032628423637814, leaf dev: 0.0590997189283371
[2026-06-25 23:58:05,786][root][INFO] - Val leaf stats: tensor([0.1440, 0.0716, 0.0137, 0.0699, 0.0033, 0.0694, 0.0313, 0.0305, 0.0036,
        0.0917, 0.0490, 0.1788, 0.1799, 0.0240, 0.0385, 0.0007])
[2026-06-25 23:58:06,347][root][INFO] - Epoch: 44 | train acc: 0.9390, train loss: 0.65403440, valid acc: 0.9130, valid loss: 0.31936033, test acc: 0.9124, test loss: 0.32924079
[2026-06-25 23:58:09,642][root][INFO] - reg loss: 5.6044165908165695, entropy loss: 0.10983431388465863, leaf dev: 0.10090697556734085
[2026-06-25 23:58:09,643][root][INFO] - Val leaf stats: tensor([0.0000e+00, 2.6167e-02, 3.9200e-01, 3.3333e-02, 1.6450e-01, 0.0000e+00,
        9.9000e-02, 2.8500e-02, 5.7000e-02, 8.4500e-02, 1.0800e-01, 1.6667e-04,
        0.0000e+00, 6.8333e-03, 0.0000e+00, 0.0000e+00])
[2026-06-25 23:58:09,921][root][INFO] - Epoch: 29 | train acc: 0.9490, train loss: 0.45067759, valid acc: 0.9314, valid loss: 0.23686225, test acc: 0.9126, test loss: 0.41599596
[2026-06-25 23:58:10,666][root][INFO] - Epoch: 44 | train acc: 0.9325, train loss: 0.79578433, valid acc: 0.8978, valid loss: 0.36701374, test acc: 0.9042, test loss: 0.34977094
[2026-06-25 23:58:12,265][root][INFO] - reg loss: 5.561216649555025, entropy loss: 0.13764810160038962, leaf dev: 0.05904119461774826
[2026-06-25 23:58:12,266][root][INFO] - Val leaf stats: tensor([0.0023, 0.0007, 0.0419, 0.0604, 0.0676, 0.0415, 0.1762, 0.0636, 0.0018,
        0.1896, 0.0172, 0.0696, 0.0734, 0.0116, 0.0429, 0.1398])
[2026-06-25 23:58:12,969][root][INFO] - Epoch: 45 | train acc: 0.9512, train loss: 0.25168260, valid acc: 0.9195, valid loss: 0.30211985, test acc: 0.9253, test loss: 0.26870294
[2026-06-25 23:58:14,293][root][INFO] - reg loss: 5.145240927642247, entropy loss: 0.07113974288387119, leaf dev: 0.09892331063747406
[2026-06-25 23:58:14,294][root][INFO] - Val leaf stats: tensor([2.5617e-01, 2.5783e-01, 1.8333e-03, 0.0000e+00, 1.3483e-01, 8.6667e-03,
        7.8333e-03, 2.1700e-01, 0.0000e+00, 8.3333e-04, 0.0000e+00, 0.0000e+00,
        6.5000e-03, 1.0833e-01, 0.0000e+00, 1.6667e-04])
[2026-06-25 23:58:14,564][root][INFO] - Epoch: 45 | train acc: 0.9505, train loss: 0.26280820, valid acc: 0.9273, valid loss: 0.26341541, test acc: 0.9301, test loss: 0.25463713
[2026-06-25 23:58:16,224][root][INFO] - Epoch: 45 | train acc: 0.9472, train loss: 0.39938059, valid acc: 0.9177, valid loss: 0.29291418, test acc: 0.9262, test loss: 0.26077833
[2026-06-25 23:58:16,866][root][INFO] - reg loss: 5.68264220345695, entropy loss: 0.15378331168080275, leaf dev: 0.07787185162305832
[2026-06-25 23:58:16,868][root][INFO] - Val leaf stats: tensor([0.0000, 0.0000, 0.1438, 0.1178, 0.0000, 0.0228, 0.0973, 0.0495, 0.0000,
        0.0387, 0.0437, 0.0470, 0.1732, 0.2662, 0.0000, 0.0000])
[2026-06-25 23:58:18,438][root][INFO] - reg loss: 5.666003006809163, entropy loss: 0.1859569342912368, leaf dev: 0.07231353968381882
[2026-06-25 23:58:18,439][root][INFO] - Val leaf stats: tensor([0.1068, 0.0225, 0.2178, 0.0068, 0.0585, 0.0115, 0.0067, 0.0233, 0.1125,
        0.0020, 0.1588, 0.1818, 0.0000, 0.0000, 0.0115, 0.0793])
[2026-06-25 23:58:20,071][root][INFO] - reg loss: 5.489397750710541, entropy loss: 0.11114983387150855, leaf dev: 0.06988784670829773
[2026-06-25 23:58:20,072][root][INFO] - Val leaf stats: tensor([0.0000, 0.0000, 0.0065, 0.0000, 0.1135, 0.0390, 0.1065, 0.1440, 0.0015,
        0.1535, 0.0000, 0.0092, 0.0997, 0.1985, 0.1275, 0.0007])
[2026-06-25 23:58:20,213][root][INFO] - Epoch: 29 | train acc: 0.9445, train loss: 0.36485169, valid acc: 0.9301, valid loss: 0.24251606, test acc: 0.8901, test loss: 0.81963531
[2026-06-25 23:58:21,063][root][INFO] - Epoch: 46 | train acc: 0.9447, train loss: 0.84035071, valid acc: 0.9208, valid loss: 0.27508868, test acc: 0.9233, test loss: 0.29725422
[2026-06-25 23:58:21,292][root][INFO] - Epoch: 45 | train acc: 0.9518, train loss: 0.16195977, valid acc: 0.9333, valid loss: 0.23995706, test acc: 0.9298, test loss: 0.25447483
[2026-06-25 23:58:22,978][root][INFO] - Epoch: 30 | train acc: 0.9470, train loss: 0.18180584, valid acc: 0.9225, valid loss: 0.26645695, test acc: 0.8925, test loss: 2.23615069
[2026-06-25 23:58:23,110][root][INFO] - reg loss: 5.95630139648599, entropy loss: 0.17562605093711267, leaf dev: 0.07267256826162338
[2026-06-25 23:58:23,112][root][INFO] - Val leaf stats: tensor([0.0328, 0.0161, 0.0007, 0.1062, 0.0037, 0.0728, 0.0309, 0.0969, 0.1812,
        0.1137, 0.0304, 0.0238, 0.2555, 0.0296, 0.0046, 0.0010])
[2026-06-25 23:58:23,766][root][INFO] - Epoch: 29 | train acc: 0.9406, train loss: 0.90256282, valid acc: 0.9267, valid loss: 0.25887734, test acc: 0.9067, test loss: 1.20902716
[2026-06-25 23:58:25,294][root][INFO] - reg loss: 5.70050208278434, entropy loss: 0.197713539083168, leaf dev: 0.057095542550086975
[2026-06-25 23:58:25,296][root][INFO] - Val leaf stats: tensor([0.0540, 0.0473, 0.0021, 0.0978, 0.0094, 0.1193, 0.1104, 0.0213, 0.0098,
        0.0770, 0.1070, 0.1716, 0.1504, 0.0120, 0.0090, 0.0019])
[2026-06-25 23:58:25,400][root][INFO] - reg loss: 5.2898982875752, entropy loss: 0.0809874507897305, leaf dev: 0.09288293868303299
[2026-06-25 23:58:25,401][root][INFO] - Val leaf stats: tensor([0.0000, 0.0000, 0.2887, 0.0440, 0.0488, 0.0000, 0.0000, 0.0000, 0.0497,
        0.0000, 0.1610, 0.1120, 0.0000, 0.0490, 0.0000, 0.2468])
[2026-06-25 23:58:25,519][root][INFO] - reg loss: 6.10323148853374, entropy loss: 0.26688080548115495, leaf dev: 0.07090938091278076
[2026-06-25 23:58:25,520][root][INFO] - Val leaf stats: tensor([9.7333e-02, 1.1100e-01, 1.9533e-01, 1.4800e-01, 3.6333e-02, 0.0000e+00,
        1.0000e-03, 3.3333e-04, 0.0000e+00, 1.8333e-02, 1.5683e-01, 1.6517e-01,
        1.6667e-04, 4.1833e-02, 2.8000e-02, 3.3333e-04])
[2026-06-25 23:58:26,642][root][INFO] - reg loss: 5.147867306199654, entropy loss: 0.08683531778672385, leaf dev: 0.09343459457159042
[2026-06-25 23:58:26,643][root][INFO] - Val leaf stats: tensor([0.0594, 0.0063, 0.0010, 0.0731, 0.0019, 0.0029, 0.0018, 0.0223, 0.0013,
        0.1026, 0.0857, 0.1491, 0.3664, 0.0338, 0.0924, 0.0000])
[2026-06-25 23:58:28,590][root][INFO] - Epoch: 29 | train acc: 0.9359, train loss: 0.43430947, valid acc: 0.9160, valid loss: 0.28228360, test acc: 0.8671, test loss: 1.38798174
[2026-06-25 23:58:29,953][root][INFO] - Epoch: 29 | train acc: 0.9340, train loss: 0.67916225, valid acc: 0.9191, valid loss: 0.26685524, test acc: 0.8769, test loss: 0.92485834
[2026-06-25 23:58:31,023][root][INFO] - reg loss: 5.22549809097613, entropy loss: 0.1072461910585247, leaf dev: 0.08183474093675613
[2026-06-25 23:58:31,025][root][INFO] - Val leaf stats: tensor([0.0249, 0.0587, 0.0014, 0.2973, 0.0023, 0.0778, 0.0530, 0.0066, 0.0021,
        0.0368, 0.0393, 0.1500, 0.1792, 0.0068, 0.0632, 0.0005])
[2026-06-25 23:58:31,279][root][INFO] - Epoch: 29 | train acc: 0.9466, train loss: 0.32535888, valid acc: 0.9118, valid loss: 0.29443915, test acc: 0.8721, test loss: 1.01895828
[2026-06-25 23:58:32,475][root][INFO] - reg loss: 5.2440470639990755, entropy loss: 0.11442349764405105, leaf dev: 0.08110163360834122
[2026-06-25 23:58:32,476][root][INFO] - Val leaf stats: tensor([4.1651e-02, 9.3388e-05, 3.5487e-03, 4.2959e-03, 7.6578e-02, 4.0250e-02,
        6.6959e-02, 6.5372e-03, 1.4008e-03, 2.6896e-02, 6.7146e-02, 2.5065e-01,
        1.7277e-02, 7.6578e-03, 2.3506e-01, 1.5400e-01])
[2026-06-25 23:58:34,081][root][INFO] - reg loss: 5.601751138293554, entropy loss: 0.14800265849267363, leaf dev: 0.0974028930068016
[2026-06-25 23:58:34,083][root][INFO] - Val leaf stats: tensor([3.0911e-02, 9.3388e-05, 2.1479e-03, 1.5129e-02, 7.4617e-02, 4.7908e-02,
        2.0639e-02, 8.9559e-02, 2.8016e-04, 3.9774e-01, 1.4008e-03, 1.4130e-01,
        3.5394e-02, 2.1666e-02, 6.6866e-02, 5.4352e-02])
[2026-06-25 23:58:34,338][root][INFO] - Epoch: 29 | train acc: 0.9533, train loss: 0.90081042, valid acc: 0.9350, valid loss: 0.23229713, test acc: 0.9116, test loss: 0.96413094
[2026-06-25 23:58:36,527][root][INFO] - Epoch: 30 | train acc: 0.9443, train loss: 0.28840439, valid acc: 0.9215, valid loss: 0.28418101, test acc: 0.8864, test loss: 0.62888201
[2026-06-25 23:58:36,633][root][INFO] - reg loss: 5.145099584387724, entropy loss: 0.09244383670507915, leaf dev: 0.06686802953481674
[2026-06-25 23:58:36,634][root][INFO] - Val leaf stats: tensor([1.0151e-01, 9.3388e-05, 6.9107e-03, 2.0826e-02, 6.8453e-02, 1.3672e-01,
        1.9770e-01, 7.9940e-02, 1.4008e-03, 8.4049e-04, 1.8958e-01, 1.0161e-01,
        1.3261e-02, 3.3620e-03, 2.3907e-02, 5.3885e-02])
[2026-06-25 23:58:38,103][root][INFO] - Epoch: 45 | train acc: 0.9265, train loss: 0.64047285, valid acc: 0.9125, valid loss: 0.32485882, test acc: 0.9136, test loss: 0.31430732
[2026-06-25 23:58:38,667][root][INFO] - reg loss: 5.845436729451336, entropy loss: 0.19820529774383264, leaf dev: 0.052950724959373474
[2026-06-25 23:58:38,676][root][INFO] - Val leaf stats: tensor([0.1851, 0.0641, 0.0629, 0.1049, 0.0025, 0.0712, 0.0287, 0.0483, 0.0027,
        0.0546, 0.0317, 0.1346, 0.1335, 0.0234, 0.0504, 0.0015])
[2026-06-25 23:58:41,015][root][INFO] - reg loss: 5.1420910358428955, entropy loss: 0.09655529520702812, leaf dev: 0.11711224168539047
[2026-06-25 23:58:41,016][root][INFO] - Val leaf stats: tensor([0.0000, 0.0340, 0.3602, 0.0333, 0.2215, 0.0000, 0.2925, 0.0377, 0.0015,
        0.0133, 0.0048, 0.0000, 0.0000, 0.0012, 0.0000, 0.0000])
[2026-06-25 23:58:41,713][root][INFO] - Epoch: 45 | train acc: 0.9349, train loss: 0.79407568, valid acc: 0.9020, valid loss: 0.35665779, test acc: 0.9114, test loss: 0.31265368
[2026-06-25 23:58:42,874][root][INFO] - Epoch: 30 | train acc: 0.9502, train loss: 0.45171175, valid acc: 0.9247, valid loss: 0.27510179, test acc: 0.9068, test loss: 0.69888465
[2026-06-25 23:58:43,297][root][INFO] - Epoch: 46 | train acc: 0.9448, train loss: 0.27316000, valid acc: 0.9132, valid loss: 0.30651169, test acc: 0.9221, test loss: 0.28508319
[2026-06-25 23:58:44,303][root][INFO] - Epoch: 46 | train acc: 0.9489, train loss: 0.26549123, valid acc: 0.9217, valid loss: 0.27927330, test acc: 0.9216, test loss: 0.27902769
[2026-06-25 23:58:45,014][root][INFO] - reg loss: 5.609899349313564, entropy loss: 0.1373768601783369, leaf dev: 0.06187533959746361
[2026-06-25 23:58:45,015][root][INFO] - Val leaf stats: tensor([0.0024, 0.0008, 0.0605, 0.0463, 0.0201, 0.0356, 0.1374, 0.0570, 0.0011,
        0.2104, 0.0182, 0.0720, 0.1428, 0.0064, 0.0610, 0.1280])
[2026-06-25 23:58:45,033][root][INFO] - reg loss: 5.15175912065326, entropy loss: 0.0714416854645846, leaf dev: 0.09750483185052872
[2026-06-25 23:58:45,035][root][INFO] - Val leaf stats: tensor([0.2310, 0.2707, 0.0018, 0.0000, 0.1258, 0.0000, 0.0072, 0.2020, 0.0000,
        0.0027, 0.0000, 0.0000, 0.0113, 0.1472, 0.0000, 0.0003])
[2026-06-25 23:58:47,129][root][INFO] - reg loss: 5.815050520986881, entropy loss: 0.15548877699195213, leaf dev: 0.06861130148172379
[2026-06-25 23:58:47,130][root][INFO] - Val leaf stats: tensor([0.0000, 0.0000, 0.0828, 0.0390, 0.0000, 0.0670, 0.1510, 0.0975, 0.0000,
        0.0685, 0.0623, 0.0430, 0.1635, 0.2253, 0.0000, 0.0000])
[2026-06-25 23:58:47,657][root][INFO] - Epoch: 46 | train acc: 0.9528, train loss: 0.38645184, valid acc: 0.9233, valid loss: 0.27739329, test acc: 0.9289, test loss: 0.25514899
[2026-06-25 23:58:48,093][root][INFO] - reg loss: 5.679509005456601, entropy loss: 0.18513225103324316, leaf dev: 0.06590402871370316
[2026-06-25 23:58:48,094][root][INFO] - Val leaf stats: tensor([0.1368, 0.0323, 0.2188, 0.0267, 0.0572, 0.0135, 0.0088, 0.0273, 0.0798,
        0.0022, 0.1343, 0.1412, 0.0000, 0.0000, 0.0197, 0.1013])
[2026-06-25 23:58:51,810][root][INFO] - Epoch: 47 | train acc: 0.9461, train loss: 0.84993033, valid acc: 0.9253, valid loss: 0.27553989, test acc: 0.9269, test loss: 0.29032959
[2026-06-25 23:58:51,876][root][INFO] - Epoch: 46 | train acc: 0.9446, train loss: 0.19537751, valid acc: 0.9090, valid loss: 0.31342470, test acc: 0.9050, test loss: 0.31962205
[2026-06-25 23:58:51,879][root][INFO] - reg loss: 5.4953698617107465, entropy loss: 0.11187113041304192, leaf dev: 0.06887675076723099
[2026-06-25 23:58:51,880][root][INFO] - Val leaf stats: tensor([0.0000, 0.0000, 0.0075, 0.0000, 0.1252, 0.0472, 0.0860, 0.1403, 0.0020,
        0.1633, 0.0000, 0.0125, 0.1085, 0.1915, 0.1155, 0.0005])
[2026-06-25 23:58:53,625][root][INFO] - Epoch: 30 | train acc: 0.9474, train loss: 0.35924687, valid acc: 0.9264, valid loss: 0.25623309, test acc: 0.8892, test loss: 1.08775037
[2026-06-25 23:58:55,494][root][INFO] - reg loss: 5.306546485648965, entropy loss: 0.08254992097335041, leaf dev: 0.08708350360393524
[2026-06-25 23:58:55,495][root][INFO] - Val leaf stats: tensor([0.0000, 0.0000, 0.2712, 0.0590, 0.0545, 0.0000, 0.0000, 0.0000, 0.0507,
        0.0000, 0.1690, 0.1173, 0.0000, 0.0597, 0.0000, 0.2187])
[2026-06-25 23:58:55,966][root][INFO] - Epoch: 31 | train acc: 0.9478, train loss: 0.18148768, valid acc: 0.9358, valid loss: 0.22486003, test acc: 0.8956, test loss: 2.06095185
[2026-06-25 23:58:56,026][root][INFO] - reg loss: 6.053174919552273, entropy loss: 0.1755464602084387, leaf dev: 0.07360082119703293
[2026-06-25 23:58:56,027][root][INFO] - Val leaf stats: tensor([0.0174, 0.0167, 0.0007, 0.1092, 0.0044, 0.0728, 0.0421, 0.0649, 0.1664,
        0.0869, 0.0322, 0.0355, 0.2832, 0.0311, 0.0346, 0.0019])
[2026-06-25 23:58:56,032][root][INFO] - reg loss: 6.1964495721853, entropy loss: 0.26876444636650804, leaf dev: 0.0665869489312172
[2026-06-25 23:58:56,033][root][INFO] - Val leaf stats: tensor([1.1117e-01, 1.4317e-01, 2.2133e-01, 1.4433e-01, 4.9333e-02, 1.6667e-04,
        1.8333e-03, 3.3333e-04, 3.3333e-04, 6.6333e-02, 1.2167e-02, 7.8167e-02,
        1.3833e-02, 9.6667e-02, 6.0833e-02, 0.0000e+00])
[2026-06-25 23:58:56,621][root][INFO] - Epoch: 30 | train acc: 0.9445, train loss: 0.86543925, valid acc: 0.9315, valid loss: 0.23839288, test acc: 0.9042, test loss: 1.12403664
[2026-06-25 23:58:59,044][root][INFO] - reg loss: 5.747685871427021, entropy loss: 0.19613580011501514, leaf dev: 0.05801922082901001
[2026-06-25 23:58:59,045][root][INFO] - Val leaf stats: tensor([0.0967, 0.0786, 0.0027, 0.1021, 0.0103, 0.0878, 0.0837, 0.0113, 0.0120,
        0.0876, 0.0658, 0.1917, 0.1518, 0.0117, 0.0047, 0.0017])
[2026-06-25 23:58:59,513][root][INFO] - reg loss: 5.082302045569849, entropy loss: 0.08403805414677928, leaf dev: 0.09085100889205933
[2026-06-25 23:58:59,515][root][INFO] - Val leaf stats: tensor([0.0614, 0.0076, 0.0009, 0.0794, 0.0020, 0.0028, 0.0018, 0.0226, 0.0014,
        0.1144, 0.0975, 0.1818, 0.3407, 0.0316, 0.0543, 0.0000])
[2026-06-25 23:59:01,105][root][INFO] - Epoch: 30 | train acc: 0.9376, train loss: 0.43205340, valid acc: 0.9209, valid loss: 0.28961621, test acc: 0.8694, test loss: 2.16946133
[2026-06-25 23:59:02,618][root][INFO] - Epoch: 30 | train acc: 0.9408, train loss: 0.65417546, valid acc: 0.9248, valid loss: 0.25714861, test acc: 0.8981, test loss: 0.83663368
[2026-06-25 23:59:03,626][root][INFO] - reg loss: 5.279618719898203, entropy loss: 0.10787220705280859, leaf dev: 0.07248477637767792
[2026-06-25 23:59:03,626][root][INFO] - Val leaf stats: tensor([1.7277e-02, 5.5286e-02, 1.6810e-03, 2.5784e-01, 1.9612e-03, 7.5925e-02,
        1.1095e-01, 4.3892e-03, 1.7744e-03, 5.0710e-02, 3.0164e-02, 1.1393e-01,
        1.2813e-01, 6.9107e-03, 1.4298e-01, 9.3388e-05])
[2026-06-25 23:59:04,345][root][INFO] - Epoch: 30 | train acc: 0.9286, train loss: 0.38801912, valid acc: 0.9063, valid loss: 0.30530098, test acc: 0.8838, test loss: 1.46406981
[2026-06-25 23:59:05,191][root][INFO] - reg loss: 5.230004025514795, entropy loss: 0.11272160606409506, leaf dev: 0.07930200546979904
[2026-06-25 23:59:05,192][root][INFO] - Val leaf stats: tensor([0.0450, 0.0000, 0.0035, 0.0044, 0.0827, 0.0404, 0.0743, 0.0062, 0.0014,
        0.0218, 0.0728, 0.2400, 0.0150, 0.0069, 0.2299, 0.1556])
[2026-06-25 23:59:06,578][root][INFO] - Epoch: 30 | train acc: 0.9557, train loss: 0.87630600, valid acc: 0.9405, valid loss: 0.21816627, test acc: 0.9192, test loss: 0.78244253
[2026-06-25 23:59:06,923][root][INFO] - reg loss: 5.572825537787543, entropy loss: 0.14764051147238919, leaf dev: 0.11291380226612091
[2026-06-25 23:59:06,924][root][INFO] - Val leaf stats: tensor([1.0366e-02, 9.3388e-05, 2.8016e-03, 6.6306e-03, 7.2563e-02, 2.4094e-02,
        1.4475e-02, 5.5006e-02, 3.7355e-04, 4.5704e-01, 1.5876e-03, 1.5558e-01,
        8.2462e-02, 4.1371e-02, 3.3246e-02, 4.2305e-02])
[2026-06-25 23:59:07,863][root][INFO] - Epoch: 46 | train acc: 0.9304, train loss: 0.61174594, valid acc: 0.9123, valid loss: 0.30849319, test acc: 0.9181, test loss: 0.30172004
[2026-06-25 23:59:08,766][root][INFO] - Epoch: 31 | train acc: 0.9414, train loss: 0.29823838, valid acc: 0.9300, valid loss: 0.25017709, test acc: 0.9069, test loss: 0.65059074
[2026-06-25 23:59:09,623][root][INFO] - reg loss: 5.08312517246872, entropy loss: 0.09014565805121073, leaf dev: 0.0654219537973404
[2026-06-25 23:59:09,624][root][INFO] - Val leaf stats: tensor([0.1235, 0.0003, 0.0066, 0.0232, 0.0690, 0.1353, 0.1800, 0.0799, 0.0014,
        0.0010, 0.1872, 0.1035, 0.0111, 0.0034, 0.0243, 0.0503])
[2026-06-25 23:59:10,868][root][INFO] - reg loss: 5.123214168368645, entropy loss: 0.09401534230641599, leaf dev: 0.1132667064666748
[2026-06-25 23:59:10,869][root][INFO] - Val leaf stats: tensor([0.0000e+00, 2.8500e-02, 2.8500e-01, 2.2667e-02, 2.4700e-01, 0.0000e+00,
        3.3033e-01, 3.4000e-02, 6.1667e-03, 2.8667e-02, 1.5500e-02, 1.6667e-04,
        0.0000e+00, 2.0000e-03, 0.0000e+00, 0.0000e+00])
[2026-06-25 23:59:11,206][root][INFO] - reg loss: 5.682175484914628, entropy loss: 0.19633587469499578, leaf dev: 0.05674385279417038
[2026-06-25 23:59:11,207][root][INFO] - Val leaf stats: tensor([0.1839, 0.0507, 0.0459, 0.1013, 0.0029, 0.0692, 0.0393, 0.0300, 0.0027,
        0.0733, 0.0271, 0.1468, 0.1563, 0.0229, 0.0466, 0.0011])
[2026-06-25 23:59:11,532][root][INFO] - Epoch: 46 | train acc: 0.9346, train loss: 0.82416613, valid acc: 0.9050, valid loss: 0.35132047, test acc: 0.9116, test loss: 0.31826951
[2026-06-25 23:59:13,487][root][INFO] - Epoch: 31 | train acc: 0.9495, train loss: 0.44796532, valid acc: 0.9381, valid loss: 0.22666855, test acc: 0.9130, test loss: 0.60705891
[2026-06-25 23:59:15,204][root][INFO] - Epoch: 47 | train acc: 0.9437, train loss: 0.27688280, valid acc: 0.9133, valid loss: 0.29209889, test acc: 0.9164, test loss: 0.29225462
[2026-06-25 23:59:15,263][root][INFO] - Epoch: 47 | train acc: 0.9479, train loss: 0.25919444, valid acc: 0.9080, valid loss: 0.34588528, test acc: 0.9182, test loss: 0.31726481
[2026-06-25 23:59:15,693][root][INFO] - reg loss: 5.636244594735444, entropy loss: 0.13486275408003065, leaf dev: 0.047469351440668106
[2026-06-25 23:59:15,693][root][INFO] - Val leaf stats: tensor([0.0018, 0.0007, 0.0733, 0.0666, 0.0392, 0.0766, 0.1452, 0.0630, 0.0019,
        0.1561, 0.0449, 0.0751, 0.0744, 0.0085, 0.0590, 0.1137])
[2026-06-25 23:59:15,769][root][INFO] - reg loss: 5.212581890933919, entropy loss: 0.0749051258811411, leaf dev: 0.09516212344169617
[2026-06-25 23:59:15,770][root][INFO] - Val leaf stats: tensor([0.2185, 0.2642, 0.0020, 0.0000, 0.1163, 0.0000, 0.0063, 0.1803, 0.0000,
        0.0068, 0.0000, 0.0000, 0.0177, 0.1853, 0.0000, 0.0025])
[2026-06-25 23:59:18,656][root][INFO] - reg loss: 5.6506702270147935, entropy loss: 0.1802806296157387, leaf dev: 0.07842280715703964
[2026-06-25 23:59:18,657][root][INFO] - Val leaf stats: tensor([0.1308, 0.0292, 0.2237, 0.0118, 0.0635, 0.0132, 0.0122, 0.0285, 0.1190,
        0.0018, 0.1928, 0.1735, 0.0000, 0.0000, 0.0000, 0.0000])
[2026-06-25 23:59:19,069][root][INFO] - Epoch: 47 | train acc: 0.9552, train loss: 0.36807902, valid acc: 0.9293, valid loss: 0.25750523, test acc: 0.9333, test loss: 0.24176166
[2026-06-25 23:59:19,263][root][INFO] - reg loss: 5.843434243831995, entropy loss: 0.15781360991158574, leaf dev: 0.07943370938301086
[2026-06-25 23:59:19,264][root][INFO] - Val leaf stats: tensor([0.0000, 0.0000, 0.0953, 0.0777, 0.0000, 0.0388, 0.1198, 0.0897, 0.0000,
        0.0438, 0.0552, 0.0407, 0.1325, 0.3065, 0.0000, 0.0000])
[2026-06-25 23:59:22,668][root][INFO] - Epoch: 48 | train acc: 0.9452, train loss: 0.83137313, valid acc: 0.9248, valid loss: 0.27622502, test acc: 0.9225, test loss: 0.29953060
[2026-06-25 23:59:23,052][root][INFO] - reg loss: 5.468563754603548, entropy loss: 0.1092516282257044, leaf dev: 0.06996287405490875
[2026-06-25 23:59:23,053][root][INFO] - Val leaf stats: tensor([0.0000, 0.0000, 0.0092, 0.0000, 0.1610, 0.0673, 0.0458, 0.1377, 0.0020,
        0.1492, 0.0000, 0.0098, 0.1143, 0.1900, 0.1132, 0.0005])
[2026-06-25 23:59:23,090][root][INFO] - Epoch: 47 | train acc: 0.9421, train loss: 0.20305739, valid acc: 0.8662, valid loss: 0.45786098, test acc: 0.8670, test loss: 0.48227261
[2026-06-25 23:59:26,652][root][INFO] - reg loss: 6.10202818546655, entropy loss: 0.2757631630267737, leaf dev: 0.08346658200025558
[2026-06-25 23:59:26,653][root][INFO] - Val leaf stats: tensor([2.7833e-01, 1.4533e-01, 1.2050e-01, 3.0167e-02, 3.4500e-02, 0.0000e+00,
        1.0000e-03, 1.6667e-04, 1.6667e-04, 2.0500e-02, 7.1000e-02, 2.0450e-01,
        2.3333e-03, 3.2833e-02, 5.8500e-02, 1.6667e-04])
[2026-06-25 23:59:26,842][root][INFO] - Epoch: 31 | train acc: 0.9453, train loss: 0.35834005, valid acc: 0.9278, valid loss: 0.25180841, test acc: 0.8941, test loss: 2.39502442
[2026-06-25 23:59:26,961][root][INFO] - reg loss: 5.304521592158191, entropy loss: 0.07980065279692974, leaf dev: 0.08874480426311493
[2026-06-25 23:59:26,962][root][INFO] - Val leaf stats: tensor([0.0000, 0.0000, 0.2710, 0.0447, 0.0528, 0.0000, 0.0000, 0.0000, 0.0355,
        0.0000, 0.1987, 0.1253, 0.0000, 0.0690, 0.0000, 0.2030])
[2026-06-25 23:59:27,277][root][INFO] - Epoch: 31 | train acc: 0.9395, train loss: 0.88975782, valid acc: 0.9232, valid loss: 0.26113197, test acc: 0.9076, test loss: 0.87796308
[2026-06-25 23:59:28,197][root][INFO] - Epoch: 32 | train acc: 0.9533, train loss: 0.16248216, valid acc: 0.9383, valid loss: 0.22037636, test acc: 0.8948, test loss: 2.10332432
[2026-06-25 23:59:29,824][root][INFO] - reg loss: 5.9061070169721335, entropy loss: 0.16753838294082218, leaf dev: 0.07614963501691818
[2026-06-25 23:59:29,825][root][INFO] - Val leaf stats: tensor([0.0094, 0.0150, 0.0008, 0.1114, 0.0049, 0.0723, 0.0398, 0.0476, 0.1889,
        0.1495, 0.0226, 0.0105, 0.2584, 0.0344, 0.0320, 0.0023])
[2026-06-25 23:59:29,873][root][INFO] - reg loss: 5.151511671681884, entropy loss: 0.08510600073785378, leaf dev: 0.07834143936634064
[2026-06-25 23:59:29,874][root][INFO] - Val leaf stats: tensor([0.0644, 0.0112, 0.0008, 0.0910, 0.0021, 0.0032, 0.0018, 0.0247, 0.0021,
        0.1236, 0.0884, 0.1801, 0.2710, 0.0278, 0.1077, 0.0000])
[2026-06-25 23:59:30,925][root][INFO] - reg loss: 5.785371914111748, entropy loss: 0.19440310870213484, leaf dev: 0.05796590447425842
[2026-06-25 23:59:30,926][root][INFO] - Val leaf stats: tensor([0.1237, 0.0614, 0.0017, 0.1146, 0.0087, 0.0873, 0.0645, 0.0096, 0.0102,
        0.0928, 0.0885, 0.1887, 0.1278, 0.0134, 0.0053, 0.0017])
[2026-06-25 23:59:34,466][root][INFO] - Epoch: 31 | train acc: 0.9404, train loss: 0.42126005, valid acc: 0.9229, valid loss: 0.27326309, test acc: 0.8768, test loss: 2.25304223
[2026-06-25 23:59:36,224][root][INFO] - Epoch: 31 | train acc: 0.9311, train loss: 0.36994128, valid acc: 0.9192, valid loss: 0.26515782, test acc: 0.8923, test loss: 0.45073398
[2026-06-25 23:59:36,326][root][INFO] - Epoch: 31 | train acc: 0.9443, train loss: 0.63516228, valid acc: 0.9264, valid loss: 0.24624638, test acc: 0.8774, test loss: 0.94089291
[2026-06-25 23:59:36,944][root][INFO] - reg loss: 5.317322160831835, entropy loss: 0.10773512520014293, leaf dev: 0.07857095450162888
[2026-06-25 23:59:36,945][root][INFO] - Val leaf stats: tensor([3.2686e-02, 5.1644e-02, 2.1479e-03, 2.9931e-01, 1.9612e-03, 7.4897e-02,
        5.9208e-02, 4.4826e-03, 1.6810e-03, 4.7441e-02, 3.5021e-02, 1.4335e-01,
        1.2271e-01, 7.1909e-03, 1.1617e-01, 9.3388e-05])
[2026-06-25 23:59:38,189][root][INFO] - Epoch: 47 | train acc: 0.9315, train loss: 0.63256840, valid acc: 0.9187, valid loss: 0.28814673, test acc: 0.9154, test loss: 0.30971356
[2026-06-25 23:59:38,568][root][INFO] - reg loss: 5.259757195830976, entropy loss: 0.11067561627853484, leaf dev: 0.07545851171016693
[2026-06-25 23:59:38,569][root][INFO] - Val leaf stats: tensor([0.0463, 0.0000, 0.0035, 0.0049, 0.0807, 0.0401, 0.0819, 0.0087, 0.0019,
        0.0388, 0.0676, 0.2233, 0.0177, 0.0075, 0.2295, 0.1477])
[2026-06-25 23:59:38,907][root][INFO] - reg loss: 5.303779897235689, entropy loss: 0.1485895177043935, leaf dev: 0.10553257912397385
[2026-06-25 23:59:38,908][root][INFO] - Val leaf stats: tensor([6.4438e-03, 3.7355e-04, 2.7083e-03, 1.6810e-02, 7.3403e-02, 2.5308e-02,
        2.2600e-02, 4.8188e-02, 8.4049e-04, 4.2818e-01, 1.5876e-03, 1.5325e-01,
        8.1715e-02, 2.8857e-02, 5.6033e-02, 5.3698e-02])
[2026-06-25 23:59:39,145][root][INFO] - Epoch: 31 | train acc: 0.9569, train loss: 0.85068318, valid acc: 0.9412, valid loss: 0.22089105, test acc: 0.9180, test loss: 0.76415877
[2026-06-25 23:59:41,542][root][INFO] - reg loss: 5.064722782720334, entropy loss: 0.08747086831659236, leaf dev: 0.06711217761039734
[2026-06-25 23:59:41,543][root][INFO] - Val leaf stats: tensor([0.1255, 0.0003, 0.0078, 0.0198, 0.0690, 0.1597, 0.1611, 0.0802, 0.0015,
        0.0005, 0.1961, 0.1018, 0.0081, 0.0034, 0.0233, 0.0419])
[2026-06-25 23:59:41,634][root][INFO] - reg loss: 5.396930199749065, entropy loss: 0.10055415423692397, leaf dev: 0.08644169569015503
[2026-06-25 23:59:41,635][root][INFO] - Val leaf stats: tensor([0.0000e+00, 2.9500e-02, 2.2800e-01, 1.7333e-02, 2.1300e-01, 0.0000e+00,
        2.3750e-01, 2.8167e-02, 6.9167e-02, 8.8500e-02, 7.8333e-02, 1.6667e-04,
        0.0000e+00, 1.0333e-02, 0.0000e+00, 0.0000e+00])
[2026-06-25 23:59:41,661][root][INFO] - Epoch: 47 | train acc: 0.9364, train loss: 0.81390466, valid acc: 0.9017, valid loss: 0.34648940, test acc: 0.9124, test loss: 0.31754461
[2026-06-25 23:59:41,717][root][INFO] - Epoch: 32 | train acc: 0.9476, train loss: 0.27481709, valid acc: 0.9333, valid loss: 0.22532505, test acc: 0.9087, test loss: 0.81469666
[2026-06-25 23:59:44,388][root][INFO] - Epoch: 32 | train acc: 0.9555, train loss: 0.43566640, valid acc: 0.9414, valid loss: 0.22059664, test acc: 0.9172, test loss: 0.62407837
[2026-06-25 23:59:44,607][root][INFO] - reg loss: 5.654768033002419, entropy loss: 0.1963394985154823, leaf dev: 0.05733133852481842
[2026-06-25 23:59:44,608][root][INFO] - Val leaf stats: tensor([0.1670, 0.0512, 0.0407, 0.0949, 0.0028, 0.0693, 0.0203, 0.0478, 0.0025,
        0.0999, 0.0183, 0.1438, 0.1716, 0.0221, 0.0466, 0.0011])
[2026-06-25 23:59:45,308][root][INFO] - reg loss: 5.198775723295392, entropy loss: 0.07478255209214282, leaf dev: 0.09727460145950317
[2026-06-25 23:59:45,309][root][INFO] - Val leaf stats: tensor([0.2012, 0.2817, 0.0022, 0.0000, 0.0953, 0.0000, 0.0058, 0.2035, 0.0000,
        0.0073, 0.0000, 0.0000, 0.0173, 0.1837, 0.0000, 0.0020])
[2026-06-25 23:59:45,630][root][INFO] - Epoch: 48 | train acc: 0.9454, train loss: 0.26354752, valid acc: 0.9200, valid loss: 0.28243878, test acc: 0.9223, test loss: 0.27272625
[2026-06-25 23:59:45,797][root][INFO] - Epoch: 48 | train acc: 0.9404, train loss: 0.28626064, valid acc: 0.9125, valid loss: 0.32871084, test acc: 0.9235, test loss: 0.28119290
[2026-06-25 23:59:46,969][root][INFO] - reg loss: 5.7379386967452115, entropy loss: 0.13926056492580938, leaf dev: 0.04721389710903168
[2026-06-25 23:59:46,970][root][INFO] - Val leaf stats: tensor([0.0018, 0.0009, 0.0628, 0.0635, 0.0461, 0.0736, 0.1112, 0.0600, 0.0017,
        0.1632, 0.0436, 0.0715, 0.1005, 0.0088, 0.0606, 0.1301])
[2026-06-25 23:59:49,257][root][INFO] - reg loss: 5.447588812630132, entropy loss: 0.1625364249888456, leaf dev: 0.08094227313995361
[2026-06-25 23:59:49,258][root][INFO] - Val leaf stats: tensor([1.1267e-01, 3.4000e-02, 2.1867e-01, 9.1667e-03, 5.3000e-02, 1.0833e-02,
        9.3333e-03, 1.8833e-02, 1.4783e-01, 2.1667e-03, 1.7533e-01, 2.0750e-01,
        0.0000e+00, 0.0000e+00, 5.0000e-04, 1.6667e-04])
[2026-06-25 23:59:49,483][root][INFO] - reg loss: 5.764437149155815, entropy loss: 0.15580451488494873, leaf dev: 0.06751685589551926
[2026-06-25 23:59:49,484][root][INFO] - Val leaf stats: tensor([0.0000, 0.0000, 0.1500, 0.1080, 0.0000, 0.0675, 0.1162, 0.0727, 0.0000,
        0.0537, 0.0560, 0.0450, 0.0928, 0.2382, 0.0000, 0.0000])
[2026-06-25 23:59:49,761][root][INFO] - Epoch: 48 | train acc: 0.9546, train loss: 0.36935507, valid acc: 0.9295, valid loss: 0.25526858, test acc: 0.9328, test loss: 0.23664105
[2026-06-25 23:59:53,502][root][INFO] - Epoch: 48 | train acc: 0.9141, train loss: 0.27932221, valid acc: 0.9077, valid loss: 0.32296861, test acc: 0.9056, test loss: 0.31663606
[2026-06-25 23:59:53,612][root][INFO] - reg loss: 5.455092304157761, entropy loss: 0.10792768887191448, leaf dev: 0.0689479410648346
[2026-06-25 23:59:53,613][root][INFO] - Val leaf stats: tensor([0.0000, 0.0000, 0.0103, 0.0000, 0.1180, 0.0525, 0.0687, 0.1707, 0.0015,
        0.1355, 0.0000, 0.0093, 0.1305, 0.1837, 0.1182, 0.0012])
[2026-06-25 23:59:54,347][root][INFO] - Epoch: 49 | train acc: 0.9468, train loss: 0.81311905, valid acc: 0.9268, valid loss: 0.27065885, test acc: 0.9252, test loss: 0.28745512
[2026-06-25 23:59:57,293][root][INFO] - reg loss: 5.87600168642008, entropy loss: 0.26420062836611047, leaf dev: 0.07816072553396225
[2026-06-25 23:59:57,294][root][INFO] - Val leaf stats: tensor([0.2642, 0.1072, 0.1888, 0.0905, 0.0445, 0.0000, 0.0007, 0.0005, 0.0000,
        0.0117, 0.0708, 0.1357, 0.0032, 0.0348, 0.0475, 0.0000])
[2026-06-25 23:59:58,710][root][INFO] - reg loss: 5.281807616071881, entropy loss: 0.07815592771150032, leaf dev: 0.08979950845241547
[2026-06-25 23:59:58,711][root][INFO] - Val leaf stats: tensor([0.0000, 0.0000, 0.2573, 0.0395, 0.0448, 0.0000, 0.0000, 0.0000, 0.0442,
        0.0000, 0.2055, 0.1295, 0.0000, 0.0567, 0.0000, 0.2225])
[2026-06-26 00:00:00,293][root][INFO] - Epoch: 32 | train acc: 0.9438, train loss: 0.88001479, valid acc: 0.9315, valid loss: 0.23579020, test acc: 0.9107, test loss: 0.86995925
[2026-06-26 00:00:00,546][root][INFO] - Epoch: 33 | train acc: 0.9536, train loss: 0.16057892, valid acc: 0.9382, valid loss: 0.22469188, test acc: 0.9025, test loss: 2.21748479
[2026-06-26 00:00:00,916][root][INFO] - Epoch: 32 | train acc: 0.9480, train loss: 0.35041658, valid acc: 0.9328, valid loss: 0.23645946, test acc: 0.8913, test loss: 0.99644233
[2026-06-26 00:00:02,790][root][INFO] - reg loss: 5.204930961447418, entropy loss: 0.08588772192203178, leaf dev: 0.08461795002222061
[2026-06-26 00:00:02,791][root][INFO] - Val leaf stats: tensor([0.0742, 0.0125, 0.0008, 0.0918, 0.0020, 0.0036, 0.0016, 0.0267, 0.0021,
        0.1248, 0.0858, 0.1747, 0.3101, 0.0177, 0.0715, 0.0000])
[2026-06-26 00:00:02,941][root][INFO] - Val leaf stats: tensor([0.0000, 0.0000, 0.2573, 0.0395, 0.0448, 0.0000, 0.0000, 0.0000, 0.0442,
        0.0000, 0.2055, 0.1295, 0.0000, 0.0567, 0.0000, 0.2225])
[2026-06-26 00:00:03,445][root][INFO] - reg loss: 5.754260126245085, entropy loss: 0.1937820659112678, leaf dev: 0.058164115995168686
[2026-06-26 00:00:03,446][root][INFO] - Val leaf stats: tensor([0.1275, 0.0787, 0.0020, 0.0996, 0.0090, 0.0852, 0.0584, 0.0102, 0.0109,
        0.0845, 0.0699, 0.1665, 0.1728, 0.0165, 0.0068, 0.0017])
[2026-06-26 00:00:03,898][root][INFO] - reg loss: 5.827030618354757, entropy loss: 0.16777055430664586, leaf dev: 0.07521034777164459
[2026-06-26 00:00:03,899][root][INFO] - Val leaf stats: tensor([0.0147, 0.0198, 0.0005, 0.1201, 0.0054, 0.0759, 0.0485, 0.0601, 0.1979,
        0.1386, 0.0211, 0.0068, 0.2460, 0.0336, 0.0059, 0.0051])
[2026-06-26 00:00:06,412][root][INFO] - Epoch: 32 | train acc: 0.9395, train loss: 0.41533032, valid acc: 0.9242, valid loss: 0.27789984, test acc: 0.8751, test loss: 2.46809257
[2026-06-26 00:00:07,957][root][INFO] - Test leaf std: 0.09163031727075577, Val leaf std: 0.08979950845241547
[2026-06-26 00:00:08,428][root][INFO] - Epoch: 48 | train acc: 0.9258, train loss: 0.67318058, valid acc: 0.8952, valid loss: 0.35572881, test acc: 0.8897, test loss: 0.36970825
[2026-06-26 00:00:08,851][root][INFO] - reg loss: 5.227224130479116, entropy loss: 0.10423775880582749, leaf dev: 0.08273524791002274
[2026-06-26 00:00:08,852][root][INFO] - Val leaf stats: tensor([4.0624e-02, 4.1651e-02, 2.2413e-03, 2.7802e-01, 2.0545e-03, 7.4150e-02,
        6.2757e-02, 4.7628e-03, 1.8678e-03, 3.5954e-02, 2.8297e-02, 4.8375e-02,
        1.5951e-01, 7.1909e-03, 2.1236e-01, 1.8678e-04])
[2026-06-26 00:00:09,159][root][INFO] - Epoch: 32 | train acc: 0.9433, train loss: 0.34215021, valid acc: 0.9269, valid loss: 0.24714706, test acc: 0.8993, test loss: 0.69693677
[2026-06-26 00:00:09,357][root][INFO] - Epoch: 32 | train acc: 0.9450, train loss: 0.60866101, valid acc: 0.9274, valid loss: 0.24773669, test acc: 0.8757, test loss: 0.96616717
[2026-06-26 00:00:10,954][root][INFO] - reg loss: 5.451440011382734, entropy loss: 0.15289247233085532, leaf dev: 0.10436780750751495
[2026-06-26 00:00:10,956][root][INFO] - Val leaf stats: tensor([1.0086e-02, 1.8678e-04, 2.8950e-03, 1.6623e-02, 7.3030e-02, 2.6522e-02,
        1.8771e-02, 5.7994e-02, 1.2140e-03, 4.2193e-01, 5.6033e-04, 1.6016e-01,
        6.6959e-02, 2.5588e-02, 6.2944e-02, 5.4539e-02])
[2026-06-26 00:00:11,153][root][INFO] - Epoch: 48 | train acc: 0.9379, train loss: 0.80075398, valid acc: 0.9087, valid loss: 0.34313754, test acc: 0.9135, test loss: 0.31324917
[2026-06-26 00:00:11,649][root][INFO] - Epoch: 32 | train acc: 0.9068, train loss: 1.02103145, valid acc: 0.8782, valid loss: 0.39798377, test acc: 0.8515, test loss: 1.14270213
[2026-06-26 00:00:11,858][root][INFO] - reg loss: 5.243448782219458, entropy loss: 0.10477748071705853, leaf dev: 0.07576824724674225
[2026-06-26 00:00:11,859][root][INFO] - Val leaf stats: tensor([4.9963e-02, 1.8678e-04, 3.3620e-03, 2.1479e-03, 8.1528e-02, 3.7822e-02,
        8.6571e-02, 7.0041e-03, 1.8678e-03, 3.6888e-02, 6.9574e-02, 2.1900e-01,
        1.7744e-02, 8.4049e-03, 2.3646e-01, 1.4148e-01])
[2026-06-26 00:00:11,876][root][INFO] - reg loss: 5.541444148657457, entropy loss: 0.10787870594353047, leaf dev: 0.09041807800531387
[2026-06-26 00:00:11,877][root][INFO] - Val leaf stats: tensor([1.6667e-04, 2.5667e-02, 2.7967e-01, 2.2333e-02, 2.6400e-01, 4.8333e-03,
        1.0233e-01, 2.1667e-02, 8.2333e-02, 1.0500e-01, 8.5167e-02, 3.3333e-04,
        0.0000e+00, 6.5000e-03, 0.0000e+00, 0.0000e+00])
[2026-06-26 00:00:12,378][root][INFO] - Epoch: 33 | train acc: 0.9472, train loss: 0.27064328, valid acc: 0.9341, valid loss: 0.23322194, test acc: 0.9114, test loss: 0.57988861
[2026-06-26 00:00:12,728][root][INFO] - FINAL TEST | acc: 0.9252, loss: 0.2875, 
[2026-06-26 00:00:12,945][root][INFO] - MLFlow run ID: b900b6cf527a40a28c37d5f78290cf49, status: FINISHED
[2026-06-26 00:00:14,527][root][INFO] - reg loss: 5.167666949923077, entropy loss: 0.08857198784906398, leaf dev: 0.06411579996347427
[2026-06-26 00:00:14,528][root][INFO] - Val leaf stats: tensor([0.1052, 0.0002, 0.0041, 0.0138, 0.0683, 0.1027, 0.1278, 0.0784, 0.0010,
        0.0005, 0.1751, 0.1742, 0.0130, 0.0039, 0.0143, 0.1174])
[2026-06-26 00:00:14,785][root][INFO] - reg loss: 5.602920438877489, entropy loss: 0.18228600753678215, leaf dev: 0.055152397602796555
[2026-06-26 00:00:14,786][root][INFO] - Val leaf stats: tensor([0.1514, 0.0413, 0.0636, 0.1178, 0.0030, 0.0704, 0.0193, 0.0345, 0.0024,
        0.0928, 0.0191, 0.1438, 0.1620, 0.0307, 0.0469, 0.0010])
[2026-06-26 00:00:15,179][root][INFO] - reg loss: 5.171655546944097, entropy loss: 0.0732756680896822, leaf dev: 0.09930294007062912
[2026-06-26 00:00:15,180][root][INFO] - Val leaf stats: tensor([0.1932, 0.3102, 0.0022, 0.0000, 0.1063, 0.0000, 0.0055, 0.1982, 0.0000,
        0.0075, 0.0000, 0.0000, 0.0142, 0.1613, 0.0000, 0.0015])
[2026-06-26 00:00:15,889][root][INFO] - Epoch: 33 | train acc: 0.9551, train loss: 0.43632442, valid acc: 0.9376, valid loss: 0.22833357, test acc: 0.9181, test loss: 0.73109975
[2026-06-26 00:00:15,889][root][INFO] - Epoch: 49 | train acc: 0.9484, train loss: 0.25389762, valid acc: 0.9210, valid loss: 0.26996953, test acc: 0.9254, test loss: 0.26902023
[2026-06-26 00:00:16,283][root][INFO] - Epoch: 49 | train acc: 0.9493, train loss: 0.25765356, valid acc: 0.9177, valid loss: 0.31673959, test acc: 0.9243, test loss: 0.28002250
[2026-06-26 00:00:18,105][root][INFO] - reg loss: 5.77656329119647, entropy loss: 0.13960068432426959, leaf dev: 0.04592541977763176
[2026-06-26 00:00:18,106][root][INFO] - Val leaf stats: tensor([0.0019, 0.0010, 0.0758, 0.0669, 0.0392, 0.0865, 0.1072, 0.0636, 0.0016,
        0.1616, 0.0413, 0.0780, 0.1000, 0.0117, 0.0510, 0.1128])
[2026-06-26 00:00:19,299][root][INFO] - reg loss: 5.484042086691226, entropy loss: 0.16294416771182474, leaf dev: 0.07800792902708054
[2026-06-26 00:00:19,300][root][INFO] - Val leaf stats: tensor([0.1117, 0.0278, 0.2170, 0.0087, 0.0682, 0.0137, 0.0213, 0.0178, 0.1422,
        0.0022, 0.1720, 0.1948, 0.0000, 0.0000, 0.0015, 0.0012])
[2026-06-26 00:00:19,506][root][INFO] - reg loss: 5.758894888859875, entropy loss: 0.1562980516058094, leaf dev: 0.06686185300350189
[2026-06-26 00:00:19,507][root][INFO] - Val leaf stats: tensor([0.0000, 0.0000, 0.1080, 0.0312, 0.0000, 0.1155, 0.0960, 0.1465, 0.0000,
        0.0575, 0.0562, 0.0468, 0.1180, 0.2243, 0.0000, 0.0000])
[2026-06-26 00:00:19,644][root][INFO] - Epoch: 49 | train acc: 0.9547, train loss: 0.37658364, valid acc: 0.9235, valid loss: 0.28332201, test acc: 0.9269, test loss: 0.27137542
[2026-06-26 00:00:22,826][root][INFO] - Val leaf stats: tensor([0.1117, 0.0278, 0.2170, 0.0087, 0.0682, 0.0137, 0.0213, 0.0178, 0.1422,
        0.0022, 0.1720, 0.1948, 0.0000, 0.0000, 0.0015, 0.0012])
[2026-06-26 00:00:23,050][root][INFO] - Val leaf stats: tensor([0.0000, 0.0000, 0.1080, 0.0312, 0.0000, 0.1155, 0.0960, 0.1465, 0.0000,
        0.0575, 0.0562, 0.0468, 0.1180, 0.2243, 0.0000, 0.0000])
[2026-06-26 00:00:23,424][root][INFO] - reg loss: 5.47085314426782, entropy loss: 0.10919977478542418, leaf dev: 0.07732332497835159
[2026-06-26 00:00:23,425][root][INFO] - Val leaf stats: tensor([0.0000, 0.0000, 0.0202, 0.0000, 0.1523, 0.0633, 0.0417, 0.1317, 0.0018,
        0.1588, 0.0000, 0.0103, 0.2060, 0.1932, 0.0200, 0.0007])
[2026-06-26 00:00:23,582][root][INFO] - Epoch: 49 | train acc: 0.9419, train loss: 0.20160649, valid acc: 0.9228, valid loss: 0.26501191, test acc: 0.9253, test loss: 0.27145366
[2026-06-26 00:00:26,862][root][INFO] - reg loss: 5.693009799381472, entropy loss: 0.26005338019919844, leaf dev: 0.0754195898771286
[2026-06-26 00:00:26,863][root][INFO] - Val leaf stats: tensor([2.3217e-01, 5.1833e-02, 1.7400e-01, 1.1500e-01, 3.1667e-02, 1.6667e-04,
        1.0000e-03, 3.3333e-04, 0.0000e+00, 2.3667e-02, 9.0500e-02, 1.8233e-01,
        2.6667e-03, 3.5833e-02, 5.8667e-02, 1.6667e-04])
[2026-06-26 00:00:27,107][root][INFO] - Val leaf stats: tensor([0.0000, 0.0000, 0.0202, 0.0000, 0.1523, 0.0633, 0.0417, 0.1317, 0.0018,
        0.1588, 0.0000, 0.0103, 0.2060, 0.1932, 0.0200, 0.0007])
[2026-06-26 00:00:27,906][root][INFO] - Test leaf std: 0.07744111120700836, Val leaf std: 0.07800792902708054
[2026-06-26 00:00:28,046][root][INFO] - Test leaf std: 0.06708085536956787, Val leaf std: 0.06686185300350189
[2026-06-26 00:00:30,214][root][INFO] - Val leaf stats: tensor([2.3217e-01, 5.1833e-02, 1.7400e-01, 1.1500e-01, 3.1667e-02, 1.6667e-04,
        1.0000e-03, 3.3333e-04, 0.0000e+00, 2.3667e-02, 9.0500e-02, 1.8233e-01,
        2.6667e-03, 3.5833e-02, 5.8667e-02, 1.6667e-04])
[2026-06-26 00:00:31,921][root][INFO] - Epoch: 33 | train acc: 0.9384, train loss: 0.37152887, valid acc: 0.9252, valid loss: 0.25959999, test acc: 0.8751, test loss: 0.87887808
[2026-06-26 00:00:32,187][root][INFO] - Test leaf std: 0.0779932364821434, Val leaf std: 0.07732332497835159
[2026-06-26 00:00:32,225][root][INFO] - Epoch: 33 | train acc: 0.9502, train loss: 0.87087925, valid acc: 0.9359, valid loss: 0.23214236, test acc: 0.9107, test loss: 0.82871846
[2026-06-26 00:00:32,689][root][INFO] - FINAL TEST | acc: 0.9243, loss: 0.2800, 
[2026-06-26 00:00:32,904][root][INFO] - MLFlow run ID: 0cd45a6d0fce455385f3c534c5ca937e, status: FINISHED
[2026-06-26 00:00:33,142][root][INFO] - FINAL TEST | acc: 0.9254, loss: 0.2690, 
[2026-06-26 00:00:33,305][root][INFO] - MLFlow run ID: 67d9da624cdf415380921a6b02abebc7, status: FINISHED
[2026-06-26 00:00:33,512][root][INFO] - Epoch: 34 | train acc: 0.9510, train loss: 0.16998870, valid acc: 0.9202, valid loss: 0.28041139, test acc: 0.8834, test loss: 2.36240047
[2026-06-26 00:00:34,514][root][INFO] - reg loss: 5.892964400942364, entropy loss: 0.163819854379331, leaf dev: 0.06209394335746765
[2026-06-26 00:00:34,515][root][INFO] - Val leaf stats: tensor([0.0985, 0.0553, 0.0021, 0.1313, 0.0055, 0.0760, 0.0177, 0.0514, 0.2028,
        0.1730, 0.0279, 0.0179, 0.0840, 0.0482, 0.0043, 0.0041])
[2026-06-26 00:00:34,915][root][INFO] - Test leaf std: 0.07600996643304825, Val leaf std: 0.0754195898771286
[2026-06-26 00:00:34,952][root][INFO] - reg loss: 5.2561423084723256, entropy loss: 0.08708076801880327, leaf dev: 0.08803243190050125
[2026-06-26 00:00:34,953][root][INFO] - Val leaf stats: tensor([0.0791, 0.0222, 0.0006, 0.1051, 0.0021, 0.0032, 0.0017, 0.0341, 0.0021,
        0.1251, 0.0775, 0.1577, 0.3339, 0.0174, 0.0382, 0.0000])
[2026-06-26 00:00:35,177][root][INFO] - Epoch: 33 | train acc: 0.9397, train loss: 0.41226886, valid acc: 0.9228, valid loss: 0.27286107, test acc: 0.8759, test loss: 2.35852088
[2026-06-26 00:00:35,653][root][INFO] - reg loss: 5.7564733167174005, entropy loss: 0.1942289732593708, leaf dev: 0.052402377128601074
[2026-06-26 00:00:35,654][root][INFO] - Val leaf stats: tensor([0.0538, 0.0442, 0.0018, 0.0824, 0.0169, 0.1229, 0.1335, 0.0404, 0.0105,
        0.0852, 0.0897, 0.1677, 0.1132, 0.0276, 0.0084, 0.0018])
[2026-06-26 00:00:36,666][root][INFO] - Epoch: 49 | train acc: 0.9271, train loss: 0.68970811, valid acc: 0.9155, valid loss: 0.29204788, test acc: 0.9142, test loss: 0.30612899
[2026-06-26 00:00:36,732][root][INFO] - FINAL TEST | acc: 0.9269, loss: 0.2714, 
