[2026-06-26 10:00:12,994][root][INFO] - MLFlow server is starting on LOCAL with experiment STM_MNIST_std_seeded...
[2026-06-26 10:00:13,142][root][INFO] - MLFlow run ID: 13702d17b121465abbfd91528fed172a, status: RUNNING
[2026-06-26 10:00:13,260][root][INFO] - Starting experiment IATrain...
[2026-06-26 10:00:45,609][root][INFO] - Epoch: 0 | train acc: 0.5248, train loss: 42.97029110, valid acc: 0.7097, valid loss: 0.90512423, test acc: 0.7116, test loss: 0.89539697
[2026-06-26 10:00:51,507][root][INFO] - reg loss: 5.188978235676603, entropy loss: 0.22931787582500926, leaf dev: 0.25
[2026-06-26 10:00:51,508][root][INFO] - Val leaf stats: tensor([0., 0., 0., 0., 0., 0., 0., 0., 0., 1., 0., 0., 0., 0., 0., 0.])
[2026-06-26 10:01:29,888][root][INFO] - Epoch: 1 | train acc: 0.8360, train loss: 33.21068839, valid acc: 0.8785, valid loss: 0.46898314, test acc: 0.8810, test loss: 0.45074667
[2026-06-26 10:01:35,023][root][INFO] - reg loss: 4.076330634782899, entropy loss: 0.17877784554126128, leaf dev: 0.25
[2026-06-26 10:01:35,024][root][INFO] - Val leaf stats: tensor([0., 0., 0., 0., 0., 0., 0., 0., 0., 1., 0., 0., 0., 0., 0., 0.])
[2026-06-26 10:02:13,354][root][INFO] - Epoch: 2 | train acc: 0.8828, train loss: 32.75189403, valid acc: 0.8938, valid loss: 0.40657511, test acc: 0.8927, test loss: 0.38890462
[2026-06-26 10:02:18,637][root][INFO] - reg loss: 4.0405433177948, entropy loss: 0.1759463849495042, leaf dev: 0.25
[2026-06-26 10:02:18,638][root][INFO] - Val leaf stats: tensor([0., 0., 0., 0., 0., 0., 0., 0., 0., 1., 0., 0., 0., 0., 0., 0.])
[2026-06-26 10:02:58,271][root][INFO] - Epoch: 3 | train acc: 0.8944, train loss: 32.59040440, valid acc: 0.9018, valid loss: 0.37628119, test acc: 0.8996, test loss: 0.35679246
[2026-06-26 10:03:03,917][root][INFO] - reg loss: 4.026333089144725, entropy loss: 0.17470443642364358, leaf dev: 0.25
[2026-06-26 10:03:03,918][root][INFO] - Val leaf stats: tensor([0., 0., 0., 0., 0., 0., 0., 0., 0., 1., 0., 0., 0., 0., 0., 0.])
[2026-06-26 10:03:42,483][root][INFO] - Epoch: 4 | train acc: 0.9020, train loss: 32.50386476, valid acc: 0.9037, valid loss: 0.35284155, test acc: 0.9044, test loss: 0.33600864
[2026-06-26 10:03:48,109][root][INFO] - reg loss: 4.019297626783263, entropy loss: 0.17404184546673074, leaf dev: 0.25
[2026-06-26 10:03:48,110][root][INFO] - Val leaf stats: tensor([0., 0., 0., 0., 0., 0., 0., 0., 0., 1., 0., 0., 0., 0., 0., 0.])
[2026-06-26 10:04:26,586][root][INFO] - Epoch: 5 | train acc: 0.9070, train loss: 32.44763342, valid acc: 0.9075, valid loss: 0.33857217, test acc: 0.9071, test loss: 0.32094118
[2026-06-26 10:04:32,325][root][INFO] - reg loss: 4.0149768298526975, entropy loss: 0.17356101873348345, leaf dev: 0.25
[2026-06-26 10:04:32,326][root][INFO] - Val leaf stats: tensor([0., 0., 0., 0., 0., 0., 0., 0., 0., 1., 0., 0., 0., 0., 0., 0.])
[2026-06-26 10:05:09,475][root][INFO] - Epoch: 6 | train acc: 0.9116, train loss: 32.40956306, valid acc: 0.9102, valid loss: 0.32236255, test acc: 0.9119, test loss: 0.30632525
[2026-06-26 10:05:14,745][root][INFO] - reg loss: 4.012202010964447, entropy loss: 0.17326955595668755, leaf dev: 0.25
[2026-06-26 10:05:14,746][root][INFO] - Val leaf stats: tensor([0., 0., 0., 0., 0., 0., 0., 0., 0., 1., 0., 0., 0., 0., 0., 0.])
[2026-06-26 10:05:53,516][root][INFO] - Epoch: 7 | train acc: 0.9144, train loss: 32.38162717, valid acc: 0.9143, valid loss: 0.31342134, test acc: 0.9153, test loss: 0.29816072
[2026-06-26 10:05:58,857][root][INFO] - reg loss: 4.0103003798790695, entropy loss: 0.17308137692370504, leaf dev: 0.25
[2026-06-26 10:05:58,858][root][INFO] - Val leaf stats: tensor([0., 0., 0., 0., 0., 0., 0., 0., 0., 1., 0., 0., 0., 0., 0., 0.])
[2026-06-26 10:06:37,873][root][INFO] - Epoch: 8 | train acc: 0.9178, train loss: 32.36233236, valid acc: 0.9132, valid loss: 0.30749684, test acc: 0.9131, test loss: 0.29589921
[2026-06-26 10:06:43,533][root][INFO] - reg loss: 4.00908467004884, entropy loss: 0.17292778165835254, leaf dev: 0.25
[2026-06-26 10:06:43,534][root][INFO] - Val leaf stats: tensor([0., 0., 0., 0., 0., 0., 0., 0., 0., 1., 0., 0., 0., 0., 0., 0.])
[2026-06-26 10:07:22,012][root][INFO] - Epoch: 9 | train acc: 0.9195, train loss: 32.35025809, valid acc: 0.9187, valid loss: 0.30101474, test acc: 0.9200, test loss: 0.28872553
[2026-06-26 10:07:27,421][root][INFO] - reg loss: 4.008327254709208, entropy loss: 0.17282442846950494, leaf dev: 0.25
[2026-06-26 10:07:27,422][root][INFO] - Val leaf stats: tensor([0., 0., 0., 0., 0., 0., 0., 0., 0., 1., 0., 0., 0., 0., 0., 0.])
[2026-06-26 10:08:05,661][root][INFO] - Epoch: 10 | train acc: 0.9211, train loss: 32.34066074, valid acc: 0.9188, valid loss: 0.29388023, test acc: 0.9213, test loss: 0.28347000
[2026-06-26 10:08:11,233][root][INFO] - reg loss: 4.007998506977873, entropy loss: 0.1727229209159905, leaf dev: 0.25
[2026-06-26 10:08:11,234][root][INFO] - Val leaf stats: tensor([0., 0., 0., 0., 0., 0., 0., 0., 0., 1., 0., 0., 0., 0., 0., 0.])
[2026-06-26 10:08:50,012][root][INFO] - Epoch: 11 | train acc: 0.9229, train loss: 32.34190797, valid acc: 0.9198, valid loss: 0.29152186, test acc: 0.9212, test loss: 0.28064080
[2026-06-26 10:08:55,460][root][INFO] - reg loss: 4.008872810399757, entropy loss: 0.1727172629732006, leaf dev: 0.25
[2026-06-26 10:08:55,461][root][INFO] - Val leaf stats: tensor([0., 0., 0., 0., 0., 0., 0., 0., 0., 1., 0., 0., 0., 0., 0., 0.])
[2026-06-26 10:09:34,314][root][INFO] - Epoch: 12 | train acc: 0.9246, train loss: 32.33770460, valid acc: 0.9212, valid loss: 0.28718226, test acc: 0.9222, test loss: 0.27645555
[2026-06-26 10:09:39,465][root][INFO] - reg loss: 4.009079109947637, entropy loss: 0.17257930450844314, leaf dev: 0.25
[2026-06-26 10:09:39,466][root][INFO] - Val leaf stats: tensor([0., 0., 0., 0., 0., 0., 0., 0., 0., 1., 0., 0., 0., 0., 0., 0.])
[2026-06-26 10:10:17,274][root][INFO] - Epoch: 13 | train acc: 0.9254, train loss: 32.34325056, valid acc: 0.9203, valid loss: 0.28858299, test acc: 0.9210, test loss: 0.27611687
[2026-06-26 10:10:23,121][root][INFO] - reg loss: 4.010254153665507, entropy loss: 0.17248921377478904, leaf dev: 0.24995556473731995
[2026-06-26 10:10:23,122][root][INFO] - Val leaf stats: tensor([0.0000e+00, 0.0000e+00, 0.0000e+00, 0.0000e+00, 0.0000e+00, 0.0000e+00,
        0.0000e+00, 0.0000e+00, 0.0000e+00, 9.9983e-01, 1.6667e-04, 0.0000e+00,
        0.0000e+00, 0.0000e+00, 0.0000e+00, 0.0000e+00])
[2026-06-26 10:11:01,850][root][INFO] - Epoch: 14 | train acc: 0.9271, train loss: 32.34417365, valid acc: 0.9227, valid loss: 0.28564399, test acc: 0.9231, test loss: 0.27630513
[2026-06-26 10:11:07,478][root][INFO] - reg loss: 4.010847698967412, entropy loss: 0.1723073535370377, leaf dev: 0.2499111294746399
[2026-06-26 10:11:07,480][root][INFO] - Val leaf stats: tensor([0.0000e+00, 0.0000e+00, 0.0000e+00, 0.0000e+00, 0.0000e+00, 0.0000e+00,
        0.0000e+00, 0.0000e+00, 0.0000e+00, 9.9967e-01, 3.3333e-04, 0.0000e+00,
        0.0000e+00, 0.0000e+00, 0.0000e+00, 0.0000e+00])
[2026-06-26 10:11:44,402][root][INFO] - Epoch: 15 | train acc: 0.9281, train loss: 32.35214647, valid acc: 0.9213, valid loss: 0.28571745, test acc: 0.9227, test loss: 0.27357415
[2026-06-26 10:11:49,797][root][INFO] - reg loss: 4.012359479688248, entropy loss: 0.1721335993903988, leaf dev: 0.24995556473731995
[2026-06-26 10:11:49,798][root][INFO] - Val leaf stats: tensor([0.0000e+00, 0.0000e+00, 0.0000e+00, 0.0000e+00, 0.0000e+00, 0.0000e+00,
        0.0000e+00, 0.0000e+00, 0.0000e+00, 9.9983e-01, 1.6667e-04, 0.0000e+00,
        0.0000e+00, 0.0000e+00, 0.0000e+00, 0.0000e+00])
[2026-06-26 10:12:27,926][root][INFO] - Epoch: 16 | train acc: 0.9291, train loss: 32.36347263, valid acc: 0.9208, valid loss: 0.28277594, test acc: 0.9229, test loss: 0.27172934
[2026-06-26 10:12:33,128][root][INFO] - reg loss: 4.013908512187454, entropy loss: 0.17216832064232737, leaf dev: 0.24982227385044098
[2026-06-26 10:12:33,129][root][INFO] - Val leaf stats: tensor([0.0000e+00, 0.0000e+00, 0.0000e+00, 0.0000e+00, 0.0000e+00, 0.0000e+00,
        0.0000e+00, 0.0000e+00, 0.0000e+00, 9.9933e-01, 6.6667e-04, 0.0000e+00,
        0.0000e+00, 0.0000e+00, 0.0000e+00, 0.0000e+00])
[2026-06-26 10:13:11,498][root][INFO] - Epoch: 17 | train acc: 0.9297, train loss: 32.37028748, valid acc: 0.9222, valid loss: 0.28158454, test acc: 0.9244, test loss: 0.27183310
[2026-06-26 10:13:16,569][root][INFO] - reg loss: 4.015270494065195, entropy loss: 0.17198759978109934, leaf dev: 0.25
[2026-06-26 10:13:16,570][root][INFO] - Val leaf stats: tensor([0., 0., 0., 0., 0., 0., 0., 0., 0., 1., 0., 0., 0., 0., 0., 0.])
[2026-06-26 10:13:54,896][root][INFO] - Epoch: 18 | train acc: 0.9309, train loss: 32.39166238, valid acc: 0.9225, valid loss: 0.27958125, test acc: 0.9220, test loss: 0.27076349
[2026-06-26 10:14:00,070][root][INFO] - reg loss: 4.018418447026667, entropy loss: 0.17194761827869234, leaf dev: 0.2497778683900833
[2026-06-26 10:14:00,071][root][INFO] - Val leaf stats: tensor([0.0000e+00, 0.0000e+00, 0.0000e+00, 0.0000e+00, 0.0000e+00, 0.0000e+00,
        0.0000e+00, 0.0000e+00, 0.0000e+00, 9.9917e-01, 8.3333e-04, 0.0000e+00,
        0.0000e+00, 0.0000e+00, 0.0000e+00, 0.0000e+00])
[2026-06-26 10:14:39,121][root][INFO] - Epoch: 19 | train acc: 0.9321, train loss: 32.41382926, valid acc: 0.9212, valid loss: 0.28447929, test acc: 0.9229, test loss: 0.27221570
[2026-06-26 10:14:44,145][root][INFO] - reg loss: 4.021655532549012, entropy loss: 0.17194260178871876, leaf dev: 0.24964460730552673
[2026-06-26 10:14:44,146][root][INFO] - Val leaf stats: tensor([0.0000e+00, 0.0000e+00, 0.0000e+00, 0.0000e+00, 0.0000e+00, 0.0000e+00,
        0.0000e+00, 0.0000e+00, 1.6667e-04, 9.9867e-01, 1.1667e-03, 0.0000e+00,
        0.0000e+00, 0.0000e+00, 0.0000e+00, 0.0000e+00])
[2026-06-26 10:15:22,149][root][INFO] - Epoch: 20 | train acc: 0.9328, train loss: 32.43373216, valid acc: 0.9228, valid loss: 0.27900914, test acc: 0.9233, test loss: 0.26902995
[2026-06-26 10:15:27,524][root][INFO] - reg loss: 4.0244041343904895, entropy loss: 0.17161818776490553, leaf dev: 0.24960027635097504
[2026-06-26 10:15:27,525][root][INFO] - Val leaf stats: tensor([0.0000, 0.0000, 0.0000, 0.0000, 0.0000, 0.0000, 0.0000, 0.0000, 0.0000,
        0.9985, 0.0015, 0.0000, 0.0000, 0.0000, 0.0000, 0.0000])
[2026-06-26 10:16:05,941][root][INFO] - Epoch: 21 | train acc: 0.9337, train loss: 32.43112039, valid acc: 0.9225, valid loss: 0.27816541, test acc: 0.9236, test loss: 0.26775672
[2026-06-26 10:16:11,476][root][INFO] - reg loss: 4.024479776058557, entropy loss: 0.17126507087136214, leaf dev: 0.24955590069293976
[2026-06-26 10:16:11,477][root][INFO] - Val leaf stats: tensor([0.0000, 0.0000, 0.0000, 0.0000, 0.0000, 0.0000, 0.0000, 0.0000, 0.0000,
        0.9983, 0.0017, 0.0000, 0.0000, 0.0000, 0.0000, 0.0000])
[2026-06-26 10:16:49,418][root][INFO] - Epoch: 22 | train acc: 0.9336, train loss: 32.42071371, valid acc: 0.9225, valid loss: 0.28173529, test acc: 0.9257, test loss: 0.26742033
[2026-06-26 10:16:54,721][root][INFO] - reg loss: 4.023206188993634, entropy loss: 0.17105069545642385, leaf dev: 0.24995556473731995
[2026-06-26 10:16:54,722][root][INFO] - Val leaf stats: tensor([0.0000e+00, 0.0000e+00, 0.0000e+00, 0.0000e+00, 0.0000e+00, 0.0000e+00,
        0.0000e+00, 0.0000e+00, 0.0000e+00, 9.9983e-01, 1.6667e-04, 0.0000e+00,
        0.0000e+00, 0.0000e+00, 0.0000e+00, 0.0000e+00])
[2026-06-26 10:17:33,132][root][INFO] - Epoch: 23 | train acc: 0.9339, train loss: 32.42677959, valid acc: 0.9217, valid loss: 0.28172179, test acc: 0.9245, test loss: 0.26671067
[2026-06-26 10:17:38,441][root][INFO] - reg loss: 4.02403517039317, entropy loss: 0.1711030733191742, leaf dev: 0.24964460730552673
[2026-06-26 10:17:38,442][root][INFO] - Val leaf stats: tensor([0.0000e+00, 0.0000e+00, 0.0000e+00, 0.0000e+00, 0.0000e+00, 0.0000e+00,
        0.0000e+00, 0.0000e+00, 1.6667e-04, 9.9867e-01, 1.1667e-03, 0.0000e+00,
        0.0000e+00, 0.0000e+00, 0.0000e+00, 0.0000e+00])
[2026-06-26 10:18:17,225][root][INFO] - Epoch: 24 | train acc: 0.9357, train loss: 32.46039614, valid acc: 0.9217, valid loss: 0.28233963, test acc: 0.9238, test loss: 0.27851150
[2026-06-26 10:18:21,890][root][INFO] - reg loss: 4.028889260202084, entropy loss: 0.17094598780825454, leaf dev: 0.2491566687822342
[2026-06-26 10:18:21,891][root][INFO] - Val leaf stats: tensor([0.0000e+00, 0.0000e+00, 0.0000e+00, 0.0000e+00, 0.0000e+00, 0.0000e+00,
        0.0000e+00, 0.0000e+00, 1.6667e-04, 9.9683e-01, 3.0000e-03, 0.0000e+00,
        0.0000e+00, 0.0000e+00, 0.0000e+00, 0.0000e+00])
[2026-06-26 10:19:01,134][root][INFO] - Epoch: 25 | train acc: 0.9364, train loss: 32.47094428, valid acc: 0.9200, valid loss: 0.27998154, test acc: 0.9236, test loss: 0.27950629
[2026-06-26 10:19:06,124][root][INFO] - reg loss: 4.030446560877674, entropy loss: 0.1703994300849033, leaf dev: 0.24928978085517883
[2026-06-26 10:19:06,125][root][INFO] - Val leaf stats: tensor([0.0000, 0.0000, 0.0000, 0.0000, 0.0000, 0.0000, 0.0000, 0.0000, 0.0000,
        0.9973, 0.0027, 0.0000, 0.0000, 0.0000, 0.0000, 0.0000])
[2026-06-26 10:19:43,579][root][INFO] - Epoch: 26 | train acc: 0.9364, train loss: 32.50082167, valid acc: 0.9203, valid loss: 0.27835202, test acc: 0.9244, test loss: 0.27313709
[2026-06-26 10:19:49,176][root][INFO] - reg loss: 4.034267155629284, entropy loss: 0.17004319364732168, leaf dev: 0.24924533069133759
[2026-06-26 10:19:49,177][root][INFO] - Val leaf stats: tensor([0.0000e+00, 0.0000e+00, 0.0000e+00, 0.0000e+00, 0.0000e+00, 0.0000e+00,
        0.0000e+00, 0.0000e+00, 1.6667e-04, 9.9717e-01, 2.6667e-03, 0.0000e+00,
        0.0000e+00, 0.0000e+00, 0.0000e+00, 0.0000e+00])
[2026-06-26 10:20:28,223][root][INFO] - Epoch: 27 | train acc: 0.9381, train loss: 32.50602625, valid acc: 0.9218, valid loss: 0.27569850, test acc: 0.9251, test loss: 0.26522063
[2026-06-26 10:20:33,710][root][INFO] - reg loss: 4.035316764183764, entropy loss: 0.16867643215183942, leaf dev: 0.24973341822624207
[2026-06-26 10:20:33,712][root][INFO] - Val leaf stats: tensor([0.0000e+00, 0.0000e+00, 0.0000e+00, 0.0000e+00, 0.0000e+00, 0.0000e+00,
        0.0000e+00, 0.0000e+00, 1.6667e-04, 9.9900e-01, 8.3333e-04, 0.0000e+00,
        0.0000e+00, 0.0000e+00, 0.0000e+00, 0.0000e+00])
[2026-06-26 10:21:12,597][root][INFO] - Epoch: 28 | train acc: 0.9381, train loss: 32.47827343, valid acc: 0.9205, valid loss: 0.27621559, test acc: 0.9260, test loss: 0.26645869
[2026-06-26 10:21:17,993][root][INFO] - reg loss: 4.031931620723796, entropy loss: 0.16684389662630153, leaf dev: 0.24933376908302307
[2026-06-26 10:21:17,994][root][INFO] - Val leaf stats: tensor([0.0000e+00, 0.0000e+00, 0.0000e+00, 0.0000e+00, 0.0000e+00, 0.0000e+00,
        0.0000e+00, 0.0000e+00, 5.0000e-04, 9.9750e-01, 1.8333e-03, 0.0000e+00,
        0.0000e+00, 0.0000e+00, 0.0000e+00, 1.6667e-04])
[2026-06-26 10:21:55,763][root][INFO] - Epoch: 29 | train acc: 0.9398, train loss: 32.55925117, valid acc: 0.9195, valid loss: 0.34665760, test acc: 0.9250, test loss: 0.28673472
[2026-06-26 10:22:00,981][root][INFO] - reg loss: 4.042961489479497, entropy loss: 0.16517147899798626, leaf dev: 0.24857963621616364
[2026-06-26 10:22:00,982][root][INFO] - Val leaf stats: tensor([0.0000e+00, 0.0000e+00, 0.0000e+00, 0.0000e+00, 0.0000e+00, 0.0000e+00,
        0.0000e+00, 0.0000e+00, 1.5000e-03, 9.9467e-01, 3.6667e-03, 0.0000e+00,
        0.0000e+00, 0.0000e+00, 0.0000e+00, 1.6667e-04])
[2026-06-26 10:22:40,261][root][INFO] - Epoch: 30 | train acc: 0.9415, train loss: 32.60277007, valid acc: 0.9187, valid loss: 0.35010609, test acc: 0.9243, test loss: 0.29087502
[2026-06-26 10:22:45,583][root][INFO] - reg loss: 4.0489071225220306, entropy loss: 0.16334661869507916, leaf dev: 0.2486242651939392
[2026-06-26 10:22:45,584][root][INFO] - Val leaf stats: tensor([0.0000e+00, 0.0000e+00, 0.0000e+00, 0.0000e+00, 0.0000e+00, 0.0000e+00,
        0.0000e+00, 0.0000e+00, 1.0000e-03, 9.9483e-01, 4.0000e-03, 0.0000e+00,
        0.0000e+00, 0.0000e+00, 0.0000e+00, 1.6667e-04])
[2026-06-26 10:23:23,764][root][INFO] - Epoch: 31 | train acc: 0.9423, train loss: 32.63687058, valid acc: 0.9225, valid loss: 0.35327008, test acc: 0.9266, test loss: 0.29257750
[2026-06-26 10:23:28,881][root][INFO] - reg loss: 4.053548790373892, entropy loss: 0.1617704859038569, leaf dev: 0.2478703260421753
[2026-06-26 10:23:28,882][root][INFO] - Val leaf stats: tensor([0.0000e+00, 0.0000e+00, 0.0000e+00, 0.0000e+00, 0.0000e+00, 0.0000e+00,
        0.0000e+00, 0.0000e+00, 2.8333e-03, 9.9200e-01, 4.8333e-03, 0.0000e+00,
        0.0000e+00, 0.0000e+00, 0.0000e+00, 3.3333e-04])
[2026-06-26 10:24:09,556][root][INFO] - Epoch: 32 | train acc: 0.9424, train loss: 32.61739313, valid acc: 0.9188, valid loss: 0.35822252, test acc: 0.9233, test loss: 0.29859175
[2026-06-26 10:24:14,987][root][INFO] - reg loss: 4.051357804604296, entropy loss: 0.16025991597265568, leaf dev: 0.24791456758975983
[2026-06-26 10:24:14,988][root][INFO] - Val leaf stats: tensor([0.0000e+00, 0.0000e+00, 0.0000e+00, 0.0000e+00, 0.0000e+00, 0.0000e+00,
        0.0000e+00, 0.0000e+00, 2.5000e-03, 9.9217e-01, 4.8333e-03, 0.0000e+00,
        0.0000e+00, 0.0000e+00, 0.0000e+00, 5.0000e-04])
[2026-06-26 10:24:53,033][root][INFO] - Epoch: 33 | train acc: 0.9427, train loss: 32.64968336, valid acc: 0.9220, valid loss: 0.34147212, test acc: 0.9251, test loss: 0.30490864
[2026-06-26 10:24:58,829][root][INFO] - reg loss: 4.055792448655614, entropy loss: 0.15941711177803436, leaf dev: 0.2478698343038559
[2026-06-26 10:24:58,830][root][INFO] - Val leaf stats: tensor([0.0000e+00, 0.0000e+00, 0.0000e+00, 0.0000e+00, 0.0000e+00, 0.0000e+00,
        0.0000e+00, 0.0000e+00, 3.1667e-03, 9.9200e-01, 4.1667e-03, 0.0000e+00,
        0.0000e+00, 0.0000e+00, 0.0000e+00, 6.6667e-04])
[2026-06-26 10:25:38,078][root][INFO] - Epoch: 34 | train acc: 0.9428, train loss: 32.63826046, valid acc: 0.9218, valid loss: 0.35555526, test acc: 0.9259, test loss: 0.28869914
[2026-06-26 10:25:43,808][root][INFO] - reg loss: 4.054186402626757, entropy loss: 0.15865448693621834, leaf dev: 0.247781440615654
[2026-06-26 10:25:43,809][root][INFO] - Val leaf stats: tensor([0.0000e+00, 0.0000e+00, 0.0000e+00, 0.0000e+00, 0.0000e+00, 0.0000e+00,
        0.0000e+00, 0.0000e+00, 2.8333e-03, 9.9167e-01, 4.8333e-03, 0.0000e+00,
        0.0000e+00, 0.0000e+00, 0.0000e+00, 6.6667e-04])
[2026-06-26 10:26:21,854][root][INFO] - Epoch: 35 | train acc: 0.9441, train loss: 32.64731875, valid acc: 0.9197, valid loss: 0.36158645, test acc: 0.9257, test loss: 0.31206026
[2026-06-26 10:26:27,483][root][INFO] - reg loss: 4.055546180257258, entropy loss: 0.15883446625381145, leaf dev: 0.24764905869960785
[2026-06-26 10:26:27,484][root][INFO] - Val leaf stats: tensor([0.0000e+00, 0.0000e+00, 0.0000e+00, 0.0000e+00, 0.0000e+00, 0.0000e+00,
        0.0000e+00, 0.0000e+00, 2.6667e-03, 9.9117e-01, 5.6667e-03, 0.0000e+00,
        0.0000e+00, 0.0000e+00, 0.0000e+00, 5.0000e-04])
[2026-06-26 10:27:05,849][root][INFO] - Epoch: 36 | train acc: 0.9440, train loss: 32.68070516, valid acc: 0.9210, valid loss: 0.35821333, test acc: 0.9254, test loss: 0.30475342
[2026-06-26 10:27:11,448][root][INFO] - reg loss: 4.060008975694764, entropy loss: 0.1590218372502417, leaf dev: 0.24764882028102875
[2026-06-26 10:27:11,449][root][INFO] - Val leaf stats: tensor([0.0000e+00, 0.0000e+00, 0.0000e+00, 0.0000e+00, 0.0000e+00, 0.0000e+00,
        0.0000e+00, 0.0000e+00, 3.0000e-03, 9.9117e-01, 5.3333e-03, 0.0000e+00,
        0.0000e+00, 0.0000e+00, 0.0000e+00, 5.0000e-04])
[2026-06-26 10:27:49,814][root][INFO] - Epoch: 37 | train acc: 0.9449, train loss: 32.67308469, valid acc: 0.9187, valid loss: 0.36050348, test acc: 0.9269, test loss: 0.31371242
[2026-06-26 10:27:55,073][root][INFO] - reg loss: 4.059393320443495, entropy loss: 0.15841274272720768, leaf dev: 0.24733902513980865
[2026-06-26 10:27:55,074][root][INFO] - Val leaf stats: tensor([0.0000e+00, 0.0000e+00, 0.0000e+00, 0.0000e+00, 0.0000e+00, 0.0000e+00,
        0.0000e+00, 0.0000e+00, 2.8333e-03, 9.9000e-01, 6.3333e-03, 0.0000e+00,
        0.0000e+00, 0.0000e+00, 0.0000e+00, 8.3333e-04])
[2026-06-26 10:28:34,697][root][INFO] - Epoch: 38 | train acc: 0.9458, train loss: 32.70884222, valid acc: 0.9218, valid loss: 0.33475611, test acc: 0.9263, test loss: 0.29960658
[2026-06-26 10:28:39,644][root][INFO] - reg loss: 4.063588254856613, entropy loss: 0.15796536572699277, leaf dev: 0.24716082215309143
[2026-06-26 10:28:39,645][root][INFO] - Val leaf stats: tensor([0.0000, 0.0000, 0.0000, 0.0000, 0.0000, 0.0000, 0.0000, 0.0000, 0.0045,
        0.9893, 0.0050, 0.0000, 0.0000, 0.0000, 0.0000, 0.0012])
[2026-06-26 10:29:19,265][root][INFO] - Epoch: 39 | train acc: 0.9418, train loss: 33.45167934, valid acc: 0.9208, valid loss: 0.33948765, test acc: 0.9248, test loss: 0.30401848
[2026-06-26 10:29:24,478][root][INFO] - reg loss: 4.1420448456170424, entropy loss: 0.16200052876517457, leaf dev: 0.23962841928005219
[2026-06-26 10:29:24,479][root][INFO] - Val leaf stats: tensor([0.0000, 0.0000, 0.0000, 0.0000, 0.0000, 0.0000, 0.0000, 0.0000, 0.0300,
        0.9607, 0.0058, 0.0000, 0.0000, 0.0000, 0.0000, 0.0035])
[2026-06-26 10:30:02,874][root][INFO] - Epoch: 40 | train acc: 0.9451, train loss: 33.30881713, valid acc: 0.9232, valid loss: 0.34213618, test acc: 0.9284, test loss: 0.32623693
[2026-06-26 10:30:07,940][root][INFO] - reg loss: 4.138226221192558, entropy loss: 0.16064519983417583, leaf dev: 0.24009378254413605
[2026-06-26 10:30:07,941][root][INFO] - Val leaf stats: tensor([0.0000, 0.0000, 0.0000, 0.0000, 0.0000, 0.0000, 0.0000, 0.0000, 0.0263,
        0.9625, 0.0082, 0.0000, 0.0000, 0.0000, 0.0000, 0.0030])
[2026-06-26 10:30:47,049][root][INFO] - Epoch: 41 | train acc: 0.9463, train loss: 33.25511069, valid acc: 0.9262, valid loss: 0.32272779, test acc: 0.9289, test loss: 0.30948288
[2026-06-26 10:30:52,278][root][INFO] - reg loss: 4.132704640334508, entropy loss: 0.15849023270157148, leaf dev: 0.24066196382045746
[2026-06-26 10:30:52,279][root][INFO] - Val leaf stats: tensor([0.0000, 0.0000, 0.0000, 0.0000, 0.0000, 0.0000, 0.0000, 0.0000, 0.0250,
        0.9647, 0.0077, 0.0000, 0.0000, 0.0000, 0.0000, 0.0027])
[2026-06-26 10:31:31,743][root][INFO] - Epoch: 42 | train acc: 0.9471, train loss: 33.20325963, valid acc: 0.9225, valid loss: 0.33863707, test acc: 0.9275, test loss: 0.32256009
[2026-06-26 10:31:36,977][root][INFO] - reg loss: 4.126797077790746, entropy loss: 0.15644892080212539, leaf dev: 0.2415778487920761
[2026-06-26 10:31:36,978][root][INFO] - Val leaf stats: tensor([0.0000, 0.0000, 0.0000, 0.0000, 0.0000, 0.0000, 0.0000, 0.0000, 0.0218,
        0.9682, 0.0085, 0.0000, 0.0000, 0.0000, 0.0000, 0.0015])
[2026-06-26 10:32:15,898][root][INFO] - Epoch: 43 | train acc: 0.9464, train loss: 33.12345397, valid acc: 0.9260, valid loss: 0.31744375, test acc: 0.9278, test loss: 0.28951248
[2026-06-26 10:32:21,413][root][INFO] - reg loss: 4.11641486635748, entropy loss: 0.15528337221662952, leaf dev: 0.24223767220973969
[2026-06-26 10:32:21,414][root][INFO] - Val leaf stats: tensor([0.0000e+00, 0.0000e+00, 0.0000e+00, 0.0000e+00, 0.0000e+00, 0.0000e+00,
        0.0000e+00, 0.0000e+00, 2.0500e-02, 9.7067e-01, 8.5000e-03, 0.0000e+00,
        0.0000e+00, 0.0000e+00, 0.0000e+00, 3.3333e-04])
[2026-06-26 10:33:01,145][root][INFO] - Epoch: 44 | train acc: 0.9451, train loss: 33.01313908, valid acc: 0.9247, valid loss: 0.31088948, test acc: 0.9273, test loss: 0.28441114
[2026-06-26 10:33:06,388][root][INFO] - reg loss: 4.102216131282303, entropy loss: 0.15481721483311564, leaf dev: 0.2428923398256302
[2026-06-26 10:33:06,389][root][INFO] - Val leaf stats: tensor([0.0000e+00, 0.0000e+00, 0.0000e+00, 0.0000e+00, 0.0000e+00, 0.0000e+00,
        0.0000e+00, 0.0000e+00, 1.8167e-02, 9.7317e-01, 8.1667e-03, 0.0000e+00,
        0.0000e+00, 0.0000e+00, 0.0000e+00, 5.0000e-04])
[2026-06-26 10:33:44,557][root][INFO] - Epoch: 45 | train acc: 0.9457, train loss: 32.98298919, valid acc: 0.9257, valid loss: 0.30839100, test acc: 0.9278, test loss: 0.26690417
[2026-06-26 10:33:50,005][root][INFO] - reg loss: 4.098284096088049, entropy loss: 0.155717448524709, leaf dev: 0.2450544834136963
[2026-06-26 10:33:50,006][root][INFO] - Val leaf stats: tensor([0.0000e+00, 0.0000e+00, 0.0000e+00, 0.0000e+00, 0.0000e+00, 0.0000e+00,
        0.0000e+00, 0.0000e+00, 1.6000e-02, 9.8133e-01, 2.0000e-03, 0.0000e+00,
        0.0000e+00, 0.0000e+00, 0.0000e+00, 6.6667e-04])
[2026-06-26 10:34:28,230][root][INFO] - Epoch: 46 | train acc: 0.9442, train loss: 32.91002461, valid acc: 0.9263, valid loss: 0.30598195, test acc: 0.9292, test loss: 0.26417714
[2026-06-26 10:34:33,418][root][INFO] - reg loss: 4.088596987274458, entropy loss: 0.15546128842628226, leaf dev: 0.2450958788394928
[2026-06-26 10:34:33,419][root][INFO] - Val leaf stats: tensor([0.0000e+00, 0.0000e+00, 0.0000e+00, 0.0000e+00, 0.0000e+00, 0.0000e+00,
        0.0000e+00, 0.0000e+00, 1.5167e-02, 9.8150e-01, 2.6667e-03, 0.0000e+00,
        0.0000e+00, 0.0000e+00, 0.0000e+00, 6.6667e-04])
[2026-06-26 10:35:12,759][root][INFO] - Epoch: 47 | train acc: 0.9449, train loss: 32.88199767, valid acc: 0.9247, valid loss: 0.31772531, test acc: 0.9264, test loss: 0.27510593
[2026-06-26 10:35:17,934][root][INFO] - reg loss: 4.085919812040509, entropy loss: 0.1565509929128413, leaf dev: 0.24270948767662048
[2026-06-26 10:35:17,935][root][INFO] - Val leaf stats: tensor([0.0000e+00, 0.0000e+00, 0.0000e+00, 0.0000e+00, 0.0000e+00, 0.0000e+00,
        0.0000e+00, 0.0000e+00, 1.4333e-02, 9.7250e-01, 1.2500e-02, 0.0000e+00,
        0.0000e+00, 0.0000e+00, 0.0000e+00, 6.6667e-04])
[2026-06-26 10:35:56,247][root][INFO] - Epoch: 48 | train acc: 0.9469, train loss: 32.94276032, valid acc: 0.9252, valid loss: 0.30847410, test acc: 0.9291, test loss: 0.28394433
[2026-06-26 10:36:01,505][root][INFO] - reg loss: 4.094012741772634, entropy loss: 0.15747285001682784, leaf dev: 0.2430606186389923
[2026-06-26 10:36:01,506][root][INFO] - Val leaf stats: tensor([0.0000e+00, 0.0000e+00, 0.0000e+00, 0.0000e+00, 0.0000e+00, 0.0000e+00,
        0.0000e+00, 0.0000e+00, 1.2667e-02, 9.7383e-01, 1.2833e-02, 0.0000e+00,
        0.0000e+00, 0.0000e+00, 0.0000e+00, 6.6667e-04])
[2026-06-26 10:36:39,993][root][INFO] - Epoch: 49 | train acc: 0.9474, train loss: 32.92848735, valid acc: 0.9248, valid loss: 0.31063292, test acc: 0.9275, test loss: 0.29258941
[2026-06-26 10:36:45,221][root][INFO] - reg loss: 4.09221976208237, entropy loss: 0.15713539593062312, leaf dev: 0.2432803511619568
[2026-06-26 10:36:45,222][root][INFO] - Val leaf stats: tensor([0.0000e+00, 0.0000e+00, 0.0000e+00, 0.0000e+00, 0.0000e+00, 0.0000e+00,
        0.0000e+00, 0.0000e+00, 1.2000e-02, 9.7467e-01, 1.2667e-02, 0.0000e+00,
        0.0000e+00, 0.0000e+00, 0.0000e+00, 6.6667e-04])
[2026-06-26 10:36:50,405][root][INFO] - Val leaf stats: tensor([0.0000e+00, 0.0000e+00, 0.0000e+00, 0.0000e+00, 0.0000e+00, 0.0000e+00,
        0.0000e+00, 0.0000e+00, 1.2000e-02, 9.7467e-01, 1.2667e-02, 0.0000e+00,
        0.0000e+00, 0.0000e+00, 0.0000e+00, 6.6667e-04])
[2026-06-26 10:36:57,266][root][INFO] - Test leaf std: 0.2438923567533493, Val leaf std: 0.2432803511619568
[2026-06-26 10:36:59,347][root][INFO] - MLFlow server is starting on LOCAL with experiment APL_MNIST_std_seeded...
[2026-06-26 10:36:59,539][root][INFO] - MLFlow run ID: bf42b1097d3944df8f8b9ddcefc942f6, status: RUNNING
[2026-06-26 10:36:59,641][root][INFO] - Starting experiment IATrain...
[2026-06-26 10:37:03,993][root][INFO] - FINAL TEST | acc: 0.9275, loss: 0.2926, 
[2026-06-26 10:37:04,206][root][INFO] - MLFlow run ID: 13702d17b121465abbfd91528fed172a, status: FINISHED
[2026-06-26 10:37:08,787][root][INFO] - MLFlow server is starting on LOCAL with experiment STM_MNIST_std_seeded...
[2026-06-26 10:37:08,902][root][INFO] - MLFlow run ID: 5254c6a39108499f92ab0e505b67a4cc, status: RUNNING
[2026-06-26 10:37:09,021][root][INFO] - Starting experiment IATrain...
[2026-06-26 10:37:12,932][root][INFO] - MLFlow server is starting on LOCAL with experiment APL_MNIST_std_seeded...
[2026-06-26 10:37:12,963][root][INFO] - MLFlow server is starting on LOCAL with experiment STM_MNIST_std_seeded...
[2026-06-26 10:37:13,070][root][INFO] - MLFlow run ID: 7c03f6571e014f54b0136b87199ea9ba, status: RUNNING
[2026-06-26 10:37:13,113][root][INFO] - MLFlow run ID: aa80948f00b741d8ab743e48f3c7e077, status: RUNNING
[2026-06-26 10:37:13,217][root][INFO] - Starting experiment IATrain...
[2026-06-26 10:37:13,243][root][INFO] - Starting experiment IATrain...
[2026-06-26 10:37:14,985][root][INFO] - MLFlow server is starting on LOCAL with experiment APL_MNIST_std_seeded...
[2026-06-26 10:37:15,148][root][INFO] - MLFlow run ID: d378727ccd0c4192a18036bb2cbbfc9f, status: RUNNING
[2026-06-26 10:37:15,358][root][INFO] - Starting experiment IATrain...
[2026-06-26 10:37:19,543][root][INFO] - MLFlow server is starting on LOCAL with experiment STM_MNIST_std_seeded...
[2026-06-26 10:37:19,665][root][INFO] - MLFlow run ID: f27e9d443ed44e4081c558c830591df4, status: RUNNING
[2026-06-26 10:37:19,827][root][INFO] - Starting experiment IATrain...
[2026-06-26 10:37:26,526][root][INFO] - MLFlow server is starting on LOCAL with experiment APL_MNIST_std_seeded...
[2026-06-26 10:37:26,661][root][INFO] - MLFlow run ID: 6ab32ac9ed2e4f3a88341febe37f8da6, status: RUNNING
[2026-06-26 10:37:26,772][root][INFO] - Starting experiment IATrain...
[2026-06-26 10:37:27,587][root][INFO] - MLFlow server is starting on LOCAL with experiment STM_MNIST_std_seeded...
[2026-06-26 10:37:27,689][root][INFO] - MLFlow run ID: cb5b7bc099f54b6ba57eed4a8dae8b33, status: RUNNING
[2026-06-26 10:37:27,767][root][INFO] - Starting experiment IATrain...
[2026-06-26 10:37:28,611][root][INFO] - MLFlow server is starting on LOCAL with experiment STM_MNIST_std_seeded...
[2026-06-26 10:37:28,792][root][INFO] - MLFlow run ID: 6e0a6291e54e482e9d87843234b0197b, status: RUNNING
[2026-06-26 10:37:28,865][root][INFO] - Starting experiment IATrain...
[2026-06-26 10:37:32,595][root][INFO] - Epoch: 0 | train acc: 0.7562, train loss: 11.33286837, valid acc: 0.8848, valid loss: 0.42724841, test acc: 0.8888, test loss: 0.41454511
[2026-06-26 10:37:33,427][root][INFO] - MLFlow server is starting on LOCAL with experiment STM_MNIST_std_seeded...
[2026-06-26 10:37:33,571][root][INFO] - MLFlow run ID: a1908d30d36d486e8b5075b297b4495a, status: RUNNING
[2026-06-26 10:37:33,651][root][INFO] - Starting experiment IATrain...
[2026-06-26 10:37:34,487][root][INFO] - MLFlow server is starting on LOCAL with experiment STM_MNIST_std_seeded...
[2026-06-26 10:37:34,645][root][INFO] - MLFlow run ID: 19be3a15856c4180bdbe011e70f109c5, status: RUNNING
[2026-06-26 10:37:34,759][root][INFO] - Starting experiment IATrain...
[2026-06-26 10:37:37,373][root][INFO] - reg loss: 5.213140208766146, entropy loss: 0.24196928106951263, leaf dev: 0.25
[2026-06-26 10:37:37,374][root][INFO] - Val leaf stats: tensor([0., 0., 0., 0., 0., 0., 0., 0., 0., 1., 0., 0., 0., 0., 0., 0.])
[2026-06-26 10:37:37,535][root][INFO] - MLFlow server is starting on LOCAL with experiment STM_MNIST_std_seeded...
[2026-06-26 10:37:37,651][root][INFO] - MLFlow run ID: 23f413792e6f47e2ae311efa272df81a, status: RUNNING
[2026-06-26 10:37:37,734][root][INFO] - Starting experiment IATrain...
[2026-06-26 10:37:41,939][root][INFO] - Epoch: 0 | train acc: 0.6265, train loss: 22.52798638, valid acc: 0.8307, valid loss: 0.65532885, test acc: 0.8294, test loss: 0.64697313
[2026-06-26 10:37:44,035][root][INFO] - MLFlow server is starting on LOCAL with experiment APL_MNIST_std_seeded...
[2026-06-26 10:37:44,091][root][INFO] - MLFlow server is starting on LOCAL with experiment APL_MNIST_std_seeded...
[2026-06-26 10:37:44,151][root][INFO] - MLFlow run ID: 4e2ff80a8efa47b6a42516b52787fb85, status: RUNNING
[2026-06-26 10:37:44,242][root][INFO] - Starting experiment IATrain...
[2026-06-26 10:37:44,269][root][INFO] - MLFlow run ID: dd162cc0293d4c05ad9d3e3270425b20, status: RUNNING
[2026-06-26 10:37:44,406][root][INFO] - Starting experiment IATrain...
[2026-06-26 10:37:44,975][root][INFO] - Epoch: 0 | train acc: 0.7453, train loss: 11.63615872, valid acc: 0.8765, valid loss: 0.44604076, test acc: 0.8865, test loss: 0.42662914
[2026-06-26 10:37:45,084][root][INFO] - MLFlow server is starting on LOCAL with experiment APL_MNIST_std_seeded...
[2026-06-26 10:37:45,099][root][INFO] - MLFlow server is starting on LOCAL with experiment APL_MNIST_std_seeded...
[2026-06-26 10:37:45,107][root][INFO] - MLFlow server is starting on LOCAL with experiment APL_MNIST_std_seeded...
[2026-06-26 10:37:45,154][root][INFO] - MLFlow run ID: 80f3a2e6256340b5963d833f98ce37ad, status: RUNNING
[2026-06-26 10:37:45,190][root][INFO] - MLFlow run ID: ef8fd05cea8d4df3aa041666c8747073, status: RUNNING
[2026-06-26 10:37:45,256][root][INFO] - Starting experiment IATrain...
[2026-06-26 10:37:45,239][root][INFO] - MLFlow run ID: 3546fd86c1a543728f4067e33954b66e, status: RUNNING
[2026-06-26 10:37:45,286][root][INFO] - Starting experiment IATrain...
[2026-06-26 10:37:45,347][root][INFO] - Starting experiment IATrain...
[2026-06-26 10:37:46,566][root][INFO] - reg loss: 5.332428968177651, entropy loss: 0.2672096510540764, leaf dev: 0.25
[2026-06-26 10:37:46,567][root][INFO] - Val leaf stats: tensor([0., 0., 1., 0., 0., 0., 0., 0., 0., 0., 0., 0., 0., 0., 0., 0.])
[2026-06-26 10:37:47,682][root][INFO] - Epoch: 0 | train acc: 0.6258, train loss: 43.85410356, valid acc: 0.8310, valid loss: 0.65552375, test acc: 0.8296, test loss: 0.64715530
[2026-06-26 10:37:47,685][root][INFO] - Epoch: 0 | train acc: 0.7494, train loss: 0.83452815, valid acc: 0.8517, valid loss: 0.49453650, test acc: 0.8640, test loss: 0.46126523
[2026-06-26 10:37:48,147][root][INFO] - MLFlow server is starting on LOCAL with experiment APL_MNIST_std_seeded...
[2026-06-26 10:37:48,292][root][INFO] - MLFlow run ID: 2724bc1329d04f1aaea8d16bd3cc84fa, status: RUNNING
[2026-06-26 10:37:48,427][root][INFO] - Starting experiment IATrain...
[2026-06-26 10:37:49,113][root][INFO] - reg loss: 5.34288286263088, entropy loss: 0.27269808807463014, leaf dev: 0.25
[2026-06-26 10:37:49,114][root][INFO] - Val leaf stats: tensor([0., 0., 1., 0., 0., 0., 0., 0., 0., 0., 0., 0., 0., 0., 0., 0.])
[2026-06-26 10:37:50,224][root][INFO] - MLFlow server is starting on LOCAL with experiment STM_MNIST_std_seeded...
[2026-06-26 10:37:50,228][root][INFO] - MLFlow server is starting on LOCAL with experiment STM_MNIST_std_seeded...
[2026-06-26 10:37:50,358][root][INFO] - MLFlow run ID: da8fa280fd79462eb7dc5aae02565403, status: RUNNING
[2026-06-26 10:37:50,409][root][INFO] - MLFlow run ID: 19d2e47de7ea4b9aa4372c880d436123, status: RUNNING
[2026-06-26 10:37:50,527][root][INFO] - Starting experiment IATrain...
[2026-06-26 10:37:50,536][root][INFO] - Starting experiment IATrain...
[2026-06-26 10:37:51,239][root][INFO] - MLFlow server is starting on LOCAL with experiment APL_MNIST_std_seeded...
[2026-06-26 10:37:51,263][root][INFO] - MLFlow server is starting on LOCAL with experiment STM_MNIST_std_seeded...
[2026-06-26 10:37:51,421][root][INFO] - MLFlow run ID: e7f2488e26614ef680f98fd248b1c106, status: RUNNING
[2026-06-26 10:37:51,465][root][INFO] - MLFlow run ID: 4168c492446f4b30b49b43796e0cfdd0, status: RUNNING
[2026-06-26 10:37:51,548][root][INFO] - Starting experiment IATrain...
[2026-06-26 10:37:51,619][root][INFO] - Starting experiment IATrain...
[2026-06-26 10:37:52,687][root][INFO] - reg loss: 5.331919139286257, entropy loss: 0.26682127000025985, leaf dev: 0.25
[2026-06-26 10:37:52,689][root][INFO] - Val leaf stats: tensor([0., 0., 1., 0., 0., 0., 0., 0., 0., 0., 0., 0., 0., 0., 0., 0.])
[2026-06-26 10:37:53,121][root][INFO] - reg loss: 19.24911526913913, entropy loss: 0.5905889969951702, leaf dev: 0.08569172024726868
[2026-06-26 10:37:53,123][root][INFO] - Val leaf stats: tensor([2.6667e-03, 0.0000e+00, 0.0000e+00, 1.3500e-02, 2.2950e-01, 8.3667e-02,
        0.0000e+00, 6.6667e-04, 1.6667e-04, 1.6667e-04, 8.5500e-02, 2.0567e-01,
        1.5000e-02, 2.2483e-01, 3.2000e-02, 1.0667e-01])
[2026-06-26 10:37:53,467][root][INFO] - Epoch: 0 | train acc: 0.5284, train loss: 11.92664588, valid acc: 0.7118, valid loss: 0.91539180, test acc: 0.7148, test loss: 0.91029254
[2026-06-26 10:37:59,259][root][INFO] - reg loss: 5.236726495454896, entropy loss: 0.24449741573266262, leaf dev: 0.24924494326114655
[2026-06-26 10:37:59,260][root][INFO] - Val leaf stats: tensor([0.0000e+00, 0.0000e+00, 0.0000e+00, 0.0000e+00, 0.0000e+00, 0.0000e+00,
        0.0000e+00, 1.6667e-04, 3.3333e-04, 9.9717e-01, 0.0000e+00, 0.0000e+00,
        3.3333e-04, 0.0000e+00, 0.0000e+00, 2.0000e-03])
[2026-06-26 10:38:00,413][root][INFO] - Epoch: 0 | train acc: 0.7587, train loss: 0.82701579, valid acc: 0.8530, valid loss: 0.47277989, test acc: 0.8604, test loss: 0.45876076
[2026-06-26 10:38:03,625][root][INFO] - Epoch: 0 | train acc: 0.6273, train loss: 4.57013426, valid acc: 0.8192, valid loss: 0.65645508, test acc: 0.8159, test loss: 0.66243670
[2026-06-26 10:38:04,062][root][INFO] - Epoch: 0 | train acc: 0.6655, train loss: 4.26506452, valid acc: 0.8118, valid loss: 0.65232872, test acc: 0.8162, test loss: 0.65049703
[2026-06-26 10:38:06,110][root][INFO] - reg loss: 15.254315196343189, entropy loss: 0.5391176455425766, leaf dev: 0.10220012813806534
[2026-06-26 10:38:06,111][root][INFO] - Val leaf stats: tensor([0.0075, 0.0097, 0.0158, 0.0113, 0.1260, 0.1512, 0.0000, 0.0000, 0.0053,
        0.3302, 0.0000, 0.0000, 0.2493, 0.0933, 0.0000, 0.0003])
[2026-06-26 10:38:09,221][root][INFO] - reg loss: 6.760500835922529, entropy loss: 0.27481708085199574, leaf dev: 0.17777004837989807
[2026-06-26 10:38:09,222][root][INFO] - Val leaf stats: tensor([0.0000, 0.0000, 0.0000, 0.0000, 0.0000, 0.0000, 0.1098, 0.1918, 0.0000,
        0.6983, 0.0000, 0.0000, 0.0000, 0.0000, 0.0000, 0.0000])
[2026-06-26 10:38:09,262][root][INFO] - Epoch: 0 | train acc: 0.6279, train loss: 6.56606725, valid acc: 0.8307, valid loss: 0.65809559, test acc: 0.8281, test loss: 0.64786975
[2026-06-26 10:38:09,688][root][INFO] - reg loss: 6.363410994691669, entropy loss: 0.2896032563920291, leaf dev: 0.19747142493724823
[2026-06-26 10:38:09,689][root][INFO] - Val leaf stats: tensor([0.0000, 0.0000, 0.7715, 0.2285, 0.0000, 0.0000, 0.0000, 0.0000, 0.0000,
        0.0000, 0.0000, 0.0000, 0.0000, 0.0000, 0.0000, 0.0000])
[2026-06-26 10:38:11,805][root][INFO] - Epoch: 0 | train acc: 0.6966, train loss: 1.01652955, valid acc: 0.7955, valid loss: 0.69657530, test acc: 0.7929, test loss: 0.69657762
[2026-06-26 10:38:14,090][root][INFO] - Epoch: 1 | train acc: 0.8969, train loss: 8.46586201, valid acc: 0.9078, valid loss: 0.32262523, test acc: 0.9116, test loss: 0.31328715
[2026-06-26 10:38:14,558][root][INFO] - reg loss: 5.370264210790958, entropy loss: 0.26749846409514266, leaf dev: 0.24986669421195984
[2026-06-26 10:38:14,559][root][INFO] - Val leaf stats: tensor([0.0000e+00, 0.0000e+00, 9.9950e-01, 5.0000e-04, 0.0000e+00, 0.0000e+00,
        0.0000e+00, 0.0000e+00, 0.0000e+00, 0.0000e+00, 0.0000e+00, 0.0000e+00,
        0.0000e+00, 0.0000e+00, 0.0000e+00, 0.0000e+00])
[2026-06-26 10:38:15,379][root][INFO] - Epoch: 0 | train acc: 0.5251, train loss: 22.25997120, valid acc: 0.7098, valid loss: 0.91359046, test acc: 0.7112, test loss: 0.90338302
[2026-06-26 10:38:16,996][root][INFO] - reg loss: 17.62898414539841, entropy loss: 0.575535664018595, leaf dev: 0.10310744494199753
[2026-06-26 10:38:16,997][root][INFO] - Val leaf stats: tensor([0.0000, 0.0000, 0.0083, 0.0233, 0.0138, 0.0047, 0.0012, 0.0702, 0.2118,
        0.0000, 0.3855, 0.0007, 0.0873, 0.0927, 0.0773, 0.0232])
[2026-06-26 10:38:18,859][root][INFO] - reg loss: 4.051016168774299, entropy loss: 0.19067059035571116, leaf dev: 0.25
[2026-06-26 10:38:18,860][root][INFO] - Val leaf stats: tensor([0., 0., 0., 0., 0., 0., 0., 0., 0., 1., 0., 0., 0., 0., 0., 0.])
[2026-06-26 10:38:20,113][root][INFO] - reg loss: 5.200633444876041, entropy loss: 0.23002312051237755, leaf dev: 0.25
[2026-06-26 10:38:20,114][root][INFO] - Val leaf stats: tensor([0., 0., 0., 0., 0., 0., 0., 0., 0., 1., 0., 0., 0., 0., 0., 0.])
[2026-06-26 10:38:22,017][root][INFO] - Epoch: 0 | train acc: 0.7571, train loss: 3.55794431, valid acc: 0.8828, valid loss: 0.42749588, test acc: 0.8871, test loss: 0.41590562
[2026-06-26 10:38:22,198][root][INFO] - Epoch: 0 | train acc: 0.7461, train loss: 22.34205818, valid acc: 0.8770, valid loss: 0.44522140, test acc: 0.8871, test loss: 0.42552025
[2026-06-26 10:38:22,643][root][INFO] - Epoch: 0 | train acc: 0.7462, train loss: 44.11905407, valid acc: 0.8772, valid loss: 0.44546805, test acc: 0.8870, test loss: 0.42606913
[2026-06-26 10:38:23,265][root][INFO] - Epoch: 0 | train acc: 0.7559, train loss: 4.12366423, valid acc: 0.8683, valid loss: 0.47652117, test acc: 0.8790, test loss: 0.44789682
[2026-06-26 10:38:23,348][root][INFO] - Epoch: 0 | train acc: 0.7564, train loss: 42.61492405, valid acc: 0.8842, valid loss: 0.42717228, test acc: 0.8890, test loss: 0.41399253
[2026-06-26 10:38:25,241][root][INFO] - Epoch: 1 | train acc: 0.8579, train loss: 16.90825484, valid acc: 0.8737, valid loss: 0.46255754, test acc: 0.8718, test loss: 0.46123932
[2026-06-26 10:38:26,358][root][INFO] - Epoch: 0 | train acc: 0.7568, train loss: 6.14038894, valid acc: 0.8832, valid loss: 0.42909234, test acc: 0.8875, test loss: 0.41597269
[2026-06-26 10:38:27,321][root][INFO] - reg loss: 5.30966047071061, entropy loss: 0.2538523222759085, leaf dev: 0.24288974702358246
[2026-06-26 10:38:27,322][root][INFO] - Val leaf stats: tensor([0.0000e+00, 0.0000e+00, 0.0000e+00, 0.0000e+00, 0.0000e+00, 0.0000e+00,
        5.0000e-04, 2.6500e-02, 0.0000e+00, 9.7300e-01, 0.0000e+00, 0.0000e+00,
        0.0000e+00, 0.0000e+00, 0.0000e+00, 0.0000e+00])
[2026-06-26 10:38:27,387][root][INFO] - reg loss: 5.3481645854014275, entropy loss: 0.2725083735191597, leaf dev: 0.25
[2026-06-26 10:38:27,388][root][INFO] - Val leaf stats: tensor([0., 0., 1., 0., 0., 0., 0., 0., 0., 0., 0., 0., 0., 0., 0., 0.])
[2026-06-26 10:38:28,020][root][INFO] - reg loss: 5.396232312580325, entropy loss: 0.2669402283598792, leaf dev: 0.25
[2026-06-26 10:38:28,021][root][INFO] - Val leaf stats: tensor([0., 0., 1., 0., 0., 0., 0., 0., 0., 0., 0., 0., 0., 0., 0., 0.])
[2026-06-26 10:38:28,493][root][INFO] - reg loss: 6.496272123084878, entropy loss: 0.29803078860606785, leaf dev: 0.17081774771213531
[2026-06-26 10:38:28,494][root][INFO] - Val leaf stats: tensor([0.0000, 0.0000, 0.5095, 0.0000, 0.4905, 0.0000, 0.0000, 0.0000, 0.0000,
        0.0000, 0.0000, 0.0000, 0.0000, 0.0000, 0.0000, 0.0000])
[2026-06-26 10:38:28,777][root][INFO] - reg loss: 5.213567157961288, entropy loss: 0.24200727495382418, leaf dev: 0.25
[2026-06-26 10:38:28,778][root][INFO] - Val leaf stats: tensor([0., 0., 0., 0., 0., 0., 0., 0., 0., 1., 0., 0., 0., 0., 0., 0.])
[2026-06-26 10:38:29,682][root][INFO] - Epoch: 0 | train acc: 0.6830, train loss: 1.02851127, valid acc: 0.8227, valid loss: 0.58748959, test acc: 0.8327, test loss: 0.57218337
[2026-06-26 10:38:29,695][root][INFO] - Epoch: 1 | train acc: 0.8977, train loss: 8.53185793, valid acc: 0.9000, valid loss: 0.33110189, test acc: 0.9113, test loss: 0.31692770
[2026-06-26 10:38:30,290][root][INFO] - Epoch: 0 | train acc: 0.6268, train loss: 11.90127590, valid acc: 0.8312, valid loss: 0.65560665, test acc: 0.8288, test loss: 0.64741175
[2026-06-26 10:38:30,328][root][INFO] - reg loss: 4.0946257789179965, entropy loss: 0.21448085428971164, leaf dev: 0.25
[2026-06-26 10:38:30,329][root][INFO] - Val leaf stats: tensor([0., 0., 1., 0., 0., 0., 0., 0., 0., 0., 0., 0., 0., 0., 0., 0.])
[2026-06-26 10:38:30,437][root][INFO] - Epoch: 0 | train acc: 0.7468, train loss: 6.36659977, valid acc: 0.8767, valid loss: 0.44066622, test acc: 0.8865, test loss: 0.42003738
[2026-06-26 10:38:30,969][root][INFO] - Epoch: 1 | train acc: 0.8578, train loss: 33.28678545, valid acc: 0.8737, valid loss: 0.46260803, test acc: 0.8718, test loss: 0.46130140
[2026-06-26 10:38:31,165][root][INFO] - Epoch: 0 | train acc: 0.5764, train loss: 6.87157950, valid acc: 0.7953, valid loss: 0.76959308, test acc: 0.7921, test loss: 0.76106319
[2026-06-26 10:38:31,959][root][INFO] - reg loss: 5.235019009068327, entropy loss: 0.24540519939278657, leaf dev: 0.25
[2026-06-26 10:38:31,960][root][INFO] - Val leaf stats: tensor([0., 0., 0., 0., 0., 0., 0., 0., 0., 1., 0., 0., 0., 0., 0., 0.])
[2026-06-26 10:38:34,008][root][INFO] - Epoch: 1 | train acc: 0.9011, train loss: 0.34695652, valid acc: 0.9085, valid loss: 0.30706780, test acc: 0.9192, test loss: 0.28367423
[2026-06-26 10:38:34,618][root][INFO] - reg loss: 4.08268619483372, entropy loss: 0.21963833567668806, leaf dev: 0.25
[2026-06-26 10:38:34,620][root][INFO] - Val leaf stats: tensor([0., 0., 1., 0., 0., 0., 0., 0., 0., 0., 0., 0., 0., 0., 0., 0.])
[2026-06-26 10:38:34,701][root][INFO] - reg loss: 17.19549227660557, entropy loss: 0.5762986968148429, leaf dev: 0.08517792075872421
[2026-06-26 10:38:34,702][root][INFO] - Val leaf stats: tensor([2.1667e-03, 0.0000e+00, 1.1567e-01, 7.3333e-03, 2.0167e-02, 4.8667e-02,
        2.5667e-02, 0.0000e+00, 1.6933e-01, 1.1483e-01, 0.0000e+00, 1.8500e-02,
        3.8333e-03, 2.3133e-01, 1.6667e-04, 2.4233e-01])
[2026-06-26 10:38:35,793][root][INFO] - reg loss: 5.424529075622559, entropy loss: 0.292319877108313, leaf dev: 0.2496446669101715
[2026-06-26 10:38:35,794][root][INFO] - Val leaf stats: tensor([0.0000, 0.0000, 0.9987, 0.0000, 0.0013, 0.0000, 0.0000, 0.0000, 0.0000,
        0.0000, 0.0000, 0.0000, 0.0000, 0.0000, 0.0000, 0.0000])
[2026-06-26 10:38:35,837][root][INFO] - reg loss: 5.351661799088964, entropy loss: 0.2642817345430266, leaf dev: 0.25
[2026-06-26 10:38:35,838][root][INFO] - Val leaf stats: tensor([0., 0., 1., 0., 0., 0., 0., 0., 0., 0., 0., 0., 0., 0., 0., 0.])
[2026-06-26 10:38:36,100][root][INFO] - reg loss: 5.516659723137909, entropy loss: 0.24884075291876523, leaf dev: 0.22197680175304413
[2026-06-26 10:38:36,101][root][INFO] - Val leaf stats: tensor([0.0000, 0.0000, 0.0000, 0.0000, 0.0000, 0.0000, 0.0000, 0.1117, 0.0000,
        0.8883, 0.0000, 0.0000, 0.0000, 0.0000, 0.0000, 0.0000])
[2026-06-26 10:38:36,161][root][INFO] - reg loss: 4.09459517586906, entropy loss: 0.21407889687227752, leaf dev: 0.25
[2026-06-26 10:38:36,162][root][INFO] - Val leaf stats: tensor([0., 0., 1., 0., 0., 0., 0., 0., 0., 0., 0., 0., 0., 0., 0., 0.])
[2026-06-26 10:38:37,641][root][INFO] - Epoch: 1 | train acc: 0.8427, train loss: 9.26702345, valid acc: 0.8788, valid loss: 0.45992698, test acc: 0.8806, test loss: 0.44189049
[2026-06-26 10:38:39,341][root][INFO] - reg loss: 12.006033879406047, entropy loss: 0.5208908325096346, leaf dev: 0.08229681849479675
[2026-06-26 10:38:39,342][root][INFO] - Val leaf stats: tensor([9.9500e-02, 1.3333e-02, 0.0000e+00, 0.0000e+00, 2.8233e-01, 5.4333e-02,
        0.0000e+00, 5.1667e-03, 0.0000e+00, 1.6667e-04, 1.1483e-01, 1.9000e-01,
        3.7500e-02, 1.3467e-01, 2.4833e-02, 4.3333e-02])
[2026-06-26 10:38:43,404][root][INFO] - reg loss: 4.338473176056484, entropy loss: 0.19809901278536274, leaf dev: 0.23543158173561096
[2026-06-26 10:38:43,405][root][INFO] - Val leaf stats: tensor([0.0000e+00, 0.0000e+00, 0.0000e+00, 0.0000e+00, 0.0000e+00, 0.0000e+00,
        0.0000e+00, 0.0000e+00, 0.0000e+00, 9.4383e-01, 0.0000e+00, 0.0000e+00,
        5.0000e-04, 0.0000e+00, 0.0000e+00, 5.5667e-02])
[2026-06-26 10:38:43,969][root][INFO] - Epoch: 1 | train acc: 0.8906, train loss: 0.37659086, valid acc: 0.8978, valid loss: 0.34010012, test acc: 0.9045, test loss: 0.33441430
[2026-06-26 10:38:48,377][root][INFO] - Epoch: 1 | train acc: 0.8396, train loss: 3.30888640, valid acc: 0.8772, valid loss: 0.44976994, test acc: 0.8744, test loss: 0.44718985
[2026-06-26 10:38:48,785][root][INFO] - Epoch: 1 | train acc: 0.8756, train loss: 2.87679002, valid acc: 0.8818, valid loss: 0.42690126, test acc: 0.8852, test loss: 0.41481420
[2026-06-26 10:38:49,750][root][INFO] - reg loss: 9.547357721148797, entropy loss: 0.48523822623603746, leaf dev: 0.12499574571847916
[2026-06-26 10:38:49,751][root][INFO] - Val leaf stats: tensor([2.8333e-03, 4.8333e-03, 1.5667e-02, 4.0000e-03, 6.6667e-02, 1.2783e-01,
        0.0000e+00, 0.0000e+00, 7.6667e-03, 4.8150e-01, 0.0000e+00, 0.0000e+00,
        1.7733e-01, 1.1150e-01, 1.6667e-04, 0.0000e+00])
[2026-06-26 10:38:54,047][root][INFO] - reg loss: 5.439782201119189, entropy loss: 0.22032106808334026, leaf dev: 0.18141640722751617
[2026-06-26 10:38:54,048][root][INFO] - Val leaf stats: tensor([0.0000, 0.0000, 0.0000, 0.0000, 0.0000, 0.0000, 0.1328, 0.1485, 0.0000,
        0.7187, 0.0000, 0.0000, 0.0000, 0.0000, 0.0000, 0.0000])
[2026-06-26 10:38:54,300][root][INFO] - reg loss: 4.818185896243689, entropy loss: 0.23091240620838022, leaf dev: 0.19313518702983856
[2026-06-26 10:38:54,301][root][INFO] - Val leaf stats: tensor([0.0000, 0.0000, 0.7470, 0.2530, 0.0000, 0.0000, 0.0000, 0.0000, 0.0000,
        0.0000, 0.0000, 0.0000, 0.0000, 0.0000, 0.0000, 0.0000])
[2026-06-26 10:38:54,339][root][INFO] - Epoch: 1 | train acc: 0.8679, train loss: 4.83745863, valid acc: 0.8828, valid loss: 0.42412702, test acc: 0.8885, test loss: 0.41853610
[2026-06-26 10:38:54,866][root][INFO] - Epoch: 1 | train acc: 0.8615, train loss: 0.49049590, valid acc: 0.8623, valid loss: 0.50423574, test acc: 0.8627, test loss: 0.49620153
[2026-06-26 10:38:57,533][root][INFO] - Epoch: 2 | train acc: 0.9143, train loss: 8.35219822, valid acc: 0.9205, valid loss: 0.28932194, test acc: 0.9217, test loss: 0.27930528
[2026-06-26 10:38:59,611][root][INFO] - reg loss: 4.334958364378731, entropy loss: 0.22189096811245074, leaf dev: 0.22389349341392517
[2026-06-26 10:38:59,612][root][INFO] - Val leaf stats: tensor([0.0000, 0.0000, 0.8965, 0.1035, 0.0000, 0.0000, 0.0000, 0.0000, 0.0000,
        0.0000, 0.0000, 0.0000, 0.0000, 0.0000, 0.0000, 0.0000])
[2026-06-26 10:38:59,751][root][INFO] - Epoch: 1 | train acc: 0.8362, train loss: 17.06058284, valid acc: 0.8777, valid loss: 0.46971550, test acc: 0.8800, test loss: 0.45164904
[2026-06-26 10:39:00,177][root][INFO] - reg loss: 11.360397446830317, entropy loss: 0.49139642490530916, leaf dev: 0.1147506833076477
[2026-06-26 10:39:00,178][root][INFO] - Val leaf stats: tensor([0.0112, 0.0022, 0.0692, 0.0777, 0.0037, 0.0035, 0.0010, 0.0825, 0.2413,
        0.0000, 0.4260, 0.0133, 0.0422, 0.0237, 0.0012, 0.0015])
[2026-06-26 10:39:02,824][root][INFO] - reg loss: 4.026350903061201, entropy loss: 0.18855253733553975, leaf dev: 0.25
[2026-06-26 10:39:02,825][root][INFO] - Val leaf stats: tensor([0., 0., 0., 0., 0., 0., 0., 0., 0., 1., 0., 0., 0., 0., 0., 0.])
[2026-06-26 10:39:04,793][root][INFO] - reg loss: 4.11504368961982, entropy loss: 0.18041907953766156, leaf dev: 0.25
[2026-06-26 10:39:04,794][root][INFO] - Val leaf stats: tensor([0., 0., 0., 0., 0., 0., 0., 0., 0., 1., 0., 0., 0., 0., 0., 0.])
[2026-06-26 10:39:04,802][root][INFO] - Epoch: 1 | train acc: 0.8979, train loss: 33.19321042, valid acc: 0.9003, valid loss: 0.33102436, test acc: 0.9111, test loss: 0.31707702
[2026-06-26 10:39:06,644][root][INFO] - Epoch: 1 | train acc: 0.8979, train loss: 2.43353835, valid acc: 0.9100, valid loss: 0.31888255, test acc: 0.9112, test loss: 0.30990609
[2026-06-26 10:39:07,049][root][INFO] - Epoch: 1 | train acc: 0.8975, train loss: 16.73204884, valid acc: 0.9007, valid loss: 0.33136242, test acc: 0.9105, test loss: 0.31738371
[2026-06-26 10:39:07,766][root][INFO] - Epoch: 1 | train acc: 0.8987, train loss: 2.84885685, valid acc: 0.8988, valid loss: 0.34615169, test acc: 0.9126, test loss: 0.31931603
[2026-06-26 10:39:08,424][root][INFO] - Epoch: 1 | train acc: 0.8974, train loss: 32.89760334, valid acc: 0.9083, valid loss: 0.32240199, test acc: 0.9108, test loss: 0.31329707
[2026-06-26 10:39:09,048][root][INFO] - Epoch: 2 | train acc: 0.8845, train loss: 16.64049469, valid acc: 0.8895, valid loss: 0.39409590, test acc: 0.8915, test loss: 0.38912513
[2026-06-26 10:39:09,716][root][INFO] - reg loss: 4.103378727750958, entropy loss: 0.2114547072154171, leaf dev: 0.25
[2026-06-26 10:39:09,717][root][INFO] - Val leaf stats: tensor([0., 0., 1., 0., 0., 0., 0., 0., 0., 0., 0., 0., 0., 0., 0., 0.])
[2026-06-26 10:39:11,210][root][INFO] - Epoch: 1 | train acc: 0.8971, train loss: 4.40591406, valid acc: 0.9080, valid loss: 0.32210575, test acc: 0.9117, test loss: 0.31289664
[2026-06-26 10:39:12,108][root][INFO] - reg loss: 4.146404396812871, entropy loss: 0.19337782544909782, leaf dev: 0.2435433566570282
[2026-06-26 10:39:12,109][root][INFO] - Val leaf stats: tensor([0.0000, 0.0000, 0.0000, 0.0000, 0.0000, 0.0000, 0.0000, 0.0245, 0.0000,
        0.9755, 0.0000, 0.0000, 0.0000, 0.0000, 0.0000, 0.0000])
[2026-06-26 10:39:12,612][root][INFO] - reg loss: 4.0913692420383665, entropy loss: 0.2196425791337805, leaf dev: 0.25
[2026-06-26 10:39:12,613][root][INFO] - Val leaf stats: tensor([0., 0., 1., 0., 0., 0., 0., 0., 0., 0., 0., 0., 0., 0., 0., 0.])
[2026-06-26 10:39:13,182][root][INFO] - reg loss: 4.960547622644676, entropy loss: 0.24188992957461555, leaf dev: 0.17078407108783722
[2026-06-26 10:39:13,183][root][INFO] - Val leaf stats: tensor([0.0000, 0.0000, 0.4980, 0.0000, 0.5020, 0.0000, 0.0000, 0.0000, 0.0000,
        0.0000, 0.0000, 0.0000, 0.0000, 0.0000, 0.0000, 0.0000])
[2026-06-26 10:39:13,844][root][INFO] - reg loss: 4.0667821461299685, entropy loss: 0.19171900737960385, leaf dev: 0.25
[2026-06-26 10:39:13,845][root][INFO] - Val leaf stats: tensor([0., 0., 0., 0., 0., 0., 0., 0., 0., 1., 0., 0., 0., 0., 0., 0.])
[2026-06-26 10:39:14,136][root][INFO] - reg loss: 4.056469044595395, entropy loss: 0.21142254741686695, leaf dev: 0.25
[2026-06-26 10:39:14,137][root][INFO] - Val leaf stats: tensor([0., 0., 1., 0., 0., 0., 0., 0., 0., 0., 0., 0., 0., 0., 0., 0.])
[2026-06-26 10:39:14,352][root][INFO] - Epoch: 2 | train acc: 0.9156, train loss: 8.38466179, valid acc: 0.9088, valid loss: 0.29860947, test acc: 0.9202, test loss: 0.28230913
[2026-06-26 10:39:14,483][root][INFO] - Epoch: 1 | train acc: 0.8732, train loss: 0.45015994, valid acc: 0.8787, valid loss: 0.41539353, test acc: 0.8872, test loss: 0.39160902
[2026-06-26 10:39:14,537][root][INFO] - Epoch: 2 | train acc: 0.8845, train loss: 32.84805640, valid acc: 0.8893, valid loss: 0.39402623, test acc: 0.8910, test loss: 0.38908584
[2026-06-26 10:39:14,709][root][INFO] - Epoch: 1 | train acc: 0.8969, train loss: 4.45295292, valid acc: 0.8980, valid loss: 0.33747354, test acc: 0.9102, test loss: 0.32221097
[2026-06-26 10:39:15,013][root][INFO] - Epoch: 1 | train acc: 0.8358, train loss: 5.04633377, valid acc: 0.8647, valid loss: 0.49629475, test acc: 0.8631, test loss: 0.48905066
[2026-06-26 10:39:15,213][root][INFO] - Epoch: 1 | train acc: 0.8590, train loss: 8.76790567, valid acc: 0.8728, valid loss: 0.46411859, test acc: 0.8729, test loss: 0.46477446
[2026-06-26 10:39:16,162][root][INFO] - reg loss: 4.042073096869127, entropy loss: 0.1927205242638318, leaf dev: 0.25
[2026-06-26 10:39:16,163][root][INFO] - Val leaf stats: tensor([0., 0., 0., 0., 0., 0., 0., 0., 0., 1., 0., 0., 0., 0., 0., 0.])
[2026-06-26 10:39:17,777][root][INFO] - Epoch: 2 | train acc: 0.9246, train loss: 0.25913226, valid acc: 0.9140, valid loss: 0.28890518, test acc: 0.9225, test loss: 0.27133840
[2026-06-26 10:39:19,830][root][INFO] - reg loss: 4.085269158741213, entropy loss: 0.23950357875734005, leaf dev: 0.24986669421195984
[2026-06-26 10:39:19,831][root][INFO] - Val leaf stats: tensor([0.0000e+00, 0.0000e+00, 9.9950e-01, 0.0000e+00, 5.0000e-04, 0.0000e+00,
        0.0000e+00, 0.0000e+00, 0.0000e+00, 0.0000e+00, 0.0000e+00, 0.0000e+00,
        0.0000e+00, 0.0000e+00, 0.0000e+00, 0.0000e+00])
[2026-06-26 10:39:19,863][root][INFO] - reg loss: 4.043439581709088, entropy loss: 0.21649135466454164, leaf dev: 0.25
[2026-06-26 10:39:19,872][root][INFO] - Val leaf stats: tensor([0., 0., 1., 0., 0., 0., 0., 0., 0., 0., 0., 0., 0., 0., 0., 0.])
[2026-06-26 10:39:19,945][root][INFO] - reg loss: 4.054139092283429, entropy loss: 0.21086309793985114, leaf dev: 0.25
[2026-06-26 10:39:19,946][root][INFO] - Val leaf stats: tensor([0., 0., 1., 0., 0., 0., 0., 0., 0., 0., 0., 0., 0., 0., 0., 0.])
[2026-06-26 10:39:20,045][root][INFO] - reg loss: 12.095333972067204, entropy loss: 0.5268577286657298, leaf dev: 0.08316890895366669
[2026-06-26 10:39:20,046][root][INFO] - Val leaf stats: tensor([0.0122, 0.0000, 0.1337, 0.0113, 0.0180, 0.0330, 0.0347, 0.0000, 0.0997,
        0.0015, 0.0305, 0.2537, 0.0020, 0.1513, 0.0008, 0.2177])
[2026-06-26 10:39:20,302][root][INFO] - reg loss: 4.120615693758118, entropy loss: 0.21167203769931253, leaf dev: 0.24995556473731995
[2026-06-26 10:39:20,303][root][INFO] - Val leaf stats: tensor([0.0000e+00, 0.0000e+00, 9.9983e-01, 1.6667e-04, 0.0000e+00, 0.0000e+00,
        0.0000e+00, 0.0000e+00, 0.0000e+00, 0.0000e+00, 0.0000e+00, 0.0000e+00,
        0.0000e+00, 0.0000e+00, 0.0000e+00, 0.0000e+00])
[2026-06-26 10:39:20,312][root][INFO] - reg loss: 4.448017286804487, entropy loss: 0.19107813275647614, leaf dev: 0.21749728918075562
[2026-06-26 10:39:20,313][root][INFO] - Val leaf stats: tensor([0.0000, 0.0000, 0.0000, 0.0000, 0.0000, 0.0000, 0.0000, 0.1312, 0.0000,
        0.8688, 0.0000, 0.0000, 0.0000, 0.0000, 0.0000, 0.0000])
[2026-06-26 10:39:22,026][root][INFO] - Epoch: 2 | train acc: 0.8865, train loss: 8.99600337, valid acc: 0.8948, valid loss: 0.39237026, test acc: 0.8950, test loss: 0.37956223
[2026-06-26 10:39:23,678][root][INFO] - reg loss: 10.956026086267435, entropy loss: 0.5023200534424692, leaf dev: 0.09937107563018799
[2026-06-26 10:39:23,679][root][INFO] - Val leaf stats: tensor([5.1000e-02, 6.3333e-03, 0.0000e+00, 0.0000e+00, 2.8967e-01, 5.5000e-02,
        0.0000e+00, 2.3333e-03, 0.0000e+00, 1.6667e-04, 1.2767e-01, 2.3933e-01,
        2.1767e-01, 9.0000e-03, 1.1667e-03, 6.6667e-04])
[2026-06-26 10:39:27,464][root][INFO] - reg loss: 4.2901704176416935, entropy loss: 0.18552987966335044, leaf dev: 0.22184306383132935
[2026-06-26 10:39:27,465][root][INFO] - Val leaf stats: tensor([0.0000e+00, 0.0000e+00, 0.0000e+00, 0.0000e+00, 0.0000e+00, 0.0000e+00,
        0.0000e+00, 0.0000e+00, 0.0000e+00, 8.9133e-01, 3.9333e-02, 0.0000e+00,
        8.3333e-04, 0.0000e+00, 0.0000e+00, 6.8500e-02])
[2026-06-26 10:39:28,025][root][INFO] - Epoch: 2 | train acc: 0.9235, train loss: 0.26509948, valid acc: 0.9278, valid loss: 0.24411578, test acc: 0.9310, test loss: 0.24371137
[2026-06-26 10:39:31,566][root][INFO] - Epoch: 2 | train acc: 0.9070, train loss: 2.74158881, valid acc: 0.9043, valid loss: 0.34496767, test acc: 0.9074, test loss: 0.32577050
[2026-06-26 10:39:33,487][root][INFO] - reg loss: 9.22159382982074, entropy loss: 0.475404716887564, leaf dev: 0.10620066523551941
[2026-06-26 10:39:33,489][root][INFO] - Val leaf stats: tensor([0.0042, 0.0073, 0.0167, 0.0065, 0.0653, 0.1448, 0.0000, 0.0000, 0.0048,
        0.3610, 0.0000, 0.0000, 0.1807, 0.2075, 0.0012, 0.0000])
[2026-06-26 10:39:33,591][root][INFO] - Epoch: 2 | train acc: 0.8887, train loss: 3.12023733, valid acc: 0.9023, valid loss: 0.36859368, test acc: 0.8948, test loss: 0.36761029
[2026-06-26 10:39:37,185][root][INFO] - reg loss: 4.792735927509812, entropy loss: 0.2282577282134092, leaf dev: 0.18430007994174957
[2026-06-26 10:39:37,186][root][INFO] - Val leaf stats: tensor([0.0000e+00, 0.0000e+00, 6.9200e-01, 3.0517e-01, 2.6667e-03, 0.0000e+00,
        0.0000e+00, 0.0000e+00, 0.0000e+00, 0.0000e+00, 0.0000e+00, 0.0000e+00,
        0.0000e+00, 0.0000e+00, 0.0000e+00, 1.6667e-04])
[2026-06-26 10:39:37,278][root][INFO] - Epoch: 2 | train acc: 0.8977, train loss: 4.69917801, valid acc: 0.8963, valid loss: 0.36231564, test acc: 0.9038, test loss: 0.34497431
[2026-06-26 10:39:39,054][root][INFO] - reg loss: 5.427760106212688, entropy loss: 0.2175374576505625, leaf dev: 0.18465030193328857
[2026-06-26 10:39:39,055][root][INFO] - Val leaf stats: tensor([0.0000, 0.0000, 0.0000, 0.0000, 0.0000, 0.0000, 0.1320, 0.1342, 0.0000,
        0.7338, 0.0000, 0.0000, 0.0000, 0.0000, 0.0000, 0.0000])
[2026-06-26 10:39:39,295][root][INFO] - Epoch: 2 | train acc: 0.8924, train loss: 0.38688237, valid acc: 0.9033, valid loss: 0.34068402, test acc: 0.9063, test loss: 0.33517702
[2026-06-26 10:39:40,777][root][INFO] - Epoch: 3 | train acc: 0.9219, train loss: 8.30482053, valid acc: 0.9213, valid loss: 0.27436897, test acc: 0.9252, test loss: 0.26677353
[2026-06-26 10:39:42,390][root][INFO] - reg loss: 4.329635926012723, entropy loss: 0.2196209822904389, leaf dev: 0.21518124639987946
[2026-06-26 10:39:42,391][root][INFO] - Val leaf stats: tensor([0.0000, 0.0000, 0.8585, 0.1415, 0.0000, 0.0000, 0.0000, 0.0000, 0.0000,
        0.0000, 0.0000, 0.0000, 0.0000, 0.0000, 0.0000, 0.0000])
[2026-06-26 10:39:44,214][root][INFO] - Epoch: 2 | train acc: 0.8830, train loss: 16.64789583, valid acc: 0.8937, valid loss: 0.40673157, test acc: 0.8927, test loss: 0.38929357
[2026-06-26 10:39:44,731][root][INFO] - reg loss: 9.24531251979324, entropy loss: 0.4425781599755557, leaf dev: 0.10188616067171097
[2026-06-26 10:39:44,732][root][INFO] - Val leaf stats: tensor([0.0000e+00, 0.0000e+00, 1.4800e-01, 6.2667e-02, 4.0000e-03, 2.3333e-03,
        0.0000e+00, 2.0167e-02, 2.3133e-01, 0.0000e+00, 3.5150e-01, 1.0667e-02,
        1.0017e-01, 6.8833e-02, 1.6667e-04, 1.6667e-04])
[2026-06-26 10:39:45,663][root][INFO] - reg loss: 4.0167077307431205, entropy loss: 0.1876670503110256, leaf dev: 0.25
[2026-06-26 10:39:45,664][root][INFO] - Val leaf stats: tensor([0., 0., 0., 0., 0., 0., 0., 0., 0., 1., 0., 0., 0., 0., 0., 0.])
[2026-06-26 10:39:48,038][root][INFO] - Epoch: 2 | train acc: 0.9155, train loss: 32.74337913, valid acc: 0.9085, valid loss: 0.29870882, test acc: 0.9204, test loss: 0.28254673
[2026-06-26 10:39:49,420][root][INFO] - reg loss: 4.055321072632411, entropy loss: 0.17596539939349554, leaf dev: 0.25
[2026-06-26 10:39:49,421][root][INFO] - Val leaf stats: tensor([0., 0., 0., 0., 0., 0., 0., 0., 0., 1., 0., 0., 0., 0., 0., 0.])
[2026-06-26 10:39:50,788][root][INFO] - Epoch: 2 | train acc: 0.9153, train loss: 2.34352797, valid acc: 0.9213, valid loss: 0.28733796, test acc: 0.9220, test loss: 0.27566249
[2026-06-26 10:39:52,012][root][INFO] - Epoch: 2 | train acc: 0.9154, train loss: 16.49841035, valid acc: 0.9087, valid loss: 0.29927195, test acc: 0.9193, test loss: 0.28321634
[2026-06-26 10:39:52,953][root][INFO] - Epoch: 2 | train acc: 0.9107, train loss: 2.77568139, valid acc: 0.9065, valid loss: 0.31588726, test acc: 0.9198, test loss: 0.28958085
[2026-06-26 10:39:53,130][root][INFO] - reg loss: 4.055706581979428, entropy loss: 0.2078207720000789, leaf dev: 0.25
[2026-06-26 10:39:53,131][root][INFO] - Val leaf stats: tensor([0., 0., 1., 0., 0., 0., 0., 0., 0., 0., 0., 0., 0., 0., 0., 0.])
[2026-06-26 10:39:53,918][root][INFO] - Epoch: 3 | train acc: 0.8979, train loss: 16.53978888, valid acc: 0.8982, valid loss: 0.35799815, test acc: 0.9023, test loss: 0.35306583
[2026-06-26 10:39:54,005][root][INFO] - Epoch: 2 | train acc: 0.9142, train loss: 32.59607779, valid acc: 0.9217, valid loss: 0.28948331, test acc: 0.9214, test loss: 0.27988475
[2026-06-26 10:39:55,329][root][INFO] - Epoch: 2 | train acc: 0.9139, train loss: 4.32022801, valid acc: 0.9215, valid loss: 0.28933532, test acc: 0.9208, test loss: 0.27980539
[2026-06-26 10:39:56,016][root][INFO] - reg loss: 4.096958745200679, entropy loss: 0.1848546397292389, leaf dev: 0.23941324651241302
[2026-06-26 10:39:56,018][root][INFO] - Val leaf stats: tensor([0.0000, 0.0000, 0.0000, 0.0000, 0.0000, 0.0000, 0.0000, 0.0405, 0.0000,
        0.9595, 0.0000, 0.0000, 0.0000, 0.0000, 0.0000, 0.0000])
[2026-06-26 10:39:57,342][root][INFO] - reg loss: 4.050026002919899, entropy loss: 0.2163762572520184, leaf dev: 0.25
[2026-06-26 10:39:57,343][root][INFO] - Val leaf stats: tensor([0., 0., 1., 0., 0., 0., 0., 0., 0., 0., 0., 0., 0., 0., 0., 0.])
[2026-06-26 10:39:58,026][root][INFO] - Epoch: 3 | train acc: 0.9234, train loss: 8.32351698, valid acc: 0.9178, valid loss: 0.27983210, test acc: 0.9258, test loss: 0.25768970
[2026-06-26 10:39:58,196][root][INFO] - reg loss: 4.931056697413607, entropy loss: 0.24172519020876795, leaf dev: 0.1687907725572586
[2026-06-26 10:39:58,197][root][INFO] - Val leaf stats: tensor([0.0000e+00, 3.3333e-04, 4.9067e-01, 0.0000e+00, 4.9900e-01, 1.0000e-02,
        0.0000e+00, 0.0000e+00, 0.0000e+00, 0.0000e+00, 0.0000e+00, 0.0000e+00,
        0.0000e+00, 0.0000e+00, 0.0000e+00, 0.0000e+00])
[2026-06-26 10:39:58,614][root][INFO] - Epoch: 3 | train acc: 0.8979, train loss: 32.65405072, valid acc: 0.8988, valid loss: 0.35746161, test acc: 0.9029, test loss: 0.35245289
[2026-06-26 10:39:58,816][root][INFO] - reg loss: 4.0442214821869475, entropy loss: 0.2102094350277253, leaf dev: 0.25
[2026-06-26 10:39:58,818][root][INFO] - Val leaf stats: tensor([0., 0., 1., 0., 0., 0., 0., 0., 0., 0., 0., 0., 0., 0., 0., 0.])
[2026-06-26 10:39:58,958][root][INFO] - Epoch: 2 | train acc: 0.8769, train loss: 4.95471782, valid acc: 0.8887, valid loss: 0.41984848, test acc: 0.8821, test loss: 0.41015424
[2026-06-26 10:39:59,130][root][INFO] - reg loss: 4.037028915477249, entropy loss: 0.18929798170080725, leaf dev: 0.25
[2026-06-26 10:39:59,131][root][INFO] - Val leaf stats: tensor([0., 0., 0., 0., 0., 0., 0., 0., 0., 1., 0., 0., 0., 0., 0., 0.])
[2026-06-26 10:39:59,254][root][INFO] - Epoch: 2 | train acc: 0.9085, train loss: 0.32377276, valid acc: 0.8952, valid loss: 0.34147673, test acc: 0.9034, test loss: 0.32741358
[2026-06-26 10:39:59,261][root][INFO] - Epoch: 2 | train acc: 0.9131, train loss: 4.34767816, valid acc: 0.9093, valid loss: 0.30677798, test acc: 0.9174, test loss: 0.29049555
[2026-06-26 10:39:59,309][root][INFO] - Epoch: 2 | train acc: 0.8899, train loss: 8.71286372, valid acc: 0.8843, valid loss: 0.40532518, test acc: 0.8882, test loss: 0.40033796
[2026-06-26 10:40:00,393][root][INFO] - reg loss: 4.020169231126893, entropy loss: 0.1907678557173261, leaf dev: 0.25
[2026-06-26 10:40:00,394][root][INFO] - Val leaf stats: tensor([0., 0., 0., 0., 0., 0., 0., 0., 0., 1., 0., 0., 0., 0., 0., 0.])
[2026-06-26 10:40:03,186][root][INFO] - Epoch: 3 | train acc: 0.9353, train loss: 0.22642943, valid acc: 0.9242, valid loss: 0.25443289, test acc: 0.9310, test loss: 0.24072311
[2026-06-26 10:40:03,264][root][INFO] - reg loss: 4.027628727678983, entropy loss: 0.21506283488476052, leaf dev: 0.25
[2026-06-26 10:40:03,265][root][INFO] - Val leaf stats: tensor([0., 0., 1., 0., 0., 0., 0., 0., 0., 0., 0., 0., 0., 0., 0., 0.])
[2026-06-26 10:40:04,179][root][INFO] - reg loss: 4.036299462588328, entropy loss: 0.20927561664918684, leaf dev: 0.25
[2026-06-26 10:40:04,180][root][INFO] - Val leaf stats: tensor([0., 0., 1., 0., 0., 0., 0., 0., 0., 0., 0., 0., 0., 0., 0., 0.])
[2026-06-26 10:40:04,437][root][INFO] - reg loss: 4.042104640096988, entropy loss: 0.2363275538356799, leaf dev: 0.24995556473731995
[2026-06-26 10:40:04,438][root][INFO] - Val leaf stats: tensor([0.0000e+00, 0.0000e+00, 9.9983e-01, 0.0000e+00, 1.6667e-04, 0.0000e+00,
        0.0000e+00, 0.0000e+00, 0.0000e+00, 0.0000e+00, 0.0000e+00, 0.0000e+00,
        0.0000e+00, 0.0000e+00, 0.0000e+00, 0.0000e+00])
[2026-06-26 10:40:04,779][root][INFO] - reg loss: 4.154955301644667, entropy loss: 0.21133620769910091, leaf dev: 0.25
[2026-06-26 10:40:04,780][root][INFO] - Val leaf stats: tensor([0., 0., 1., 0., 0., 0., 0., 0., 0., 0., 0., 0., 0., 0., 0., 0.])
[2026-06-26 10:40:04,860][root][INFO] - reg loss: 4.516592417123182, entropy loss: 0.18493240101719802, leaf dev: 0.20455461740493774
[2026-06-26 10:40:04,861][root][INFO] - Val leaf stats: tensor([0.0000, 0.0000, 0.0000, 0.0000, 0.0000, 0.0000, 0.0000, 0.1917, 0.0000,
        0.8083, 0.0000, 0.0000, 0.0000, 0.0000, 0.0000, 0.0000])
[2026-06-26 10:40:04,952][root][INFO] - reg loss: 11.110207872570685, entropy loss: 0.5172999343782101, leaf dev: 0.08920484036207199
[2026-06-26 10:40:04,954][root][INFO] - Val leaf stats: tensor([2.0000e-02, 0.0000e+00, 1.8350e-01, 2.3333e-03, 4.5000e-03, 1.5333e-02,
        1.4833e-02, 0.0000e+00, 4.9000e-02, 1.6667e-04, 5.3500e-02, 2.2250e-01,
        1.3833e-02, 1.5617e-01, 3.6667e-03, 2.6067e-01])
[2026-06-26 10:40:06,265][root][INFO] - Epoch: 3 | train acc: 0.9039, train loss: 9.14657131, valid acc: 0.9030, valid loss: 0.36381569, test acc: 0.9019, test loss: 0.34639886
[2026-06-26 10:40:08,585][root][INFO] - reg loss: 9.004451904656753, entropy loss: 0.4580889929015681, leaf dev: 0.10856259614229202
[2026-06-26 10:40:08,586][root][INFO] - Val leaf stats: tensor([1.1850e-01, 9.8333e-03, 0.0000e+00, 0.0000e+00, 2.3467e-01, 6.5833e-02,
        0.0000e+00, 3.3333e-04, 0.0000e+00, 1.6667e-04, 5.0000e-04, 3.2800e-01,
        2.4117e-01, 5.0000e-04, 1.6667e-04, 3.3333e-04])
[2026-06-26 10:40:10,757][root][INFO] - Epoch: 3 | train acc: 0.9317, train loss: 0.23497123, valid acc: 0.9338, valid loss: 0.23157216, test acc: 0.9350, test loss: 0.22670198
[2026-06-26 10:40:12,064][root][INFO] - reg loss: 4.399656552188802, entropy loss: 0.18139747642683532, leaf dev: 0.22474214434623718
[2026-06-26 10:40:12,065][root][INFO] - Val leaf stats: tensor([0.0000e+00, 0.0000e+00, 0.0000e+00, 0.0000e+00, 0.0000e+00, 0.0000e+00,
        0.0000e+00, 0.0000e+00, 0.0000e+00, 9.0250e-01, 2.7000e-02, 0.0000e+00,
        5.0000e-04, 0.0000e+00, 0.0000e+00, 7.0000e-02])
[2026-06-26 10:40:15,657][root][INFO] - Epoch: 3 | train acc: 0.9160, train loss: 2.71417460, valid acc: 0.9105, valid loss: 0.31892605, test acc: 0.9117, test loss: 0.30569337
[2026-06-26 10:40:16,345][root][INFO] - reg loss: 9.034724667387188, entropy loss: 0.45698326376249204, leaf dev: 0.11068210005760193
[2026-06-26 10:40:16,346][root][INFO] - Val leaf stats: tensor([5.0000e-04, 3.1667e-03, 2.0667e-02, 4.1667e-03, 6.8167e-02, 1.4267e-01,
        0.0000e+00, 0.0000e+00, 1.0000e-03, 3.9083e-01, 0.0000e+00, 0.0000e+00,
        1.9117e-01, 1.7750e-01, 1.6667e-04, 0.0000e+00])
[2026-06-26 10:40:18,841][root][INFO] - Epoch: 3 | train acc: 0.9029, train loss: 3.02068111, valid acc: 0.9063, valid loss: 0.33221505, test acc: 0.9062, test loss: 0.33041249
[2026-06-26 10:40:20,357][root][INFO] - Epoch: 3 | train acc: 0.9089, train loss: 4.61385172, valid acc: 0.9037, valid loss: 0.33670777, test acc: 0.9104, test loss: 0.31417694
[2026-06-26 10:40:21,380][root][INFO] - reg loss: 4.822678395037381, entropy loss: 0.2262286070101666, leaf dev: 0.18027374148368835
[2026-06-26 10:40:21,381][root][INFO] - Val leaf stats: tensor([0.0000, 0.0000, 0.6730, 0.3112, 0.0150, 0.0000, 0.0000, 0.0000, 0.0000,
        0.0000, 0.0000, 0.0000, 0.0000, 0.0000, 0.0000, 0.0008])
[2026-06-26 10:40:23,678][root][INFO] - Epoch: 3 | train acc: 0.9087, train loss: 0.31298269, valid acc: 0.9088, valid loss: 0.31132608, test acc: 0.9120, test loss: 0.30809018
[2026-06-26 10:40:24,412][root][INFO] - reg loss: 5.351205866291838, entropy loss: 0.2108581077377751, leaf dev: 0.17644751071929932
[2026-06-26 10:40:24,413][root][INFO] - Epoch: 4 | train acc: 0.9271, train loss: 8.27453785, valid acc: 0.9303, valid loss: 0.25772781, test acc: 0.9294, test loss: 0.25156691
[2026-06-26 10:40:24,413][root][INFO] - Val leaf stats: tensor([0.0000e+00, 0.0000e+00, 0.0000e+00, 0.0000e+00, 0.0000e+00, 0.0000e+00,
        1.4250e-01, 1.6250e-01, 1.6667e-04, 6.9483e-01, 0.0000e+00, 0.0000e+00,
        0.0000e+00, 0.0000e+00, 0.0000e+00, 0.0000e+00])
[2026-06-26 10:40:25,652][root][INFO] - reg loss: 4.291148981958066, entropy loss: 0.21657287385666146, leaf dev: 0.21874655783176422
[2026-06-26 10:40:25,653][root][INFO] - Val leaf stats: tensor([0.0000, 0.0000, 0.8743, 0.1257, 0.0000, 0.0000, 0.0000, 0.0000, 0.0000,
        0.0000, 0.0000, 0.0000, 0.0000, 0.0000, 0.0000, 0.0000])
[2026-06-26 10:40:28,020][root][INFO] - Epoch: 3 | train acc: 0.8949, train loss: 16.54428700, valid acc: 0.9018, valid loss: 0.37643613, test acc: 0.8996, test loss: 0.35733315
[2026-06-26 10:40:28,804][root][INFO] - reg loss: 8.310753795335877, entropy loss: 0.38483025021148176, leaf dev: 0.09675055742263794
[2026-06-26 10:40:28,805][root][INFO] - Val leaf stats: tensor([3.3333e-04, 0.0000e+00, 1.5067e-01, 8.4333e-02, 1.0833e-02, 4.1667e-03,
        2.0000e-03, 5.1333e-02, 2.9717e-01, 0.0000e+00, 2.3650e-01, 0.0000e+00,
        1.6150e-01, 1.0000e-03, 1.6667e-04, 0.0000e+00])
[2026-06-26 10:40:29,990][root][INFO] - reg loss: 4.011748903202561, entropy loss: 0.18712866418766524, leaf dev: 0.25
[2026-06-26 10:40:29,991][root][INFO] - Val leaf stats: tensor([0., 0., 0., 0., 0., 0., 0., 0., 0., 1., 0., 0., 0., 0., 0., 0.])
[2026-06-26 10:40:32,106][root][INFO] - Epoch: 3 | train acc: 0.9235, train loss: 32.55439963, valid acc: 0.9178, valid loss: 0.28012538, test acc: 0.9264, test loss: 0.25799225
[2026-06-26 10:40:33,141][root][INFO] - reg loss: 4.041486326253639, entropy loss: 0.17462110828678562, leaf dev: 0.25
[2026-06-26 10:40:33,142][root][INFO] - Val leaf stats: tensor([0., 0., 0., 0., 0., 0., 0., 0., 0., 1., 0., 0., 0., 0., 0., 0.])
[2026-06-26 10:40:33,881][root][INFO] - Epoch: 3 | train acc: 0.9233, train loss: 2.32803499, valid acc: 0.9265, valid loss: 0.26661635, test acc: 0.9262, test loss: 0.25931806
[2026-06-26 10:40:36,704][root][INFO] - reg loss: 4.035774725788045, entropy loss: 0.20611623379419436, leaf dev: 0.25
[2026-06-26 10:40:36,705][root][INFO] - Val leaf stats: tensor([0., 0., 1., 0., 0., 0., 0., 0., 0., 0., 0., 0., 0., 0., 0., 0.])
[2026-06-26 10:40:37,534][root][INFO] - Epoch: 3 | train acc: 0.9276, train loss: 2.73341173, valid acc: 0.9158, valid loss: 0.28353152, test acc: 0.9283, test loss: 0.26075564
[2026-06-26 10:40:38,114][root][INFO] - Epoch: 4 | train acc: 0.9065, train loss: 16.51823589, valid acc: 0.9008, valid loss: 0.34624957, test acc: 0.9054, test loss: 0.33592637
[2026-06-26 10:40:38,328][root][INFO] - Epoch: 3 | train acc: 0.9217, train loss: 32.46509804, valid acc: 0.9212, valid loss: 0.27416421, test acc: 0.9246, test loss: 0.26754031
[2026-06-26 10:40:38,401][root][INFO] - Epoch: 3 | train acc: 0.9234, train loss: 16.39799347, valid acc: 0.9180, valid loss: 0.28042307, test acc: 0.9260, test loss: 0.25845902
[2026-06-26 10:40:38,787][root][INFO] - reg loss: 4.122613322060063, entropy loss: 0.18249894805111974, leaf dev: 0.23506276309490204
[2026-06-26 10:40:38,788][root][INFO] - Val leaf stats: tensor([0.0000, 0.0000, 0.0000, 0.0000, 0.0000, 0.0000, 0.0000, 0.0577, 0.0000,
        0.9423, 0.0000, 0.0000, 0.0000, 0.0000, 0.0000, 0.0000])
[2026-06-26 10:40:39,514][root][INFO] - Epoch: 3 | train acc: 0.9215, train loss: 4.28537317, valid acc: 0.9215, valid loss: 0.27367105, test acc: 0.9250, test loss: 0.26755476
[2026-06-26 10:40:41,849][root][INFO] - Epoch: 4 | train acc: 0.9055, train loss: 32.54736080, valid acc: 0.9027, valid loss: 0.34450289, test acc: 0.9054, test loss: 0.33404229
[2026-06-26 10:40:42,733][root][INFO] - reg loss: 4.96781269109474, entropy loss: 0.24270713034103503, leaf dev: 0.16744506359100342
[2026-06-26 10:40:42,734][root][INFO] - Val leaf stats: tensor([0.0000, 0.0005, 0.4833, 0.0000, 0.4992, 0.0170, 0.0000, 0.0000, 0.0000,
        0.0000, 0.0000, 0.0000, 0.0000, 0.0000, 0.0000, 0.0000])
[2026-06-26 10:40:43,053][root][INFO] - reg loss: 4.046471519290276, entropy loss: 0.21003096199260568, leaf dev: 0.25
[2026-06-26 10:40:43,054][root][INFO] - Val leaf stats: tensor([0., 0., 1., 0., 0., 0., 0., 0., 0., 0., 0., 0., 0., 0., 0., 0.])
[2026-06-26 10:40:43,218][root][INFO] - Epoch: 4 | train acc: 0.9286, train loss: 8.28496453, valid acc: 0.9247, valid loss: 0.26428113, test acc: 0.9295, test loss: 0.24311788
[2026-06-26 10:40:43,418][root][INFO] - Epoch: 3 | train acc: 0.8870, train loss: 4.79890687, valid acc: 0.8910, valid loss: 0.39827880, test acc: 0.8842, test loss: 0.40063007
[2026-06-26 10:40:43,612][root][INFO] - reg loss: 4.024117433799888, entropy loss: 0.1881818837433491, leaf dev: 0.25
[2026-06-26 10:40:43,613][root][INFO] - Val leaf stats: tensor([0., 0., 0., 0., 0., 0., 0., 0., 0., 1., 0., 0., 0., 0., 0., 0.])
[2026-06-26 10:40:43,645][root][INFO] - reg loss: 4.032305982877624, entropy loss: 0.21481602484325193, leaf dev: 0.25
[2026-06-26 10:40:43,646][root][INFO] - Val leaf stats: tensor([0., 0., 1., 0., 0., 0., 0., 0., 0., 0., 0., 0., 0., 0., 0., 0.])
[2026-06-26 10:40:43,961][root][INFO] - Epoch: 3 | train acc: 0.9216, train loss: 4.30512053, valid acc: 0.9172, valid loss: 0.28498496, test acc: 0.9256, test loss: 0.26450434
[2026-06-26 10:40:44,659][root][INFO] - reg loss: 4.0128595334179, entropy loss: 0.19002739396297708, leaf dev: 0.25
[2026-06-26 10:40:44,660][root][INFO] - Val leaf stats: tensor([0., 0., 0., 0., 0., 0., 0., 0., 0., 1., 0., 0., 0., 0., 0., 0.])
[2026-06-26 10:40:44,862][root][INFO] - Epoch: 3 | train acc: 0.9235, train loss: 0.26751571, valid acc: 0.9175, valid loss: 0.28619286, test acc: 0.9212, test loss: 0.27209681
[2026-06-26 10:40:45,131][root][INFO] - Epoch: 3 | train acc: 0.8983, train loss: 8.49079723, valid acc: 0.8978, valid loss: 0.37281778, test acc: 0.8999, test loss: 0.36283329
[2026-06-26 10:40:47,206][root][INFO] - reg loss: 4.026547661367452, entropy loss: 0.2083842027580963, leaf dev: 0.25
[2026-06-26 10:40:47,207][root][INFO] - Val leaf stats: tensor([0., 0., 1., 0., 0., 0., 0., 0., 0., 0., 0., 0., 0., 0., 0., 0.])
[2026-06-26 10:40:48,507][root][INFO] - reg loss: 4.019587525781596, entropy loss: 0.2142307274746445, leaf dev: 0.25
[2026-06-26 10:40:48,509][root][INFO] - Val leaf stats: tensor([0., 0., 1., 0., 0., 0., 0., 0., 0., 0., 0., 0., 0., 0., 0., 0.])
[2026-06-26 10:40:48,593][root][INFO] - Epoch: 4 | train acc: 0.9350, train loss: 0.22729576, valid acc: 0.9267, valid loss: 0.25277963, test acc: 0.9320, test loss: 0.24215765
[2026-06-26 10:40:48,914][root][INFO] - reg loss: 4.39777305890929, entropy loss: 0.1727781464468758, leaf dev: 0.21654461324214935
[2026-06-26 10:40:48,915][root][INFO] - Val leaf stats: tensor([0.0000e+00, 0.0000e+00, 0.0000e+00, 0.0000e+00, 0.0000e+00, 0.0000e+00,
        0.0000e+00, 1.3500e-01, 0.0000e+00, 8.6467e-01, 3.3333e-04, 0.0000e+00,
        0.0000e+00, 0.0000e+00, 0.0000e+00, 0.0000e+00])
[2026-06-26 10:40:49,389][root][INFO] - reg loss: 4.028378158245447, entropy loss: 0.23507266463536136, leaf dev: 0.2499111294746399
[2026-06-26 10:40:49,390][root][INFO] - Val leaf stats: tensor([0.0000e+00, 0.0000e+00, 9.9967e-01, 0.0000e+00, 3.3333e-04, 0.0000e+00,
        0.0000e+00, 0.0000e+00, 0.0000e+00, 0.0000e+00, 0.0000e+00, 0.0000e+00,
        0.0000e+00, 0.0000e+00, 0.0000e+00, 0.0000e+00])
[2026-06-26 10:40:50,123][root][INFO] - reg loss: 10.63053650226233, entropy loss: 0.5051067808888993, leaf dev: 0.08247118443250656
[2026-06-26 10:40:50,125][root][INFO] - Val leaf stats: tensor([3.9167e-02, 1.6667e-04, 1.8750e-01, 8.1667e-03, 1.0167e-02, 4.4333e-02,
        2.1167e-02, 0.0000e+00, 7.1833e-02, 0.0000e+00, 2.0333e-02, 2.1467e-01,
        2.3333e-03, 1.4583e-01, 5.6667e-03, 2.2867e-01])
[2026-06-26 10:40:50,200][root][INFO] - Epoch: 4 | train acc: 0.9114, train loss: 8.98258636, valid acc: 0.9057, valid loss: 0.34263604, test acc: 0.9062, test loss: 0.32989655
[2026-06-26 10:40:50,789][root][INFO] - reg loss: 4.063786106289558, entropy loss: 0.206994854616669, leaf dev: 0.24986669421195984
[2026-06-26 10:40:50,790][root][INFO] - Val leaf stats: tensor([0.0000e+00, 0.0000e+00, 9.9950e-01, 5.0000e-04, 0.0000e+00, 0.0000e+00,
        0.0000e+00, 0.0000e+00, 0.0000e+00, 0.0000e+00, 0.0000e+00, 0.0000e+00,
        0.0000e+00, 0.0000e+00, 0.0000e+00, 0.0000e+00])
[2026-06-26 10:40:54,477][root][INFO] - reg loss: 7.867275404480268, entropy loss: 0.4112563020778152, leaf dev: 0.13646520674228668
[2026-06-26 10:40:54,478][root][INFO] - Val leaf stats: tensor([1.4083e-01, 8.1667e-03, 0.0000e+00, 0.0000e+00, 2.4800e-01, 9.9667e-02,
        0.0000e+00, 1.1667e-03, 0.0000e+00, 1.6667e-04, 0.0000e+00, 5.0050e-01,
        1.1667e-03, 0.0000e+00, 3.3333e-04, 0.0000e+00])
[2026-06-26 10:40:55,592][root][INFO] - reg loss: 4.33249597729377, entropy loss: 0.17372956604890102, leaf dev: 0.22446997463703156
[2026-06-26 10:40:55,594][root][INFO] - Val leaf stats: tensor([0.0000e+00, 0.0000e+00, 0.0000e+00, 0.0000e+00, 0.0000e+00, 0.0000e+00,
        0.0000e+00, 0.0000e+00, 0.0000e+00, 9.0133e-01, 2.5833e-02, 0.0000e+00,
        5.0000e-04, 0.0000e+00, 0.0000e+00, 7.2333e-02])
[2026-06-26 10:40:55,853][root][INFO] - Epoch: 4 | train acc: 0.9380, train loss: 0.20885260, valid acc: 0.9365, valid loss: 0.21217591, test acc: 0.9392, test loss: 0.21208207
[2026-06-26 10:41:00,030][root][INFO] - Epoch: 4 | train acc: 0.9224, train loss: 2.65762658, valid acc: 0.9115, valid loss: 0.31204127, test acc: 0.9173, test loss: 0.28430873
[2026-06-26 10:41:01,537][root][INFO] - reg loss: 8.469680669172755, entropy loss: 0.43448840587768917, leaf dev: 0.11638475954532623
[2026-06-26 10:41:01,538][root][INFO] - Val leaf stats: tensor([2.8333e-03, 6.0000e-03, 4.1167e-02, 1.6000e-02, 7.1500e-02, 1.6150e-01,
        0.0000e+00, 0.0000e+00, 1.1667e-03, 3.6133e-01, 0.0000e+00, 0.0000e+00,
        1.9500e-02, 3.1867e-01, 3.3333e-04, 0.0000e+00])
[2026-06-26 10:41:01,947][root][INFO] - Epoch: 4 | train acc: 0.9135, train loss: 2.96363020, valid acc: 0.9095, valid loss: 0.31801987, test acc: 0.9060, test loss: 0.32080183
[2026-06-26 10:41:02,953][root][INFO] - Epoch: 4 | train acc: 0.9131, train loss: 4.53075637, valid acc: 0.9052, valid loss: 0.32550821, test acc: 0.9119, test loss: 0.30072879
[2026-06-26 10:41:06,169][root][INFO] - reg loss: 4.764210696490306, entropy loss: 0.22118302561202138, leaf dev: 0.1763685643672943
[2026-06-26 10:41:06,170][root][INFO] - Val leaf stats: tensor([0.0000e+00, 0.0000e+00, 6.4350e-01, 3.3867e-01, 1.7333e-02, 0.0000e+00,
        0.0000e+00, 0.0000e+00, 0.0000e+00, 0.0000e+00, 0.0000e+00, 0.0000e+00,
        0.0000e+00, 0.0000e+00, 0.0000e+00, 5.0000e-04])
[2026-06-26 10:41:06,314][root][INFO] - Epoch: 4 | train acc: 0.9214, train loss: 0.27079789, valid acc: 0.9237, valid loss: 0.27734349, test acc: 0.9222, test loss: 0.27921988
[2026-06-26 10:41:07,518][root][INFO] - reg loss: 5.319270291418399, entropy loss: 0.2095595475918842, leaf dev: 0.1840689778327942
[2026-06-26 10:41:07,519][root][INFO] - Val leaf stats: tensor([0.0000, 0.0000, 0.0000, 0.0000, 0.0000, 0.0000, 0.1483, 0.1208, 0.0000,
        0.7308, 0.0000, 0.0000, 0.0000, 0.0000, 0.0000, 0.0000])
[2026-06-26 10:41:08,034][root][INFO] - Epoch: 5 | train acc: 0.9316, train loss: 8.25510286, valid acc: 0.9315, valid loss: 0.24777423, test acc: 0.9333, test loss: 0.23865121
[2026-06-26 10:41:08,517][root][INFO] - reg loss: 4.22952597995974, entropy loss: 0.2131265178322792, leaf dev: 0.21993036568164825
[2026-06-26 10:41:08,518][root][INFO] - Val leaf stats: tensor([0.0000, 0.0000, 0.8795, 0.1205, 0.0000, 0.0000, 0.0000, 0.0000, 0.0000,
        0.0000, 0.0000, 0.0000, 0.0000, 0.0000, 0.0000, 0.0000])
[2026-06-26 10:41:11,311][root][INFO] - reg loss: 8.533563388968414, entropy loss: 0.3928461198536855, leaf dev: 0.10052221268415451
[2026-06-26 10:41:11,312][root][INFO] - Val leaf stats: tensor([0.0000e+00, 2.1667e-03, 9.8167e-02, 8.0167e-02, 1.0833e-02, 2.1667e-03,
        2.5000e-03, 7.1333e-02, 3.0583e-01, 0.0000e+00, 2.7917e-01, 0.0000e+00,
        1.4600e-01, 1.3333e-03, 1.6667e-04, 1.6667e-04])
[2026-06-26 10:41:12,061][root][INFO] - Epoch: 4 | train acc: 0.9034, train loss: 16.55074380, valid acc: 0.9042, valid loss: 0.35517186, test acc: 0.9029, test loss: 0.33859910
[2026-06-26 10:41:13,621][root][INFO] - reg loss: 4.00881418642008, entropy loss: 0.1867925444582723, leaf dev: 0.25
[2026-06-26 10:41:13,622][root][INFO] - Val leaf stats: tensor([0., 0., 0., 0., 0., 0., 0., 0., 0., 1., 0., 0., 0., 0., 0., 0.])
[2026-06-26 10:41:15,185][root][INFO] - Epoch: 4 | train acc: 0.9286, train loss: 32.44806700, valid acc: 0.9257, valid loss: 0.26426857, test acc: 0.9297, test loss: 0.24288146
[2026-06-26 10:41:17,158][root][INFO] - reg loss: 4.051403050152761, entropy loss: 0.17476607324942103, leaf dev: 0.25
[2026-06-26 10:41:17,158][root][INFO] - Val leaf stats: tensor([0., 0., 0., 0., 0., 0., 0., 0., 0., 1., 0., 0., 0., 0., 0., 0.])
[2026-06-26 10:41:18,117][root][INFO] - Epoch: 4 | train acc: 0.9294, train loss: 2.29914460, valid acc: 0.9338, valid loss: 0.24570838, test acc: 0.9316, test loss: 0.24220163
[2026-06-26 10:41:20,513][root][INFO] - reg loss: 4.0252781049260555, entropy loss: 0.20510462137325755, leaf dev: 0.25
[2026-06-26 10:41:20,514][root][INFO] - Val leaf stats: tensor([0., 0., 1., 0., 0., 0., 0., 0., 0., 0., 0., 0., 0., 0., 0., 0.])
[2026-06-26 10:41:21,583][root][INFO] - Epoch: 4 | train acc: 0.9356, train loss: 2.68856487, valid acc: 0.9215, valid loss: 0.26620273, test acc: 0.9327, test loss: 0.24063200
[2026-06-26 10:41:21,597][root][INFO] - Epoch: 5 | train acc: 0.9121, train loss: 16.52338946, valid acc: 0.9047, valid loss: 0.34461459, test acc: 0.9085, test loss: 0.33370628
[2026-06-26 10:41:23,014][root][INFO] - Epoch: 4 | train acc: 0.9286, train loss: 16.33804521, valid acc: 0.9252, valid loss: 0.26488895, test acc: 0.9297, test loss: 0.24364268
[2026-06-26 10:41:23,282][root][INFO] - reg loss: 4.114073865818527, entropy loss: 0.1781480760788018, leaf dev: 0.2304733246564865
[2026-06-26 10:41:23,283][root][INFO] - Val leaf stats: tensor([0.0000, 0.0000, 0.0000, 0.0000, 0.0000, 0.0000, 0.0000, 0.0762, 0.0000,
        0.9238, 0.0000, 0.0000, 0.0000, 0.0000, 0.0000, 0.0000])
[2026-06-26 10:41:24,225][root][INFO] - Epoch: 4 | train acc: 0.9266, train loss: 32.38898590, valid acc: 0.9293, valid loss: 0.25785109, test acc: 0.9286, test loss: 0.25263884
[2026-06-26 10:41:24,330][root][INFO] - Epoch: 4 | train acc: 0.9266, train loss: 4.26214001, valid acc: 0.9300, valid loss: 0.25697883, test acc: 0.9282, test loss: 0.25291375
[2026-06-26 10:41:25,404][root][INFO] - Epoch: 5 | train acc: 0.9108, train loss: 32.48093018, valid acc: 0.9053, valid loss: 0.33086367, test acc: 0.9098, test loss: 0.32204690
[2026-06-26 10:41:26,523][root][INFO] - Epoch: 5 | train acc: 0.9329, train loss: 8.26124918, valid acc: 0.9260, valid loss: 0.25472631, test acc: 0.9331, test loss: 0.23274381
[2026-06-26 10:41:26,762][root][INFO] - reg loss: 4.053011124988772, entropy loss: 0.2101304992189947, leaf dev: 0.24995556473731995
[2026-06-26 10:41:26,764][root][INFO] - Val leaf stats: tensor([0.0000e+00, 0.0000e+00, 9.9983e-01, 1.6667e-04, 0.0000e+00, 0.0000e+00,
        0.0000e+00, 0.0000e+00, 0.0000e+00, 0.0000e+00, 0.0000e+00, 0.0000e+00,
        0.0000e+00, 0.0000e+00, 0.0000e+00, 0.0000e+00])
[2026-06-26 10:41:27,040][root][INFO] - reg loss: 4.9361541316194355, entropy loss: 0.24140943460307032, leaf dev: 0.16982868313789368
[2026-06-26 10:41:27,041][root][INFO] - Val leaf stats: tensor([0.0000, 0.0050, 0.4757, 0.0000, 0.5185, 0.0008, 0.0000, 0.0000, 0.0000,
        0.0000, 0.0000, 0.0000, 0.0000, 0.0000, 0.0000, 0.0000])
[2026-06-26 10:41:27,728][root][INFO] - Epoch: 4 | train acc: 0.9275, train loss: 4.27786101, valid acc: 0.9258, valid loss: 0.26895605, test acc: 0.9296, test loss: 0.25022624
[2026-06-26 10:41:28,019][root][INFO] - Epoch: 4 | train acc: 0.9320, train loss: 0.23393321, valid acc: 0.9000, valid loss: 0.31036009, test acc: 0.9189, test loss: 0.28562446
[2026-06-26 10:41:28,069][root][INFO] - Epoch: 4 | train acc: 0.8974, train loss: 4.80605872, valid acc: 0.9075, valid loss: 0.34472444, test acc: 0.9008, test loss: 0.35377724
[2026-06-26 10:41:28,176][root][INFO] - reg loss: 4.022881287448811, entropy loss: 0.21388096516987062, leaf dev: 0.25
[2026-06-26 10:41:28,177][root][INFO] - Val leaf stats: tensor([0., 0., 1., 0., 0., 0., 0., 0., 0., 0., 0., 0., 0., 0., 0., 0.])
[2026-06-26 10:41:28,941][root][INFO] - reg loss: 4.017139065940425, entropy loss: 0.18749284224127824, leaf dev: 0.25
[2026-06-26 10:41:28,942][root][INFO] - Val leaf stats: tensor([0., 0., 0., 0., 0., 0., 0., 0., 0., 1., 0., 0., 0., 0., 0., 0.])
[2026-06-26 10:41:29,151][root][INFO] - reg loss: 4.009578718329376, entropy loss: 0.18955061486307181, leaf dev: 0.25
[2026-06-26 10:41:29,152][root][INFO] - Val leaf stats: tensor([0., 0., 0., 0., 0., 0., 0., 0., 0., 1., 0., 0., 0., 0., 0., 0.])
[2026-06-26 10:41:30,049][root][INFO] - Epoch: 4 | train acc: 0.9084, train loss: 8.52322395, valid acc: 0.8985, valid loss: 0.35444242, test acc: 0.9021, test loss: 0.34326442
[2026-06-26 10:41:30,481][root][INFO] - reg loss: 4.0204828820138605, entropy loss: 0.20775573124300759, leaf dev: 0.25
[2026-06-26 10:41:30,482][root][INFO] - Val leaf stats: tensor([0., 0., 1., 0., 0., 0., 0., 0., 0., 0., 0., 0., 0., 0., 0., 0.])
[2026-06-26 10:41:31,890][root][INFO] - reg loss: 4.015029713792621, entropy loss: 0.21377984589000917, leaf dev: 0.25
[2026-06-26 10:41:31,891][root][INFO] - Val leaf stats: tensor([0., 0., 1., 0., 0., 0., 0., 0., 0., 0., 0., 0., 0., 0., 0., 0.])
[2026-06-26 10:41:32,932][root][INFO] - Epoch: 5 | train acc: 0.9401, train loss: 0.21444112, valid acc: 0.9218, valid loss: 0.26006055, test acc: 0.9282, test loss: 0.25064033
[2026-06-26 10:41:32,988][root][INFO] - reg loss: 4.024401637743104, entropy loss: 0.23442926187560242, leaf dev: 0.24982227385044098
[2026-06-26 10:41:32,989][root][INFO] - Val leaf stats: tensor([0.0000e+00, 0.0000e+00, 9.9933e-01, 0.0000e+00, 6.6667e-04, 0.0000e+00,
        0.0000e+00, 0.0000e+00, 0.0000e+00, 0.0000e+00, 0.0000e+00, 0.0000e+00,
        0.0000e+00, 0.0000e+00, 0.0000e+00, 0.0000e+00])
[2026-06-26 10:41:33,297][root][INFO] - reg loss: 4.4426836877498985, entropy loss: 0.16955333006269527, leaf dev: 0.1918114423751831
[2026-06-26 10:41:33,298][root][INFO] - Val leaf stats: tensor([0.0000, 0.0000, 0.0000, 0.0000, 0.0000, 0.0000, 0.0000, 0.1590, 0.0012,
        0.7638, 0.0752, 0.0000, 0.0000, 0.0000, 0.0000, 0.0008])
[2026-06-26 10:41:33,350][root][INFO] - reg loss: 10.433028095173386, entropy loss: 0.48775659051706205, leaf dev: 0.09042342752218246
[2026-06-26 10:41:33,355][root][INFO] - Val leaf stats: tensor([0.0005, 0.0000, 0.0238, 0.0003, 0.0155, 0.0852, 0.0348, 0.0000, 0.0967,
        0.0013, 0.0288, 0.2607, 0.0040, 0.1927, 0.0097, 0.2460])
[2026-06-26 10:41:34,430][root][INFO] - Epoch: 5 | train acc: 0.9160, train loss: 8.96401444, valid acc: 0.9093, valid loss: 0.32503590, test acc: 0.9102, test loss: 0.31699213
[2026-06-26 10:41:35,134][root][INFO] - reg loss: 4.096543599974434, entropy loss: 0.20812380060834704, leaf dev: 0.2499111294746399
[2026-06-26 10:41:35,135][root][INFO] - Val leaf stats: tensor([0.0000e+00, 0.0000e+00, 9.9967e-01, 3.3333e-04, 0.0000e+00, 0.0000e+00,
        0.0000e+00, 0.0000e+00, 0.0000e+00, 0.0000e+00, 0.0000e+00, 0.0000e+00,
        0.0000e+00, 0.0000e+00, 0.0000e+00, 0.0000e+00])
[2026-06-26 10:41:38,389][root][INFO] - reg loss: 7.494721462141793, entropy loss: 0.3965463210951607, leaf dev: 0.13776862621307373
[2026-06-26 10:41:38,390][root][INFO] - Val leaf stats: tensor([2.0500e-02, 3.3333e-04, 0.0000e+00, 0.0000e+00, 2.0817e-01, 3.1000e-01,
        1.6667e-04, 4.5000e-03, 0.0000e+00, 1.6667e-04, 0.0000e+00, 4.5533e-01,
        6.6667e-04, 0.0000e+00, 1.6667e-04, 0.0000e+00])
[2026-06-26 10:41:39,158][root][INFO] - Epoch: 5 | train acc: 0.9442, train loss: 0.18611802, valid acc: 0.9408, valid loss: 0.20554361, test acc: 0.9425, test loss: 0.20119428
[2026-06-26 10:41:39,821][root][INFO] - reg loss: 4.331536324519031, entropy loss: 0.17107904871117394, leaf dev: 0.22129954397678375
[2026-06-26 10:41:39,822][root][INFO] - Val leaf stats: tensor([0.0000e+00, 0.0000e+00, 0.0000e+00, 0.0000e+00, 0.0000e+00, 0.0000e+00,
        0.0000e+00, 0.0000e+00, 1.6667e-04, 8.8933e-01, 4.7333e-02, 0.0000e+00,
        3.3333e-04, 0.0000e+00, 0.0000e+00, 6.2833e-02])
[2026-06-26 10:41:44,676][root][INFO] - reg loss: 8.530113679058147, entropy loss: 0.4378997807232839, leaf dev: 0.11668600142002106
[2026-06-26 10:41:44,677][root][INFO] - Val leaf stats: tensor([6.6667e-04, 2.8333e-03, 4.1500e-02, 1.8833e-02, 7.5333e-02, 1.0033e-01,
        0.0000e+00, 0.0000e+00, 4.3333e-03, 3.9750e-01, 0.0000e+00, 0.0000e+00,
        6.3667e-02, 2.9467e-01, 3.3333e-04, 0.0000e+00])
[2026-06-26 10:41:45,518][root][INFO] - Epoch: 5 | train acc: 0.9269, train loss: 2.62887278, valid acc: 0.9175, valid loss: 0.28939281, test acc: 0.9242, test loss: 0.26482843
[2026-06-26 10:41:46,267][root][INFO] - Epoch: 5 | train acc: 0.9157, train loss: 2.95072729, valid acc: 0.9030, valid loss: 0.33075280, test acc: 0.9009, test loss: 0.33729117
[2026-06-26 10:41:46,775][root][INFO] - Epoch: 5 | train acc: 0.9180, train loss: 4.49809068, valid acc: 0.8973, valid loss: 0.34367419, test acc: 0.9059, test loss: 0.33287820
[2026-06-26 10:41:50,023][root][INFO] - Epoch: 5 | train acc: 0.9278, train loss: 0.25471093, valid acc: 0.9212, valid loss: 0.29773195, test acc: 0.9177, test loss: 0.28694792
[2026-06-26 10:41:51,385][root][INFO] - reg loss: 4.744268480336891, entropy loss: 0.2174025093609432, leaf dev: 0.17667968571186066
[2026-06-26 10:41:51,386][root][INFO] - Val leaf stats: tensor([0.0000e+00, 1.6667e-04, 6.5600e-01, 3.1583e-01, 2.5333e-02, 0.0000e+00,
        0.0000e+00, 0.0000e+00, 0.0000e+00, 0.0000e+00, 0.0000e+00, 0.0000e+00,
        0.0000e+00, 0.0000e+00, 0.0000e+00, 2.6667e-03])
[2026-06-26 10:41:51,979][root][INFO] - reg loss: 5.323800865209328, entropy loss: 0.20623212504499364, leaf dev: 0.17909979820251465
[2026-06-26 10:41:51,980][root][INFO] - Val leaf stats: tensor([0.0000, 0.0000, 0.0000, 0.0000, 0.0000, 0.0000, 0.1588, 0.1337, 0.0000,
        0.7075, 0.0000, 0.0000, 0.0000, 0.0000, 0.0000, 0.0000])
[2026-06-26 10:41:52,286][root][INFO] - reg loss: 4.214319080676672, entropy loss: 0.2111035891861286, leaf dev: 0.2285422533750534
[2026-06-26 10:41:52,287][root][INFO] - Val leaf stats: tensor([0.0000e+00, 8.3333e-04, 9.1600e-01, 8.3167e-02, 0.0000e+00, 0.0000e+00,
        0.0000e+00, 0.0000e+00, 0.0000e+00, 0.0000e+00, 0.0000e+00, 0.0000e+00,
        0.0000e+00, 0.0000e+00, 0.0000e+00, 0.0000e+00])
[2026-06-26 10:41:53,551][root][INFO] - Epoch: 6 | train acc: 0.9353, train loss: 8.23989976, valid acc: 0.9345, valid loss: 0.23728706, test acc: 0.9327, test loss: 0.22956302
[2026-06-26 10:41:55,100][root][INFO] - reg loss: 8.29441411090347, entropy loss: 0.38955203738977323, leaf dev: 0.11958242207765579
[2026-06-26 10:41:55,101][root][INFO] - Val leaf stats: tensor([5.0000e-03, 1.4500e-02, 8.0833e-02, 8.0333e-02, 5.5000e-03, 9.3333e-03,
        1.6667e-03, 8.7667e-02, 3.7617e-01, 0.0000e+00, 3.3833e-01, 3.3333e-04,
        3.3333e-04, 0.0000e+00, 0.0000e+00, 0.0000e+00])
[2026-06-26 10:41:56,557][root][INFO] - Epoch: 5 | train acc: 0.9109, train loss: 16.58884223, valid acc: 0.9032, valid loss: 0.34912843, test acc: 0.9060, test loss: 0.32964637
[2026-06-26 10:41:58,956][root][INFO] - reg loss: 4.007043631571643, entropy loss: 0.18658925775649413, leaf dev: 0.25
[2026-06-26 10:41:58,957][root][INFO] - Val leaf stats: tensor([0., 0., 0., 0., 0., 0., 0., 0., 0., 1., 0., 0., 0., 0., 0., 0.])
[2026-06-26 10:42:01,288][root][INFO] - Epoch: 5 | train acc: 0.9329, train loss: 32.38297182, valid acc: 0.9262, valid loss: 0.25449457, test acc: 0.9337, test loss: 0.23294558
[2026-06-26 10:42:01,752][root][INFO] - reg loss: 4.068578243255615, entropy loss: 0.1748877209874819, leaf dev: 0.24982227385044098
[2026-06-26 10:42:01,753][root][INFO] - Val leaf stats: tensor([0.0000e+00, 0.0000e+00, 0.0000e+00, 0.0000e+00, 0.0000e+00, 0.0000e+00,
        0.0000e+00, 0.0000e+00, 0.0000e+00, 9.9933e-01, 6.6667e-04, 0.0000e+00,
        0.0000e+00, 0.0000e+00, 0.0000e+00, 0.0000e+00])
[2026-06-26 10:42:02,941][root][INFO] - Epoch: 5 | train acc: 0.9333, train loss: 2.31971215, valid acc: 0.9342, valid loss: 0.23728885, test acc: 0.9354, test loss: 0.22903944
[2026-06-26 10:42:05,807][root][INFO] - Epoch: 6 | train acc: 0.9165, train loss: 16.52863790, valid acc: 0.9042, valid loss: 0.34022913, test acc: 0.9107, test loss: 0.32573184
[2026-06-26 10:42:06,605][root][INFO] - Epoch: 5 | train acc: 0.9407, train loss: 2.64829815, valid acc: 0.9252, valid loss: 0.25376169, test acc: 0.9318, test loss: 0.24318742
[2026-06-26 10:42:06,768][root][INFO] - reg loss: 4.018960282487689, entropy loss: 0.2045268586502885, leaf dev: 0.25
[2026-06-26 10:42:06,769][root][INFO] - Val leaf stats: tensor([0., 0., 1., 0., 0., 0., 0., 0., 0., 0., 0., 0., 0., 0., 0., 0.])
[2026-06-26 10:42:07,831][root][INFO] - Epoch: 5 | train acc: 0.9326, train loss: 16.30065940, valid acc: 0.9260, valid loss: 0.25460710, test acc: 0.9333, test loss: 0.23331009
[2026-06-26 10:42:08,214][root][INFO] - reg loss: 4.183414666157849, entropy loss: 0.17697151159902788, leaf dev: 0.22965778410434723
[2026-06-26 10:42:08,215][root][INFO] - Val leaf stats: tensor([0.0000, 0.0000, 0.0000, 0.0000, 0.0000, 0.0000, 0.0000, 0.0795, 0.0000,
        0.9205, 0.0000, 0.0000, 0.0000, 0.0000, 0.0000, 0.0000])
[2026-06-26 10:42:08,671][root][INFO] - Epoch: 5 | train acc: 0.9311, train loss: 4.24725761, valid acc: 0.9325, valid loss: 0.24735471, test acc: 0.9329, test loss: 0.24052139
[2026-06-26 10:42:08,692][root][INFO] - Epoch: 5 | train acc: 0.9312, train loss: 32.34131989, valid acc: 0.9323, valid loss: 0.24786135, test acc: 0.9337, test loss: 0.23947400
[2026-06-26 10:42:10,349][root][INFO] - Epoch: 6 | train acc: 0.9365, train loss: 8.24394685, valid acc: 0.9285, valid loss: 0.24670935, test acc: 0.9372, test loss: 0.22590199
[2026-06-26 10:42:10,757][root][INFO] - reg loss: 4.057595545390867, entropy loss: 0.21020296961069107, leaf dev: 0.24995556473731995
[2026-06-26 10:42:10,758][root][INFO] - Val leaf stats: tensor([0.0000e+00, 0.0000e+00, 9.9983e-01, 1.6667e-04, 0.0000e+00, 0.0000e+00,
        0.0000e+00, 0.0000e+00, 0.0000e+00, 0.0000e+00, 0.0000e+00, 0.0000e+00,
        0.0000e+00, 0.0000e+00, 0.0000e+00, 0.0000e+00])
[2026-06-26 10:42:11,041][root][INFO] - Epoch: 6 | train acc: 0.9142, train loss: 32.43842283, valid acc: 0.9058, valid loss: 0.32348159, test acc: 0.9143, test loss: 0.31077323
[2026-06-26 10:42:11,626][root][INFO] - reg loss: 4.887237926699081, entropy loss: 0.23712696528659677, leaf dev: 0.16792459785938263
[2026-06-26 10:42:11,627][root][INFO] - Val leaf stats: tensor([0.0000, 0.0108, 0.4985, 0.0000, 0.4867, 0.0040, 0.0000, 0.0000, 0.0000,
        0.0000, 0.0000, 0.0000, 0.0000, 0.0000, 0.0000, 0.0000])
[2026-06-26 10:42:12,239][root][INFO] - Epoch: 5 | train acc: 0.9346, train loss: 0.22455441, valid acc: 0.9213, valid loss: 0.25707735, test acc: 0.9291, test loss: 0.23468099
[2026-06-26 10:42:12,291][root][INFO] - Epoch: 5 | train acc: 0.9322, train loss: 4.26639080, valid acc: 0.9283, valid loss: 0.25836883, test acc: 0.9307, test loss: 0.24048917
[2026-06-26 10:42:12,409][root][INFO] - Epoch: 5 | train acc: 0.9099, train loss: 4.91422475, valid acc: 0.9075, valid loss: 0.33069499, test acc: 0.9036, test loss: 0.33687597
[2026-06-26 10:42:12,886][root][INFO] - reg loss: 4.0171937357704595, entropy loss: 0.21334911362742479, leaf dev: 0.25
[2026-06-26 10:42:12,886][root][INFO] - Val leaf stats: tensor([0., 0., 1., 0., 0., 0., 0., 0., 0., 0., 0., 0., 0., 0., 0., 0.])
[2026-06-26 10:42:13,797][root][INFO] - reg loss: 4.008056060323176, entropy loss: 0.1891912339993243, leaf dev: 0.24995556473731995
[2026-06-26 10:42:13,798][root][INFO] - Val leaf stats: tensor([0.0000e+00, 0.0000e+00, 0.0000e+00, 0.0000e+00, 0.0000e+00, 0.0000e+00,
        0.0000e+00, 0.0000e+00, 1.6667e-04, 9.9983e-01, 0.0000e+00, 0.0000e+00,
        0.0000e+00, 0.0000e+00, 0.0000e+00, 0.0000e+00])
[2026-06-26 10:42:13,829][root][INFO] - reg loss: 4.0128727768951995, entropy loss: 0.18705723898590737, leaf dev: 0.25
[2026-06-26 10:42:13,830][root][INFO] - Val leaf stats: tensor([0., 0., 0., 0., 0., 0., 0., 0., 0., 1., 0., 0., 0., 0., 0., 0.])
[2026-06-26 10:42:14,541][root][INFO] - Epoch: 5 | train acc: 0.9121, train loss: 8.51054837, valid acc: 0.9007, valid loss: 0.34445778, test acc: 0.9052, test loss: 0.33406219
[2026-06-26 10:42:16,008][root][INFO] - reg loss: 4.016544890853594, entropy loss: 0.20732773742023505, leaf dev: 0.25
[2026-06-26 10:42:16,009][root][INFO] - Val leaf stats: tensor([0., 0., 1., 0., 0., 0., 0., 0., 0., 0., 0., 0., 0., 0., 0., 0.])
[2026-06-26 10:42:16,289][root][INFO] - reg loss: 4.012673953794083, entropy loss: 0.21346841527605956, leaf dev: 0.25
[2026-06-26 10:42:16,290][root][INFO] - Val leaf stats: tensor([0., 0., 1., 0., 0., 0., 0., 0., 0., 0., 0., 0., 0., 0., 0., 0.])
[2026-06-26 10:42:16,742][root][INFO] - Epoch: 6 | train acc: 0.9451, train loss: 0.19122589, valid acc: 0.9352, valid loss: 0.21661118, test acc: 0.9409, test loss: 0.21077806
[2026-06-26 10:42:17,686][root][INFO] - reg loss: 10.457650877394766, entropy loss: 0.4943235882048337, leaf dev: 0.0729500874876976
[2026-06-26 10:42:17,688][root][INFO] - Val leaf stats: tensor([3.6667e-03, 1.0000e-03, 1.0033e-01, 3.0000e-03, 6.6667e-03, 1.0733e-01,
        4.5833e-02, 0.0000e+00, 1.2200e-01, 1.6667e-04, 2.7667e-02, 2.1583e-01,
        2.0333e-02, 1.4283e-01, 1.5500e-02, 1.8783e-01])
[2026-06-26 10:42:17,705][root][INFO] - reg loss: 4.596973833048119, entropy loss: 0.16620114150474657, leaf dev: 0.19805903732776642
[2026-06-26 10:42:17,706][root][INFO] - Val leaf stats: tensor([0.0000, 0.0000, 0.0000, 0.0000, 0.0000, 0.0000, 0.0000, 0.1372, 0.0000,
        0.7920, 0.0695, 0.0000, 0.0000, 0.0000, 0.0000, 0.0013])
[2026-06-26 10:42:17,751][root][INFO] - reg loss: 4.029243203828919, entropy loss: 0.23423532832343624, leaf dev: 0.24977783858776093
[2026-06-26 10:42:17,752][root][INFO] - Val leaf stats: tensor([0.0000e+00, 0.0000e+00, 9.9917e-01, 1.6667e-04, 6.6667e-04, 0.0000e+00,
        0.0000e+00, 0.0000e+00, 0.0000e+00, 0.0000e+00, 0.0000e+00, 0.0000e+00,
        0.0000e+00, 0.0000e+00, 0.0000e+00, 0.0000e+00])
[2026-06-26 10:42:18,798][root][INFO] - Epoch: 6 | train acc: 0.9215, train loss: 9.03905877, valid acc: 0.9148, valid loss: 0.31792824, test acc: 0.9119, test loss: 0.31727450
[2026-06-26 10:42:20,137][root][INFO] - reg loss: 4.099609541443159, entropy loss: 0.20779686097828848, leaf dev: 0.24982227385044098
[2026-06-26 10:42:20,138][root][INFO] - Val leaf stats: tensor([0.0000e+00, 0.0000e+00, 9.9933e-01, 6.6667e-04, 0.0000e+00, 0.0000e+00,
        0.0000e+00, 0.0000e+00, 0.0000e+00, 0.0000e+00, 0.0000e+00, 0.0000e+00,
        0.0000e+00, 0.0000e+00, 0.0000e+00, 0.0000e+00])
[2026-06-26 10:42:22,057][root][INFO] - Epoch: 6 | train acc: 0.9407, train loss: 0.20044820, valid acc: 0.9295, valid loss: 0.24443346, test acc: 0.9354, test loss: 0.22887325
[2026-06-26 10:42:22,057][root][INFO] - reg loss: 6.995098024044397, entropy loss: 0.37855438916188366, leaf dev: 0.13591058552265167
[2026-06-26 10:42:22,058][root][INFO] - Val leaf stats: tensor([3.0000e-02, 1.6667e-04, 0.0000e+00, 0.0000e+00, 2.7383e-01, 2.2950e-01,
        0.0000e+00, 5.6667e-03, 0.0000e+00, 1.6667e-04, 0.0000e+00, 4.5933e-01,
        1.0000e-03, 0.0000e+00, 3.3333e-04, 0.0000e+00])
[2026-06-26 10:42:24,042][root][INFO] - reg loss: 4.3775532290620625, entropy loss: 0.1713254173409264, leaf dev: 0.22000038623809814
[2026-06-26 10:42:24,043][root][INFO] - Val leaf stats: tensor([0.0000e+00, 0.0000e+00, 0.0000e+00, 0.0000e+00, 0.0000e+00, 0.0000e+00,
        0.0000e+00, 0.0000e+00, 6.6667e-04, 8.8417e-01, 6.5833e-02, 0.0000e+00,
        1.6667e-04, 0.0000e+00, 0.0000e+00, 4.9167e-02])
[2026-06-26 10:42:27,852][root][INFO] - reg loss: 8.012294584850096, entropy loss: 0.4222580070765513, leaf dev: 0.11476387828588486
[2026-06-26 10:42:27,853][root][INFO] - Val leaf stats: tensor([0.0000, 0.0008, 0.0038, 0.0007, 0.0163, 0.1140, 0.0000, 0.0000, 0.0973,
        0.4157, 0.0000, 0.0000, 0.1382, 0.2132, 0.0000, 0.0000])
[2026-06-26 10:42:30,610][root][INFO] - Epoch: 6 | train acc: 0.9199, train loss: 4.48688393, valid acc: 0.9102, valid loss: 0.30890845, test acc: 0.9174, test loss: 0.28446710
[2026-06-26 10:42:31,129][root][INFO] - Epoch: 6 | train acc: 0.9166, train loss: 2.86434316, valid acc: 0.9000, valid loss: 0.32970206, test acc: 0.9029, test loss: 0.32046519
[2026-06-26 10:42:31,549][root][INFO] - Epoch: 6 | train acc: 0.9288, train loss: 2.59646655, valid acc: 0.9198, valid loss: 0.28031163, test acc: 0.9257, test loss: 0.26109094
[2026-06-26 10:42:34,679][root][INFO] - Epoch: 6 | train acc: 0.9277, train loss: 0.25170837, valid acc: 0.9257, valid loss: 0.27297946, test acc: 0.9232, test loss: 0.26405240
[2026-06-26 10:42:36,089][root][INFO] - reg loss: 4.20719257390724, entropy loss: 0.2090842528444416, leaf dev: 0.220282182097435
[2026-06-26 10:42:36,090][root][INFO] - Val leaf stats: tensor([0.0000, 0.0020, 0.8813, 0.1167, 0.0000, 0.0000, 0.0000, 0.0000, 0.0000,
        0.0000, 0.0000, 0.0000, 0.0000, 0.0000, 0.0000, 0.0000])
[2026-06-26 10:42:36,649][root][INFO] - reg loss: 5.15264201614092, entropy loss: 0.19756687221662053, leaf dev: 0.1626376509666443
[2026-06-26 10:42:36,650][root][INFO] - Val leaf stats: tensor([0.0000, 0.0000, 0.0000, 0.0000, 0.0000, 0.0000, 0.0535, 0.4082, 0.0000,
        0.5383, 0.0000, 0.0000, 0.0000, 0.0000, 0.0000, 0.0000])
[2026-06-26 10:42:36,960][root][INFO] - reg loss: 4.696232485321333, entropy loss: 0.21225634610877847, leaf dev: 0.17959673702716827
[2026-06-26 10:42:36,962][root][INFO] - Val leaf stats: tensor([0.0000e+00, 1.6667e-04, 6.6617e-01, 3.2000e-01, 1.2000e-02, 0.0000e+00,
        0.0000e+00, 0.0000e+00, 0.0000e+00, 0.0000e+00, 0.0000e+00, 0.0000e+00,
        0.0000e+00, 0.0000e+00, 0.0000e+00, 1.6667e-03])
[2026-06-26 10:42:37,149][root][INFO] - Epoch: 7 | train acc: 0.9381, train loss: 8.22698289, valid acc: 0.9338, valid loss: 0.22679579, test acc: 0.9351, test loss: 0.22317738
[2026-06-26 10:42:39,942][root][INFO] - reg loss: 7.693062660829076, entropy loss: 0.3678190643494984, leaf dev: 0.12108141928911209
[2026-06-26 10:42:39,943][root][INFO] - Val leaf stats: tensor([7.3333e-03, 2.1833e-02, 1.0700e-01, 8.7000e-02, 3.1667e-03, 7.1667e-03,
        1.0333e-02, 3.4667e-02, 3.8950e-01, 0.0000e+00, 3.3133e-01, 3.3333e-04,
        3.3333e-04, 0.0000e+00, 0.0000e+00, 0.0000e+00])
[2026-06-26 10:42:40,748][root][INFO] - Epoch: 6 | train acc: 0.9155, train loss: 16.59346451, valid acc: 0.9052, valid loss: 0.34043130, test acc: 0.9072, test loss: 0.32225022
[2026-06-26 10:42:42,500][root][INFO] - reg loss: 4.005707898229923, entropy loss: 0.18640319749994097, leaf dev: 0.25
[2026-06-26 10:42:42,501][root][INFO] - Val leaf stats: tensor([0., 0., 0., 0., 0., 0., 0., 0., 0., 1., 0., 0., 0., 0., 0., 0.])
[2026-06-26 10:42:45,500][root][INFO] - reg loss: 4.074391261586603, entropy loss: 0.1740268162398968, leaf dev: 0.24960027635097504
[2026-06-26 10:42:45,501][root][INFO] - Val leaf stats: tensor([0.0000, 0.0000, 0.0000, 0.0000, 0.0000, 0.0000, 0.0000, 0.0000, 0.0000,
        0.9985, 0.0015, 0.0000, 0.0000, 0.0000, 0.0000, 0.0000])
[2026-06-26 10:42:45,686][root][INFO] - Epoch: 6 | train acc: 0.9366, train loss: 32.33752474, valid acc: 0.9285, valid loss: 0.24665453, test acc: 0.9370, test loss: 0.22597995
[2026-06-26 10:42:48,152][root][INFO] - Epoch: 6 | train acc: 0.9377, train loss: 2.28751176, valid acc: 0.9353, valid loss: 0.22865115, test acc: 0.9346, test loss: 0.22069873
[2026-06-26 10:42:48,527][root][INFO] - Epoch: 7 | train acc: 0.9200, train loss: 16.53295589, valid acc: 0.9055, valid loss: 0.33526238, test acc: 0.9092, test loss: 0.32224733
[2026-06-26 10:42:50,365][root][INFO] - Epoch: 6 | train acc: 0.9460, train loss: 2.63894573, valid acc: 0.9253, valid loss: 0.24776734, test acc: 0.9326, test loss: 0.23014545
[2026-06-26 10:42:50,592][root][INFO] - reg loss: 4.014850598461223, entropy loss: 0.20409167009704518, leaf dev: 0.25
[2026-06-26 10:42:50,593][root][INFO] - Val leaf stats: tensor([0., 0., 1., 0., 0., 0., 0., 0., 0., 0., 0., 0., 0., 0., 0., 0.])
[2026-06-26 10:42:51,584][root][INFO] - Epoch: 6 | train acc: 0.9367, train loss: 16.27341695, valid acc: 0.9293, valid loss: 0.24686549, test acc: 0.9364, test loss: 0.22665036
[2026-06-26 10:42:52,664][root][INFO] - Epoch: 6 | train acc: 0.9334, train loss: 4.23517622, valid acc: 0.9318, valid loss: 0.24016628, test acc: 0.9313, test loss: 0.23240371
[2026-06-26 10:42:52,942][root][INFO] - Epoch: 6 | train acc: 0.9349, train loss: 32.30716166, valid acc: 0.9338, valid loss: 0.23861428, test acc: 0.9327, test loss: 0.23104621
[2026-06-26 10:42:53,412][root][INFO] - reg loss: 4.147978184358129, entropy loss: 0.17256470910220775, leaf dev: 0.2310873121023178
[2026-06-26 10:42:53,413][root][INFO] - Val leaf stats: tensor([0.0000, 0.0000, 0.0000, 0.0000, 0.0000, 0.0000, 0.0000, 0.0737, 0.0000,
        0.9263, 0.0000, 0.0000, 0.0000, 0.0000, 0.0000, 0.0000])
[2026-06-26 10:42:53,428][root][INFO] - reg loss: 4.0618005743566545, entropy loss: 0.21025346753732213, leaf dev: 0.2499111294746399
[2026-06-26 10:42:53,429][root][INFO] - Val leaf stats: tensor([0.0000e+00, 0.0000e+00, 9.9967e-01, 3.3333e-04, 0.0000e+00, 0.0000e+00,
        0.0000e+00, 0.0000e+00, 0.0000e+00, 0.0000e+00, 0.0000e+00, 0.0000e+00,
        0.0000e+00, 0.0000e+00, 0.0000e+00, 0.0000e+00])
[2026-06-26 10:42:55,197][root][INFO] - reg loss: 4.901166996865903, entropy loss: 0.23573292060843054, leaf dev: 0.1668095886707306
[2026-06-26 10:42:55,198][root][INFO] - Val leaf stats: tensor([0.0000, 0.0137, 0.4750, 0.0000, 0.5040, 0.0073, 0.0000, 0.0000, 0.0000,
        0.0000, 0.0000, 0.0000, 0.0000, 0.0000, 0.0000, 0.0000])
[2026-06-26 10:42:55,253][root][INFO] - Epoch: 7 | train acc: 0.9389, train loss: 8.23229842, valid acc: 0.9313, valid loss: 0.23830164, test acc: 0.9387, test loss: 0.21653205
[2026-06-26 10:42:55,582][root][INFO] - Epoch: 7 | train acc: 0.9165, train loss: 32.40663770, valid acc: 0.9085, valid loss: 0.32116414, test acc: 0.9134, test loss: 0.30821931
[2026-06-26 10:42:56,665][root][INFO] - reg loss: 4.013542413711548, entropy loss: 0.21295082808103202, leaf dev: 0.25
[2026-06-26 10:42:56,666][root][INFO] - Val leaf stats: tensor([0., 0., 1., 0., 0., 0., 0., 0., 0., 0., 0., 0., 0., 0., 0., 0.])
[2026-06-26 10:42:56,713][root][INFO] - Epoch: 6 | train acc: 0.9352, train loss: 0.21952082, valid acc: 0.9238, valid loss: 0.25136275, test acc: 0.9271, test loss: 0.24288772
[2026-06-26 10:42:57,097][root][INFO] - Epoch: 6 | train acc: 0.9363, train loss: 4.27702788, valid acc: 0.9298, valid loss: 0.24788586, test acc: 0.9349, test loss: 0.23137662
[2026-06-26 10:42:57,354][root][INFO] - reg loss: 4.007459303118148, entropy loss: 0.18893635104287346, leaf dev: 0.24995556473731995
[2026-06-26 10:42:57,355][root][INFO] - Val leaf stats: tensor([0.0000e+00, 0.0000e+00, 0.0000e+00, 0.0000e+00, 0.0000e+00, 0.0000e+00,
        0.0000e+00, 0.0000e+00, 1.6667e-04, 9.9983e-01, 0.0000e+00, 0.0000e+00,
        0.0000e+00, 0.0000e+00, 0.0000e+00, 0.0000e+00])
[2026-06-26 10:42:57,357][root][INFO] - Epoch: 6 | train acc: 0.9168, train loss: 4.91189525, valid acc: 0.9157, valid loss: 0.31195875, test acc: 0.9127, test loss: 0.30951209
[2026-06-26 10:42:58,021][root][INFO] - Epoch: 6 | train acc: 0.9159, train loss: 8.49971392, valid acc: 0.9042, valid loss: 0.33456486, test acc: 0.9112, test loss: 0.32017112
[2026-06-26 10:42:58,075][root][INFO] - reg loss: 4.0100749663586885, entropy loss: 0.1867782491839157, leaf dev: 0.25
[2026-06-26 10:42:58,077][root][INFO] - Val leaf stats: tensor([0., 0., 0., 0., 0., 0., 0., 0., 0., 1., 0., 0., 0., 0., 0., 0.])
[2026-06-26 10:43:00,389][root][INFO] - reg loss: 4.0119250990309805, entropy loss: 0.2132873961104537, leaf dev: 0.25
[2026-06-26 10:43:00,389][root][INFO] - Val leaf stats: tensor([0., 0., 1., 0., 0., 0., 0., 0., 0., 0., 0., 0., 0., 0., 0., 0.])
[2026-06-26 10:43:00,461][root][INFO] - reg loss: 4.013819636039014, entropy loss: 0.20704658385717645, leaf dev: 0.25
[2026-06-26 10:43:00,462][root][INFO] - Val leaf stats: tensor([0., 0., 1., 0., 0., 0., 0., 0., 0., 0., 0., 0., 0., 0., 0., 0.])
[2026-06-26 10:43:00,725][root][INFO] - Epoch: 7 | train acc: 0.9520, train loss: 0.17011910, valid acc: 0.9352, valid loss: 0.21310772, test acc: 0.9429, test loss: 0.20284834
[2026-06-26 10:43:02,165][root][INFO] - reg loss: 10.060682638636175, entropy loss: 0.4589754300859739, leaf dev: 0.08535373210906982
[2026-06-26 10:43:02,166][root][INFO] - Val leaf stats: tensor([1.1000e-02, 0.0000e+00, 1.8150e-01, 2.6000e-02, 0.0000e+00, 0.0000e+00,
        1.6833e-02, 2.8833e-02, 6.3833e-02, 1.6667e-04, 6.1167e-02, 2.6300e-01,
        0.0000e+00, 1.8117e-01, 1.8333e-03, 1.6467e-01])
[2026-06-26 10:43:02,450][root][INFO] - reg loss: 4.052957152420619, entropy loss: 0.23421890443226076, leaf dev: 0.24893416464328766
[2026-06-26 10:43:02,452][root][INFO] - Val leaf stats: tensor([0.0000e+00, 2.3333e-03, 9.9600e-01, 3.3333e-04, 1.3333e-03, 0.0000e+00,
        0.0000e+00, 0.0000e+00, 0.0000e+00, 0.0000e+00, 0.0000e+00, 0.0000e+00,
        0.0000e+00, 0.0000e+00, 0.0000e+00, 0.0000e+00])
[2026-06-26 10:43:02,881][root][INFO] - reg loss: 4.62063146537205, entropy loss: 0.16179079393733223, leaf dev: 0.17408417165279388
[2026-06-26 10:43:02,882][root][INFO] - Val leaf stats: tensor([0.0000, 0.0000, 0.0000, 0.0000, 0.0000, 0.0000, 0.0000, 0.1495, 0.0000,
        0.6835, 0.1660, 0.0000, 0.0000, 0.0000, 0.0000, 0.0010])
[2026-06-26 10:43:03,197][root][INFO] - Epoch: 7 | train acc: 0.9242, train loss: 9.07215891, valid acc: 0.9177, valid loss: 0.30002730, test acc: 0.9161, test loss: 0.29514159
[2026-06-26 10:43:03,424][root][INFO] - reg loss: 4.100227391944741, entropy loss: 0.2072900873872469, leaf dev: 0.25
[2026-06-26 10:43:03,425][root][INFO] - Val leaf stats: tensor([0., 0., 1., 0., 0., 0., 0., 0., 0., 0., 0., 0., 0., 0., 0., 0.])
[2026-06-26 10:43:05,530][root][INFO] - Epoch: 7 | train acc: 0.9388, train loss: 0.21198557, valid acc: 0.9367, valid loss: 0.22178179, test acc: 0.9385, test loss: 0.21572428
[2026-06-26 10:43:05,957][root][INFO] - reg loss: 7.036954079034193, entropy loss: 0.3808105472686156, leaf dev: 0.1291738748550415
[2026-06-26 10:43:05,958][root][INFO] - Val leaf stats: tensor([3.9333e-02, 1.6667e-04, 0.0000e+00, 0.0000e+00, 2.5367e-01, 2.7733e-01,
        6.6667e-04, 1.5333e-02, 1.6667e-04, 1.6667e-04, 0.0000e+00, 4.1200e-01,
        1.0000e-03, 0.0000e+00, 1.6667e-04, 0.0000e+00])
[2026-06-26 10:43:08,668][root][INFO] - reg loss: 4.3999353399816545, entropy loss: 0.16996703254726697, leaf dev: 0.21594564616680145
[2026-06-26 10:43:08,669][root][INFO] - Val leaf stats: tensor([0.0000e+00, 0.0000e+00, 0.0000e+00, 0.0000e+00, 0.0000e+00, 0.0000e+00,
        0.0000e+00, 0.0000e+00, 5.1667e-03, 8.6833e-01, 6.6167e-02, 0.0000e+00,
        5.0000e-04, 0.0000e+00, 0.0000e+00, 5.9833e-02])
[2026-06-26 10:43:11,198][root][INFO] - reg loss: 7.157014545404686, entropy loss: 0.38172631781056243, leaf dev: 0.11020440608263016
[2026-06-26 10:43:11,199][root][INFO] - Val leaf stats: tensor([0.0000e+00, 1.6667e-03, 9.5000e-03, 2.8333e-03, 2.1500e-02, 1.3983e-01,
        1.6667e-04, 0.0000e+00, 3.2667e-02, 2.9133e-01, 0.0000e+00, 0.0000e+00,
        1.6850e-01, 3.3200e-01, 0.0000e+00, 0.0000e+00])
[2026-06-26 10:43:13,276][root][INFO] - Epoch: 7 | train acc: 0.9255, train loss: 4.59360148, valid acc: 0.9168, valid loss: 0.28841212, test acc: 0.9249, test loss: 0.26414272
[2026-06-26 10:43:16,202][root][INFO] - Epoch: 7 | train acc: 0.9302, train loss: 2.57121511, valid acc: 0.9193, valid loss: 0.28046671, test acc: 0.9267, test loss: 0.26331232
[2026-06-26 10:43:16,215][root][INFO] - Epoch: 7 | train acc: 0.9171, train loss: 2.75943369, valid acc: 0.9180, valid loss: 0.27501439, test acc: 0.9239, test loss: 0.26522897
[2026-06-26 10:43:17,515][root][INFO] - Epoch: 7 | train acc: 0.9370, train loss: 0.22072300, valid acc: 0.9290, valid loss: 0.25904372, test acc: 0.9274, test loss: 0.25809785
[2026-06-26 10:43:18,690][root][INFO] - reg loss: 4.335261556337464, entropy loss: 0.21190667517904965, leaf dev: 0.20582064986228943
[2026-06-26 10:43:18,691][root][INFO] - Val leaf stats: tensor([0.0000, 0.0032, 0.8155, 0.1813, 0.0000, 0.0000, 0.0000, 0.0000, 0.0000,
        0.0000, 0.0000, 0.0000, 0.0000, 0.0000, 0.0000, 0.0000])
[2026-06-26 10:43:20,821][root][INFO] - Epoch: 8 | train acc: 0.9409, train loss: 8.21537490, valid acc: 0.9367, valid loss: 0.22175027, test acc: 0.9380, test loss: 0.21285688
[2026-06-26 10:43:21,888][root][INFO] - reg loss: 4.943594527694414, entropy loss: 0.18341204650559514, leaf dev: 0.16248716413974762
[2026-06-26 10:43:21,889][root][INFO] - Val leaf stats: tensor([0.0000e+00, 0.0000e+00, 0.0000e+00, 0.0000e+00, 0.0000e+00, 0.0000e+00,
        8.3500e-02, 3.3183e-01, 0.0000e+00, 5.8433e-01, 3.3333e-04, 0.0000e+00,
        0.0000e+00, 0.0000e+00, 0.0000e+00, 0.0000e+00])
[2026-06-26 10:43:22,117][root][INFO] - reg loss: 4.656200912763488, entropy loss: 0.2083321639670516, leaf dev: 0.18243171274662018
[2026-06-26 10:43:22,118][root][INFO] - Val leaf stats: tensor([0.0000e+00, 1.6667e-04, 6.9233e-01, 2.8633e-01, 2.0167e-02, 0.0000e+00,
        0.0000e+00, 0.0000e+00, 0.0000e+00, 0.0000e+00, 0.0000e+00, 0.0000e+00,
        0.0000e+00, 0.0000e+00, 0.0000e+00, 1.0000e-03])
[2026-06-26 10:43:23,003][root][INFO] - reg loss: 7.808521855552241, entropy loss: 0.36590587305572797, leaf dev: 0.11505982279777527
[2026-06-26 10:43:23,004][root][INFO] - Val leaf stats: tensor([0.0208, 0.0362, 0.1337, 0.0458, 0.0015, 0.0128, 0.0153, 0.0457, 0.3682,
        0.0012, 0.3183, 0.0000, 0.0005, 0.0000, 0.0000, 0.0000])
[2026-06-26 10:43:24,738][root][INFO] - Epoch: 7 | train acc: 0.9189, train loss: 16.59362541, valid acc: 0.9052, valid loss: 0.33892055, test acc: 0.9075, test loss: 0.32037631
[2026-06-26 10:43:26,004][root][INFO] - reg loss: 4.004745717318553, entropy loss: 0.18627891155346385, leaf dev: 0.25
[2026-06-26 10:43:26,005][root][INFO] - Val leaf stats: tensor([0., 0., 0., 0., 0., 0., 0., 0., 0., 1., 0., 0., 0., 0., 0., 0.])
[2026-06-26 10:43:29,717][root][INFO] - reg loss: 4.077010559585859, entropy loss: 0.17335002531982818, leaf dev: 0.2496446669101715
[2026-06-26 10:43:29,718][root][INFO] - Val leaf stats: tensor([0.0000, 0.0000, 0.0000, 0.0000, 0.0000, 0.0000, 0.0000, 0.0000, 0.0000,
        0.9987, 0.0013, 0.0000, 0.0000, 0.0000, 0.0000, 0.0000])
[2026-06-26 10:43:30,113][root][INFO] - Epoch: 7 | train acc: 0.9390, train loss: 32.30434914, valid acc: 0.9308, valid loss: 0.23796765, test acc: 0.9385, test loss: 0.21630879
[2026-06-26 10:43:31,858][root][INFO] - Epoch: 8 | train acc: 0.9219, train loss: 16.52436341, valid acc: 0.9052, valid loss: 0.33105528, test acc: 0.9089, test loss: 0.31777001
[2026-06-26 10:43:32,857][root][INFO] - Epoch: 7 | train acc: 0.9414, train loss: 2.28691174, valid acc: 0.9383, valid loss: 0.21889942, test acc: 0.9376, test loss: 0.21394157
[2026-06-26 10:43:34,161][root][INFO] - Epoch: 7 | train acc: 0.9483, train loss: 2.63703419, valid acc: 0.9288, valid loss: 0.25097886, test acc: 0.9340, test loss: 0.22704549
[2026-06-26 10:43:35,260][root][INFO] - reg loss: 4.011974690095434, entropy loss: 0.20379363562700883, leaf dev: 0.25
[2026-06-26 10:43:35,260][root][INFO] - Val leaf stats: tensor([0., 0., 1., 0., 0., 0., 0., 0., 0., 0., 0., 0., 0., 0., 0., 0.])
[2026-06-26 10:43:36,215][root][INFO] - Epoch: 7 | train acc: 0.9386, train loss: 16.25306846, valid acc: 0.9312, valid loss: 0.23828977, test acc: 0.9387, test loss: 0.21677135
[2026-06-26 10:43:36,220][root][INFO] - reg loss: 4.062033986145595, entropy loss: 0.21010529840329908, leaf dev: 0.24986669421195984
[2026-06-26 10:43:36,221][root][INFO] - Val leaf stats: tensor([0.0000e+00, 0.0000e+00, 9.9950e-01, 5.0000e-04, 0.0000e+00, 0.0000e+00,
        0.0000e+00, 0.0000e+00, 0.0000e+00, 0.0000e+00, 0.0000e+00, 0.0000e+00,
        0.0000e+00, 0.0000e+00, 0.0000e+00, 0.0000e+00])
[2026-06-26 10:43:36,399][root][INFO] - Epoch: 7 | train acc: 0.9374, train loss: 4.22503722, valid acc: 0.9358, valid loss: 0.22740163, test acc: 0.9353, test loss: 0.22717495
[2026-06-26 10:43:38,297][root][INFO] - Epoch: 8 | train acc: 0.9425, train loss: 8.22448587, valid acc: 0.9325, valid loss: 0.23394800, test acc: 0.9398, test loss: 0.21148142
[2026-06-26 10:43:38,304][root][INFO] - reg loss: 4.168107406148371, entropy loss: 0.17126371022665277, leaf dev: 0.22852203249931335
[2026-06-26 10:43:38,306][root][INFO] - Val leaf stats: tensor([0.0000, 0.0000, 0.0000, 0.0000, 0.0000, 0.0000, 0.0000, 0.0842, 0.0000,
        0.9158, 0.0000, 0.0000, 0.0000, 0.0000, 0.0000, 0.0000])
[2026-06-26 10:43:38,549][root][INFO] - Epoch: 7 | train acc: 0.9380, train loss: 32.28118760, valid acc: 0.9338, valid loss: 0.22713425, test acc: 0.9352, test loss: 0.22433822
[2026-06-26 10:43:38,987][root][INFO] - reg loss: 4.9077582899129615, entropy loss: 0.23640110203117695, leaf dev: 0.1640375405550003
[2026-06-26 10:43:38,988][root][INFO] - Val leaf stats: tensor([0.0000, 0.0290, 0.5152, 0.0000, 0.4470, 0.0088, 0.0000, 0.0000, 0.0000,
        0.0000, 0.0000, 0.0000, 0.0000, 0.0000, 0.0000, 0.0000])
[2026-06-26 10:43:39,982][root][INFO] - Epoch: 8 | train acc: 0.9181, train loss: 32.38426169, valid acc: 0.9098, valid loss: 0.31491499, test acc: 0.9164, test loss: 0.30204369
[2026-06-26 10:43:41,271][root][INFO] - reg loss: 4.011005640029907, entropy loss: 0.21267687473094687, leaf dev: 0.25
[2026-06-26 10:43:41,272][root][INFO] - Val leaf stats: tensor([0., 0., 1., 0., 0., 0., 0., 0., 0., 0., 0., 0., 0., 0., 0., 0.])
[2026-06-26 10:43:41,285][root][INFO] - Epoch: 7 | train acc: 0.9408, train loss: 4.27436829, valid acc: 0.9317, valid loss: 0.23846795, test acc: 0.9365, test loss: 0.22033241
[2026-06-26 10:43:41,704][root][INFO] - reg loss: 4.0070541849676165, entropy loss: 0.18838167612282736, leaf dev: 0.24995556473731995
[2026-06-26 10:43:41,705][root][INFO] - Val leaf stats: tensor([0.0000e+00, 0.0000e+00, 0.0000e+00, 0.0000e+00, 0.0000e+00, 0.0000e+00,
        0.0000e+00, 0.0000e+00, 1.6667e-04, 9.9983e-01, 0.0000e+00, 0.0000e+00,
        0.0000e+00, 0.0000e+00, 0.0000e+00, 0.0000e+00])
[2026-06-26 10:43:42,078][root][INFO] - Epoch: 7 | train acc: 0.9314, train loss: 0.23111091, valid acc: 0.9195, valid loss: 0.26461173, test acc: 0.9276, test loss: 0.24735544
[2026-06-26 10:43:42,133][root][INFO] - Epoch: 7 | train acc: 0.9198, train loss: 4.84304021, valid acc: 0.9072, valid loss: 0.33230616, test acc: 0.9024, test loss: 0.34125317
[2026-06-26 10:43:43,233][root][INFO] - Epoch: 7 | train acc: 0.9188, train loss: 8.47071349, valid acc: 0.9045, valid loss: 0.33787414, test acc: 0.9073, test loss: 0.32300286
[2026-06-26 10:43:43,453][root][INFO] - reg loss: 4.01282733341433, entropy loss: 0.21319590312130046, leaf dev: 0.25
[2026-06-26 10:43:43,454][root][INFO] - Val leaf stats: tensor([0., 0., 1., 0., 0., 0., 0., 0., 0., 0., 0., 0., 0., 0., 0., 0.])
[2026-06-26 10:43:44,191][root][INFO] - reg loss: 4.008092781282821, entropy loss: 0.18656217602064024, leaf dev: 0.25
[2026-06-26 10:43:44,192][root][INFO] - Val leaf stats: tensor([0., 0., 0., 0., 0., 0., 0., 0., 0., 1., 0., 0., 0., 0., 0., 0.])
[2026-06-26 10:43:44,686][root][INFO] - Epoch: 8 | train acc: 0.9552, train loss: 0.15446103, valid acc: 0.9408, valid loss: 0.19604530, test acc: 0.9442, test loss: 0.19219693
[2026-06-26 10:43:45,234][root][INFO] - reg loss: 4.011909367903224, entropy loss: 0.20684335943100587, leaf dev: 0.25
[2026-06-26 10:43:45,235][root][INFO] - Val leaf stats: tensor([0., 0., 1., 0., 0., 0., 0., 0., 0., 0., 0., 0., 0., 0., 0., 0.])
[2026-06-26 10:43:45,991][root][INFO] - Epoch: 8 | train acc: 0.9282, train loss: 9.03615644, valid acc: 0.9160, valid loss: 0.29284726, test acc: 0.9165, test loss: 0.29642623
[2026-06-26 10:43:46,438][root][INFO] - reg loss: 4.065750504439732, entropy loss: 0.23246163017344926, leaf dev: 0.24795885384082794
[2026-06-26 10:43:46,439][root][INFO] - Val leaf stats: tensor([0.0000e+00, 2.8333e-03, 9.9233e-01, 3.3333e-04, 4.5000e-03, 0.0000e+00,
        0.0000e+00, 0.0000e+00, 0.0000e+00, 0.0000e+00, 0.0000e+00, 0.0000e+00,
        0.0000e+00, 0.0000e+00, 0.0000e+00, 0.0000e+00])
[2026-06-26 10:43:47,249][root][INFO] - reg loss: 8.592824004731089, entropy loss: 0.37587654815529875, leaf dev: 0.09375505894422531
[2026-06-26 10:43:47,250][root][INFO] - Val leaf stats: tensor([2.4167e-02, 1.6667e-04, 1.8517e-01, 1.1500e-02, 0.0000e+00, 0.0000e+00,
        9.1667e-03, 5.1667e-03, 8.6167e-02, 1.6667e-04, 7.8833e-02, 3.2833e-01,
        0.0000e+00, 1.1067e-01, 6.6667e-04, 1.5983e-01])
[2026-06-26 10:43:47,605][root][INFO] - reg loss: 4.561864101661826, entropy loss: 0.15659111878781948, leaf dev: 0.16784387826919556
[2026-06-26 10:43:47,606][root][INFO] - Val leaf stats: tensor([0.0000, 0.0000, 0.0000, 0.0000, 0.0000, 0.0000, 0.0000, 0.2565, 0.0000,
        0.6392, 0.1037, 0.0000, 0.0000, 0.0000, 0.0000, 0.0007])
[2026-06-26 10:43:48,557][root][INFO] - reg loss: 4.09107592420758, entropy loss: 0.206157422993543, leaf dev: 0.2492009848356247
[2026-06-26 10:43:48,558][root][INFO] - Val leaf stats: tensor([0.0000e+00, 1.6667e-04, 9.9700e-01, 2.8333e-03, 0.0000e+00, 0.0000e+00,
        0.0000e+00, 0.0000e+00, 0.0000e+00, 0.0000e+00, 0.0000e+00, 0.0000e+00,
        0.0000e+00, 0.0000e+00, 0.0000e+00, 0.0000e+00])
[2026-06-26 10:43:49,019][root][INFO] - Epoch: 8 | train acc: 0.9495, train loss: 0.16993609, valid acc: 0.9372, valid loss: 0.21284062, test acc: 0.9406, test loss: 0.19804228
[2026-06-26 10:43:50,153][root][INFO] - reg loss: 7.065082010233177, entropy loss: 0.3809879051064545, leaf dev: 0.13154225051403046
[2026-06-26 10:43:50,154][root][INFO] - Val leaf stats: tensor([4.8167e-02, 0.0000e+00, 0.0000e+00, 0.0000e+00, 2.2183e-01, 2.7067e-01,
        3.0000e-03, 1.0667e-02, 1.6667e-04, 1.6667e-04, 0.0000e+00, 4.4400e-01,
        1.0000e-03, 0.0000e+00, 3.3333e-04, 0.0000e+00])
[2026-06-26 10:43:51,966][root][INFO] - reg loss: 4.388770197922328, entropy loss: 0.1695056678551548, leaf dev: 0.2140990048646927
[2026-06-26 10:43:51,967][root][INFO] - Val leaf stats: tensor([0.0000e+00, 0.0000e+00, 0.0000e+00, 0.0000e+00, 0.0000e+00, 0.0000e+00,
        0.0000e+00, 0.0000e+00, 6.5000e-03, 8.6100e-01, 6.6333e-02, 0.0000e+00,
        5.0000e-04, 0.0000e+00, 0.0000e+00, 6.5667e-02])
[2026-06-26 10:43:54,926][root][INFO] - reg loss: 7.261539612176283, entropy loss: 0.3584451239626363, leaf dev: 0.12812840938568115
[2026-06-26 10:43:54,927][root][INFO] - Val leaf stats: tensor([8.3333e-04, 1.3000e-02, 1.5000e-03, 3.3333e-04, 2.3667e-02, 1.2800e-01,
        0.0000e+00, 0.0000e+00, 1.8667e-02, 3.7783e-01, 0.0000e+00, 0.0000e+00,
        5.4667e-02, 3.8150e-01, 0.0000e+00, 0.0000e+00])
[2026-06-26 10:43:57,466][root][INFO] - Epoch: 8 | train acc: 0.9319, train loss: 4.58470909, valid acc: 0.9198, valid loss: 0.27992346, test acc: 0.9281, test loss: 0.25139177
[2026-06-26 10:44:00,017][root][INFO] - Epoch: 8 | train acc: 0.9309, train loss: 2.54578248, valid acc: 0.9212, valid loss: 0.27269404, test acc: 0.9291, test loss: 0.25116075
[2026-06-26 10:44:01,141][root][INFO] - Epoch: 8 | train acc: 0.9384, train loss: 0.21235870, valid acc: 0.9337, valid loss: 0.24186905, test acc: 0.9313, test loss: 0.23751264
[2026-06-26 10:44:02,108][root][INFO] - Epoch: 8 | train acc: 0.9268, train loss: 2.74615349, valid acc: 0.9237, valid loss: 0.25549887, test acc: 0.9274, test loss: 0.24899731
[2026-06-26 10:44:02,744][root][INFO] - reg loss: 4.347002015923554, entropy loss: 0.21097351441968162, leaf dev: 0.2012472003698349
[2026-06-26 10:44:02,745][root][INFO] - Val leaf stats: tensor([0.0000e+00, 5.5000e-03, 7.9350e-01, 2.0083e-01, 0.0000e+00, 0.0000e+00,
        0.0000e+00, 0.0000e+00, 0.0000e+00, 0.0000e+00, 0.0000e+00, 0.0000e+00,
        0.0000e+00, 0.0000e+00, 0.0000e+00, 1.6667e-04])
[2026-06-26 10:44:04,470][root][INFO] - Epoch: 9 | train acc: 0.9427, train loss: 8.20687136, valid acc: 0.9387, valid loss: 0.21602230, test acc: 0.9384, test loss: 0.20856910
[2026-06-26 10:44:05,828][root][INFO] - reg loss: 4.6059631536591725, entropy loss: 0.20534668581665688, leaf dev: 0.1746041178703308
[2026-06-26 10:44:05,829][root][INFO] - Val leaf stats: tensor([0.0000e+00, 1.6667e-04, 6.4817e-01, 3.1400e-01, 3.2500e-02, 0.0000e+00,
        0.0000e+00, 0.0000e+00, 0.0000e+00, 0.0000e+00, 0.0000e+00, 0.0000e+00,
        0.0000e+00, 0.0000e+00, 0.0000e+00, 5.1667e-03])
[2026-06-26 10:44:06,333][root][INFO] - reg loss: 7.912352786873871, entropy loss: 0.36362757069884605, leaf dev: 0.11526018381118774
[2026-06-26 10:44:06,334][root][INFO] - Val leaf stats: tensor([0.0013, 0.0103, 0.0897, 0.0983, 0.0043, 0.0287, 0.0205, 0.0518, 0.3612,
        0.0023, 0.3310, 0.0000, 0.0005, 0.0000, 0.0000, 0.0000])
[2026-06-26 10:44:07,570][root][INFO] - reg loss: 4.98836126417484, entropy loss: 0.19282722599663824, leaf dev: 0.16178777813911438
[2026-06-26 10:44:07,571][root][INFO] - Val leaf stats: tensor([0.0000e+00, 0.0000e+00, 0.0000e+00, 0.0000e+00, 0.0000e+00, 0.0000e+00,
        1.0633e-01, 2.9700e-01, 0.0000e+00, 5.9633e-01, 1.6667e-04, 0.0000e+00,
        1.6667e-04, 0.0000e+00, 0.0000e+00, 0.0000e+00])
[2026-06-26 10:44:09,420][root][INFO] - reg loss: 4.004084150746183, entropy loss: 0.18613648667650404, leaf dev: 0.25
[2026-06-26 10:44:09,421][root][INFO] - Val leaf stats: tensor([0., 0., 0., 0., 0., 0., 0., 0., 0., 1., 0., 0., 0., 0., 0., 0.])
[2026-06-26 10:44:09,668][root][INFO] - Epoch: 8 | train acc: 0.9225, train loss: 16.59563282, valid acc: 0.9040, valid loss: 0.33579573, test acc: 0.9062, test loss: 0.31971665
[2026-06-26 10:44:13,745][root][INFO] - Epoch: 8 | train acc: 0.9423, train loss: 32.27829404, valid acc: 0.9327, valid loss: 0.23384941, test acc: 0.9402, test loss: 0.21144657
[2026-06-26 10:44:14,721][root][INFO] - Epoch: 9 | train acc: 0.9237, train loss: 16.52185017, valid acc: 0.9055, valid loss: 0.32769059, test acc: 0.9114, test loss: 0.31180889
[2026-06-26 10:44:15,016][root][INFO] - reg loss: 4.080008376319453, entropy loss: 0.1724560191889979, leaf dev: 0.2494671791791916
[2026-06-26 10:44:15,017][root][INFO] - Val leaf stats: tensor([0.0000, 0.0000, 0.0000, 0.0000, 0.0000, 0.0000, 0.0000, 0.0000, 0.0000,
        0.9980, 0.0020, 0.0000, 0.0000, 0.0000, 0.0000, 0.0000])
[2026-06-26 10:44:16,718][root][INFO] - Epoch: 8 | train acc: 0.9445, train loss: 2.27389698, valid acc: 0.9388, valid loss: 0.21606112, test acc: 0.9375, test loss: 0.20891401
[2026-06-26 10:44:17,233][root][INFO] - Epoch: 8 | train acc: 0.9515, train loss: 2.59602592, valid acc: 0.9282, valid loss: 0.24482952, test acc: 0.9341, test loss: 0.21940412
[2026-06-26 10:44:18,818][root][INFO] - reg loss: 4.00988234214063, entropy loss: 0.2035688949081133, leaf dev: 0.25
[2026-06-26 10:44:18,819][root][INFO] - Val leaf stats: tensor([0., 0., 1., 0., 0., 0., 0., 0., 0., 0., 0., 0., 0., 0., 0., 0.])
[2026-06-26 10:44:19,244][root][INFO] - Epoch: 8 | train acc: 0.9425, train loss: 16.23682990, valid acc: 0.9328, valid loss: 0.23426706, test acc: 0.9400, test loss: 0.21176077
[2026-06-26 10:44:19,628][root][INFO] - reg loss: 4.063111948517133, entropy loss: 0.20995990931987762, leaf dev: 0.24986669421195984
[2026-06-26 10:44:19,629][root][INFO] - Val leaf stats: tensor([0.0000e+00, 0.0000e+00, 9.9950e-01, 5.0000e-04, 0.0000e+00, 0.0000e+00,
        0.0000e+00, 0.0000e+00, 0.0000e+00, 0.0000e+00, 0.0000e+00, 0.0000e+00,
        0.0000e+00, 0.0000e+00, 0.0000e+00, 0.0000e+00])
[2026-06-26 10:44:21,577][root][INFO] - reg loss: 4.160612065837069, entropy loss: 0.1695916734214099, leaf dev: 0.2160729020833969
[2026-06-26 10:44:21,578][root][INFO] - Val leaf stats: tensor([0.0000, 0.0000, 0.0000, 0.0000, 0.0000, 0.0000, 0.0000, 0.1375, 0.0000,
        0.8625, 0.0000, 0.0000, 0.0000, 0.0000, 0.0000, 0.0000])
[2026-06-26 10:44:21,810][root][INFO] - Epoch: 8 | train acc: 0.9399, train loss: 4.21571032, valid acc: 0.9373, valid loss: 0.22429988, test acc: 0.9363, test loss: 0.21713846
[2026-06-26 10:44:22,463][root][INFO] - reg loss: 4.862667875469856, entropy loss: 0.23371430317748268, leaf dev: 0.1650441437959671
[2026-06-26 10:44:22,464][root][INFO] - Val leaf stats: tensor([0.0000, 0.0250, 0.5367, 0.0000, 0.4270, 0.0113, 0.0000, 0.0000, 0.0000,
        0.0000, 0.0000, 0.0000, 0.0000, 0.0000, 0.0000, 0.0000])
[2026-06-26 10:44:22,481][root][INFO] - Epoch: 9 | train acc: 0.9447, train loss: 8.21651943, valid acc: 0.9325, valid loss: 0.23138993, test acc: 0.9411, test loss: 0.20805087
[2026-06-26 10:44:24,078][root][INFO] - reg loss: 4.009275638832237, entropy loss: 0.21247762048019553, leaf dev: 0.25
[2026-06-26 10:44:24,079][root][INFO] - Val leaf stats: tensor([0., 0., 1., 0., 0., 0., 0., 0., 0., 0., 0., 0., 0., 0., 0., 0.])
[2026-06-26 10:44:24,155][root][INFO] - Epoch: 8 | train acc: 0.9408, train loss: 32.25985851, valid acc: 0.9362, valid loss: 0.22276381, test acc: 0.9377, test loss: 0.21448527
[2026-06-26 10:44:24,919][root][INFO] - Epoch: 9 | train acc: 0.9202, train loss: 32.36796052, valid acc: 0.9110, valid loss: 0.31144896, test acc: 0.9167, test loss: 0.29701198
[2026-06-26 10:44:25,517][root][INFO] - Epoch: 8 | train acc: 0.9443, train loss: 4.27377750, valid acc: 0.9333, valid loss: 0.23205926, test acc: 0.9398, test loss: 0.21311242
[2026-06-26 10:44:25,991][root][INFO] - Epoch: 8 | train acc: 0.9461, train loss: 0.18039380, valid acc: 0.9370, valid loss: 0.21570873, test acc: 0.9388, test loss: 0.20104411
[2026-06-26 10:44:26,854][root][INFO] - Epoch: 8 | train acc: 0.9195, train loss: 5.01911618, valid acc: 0.9172, valid loss: 0.28872721, test acc: 0.9163, test loss: 0.29499632
[2026-06-26 10:44:27,317][root][INFO] - reg loss: 4.007134406071789, entropy loss: 0.18792657455745734, leaf dev: 0.24995556473731995
[2026-06-26 10:44:27,318][root][INFO] - Val leaf stats: tensor([0.0000e+00, 0.0000e+00, 0.0000e+00, 0.0000e+00, 0.0000e+00, 0.0000e+00,
        0.0000e+00, 0.0000e+00, 0.0000e+00, 9.9983e-01, 1.6667e-04, 0.0000e+00,
        0.0000e+00, 0.0000e+00, 0.0000e+00, 0.0000e+00])
[2026-06-26 10:44:27,853][root][INFO] - Epoch: 8 | train acc: 0.9217, train loss: 8.50786613, valid acc: 0.9065, valid loss: 0.33449186, test acc: 0.9101, test loss: 0.31724329
[2026-06-26 10:44:28,035][root][INFO] - reg loss: 4.012394500228594, entropy loss: 0.21303681017092937, leaf dev: 0.25
[2026-06-26 10:44:28,036][root][INFO] - Val leaf stats: tensor([0., 0., 1., 0., 0., 0., 0., 0., 0., 0., 0., 0., 0., 0., 0., 0.])
[2026-06-26 10:44:28,155][root][INFO] - Epoch: 9 | train acc: 0.9599, train loss: 0.14223374, valid acc: 0.9403, valid loss: 0.19414234, test acc: 0.9473, test loss: 0.18352725
[2026-06-26 10:44:29,444][root][INFO] - Epoch: 9 | train acc: 0.9308, train loss: 9.14566746, valid acc: 0.9227, valid loss: 0.28191001, test acc: 0.9214, test loss: 0.29890040
[2026-06-26 10:44:29,630][root][INFO] - reg loss: 4.006633758544922, entropy loss: 0.18640959544001884, leaf dev: 0.25
[2026-06-26 10:44:29,631][root][INFO] - Val leaf stats: tensor([0., 0., 0., 0., 0., 0., 0., 0., 0., 1., 0., 0., 0., 0., 0., 0.])
[2026-06-26 10:44:29,769][root][INFO] - reg loss: 4.010550107596056, entropy loss: 0.2066663420706425, leaf dev: 0.25
[2026-06-26 10:44:29,770][root][INFO] - Val leaf stats: tensor([0., 0., 1., 0., 0., 0., 0., 0., 0., 0., 0., 0., 0., 0., 0., 0.])
[2026-06-26 10:44:30,767][root][INFO] - reg loss: 4.075605873791677, entropy loss: 0.23183058370959084, leaf dev: 0.24645714461803436
[2026-06-26 10:44:30,768][root][INFO] - Val leaf stats: tensor([0.0000, 0.0013, 0.9867, 0.0020, 0.0100, 0.0000, 0.0000, 0.0000, 0.0000,
        0.0000, 0.0000, 0.0000, 0.0000, 0.0000, 0.0000, 0.0000])
[2026-06-26 10:44:31,132][root][INFO] - reg loss: 8.269559531841638, entropy loss: 0.3728490691140013, leaf dev: 0.07533136755228043
[2026-06-26 10:44:31,134][root][INFO] - Val leaf stats: tensor([0.0267, 0.0000, 0.1475, 0.0025, 0.0000, 0.0000, 0.0783, 0.0372, 0.0972,
        0.0000, 0.0470, 0.2022, 0.0000, 0.1632, 0.0022, 0.1962])
[2026-06-26 10:44:31,723][root][INFO] - reg loss: 4.740657927855006, entropy loss: 0.1629810168776872, leaf dev: 0.17271378636360168
[2026-06-26 10:44:31,726][root][INFO] - Val leaf stats: tensor([0.0000, 0.0000, 0.0000, 0.0000, 0.0000, 0.0000, 0.0012, 0.2365, 0.0000,
        0.6673, 0.0932, 0.0000, 0.0000, 0.0000, 0.0000, 0.0018])
[2026-06-26 10:44:33,323][root][INFO] - reg loss: 4.115186290920906, entropy loss: 0.20630254259087005, leaf dev: 0.24960021674633026
[2026-06-26 10:44:33,324][root][INFO] - Val leaf stats: tensor([0.0000e+00, 1.6667e-04, 9.9850e-01, 1.3333e-03, 0.0000e+00, 0.0000e+00,
        0.0000e+00, 0.0000e+00, 0.0000e+00, 0.0000e+00, 0.0000e+00, 0.0000e+00,
        0.0000e+00, 0.0000e+00, 0.0000e+00, 0.0000e+00])
[2026-06-26 10:44:33,361][root][INFO] - Epoch: 9 | train acc: 0.9523, train loss: 0.16705083, valid acc: 0.9412, valid loss: 0.21168485, test acc: 0.9386, test loss: 0.20800555
[2026-06-26 10:44:33,497][root][INFO] - reg loss: 7.097455132682368, entropy loss: 0.3795694152139268, leaf dev: 0.12770140171051025
[2026-06-26 10:44:33,498][root][INFO] - Val leaf stats: tensor([5.2500e-02, 8.3333e-04, 0.0000e+00, 0.0000e+00, 2.4383e-01, 2.7750e-01,
        0.0000e+00, 1.4333e-02, 0.0000e+00, 1.6667e-04, 0.0000e+00, 4.0950e-01,
        1.0000e-03, 0.0000e+00, 3.3333e-04, 0.0000e+00])
[2026-06-26 10:44:34,752][root][INFO] - reg loss: 4.440901355923347, entropy loss: 0.170918973689934, leaf dev: 0.1983303427696228
[2026-06-26 10:44:34,753][root][INFO] - Val leaf stats: tensor([0.0000e+00, 0.0000e+00, 0.0000e+00, 0.0000e+00, 0.0000e+00, 0.0000e+00,
        0.0000e+00, 0.0000e+00, 6.6667e-04, 7.9350e-01, 1.3267e-01, 0.0000e+00,
        5.0000e-04, 0.0000e+00, 0.0000e+00, 7.2667e-02])
[2026-06-26 10:44:39,442][root][INFO] - reg loss: 6.526992082595825, entropy loss: 0.321959487953276, leaf dev: 0.13767801225185394
[2026-06-26 10:44:39,443][root][INFO] - Val leaf stats: tensor([5.0000e-04, 1.1667e-02, 6.6667e-04, 1.6667e-04, 6.7500e-02, 8.2000e-02,
        0.0000e+00, 0.0000e+00, 1.8167e-02, 4.0183e-01, 0.0000e+00, 1.6667e-04,
        5.0000e-04, 4.1667e-01, 1.6667e-04, 0.0000e+00])
[2026-06-26 10:44:40,145][root][INFO] - Epoch: 9 | train acc: 0.9358, train loss: 4.55093968, valid acc: 0.9213, valid loss: 0.29192844, test acc: 0.9291, test loss: 0.24825274
[2026-06-26 10:44:43,900][root][INFO] - Epoch: 9 | train acc: 0.9297, train loss: 2.53237070, valid acc: 0.9183, valid loss: 0.27686788, test acc: 0.9274, test loss: 0.25574577
[2026-06-26 10:44:45,051][root][INFO] - Epoch: 9 | train acc: 0.9342, train loss: 0.22789961, valid acc: 0.9205, valid loss: 0.28777183, test acc: 0.9233, test loss: 0.27103159
[2026-06-26 10:44:46,061][root][INFO] - reg loss: 4.323470120160085, entropy loss: 0.20833277646100745, leaf dev: 0.19939634203910828
[2026-06-26 10:44:46,062][root][INFO] - Val leaf stats: tensor([0.0000e+00, 7.5000e-03, 7.8467e-01, 2.0767e-01, 0.0000e+00, 0.0000e+00,
        0.0000e+00, 0.0000e+00, 0.0000e+00, 0.0000e+00, 0.0000e+00, 0.0000e+00,
        0.0000e+00, 0.0000e+00, 0.0000e+00, 1.6667e-04])
[2026-06-26 10:44:47,609][root][INFO] - Epoch: 9 | train acc: 0.9321, train loss: 2.72641792, valid acc: 0.9260, valid loss: 0.24666012, test acc: 0.9293, test loss: 0.24393968
[2026-06-26 10:44:47,890][root][INFO] - Epoch: 10 | train acc: 0.9444, train loss: 8.19874756, valid acc: 0.9410, valid loss: 0.21316292, test acc: 0.9403, test loss: 0.20299335
[2026-06-26 10:44:49,590][root][INFO] - reg loss: 4.577356729867323, entropy loss: 0.20242666973257964, leaf dev: 0.1835552453994751
[2026-06-26 10:44:49,591][root][INFO] - Val leaf stats: tensor([0.0000e+00, 1.6667e-04, 7.1333e-01, 2.3967e-01, 3.9333e-02, 0.0000e+00,
        0.0000e+00, 0.0000e+00, 0.0000e+00, 0.0000e+00, 0.0000e+00, 0.0000e+00,
        0.0000e+00, 0.0000e+00, 0.0000e+00, 7.5000e-03])
[2026-06-26 10:44:50,371][root][INFO] - reg loss: 7.13958622824471, entropy loss: 0.3527748269854851, leaf dev: 0.15605922043323517
[2026-06-26 10:44:50,372][root][INFO] - Val leaf stats: tensor([5.8333e-03, 3.1667e-03, 9.5000e-03, 4.7500e-02, 2.5000e-03, 7.1667e-03,
        6.6667e-04, 6.0000e-03, 5.2033e-01, 1.5000e-03, 3.9317e-01, 8.3333e-04,
        1.6667e-03, 1.6667e-04, 0.0000e+00, 0.0000e+00])
[2026-06-26 10:44:52,908][root][INFO] - reg loss: 4.003631965169367, entropy loss: 0.18601443098401124, leaf dev: 0.25
[2026-06-26 10:44:52,909][root][INFO] - Val leaf stats: tensor([0., 0., 0., 0., 0., 0., 0., 0., 0., 1., 0., 0., 0., 0., 0., 0.])
[2026-06-26 10:44:53,377][root][INFO] - reg loss: 4.980748482470243, entropy loss: 0.19441549170692013, leaf dev: 0.16389988362789154
[2026-06-26 10:44:53,378][root][INFO] - Val leaf stats: tensor([0.0000e+00, 0.0000e+00, 0.0000e+00, 0.0000e+00, 0.0000e+00, 0.0000e+00,
        1.1633e-01, 2.6533e-01, 0.0000e+00, 6.1767e-01, 5.0000e-04, 0.0000e+00,
        1.6667e-04, 0.0000e+00, 0.0000e+00, 0.0000e+00])
[2026-06-26 10:44:54,307][root][INFO] - Epoch: 9 | train acc: 0.9244, train loss: 16.57830856, valid acc: 0.9087, valid loss: 0.32871620, test acc: 0.9102, test loss: 0.31192437
[2026-06-26 10:44:57,850][root][INFO] - Epoch: 9 | train acc: 0.9447, train loss: 32.25864144, valid acc: 0.9335, valid loss: 0.23112304, test acc: 0.9419, test loss: 0.20773132
[2026-06-26 10:44:58,865][root][INFO] - Epoch: 10 | train acc: 0.9258, train loss: 16.51846601, valid acc: 0.9037, valid loss: 0.33450156, test acc: 0.9084, test loss: 0.31787158
[2026-06-26 10:44:59,783][root][INFO] - reg loss: 4.076946865837529, entropy loss: 0.17108820814569042, leaf dev: 0.24955590069293976
[2026-06-26 10:44:59,784][root][INFO] - Val leaf stats: tensor([0.0000, 0.0000, 0.0000, 0.0000, 0.0000, 0.0000, 0.0000, 0.0000, 0.0000,
        0.9983, 0.0017, 0.0000, 0.0000, 0.0000, 0.0000, 0.0000])
[2026-06-26 10:45:01,492][root][INFO] - Epoch: 9 | train acc: 0.9462, train loss: 2.28239082, valid acc: 0.9423, valid loss: 0.20716748, test acc: 0.9413, test loss: 0.20330486
[2026-06-26 10:45:02,200][root][INFO] - Epoch: 9 | train acc: 0.9445, train loss: 16.22484504, valid acc: 0.9328, valid loss: 0.23145685, test acc: 0.9414, test loss: 0.20829907
[2026-06-26 10:45:02,692][root][INFO] - reg loss: 4.008327857503351, entropy loss: 0.20337135161993639, leaf dev: 0.25
[2026-06-26 10:45:02,694][root][INFO] - Val leaf stats: tensor([0., 0., 1., 0., 0., 0., 0., 0., 0., 0., 0., 0., 0., 0., 0., 0.])
[2026-06-26 10:45:03,612][root][INFO] - Epoch: 9 | train acc: 0.9538, train loss: 2.56801480, valid acc: 0.9313, valid loss: 0.23226614, test acc: 0.9361, test loss: 0.21044406
[2026-06-26 10:45:03,861][root][INFO] - reg loss: 4.063507606398384, entropy loss: 0.20984194441786352, leaf dev: 0.24986669421195984
[2026-06-26 10:45:03,862][root][INFO] - Val leaf stats: tensor([0.0000e+00, 0.0000e+00, 9.9950e-01, 5.0000e-04, 0.0000e+00, 0.0000e+00,
        0.0000e+00, 0.0000e+00, 0.0000e+00, 0.0000e+00, 0.0000e+00, 0.0000e+00,
        0.0000e+00, 0.0000e+00, 0.0000e+00, 0.0000e+00])
[2026-06-26 10:45:06,131][root][INFO] - Epoch: 9 | train acc: 0.9417, train loss: 4.20991008, valid acc: 0.9390, valid loss: 0.21757637, test acc: 0.9382, test loss: 0.21439160
[2026-06-26 10:45:06,558][root][INFO] - Epoch: 10 | train acc: 0.9465, train loss: 8.19970514, valid acc: 0.9337, valid loss: 0.22323136, test acc: 0.9438, test loss: 0.20192730
[2026-06-26 10:45:06,620][root][INFO] - reg loss: 4.194217569423172, entropy loss: 0.16923189613054385, leaf dev: 0.22543558478355408
[2026-06-26 10:45:06,621][root][INFO] - Val leaf stats: tensor([0.0000, 0.0000, 0.0000, 0.0000, 0.0000, 0.0000, 0.0000, 0.0970, 0.0000,
        0.9030, 0.0000, 0.0000, 0.0000, 0.0000, 0.0000, 0.0000])
[2026-06-26 10:45:07,212][root][INFO] - Epoch: 10 | train acc: 0.9216, train loss: 32.35740766, valid acc: 0.9117, valid loss: 0.31288465, test acc: 0.9163, test loss: 0.29721685
[2026-06-26 10:45:07,378][root][INFO] - reg loss: 4.008110140854457, entropy loss: 0.21231098290321962, leaf dev: 0.25
[2026-06-26 10:45:07,379][root][INFO] - Val leaf stats: tensor([0., 0., 1., 0., 0., 0., 0., 0., 0., 0., 0., 0., 0., 0., 0., 0.])
[2026-06-26 10:45:07,651][root][INFO] - Epoch: 9 | train acc: 0.9421, train loss: 32.24406106, valid acc: 0.9393, valid loss: 0.21651933, test acc: 0.9380, test loss: 0.21026105
[2026-06-26 10:45:09,032][root][INFO] - Epoch: 9 | train acc: 0.9460, train loss: 4.26437726, valid acc: 0.9333, valid loss: 0.22495130, test acc: 0.9408, test loss: 0.20864282
[2026-06-26 10:45:09,220][root][INFO] - reg loss: 4.8184090110490905, entropy loss: 0.23241251917942515, leaf dev: 0.16477905213832855
[2026-06-26 10:45:09,220][root][INFO] - Val leaf stats: tensor([0.0000, 0.0318, 0.5470, 0.0000, 0.4117, 0.0095, 0.0000, 0.0000, 0.0000,
        0.0000, 0.0000, 0.0000, 0.0000, 0.0000, 0.0000, 0.0000])
[2026-06-26 10:45:09,849][root][INFO] - Epoch: 9 | train acc: 0.9512, train loss: 0.16741259, valid acc: 0.9395, valid loss: 0.20828317, test acc: 0.9420, test loss: 0.19545785
[2026-06-26 10:45:11,270][root][INFO] - Epoch: 9 | train acc: 0.9281, train loss: 4.84117711, valid acc: 0.9190, valid loss: 0.29038281, test acc: 0.9186, test loss: 0.29097210
[2026-06-26 10:45:11,454][root][INFO] - reg loss: 4.008091139343549, entropy loss: 0.18727131483127485, leaf dev: 0.2499111294746399
[2026-06-26 10:45:11,455][root][INFO] - Val leaf stats: tensor([0.0000e+00, 0.0000e+00, 0.0000e+00, 0.0000e+00, 0.0000e+00, 0.0000e+00,
        0.0000e+00, 0.0000e+00, 1.6667e-04, 9.9967e-01, 1.6667e-04, 0.0000e+00,
        0.0000e+00, 0.0000e+00, 0.0000e+00, 0.0000e+00])
[2026-06-26 10:45:11,467][root][INFO] - Epoch: 9 | train acc: 0.9241, train loss: 8.54638297, valid acc: 0.9052, valid loss: 0.33269496, test acc: 0.9087, test loss: 0.31399030
[2026-06-26 10:45:12,006][root][INFO] - reg loss: 4.007405330549996, entropy loss: 0.21269618016931247, leaf dev: 0.24995556473731995
[2026-06-26 10:45:12,007][root][INFO] - Val leaf stats: tensor([0.0000e+00, 0.0000e+00, 9.9983e-01, 1.6667e-04, 0.0000e+00, 0.0000e+00,
        0.0000e+00, 0.0000e+00, 0.0000e+00, 0.0000e+00, 0.0000e+00, 0.0000e+00,
        0.0000e+00, 0.0000e+00, 0.0000e+00, 0.0000e+00])
[2026-06-26 10:45:12,223][root][INFO] - Epoch: 10 | train acc: 0.9567, train loss: 0.14857912, valid acc: 0.9337, valid loss: 0.21823161, test acc: 0.9385, test loss: 0.20576746
[2026-06-26 10:45:12,252][root][INFO] - reg loss: 4.009724365090424, entropy loss: 0.2065674697734275, leaf dev: 0.25
[2026-06-26 10:45:12,253][root][INFO] - Val leaf stats: tensor([0., 0., 1., 0., 0., 0., 0., 0., 0., 0., 0., 0., 0., 0., 0., 0.])
[2026-06-26 10:45:12,612][root][INFO] - reg loss: 4.005527163451573, entropy loss: 0.1862673780546998, leaf dev: 0.25
[2026-06-26 10:45:12,613][root][INFO] - Val leaf stats: tensor([0., 0., 0., 0., 0., 0., 0., 0., 0., 1., 0., 0., 0., 0., 0., 0.])
[2026-06-26 10:45:13,602][root][INFO] - reg loss: 4.075076040231957, entropy loss: 0.23129839787505707, leaf dev: 0.24389411509037018
[2026-06-26 10:45:13,603][root][INFO] - Val leaf stats: tensor([0.0000, 0.0027, 0.9770, 0.0068, 0.0135, 0.0000, 0.0000, 0.0000, 0.0000,
        0.0000, 0.0000, 0.0000, 0.0000, 0.0000, 0.0000, 0.0000])
[2026-06-26 10:45:14,062][root][INFO] - Epoch: 10 | train acc: 0.9325, train loss: 9.14303565, valid acc: 0.9260, valid loss: 0.26753394, test acc: 0.9244, test loss: 0.28022620
[2026-06-26 10:45:15,256][root][INFO] - reg loss: 8.494732011039302, entropy loss: 0.3715998187380017, leaf dev: 0.07311467081308365
[2026-06-26 10:45:15,257][root][INFO] - Val leaf stats: tensor([0.0288, 0.0000, 0.1700, 0.0215, 0.0000, 0.0000, 0.0610, 0.0440, 0.0867,
        0.0000, 0.0373, 0.1773, 0.0000, 0.1437, 0.0162, 0.2135])
[2026-06-26 10:45:17,067][root][INFO] - reg loss: 4.581745215182035, entropy loss: 0.15580779679541318, leaf dev: 0.18322353065013885
[2026-06-26 10:45:17,069][root][INFO] - Val leaf stats: tensor([0.0000e+00, 0.0000e+00, 0.0000e+00, 0.0000e+00, 0.0000e+00, 0.0000e+00,
        1.1667e-03, 1.5733e-01, 0.0000e+00, 7.2733e-01, 1.1083e-01, 1.6667e-04,
        0.0000e+00, 0.0000e+00, 0.0000e+00, 3.1667e-03])
[2026-06-26 10:45:17,119][root][INFO] - reg loss: 4.139072998514715, entropy loss: 0.20644460773130632, leaf dev: 0.2488902062177658
[2026-06-26 10:45:17,120][root][INFO] - Val leaf stats: tensor([0.0000, 0.0010, 0.9958, 0.0032, 0.0000, 0.0000, 0.0000, 0.0000, 0.0000,
        0.0000, 0.0000, 0.0000, 0.0000, 0.0000, 0.0000, 0.0000])
[2026-06-26 10:45:17,469][root][INFO] - reg loss: 7.049064154894847, entropy loss: 0.3750338464413049, leaf dev: 0.15471434593200684
[2026-06-26 10:45:17,470][root][INFO] - Val leaf stats: tensor([4.2000e-02, 1.6667e-04, 0.0000e+00, 0.0000e+00, 1.7483e-01, 1.5267e-01,
        0.0000e+00, 1.3667e-02, 3.3333e-04, 1.0000e-03, 0.0000e+00, 6.0467e-01,
        1.0000e-02, 0.0000e+00, 6.6667e-04, 0.0000e+00])
[2026-06-26 10:45:18,155][root][INFO] - Epoch: 10 | train acc: 0.9539, train loss: 0.15950638, valid acc: 0.9452, valid loss: 0.19394988, test acc: 0.9468, test loss: 0.18336339
[2026-06-26 10:45:18,996][root][INFO] - reg loss: 4.449531132320188, entropy loss: 0.16965912380870782, leaf dev: 0.19717757403850555
[2026-06-26 10:45:18,997][root][INFO] - Val leaf stats: tensor([0.0000e+00, 0.0000e+00, 0.0000e+00, 0.0000e+00, 0.0000e+00, 0.0000e+00,
        0.0000e+00, 0.0000e+00, 1.0000e-03, 7.8850e-01, 1.3583e-01, 0.0000e+00,
        5.0000e-04, 0.0000e+00, 0.0000e+00, 7.4167e-02])
[2026-06-26 10:45:23,426][root][INFO] - Epoch: 10 | train acc: 0.9379, train loss: 4.54701885, valid acc: 0.9217, valid loss: 0.28202907, test acc: 0.9315, test loss: 0.24649117
[2026-06-26 10:45:23,868][root][INFO] - reg loss: 6.415131128059243, entropy loss: 0.3169282925016475, leaf dev: 0.13365964591503143
[2026-06-26 10:45:23,870][root][INFO] - Val leaf stats: tensor([8.3333e-04, 1.7667e-02, 1.6667e-03, 6.6667e-04, 3.0000e-02, 1.0967e-01,
        1.6667e-04, 0.0000e+00, 4.7833e-02, 3.5333e-01, 0.0000e+00, 1.6667e-04,
        6.6667e-04, 4.3600e-01, 1.3333e-03, 0.0000e+00])
[2026-06-26 10:45:28,450][root][INFO] - Epoch: 10 | train acc: 0.9367, train loss: 2.51279980, valid acc: 0.9233, valid loss: 0.26225073, test acc: 0.9313, test loss: 0.24052225
[2026-06-26 10:45:28,981][root][INFO] - Epoch: 10 | train acc: 0.9317, train loss: 0.23635116, valid acc: 0.9160, valid loss: 0.29404109, test acc: 0.9150, test loss: 0.29010795
[2026-06-26 10:45:29,234][root][INFO] - reg loss: 4.326350675438935, entropy loss: 0.20652349419751256, leaf dev: 0.19830389320850372
[2026-06-26 10:45:29,235][root][INFO] - Val leaf stats: tensor([0.0000, 0.0078, 0.7793, 0.2120, 0.0000, 0.0000, 0.0000, 0.0000, 0.0000,
        0.0000, 0.0000, 0.0000, 0.0000, 0.0000, 0.0000, 0.0008])
[2026-06-26 10:45:32,074][root][INFO] - Epoch: 11 | train acc: 0.9475, train loss: 8.19126929, valid acc: 0.9433, valid loss: 0.20377060, test acc: 0.9424, test loss: 0.19599714
[2026-06-26 10:45:32,834][root][INFO] - Epoch: 10 | train acc: 0.9353, train loss: 2.71346174, valid acc: 0.9302, valid loss: 0.23751771, test acc: 0.9330, test loss: 0.23278038
[2026-06-26 10:45:33,861][root][INFO] - reg loss: 4.584077412227415, entropy loss: 0.20274033017878262, leaf dev: 0.17613926529884338
[2026-06-26 10:45:33,862][root][INFO] - Val leaf stats: tensor([0.0000, 0.0013, 0.6620, 0.2978, 0.0287, 0.0000, 0.0000, 0.0000, 0.0000,
        0.0000, 0.0000, 0.0000, 0.0000, 0.0000, 0.0000, 0.0102])
[2026-06-26 10:45:34,563][root][INFO] - reg loss: 6.480993023458517, entropy loss: 0.350046362517015, leaf dev: 0.1728893667459488
[2026-06-26 10:45:34,564][root][INFO] - Val leaf stats: tensor([4.0000e-03, 2.5000e-03, 2.1000e-02, 5.9167e-02, 7.0000e-03, 9.0000e-03,
        2.8333e-03, 1.2500e-02, 6.9400e-01, 2.7833e-02, 1.5550e-01, 1.3333e-03,
        3.1667e-03, 1.6667e-04, 0.0000e+00, 0.0000e+00])
[2026-06-26 10:45:37,542][root][INFO] - reg loss: 4.003298588518827, entropy loss: 0.18591034046883853, leaf dev: 0.25
[2026-06-26 10:45:37,543][root][INFO] - Val leaf stats: tensor([0., 0., 0., 0., 0., 0., 0., 0., 0., 1., 0., 0., 0., 0., 0., 0.])
[2026-06-26 10:45:38,462][root][INFO] - reg loss: 4.9779848917475285, entropy loss: 0.19431282369033345, leaf dev: 0.1594119518995285
[2026-06-26 10:45:38,463][root][INFO] - Val leaf stats: tensor([0.0000e+00, 0.0000e+00, 0.0000e+00, 0.0000e+00, 0.0000e+00, 0.0000e+00,
        1.2583e-01, 2.8517e-01, 0.0000e+00, 5.8867e-01, 1.6667e-04, 0.0000e+00,
        1.6667e-04, 0.0000e+00, 0.0000e+00, 0.0000e+00])
[2026-06-26 10:45:39,964][root][INFO] - Epoch: 10 | train acc: 0.9251, train loss: 16.56268325, valid acc: 0.9102, valid loss: 0.32034856, test acc: 0.9115, test loss: 0.30625791
[2026-06-26 10:45:41,645][root][INFO] - Epoch: 11 | train acc: 0.9268, train loss: 16.51313156, valid acc: 0.9053, valid loss: 0.32883487, test acc: 0.9114, test loss: 0.31223078
[2026-06-26 10:45:41,913][root][INFO] - Epoch: 10 | train acc: 0.9462, train loss: 32.24202717, valid acc: 0.9333, valid loss: 0.22649831, test acc: 0.9440, test loss: 0.20168782
[2026-06-26 10:45:45,453][root][INFO] - reg loss: 4.075082657472143, entropy loss: 0.1700052596488089, leaf dev: 0.2494228035211563
[2026-06-26 10:45:45,454][root][INFO] - Val leaf stats: tensor([0.0000, 0.0000, 0.0000, 0.0000, 0.0000, 0.0000, 0.0000, 0.0000, 0.0000,
        0.9978, 0.0022, 0.0000, 0.0000, 0.0000, 0.0000, 0.0000])
[2026-06-26 10:45:46,459][root][INFO] - Epoch: 10 | train acc: 0.9484, train loss: 2.25508992, valid acc: 0.9420, valid loss: 0.20189949, test acc: 0.9437, test loss: 0.19598208
[2026-06-26 10:45:46,664][root][INFO] - reg loss: 4.063115088444836, entropy loss: 0.20960535235562414, leaf dev: 0.24986669421195984
[2026-06-26 10:45:46,665][root][INFO] - Val leaf stats: tensor([0.0000e+00, 0.0000e+00, 9.9950e-01, 5.0000e-04, 0.0000e+00, 0.0000e+00,
        0.0000e+00, 0.0000e+00, 0.0000e+00, 0.0000e+00, 0.0000e+00, 0.0000e+00,
        0.0000e+00, 0.0000e+00, 0.0000e+00, 0.0000e+00])
[2026-06-26 10:45:47,125][root][INFO] - reg loss: 4.0071248918209434, entropy loss: 0.2032645486716954, leaf dev: 0.25
[2026-06-26 10:45:47,126][root][INFO] - Val leaf stats: tensor([0., 0., 1., 0., 0., 0., 0., 0., 0., 0., 0., 0., 0., 0., 0., 0.])
[2026-06-26 10:45:47,285][root][INFO] - Epoch: 10 | train acc: 0.9462, train loss: 16.21537489, valid acc: 0.9345, valid loss: 0.22688715, test acc: 0.9431, test loss: 0.20213926
[2026-06-26 10:45:48,014][root][INFO] - Epoch: 10 | train acc: 0.9561, train loss: 2.56282592, valid acc: 0.9330, valid loss: 0.22431577, test acc: 0.9408, test loss: 0.20090703
[2026-06-26 10:45:50,658][root][INFO] - Epoch: 11 | train acc: 0.9481, train loss: 8.19585693, valid acc: 0.9337, valid loss: 0.22359389, test acc: 0.9431, test loss: 0.20025634
[2026-06-26 10:45:50,785][root][INFO] - Epoch: 10 | train acc: 0.9433, train loss: 4.20471467, valid acc: 0.9390, valid loss: 0.21636956, test acc: 0.9393, test loss: 0.20822765
[2026-06-26 10:45:50,914][root][INFO] - Epoch: 11 | train acc: 0.9228, train loss: 32.35091634, valid acc: 0.9123, valid loss: 0.30810251, test acc: 0.9212, test loss: 0.29205950
[2026-06-26 10:45:51,563][root][INFO] - Epoch: 10 | train acc: 0.9492, train loss: 4.27006456, valid acc: 0.9348, valid loss: 0.22217150, test acc: 0.9414, test loss: 0.19876489
[2026-06-26 10:45:51,816][root][INFO] - reg loss: 4.154173401166808, entropy loss: 0.16756660814555185, leaf dev: 0.22170491516590118
[2026-06-26 10:45:51,817][root][INFO] - Val leaf stats: tensor([0.0000, 0.0000, 0.0000, 0.0000, 0.0000, 0.0000, 0.0000, 0.1128, 0.0000,
        0.8872, 0.0000, 0.0000, 0.0000, 0.0000, 0.0000, 0.0000])
[2026-06-26 10:45:52,208][root][INFO] - reg loss: 4.007521948724423, entropy loss: 0.21224427223205566, leaf dev: 0.25
[2026-06-26 10:45:52,209][root][INFO] - Val leaf stats: tensor([0., 0., 1., 0., 0., 0., 0., 0., 0., 0., 0., 0., 0., 0., 0., 0.])
[2026-06-26 10:45:52,321][root][INFO] - Epoch: 10 | train acc: 0.9439, train loss: 32.23025491, valid acc: 0.9395, valid loss: 0.21370121, test acc: 0.9396, test loss: 0.20429269
[2026-06-26 10:45:52,813][root][INFO] - reg loss: 4.817887927001378, entropy loss: 0.23047541869136523, leaf dev: 0.16477897763252258
[2026-06-26 10:45:52,814][root][INFO] - Val leaf stats: tensor([0.0000, 0.0302, 0.5262, 0.0000, 0.4382, 0.0055, 0.0000, 0.0000, 0.0000,
        0.0000, 0.0000, 0.0000, 0.0000, 0.0000, 0.0000, 0.0000])
[2026-06-26 10:45:53,927][root][INFO] - Epoch: 10 | train acc: 0.9545, train loss: 0.15413674, valid acc: 0.9393, valid loss: 0.21454670, test acc: 0.9438, test loss: 0.19299052
[2026-06-26 10:45:55,104][root][INFO] - Epoch: 10 | train acc: 0.9259, train loss: 8.55791587, valid acc: 0.9030, valid loss: 0.34944047, test acc: 0.9084, test loss: 0.32881114
[2026-06-26 10:45:55,338][root][INFO] - Epoch: 10 | train acc: 0.9302, train loss: 4.83342728, valid acc: 0.9208, valid loss: 0.27855116, test acc: 0.9195, test loss: 0.28245604
[2026-06-26 10:45:55,357][root][INFO] - Epoch: 11 | train acc: 0.9439, train loss: 0.19195156, valid acc: 0.9307, valid loss: 0.23061649, test acc: 0.9402, test loss: 0.20138582
[2026-06-26 10:45:55,579][root][INFO] - reg loss: 4.008289409133623, entropy loss: 0.2126530754678654, leaf dev: 0.24995556473731995
[2026-06-26 10:45:55,580][root][INFO] - Val leaf stats: tensor([0.0000e+00, 0.0000e+00, 9.9983e-01, 1.6667e-04, 0.0000e+00, 0.0000e+00,
        0.0000e+00, 0.0000e+00, 0.0000e+00, 0.0000e+00, 0.0000e+00, 0.0000e+00,
        0.0000e+00, 0.0000e+00, 0.0000e+00, 0.0000e+00])
[2026-06-26 10:45:55,979][root][INFO] - reg loss: 4.009452360980916, entropy loss: 0.20647762392489416, leaf dev: 0.25
[2026-06-26 10:45:55,980][root][INFO] - Val leaf stats: tensor([0., 0., 1., 0., 0., 0., 0., 0., 0., 0., 0., 0., 0., 0., 0., 0.])
[2026-06-26 10:45:56,232][root][INFO] - reg loss: 4.009722817618892, entropy loss: 0.1854418323568578, leaf dev: 0.24995556473731995
[2026-06-26 10:45:56,233][root][INFO] - Val leaf stats: tensor([0.0000e+00, 0.0000e+00, 0.0000e+00, 0.0000e+00, 0.0000e+00, 0.0000e+00,
        0.0000e+00, 0.0000e+00, 0.0000e+00, 9.9983e-01, 0.0000e+00, 0.0000e+00,
        0.0000e+00, 0.0000e+00, 0.0000e+00, 1.6667e-04])
[2026-06-26 10:45:56,644][root][INFO] - reg loss: 4.090380322258428, entropy loss: 0.2315286787332229, leaf dev: 0.24318771064281464
[2026-06-26 10:45:56,645][root][INFO] - Val leaf stats: tensor([0.0000, 0.0033, 0.9743, 0.0082, 0.0142, 0.0000, 0.0000, 0.0000, 0.0000,
        0.0000, 0.0000, 0.0000, 0.0000, 0.0000, 0.0000, 0.0000])
[2026-06-26 10:45:57,564][root][INFO] - reg loss: 4.004685770790532, entropy loss: 0.18615663093778323, leaf dev: 0.25
[2026-06-26 10:45:57,565][root][INFO] - Val leaf stats: tensor([0., 0., 0., 0., 0., 0., 0., 0., 0., 1., 0., 0., 0., 0., 0., 0.])
[2026-06-26 10:45:58,171][root][INFO] - Epoch: 11 | train acc: 0.9354, train loss: 9.11855276, valid acc: 0.9287, valid loss: 0.25924680, test acc: 0.9267, test loss: 0.27386877
[2026-06-26 10:45:59,301][root][INFO] - reg loss: 8.303594850144297, entropy loss: 0.3691941682460173, leaf dev: 0.06983122229576111
[2026-06-26 10:45:59,302][root][INFO] - Val leaf stats: tensor([0.0518, 0.0000, 0.1620, 0.0127, 0.0000, 0.0000, 0.0698, 0.0617, 0.0848,
        0.0000, 0.0245, 0.1697, 0.0000, 0.1467, 0.0177, 0.1987])
[2026-06-26 10:46:00,785][root][INFO] - reg loss: 6.815669959446169, entropy loss: 0.36692419029631707, leaf dev: 0.11843530833721161
[2026-06-26 10:46:00,786][root][INFO] - Val leaf stats: tensor([6.5000e-02, 3.3333e-03, 0.0000e+00, 0.0000e+00, 3.0800e-01, 3.6250e-01,
        3.3333e-04, 6.1500e-02, 1.1667e-03, 1.1667e-03, 0.0000e+00, 1.9650e-01,
        3.3333e-04, 1.6667e-04, 0.0000e+00, 0.0000e+00])
[2026-06-26 10:46:00,798][root][INFO] - reg loss: 4.14808337193615, entropy loss: 0.20602777487826798, leaf dev: 0.24800331890583038
[2026-06-26 10:46:00,799][root][INFO] - Val leaf stats: tensor([0.0000, 0.0042, 0.9925, 0.0033, 0.0000, 0.0000, 0.0000, 0.0000, 0.0000,
        0.0000, 0.0000, 0.0000, 0.0000, 0.0000, 0.0000, 0.0000])
[2026-06-26 10:46:00,906][root][INFO] - reg loss: 4.586459276811132, entropy loss: 0.1537046102139185, leaf dev: 0.18223059177398682
[2026-06-26 10:46:00,907][root][INFO] - Val leaf stats: tensor([0.0000, 0.0000, 0.0000, 0.0000, 0.0000, 0.0000, 0.0018, 0.1588, 0.0000,
        0.7232, 0.1113, 0.0000, 0.0000, 0.0000, 0.0000, 0.0048])
[2026-06-26 10:46:02,217][root][INFO] - Epoch: 11 | train acc: 0.9594, train loss: 0.14339548, valid acc: 0.9462, valid loss: 0.18534627, test acc: 0.9486, test loss: 0.17878093
[2026-06-26 10:46:03,670][root][INFO] - reg loss: 4.442725006139503, entropy loss: 0.16833956806727177, leaf dev: 0.19339804351329803
[2026-06-26 10:46:03,672][root][INFO] - Val leaf stats: tensor([0.0000e+00, 0.0000e+00, 0.0000e+00, 0.0000e+00, 0.0000e+00, 0.0000e+00,
        0.0000e+00, 0.0000e+00, 3.5000e-03, 7.7183e-01, 1.4850e-01, 0.0000e+00,
        3.3333e-04, 0.0000e+00, 0.0000e+00, 7.5833e-02])
[2026-06-26 10:46:07,945][root][INFO] - Epoch: 11 | train acc: 0.9397, train loss: 4.55129613, valid acc: 0.9222, valid loss: 0.28072059, test acc: 0.9323, test loss: 0.24131732
[2026-06-26 10:46:08,052][root][INFO] - reg loss: 6.52092329960949, entropy loss: 0.307017981724919, leaf dev: 0.12890563905239105
[2026-06-26 10:46:08,053][root][INFO] - Val leaf stats: tensor([2.0000e-03, 2.9667e-02, 1.6667e-03, 8.3333e-04, 2.5500e-02, 1.0417e-01,
        1.6667e-04, 0.0000e+00, 5.7833e-02, 3.5867e-01, 0.0000e+00, 1.6667e-04,
        6.6667e-04, 4.0900e-01, 9.6667e-03, 0.0000e+00])
[2026-06-26 10:46:12,261][root][INFO] - Epoch: 11 | train acc: 0.9394, train loss: 2.50476521, valid acc: 0.9267, valid loss: 0.26051578, test acc: 0.9332, test loss: 0.23723684
[2026-06-26 10:46:13,424][root][INFO] - reg loss: 4.330444466392949, entropy loss: 0.2052923894996913, leaf dev: 0.19818532466888428
[2026-06-26 10:46:13,425][root][INFO] - Val leaf stats: tensor([0.0000, 0.0313, 0.7860, 0.1813, 0.0000, 0.0000, 0.0000, 0.0000, 0.0000,
        0.0000, 0.0000, 0.0000, 0.0000, 0.0000, 0.0000, 0.0013])
[2026-06-26 10:46:14,417][root][INFO] - Epoch: 11 | train acc: 0.9331, train loss: 0.22865468, valid acc: 0.9253, valid loss: 0.25646600, test acc: 0.9267, test loss: 0.24817708
[2026-06-26 10:46:16,169][root][INFO] - Epoch: 12 | train acc: 0.9484, train loss: 8.18474806, valid acc: 0.9442, valid loss: 0.20086037, test acc: 0.9433, test loss: 0.19285805
[2026-06-26 10:46:16,742][root][INFO] - Epoch: 11 | train acc: 0.9370, train loss: 2.73473484, valid acc: 0.9288, valid loss: 0.23893751, test acc: 0.9322, test loss: 0.23359452
[2026-06-26 10:46:18,225][root][INFO] - reg loss: 4.587046906633197, entropy loss: 0.20092734371153814, leaf dev: 0.1712414026260376
[2026-06-26 10:46:18,227][root][INFO] - Val leaf stats: tensor([0.0000, 0.0018, 0.6557, 0.2617, 0.0593, 0.0000, 0.0000, 0.0000, 0.0000,
        0.0000, 0.0000, 0.0000, 0.0000, 0.0000, 0.0000, 0.0215])
[2026-06-26 10:46:19,872][root][INFO] - reg loss: 6.697208885876638, entropy loss: 0.3541705636483318, leaf dev: 0.15197716653347015
[2026-06-26 10:46:19,872][root][INFO] - Val leaf stats: tensor([5.6667e-03, 8.0000e-03, 7.0833e-02, 5.2833e-02, 4.8333e-03, 2.7833e-02,
        6.6667e-04, 1.2167e-02, 6.1100e-01, 3.8000e-02, 1.5900e-01, 1.5000e-03,
        7.5000e-03, 1.6667e-04, 0.0000e+00, 0.0000e+00])
[2026-06-26 10:46:21,361][root][INFO] - reg loss: 4.003216311616717, entropy loss: 0.18577267440422526, leaf dev: 0.24995556473731995
[2026-06-26 10:46:21,362][root][INFO] - Val leaf stats: tensor([0.0000e+00, 0.0000e+00, 0.0000e+00, 0.0000e+00, 0.0000e+00, 0.0000e+00,
        0.0000e+00, 0.0000e+00, 1.6667e-04, 9.9983e-01, 0.0000e+00, 0.0000e+00,
        0.0000e+00, 0.0000e+00, 0.0000e+00, 0.0000e+00])
[2026-06-26 10:46:21,844][root][INFO] - reg loss: 5.034081409562309, entropy loss: 0.19604067841790757, leaf dev: 0.16046980023384094
[2026-06-26 10:46:21,845][root][INFO] - Val leaf stats: tensor([0.0000e+00, 0.0000e+00, 0.0000e+00, 0.0000e+00, 0.0000e+00, 0.0000e+00,
        1.8050e-01, 2.0800e-01, 1.6667e-04, 6.1067e-01, 5.0000e-04, 0.0000e+00,
        1.6667e-04, 0.0000e+00, 0.0000e+00, 0.0000e+00])
[2026-06-26 10:46:24,379][root][INFO] - Epoch: 11 | train acc: 0.9284, train loss: 16.59446903, valid acc: 0.9065, valid loss: 0.32705298, test acc: 0.9063, test loss: 0.31324880
[2026-06-26 10:46:26,189][root][INFO] - Epoch: 11 | train acc: 0.9478, train loss: 32.22895676, valid acc: 0.9343, valid loss: 0.22708136, test acc: 0.9428, test loss: 0.19986055
[2026-06-26 10:46:26,358][root][INFO] - Epoch: 12 | train acc: 0.9287, train loss: 16.52345067, valid acc: 0.9080, valid loss: 0.32237392, test acc: 0.9124, test loss: 0.30811881
[2026-06-26 10:46:29,737][root][INFO] - reg loss: 4.084882988120025, entropy loss: 0.16917422652806877, leaf dev: 0.24906820058822632
[2026-06-26 10:46:29,738][root][INFO] - Val leaf stats: tensor([0.0000, 0.0000, 0.0000, 0.0000, 0.0000, 0.0000, 0.0000, 0.0000, 0.0000,
        0.9965, 0.0035, 0.0000, 0.0000, 0.0000, 0.0000, 0.0000])
[2026-06-26 10:46:30,269][root][INFO] - Epoch: 11 | train acc: 0.9519, train loss: 2.25323395, valid acc: 0.9437, valid loss: 0.19476314, test acc: 0.9438, test loss: 0.19116279
[2026-06-26 10:46:31,169][root][INFO] - reg loss: 4.006171464920044, entropy loss: 0.20314364107149951, leaf dev: 0.25
[2026-06-26 10:46:31,170][root][INFO] - Val leaf stats: tensor([0., 0., 1., 0., 0., 0., 0., 0., 0., 0., 0., 0., 0., 0., 0., 0.])
[2026-06-26 10:46:31,205][root][INFO] - reg loss: 4.067334845380963, entropy loss: 0.20957695228873557, leaf dev: 0.2496890276670456
[2026-06-26 10:46:31,207][root][INFO] - Val leaf stats: tensor([0.0000e+00, 1.6667e-04, 9.9883e-01, 1.0000e-03, 0.0000e+00, 0.0000e+00,
        0.0000e+00, 0.0000e+00, 0.0000e+00, 0.0000e+00, 0.0000e+00, 0.0000e+00,
        0.0000e+00, 0.0000e+00, 0.0000e+00, 0.0000e+00])
[2026-06-26 10:46:31,741][root][INFO] - Epoch: 11 | train acc: 0.9485, train loss: 16.20933022, valid acc: 0.9342, valid loss: 0.22693259, test acc: 0.9425, test loss: 0.20003214
[2026-06-26 10:46:31,841][root][INFO] - Epoch: 11 | train acc: 0.9578, train loss: 2.51317053, valid acc: 0.9305, valid loss: 0.23280378, test acc: 0.9396, test loss: 0.20089075
[2026-06-26 10:46:34,441][root][INFO] - Epoch: 12 | train acc: 0.9237, train loss: 32.34957119, valid acc: 0.9148, valid loss: 0.30563038, test acc: 0.9192, test loss: 0.28965949
[2026-06-26 10:46:34,810][root][INFO] - Epoch: 12 | train acc: 0.9498, train loss: 8.19417245, valid acc: 0.9368, valid loss: 0.21596075, test acc: 0.9441, test loss: 0.19742097
[2026-06-26 10:46:35,253][root][INFO] - reg loss: 4.166590492680387, entropy loss: 0.165879765068585, leaf dev: 0.22373099625110626
[2026-06-26 10:46:35,254][root][INFO] - Val leaf stats: tensor([0.0000e+00, 0.0000e+00, 0.0000e+00, 1.6667e-04, 0.0000e+00, 0.0000e+00,
        0.0000e+00, 1.0400e-01, 0.0000e+00, 8.9583e-01, 0.0000e+00, 0.0000e+00,
        0.0000e+00, 0.0000e+00, 0.0000e+00, 0.0000e+00])
[2026-06-26 10:46:35,606][root][INFO] - Epoch: 11 | train acc: 0.9502, train loss: 4.24863162, valid acc: 0.9355, valid loss: 0.22135358, test acc: 0.9430, test loss: 0.19787445
[2026-06-26 10:46:35,941][root][INFO] - Epoch: 11 | train acc: 0.9458, train loss: 4.19847220, valid acc: 0.9418, valid loss: 0.20956897, test acc: 0.9405, test loss: 0.20440454
[2026-06-26 10:46:36,920][root][INFO] - reg loss: 4.007440022702487, entropy loss: 0.2121761806730954, leaf dev: 0.25
[2026-06-26 10:46:36,921][root][INFO] - Val leaf stats: tensor([0., 0., 1., 0., 0., 0., 0., 0., 0., 0., 0., 0., 0., 0., 0., 0.])
[2026-06-26 10:46:37,105][root][INFO] - Epoch: 11 | train acc: 0.9466, train loss: 32.21823045, valid acc: 0.9427, valid loss: 0.20478884, test acc: 0.9422, test loss: 0.19754204
[2026-06-26 10:46:37,201][root][INFO] - reg loss: 4.730931772376007, entropy loss: 0.22752133321087314, leaf dev: 0.1682603359222412
[2026-06-26 10:46:37,202][root][INFO] - Val leaf stats: tensor([0.0000, 0.0430, 0.6065, 0.0000, 0.3427, 0.0078, 0.0000, 0.0000, 0.0000,
        0.0000, 0.0000, 0.0000, 0.0000, 0.0000, 0.0000, 0.0000])
[2026-06-26 10:46:37,637][root][INFO] - Epoch: 11 | train acc: 0.9444, train loss: 0.19037142, valid acc: 0.9265, valid loss: 0.27014484, test acc: 0.9313, test loss: 0.24201058
[2026-06-26 10:46:38,432][root][INFO] - Epoch: 12 | train acc: 0.9555, train loss: 0.15247974, valid acc: 0.9402, valid loss: 0.19937644, test acc: 0.9442, test loss: 0.18587510
[2026-06-26 10:46:39,202][root][INFO] - reg loss: 4.009835396172865, entropy loss: 0.20648873990999078, leaf dev: 0.25
[2026-06-26 10:46:39,204][root][INFO] - Val leaf stats: tensor([0., 0., 1., 0., 0., 0., 0., 0., 0., 0., 0., 0., 0., 0., 0., 0.])
[2026-06-26 10:46:39,241][root][INFO] - Epoch: 11 | train acc: 0.9335, train loss: 4.84434121, valid acc: 0.9222, valid loss: 0.27055300, test acc: 0.9221, test loss: 0.28251486
[2026-06-26 10:46:39,792][root][INFO] - reg loss: 4.00983306596864, entropy loss: 0.21258785631859078, leaf dev: 0.24995556473731995
[2026-06-26 10:46:39,793][root][INFO] - Val leaf stats: tensor([0.0000e+00, 0.0000e+00, 9.9983e-01, 1.6667e-04, 0.0000e+00, 0.0000e+00,
        0.0000e+00, 0.0000e+00, 0.0000e+00, 0.0000e+00, 0.0000e+00, 0.0000e+00,
        0.0000e+00, 0.0000e+00, 0.0000e+00, 0.0000e+00])
[2026-06-26 10:46:40,120][root][INFO] - Epoch: 11 | train acc: 0.9276, train loss: 8.53850218, valid acc: 0.9028, valid loss: 0.34597686, test acc: 0.9101, test loss: 0.31443607
[2026-06-26 10:46:40,723][root][INFO] - reg loss: 4.074140971561648, entropy loss: 0.23037002277824115, leaf dev: 0.24614456295967102
[2026-06-26 10:46:40,724][root][INFO] - Val leaf stats: tensor([0.0000, 0.0012, 0.9855, 0.0085, 0.0048, 0.0000, 0.0000, 0.0000, 0.0000,
        0.0000, 0.0000, 0.0000, 0.0000, 0.0000, 0.0000, 0.0000])
[2026-06-26 10:46:41,186][root][INFO] - reg loss: 4.009739183030039, entropy loss: 0.18354040665446586, leaf dev: 0.24982227385044098
[2026-06-26 10:46:41,187][root][INFO] - Val leaf stats: tensor([0.0000e+00, 0.0000e+00, 0.0000e+00, 0.0000e+00, 0.0000e+00, 0.0000e+00,
        0.0000e+00, 0.0000e+00, 0.0000e+00, 9.9933e-01, 0.0000e+00, 0.0000e+00,
        0.0000e+00, 0.0000e+00, 0.0000e+00, 6.6667e-04])
[2026-06-26 10:46:41,973][root][INFO] - reg loss: 4.0040088284690425, entropy loss: 0.1860908736597817, leaf dev: 0.25
[2026-06-26 10:46:41,973][root][INFO] - Val leaf stats: tensor([0., 0., 0., 0., 0., 0., 0., 0., 0., 1., 0., 0., 0., 0., 0., 0.])
[2026-06-26 10:46:43,096][root][INFO] - reg loss: 8.093692334193104, entropy loss: 0.36659216430951963, leaf dev: 0.07511840015649796
[2026-06-26 10:46:43,097][root][INFO] - Val leaf stats: tensor([0.0942, 0.0000, 0.1618, 0.0213, 0.0000, 0.0000, 0.0417, 0.0255, 0.0970,
        0.0008, 0.0292, 0.1948, 0.0000, 0.2213, 0.0027, 0.1097])
[2026-06-26 10:46:43,441][root][INFO] - Epoch: 12 | train acc: 0.9382, train loss: 9.08149599, valid acc: 0.9293, valid loss: 0.25467190, test acc: 0.9272, test loss: 0.26349657
[2026-06-26 10:46:43,797][root][INFO] - reg loss: 7.0026598111638485, entropy loss: 0.36305342249150546, leaf dev: 0.12895119190216064
[2026-06-26 10:46:43,798][root][INFO] - Val leaf stats: tensor([5.7833e-02, 1.5000e-03, 0.0000e+00, 0.0000e+00, 1.4100e-01, 3.0617e-01,
        0.0000e+00, 5.0167e-02, 1.6667e-04, 0.0000e+00, 0.0000e+00, 4.3867e-01,
        3.8333e-03, 1.6667e-04, 5.0000e-04, 0.0000e+00])
[2026-06-26 10:46:44,834][root][INFO] - reg loss: 4.138472790987986, entropy loss: 0.20534724742174149, leaf dev: 0.24866823852062225
[2026-06-26 10:46:44,835][root][INFO] - Val leaf stats: tensor([0.0000, 0.0018, 0.9950, 0.0032, 0.0000, 0.0000, 0.0000, 0.0000, 0.0000,
        0.0000, 0.0000, 0.0000, 0.0000, 0.0000, 0.0000, 0.0000])
[2026-06-26 10:46:44,901][root][INFO] - reg loss: 4.610092464483009, entropy loss: 0.15333220109624682, leaf dev: 0.1771688461303711
[2026-06-26 10:46:44,902][root][INFO] - Val leaf stats: tensor([0.0000, 0.0000, 0.0000, 0.0000, 0.0000, 0.0000, 0.0015, 0.1617, 0.0000,
        0.7005, 0.1282, 0.0000, 0.0000, 0.0000, 0.0000, 0.0082])
[2026-06-26 10:46:46,689][root][INFO] - Epoch: 12 | train acc: 0.9598, train loss: 0.14027154, valid acc: 0.9383, valid loss: 0.20614554, test acc: 0.9449, test loss: 0.19015354
[2026-06-26 10:46:48,951][root][INFO] - reg loss: 4.429152281779163, entropy loss: 0.16668894844797422, leaf dev: 0.19607946276664734
[2026-06-26 10:46:48,952][root][INFO] - Val leaf stats: tensor([0.0000e+00, 0.0000e+00, 0.0000e+00, 0.0000e+00, 0.0000e+00, 0.0000e+00,
        0.0000e+00, 0.0000e+00, 3.3333e-03, 7.8467e-01, 1.2950e-01, 0.0000e+00,
        5.0000e-04, 0.0000e+00, 0.0000e+00, 8.2000e-02])
[2026-06-26 10:46:50,901][root][INFO] - Epoch: 12 | train acc: 0.9416, train loss: 4.54113247, valid acc: 0.9232, valid loss: 0.28220211, test acc: 0.9340, test loss: 0.23726185
[2026-06-26 10:46:52,398][root][INFO] - reg loss: 6.60289474703231, entropy loss: 0.30286196155368156, leaf dev: 0.1289093941450119
[2026-06-26 10:46:52,399][root][INFO] - Val leaf stats: tensor([0.0000, 0.0000, 0.0000, 0.0000, 0.0242, 0.2027, 0.0000, 0.0000, 0.0398,
        0.2918, 0.0000, 0.0000, 0.0005, 0.4280, 0.0130, 0.0000])
[2026-06-26 10:46:56,101][root][INFO] - reg loss: 4.332200693634321, entropy loss: 0.20220732984115491, leaf dev: 0.19667169451713562
[2026-06-26 10:46:56,102][root][INFO] - Val leaf stats: tensor([0.0000, 0.0308, 0.7788, 0.1875, 0.0000, 0.0000, 0.0000, 0.0000, 0.0000,
        0.0000, 0.0000, 0.0000, 0.0000, 0.0000, 0.0000, 0.0028])
[2026-06-26 10:46:56,998][root][INFO] - Epoch: 12 | train acc: 0.9417, train loss: 2.50600957, valid acc: 0.9275, valid loss: 0.25188894, test acc: 0.9335, test loss: 0.23270277
[2026-06-26 10:46:57,806][root][INFO] - Epoch: 12 | train acc: 0.9393, train loss: 0.20705051, valid acc: 0.9310, valid loss: 0.24122787, test acc: 0.9280, test loss: 0.24492225
[2026-06-26 10:47:00,620][root][INFO] - Epoch: 13 | train acc: 0.9498, train loss: 8.18074605, valid acc: 0.9448, valid loss: 0.19924876, test acc: 0.9445, test loss: 0.18684671
[2026-06-26 10:47:01,474][root][INFO] - Epoch: 12 | train acc: 0.9400, train loss: 2.72629950, valid acc: 0.9355, valid loss: 0.22463647, test acc: 0.9390, test loss: 0.21447392
[2026-06-26 10:47:02,714][root][INFO] - reg loss: 4.606431547200905, entropy loss: 0.2038961504146738, leaf dev: 0.16641765832901
[2026-06-26 10:47:02,715][root][INFO] - Val leaf stats: tensor([0.0000, 0.0038, 0.6265, 0.2862, 0.0455, 0.0000, 0.0000, 0.0000, 0.0000,
        0.0000, 0.0000, 0.0000, 0.0000, 0.0000, 0.0000, 0.0380])
[2026-06-26 10:47:03,061][root][INFO] - reg loss: 7.008641517387246, entropy loss: 0.3519739070028629, leaf dev: 0.1504538208246231
[2026-06-26 10:47:03,062][root][INFO] - Val leaf stats: tensor([8.3333e-04, 1.8333e-03, 7.6500e-02, 4.0333e-02, 1.3500e-02, 2.0667e-02,
        4.0000e-03, 2.7167e-02, 6.0183e-01, 2.1833e-02, 1.7400e-01, 1.5000e-03,
        1.5500e-02, 5.0000e-04, 0.0000e+00, 0.0000e+00])
[2026-06-26 10:47:06,028][root][INFO] - reg loss: 4.003279105672297, entropy loss: 0.1855655831267249, leaf dev: 0.24995556473731995
[2026-06-26 10:47:06,029][root][INFO] - Val leaf stats: tensor([0.0000e+00, 0.0000e+00, 0.0000e+00, 0.0000e+00, 0.0000e+00, 0.0000e+00,
        0.0000e+00, 0.0000e+00, 1.6667e-04, 9.9983e-01, 0.0000e+00, 0.0000e+00,
        0.0000e+00, 0.0000e+00, 0.0000e+00, 0.0000e+00])
[2026-06-26 10:47:06,993][root][INFO] - reg loss: 5.035820929509289, entropy loss: 0.1972406637274994, leaf dev: 0.15297549962997437
[2026-06-26 10:47:06,994][root][INFO] - Val leaf stats: tensor([0.0000, 0.0000, 0.0000, 0.0000, 0.0000, 0.0000, 0.1760, 0.2615, 0.0000,
        0.5605, 0.0020, 0.0000, 0.0000, 0.0000, 0.0000, 0.0000])
[2026-06-26 10:47:08,728][root][INFO] - Epoch: 12 | train acc: 0.9296, train loss: 16.60642343, valid acc: 0.9075, valid loss: 0.32053732, test acc: 0.9106, test loss: 0.30706481
[2026-06-26 10:47:09,357][root][INFO] - Epoch: 12 | train acc: 0.9493, train loss: 32.21864952, valid acc: 0.9362, valid loss: 0.22030336, test acc: 0.9438, test loss: 0.19767563
[2026-06-26 10:47:10,245][root][INFO] - Epoch: 13 | train acc: 0.9300, train loss: 16.54927912, valid acc: 0.9042, valid loss: 0.32627643, test acc: 0.9104, test loss: 0.30708433
[2026-06-26 10:47:13,953][root][INFO] - reg loss: 4.089264833702232, entropy loss: 0.16797738494175785, leaf dev: 0.24884679913520813
[2026-06-26 10:47:13,954][root][INFO] - Val leaf stats: tensor([0.0000, 0.0000, 0.0000, 0.0000, 0.0000, 0.0000, 0.0000, 0.0000, 0.0000,
        0.9957, 0.0043, 0.0000, 0.0000, 0.0000, 0.0000, 0.0000])
[2026-06-26 10:47:14,506][root][INFO] - reg loss: 4.005437882441394, entropy loss: 0.2030255433242276, leaf dev: 0.25
[2026-06-26 10:47:14,507][root][INFO] - Val leaf stats: tensor([0., 0., 1., 0., 0., 0., 0., 0., 0., 0., 0., 0., 0., 0., 0., 0.])
[2026-06-26 10:47:14,597][root][INFO] - Epoch: 12 | train acc: 0.9528, train loss: 2.24514379, valid acc: 0.9472, valid loss: 0.19184744, test acc: 0.9445, test loss: 0.19023100
[2026-06-26 10:47:15,597][root][INFO] - Epoch: 12 | train acc: 0.9495, train loss: 16.20589371, valid acc: 0.9365, valid loss: 0.22020340, test acc: 0.9440, test loss: 0.19794217
[2026-06-26 10:47:15,603][root][INFO] - reg loss: 4.075162721130083, entropy loss: 0.2093654582804104, leaf dev: 0.24946708977222443
[2026-06-26 10:47:15,604][root][INFO] - Val leaf stats: tensor([0.0000e+00, 1.6667e-04, 9.9800e-01, 1.8333e-03, 0.0000e+00, 0.0000e+00,
        0.0000e+00, 0.0000e+00, 0.0000e+00, 0.0000e+00, 0.0000e+00, 0.0000e+00,
        0.0000e+00, 0.0000e+00, 0.0000e+00, 0.0000e+00])
[2026-06-26 10:47:16,112][root][INFO] - Epoch: 12 | train acc: 0.9584, train loss: 2.46783084, valid acc: 0.9427, valid loss: 0.20381414, test acc: 0.9465, test loss: 0.18201154
[2026-06-26 10:47:18,120][root][INFO] - Epoch: 13 | train acc: 0.9509, train loss: 8.19246514, valid acc: 0.9390, valid loss: 0.21188162, test acc: 0.9452, test loss: 0.19062866
[2026-06-26 10:47:18,533][root][INFO] - Epoch: 12 | train acc: 0.9518, train loss: 4.25831090, valid acc: 0.9327, valid loss: 0.25273951, test acc: 0.9393, test loss: 0.20550714
[2026-06-26 10:47:19,055][root][INFO] - Epoch: 13 | train acc: 0.9249, train loss: 32.36484232, valid acc: 0.9153, valid loss: 0.30418521, test acc: 0.9200, test loss: 0.28391008
[2026-06-26 10:47:19,916][root][INFO] - reg loss: 4.163734597979851, entropy loss: 0.16468373433036623, leaf dev: 0.22345596551895142
[2026-06-26 10:47:19,917][root][INFO] - Val leaf stats: tensor([0.0000e+00, 0.0000e+00, 0.0000e+00, 1.6667e-04, 0.0000e+00, 0.0000e+00,
        0.0000e+00, 1.0517e-01, 0.0000e+00, 8.9467e-01, 0.0000e+00, 0.0000e+00,
        0.0000e+00, 0.0000e+00, 0.0000e+00, 0.0000e+00])
[2026-06-26 10:47:20,221][root][INFO] - Epoch: 12 | train acc: 0.9481, train loss: 32.20750798, valid acc: 0.9442, valid loss: 0.20158685, test acc: 0.9433, test loss: 0.19445537
[2026-06-26 10:47:20,558][root][INFO] - reg loss: 4.007743444082872, entropy loss: 0.2121114269742426, leaf dev: 0.25
[2026-06-26 10:47:20,559][root][INFO] - Val leaf stats: tensor([0., 0., 1., 0., 0., 0., 0., 0., 0., 0., 0., 0., 0., 0., 0., 0.])
[2026-06-26 10:47:20,843][root][INFO] - Epoch: 12 | train acc: 0.9471, train loss: 4.19560365, valid acc: 0.9413, valid loss: 0.20346722, test acc: 0.9415, test loss: 0.20199357
[2026-06-26 10:47:21,098][root][INFO] - reg loss: 4.644784819405034, entropy loss: 0.2224360892795167, leaf dev: 0.16673928499221802
[2026-06-26 10:47:21,099][root][INFO] - Val leaf stats: tensor([0.0000, 0.0352, 0.5707, 0.0000, 0.3907, 0.0035, 0.0000, 0.0000, 0.0000,
        0.0000, 0.0000, 0.0000, 0.0000, 0.0000, 0.0000, 0.0000])
[2026-06-26 10:47:21,606][root][INFO] - Epoch: 12 | train acc: 0.9480, train loss: 0.18140019, valid acc: 0.9313, valid loss: 0.23380466, test acc: 0.9366, test loss: 0.21324283
[2026-06-26 10:47:22,687][root][INFO] - reg loss: 4.011175196125822, entropy loss: 0.21250255602710652, leaf dev: 0.24995556473731995
[2026-06-26 10:47:22,689][root][INFO] - Val leaf stats: tensor([0.0000e+00, 0.0000e+00, 9.9983e-01, 1.6667e-04, 0.0000e+00, 0.0000e+00,
        0.0000e+00, 0.0000e+00, 0.0000e+00, 0.0000e+00, 0.0000e+00, 0.0000e+00,
        0.0000e+00, 0.0000e+00, 0.0000e+00, 0.0000e+00])
[2026-06-26 10:47:22,769][root][INFO] - Epoch: 12 | train acc: 0.9354, train loss: 4.85543163, valid acc: 0.9180, valid loss: 0.29948783, test acc: 0.9181, test loss: 0.30106632
[2026-06-26 10:47:23,432][root][INFO] - Epoch: 13 | train acc: 0.9616, train loss: 0.13267512, valid acc: 0.9415, valid loss: 0.19116520, test acc: 0.9493, test loss: 0.17601945
[2026-06-26 10:47:23,619][root][INFO] - reg loss: 4.087718626238265, entropy loss: 0.23049344417621503, leaf dev: 0.23446939885616302
[2026-06-26 10:47:23,620][root][INFO] - Val leaf stats: tensor([0.0000, 0.0368, 0.9410, 0.0163, 0.0058, 0.0000, 0.0000, 0.0000, 0.0000,
        0.0000, 0.0000, 0.0000, 0.0000, 0.0000, 0.0000, 0.0000])
[2026-06-26 10:47:23,866][root][INFO] - Epoch: 12 | train acc: 0.9290, train loss: 8.54611490, valid acc: 0.9080, valid loss: 0.33454670, test acc: 0.9127, test loss: 0.31007500
[2026-06-26 10:47:23,930][root][INFO] - reg loss: 4.012183553767654, entropy loss: 0.20655360775736142, leaf dev: 0.25
[2026-06-26 10:47:23,931][root][INFO] - Val leaf stats: tensor([0., 0., 1., 0., 0., 0., 0., 0., 0., 0., 0., 0., 0., 0., 0., 0.])
[2026-06-26 10:47:25,557][root][INFO] - reg loss: 4.003465683955066, entropy loss: 0.1860419158946793, leaf dev: 0.25
[2026-06-26 10:47:25,558][root][INFO] - Val leaf stats: tensor([0., 0., 0., 0., 0., 0., 0., 0., 0., 1., 0., 0., 0., 0., 0., 0.])
[2026-06-26 10:47:26,512][root][INFO] - reg loss: 4.01335589840727, entropy loss: 0.1814698801850373, leaf dev: 0.2496001422405243
[2026-06-26 10:47:26,513][root][INFO] - Val leaf stats: tensor([0.0000e+00, 0.0000e+00, 0.0000e+00, 0.0000e+00, 0.0000e+00, 0.0000e+00,
        0.0000e+00, 1.0000e-03, 0.0000e+00, 9.9850e-01, 0.0000e+00, 0.0000e+00,
        0.0000e+00, 0.0000e+00, 0.0000e+00, 5.0000e-04])
[2026-06-26 10:47:26,928][root][INFO] - reg loss: 7.485948783046794, entropy loss: 0.3388309082332647, leaf dev: 0.08197472989559174
[2026-06-26 10:47:26,930][root][INFO] - Val leaf stats: tensor([0.0935, 0.0000, 0.0818, 0.1017, 0.0000, 0.0000, 0.0468, 0.0228, 0.0797,
        0.0010, 0.0382, 0.2350, 0.0000, 0.2658, 0.0003, 0.0333])
[2026-06-26 10:47:27,866][root][INFO] - reg loss: 4.616112650565381, entropy loss: 0.1509713959300293, leaf dev: 0.17934821546077728
[2026-06-26 10:47:27,867][root][INFO] - Val leaf stats: tensor([0.0000e+00, 0.0000e+00, 0.0000e+00, 0.0000e+00, 0.0000e+00, 0.0000e+00,
        1.0000e-03, 1.5233e-01, 0.0000e+00, 7.1417e-01, 1.0483e-01, 1.6667e-04,
        0.0000e+00, 0.0000e+00, 0.0000e+00, 2.7500e-02])
[2026-06-26 10:47:28,168][root][INFO] - Epoch: 13 | train acc: 0.9401, train loss: 9.06452581, valid acc: 0.9295, valid loss: 0.25168617, test acc: 0.9289, test loss: 0.25818586
[2026-06-26 10:47:28,521][root][INFO] - reg loss: 6.811565079778995, entropy loss: 0.35916832005077937, leaf dev: 0.12556971609592438
[2026-06-26 10:47:28,522][root][INFO] - Val leaf stats: tensor([5.9833e-02, 2.5000e-03, 0.0000e+00, 0.0000e+00, 1.4033e-01, 2.9117e-01,
        1.6667e-04, 6.5667e-02, 2.6667e-03, 1.1667e-03, 0.0000e+00, 4.3200e-01,
        3.6667e-03, 1.6667e-04, 6.6667e-04, 0.0000e+00])
[2026-06-26 10:47:29,328][root][INFO] - reg loss: 4.146481500481659, entropy loss: 0.20597708070615553, leaf dev: 0.24747246503829956
[2026-06-26 10:47:29,329][root][INFO] - Val leaf stats: tensor([0.0000, 0.0062, 0.9905, 0.0033, 0.0000, 0.0000, 0.0000, 0.0000, 0.0000,
        0.0000, 0.0000, 0.0000, 0.0000, 0.0000, 0.0000, 0.0000])
[2026-06-26 10:47:32,409][root][INFO] - Epoch: 13 | train acc: 0.9598, train loss: 0.13938156, valid acc: 0.9458, valid loss: 0.17918499, test acc: 0.9495, test loss: 0.17707521
[2026-06-26 10:47:33,370][root][INFO] - reg loss: 4.423792830053365, entropy loss: 0.1652925915594371, leaf dev: 0.1934390366077423
[2026-06-26 10:47:33,371][root][INFO] - Val leaf stats: tensor([0.0000e+00, 0.0000e+00, 0.0000e+00, 0.0000e+00, 0.0000e+00, 0.0000e+00,
        0.0000e+00, 0.0000e+00, 4.5000e-03, 7.7317e-01, 1.3733e-01, 0.0000e+00,
        6.6667e-04, 0.0000e+00, 0.0000e+00, 8.4333e-02])
[2026-06-26 10:47:34,010][root][INFO] - Epoch: 13 | train acc: 0.9435, train loss: 4.53064664, valid acc: 0.9255, valid loss: 0.28217337, test acc: 0.9332, test loss: 0.23742934
[2026-06-26 10:47:38,305][root][INFO] - reg loss: 6.246312163910776, entropy loss: 0.28185394378203266, leaf dev: 0.1173287108540535
[2026-06-26 10:47:38,306][root][INFO] - Val leaf stats: tensor([0.0000, 0.0000, 0.0000, 0.0000, 0.0387, 0.1682, 0.0000, 0.0000, 0.1130,
        0.2850, 0.0000, 0.0000, 0.0007, 0.3808, 0.0137, 0.0000])
[2026-06-26 10:47:40,097][root][INFO] - reg loss: 4.329518759025718, entropy loss: 0.1994195968474982, leaf dev: 0.18901193141937256
[2026-06-26 10:47:40,099][root][INFO] - Val leaf stats: tensor([0.0000, 0.0387, 0.7413, 0.2175, 0.0000, 0.0000, 0.0000, 0.0000, 0.0000,
        0.0000, 0.0000, 0.0000, 0.0000, 0.0000, 0.0000, 0.0025])
[2026-06-26 10:47:41,462][root][INFO] - Epoch: 13 | train acc: 0.9443, train loss: 2.49077184, valid acc: 0.9277, valid loss: 0.25722927, test acc: 0.9329, test loss: 0.23622415
[2026-06-26 10:47:43,166][root][INFO] - Epoch: 13 | train acc: 0.9440, train loss: 0.19024890, valid acc: 0.9342, valid loss: 0.22202419, test acc: 0.9338, test loss: 0.21819465
[2026-06-26 10:47:45,450][root][INFO] - Epoch: 14 | train acc: 0.9511, train loss: 8.17640794, valid acc: 0.9455, valid loss: 0.19515573, test acc: 0.9448, test loss: 0.18664186
[2026-06-26 10:47:46,687][root][INFO] - Epoch: 13 | train acc: 0.9423, train loss: 2.71108646, valid acc: 0.9348, valid loss: 0.22927336, test acc: 0.9392, test loss: 0.21565432
[2026-06-26 10:47:47,021][root][INFO] - reg loss: 4.593510164404815, entropy loss: 0.20080094728267417, leaf dev: 0.1757192313671112
[2026-06-26 10:47:47,022][root][INFO] - Val leaf stats: tensor([0.0000, 0.0077, 0.6787, 0.2492, 0.0528, 0.0000, 0.0000, 0.0000, 0.0000,
        0.0000, 0.0000, 0.0000, 0.0000, 0.0000, 0.0000, 0.0117])
[2026-06-26 10:47:48,316][root][INFO] - reg loss: 7.0789819168594645, entropy loss: 0.34268161823164744, leaf dev: 0.12711915373802185
[2026-06-26 10:47:48,317][root][INFO] - Val leaf stats: tensor([0.0087, 0.0093, 0.1170, 0.0442, 0.0105, 0.0232, 0.0037, 0.0437, 0.5050,
        0.0350, 0.1722, 0.0017, 0.0250, 0.0010, 0.0000, 0.0000])
[2026-06-26 10:47:50,778][root][INFO] - reg loss: 4.003471181077777, entropy loss: 0.1854323667456519, leaf dev: 0.2499111294746399
[2026-06-26 10:47:50,779][root][INFO] - Val leaf stats: tensor([0.0000e+00, 0.0000e+00, 0.0000e+00, 0.0000e+00, 0.0000e+00, 0.0000e+00,
        0.0000e+00, 0.0000e+00, 3.3333e-04, 9.9967e-01, 0.0000e+00, 0.0000e+00,
        0.0000e+00, 0.0000e+00, 0.0000e+00, 0.0000e+00])
[2026-06-26 10:47:52,245][root][INFO] - reg loss: 5.022246842114431, entropy loss: 0.19604981043991052, leaf dev: 0.15657860040664673
[2026-06-26 10:47:52,246][root][INFO] - Val leaf stats: tensor([0.0000, 0.0000, 0.0000, 0.0000, 0.0000, 0.0000, 0.1643, 0.2470, 0.0000,
        0.5850, 0.0037, 0.0000, 0.0000, 0.0000, 0.0000, 0.0000])
[2026-06-26 10:47:52,900][root][INFO] - Epoch: 13 | train acc: 0.9506, train loss: 32.20988835, valid acc: 0.9397, valid loss: 0.21587262, test acc: 0.9449, test loss: 0.19047535
[2026-06-26 10:47:53,903][root][INFO] - Epoch: 13 | train acc: 0.9312, train loss: 16.62015713, valid acc: 0.9072, valid loss: 0.32587520, test acc: 0.9077, test loss: 0.30873026
[2026-06-26 10:47:53,931][root][INFO] - Epoch: 14 | train acc: 0.9317, train loss: 16.53501953, valid acc: 0.9082, valid loss: 0.31851738, test acc: 0.9159, test loss: 0.30272246
[2026-06-26 10:47:58,025][root][INFO] - reg loss: 4.00486085099994, entropy loss: 0.20298049247489786, leaf dev: 0.25
[2026-06-26 10:47:58,026][root][INFO] - Val leaf stats: tensor([0., 0., 1., 0., 0., 0., 0., 0., 0., 0., 0., 0., 0., 0., 0., 0.])
[2026-06-26 10:47:58,653][root][INFO] - Epoch: 13 | train acc: 0.9538, train loss: 2.23831598, valid acc: 0.9470, valid loss: 0.19154464, test acc: 0.9474, test loss: 0.18269224
[2026-06-26 10:47:59,048][root][INFO] - reg loss: 4.094192833270666, entropy loss: 0.167245053036033, leaf dev: 0.24871402978897095
[2026-06-26 10:47:59,049][root][INFO] - Val leaf stats: tensor([0.0000, 0.0000, 0.0000, 0.0000, 0.0000, 0.0000, 0.0000, 0.0000, 0.0000,
        0.9952, 0.0048, 0.0000, 0.0000, 0.0000, 0.0000, 0.0000])
[2026-06-26 10:47:59,066][root][INFO] - reg loss: 4.072431564331055, entropy loss: 0.20844687816669355, leaf dev: 0.24951140582561493
[2026-06-26 10:47:59,067][root][INFO] - Val leaf stats: tensor([0.0000e+00, 3.3333e-04, 9.9817e-01, 1.5000e-03, 0.0000e+00, 0.0000e+00,
        0.0000e+00, 0.0000e+00, 0.0000e+00, 0.0000e+00, 0.0000e+00, 0.0000e+00,
        0.0000e+00, 0.0000e+00, 0.0000e+00, 0.0000e+00])
[2026-06-26 10:47:59,425][root][INFO] - Epoch: 13 | train acc: 0.9506, train loss: 16.22376563, valid acc: 0.9397, valid loss: 0.21491700, test acc: 0.9438, test loss: 0.19059665
[2026-06-26 10:47:59,676][root][INFO] - Epoch: 13 | train acc: 0.9513, train loss: 2.43919281, valid acc: 0.9377, valid loss: 0.20925657, test acc: 0.9390, test loss: 0.18942880
[2026-06-26 10:48:01,549][root][INFO] - Epoch: 14 | train acc: 0.9529, train loss: 8.18887735, valid acc: 0.9383, valid loss: 0.21013285, test acc: 0.9461, test loss: 0.18958207
[2026-06-26 10:48:02,088][root][INFO] - Epoch: 14 | train acc: 0.9261, train loss: 32.38668902, valid acc: 0.9158, valid loss: 0.30355107, test acc: 0.9213, test loss: 0.28505559
[2026-06-26 10:48:02,699][root][INFO] - Epoch: 13 | train acc: 0.9540, train loss: 4.27031459, valid acc: 0.9408, valid loss: 0.20669158, test acc: 0.9443, test loss: 0.18696871
[2026-06-26 10:48:03,864][root][INFO] - reg loss: 4.1579120294103085, entropy loss: 0.16160307459111484, leaf dev: 0.22077642381191254
[2026-06-26 10:48:03,865][root][INFO] - Val leaf stats: tensor([0.0000, 0.0000, 0.0000, 0.0000, 0.0000, 0.0000, 0.0000, 0.1168, 0.0000,
        0.8832, 0.0000, 0.0000, 0.0000, 0.0000, 0.0000, 0.0000])
[2026-06-26 10:48:04,848][root][INFO] - reg loss: 4.013038356349154, entropy loss: 0.21233873434786527, leaf dev: 0.24986669421195984
[2026-06-26 10:48:04,849][root][INFO] - Val leaf stats: tensor([0.0000e+00, 0.0000e+00, 9.9950e-01, 5.0000e-04, 0.0000e+00, 0.0000e+00,
        0.0000e+00, 0.0000e+00, 0.0000e+00, 0.0000e+00, 0.0000e+00, 0.0000e+00,
        0.0000e+00, 0.0000e+00, 0.0000e+00, 0.0000e+00])
[2026-06-26 10:48:05,069][root][INFO] - reg loss: 4.540142833061938, entropy loss: 0.2201115943069728, leaf dev: 0.18627916276454926
[2026-06-26 10:48:05,070][root][INFO] - Val leaf stats: tensor([0.0000, 0.0520, 0.7313, 0.0013, 0.2132, 0.0022, 0.0000, 0.0000, 0.0000,
        0.0000, 0.0000, 0.0000, 0.0000, 0.0000, 0.0000, 0.0000])
[2026-06-26 10:48:05,341][root][INFO] - Epoch: 13 | train acc: 0.9493, train loss: 32.19982640, valid acc: 0.9448, valid loss: 0.19950467, test acc: 0.9448, test loss: 0.18808463
[2026-06-26 10:48:06,109][root][INFO] - Epoch: 13 | train acc: 0.9484, train loss: 4.19182299, valid acc: 0.9428, valid loss: 0.20173200, test acc: 0.9432, test loss: 0.19518454
[2026-06-26 10:48:06,428][root][INFO] - reg loss: 4.01216193415084, entropy loss: 0.21241690134102442, leaf dev: 0.24995556473731995
[2026-06-26 10:48:06,429][root][INFO] - Val leaf stats: tensor([0.0000e+00, 0.0000e+00, 9.9983e-01, 1.6667e-04, 0.0000e+00, 0.0000e+00,
        0.0000e+00, 0.0000e+00, 0.0000e+00, 0.0000e+00, 0.0000e+00, 0.0000e+00,
        0.0000e+00, 0.0000e+00, 0.0000e+00, 0.0000e+00])
[2026-06-26 10:48:06,585][root][INFO] - Epoch: 13 | train acc: 0.9566, train loss: 0.14805143, valid acc: 0.9432, valid loss: 0.19712345, test acc: 0.9479, test loss: 0.17569869
[2026-06-26 10:48:06,866][root][INFO] - Epoch: 14 | train acc: 0.9654, train loss: 0.12147273, valid acc: 0.9468, valid loss: 0.18558695, test acc: 0.9512, test loss: 0.17195545
[2026-06-26 10:48:06,933][root][INFO] - reg loss: 4.015558562188779, entropy loss: 0.20672456287550475, leaf dev: 0.2499111294746399
[2026-06-26 10:48:06,934][root][INFO] - Val leaf stats: tensor([0.0000e+00, 0.0000e+00, 9.9967e-01, 3.3333e-04, 0.0000e+00, 0.0000e+00,
        0.0000e+00, 0.0000e+00, 0.0000e+00, 0.0000e+00, 0.0000e+00, 0.0000e+00,
        0.0000e+00, 0.0000e+00, 0.0000e+00, 0.0000e+00])
[2026-06-26 10:48:07,329][root][INFO] - Epoch: 13 | train acc: 0.9362, train loss: 4.86106211, valid acc: 0.9233, valid loss: 0.26868122, test acc: 0.9248, test loss: 0.27230553
[2026-06-26 10:48:08,091][root][INFO] - reg loss: 4.107904762591955, entropy loss: 0.23149252921905158, leaf dev: 0.24045108258724213
[2026-06-26 10:48:08,092][root][INFO] - Val leaf stats: tensor([0.0000, 0.0127, 0.9640, 0.0150, 0.0083, 0.0000, 0.0000, 0.0000, 0.0000,
        0.0000, 0.0000, 0.0000, 0.0000, 0.0000, 0.0000, 0.0000])
[2026-06-26 10:48:08,418][root][INFO] - Epoch: 13 | train acc: 0.9298, train loss: 8.63478085, valid acc: 0.9065, valid loss: 0.41017446, test acc: 0.9100, test loss: 0.35502429
[2026-06-26 10:48:10,801][root][INFO] - reg loss: 4.003017065660009, entropy loss: 0.18596114864889182, leaf dev: 0.25
[2026-06-26 10:48:10,802][root][INFO] - Val leaf stats: tensor([0., 0., 0., 0., 0., 0., 0., 0., 0., 1., 0., 0., 0., 0., 0., 0.])
[2026-06-26 10:48:11,571][root][INFO] - reg loss: 4.013553718350968, entropy loss: 0.1784755525723943, leaf dev: 0.24960021674633026
[2026-06-26 10:48:11,572][root][INFO] - Val leaf stats: tensor([0.0000e+00, 0.0000e+00, 0.0000e+00, 0.0000e+00, 0.0000e+00, 0.0000e+00,
        0.0000e+00, 1.3333e-03, 0.0000e+00, 9.9850e-01, 0.0000e+00, 0.0000e+00,
        0.0000e+00, 0.0000e+00, 0.0000e+00, 1.6667e-04])
[2026-06-26 10:48:11,871][root][INFO] - reg loss: 7.430435756467423, entropy loss: 0.33369174908916904, leaf dev: 0.07537705451250076
[2026-06-26 10:48:11,872][root][INFO] - Val leaf stats: tensor([1.1817e-01, 1.6667e-04, 1.4767e-01, 3.7667e-02, 0.0000e+00, 0.0000e+00,
        7.6167e-02, 4.1000e-02, 8.0500e-02, 0.0000e+00, 3.3667e-02, 2.1500e-01,
        0.0000e+00, 2.1983e-01, 3.3333e-04, 2.9833e-02])
[2026-06-26 10:48:11,935][root][INFO] - Epoch: 14 | train acc: 0.9404, train loss: 9.08859061, valid acc: 0.9317, valid loss: 0.24179061, test acc: 0.9312, test loss: 0.25033387
[2026-06-26 10:48:12,286][root][INFO] - reg loss: 6.880749333579585, entropy loss: 0.3609571299462948, leaf dev: 0.12753523886203766
[2026-06-26 10:48:12,287][root][INFO] - Val leaf stats: tensor([3.6167e-02, 5.0000e-04, 0.0000e+00, 0.0000e+00, 1.6617e-01, 3.3117e-01,
        0.0000e+00, 5.5167e-02, 6.6667e-04, 3.3333e-04, 1.6667e-04, 4.0600e-01,
        2.6667e-03, 5.0000e-04, 5.0000e-04, 0.0000e+00])
[2026-06-26 10:48:12,898][root][INFO] - reg loss: 4.6324500542766645, entropy loss: 0.1577819715131004, leaf dev: 0.17316041886806488
[2026-06-26 10:48:12,899][root][INFO] - Val leaf stats: tensor([0.0000, 0.0000, 0.0000, 0.0000, 0.0000, 0.0000, 0.0012, 0.1632, 0.0000,
        0.6853, 0.1237, 0.0008, 0.0000, 0.0000, 0.0000, 0.0258])
[2026-06-26 10:48:13,582][root][INFO] - reg loss: 4.1871228712909625, entropy loss: 0.20470586545624822, leaf dev: 0.24252426624298096
[2026-06-26 10:48:13,583][root][INFO] - Val leaf stats: tensor([0.0000e+00, 3.0000e-03, 9.7167e-01, 2.5000e-02, 0.0000e+00, 0.0000e+00,
        0.0000e+00, 0.0000e+00, 0.0000e+00, 0.0000e+00, 0.0000e+00, 0.0000e+00,
        0.0000e+00, 0.0000e+00, 0.0000e+00, 3.3333e-04])
[2026-06-26 10:48:17,072][root][INFO] - Epoch: 14 | train acc: 0.9647, train loss: 0.12076015, valid acc: 0.9520, valid loss: 0.16421151, test acc: 0.9538, test loss: 0.16402901
[2026-06-26 10:48:17,360][root][INFO] - reg loss: 4.4371826198865785, entropy loss: 0.1655329149567856, leaf dev: 0.18895584344863892
[2026-06-26 10:48:17,361][root][INFO] - Val leaf stats: tensor([0.0000e+00, 0.0000e+00, 0.0000e+00, 0.0000e+00, 0.0000e+00, 0.0000e+00,
        0.0000e+00, 0.0000e+00, 2.1667e-03, 7.5383e-01, 1.3583e-01, 1.6667e-04,
        1.5000e-03, 0.0000e+00, 0.0000e+00, 1.0650e-01])
[2026-06-26 10:48:18,401][root][INFO] - Epoch: 14 | train acc: 0.9449, train loss: 4.51198834, valid acc: 0.9232, valid loss: 0.28331903, test acc: 0.9354, test loss: 0.23127408
[2026-06-26 10:48:22,925][root][INFO] - reg loss: 6.190858458572963, entropy loss: 0.2863078496928485, leaf dev: 0.12202206254005432
[2026-06-26 10:48:22,926][root][INFO] - Val leaf stats: tensor([0.0000, 0.0000, 0.0000, 0.0000, 0.0457, 0.1555, 0.0000, 0.0000, 0.0677,
        0.3093, 0.0000, 0.0000, 0.0008, 0.3985, 0.0225, 0.0000])
[2026-06-26 10:48:24,140][root][INFO] - reg loss: 4.315372111662379, entropy loss: 0.19697223716187026, leaf dev: 0.19503773748874664
[2026-06-26 10:48:24,142][root][INFO] - Val leaf stats: tensor([0.0000, 0.0375, 0.7733, 0.1833, 0.0000, 0.0000, 0.0000, 0.0000, 0.0000,
        0.0000, 0.0000, 0.0000, 0.0000, 0.0000, 0.0000, 0.0058])
[2026-06-26 10:48:26,597][root][INFO] - Epoch: 14 | train acc: 0.9444, train loss: 2.48985785, valid acc: 0.9293, valid loss: 0.24252675, test acc: 0.9334, test loss: 0.22698443
[2026-06-26 10:48:26,649][root][INFO] - Epoch: 14 | train acc: 0.9484, train loss: 0.17793614, valid acc: 0.9385, valid loss: 0.20917612, test acc: 0.9371, test loss: 0.20879468
[2026-06-26 10:48:27,511][root][INFO] - Epoch: 15 | train acc: 0.9524, train loss: 8.17416225, valid acc: 0.9463, valid loss: 0.19203524, test acc: 0.9476, test loss: 0.18317880
[2026-06-26 10:48:30,845][root][INFO] - Epoch: 14 | train acc: 0.9394, train loss: 2.65102503, valid acc: 0.9268, valid loss: 0.26046786, test acc: 0.9277, test loss: 0.26425752
[2026-06-26 10:48:32,227][root][INFO] - reg loss: 7.445338627077499, entropy loss: 0.35384767291680824, leaf dev: 0.11507994681596756
[2026-06-26 10:48:32,228][root][INFO] - Val leaf stats: tensor([3.0000e-03, 6.1667e-03, 1.0750e-01, 4.3500e-02, 1.4333e-02, 2.7000e-02,
        1.4833e-02, 3.9667e-02, 4.5583e-01, 2.6500e-02, 1.6833e-01, 1.5000e-03,
        9.0000e-02, 1.6667e-03, 1.6667e-04, 0.0000e+00])
[2026-06-26 10:48:32,502][root][INFO] - reg loss: 4.591148542908003, entropy loss: 0.2003836785003824, leaf dev: 0.16276343166828156
[2026-06-26 10:48:32,503][root][INFO] - Val leaf stats: tensor([0.0012, 0.0098, 0.6078, 0.2938, 0.0528, 0.0000, 0.0000, 0.0000, 0.0000,
        0.0000, 0.0000, 0.0000, 0.0000, 0.0000, 0.0000, 0.0345])
[2026-06-26 10:48:33,271][root][INFO] - reg loss: 4.004353581734423, entropy loss: 0.18512382569178096, leaf dev: 0.2499111294746399
[2026-06-26 10:48:33,272][root][INFO] - Val leaf stats: tensor([0.0000e+00, 0.0000e+00, 0.0000e+00, 0.0000e+00, 0.0000e+00, 0.0000e+00,
        0.0000e+00, 0.0000e+00, 3.3333e-04, 9.9967e-01, 0.0000e+00, 0.0000e+00,
        0.0000e+00, 0.0000e+00, 0.0000e+00, 0.0000e+00])
[2026-06-26 10:48:36,051][root][INFO] - reg loss: 4.882684973050964, entropy loss: 0.19256046301913712, leaf dev: 0.17496603727340698
[2026-06-26 10:48:36,052][root][INFO] - Val leaf stats: tensor([0.0000, 0.0000, 0.0000, 0.0000, 0.0000, 0.0000, 0.1065, 0.2050, 0.0000,
        0.6843, 0.0042, 0.0000, 0.0000, 0.0000, 0.0000, 0.0000])
[2026-06-26 10:48:36,682][root][INFO] - Epoch: 15 | train acc: 0.9335, train loss: 16.56182750, valid acc: 0.9035, valid loss: 0.32919699, test acc: 0.9081, test loss: 0.31121164
[2026-06-26 10:48:37,113][root][INFO] - Epoch: 14 | train acc: 0.9524, train loss: 32.20113276, valid acc: 0.9385, valid loss: 0.21205375, test acc: 0.9463, test loss: 0.18966407
[2026-06-26 10:48:37,729][root][INFO] - Epoch: 14 | train acc: 0.9275, train loss: 17.22546514, valid acc: 0.9213, valid loss: 0.30897152, test acc: 0.9186, test loss: 0.33201853
[2026-06-26 10:48:41,865][root][INFO] - reg loss: 4.081072969256707, entropy loss: 0.20815614217294837, leaf dev: 0.24955572187900543
[2026-06-26 10:48:41,866][root][INFO] - Val leaf stats: tensor([0.0000e+00, 8.3333e-04, 9.9833e-01, 8.3333e-04, 0.0000e+00, 0.0000e+00,
        0.0000e+00, 0.0000e+00, 0.0000e+00, 0.0000e+00, 0.0000e+00, 0.0000e+00,
        0.0000e+00, 0.0000e+00, 0.0000e+00, 0.0000e+00])
[2026-06-26 10:48:42,271][root][INFO] - reg loss: 4.004434958943781, entropy loss: 0.20291038307378878, leaf dev: 0.25
[2026-06-26 10:48:42,272][root][INFO] - Val leaf stats: tensor([0., 0., 1., 0., 0., 0., 0., 0., 0., 0., 0., 0., 0., 0., 0., 0.])
[2026-06-26 10:48:42,390][root][INFO] - Epoch: 14 | train acc: 0.9553, train loss: 2.24781394, valid acc: 0.9445, valid loss: 0.19136800, test acc: 0.9459, test loss: 0.18614082
[2026-06-26 10:48:42,690][root][INFO] - reg loss: 4.2018568875654685, entropy loss: 0.17584366168615953, leaf dev: 0.2339969128370285
[2026-06-26 10:48:42,693][root][INFO] - Val leaf stats: tensor([0.0000e+00, 0.0000e+00, 0.0000e+00, 0.0000e+00, 0.0000e+00, 0.0000e+00,
        0.0000e+00, 0.0000e+00, 0.0000e+00, 9.3817e-01, 6.0500e-02, 1.1667e-03,
        0.0000e+00, 0.0000e+00, 0.0000e+00, 1.6667e-04])
[2026-06-26 10:48:44,539][root][INFO] - Epoch: 14 | train acc: 0.9528, train loss: 16.20546271, valid acc: 0.9398, valid loss: 0.20936915, test acc: 0.9462, test loss: 0.18961471
[2026-06-26 10:48:44,679][root][INFO] - Epoch: 14 | train acc: 0.9587, train loss: 2.40118358, valid acc: 0.9402, valid loss: 0.20286376, test acc: 0.9466, test loss: 0.17382109
[2026-06-26 10:48:46,029][root][INFO] - Epoch: 15 | train acc: 0.9280, train loss: 32.42396283, valid acc: 0.9142, valid loss: 0.30495669, test acc: 0.9219, test loss: 0.28512989
[2026-06-26 10:48:46,712][root][INFO] - Epoch: 15 | train acc: 0.9530, train loss: 8.18488182, valid acc: 0.9405, valid loss: 0.20720079, test acc: 0.9471, test loss: 0.18457725
[2026-06-26 10:48:47,338][root][INFO] - reg loss: 4.184820562038782, entropy loss: 0.15995614610190662, leaf dev: 0.22334349155426025
[2026-06-26 10:48:47,339][root][INFO] - Val leaf stats: tensor([0.0000, 0.0000, 0.0000, 0.0000, 0.0000, 0.0000, 0.0000, 0.1058, 0.0000,
        0.8942, 0.0000, 0.0000, 0.0000, 0.0000, 0.0000, 0.0000])
[2026-06-26 10:48:48,981][root][INFO] - Epoch: 14 | train acc: 0.9563, train loss: 4.25642276, valid acc: 0.9407, valid loss: 0.21513468, test acc: 0.9476, test loss: 0.18167054
[2026-06-26 10:48:49,415][root][INFO] - Epoch: 14 | train acc: 0.9504, train loss: 32.19225765, valid acc: 0.9453, valid loss: 0.19541186, test acc: 0.9452, test loss: 0.18786027
[2026-06-26 10:48:49,560][root][INFO] - reg loss: 4.010159888357486, entropy loss: 0.21214714885320304, leaf dev: 0.24986669421195984
[2026-06-26 10:48:49,561][root][INFO] - Val leaf stats: tensor([0.0000e+00, 0.0000e+00, 9.9950e-01, 5.0000e-04, 0.0000e+00, 0.0000e+00,
        0.0000e+00, 0.0000e+00, 0.0000e+00, 0.0000e+00, 0.0000e+00, 0.0000e+00,
        0.0000e+00, 0.0000e+00, 0.0000e+00, 0.0000e+00])
[2026-06-26 10:48:49,933][root][INFO] - reg loss: 4.513058100106581, entropy loss: 0.2215677428076852, leaf dev: 0.1744130402803421
[2026-06-26 10:48:49,934][root][INFO] - Val leaf stats: tensor([0.0000, 0.0350, 0.6508, 0.0008, 0.3065, 0.0068, 0.0000, 0.0000, 0.0000,
        0.0000, 0.0000, 0.0000, 0.0000, 0.0000, 0.0000, 0.0000])
[2026-06-26 10:48:50,019][root][INFO] - Epoch: 14 | train acc: 0.9496, train loss: 4.18455665, valid acc: 0.9438, valid loss: 0.19735333, test acc: 0.9436, test loss: 0.19543697
[2026-06-26 10:48:50,265][root][INFO] - Epoch: 15 | train acc: 0.9667, train loss: 0.11594205, valid acc: 0.9450, valid loss: 0.19015117, test acc: 0.9506, test loss: 0.17218466
[2026-06-26 10:48:50,716][root][INFO] - Epoch: 14 | train acc: 0.9615, train loss: 0.13367726, valid acc: 0.8915, valid loss: 0.39345415, test acc: 0.9019, test loss: 0.36307678
[2026-06-26 10:48:51,513][root][INFO] - reg loss: 4.02071514219608, entropy loss: 0.20699513253738294, leaf dev: 0.24986669421195984
[2026-06-26 10:48:51,514][root][INFO] - Val leaf stats: tensor([0.0000e+00, 0.0000e+00, 9.9950e-01, 5.0000e-04, 0.0000e+00, 0.0000e+00,
        0.0000e+00, 0.0000e+00, 0.0000e+00, 0.0000e+00, 0.0000e+00, 0.0000e+00,
        0.0000e+00, 0.0000e+00, 0.0000e+00, 0.0000e+00])
[2026-06-26 10:48:52,008][root][INFO] - reg loss: 4.012096917854165, entropy loss: 0.21227874775540154, leaf dev: 0.24982227385044098
[2026-06-26 10:48:52,009][root][INFO] - Val leaf stats: tensor([0.0000e+00, 0.0000e+00, 9.9933e-01, 6.6667e-04, 0.0000e+00, 0.0000e+00,
        0.0000e+00, 0.0000e+00, 0.0000e+00, 0.0000e+00, 0.0000e+00, 0.0000e+00,
        0.0000e+00, 0.0000e+00, 0.0000e+00, 0.0000e+00])
[2026-06-26 10:48:52,070][root][INFO] - Epoch: 14 | train acc: 0.9322, train loss: 8.63711505, valid acc: 0.9098, valid loss: 0.32667564, test acc: 0.9164, test loss: 0.30340155
[2026-06-26 10:48:52,413][root][INFO] - Epoch: 14 | train acc: 0.9376, train loss: 4.81392704, valid acc: 0.9288, valid loss: 0.24990988, test acc: 0.9264, test loss: 0.25604040
[2026-06-26 10:48:54,283][root][INFO] - reg loss: 4.102896051586799, entropy loss: 0.23029037733685295, leaf dev: 0.23825958371162415
[2026-06-26 10:48:54,284][root][INFO] - Val leaf stats: tensor([0.0000, 0.0193, 0.9557, 0.0163, 0.0087, 0.0000, 0.0000, 0.0000, 0.0000,
        0.0000, 0.0000, 0.0000, 0.0000, 0.0000, 0.0000, 0.0000])
[2026-06-26 10:48:54,665][root][INFO] - reg loss: 4.002651129128798, entropy loss: 0.18591752507776585, leaf dev: 0.25
[2026-06-26 10:48:54,666][root][INFO] - Val leaf stats: tensor([0., 0., 0., 0., 0., 0., 0., 0., 0., 1., 0., 0., 0., 0., 0., 0.])
[2026-06-26 10:48:55,752][root][INFO] - reg loss: 6.770625339364106, entropy loss: 0.3514864686525093, leaf dev: 0.12511585652828217
[2026-06-26 10:48:55,753][root][INFO] - Val leaf stats: tensor([0.0437, 0.0007, 0.0000, 0.0000, 0.1548, 0.3138, 0.0000, 0.0663, 0.0027,
        0.0027, 0.0000, 0.4105, 0.0035, 0.0007, 0.0007, 0.0000])
[2026-06-26 10:48:55,768][root][INFO] - reg loss: 4.010330141715284, entropy loss: 0.17652663518235368, leaf dev: 0.24960021674633026
[2026-06-26 10:48:55,769][root][INFO] - Val leaf stats: tensor([0.0000e+00, 0.0000e+00, 0.0000e+00, 0.0000e+00, 0.0000e+00, 0.0000e+00,
        0.0000e+00, 1.3333e-03, 0.0000e+00, 9.9850e-01, 0.0000e+00, 0.0000e+00,
        0.0000e+00, 0.0000e+00, 0.0000e+00, 1.6667e-04])
[2026-06-26 10:48:55,869][root][INFO] - Epoch: 15 | train acc: 0.9428, train loss: 9.05498257, valid acc: 0.9333, valid loss: 0.24331352, test acc: 0.9319, test loss: 0.24876254
[2026-06-26 10:48:56,009][root][INFO] - reg loss: 7.400868433826375, entropy loss: 0.32957771785979, leaf dev: 0.07982706278562546
[2026-06-26 10:48:56,010][root][INFO] - Val leaf stats: tensor([2.6967e-01, 1.6667e-04, 1.5533e-01, 8.7833e-02, 0.0000e+00, 6.6667e-04,
        1.7100e-01, 6.9833e-02, 2.8667e-02, 0.0000e+00, 1.3833e-02, 1.1733e-01,
        0.0000e+00, 6.4833e-02, 3.3333e-04, 2.0500e-02])
[2026-06-26 10:48:57,333][root][INFO] - reg loss: 4.195820250601138, entropy loss: 0.19982470740687172, leaf dev: 0.24694359302520752
[2026-06-26 10:48:57,333][root][INFO] - Val leaf stats: tensor([0.0000e+00, 9.0000e-03, 9.8850e-01, 1.8333e-03, 0.0000e+00, 0.0000e+00,
        0.0000e+00, 0.0000e+00, 0.0000e+00, 0.0000e+00, 0.0000e+00, 0.0000e+00,
        0.0000e+00, 0.0000e+00, 0.0000e+00, 6.6667e-04])
[2026-06-26 10:48:57,657][root][INFO] - reg loss: 4.5964870317926945, entropy loss: 0.15438201756409878, leaf dev: 0.16968576610088348
[2026-06-26 10:48:57,658][root][INFO] - Val leaf stats: tensor([0.0000, 0.0000, 0.0000, 0.0000, 0.0000, 0.0000, 0.0013, 0.1623, 0.0000,
        0.6623, 0.1713, 0.0007, 0.0000, 0.0000, 0.0000, 0.0020])
[2026-06-26 10:49:01,727][root][INFO] - reg loss: 4.424578657690084, entropy loss: 0.16486503183841705, leaf dev: 0.18747864663600922
[2026-06-26 10:49:01,728][root][INFO] - Val leaf stats: tensor([0.0000e+00, 0.0000e+00, 0.0000e+00, 0.0000e+00, 0.0000e+00, 0.0000e+00,
        0.0000e+00, 0.0000e+00, 3.3333e-03, 7.4650e-01, 1.5200e-01, 1.6667e-04,
        1.3333e-03, 0.0000e+00, 0.0000e+00, 9.6667e-02])
[2026-06-26 10:49:02,026][root][INFO] - Epoch: 15 | train acc: 0.9455, train loss: 4.51361131, valid acc: 0.9277, valid loss: 0.27446947, test acc: 0.9377, test loss: 0.22885246
[2026-06-26 10:49:02,334][root][INFO] - Epoch: 15 | train acc: 0.9680, train loss: 0.11106503, valid acc: 0.9525, valid loss: 0.16580631, test acc: 0.9517, test loss: 0.16558936
[2026-06-26 10:49:07,245][root][INFO] - reg loss: 4.31971461368057, entropy loss: 0.19511811266530235, leaf dev: 0.18517209589481354
[2026-06-26 10:49:07,246][root][INFO] - Val leaf stats: tensor([0.0000, 0.0432, 0.7263, 0.2173, 0.0000, 0.0000, 0.0000, 0.0000, 0.0000,
        0.0000, 0.0000, 0.0000, 0.0000, 0.0000, 0.0000, 0.0132])
[2026-06-26 10:49:08,140][root][INFO] - reg loss: 6.201429448037778, entropy loss: 0.28744782535534985, leaf dev: 0.12234987318515778
[2026-06-26 10:49:08,141][root][INFO] - Val leaf stats: tensor([0.0000, 0.0000, 0.0000, 0.0000, 0.0423, 0.1685, 0.0000, 0.0000, 0.0703,
        0.3063, 0.0000, 0.0000, 0.0012, 0.3973, 0.0140, 0.0000])
[2026-06-26 10:49:10,676][root][INFO] - Epoch: 15 | train acc: 0.9494, train loss: 0.17380749, valid acc: 0.9368, valid loss: 0.21467940, test acc: 0.9380, test loss: 0.20806566
[2026-06-26 10:49:11,311][root][INFO] - Epoch: 15 | train acc: 0.9480, train loss: 2.47801404, valid acc: 0.9302, valid loss: 0.24434488, test acc: 0.9379, test loss: 0.22581918
[2026-06-26 10:49:12,462][root][INFO] - Epoch: 16 | train acc: 0.9533, train loss: 8.19998661, valid acc: 0.9475, valid loss: 0.18885249, test acc: 0.9471, test loss: 0.18094408
[2026-06-26 10:49:15,471][root][INFO] - Epoch: 15 | train acc: 0.9415, train loss: 2.64343302, valid acc: 0.9348, valid loss: 0.22308950, test acc: 0.9375, test loss: 0.21883163
[2026-06-26 10:49:15,672][root][INFO] - reg loss: 7.432025778968379, entropy loss: 0.3521065872232869, leaf dev: 0.11152015626430511
[2026-06-26 10:49:15,673][root][INFO] - Val leaf stats: tensor([0.0173, 0.0348, 0.1640, 0.0547, 0.0042, 0.0173, 0.0015, 0.0182, 0.4390,
        0.0415, 0.1313, 0.0010, 0.0728, 0.0023, 0.0000, 0.0000])
[2026-06-26 10:49:16,989][root][INFO] - reg loss: 4.584147088932541, entropy loss: 0.19785805454231659, leaf dev: 0.15864884853363037
[2026-06-26 10:49:16,990][root][INFO] - Val leaf stats: tensor([0.0000, 0.0100, 0.5927, 0.2875, 0.0547, 0.0000, 0.0000, 0.0000, 0.0000,
        0.0000, 0.0000, 0.0000, 0.0000, 0.0000, 0.0000, 0.0552])
[2026-06-26 10:49:17,729][root][INFO] - reg loss: 4.017474858266003, entropy loss: 0.1851052277774181, leaf dev: 0.24884679913520813
[2026-06-26 10:49:17,730][root][INFO] - Val leaf stats: tensor([0.0000, 0.0000, 0.0000, 0.0000, 0.0000, 0.0000, 0.0000, 0.0000, 0.0043,
        0.9957, 0.0000, 0.0000, 0.0000, 0.0000, 0.0000, 0.0000])
[2026-06-26 10:49:19,975][root][INFO] - Epoch: 16 | train acc: 0.9354, train loss: 16.59462988, valid acc: 0.9058, valid loss: 0.32798779, test acc: 0.9107, test loss: 0.31846030
[2026-06-26 10:49:21,113][root][INFO] - Epoch: 15 | train acc: 0.9525, train loss: 32.19499599, valid acc: 0.9400, valid loss: 0.20999669, test acc: 0.9479, test loss: 0.18435585
[2026-06-26 10:49:21,254][root][INFO] - reg loss: 4.881733471492551, entropy loss: 0.1913603794462276, leaf dev: 0.16029076278209686
[2026-06-26 10:49:21,256][root][INFO] - Val leaf stats: tensor([0.0000, 0.0000, 0.0000, 0.0000, 0.0000, 0.0000, 0.1427, 0.2472, 0.0000,
        0.6053, 0.0048, 0.0000, 0.0000, 0.0000, 0.0000, 0.0000])
[2026-06-26 10:49:22,285][root][INFO] - Epoch: 15 | train acc: 0.9349, train loss: 17.16880188, valid acc: 0.9208, valid loss: 0.29091183, test acc: 0.9211, test loss: 0.31091111
[2026-06-26 10:49:24,675][root][INFO] - reg loss: 4.090825454244074, entropy loss: 0.20747527719106315, leaf dev: 0.24902337789535522
[2026-06-26 10:49:24,676][root][INFO] - Val leaf stats: tensor([0.0000e+00, 3.0000e-03, 9.9633e-01, 6.6667e-04, 0.0000e+00, 0.0000e+00,
        0.0000e+00, 0.0000e+00, 0.0000e+00, 0.0000e+00, 0.0000e+00, 0.0000e+00,
        0.0000e+00, 0.0000e+00, 0.0000e+00, 0.0000e+00])
[2026-06-26 10:49:26,012][root][INFO] - reg loss: 4.004133786795275, entropy loss: 0.20287267919981256, leaf dev: 0.25
[2026-06-26 10:49:26,013][root][INFO] - Val leaf stats: tensor([0., 0., 1., 0., 0., 0., 0., 0., 0., 0., 0., 0., 0., 0., 0., 0.])
[2026-06-26 10:49:26,800][root][INFO] - Epoch: 15 | train acc: 0.9551, train loss: 2.25399434, valid acc: 0.9457, valid loss: 0.18333334, test acc: 0.9482, test loss: 0.18097566
[2026-06-26 10:49:27,488][root][INFO] - reg loss: 4.228789046125592, entropy loss: 0.1830754004559427, leaf dev: 0.23316505551338196
[2026-06-26 10:49:27,489][root][INFO] - Val leaf stats: tensor([0.0000e+00, 0.0000e+00, 0.0000e+00, 0.0000e+00, 0.0000e+00, 0.0000e+00,
        0.0000e+00, 0.0000e+00, 1.6667e-04, 9.3483e-01, 6.3833e-02, 1.0000e-03,
        0.0000e+00, 0.0000e+00, 0.0000e+00, 1.6667e-04])
[2026-06-26 10:49:27,777][root][INFO] - Epoch: 15 | train acc: 0.9529, train loss: 16.19610655, valid acc: 0.9397, valid loss: 0.20685940, test acc: 0.9476, test loss: 0.18421002
[2026-06-26 10:49:28,400][root][INFO] - Epoch: 15 | train acc: 0.9625, train loss: 2.39525601, valid acc: 0.9423, valid loss: 0.20172415, test acc: 0.9486, test loss: 0.17463487
[2026-06-26 10:49:31,454][root][INFO] - Epoch: 16 | train acc: 0.9552, train loss: 8.18656378, valid acc: 0.9387, valid loss: 0.20504171, test acc: 0.9456, test loss: 0.18743419
[2026-06-26 10:49:31,585][root][INFO] - Epoch: 16 | train acc: 0.9288, train loss: 32.48447361, valid acc: 0.9137, valid loss: 0.30479759, test acc: 0.9198, test loss: 0.28560685
[2026-06-26 10:49:31,885][root][INFO] - reg loss: 4.203628418580541, entropy loss: 0.158209483297366, leaf dev: 0.21651411056518555
[2026-06-26 10:49:31,886][root][INFO] - Val leaf stats: tensor([0.0000e+00, 0.0000e+00, 0.0000e+00, 1.6667e-04, 0.0000e+00, 0.0000e+00,
        0.0000e+00, 1.3533e-01, 0.0000e+00, 8.6450e-01, 0.0000e+00, 0.0000e+00,
        0.0000e+00, 0.0000e+00, 0.0000e+00, 0.0000e+00])
[2026-06-26 10:49:33,029][root][INFO] - reg loss: 4.008764811281888, entropy loss: 0.2120450867234536, leaf dev: 0.24986669421195984
[2026-06-26 10:49:33,030][root][INFO] - Val leaf stats: tensor([0.0000e+00, 0.0000e+00, 9.9950e-01, 5.0000e-04, 0.0000e+00, 0.0000e+00,
        0.0000e+00, 0.0000e+00, 0.0000e+00, 0.0000e+00, 0.0000e+00, 0.0000e+00,
        0.0000e+00, 0.0000e+00, 0.0000e+00, 0.0000e+00])
[2026-06-26 10:49:33,296][root][INFO] - Epoch: 15 | train acc: 0.9586, train loss: 4.26647023, valid acc: 0.9427, valid loss: 0.21129666, test acc: 0.9489, test loss: 0.17489948
[2026-06-26 10:49:33,301][root][INFO] - reg loss: 4.528312543653092, entropy loss: 0.2207004560052224, leaf dev: 0.16658425331115723
[2026-06-26 10:49:33,302][root][INFO] - Val leaf stats: tensor([0.0000e+00, 6.2333e-02, 6.1000e-01, 1.6667e-04, 3.2050e-01, 7.0000e-03,
        0.0000e+00, 0.0000e+00, 0.0000e+00, 0.0000e+00, 0.0000e+00, 0.0000e+00,
        0.0000e+00, 0.0000e+00, 0.0000e+00, 0.0000e+00])
[2026-06-26 10:49:33,702][root][INFO] - Epoch: 15 | train acc: 0.9515, train loss: 32.18567323, valid acc: 0.9460, valid loss: 0.19281992, test acc: 0.9473, test loss: 0.18508826
[2026-06-26 10:49:35,037][root][INFO] - Epoch: 15 | train acc: 0.9509, train loss: 4.18370318, valid acc: 0.9440, valid loss: 0.19583395, test acc: 0.9431, test loss: 0.19433345
[2026-06-26 10:49:35,362][root][INFO] - Epoch: 16 | train acc: 0.9674, train loss: 0.11171739, valid acc: 0.9460, valid loss: 0.19095370, test acc: 0.9493, test loss: 0.17593482
[2026-06-26 10:49:35,709][root][INFO] - Epoch: 15 | train acc: 0.9194, train loss: 0.27823284, valid acc: 0.9117, valid loss: 0.31513174, test acc: 0.9171, test loss: 0.28706235
[2026-06-26 10:49:36,020][root][INFO] - Epoch: 15 | train acc: 0.9328, train loss: 8.60675319, valid acc: 0.9042, valid loss: 0.33341695, test acc: 0.9089, test loss: 0.30689215
[2026-06-26 10:49:36,497][root][INFO] - reg loss: 4.0292097307601065, entropy loss: 0.20744424678806989, leaf dev: 0.24982227385044098
[2026-06-26 10:49:36,498][root][INFO] - Val leaf stats: tensor([0.0000e+00, 0.0000e+00, 9.9933e-01, 6.6667e-04, 0.0000e+00, 0.0000e+00,
        0.0000e+00, 0.0000e+00, 0.0000e+00, 0.0000e+00, 0.0000e+00, 0.0000e+00,
        0.0000e+00, 0.0000e+00, 0.0000e+00, 0.0000e+00])
[2026-06-26 10:49:36,693][root][INFO] - reg loss: 4.014191425071572, entropy loss: 0.2121676506017739, leaf dev: 0.24995556473731995
[2026-06-26 10:49:36,694][root][INFO] - Val leaf stats: tensor([0.0000e+00, 1.6667e-04, 9.9983e-01, 0.0000e+00, 0.0000e+00, 0.0000e+00,
        0.0000e+00, 0.0000e+00, 0.0000e+00, 0.0000e+00, 0.0000e+00, 0.0000e+00,
        0.0000e+00, 0.0000e+00, 0.0000e+00, 0.0000e+00])
[2026-06-26 10:49:37,430][root][INFO] - Epoch: 15 | train acc: 0.9396, train loss: 4.73708475, valid acc: 0.9292, valid loss: 0.24935264, test acc: 0.9306, test loss: 0.24545654
[2026-06-26 10:49:38,724][root][INFO] - reg loss: 4.1185047536526085, entropy loss: 0.23017185940495077, leaf dev: 0.23281244933605194
[2026-06-26 10:49:38,725][root][INFO] - Val leaf stats: tensor([0.0000, 0.0255, 0.9348, 0.0292, 0.0105, 0.0000, 0.0000, 0.0000, 0.0000,
        0.0000, 0.0000, 0.0000, 0.0000, 0.0000, 0.0000, 0.0000])
[2026-06-26 10:49:38,805][root][INFO] - reg loss: 4.002338728814755, entropy loss: 0.185892956717959, leaf dev: 0.25
[2026-06-26 10:49:38,806][root][INFO] - Val leaf stats: tensor([0., 0., 0., 0., 0., 0., 0., 0., 0., 1., 0., 0., 0., 0., 0., 0.])
[2026-06-26 10:49:40,382][root][INFO] - reg loss: 4.013737431112325, entropy loss: 0.17539282044712104, leaf dev: 0.24960021674633026
[2026-06-26 10:49:40,383][root][INFO] - Val leaf stats: tensor([0.0000e+00, 0.0000e+00, 0.0000e+00, 0.0000e+00, 0.0000e+00, 0.0000e+00,
        0.0000e+00, 1.3333e-03, 0.0000e+00, 9.9850e-01, 0.0000e+00, 0.0000e+00,
        0.0000e+00, 0.0000e+00, 0.0000e+00, 1.6667e-04])
[2026-06-26 10:49:40,909][root][INFO] - reg loss: 6.654275988632778, entropy loss: 0.3085817638433205, leaf dev: 0.12742222845554352
[2026-06-26 10:49:40,911][root][INFO] - Val leaf stats: tensor([4.9267e-01, 0.0000e+00, 7.0500e-02, 3.9167e-02, 0.0000e+00, 0.0000e+00,
        1.9417e-01, 1.3033e-01, 4.6667e-03, 0.0000e+00, 5.1667e-03, 4.3500e-02,
        0.0000e+00, 1.0000e-02, 1.6667e-04, 9.6667e-03])
[2026-06-26 10:49:41,080][root][INFO] - reg loss: 6.701080475213392, entropy loss: 0.34504186488547417, leaf dev: 0.13020865619182587
[2026-06-26 10:49:41,081][root][INFO] - Val leaf stats: tensor([0.0472, 0.0010, 0.0000, 0.0000, 0.1598, 0.3187, 0.0000, 0.0358, 0.0000,
        0.0007, 0.0000, 0.4315, 0.0040, 0.0007, 0.0007, 0.0000])
[2026-06-26 10:49:41,153][root][INFO] - Epoch: 16 | train acc: 0.9442, train loss: 9.04054346, valid acc: 0.9350, valid loss: 0.24195375, test acc: 0.9337, test loss: 0.23848631
[2026-06-26 10:49:41,246][root][INFO] - reg loss: 4.1836754016156465, entropy loss: 0.19435858192308894, leaf dev: 0.24587878584861755
[2026-06-26 10:49:41,246][root][INFO] - Val leaf stats: tensor([0.0000, 0.0080, 0.9845, 0.0063, 0.0000, 0.0000, 0.0000, 0.0000, 0.0000,
        0.0000, 0.0000, 0.0000, 0.0000, 0.0000, 0.0000, 0.0012])
[2026-06-26 10:49:42,443][root][INFO] - reg loss: 4.526030419007787, entropy loss: 0.14938439878652682, leaf dev: 0.17012691497802734
[2026-06-26 10:49:42,444][root][INFO] - Val leaf stats: tensor([0.0000, 0.0000, 0.0000, 0.0000, 0.0000, 0.0000, 0.0010, 0.1528, 0.0000,
        0.6648, 0.1768, 0.0007, 0.0000, 0.0000, 0.0000, 0.0038])
[2026-06-26 10:49:44,390][root][INFO] - Epoch: 16 | train acc: 0.9477, train loss: 4.50885592, valid acc: 0.9260, valid loss: 0.27327761, test acc: 0.9344, test loss: 0.23472072
[2026-06-26 10:49:46,744][root][INFO] - Epoch: 16 | train acc: 0.9678, train loss: 0.10948238, valid acc: 0.9522, valid loss: 0.16062941, test acc: 0.9556, test loss: 0.16219550
[2026-06-26 10:49:46,920][root][INFO] - reg loss: 4.418774460846523, entropy loss: 0.16441888390284665, leaf dev: 0.18355968594551086
[2026-06-26 10:49:46,921][root][INFO] - Val leaf stats: tensor([0.0000e+00, 0.0000e+00, 0.0000e+00, 0.0000e+00, 0.0000e+00, 0.0000e+00,
        0.0000e+00, 0.0000e+00, 3.0000e-03, 7.2683e-01, 1.7667e-01, 1.6667e-04,
        1.6667e-03, 0.0000e+00, 0.0000e+00, 9.1667e-02])
[2026-06-26 10:49:50,201][root][INFO] - reg loss: 4.321542982785207, entropy loss: 0.19317732610792485, leaf dev: 0.18941354751586914
[2026-06-26 10:49:50,202][root][INFO] - Val leaf stats: tensor([0.0000, 0.0173, 0.7415, 0.2242, 0.0000, 0.0000, 0.0000, 0.0000, 0.0000,
        0.0000, 0.0000, 0.0000, 0.0000, 0.0000, 0.0000, 0.0170])
[2026-06-26 10:49:52,169][root][INFO] - reg loss: 5.959148357499321, entropy loss: 0.2761884978357351, leaf dev: 0.12676790356636047
[2026-06-26 10:49:52,170][root][INFO] - Val leaf stats: tensor([0.0000, 0.0000, 0.0000, 0.0000, 0.0488, 0.1543, 0.0000, 0.0000, 0.0328,
        0.3587, 0.0000, 0.0000, 0.0010, 0.3837, 0.0207, 0.0000])
[2026-06-26 10:49:53,394][root][INFO] - Epoch: 16 | train acc: 0.9501, train loss: 0.16724905, valid acc: 0.9377, valid loss: 0.21025467, test acc: 0.9369, test loss: 0.20355503
[2026-06-26 10:49:55,503][root][INFO] - Epoch: 16 | train acc: 0.9488, train loss: 2.46774363, valid acc: 0.9305, valid loss: 0.23734069, test acc: 0.9376, test loss: 0.22358692
[2026-06-26 10:49:56,207][root][INFO] - Epoch: 17 | train acc: 0.9548, train loss: 8.21015693, valid acc: 0.9473, valid loss: 0.18999653, test acc: 0.9467, test loss: 0.18076776
[2026-06-26 10:49:58,676][root][INFO] - reg loss: 7.3719191866100955, entropy loss: 0.347941388780216, leaf dev: 0.0978914201259613
[2026-06-26 10:49:58,678][root][INFO] - Val leaf stats: tensor([2.3500e-02, 2.1000e-02, 1.8083e-01, 5.1000e-02, 8.8333e-03, 4.5333e-02,
        0.0000e+00, 0.0000e+00, 3.6233e-01, 3.4000e-02, 1.2350e-01, 8.3333e-04,
        1.4167e-01, 7.0000e-03, 1.6667e-04, 0.0000e+00])
[2026-06-26 10:49:59,445][root][INFO] - Epoch: 16 | train acc: 0.9460, train loss: 2.66005856, valid acc: 0.9373, valid loss: 0.21910547, test acc: 0.9384, test loss: 0.21365037
[2026-06-26 10:50:00,625][root][INFO] - reg loss: 4.575009364002156, entropy loss: 0.18780970376617503, leaf dev: 0.1584269106388092
[2026-06-26 10:50:00,626][root][INFO] - Val leaf stats: tensor([0.0010, 0.0195, 0.5898, 0.2930, 0.0578, 0.0000, 0.0000, 0.0000, 0.0000,
        0.0000, 0.0000, 0.0000, 0.0000, 0.0000, 0.0000, 0.0388])
[2026-06-26 10:50:01,252][root][INFO] - reg loss: 4.026511318278763, entropy loss: 0.18497804144643387, leaf dev: 0.2484486997127533
[2026-06-26 10:50:01,254][root][INFO] - Val leaf stats: tensor([0.0000, 0.0000, 0.0000, 0.0000, 0.0000, 0.0000, 0.0000, 0.0000, 0.0058,
        0.9942, 0.0000, 0.0000, 0.0000, 0.0000, 0.0000, 0.0000])
[2026-06-26 10:50:03,733][root][INFO] - Epoch: 17 | train acc: 0.9374, train loss: 16.62377779, valid acc: 0.9050, valid loss: 0.32966612, test acc: 0.9107, test loss: 0.30985032
[2026-06-26 10:50:04,992][root][INFO] - reg loss: 4.9488152827856675, entropy loss: 0.19454089214779297, leaf dev: 0.1551896184682846
[2026-06-26 10:50:04,993][root][INFO] - Val leaf stats: tensor([0.0000e+00, 0.0000e+00, 0.0000e+00, 0.0000e+00, 0.0000e+00, 0.0000e+00,
        1.4500e-01, 2.8233e-01, 0.0000e+00, 5.6833e-01, 4.1667e-03, 0.0000e+00,
        1.6667e-04, 0.0000e+00, 0.0000e+00, 0.0000e+00])
[2026-06-26 10:50:05,135][root][INFO] - Epoch: 16 | train acc: 0.9547, train loss: 32.19110698, valid acc: 0.9393, valid loss: 0.20864237, test acc: 0.9464, test loss: 0.18612185
[2026-06-26 10:50:07,204][root][INFO] - Epoch: 16 | train acc: 0.9381, train loss: 17.10427369, valid acc: 0.9247, valid loss: 0.28148053, test acc: 0.9229, test loss: 0.29861292
[2026-06-26 10:50:08,509][root][INFO] - reg loss: 4.099679150671329, entropy loss: 0.20652663004848193, leaf dev: 0.24888990819454193
[2026-06-26 10:50:08,510][root][INFO] - Val leaf stats: tensor([0.0000, 0.0023, 0.9958, 0.0018, 0.0000, 0.0000, 0.0000, 0.0000, 0.0000,
        0.0000, 0.0000, 0.0000, 0.0000, 0.0000, 0.0000, 0.0000])
[2026-06-26 10:50:10,281][root][INFO] - reg loss: 4.004157939047183, entropy loss: 0.20283814885143964, leaf dev: 0.25
[2026-06-26 10:50:10,282][root][INFO] - Val leaf stats: tensor([0., 0., 1., 0., 0., 0., 0., 0., 0., 0., 0., 0., 0., 0., 0., 0.])
[2026-06-26 10:50:11,197][root][INFO] - Epoch: 16 | train acc: 0.9581, train loss: 2.23007345, valid acc: 0.9482, valid loss: 0.18090978, test acc: 0.9485, test loss: 0.20597797
[2026-06-26 10:50:11,978][root][INFO] - Epoch: 16 | train acc: 0.9637, train loss: 2.39559460, valid acc: 0.9465, valid loss: 0.18942225, test acc: 0.9491, test loss: 0.17036670
[2026-06-26 10:50:12,210][root][INFO] - Epoch: 16 | train acc: 0.9551, train loss: 16.19627040, valid acc: 0.9392, valid loss: 0.20540066, test acc: 0.9465, test loss: 0.18644383
[2026-06-26 10:50:12,420][root][INFO] - reg loss: 4.216679838468444, entropy loss: 0.17700272137826345, leaf dev: 0.2340356558561325
[2026-06-26 10:50:12,421][root][INFO] - Val leaf stats: tensor([0.0000e+00, 0.0000e+00, 0.0000e+00, 0.0000e+00, 0.0000e+00, 0.0000e+00,
        0.0000e+00, 0.0000e+00, 5.0000e-04, 9.3833e-01, 6.0167e-02, 6.6667e-04,
        0.0000e+00, 0.0000e+00, 0.0000e+00, 3.3333e-04])
[2026-06-26 10:50:14,043][root][INFO] - Epoch: 17 | train acc: 0.9556, train loss: 8.18385301, valid acc: 0.9402, valid loss: 0.20051774, test acc: 0.9480, test loss: 0.18222424
[2026-06-26 10:50:16,258][root][INFO] - reg loss: 4.1705078853751125, entropy loss: 0.156574621093723, leaf dev: 0.21908923983573914
[2026-06-26 10:50:16,259][root][INFO] - Val leaf stats: tensor([0.0000, 0.0000, 0.0000, 0.0000, 0.0000, 0.0000, 0.0000, 0.1242, 0.0000,
        0.8758, 0.0000, 0.0000, 0.0000, 0.0000, 0.0000, 0.0000])
[2026-06-26 10:50:17,061][root][INFO] - reg loss: 4.541546187310849, entropy loss: 0.2252051352329974, leaf dev: 0.17624524235725403
[2026-06-26 10:50:17,062][root][INFO] - Val leaf stats: tensor([0.0000e+00, 6.2000e-02, 6.7900e-01, 1.6667e-04, 2.5200e-01, 6.8333e-03,
        0.0000e+00, 0.0000e+00, 0.0000e+00, 0.0000e+00, 0.0000e+00, 0.0000e+00,
        0.0000e+00, 0.0000e+00, 0.0000e+00, 0.0000e+00])
[2026-06-26 10:50:17,260][root][INFO] - Epoch: 17 | train acc: 0.9323, train loss: 32.52462797, valid acc: 0.9122, valid loss: 0.30677326, test acc: 0.9188, test loss: 0.28842294
[2026-06-26 10:50:17,281][root][INFO] - Epoch: 16 | train acc: 0.9603, train loss: 4.26598982, valid acc: 0.9422, valid loss: 0.21113412, test acc: 0.9502, test loss: 0.17448394
[2026-06-26 10:50:17,427][root][INFO] - reg loss: 4.009866921406872, entropy loss: 0.21204791710061846, leaf dev: 0.24986669421195984
[2026-06-26 10:50:17,429][root][INFO] - Val leaf stats: tensor([0.0000e+00, 0.0000e+00, 9.9950e-01, 5.0000e-04, 0.0000e+00, 0.0000e+00,
        0.0000e+00, 0.0000e+00, 0.0000e+00, 0.0000e+00, 0.0000e+00, 0.0000e+00,
        0.0000e+00, 0.0000e+00, 0.0000e+00, 0.0000e+00])
[2026-06-26 10:50:18,332][root][INFO] - Epoch: 16 | train acc: 0.9533, train loss: 32.17944613, valid acc: 0.9475, valid loss: 0.18969197, test acc: 0.9467, test loss: 0.18191107
[2026-06-26 10:50:19,043][root][INFO] - Epoch: 16 | train acc: 0.9522, train loss: 4.18406210, valid acc: 0.9445, valid loss: 0.19192207, test acc: 0.9440, test loss: 0.19123689
[2026-06-26 10:50:19,253][root][INFO] - reg loss: 4.014838043248878, entropy loss: 0.21182802094603484, leaf dev: 0.24982225894927979
[2026-06-26 10:50:19,254][root][INFO] - Val leaf stats: tensor([0.0000e+00, 5.0000e-04, 9.9933e-01, 1.6667e-04, 0.0000e+00, 0.0000e+00,
        0.0000e+00, 0.0000e+00, 0.0000e+00, 0.0000e+00, 0.0000e+00, 0.0000e+00,
        0.0000e+00, 0.0000e+00, 0.0000e+00, 0.0000e+00])
[2026-06-26 10:50:19,606][root][INFO] - Epoch: 16 | train acc: 0.9445, train loss: 0.18863115, valid acc: 0.9320, valid loss: 0.22816538, test acc: 0.9373, test loss: 0.21035083
[2026-06-26 10:50:20,265][root][INFO] - Epoch: 17 | train acc: 0.9694, train loss: 0.10533822, valid acc: 0.9497, valid loss: 0.17739637, test acc: 0.9516, test loss: 0.16770213
[2026-06-26 10:50:20,673][root][INFO] - Epoch: 16 | train acc: 0.9356, train loss: 8.62022313, valid acc: 0.9087, valid loss: 0.33212421, test acc: 0.9115, test loss: 0.30638484
[2026-06-26 10:50:20,776][root][INFO] - Epoch: 16 | train acc: 0.9422, train loss: 4.74975947, valid acc: 0.9308, valid loss: 0.24618423, test acc: 0.9334, test loss: 0.24756689
[2026-06-26 10:50:22,294][root][INFO] - reg loss: 4.0352910329710765, entropy loss: 0.20747923457397605, leaf dev: 0.24982227385044098
[2026-06-26 10:50:22,296][root][INFO] - Val leaf stats: tensor([0.0000e+00, 0.0000e+00, 9.9933e-01, 6.6667e-04, 0.0000e+00, 0.0000e+00,
        0.0000e+00, 0.0000e+00, 0.0000e+00, 0.0000e+00, 0.0000e+00, 0.0000e+00,
        0.0000e+00, 0.0000e+00, 0.0000e+00, 0.0000e+00])
[2026-06-26 10:50:22,737][root][INFO] - reg loss: 4.123805127053891, entropy loss: 0.229800247218249, leaf dev: 0.2342837005853653
[2026-06-26 10:50:22,738][root][INFO] - Val leaf stats: tensor([0.0000, 0.0255, 0.9405, 0.0227, 0.0113, 0.0000, 0.0000, 0.0000, 0.0000,
        0.0000, 0.0000, 0.0000, 0.0000, 0.0000, 0.0000, 0.0000])
[2026-06-26 10:50:23,612][root][INFO] - reg loss: 4.002087714537135, entropy loss: 0.18585935122561906, leaf dev: 0.25
[2026-06-26 10:50:23,613][root][INFO] - Val leaf stats: tensor([0., 0., 0., 0., 0., 0., 0., 0., 0., 1., 0., 0., 0., 0., 0., 0.])
[2026-06-26 10:50:24,400][root][INFO] - reg loss: 4.017778437092619, entropy loss: 0.17391095788411373, leaf dev: 0.24942271411418915
[2026-06-26 10:50:24,401][root][INFO] - Val leaf stats: tensor([0.0000e+00, 0.0000e+00, 0.0000e+00, 0.0000e+00, 0.0000e+00, 0.0000e+00,
        0.0000e+00, 2.0000e-03, 0.0000e+00, 9.9783e-01, 0.0000e+00, 0.0000e+00,
        0.0000e+00, 0.0000e+00, 0.0000e+00, 1.6667e-04])
[2026-06-26 10:50:24,746][root][INFO] - reg loss: 6.417533986973313, entropy loss: 0.2973029841229601, leaf dev: 0.09635049849748611
[2026-06-26 10:50:24,747][root][INFO] - Val leaf stats: tensor([3.5217e-01, 8.3333e-04, 1.3867e-01, 8.6833e-02, 0.0000e+00, 0.0000e+00,
        1.7267e-01, 1.2533e-01, 7.8333e-03, 0.0000e+00, 8.0000e-03, 6.7000e-02,
        0.0000e+00, 2.1667e-02, 1.6667e-04, 1.8833e-02])
[2026-06-26 10:50:25,525][root][INFO] - reg loss: 6.658091743037386, entropy loss: 0.34243704631643473, leaf dev: 0.12278129160404205
[2026-06-26 10:50:25,526][root][INFO] - Val leaf stats: tensor([5.3833e-02, 1.0000e-03, 0.0000e+00, 0.0000e+00, 1.6350e-01, 3.0667e-01,
        0.0000e+00, 5.9500e-02, 2.0000e-03, 8.0000e-03, 0.0000e+00, 4.0167e-01,
        2.8333e-03, 6.6667e-04, 3.3333e-04, 0.0000e+00])
[2026-06-26 10:50:25,834][root][INFO] - reg loss: 4.193455250758045, entropy loss: 0.18956469210251323, leaf dev: 0.24800479412078857
[2026-06-26 10:50:25,836][root][INFO] - Val leaf stats: tensor([0.0000e+00, 6.1667e-03, 9.9250e-01, 1.6667e-04, 0.0000e+00, 0.0000e+00,
        0.0000e+00, 0.0000e+00, 0.0000e+00, 0.0000e+00, 0.0000e+00, 0.0000e+00,
        0.0000e+00, 0.0000e+00, 0.0000e+00, 1.1667e-03])
[2026-06-26 10:50:26,016][root][INFO] - reg loss: 4.5427204707883435, entropy loss: 0.15184899447661526, leaf dev: 0.16494059562683105
[2026-06-26 10:50:26,017][root][INFO] - Val leaf stats: tensor([0.0000e+00, 0.0000e+00, 0.0000e+00, 0.0000e+00, 0.0000e+00, 0.0000e+00,
        2.5000e-03, 1.6933e-01, 0.0000e+00, 6.3983e-01, 1.8017e-01, 6.6667e-04,
        0.0000e+00, 0.0000e+00, 1.6667e-04, 7.3333e-03])
[2026-06-26 10:50:26,162][root][INFO] - Epoch: 17 | train acc: 0.9470, train loss: 9.03161277, valid acc: 0.9355, valid loss: 0.23354218, test acc: 0.9351, test loss: 0.23647531
[2026-06-26 10:50:29,311][root][INFO] - Epoch: 17 | train acc: 0.9469, train loss: 4.49627719, valid acc: 0.9303, valid loss: 0.27117483, test acc: 0.9358, test loss: 0.23030617
[2026-06-26 10:50:30,949][root][INFO] - Epoch: 17 | train acc: 0.9684, train loss: 0.10853307, valid acc: 0.9520, valid loss: 0.16672640, test acc: 0.9548, test loss: 0.16022061
[2026-06-26 10:50:31,977][root][INFO] - reg loss: 4.41819613834597, entropy loss: 0.16542049061577274, leaf dev: 0.1814197152853012
[2026-06-26 10:50:31,978][root][INFO] - Val leaf stats: tensor([0.0000e+00, 0.0000e+00, 0.0000e+00, 0.0000e+00, 0.0000e+00, 0.0000e+00,
        0.0000e+00, 0.0000e+00, 5.1667e-03, 7.1700e-01, 1.8267e-01, 1.6667e-04,
        1.6667e-03, 0.0000e+00, 0.0000e+00, 9.3333e-02])
[2026-06-26 10:50:35,024][root][INFO] - reg loss: 4.305194481363836, entropy loss: 0.1914905848087005, leaf dev: 0.18412050604820251
[2026-06-26 10:50:35,026][root][INFO] - Val leaf stats: tensor([0.0000, 0.0402, 0.7238, 0.2118, 0.0000, 0.0000, 0.0000, 0.0000, 0.0000,
        0.0000, 0.0000, 0.0000, 0.0000, 0.0000, 0.0000, 0.0242])
[2026-06-26 10:50:36,726][root][INFO] - reg loss: 6.0762051681302625, entropy loss: 0.27800429823263634, leaf dev: 0.12172883749008179
[2026-06-26 10:50:36,727][root][INFO] - Val leaf stats: tensor([0.0000e+00, 1.6667e-04, 0.0000e+00, 0.0000e+00, 5.3333e-02, 1.7417e-01,
        0.0000e+00, 0.0000e+00, 7.0667e-02, 2.9283e-01, 0.0000e+00, 0.0000e+00,
        1.3333e-03, 4.0100e-01, 6.5000e-03, 0.0000e+00])
[2026-06-26 10:50:37,413][root][INFO] - Epoch: 17 | train acc: 0.9510, train loss: 0.16339716, valid acc: 0.9403, valid loss: 0.20530381, test acc: 0.9365, test loss: 0.21999537
[2026-06-26 10:50:38,681][root][INFO] - Epoch: 18 | train acc: 0.9554, train loss: 8.18657440, valid acc: 0.9485, valid loss: 0.18737862, test acc: 0.9497, test loss: 0.17425444
[2026-06-26 10:50:39,297][root][INFO] - Epoch: 17 | train acc: 0.9488, train loss: 2.46944162, valid acc: 0.9170, valid loss: 0.27105056, test acc: 0.9253, test loss: 0.26051291
[2026-06-26 10:50:42,877][root][INFO] - reg loss: 7.19619027173744, entropy loss: 0.3340699079464067, leaf dev: 0.12490890175104141
[2026-06-26 10:50:42,878][root][INFO] - Val leaf stats: tensor([0.0157, 0.0068, 0.0987, 0.0518, 0.0045, 0.0250, 0.0000, 0.0000, 0.5030,
        0.0483, 0.1382, 0.0058, 0.0928, 0.0093, 0.0000, 0.0000])
[2026-06-26 10:50:44,219][root][INFO] - reg loss: 4.016214343736756, entropy loss: 0.18403820538858198, leaf dev: 0.2496446669101715
[2026-06-26 10:50:44,220][root][INFO] - Val leaf stats: tensor([0.0000, 0.0000, 0.0000, 0.0000, 0.0000, 0.0000, 0.0000, 0.0000, 0.0013,
        0.9987, 0.0000, 0.0000, 0.0000, 0.0000, 0.0000, 0.0000])
[2026-06-26 10:50:44,237][root][INFO] - Epoch: 17 | train acc: 0.9464, train loss: 2.63877115, valid acc: 0.9395, valid loss: 0.21653277, test acc: 0.9391, test loss: 0.21472627
[2026-06-26 10:50:44,299][root][INFO] - reg loss: 4.575232604764542, entropy loss: 0.19111999785000422, leaf dev: 0.172702357172966
[2026-06-26 10:50:44,300][root][INFO] - Val leaf stats: tensor([5.0000e-04, 1.2500e-02, 6.8283e-01, 1.9300e-01, 4.9833e-02, 0.0000e+00,
        0.0000e+00, 0.0000e+00, 0.0000e+00, 0.0000e+00, 0.0000e+00, 0.0000e+00,
        0.0000e+00, 0.0000e+00, 1.6667e-04, 6.1167e-02])
[2026-06-26 10:50:47,141][root][INFO] - Epoch: 18 | train acc: 0.9384, train loss: 16.63880550, valid acc: 0.9088, valid loss: 0.31979629, test acc: 0.9143, test loss: 0.30389722
[2026-06-26 10:50:49,345][root][INFO] - Epoch: 17 | train acc: 0.9553, train loss: 32.18826650, valid acc: 0.9403, valid loss: 0.20504501, test acc: 0.9484, test loss: 0.18171700
[2026-06-26 10:50:49,657][root][INFO] - reg loss: 4.90731679268603, entropy loss: 0.19400618394028465, leaf dev: 0.15773829817771912
[2026-06-26 10:50:49,658][root][INFO] - Val leaf stats: tensor([0.0000e+00, 0.0000e+00, 0.0000e+00, 0.0000e+00, 0.0000e+00, 0.0000e+00,
        1.3483e-01, 2.7617e-01, 0.0000e+00, 5.8417e-01, 4.6667e-03, 0.0000e+00,
        1.6667e-04, 0.0000e+00, 0.0000e+00, 0.0000e+00])
[2026-06-26 10:50:50,841][root][INFO] - Epoch: 17 | train acc: 0.9387, train loss: 17.13127453, valid acc: 0.9243, valid loss: 0.27508221, test acc: 0.9253, test loss: 0.30036806
[2026-06-26 10:50:52,337][root][INFO] - reg loss: 4.104399541638932, entropy loss: 0.20537875227208408, leaf dev: 0.24831371009349823
[2026-06-26 10:50:52,338][root][INFO] - Val leaf stats: tensor([0.0000, 0.0042, 0.9937, 0.0022, 0.0000, 0.0000, 0.0000, 0.0000, 0.0000,
        0.0000, 0.0000, 0.0000, 0.0000, 0.0000, 0.0000, 0.0000])
[2026-06-26 10:50:53,834][root][INFO] - reg loss: 4.004184704906535, entropy loss: 0.20282520803640475, leaf dev: 0.25
[2026-06-26 10:50:53,835][root][INFO] - Val leaf stats: tensor([0., 0., 1., 0., 0., 0., 0., 0., 0., 0., 0., 0., 0., 0., 0., 0.])
[2026-06-26 10:50:55,872][root][INFO] - reg loss: 4.225589950129671, entropy loss: 0.17300289672500682, leaf dev: 0.23141920566558838
[2026-06-26 10:50:55,873][root][INFO] - Val leaf stats: tensor([0.0000e+00, 0.0000e+00, 0.0000e+00, 0.0000e+00, 0.0000e+00, 0.0000e+00,
        0.0000e+00, 0.0000e+00, 6.6667e-04, 9.2783e-01, 7.0333e-02, 8.3333e-04,
        0.0000e+00, 0.0000e+00, 0.0000e+00, 3.3333e-04])
[2026-06-26 10:50:55,878][root][INFO] - Epoch: 17 | train acc: 0.9588, train loss: 2.22196604, valid acc: 0.9442, valid loss: 0.19323009, test acc: 0.9462, test loss: 0.18520176
[2026-06-26 10:50:56,993][root][INFO] - Epoch: 17 | train acc: 0.9557, train loss: 16.18978470, valid acc: 0.9403, valid loss: 0.20155261, test acc: 0.9483, test loss: 0.18136377
[2026-06-26 10:50:57,161][root][INFO] - Epoch: 17 | train acc: 0.9651, train loss: 2.37731306, valid acc: 0.9457, valid loss: 0.18601291, test acc: 0.9502, test loss: 0.16360338
[2026-06-26 10:50:57,466][root][INFO] - Epoch: 18 | train acc: 0.9565, train loss: 8.18225857, valid acc: 0.9405, valid loss: 0.20211584, test acc: 0.9485, test loss: 0.18269403
[2026-06-26 10:51:01,317][root][INFO] - reg loss: 4.160357601237747, entropy loss: 0.15716004540335457, leaf dev: 0.22867979109287262
[2026-06-26 10:51:01,318][root][INFO] - Val leaf stats: tensor([0.0000e+00, 0.0000e+00, 0.0000e+00, 0.0000e+00, 0.0000e+00, 0.0000e+00,
        0.0000e+00, 8.3333e-02, 1.6667e-04, 9.1650e-01, 0.0000e+00, 0.0000e+00,
        0.0000e+00, 0.0000e+00, 0.0000e+00, 0.0000e+00])
[2026-06-26 10:51:01,586][root][INFO] - Epoch: 18 | train acc: 0.9341, train loss: 32.56843495, valid acc: 0.9155, valid loss: 0.30697590, test acc: 0.9197, test loss: 0.28226848
[2026-06-26 10:51:01,769][root][INFO] - Epoch: 17 | train acc: 0.9605, train loss: 4.25239910, valid acc: 0.9440, valid loss: 0.21803237, test acc: 0.9516, test loss: 0.16791876
[2026-06-26 10:51:02,045][root][INFO] - reg loss: 4.00896703072314, entropy loss: 0.21198133365163263, leaf dev: 0.24982227385044098
[2026-06-26 10:51:02,046][root][INFO] - Val leaf stats: tensor([0.0000e+00, 0.0000e+00, 9.9933e-01, 6.6667e-04, 0.0000e+00, 0.0000e+00,
        0.0000e+00, 0.0000e+00, 0.0000e+00, 0.0000e+00, 0.0000e+00, 0.0000e+00,
        0.0000e+00, 0.0000e+00, 0.0000e+00, 0.0000e+00])
[2026-06-26 10:51:02,337][root][INFO] - reg loss: 4.509525874875626, entropy loss: 0.22173882880300846, leaf dev: 0.17653997242450714
[2026-06-26 10:51:02,338][root][INFO] - Val leaf stats: tensor([3.3333e-04, 5.1000e-02, 6.7617e-01, 1.6667e-04, 2.6483e-01, 7.5000e-03,
        0.0000e+00, 0.0000e+00, 0.0000e+00, 0.0000e+00, 0.0000e+00, 0.0000e+00,
        0.0000e+00, 0.0000e+00, 0.0000e+00, 0.0000e+00])
[2026-06-26 10:51:02,551][root][INFO] - reg loss: 4.0158013937608255, entropy loss: 0.21144237903491506, leaf dev: 0.2498222440481186
[2026-06-26 10:51:02,552][root][INFO] - Val leaf stats: tensor([0.0000e+00, 3.3333e-04, 9.9933e-01, 3.3333e-04, 0.0000e+00, 0.0000e+00,
        0.0000e+00, 0.0000e+00, 0.0000e+00, 0.0000e+00, 0.0000e+00, 0.0000e+00,
        0.0000e+00, 0.0000e+00, 0.0000e+00, 0.0000e+00])
[2026-06-26 10:51:03,061][root][INFO] - Epoch: 17 | train acc: 0.9539, train loss: 32.17429287, valid acc: 0.9468, valid loss: 0.19084753, test acc: 0.9472, test loss: 0.18310042
[2026-06-26 10:51:03,401][root][INFO] - Epoch: 17 | train acc: 0.9546, train loss: 0.15713714, valid acc: 0.9423, valid loss: 0.20324044, test acc: 0.9437, test loss: 0.18706148
[2026-06-26 10:51:03,522][root][INFO] - Epoch: 17 | train acc: 0.9523, train loss: 4.17814703, valid acc: 0.9447, valid loss: 0.19199165, test acc: 0.9455, test loss: 0.19010552
[2026-06-26 10:51:03,721][root][INFO] - Epoch: 18 | train acc: 0.9636, train loss: 0.12587502, valid acc: 0.9390, valid loss: 0.20202820, test acc: 0.9473, test loss: 0.18463086
[2026-06-26 10:51:03,955][root][INFO] - Epoch: 17 | train acc: 0.9436, train loss: 4.78650916, valid acc: 0.9297, valid loss: 0.24349458, test acc: 0.9329, test loss: 0.23871478
[2026-06-26 10:51:04,206][root][INFO] - Epoch: 17 | train acc: 0.9329, train loss: 8.52246507, valid acc: 0.9120, valid loss: 0.37259685, test acc: 0.9142, test loss: 0.32532417
[2026-06-26 10:51:06,674][root][INFO] - reg loss: 4.041263085491252, entropy loss: 0.2072870482532483, leaf dev: 0.24986669421195984
[2026-06-26 10:51:06,675][root][INFO] - Val leaf stats: tensor([0.0000e+00, 0.0000e+00, 9.9950e-01, 5.0000e-04, 0.0000e+00, 0.0000e+00,
        0.0000e+00, 0.0000e+00, 0.0000e+00, 0.0000e+00, 0.0000e+00, 0.0000e+00,
        0.0000e+00, 0.0000e+00, 0.0000e+00, 0.0000e+00])
[2026-06-26 10:51:07,139][root][INFO] - reg loss: 4.114034139885093, entropy loss: 0.22906147688627243, leaf dev: 0.23154330253601074
[2026-06-26 10:51:07,140][root][INFO] - Val leaf stats: tensor([0.0000, 0.0265, 0.9300, 0.0300, 0.0135, 0.0000, 0.0000, 0.0000, 0.0000,
        0.0000, 0.0000, 0.0000, 0.0000, 0.0000, 0.0000, 0.0000])
[2026-06-26 10:51:08,457][root][INFO] - reg loss: 4.001862489952232, entropy loss: 0.18582042320719305, leaf dev: 0.25
[2026-06-26 10:51:08,458][root][INFO] - Val leaf stats: tensor([0., 0., 0., 0., 0., 0., 0., 0., 0., 1., 0., 0., 0., 0., 0., 0.])
[2026-06-26 10:51:08,775][root][INFO] - reg loss: 4.01471708855539, entropy loss: 0.172453115149489, leaf dev: 0.24968905746936798
[2026-06-26 10:51:08,776][root][INFO] - Val leaf stats: tensor([0.0000, 0.0000, 0.0000, 0.0000, 0.0000, 0.0000, 0.0000, 0.0000, 0.0000,
        0.9988, 0.0000, 0.0000, 0.0000, 0.0000, 0.0000, 0.0012])
[2026-06-26 10:51:08,961][root][INFO] - reg loss: 6.710832555339022, entropy loss: 0.30384810353225133, leaf dev: 0.08143845200538635
[2026-06-26 10:51:08,962][root][INFO] - Val leaf stats: tensor([2.8800e-01, 8.3333e-04, 1.6250e-01, 1.0600e-01, 0.0000e+00, 0.0000e+00,
        1.0767e-01, 1.0183e-01, 2.2500e-02, 0.0000e+00, 1.6000e-02, 1.2750e-01,
        1.6667e-04, 4.3167e-02, 3.3333e-04, 2.3500e-02])
[2026-06-26 10:51:09,047][root][INFO] - reg loss: 4.589775031467654, entropy loss: 0.1586966708583652, leaf dev: 0.16203443706035614
[2026-06-26 10:51:09,048][root][INFO] - Val leaf stats: tensor([0.0000e+00, 0.0000e+00, 0.0000e+00, 0.0000e+00, 0.0000e+00, 0.0000e+00,
        1.6667e-03, 1.6850e-01, 0.0000e+00, 6.2650e-01, 1.8767e-01, 1.0000e-03,
        0.0000e+00, 0.0000e+00, 1.6667e-04, 1.4500e-02])
[2026-06-26 10:51:09,165][root][INFO] - reg loss: 6.845817799838084, entropy loss: 0.3465146816001748, leaf dev: 0.16082285344600677
[2026-06-26 10:51:09,166][root][INFO] - Val leaf stats: tensor([5.2500e-02, 5.0000e-04, 0.0000e+00, 0.0000e+00, 8.9167e-02, 1.4167e-01,
        0.0000e+00, 3.5333e-02, 2.3333e-03, 1.5833e-02, 0.0000e+00, 6.4650e-01,
        1.4667e-02, 1.0000e-03, 5.0000e-04, 0.0000e+00])
[2026-06-26 10:51:09,183][root][INFO] - reg loss: 4.1375934312928395, entropy loss: 0.18288792782234695, leaf dev: 0.2418494075536728
[2026-06-26 10:51:09,184][root][INFO] - Val leaf stats: tensor([0.0000e+00, 7.3333e-03, 9.6917e-01, 1.6667e-04, 3.3333e-04, 0.0000e+00,
        0.0000e+00, 0.0000e+00, 0.0000e+00, 0.0000e+00, 0.0000e+00, 0.0000e+00,
        0.0000e+00, 0.0000e+00, 0.0000e+00, 2.3000e-02])
[2026-06-26 10:51:11,590][root][INFO] - Epoch: 18 | train acc: 0.9470, train loss: 8.98205887, valid acc: 0.9363, valid loss: 0.23229299, test acc: 0.9361, test loss: 0.23444112
[2026-06-26 10:51:12,530][root][INFO] - Epoch: 18 | train acc: 0.9484, train loss: 4.53355470, valid acc: 0.9285, valid loss: 0.27063417, test acc: 0.9380, test loss: 0.22359276
[2026-06-26 10:51:16,744][root][INFO] - Epoch: 18 | train acc: 0.9659, train loss: 0.11621697, valid acc: 0.9495, valid loss: 0.17259877, test acc: 0.9517, test loss: 0.17104728
[2026-06-26 10:51:17,001][root][INFO] - reg loss: 4.394513062711032, entropy loss: 0.16347785181594346, leaf dev: 0.1825774908065796
[2026-06-26 10:51:17,002][root][INFO] - Val leaf stats: tensor([0.0000e+00, 0.0000e+00, 0.0000e+00, 0.0000e+00, 0.0000e+00, 0.0000e+00,
        0.0000e+00, 0.0000e+00, 3.6667e-03, 7.2317e-01, 1.7233e-01, 3.3333e-04,
        1.3333e-03, 0.0000e+00, 0.0000e+00, 9.9167e-02])
[2026-06-26 10:51:17,749][root][INFO] - reg loss: 4.347124131220691, entropy loss: 0.19319306777895623, leaf dev: 0.1804531067609787
[2026-06-26 10:51:17,750][root][INFO] - Val leaf stats: tensor([0.0000, 0.0413, 0.7038, 0.2308, 0.0000, 0.0000, 0.0000, 0.0000, 0.0000,
        0.0000, 0.0000, 0.0000, 0.0000, 0.0000, 0.0000, 0.0240])
[2026-06-26 10:51:21,358][root][INFO] - Epoch: 18 | train acc: 0.9567, train loss: 0.14846887, valid acc: 0.9403, valid loss: 0.20296980, test acc: 0.9419, test loss: 0.19503169
[2026-06-26 10:51:22,448][root][INFO] - reg loss: 5.940044493045447, entropy loss: 0.2566325286368154, leaf dev: 0.12537460029125214
[2026-06-26 10:51:22,450][root][INFO] - Val leaf stats: tensor([0.0000e+00, 1.6667e-04, 0.0000e+00, 0.0000e+00, 8.8333e-02, 7.7333e-02,
        0.0000e+00, 0.0000e+00, 8.2500e-02, 3.3133e-01, 0.0000e+00, 0.0000e+00,
        1.6667e-03, 4.0967e-01, 9.0000e-03, 0.0000e+00])
[2026-06-26 10:51:22,729][root][INFO] - Epoch: 19 | train acc: 0.9564, train loss: 8.17319736, valid acc: 0.9487, valid loss: 0.19087487, test acc: 0.9492, test loss: 0.18120526
[2026-06-26 10:51:23,865][root][INFO] - Epoch: 18 | train acc: 0.9472, train loss: 2.45786975, valid acc: 0.9265, valid loss: 0.25822348, test acc: 0.9332, test loss: 0.23864493
[2026-06-26 10:51:27,149][root][INFO] - reg loss: 7.205891870102793, entropy loss: 0.3266425073709128, leaf dev: 0.09767474234104156
[2026-06-26 10:51:27,150][root][INFO] - Val leaf stats: tensor([0.0413, 0.0238, 0.1628, 0.0552, 0.0085, 0.0463, 0.0000, 0.0000, 0.3775,
        0.0392, 0.1252, 0.0073, 0.1085, 0.0043, 0.0000, 0.0000])
[2026-06-26 10:51:28,196][root][INFO] - reg loss: 4.010754990127851, entropy loss: 0.1814954400343715, leaf dev: 0.24964457750320435
[2026-06-26 10:51:28,196][root][INFO] - Val leaf stats: tensor([0.0000e+00, 0.0000e+00, 0.0000e+00, 0.0000e+00, 0.0000e+00, 0.0000e+00,
        0.0000e+00, 0.0000e+00, 1.0000e-03, 9.9867e-01, 0.0000e+00, 0.0000e+00,
        0.0000e+00, 0.0000e+00, 0.0000e+00, 3.3333e-04])
[2026-06-26 10:51:28,747][root][INFO] - Epoch: 18 | train acc: 0.9411, train loss: 2.66568375, valid acc: 0.9147, valid loss: 0.29197492, test acc: 0.9183, test loss: 0.28419718
[2026-06-26 10:51:29,502][root][INFO] - reg loss: 4.54596956720892, entropy loss: 0.19340100294014193, leaf dev: 0.14928825199604034
[2026-06-26 10:51:29,502][root][INFO] - Val leaf stats: tensor([0.0008, 0.0173, 0.4885, 0.3903, 0.0617, 0.0000, 0.0000, 0.0000, 0.0000,
        0.0000, 0.0000, 0.0000, 0.0000, 0.0000, 0.0000, 0.0413])
[2026-06-26 10:51:31,801][root][INFO] - Epoch: 19 | train acc: 0.9395, train loss: 16.62214891, valid acc: 0.9047, valid loss: 0.33490693, test acc: 0.9128, test loss: 0.30345508
[2026-06-26 10:51:32,440][root][INFO] - Epoch: 18 | train acc: 0.9561, train loss: 32.18631950, valid acc: 0.9405, valid loss: 0.20653391, test acc: 0.9489, test loss: 0.18077414
[2026-06-26 10:51:34,271][root][INFO] - reg loss: 4.923062239053114, entropy loss: 0.19538886999746538, leaf dev: 0.18115396797657013
[2026-06-26 10:51:34,272][root][INFO] - Val leaf stats: tensor([0.0000, 0.0000, 0.0000, 0.0000, 0.0000, 0.0000, 0.1385, 0.1363, 0.0000,
        0.7190, 0.0042, 0.0000, 0.0020, 0.0000, 0.0000, 0.0000])
[2026-06-26 10:51:34,405][root][INFO] - Epoch: 18 | train acc: 0.9401, train loss: 17.12429928, valid acc: 0.9247, valid loss: 0.27197073, test acc: 0.9260, test loss: 0.29069575
[2026-06-26 10:51:36,197][root][INFO] - reg loss: 4.100567579269409, entropy loss: 0.20374636478581518, leaf dev: 0.24831339716911316
[2026-06-26 10:51:36,198][root][INFO] - Val leaf stats: tensor([0.0000e+00, 3.6667e-03, 9.9367e-01, 2.5000e-03, 0.0000e+00, 0.0000e+00,
        0.0000e+00, 0.0000e+00, 0.0000e+00, 0.0000e+00, 0.0000e+00, 0.0000e+00,
        0.0000e+00, 0.0000e+00, 0.0000e+00, 1.6667e-04])
[2026-06-26 10:51:37,518][root][INFO] - reg loss: 4.004338313948433, entropy loss: 0.20283722315194472, leaf dev: 0.25
[2026-06-26 10:51:37,519][root][INFO] - Val leaf stats: tensor([0., 0., 1., 0., 0., 0., 0., 0., 0., 0., 0., 0., 0., 0., 0., 0.])
[2026-06-26 10:51:39,561][root][INFO] - reg loss: 4.226484064785939, entropy loss: 0.17196350446287192, leaf dev: 0.23253709077835083
[2026-06-26 10:51:39,562][root][INFO] - Val leaf stats: tensor([0.0000e+00, 0.0000e+00, 0.0000e+00, 0.0000e+00, 0.0000e+00, 0.0000e+00,
        0.0000e+00, 0.0000e+00, 6.6667e-04, 9.3233e-01, 6.6000e-02, 6.6667e-04,
        0.0000e+00, 0.0000e+00, 0.0000e+00, 3.3333e-04])
[2026-06-26 10:51:40,810][root][INFO] - Epoch: 18 | train acc: 0.9559, train loss: 2.19524710, valid acc: 0.9460, valid loss: 0.18762624, test acc: 0.9482, test loss: 0.17834432
[2026-06-26 10:51:40,859][root][INFO] - Epoch: 19 | train acc: 0.9577, train loss: 8.18386398, valid acc: 0.9408, valid loss: 0.20513633, test acc: 0.9484, test loss: 0.17869138
[2026-06-26 10:51:41,033][root][INFO] - Epoch: 18 | train acc: 0.9564, train loss: 16.18522308, valid acc: 0.9412, valid loss: 0.20274587, test acc: 0.9481, test loss: 0.18070699
[2026-06-26 10:51:42,085][root][INFO] - Epoch: 18 | train acc: 0.9666, train loss: 2.37102033, valid acc: 0.9467, valid loss: 0.18830134, test acc: 0.9501, test loss: 0.16300394
[2026-06-26 10:51:45,471][root][INFO] - Epoch: 19 | train acc: 0.9363, train loss: 32.58486665, valid acc: 0.9123, valid loss: 0.31050624, test acc: 0.9186, test loss: 0.28870879
[2026-06-26 10:51:46,132][root][INFO] - reg loss: 4.018321761545145, entropy loss: 0.2114221252641588, leaf dev: 0.24982225894927979
[2026-06-26 10:51:46,134][root][INFO] - Val leaf stats: tensor([0.0000e+00, 1.6667e-04, 9.9933e-01, 5.0000e-04, 0.0000e+00, 0.0000e+00,
        0.0000e+00, 0.0000e+00, 0.0000e+00, 0.0000e+00, 0.0000e+00, 0.0000e+00,
        0.0000e+00, 0.0000e+00, 0.0000e+00, 0.0000e+00])
[2026-06-26 10:51:46,273][root][INFO] - reg loss: 4.0908465565375565, entropy loss: 0.1536559208102946, leaf dev: 0.22707219421863556
[2026-06-26 10:51:46,274][root][INFO] - Val leaf stats: tensor([0.0000, 0.0000, 0.0000, 0.0000, 0.0000, 0.0000, 0.0000, 0.0902, 0.0000,
        0.9098, 0.0000, 0.0000, 0.0000, 0.0000, 0.0000, 0.0000])
[2026-06-26 10:51:46,538][root][INFO] - Epoch: 18 | train acc: 0.9619, train loss: 4.25974494, valid acc: 0.9453, valid loss: 0.20985076, test acc: 0.9523, test loss: 0.16384858
[2026-06-26 10:51:46,568][root][INFO] - reg loss: 4.008618944096115, entropy loss: 0.21195814463327517, leaf dev: 0.24982227385044098
[2026-06-26 10:51:46,569][root][INFO] - Val leaf stats: tensor([0.0000e+00, 0.0000e+00, 9.9933e-01, 6.6667e-04, 0.0000e+00, 0.0000e+00,
        0.0000e+00, 0.0000e+00, 0.0000e+00, 0.0000e+00, 0.0000e+00, 0.0000e+00,
        0.0000e+00, 0.0000e+00, 0.0000e+00, 0.0000e+00])
[2026-06-26 10:51:46,993][root][INFO] - Epoch: 18 | train acc: 0.9550, train loss: 32.16983568, valid acc: 0.9487, valid loss: 0.18792861, test acc: 0.9485, test loss: 0.17575167
[2026-06-26 10:51:47,411][root][INFO] - Epoch: 19 | train acc: 0.9656, train loss: 0.12012694, valid acc: 0.9237, valid loss: 0.27822932, test acc: 0.9312, test loss: 0.24944251
[2026-06-26 10:51:47,585][root][INFO] - Epoch: 18 | train acc: 0.9617, train loss: 0.13259167, valid acc: 0.9413, valid loss: 0.19548493, test acc: 0.9499, test loss: 0.17482329
[2026-06-26 10:51:47,779][root][INFO] - Epoch: 18 | train acc: 0.9345, train loss: 8.57624724, valid acc: 0.9125, valid loss: 0.31466173, test acc: 0.9151, test loss: 0.29837772
[2026-06-26 10:51:47,792][root][INFO] - reg loss: 4.50674734925324, entropy loss: 0.22398619972309977, leaf dev: 0.17921365797519684
[2026-06-26 10:51:47,793][root][INFO] - Val leaf stats: tensor([3.3333e-04, 6.6167e-02, 6.9733e-01, 3.3333e-04, 2.3150e-01, 4.3333e-03,
        0.0000e+00, 0.0000e+00, 0.0000e+00, 0.0000e+00, 0.0000e+00, 0.0000e+00,
        0.0000e+00, 0.0000e+00, 0.0000e+00, 0.0000e+00])
[2026-06-26 10:51:47,895][root][INFO] - Epoch: 18 | train acc: 0.9534, train loss: 4.17481126, valid acc: 0.9460, valid loss: 0.18909158, test acc: 0.9460, test loss: 0.18422524
[2026-06-26 10:51:48,111][root][INFO] - Epoch: 18 | train acc: 0.9449, train loss: 4.77605912, valid acc: 0.9335, valid loss: 0.24696669, test acc: 0.9333, test loss: 0.23919144
[2026-06-26 10:51:50,304][root][INFO] - reg loss: 4.044352266023743, entropy loss: 0.206758311053492, leaf dev: 0.24986669421195984
[2026-06-26 10:51:50,306][root][INFO] - Val leaf stats: tensor([0.0000e+00, 0.0000e+00, 9.9950e-01, 5.0000e-04, 0.0000e+00, 0.0000e+00,
        0.0000e+00, 0.0000e+00, 0.0000e+00, 0.0000e+00, 0.0000e+00, 0.0000e+00,
        0.0000e+00, 0.0000e+00, 0.0000e+00, 0.0000e+00])
[2026-06-26 10:51:51,889][root][INFO] - reg loss: 4.123421124692233, entropy loss: 0.22893833622055235, leaf dev: 0.22999021410942078
[2026-06-26 10:51:51,890][root][INFO] - Val leaf stats: tensor([0.0000, 0.0348, 0.9240, 0.0275, 0.0137, 0.0000, 0.0000, 0.0000, 0.0000,
        0.0000, 0.0000, 0.0000, 0.0000, 0.0000, 0.0000, 0.0000])
[2026-06-26 10:51:52,188][root][INFO] - reg loss: 4.001674224745552, entropy loss: 0.18579228278600946, leaf dev: 0.25
[2026-06-26 10:51:52,189][root][INFO] - Val leaf stats: tensor([0., 0., 0., 0., 0., 0., 0., 0., 0., 1., 0., 0., 0., 0., 0., 0.])
[2026-06-26 10:51:52,813][root][INFO] - reg loss: 6.765993068803032, entropy loss: 0.3379283384332117, leaf dev: 0.10391811281442642
[2026-06-26 10:51:52,814][root][INFO] - Val leaf stats: tensor([5.5000e-02, 8.3333e-04, 0.0000e+00, 0.0000e+00, 1.1117e-01, 1.8017e-01,
        0.0000e+00, 4.8167e-02, 0.0000e+00, 3.3333e-03, 0.0000e+00, 2.8800e-01,
        3.0217e-01, 6.0000e-03, 5.0000e-03, 1.6667e-04])
[2026-06-26 10:51:52,925][root][INFO] - reg loss: 4.169088179210447, entropy loss: 0.18213790936290092, leaf dev: 0.24517373740673065
[2026-06-26 10:51:52,926][root][INFO] - Val leaf stats: tensor([0.0000e+00, 7.6667e-03, 9.8183e-01, 5.0000e-04, 1.6667e-04, 0.0000e+00,
        0.0000e+00, 0.0000e+00, 0.0000e+00, 0.0000e+00, 0.0000e+00, 0.0000e+00,
        0.0000e+00, 0.0000e+00, 0.0000e+00, 9.8333e-03])
[2026-06-26 10:51:52,951][root][INFO] - reg loss: 6.8776309310265304, entropy loss: 0.3086485044573838, leaf dev: 0.0742151066660881
[2026-06-26 10:51:52,953][root][INFO] - Val leaf stats: tensor([0.2485, 0.0007, 0.1542, 0.0707, 0.0000, 0.0000, 0.1025, 0.0908, 0.0380,
        0.0000, 0.0228, 0.1637, 0.0005, 0.0795, 0.0003, 0.0278])
[2026-06-26 10:51:53,343][root][INFO] - reg loss: 4.014711964805171, entropy loss: 0.17186062361271875, leaf dev: 0.2498222440481186
[2026-06-26 10:51:53,344][root][INFO] - Val leaf stats: tensor([0.0000e+00, 0.0000e+00, 0.0000e+00, 0.0000e+00, 0.0000e+00, 0.0000e+00,
        0.0000e+00, 3.3333e-04, 0.0000e+00, 9.9933e-01, 0.0000e+00, 0.0000e+00,
        0.0000e+00, 0.0000e+00, 0.0000e+00, 3.3333e-04])
[2026-06-26 10:51:53,483][root][INFO] - reg loss: 4.582326812564202, entropy loss: 0.15332427494368464, leaf dev: 0.16438709199428558
[2026-06-26 10:51:53,484][root][INFO] - Val leaf stats: tensor([0.0000e+00, 0.0000e+00, 0.0000e+00, 0.0000e+00, 0.0000e+00, 0.0000e+00,
        5.0000e-04, 1.3833e-01, 0.0000e+00, 6.3867e-01, 2.0100e-01, 8.3333e-04,
        0.0000e+00, 0.0000e+00, 3.3333e-04, 2.0333e-02])
[2026-06-26 10:51:55,528][root][INFO] - Epoch: 19 | train acc: 0.9481, train loss: 9.00003487, valid acc: 0.9365, valid loss: 0.22848667, test acc: 0.9358, test loss: 0.23234965
[2026-06-26 10:51:56,697][root][INFO] - Epoch: 19 | train acc: 0.9490, train loss: 4.48614371, valid acc: 0.9288, valid loss: 0.26648682, test acc: 0.9368, test loss: 0.22872882
[2026-06-26 10:52:00,957][root][INFO] - Epoch: 19 | train acc: 0.9679, train loss: 0.11067859, valid acc: 0.9552, valid loss: 0.15417417, test acc: 0.9548, test loss: 0.15765915
[2026-06-26 10:52:01,329][root][INFO] - reg loss: 4.4052414579211545, entropy loss: 0.16329411248553474, leaf dev: 0.17642924189567566
[2026-06-26 10:52:01,330][root][INFO] - Val leaf stats: tensor([0.0000e+00, 0.0000e+00, 0.0000e+00, 0.0000e+00, 0.0000e+00, 0.0000e+00,
        0.0000e+00, 0.0000e+00, 7.0000e-03, 6.9500e-01, 1.8550e-01, 6.6667e-04,
        2.6667e-03, 0.0000e+00, 0.0000e+00, 1.0917e-01])
[2026-06-26 10:52:02,039][root][INFO] - reg loss: 4.302842990407404, entropy loss: 0.18923311033901177, leaf dev: 0.1829652339220047
[2026-06-26 10:52:02,040][root][INFO] - Val leaf stats: tensor([0.0000, 0.0438, 0.7173, 0.2185, 0.0000, 0.0000, 0.0000, 0.0000, 0.0000,
        0.0000, 0.0000, 0.0000, 0.0000, 0.0000, 0.0000, 0.0203])
[2026-06-26 10:52:06,140][root][INFO] - Epoch: 19 | train acc: 0.9583, train loss: 0.14035388, valid acc: 0.9427, valid loss: 0.20456103, test acc: 0.9447, test loss: 0.19095205
[2026-06-26 10:52:06,380][root][INFO] - reg loss: 5.821269323241036, entropy loss: 0.2486076014784147, leaf dev: 0.12603449821472168
[2026-06-26 10:52:06,381][root][INFO] - Val leaf stats: tensor([0.0000e+00, 1.6667e-04, 0.0000e+00, 0.0000e+00, 5.9167e-02, 8.9833e-02,
        0.0000e+00, 0.0000e+00, 8.4500e-02, 3.6217e-01, 0.0000e+00, 0.0000e+00,
        1.1667e-03, 3.8817e-01, 1.4833e-02, 0.0000e+00])
[2026-06-26 10:52:06,550][root][INFO] - Epoch: 20 | train acc: 0.9568, train loss: 8.16816621, valid acc: 0.9475, valid loss: 0.18627261, test acc: 0.9487, test loss: 0.17785416
[2026-06-26 10:52:08,857][root][INFO] - Epoch: 19 | train acc: 0.9502, train loss: 2.45291143, valid acc: 0.9342, valid loss: 0.23304630, test acc: 0.9404, test loss: 0.21045171
[2026-06-26 10:52:11,745][root][INFO] - reg loss: 7.395003368269722, entropy loss: 0.3323120067142091, leaf dev: 0.09525132179260254
[2026-06-26 10:52:11,746][root][INFO] - Val leaf stats: tensor([0.0383, 0.0300, 0.1673, 0.0555, 0.0105, 0.0478, 0.0000, 0.0000, 0.3692,
        0.0562, 0.1282, 0.0103, 0.0822, 0.0045, 0.0000, 0.0000])
[2026-06-26 10:52:12,081][root][INFO] - reg loss: 4.009268364816342, entropy loss: 0.1797044166135338, leaf dev: 0.24968905746936798
[2026-06-26 10:52:12,082][root][INFO] - Val leaf stats: tensor([0.0000, 0.0000, 0.0000, 0.0000, 0.0000, 0.0000, 0.0000, 0.0000, 0.0012,
        0.9988, 0.0000, 0.0000, 0.0000, 0.0000, 0.0000, 0.0000])
[2026-06-26 10:52:13,418][root][INFO] - Epoch: 19 | train acc: 0.9372, train loss: 2.58184259, valid acc: 0.9352, valid loss: 0.22323459, test acc: 0.9352, test loss: 0.22521747
[2026-06-26 10:52:13,821][root][INFO] - reg loss: 4.554517808950172, entropy loss: 0.18733394455234958, leaf dev: 0.1546104997396469
[2026-06-26 10:52:13,821][root][INFO] - Val leaf stats: tensor([3.3333e-04, 2.2333e-02, 5.6717e-01, 3.0500e-01, 3.8833e-02, 0.0000e+00,
        0.0000e+00, 0.0000e+00, 0.0000e+00, 0.0000e+00, 0.0000e+00, 0.0000e+00,
        0.0000e+00, 0.0000e+00, 3.3333e-04, 6.6000e-02])
[2026-06-26 10:52:14,875][root][INFO] - Epoch: 20 | train acc: 0.9402, train loss: 16.67866239, valid acc: 0.9052, valid loss: 0.35134220, test acc: 0.9122, test loss: 0.31008547
[2026-06-26 10:52:16,511][root][INFO] - Epoch: 19 | train acc: 0.9575, train loss: 32.18326133, valid acc: 0.9402, valid loss: 0.20522487, test acc: 0.9493, test loss: 0.17814549
[2026-06-26 10:52:18,286][root][INFO] - Epoch: 19 | train acc: 0.9419, train loss: 17.07241089, valid acc: 0.9242, valid loss: 0.27541048, test acc: 0.9258, test loss: 0.28900430
[2026-06-26 10:52:18,653][root][INFO] - reg loss: 4.742044466846394, entropy loss: 0.19169169355113552, leaf dev: 0.1566552221775055
[2026-06-26 10:52:18,653][root][INFO] - Val leaf stats: tensor([0.0000, 0.0000, 0.0000, 0.0000, 0.0000, 0.0000, 0.1390, 0.2778, 0.0000,
        0.5780, 0.0038, 0.0000, 0.0013, 0.0000, 0.0000, 0.0000])
[2026-06-26 10:52:19,936][root][INFO] - reg loss: 4.114853449587552, entropy loss: 0.20429128464662805, leaf dev: 0.2468990534543991
[2026-06-26 10:52:19,937][root][INFO] - Val leaf stats: tensor([0.0000e+00, 8.8333e-03, 9.8833e-01, 2.5000e-03, 0.0000e+00, 0.0000e+00,
        0.0000e+00, 0.0000e+00, 0.0000e+00, 0.0000e+00, 0.0000e+00, 0.0000e+00,
        0.0000e+00, 0.0000e+00, 0.0000e+00, 3.3333e-04])
[2026-06-26 10:52:21,741][root][INFO] - reg loss: 4.004406150781883, entropy loss: 0.2028099574008078, leaf dev: 0.25
[2026-06-26 10:52:21,742][root][INFO] - Val leaf stats: tensor([0., 0., 1., 0., 0., 0., 0., 0., 0., 0., 0., 0., 0., 0., 0., 0.])
[2026-06-26 10:52:23,271][root][INFO] - reg loss: 4.214202431013, entropy loss: 0.17084422257711301, leaf dev: 0.23283013701438904
[2026-06-26 10:52:23,276][root][INFO] - Val leaf stats: tensor([0.0000e+00, 0.0000e+00, 0.0000e+00, 0.0000e+00, 0.0000e+00, 0.0000e+00,
        0.0000e+00, 0.0000e+00, 5.0000e-04, 9.3350e-01, 6.5000e-02, 6.6667e-04,
        0.0000e+00, 0.0000e+00, 0.0000e+00, 3.3333e-04])
[2026-06-26 10:52:24,221][root][INFO] - Epoch: 20 | train acc: 0.9584, train loss: 8.18072448, valid acc: 0.9405, valid loss: 0.19946838, test acc: 0.9475, test loss: 0.18077296
[2026-06-26 10:52:24,714][root][INFO] - Epoch: 19 | train acc: 0.9598, train loss: 2.19598533, valid acc: 0.9485, valid loss: 0.18176660, test acc: 0.9493, test loss: 0.17955490
[2026-06-26 10:52:26,281][root][INFO] - Epoch: 19 | train acc: 0.9578, train loss: 16.18339251, valid acc: 0.9408, valid loss: 0.20184101, test acc: 0.9489, test loss: 0.17814844
[2026-06-26 10:52:26,819][root][INFO] - Epoch: 19 | train acc: 0.9676, train loss: 2.36985412, valid acc: 0.9465, valid loss: 0.18263175, test acc: 0.9511, test loss: 0.15968849
[2026-06-26 10:52:29,350][root][INFO] - reg loss: 4.018079424804112, entropy loss: 0.21186408217785493, leaf dev: 0.24982225894927979
[2026-06-26 10:52:29,351][root][INFO] - Val leaf stats: tensor([0.0000e+00, 1.6667e-04, 9.9933e-01, 5.0000e-04, 0.0000e+00, 0.0000e+00,
        0.0000e+00, 0.0000e+00, 0.0000e+00, 0.0000e+00, 0.0000e+00, 0.0000e+00,
        0.0000e+00, 0.0000e+00, 0.0000e+00, 0.0000e+00])
[2026-06-26 10:52:29,507][root][INFO] - Epoch: 20 | train acc: 0.9372, train loss: 32.60945655, valid acc: 0.9112, valid loss: 0.31428353, test acc: 0.9166, test loss: 0.30151488
[2026-06-26 10:52:29,809][root][INFO] - reg loss: 4.10900361582918, entropy loss: 0.15339773738721632, leaf dev: 0.22279536724090576
[2026-06-26 10:52:29,810][root][INFO] - Val leaf stats: tensor([0.0000, 0.0000, 0.0000, 0.0000, 0.0000, 0.0000, 0.0000, 0.1082, 0.0000,
        0.8918, 0.0000, 0.0000, 0.0000, 0.0000, 0.0000, 0.0000])
[2026-06-26 10:52:30,605][root][INFO] - Epoch: 19 | train acc: 0.9623, train loss: 4.23874042, valid acc: 0.9452, valid loss: 0.20312674, test acc: 0.9532, test loss: 0.16873271
[2026-06-26 10:52:30,816][root][INFO] - Epoch: 19 | train acc: 0.9558, train loss: 32.16566460, valid acc: 0.9477, valid loss: 0.18729867, test acc: 0.9490, test loss: 0.17801168
[2026-06-26 10:52:31,275][root][INFO] - reg loss: 4.009117751751306, entropy loss: 0.21193967928301613, leaf dev: 0.24982227385044098
[2026-06-26 10:52:31,276][root][INFO] - Val leaf stats: tensor([0.0000e+00, 0.0000e+00, 9.9933e-01, 6.6667e-04, 0.0000e+00, 0.0000e+00,
        0.0000e+00, 0.0000e+00, 0.0000e+00, 0.0000e+00, 0.0000e+00, 0.0000e+00,
        0.0000e+00, 0.0000e+00, 0.0000e+00, 0.0000e+00])
[2026-06-26 10:52:31,844][root][INFO] - reg loss: 4.508882796989297, entropy loss: 0.21998603290544366, leaf dev: 0.17480657994747162
[2026-06-26 10:52:31,845][root][INFO] - Val leaf stats: tensor([1.0000e-03, 7.3000e-02, 6.7417e-01, 3.3333e-04, 2.4700e-01, 4.5000e-03,
        0.0000e+00, 0.0000e+00, 0.0000e+00, 0.0000e+00, 0.0000e+00, 0.0000e+00,
        0.0000e+00, 0.0000e+00, 0.0000e+00, 0.0000e+00])
[2026-06-26 10:52:32,273][root][INFO] - Epoch: 19 | train acc: 0.9544, train loss: 4.16909207, valid acc: 0.9468, valid loss: 0.18846871, test acc: 0.9449, test loss: 0.18860914
[2026-06-26 10:52:32,577][root][INFO] - Epoch: 19 | train acc: 0.9601, train loss: 0.13680912, valid acc: 0.9430, valid loss: 0.19918885, test acc: 0.9474, test loss: 0.17576085
[2026-06-26 10:52:32,639][root][INFO] - Epoch: 19 | train acc: 0.9366, train loss: 8.61112824, valid acc: 0.9115, valid loss: 0.33038210, test acc: 0.9148, test loss: 0.30823734
[2026-06-26 10:52:32,891][root][INFO] - Epoch: 20 | train acc: 0.9597, train loss: 0.13827284, valid acc: 0.9163, valid loss: 0.28852559, test acc: 0.9284, test loss: 0.25840170
[2026-06-26 10:52:34,232][root][INFO] - Epoch: 19 | train acc: 0.9472, train loss: 4.79608919, valid acc: 0.9350, valid loss: 0.24306384, test acc: 0.9347, test loss: 0.23343254
[2026-06-26 10:52:34,461][root][INFO] - reg loss: 4.047655078600037, entropy loss: 0.20619214930624333, leaf dev: 0.2499111294746399
[2026-06-26 10:52:34,462][root][INFO] - Val leaf stats: tensor([0.0000e+00, 1.6667e-04, 9.9967e-01, 1.6667e-04, 0.0000e+00, 0.0000e+00,
        0.0000e+00, 0.0000e+00, 0.0000e+00, 0.0000e+00, 0.0000e+00, 0.0000e+00,
        0.0000e+00, 0.0000e+00, 0.0000e+00, 0.0000e+00])
[2026-06-26 10:52:35,960][root][INFO] - reg loss: 4.1062480188765615, entropy loss: 0.22827284811240323, leaf dev: 0.23159544169902802
[2026-06-26 10:52:35,961][root][INFO] - Val leaf stats: tensor([0.0000, 0.0210, 0.9302, 0.0345, 0.0143, 0.0000, 0.0000, 0.0000, 0.0000,
        0.0000, 0.0000, 0.0000, 0.0000, 0.0000, 0.0000, 0.0000])
[2026-06-26 10:52:36,175][root][INFO] - reg loss: 4.001512954819877, entropy loss: 0.1857864461698622, leaf dev: 0.25
[2026-06-26 10:52:36,177][root][INFO] - Val leaf stats: tensor([0., 0., 0., 0., 0., 0., 0., 0., 0., 1., 0., 0., 0., 0., 0., 0.])
[2026-06-26 10:52:37,788][root][INFO] - reg loss: 4.1920300654645235, entropy loss: 0.17657025847232566, leaf dev: 0.24309806525707245
[2026-06-26 10:52:37,788][root][INFO] - Val leaf stats: tensor([0.0000e+00, 8.8333e-03, 9.7400e-01, 5.0000e-04, 3.0000e-03, 0.0000e+00,
        0.0000e+00, 0.0000e+00, 0.0000e+00, 0.0000e+00, 0.0000e+00, 0.0000e+00,
        0.0000e+00, 0.0000e+00, 0.0000e+00, 1.3667e-02])
[2026-06-26 10:52:37,900][root][INFO] - reg loss: 6.828829733830578, entropy loss: 0.30480113316257046, leaf dev: 0.07047053426504135
[2026-06-26 10:52:37,901][root][INFO] - Val leaf stats: tensor([0.2195, 0.0005, 0.1538, 0.0473, 0.0000, 0.0000, 0.1028, 0.1050, 0.0647,
        0.0000, 0.0105, 0.1598, 0.0017, 0.1023, 0.0005, 0.0315])
[2026-06-26 10:52:38,020][root][INFO] - reg loss: 4.012190454411057, entropy loss: 0.17107074651515708, leaf dev: 0.24955572187900543
[2026-06-26 10:52:38,021][root][INFO] - Val leaf stats: tensor([0.0000e+00, 0.0000e+00, 0.0000e+00, 0.0000e+00, 0.0000e+00, 0.0000e+00,
        0.0000e+00, 8.3333e-04, 0.0000e+00, 9.9833e-01, 0.0000e+00, 0.0000e+00,
        0.0000e+00, 0.0000e+00, 0.0000e+00, 8.3333e-04])
[2026-06-26 10:52:38,182][root][INFO] - reg loss: 6.953795833407708, entropy loss: 0.334317831498272, leaf dev: 0.10899414122104645
[2026-06-26 10:52:38,184][root][INFO] - Val leaf stats: tensor([6.1167e-02, 1.3333e-03, 0.0000e+00, 0.0000e+00, 3.0433e-01, 1.8333e-02,
        0.0000e+00, 7.2000e-02, 3.3333e-04, 8.0000e-03, 1.6667e-04, 2.8367e-01,
        2.4133e-01, 4.0000e-03, 5.0000e-03, 3.3333e-04])
[2026-06-26 10:52:39,112][root][INFO] - Epoch: 20 | train acc: 0.9501, train loss: 4.47742734, valid acc: 0.9308, valid loss: 0.26247136, test acc: 0.9384, test loss: 0.22365042
[2026-06-26 10:52:39,158][root][INFO] - Epoch: 20 | train acc: 0.9494, train loss: 8.96962018, valid acc: 0.9355, valid loss: 0.22998056, test acc: 0.9355, test loss: 0.22808631
[2026-06-26 10:52:39,298][root][INFO] - reg loss: 4.609200491095489, entropy loss: 0.15189552011917223, leaf dev: 0.16208438575267792
[2026-06-26 10:52:39,299][root][INFO] - Val leaf stats: tensor([0.0000e+00, 0.0000e+00, 0.0000e+00, 0.0000e+00, 0.0000e+00, 0.0000e+00,
        2.1667e-03, 1.4283e-01, 0.0000e+00, 6.2933e-01, 1.9867e-01, 1.3333e-03,
        1.6667e-04, 0.0000e+00, 3.3333e-04, 2.5167e-02])
[2026-06-26 10:52:44,720][root][INFO] - reg loss: 4.2984553103177054, entropy loss: 0.1984890357784505, leaf dev: 0.17997922003269196
[2026-06-26 10:52:44,722][root][INFO] - Val leaf stats: tensor([0.0000, 0.0477, 0.7073, 0.2113, 0.0000, 0.0000, 0.0000, 0.0000, 0.0000,
        0.0000, 0.0000, 0.0000, 0.0000, 0.0000, 0.0000, 0.0337])
[2026-06-26 10:52:44,863][root][INFO] - reg loss: 4.393154837050528, entropy loss: 0.1624547390724128, leaf dev: 0.1817200928926468
[2026-06-26 10:52:44,864][root][INFO] - Val leaf stats: tensor([0.0000e+00, 0.0000e+00, 0.0000e+00, 0.0000e+00, 0.0000e+00, 0.0000e+00,
        0.0000e+00, 0.0000e+00, 3.8333e-03, 7.1900e-01, 1.7750e-01, 5.0000e-04,
        2.5000e-03, 0.0000e+00, 0.0000e+00, 9.6667e-02])
[2026-06-26 10:52:45,068][root][INFO] - Epoch: 20 | train acc: 0.9624, train loss: 0.12849699, valid acc: 0.9397, valid loss: 0.20105796, test acc: 0.9413, test loss: 0.19493026
[2026-06-26 10:52:49,546][root][INFO] - Epoch: 20 | train acc: 0.9502, train loss: 0.17326177, valid acc: 0.9368, valid loss: 0.22200841, test acc: 0.9390, test loss: 0.21208007
[2026-06-26 10:52:50,508][root][INFO] - reg loss: 5.852195249413544, entropy loss: 0.25480540448202277, leaf dev: 0.15405751764774323
[2026-06-26 10:52:50,509][root][INFO] - Val leaf stats: tensor([0.0000e+00, 3.3333e-04, 0.0000e+00, 0.0000e+00, 5.1833e-02, 9.5667e-02,
        0.0000e+00, 0.0000e+00, 4.2667e-02, 1.0283e-01, 0.0000e+00, 0.0000e+00,
        8.3333e-04, 6.2233e-01, 8.3500e-02, 0.0000e+00])
[2026-06-26 10:52:50,561][root][INFO] - Epoch: 21 | train acc: 0.9575, train loss: 8.16450718, valid acc: 0.9492, valid loss: 0.18493643, test acc: 0.9495, test loss: 0.17320431
[2026-06-26 10:52:53,109][root][INFO] - Epoch: 20 | train acc: 0.9499, train loss: 2.43815646, valid acc: 0.9288, valid loss: 0.24091025, test acc: 0.9359, test loss: 0.22852674
[2026-06-26 10:52:55,117][root][INFO] - reg loss: 7.067662162600823, entropy loss: 0.3138600396660139, leaf dev: 0.11245247721672058
[2026-06-26 10:52:55,118][root][INFO] - Val leaf stats: tensor([0.0312, 0.0005, 0.0177, 0.0433, 0.0050, 0.0192, 0.0000, 0.0000, 0.4372,
        0.1127, 0.1605, 0.0112, 0.1350, 0.0267, 0.0000, 0.0000])
[2026-06-26 10:52:56,404][root][INFO] - reg loss: 4.008838406148946, entropy loss: 0.1793259452536421, leaf dev: 0.24968905746936798
[2026-06-26 10:52:56,405][root][INFO] - Val leaf stats: tensor([0.0000, 0.0000, 0.0000, 0.0000, 0.0000, 0.0000, 0.0000, 0.0000, 0.0012,
        0.9988, 0.0000, 0.0000, 0.0000, 0.0000, 0.0000, 0.0000])
[2026-06-26 10:52:57,437][root][INFO] - Epoch: 20 | train acc: 0.9319, train loss: 2.57389218, valid acc: 0.9292, valid loss: 0.25118049, test acc: 0.9315, test loss: 0.24076551
[2026-06-26 10:52:58,426][root][INFO] - Epoch: 21 | train acc: 0.9402, train loss: 16.69656403, valid acc: 0.9052, valid loss: 0.34268973, test acc: 0.9130, test loss: 0.31263570
[2026-06-26 10:52:58,551][root][INFO] - reg loss: 4.533269756245163, entropy loss: 0.190453827943442, leaf dev: 0.16358210146427155
[2026-06-26 10:52:58,552][root][INFO] - Val leaf stats: tensor([3.3333e-04, 1.9333e-02, 6.3350e-01, 2.3700e-01, 5.2833e-02, 0.0000e+00,
        0.0000e+00, 0.0000e+00, 0.0000e+00, 0.0000e+00, 0.0000e+00, 0.0000e+00,
        0.0000e+00, 0.0000e+00, 1.6667e-04, 5.6833e-02])
[2026-06-26 10:53:00,476][root][INFO] - Epoch: 20 | train acc: 0.9582, train loss: 32.18221463, valid acc: 0.9412, valid loss: 0.20206118, test acc: 0.9484, test loss: 0.17946330
[2026-06-26 10:53:02,523][root][INFO] - Epoch: 20 | train acc: 0.9416, train loss: 17.03429863, valid acc: 0.9270, valid loss: 0.26938513, test acc: 0.9269, test loss: 0.27577340
[2026-06-26 10:53:03,022][root][INFO] - reg loss: 4.688976625226578, entropy loss: 0.19251141936149238, leaf dev: 0.1454104483127594
[2026-06-26 10:53:03,024][root][INFO] - Val leaf stats: tensor([0.0000e+00, 0.0000e+00, 0.0000e+00, 0.0000e+00, 0.0000e+00, 0.0000e+00,
        1.6767e-01, 3.5283e-01, 0.0000e+00, 4.7650e-01, 2.6667e-03, 0.0000e+00,
        3.3333e-04, 0.0000e+00, 0.0000e+00, 0.0000e+00])
[2026-06-26 10:53:03,474][root][INFO] - reg loss: 4.119319803309891, entropy loss: 0.20118428387169568, leaf dev: 0.24632473289966583
[2026-06-26 10:53:03,475][root][INFO] - Val leaf stats: tensor([0.0000e+00, 1.0000e-02, 9.8617e-01, 3.6667e-03, 0.0000e+00, 0.0000e+00,
        0.0000e+00, 0.0000e+00, 0.0000e+00, 0.0000e+00, 0.0000e+00, 0.0000e+00,
        0.0000e+00, 0.0000e+00, 0.0000e+00, 1.6667e-04])
[2026-06-26 10:53:05,135][root][INFO] - reg loss: 4.004547227103755, entropy loss: 0.20280588319841422, leaf dev: 0.25
[2026-06-26 10:53:05,136][root][INFO] - Val leaf stats: tensor([0., 0., 1., 0., 0., 0., 0., 0., 0., 0., 0., 0., 0., 0., 0., 0.])
[2026-06-26 10:53:06,871][root][INFO] - Epoch: 21 | train acc: 0.9583, train loss: 8.18202163, valid acc: 0.9400, valid loss: 0.19824940, test acc: 0.9482, test loss: 0.17720609
[2026-06-26 10:53:07,684][root][INFO] - reg loss: 4.205090320335244, entropy loss: 0.17135311635035388, leaf dev: 0.23382198810577393
[2026-06-26 10:53:07,685][root][INFO] - Val leaf stats: tensor([0.0000e+00, 0.0000e+00, 0.0000e+00, 0.0000e+00, 0.0000e+00, 0.0000e+00,
        0.0000e+00, 0.0000e+00, 2.5000e-03, 9.3767e-01, 5.8000e-02, 6.6667e-04,
        0.0000e+00, 0.0000e+00, 0.0000e+00, 1.1667e-03])
[2026-06-26 10:53:09,248][root][INFO] - Epoch: 20 | train acc: 0.9607, train loss: 2.20511591, valid acc: 0.9500, valid loss: 0.17650992, test acc: 0.9507, test loss: 0.17388571
[2026-06-26 10:53:10,851][root][INFO] - Epoch: 20 | train acc: 0.9703, train loss: 2.35720532, valid acc: 0.9497, valid loss: 0.18651167, test acc: 0.9521, test loss: 0.16230133
[2026-06-26 10:53:11,193][root][INFO] - Epoch: 20 | train acc: 0.9586, train loss: 16.18111614, valid acc: 0.9413, valid loss: 0.19858629, test acc: 0.9473, test loss: 0.17980142
[2026-06-26 10:53:11,839][root][INFO] - reg loss: 4.019682479354571, entropy loss: 0.21188673405152447, leaf dev: 0.24986667931079865
[2026-06-26 10:53:11,840][root][INFO] - Val leaf stats: tensor([0.0000e+00, 1.6667e-04, 9.9950e-01, 3.3333e-04, 0.0000e+00, 0.0000e+00,
        0.0000e+00, 0.0000e+00, 0.0000e+00, 0.0000e+00, 0.0000e+00, 0.0000e+00,
        0.0000e+00, 0.0000e+00, 0.0000e+00, 0.0000e+00])
[2026-06-26 10:53:13,530][root][INFO] - Epoch: 21 | train acc: 0.9376, train loss: 32.61651723, valid acc: 0.9115, valid loss: 0.30926311, test acc: 0.9180, test loss: 0.29895869
[2026-06-26 10:53:14,565][root][INFO] - reg loss: 4.1351904464217855, entropy loss: 0.1531412976811517, leaf dev: 0.21916548907756805
[2026-06-26 10:53:14,566][root][INFO] - Val leaf stats: tensor([0.0000, 0.0000, 0.0000, 0.0000, 0.0000, 0.0000, 0.0000, 0.1238, 0.0000,
        0.8762, 0.0000, 0.0000, 0.0000, 0.0000, 0.0000, 0.0000])
[2026-06-26 10:53:14,678][root][INFO] - Epoch: 20 | train acc: 0.9565, train loss: 32.16241682, valid acc: 0.9473, valid loss: 0.18684424, test acc: 0.9485, test loss: 0.17582014
[2026-06-26 10:53:15,850][root][INFO] - reg loss: 4.50213183546966, entropy loss: 0.2213234488131865, leaf dev: 0.1682615727186203
[2026-06-26 10:53:15,852][root][INFO] - Val leaf stats: tensor([1.3333e-03, 7.9833e-02, 6.3600e-01, 3.3333e-04, 2.7617e-01, 6.3333e-03,
        0.0000e+00, 0.0000e+00, 0.0000e+00, 0.0000e+00, 0.0000e+00, 0.0000e+00,
        0.0000e+00, 0.0000e+00, 0.0000e+00, 0.0000e+00])
[2026-06-26 10:53:16,081][root][INFO] - reg loss: 4.009055277086654, entropy loss: 0.21191525768558933, leaf dev: 0.24986669421195984
[2026-06-26 10:53:16,082][root][INFO] - Val leaf stats: tensor([0.0000e+00, 0.0000e+00, 9.9950e-01, 5.0000e-04, 0.0000e+00, 0.0000e+00,
        0.0000e+00, 0.0000e+00, 0.0000e+00, 0.0000e+00, 0.0000e+00, 0.0000e+00,
        0.0000e+00, 0.0000e+00, 0.0000e+00, 0.0000e+00])
[2026-06-26 10:53:16,085][root][INFO] - Epoch: 20 | train acc: 0.9641, train loss: 4.24066663, valid acc: 0.9467, valid loss: 0.20091350, test acc: 0.9536, test loss: 0.17428872
[2026-06-26 10:53:16,840][root][INFO] - Epoch: 20 | train acc: 0.9557, train loss: 4.17290914, valid acc: 0.9462, valid loss: 0.18902231, test acc: 0.9473, test loss: 0.18582253
[2026-06-26 10:53:16,908][root][INFO] - Epoch: 20 | train acc: 0.9296, train loss: 0.23757995, valid acc: 0.9145, valid loss: 0.29670673, test acc: 0.9161, test loss: 0.27744371
[2026-06-26 10:53:17,073][root][INFO] - Epoch: 20 | train acc: 0.9381, train loss: 8.63069466, valid acc: 0.9108, valid loss: 0.31705799, test acc: 0.9153, test loss: 0.29729467
[2026-06-26 10:53:17,159][root][INFO] - Epoch: 21 | train acc: 0.9609, train loss: 0.13165132, valid acc: 0.9398, valid loss: 0.21434597, test acc: 0.9468, test loss: 0.18534966
[2026-06-26 10:53:18,210][root][INFO] - Epoch: 20 | train acc: 0.9486, train loss: 4.78752002, valid acc: 0.9348, valid loss: 0.24346049, test acc: 0.9353, test loss: 0.23067720
[2026-06-26 10:53:18,697][root][INFO] - reg loss: 4.04879542116849, entropy loss: 0.2054077038225138, leaf dev: 0.24977783858776093
[2026-06-26 10:53:18,698][root][INFO] - Val leaf stats: tensor([0.0000e+00, 1.6667e-04, 9.9917e-01, 6.6667e-04, 0.0000e+00, 0.0000e+00,
        0.0000e+00, 0.0000e+00, 0.0000e+00, 0.0000e+00, 0.0000e+00, 0.0000e+00,
        0.0000e+00, 0.0000e+00, 0.0000e+00, 0.0000e+00])
[2026-06-26 10:53:20,105][root][INFO] - reg loss: 4.001372067433484, entropy loss: 0.18576428420701116, leaf dev: 0.25
[2026-06-26 10:53:20,106][root][INFO] - Val leaf stats: tensor([0., 0., 0., 0., 0., 0., 0., 0., 0., 1., 0., 0., 0., 0., 0., 0.])
[2026-06-26 10:53:21,649][root][INFO] - reg loss: 4.112707893803434, entropy loss: 0.22814410264199636, leaf dev: 0.22906243801116943
[2026-06-26 10:53:21,650][root][INFO] - Val leaf stats: tensor([0.0000, 0.0287, 0.9205, 0.0328, 0.0180, 0.0000, 0.0000, 0.0000, 0.0000,
        0.0000, 0.0000, 0.0000, 0.0000, 0.0000, 0.0000, 0.0000])
[2026-06-26 10:53:22,247][root][INFO] - reg loss: 4.017041759670906, entropy loss: 0.1707252635146087, leaf dev: 0.2489786446094513
[2026-06-26 10:53:22,248][root][INFO] - Val leaf stats: tensor([0.0000, 0.0000, 0.0000, 0.0000, 0.0000, 0.0000, 0.0000, 0.0017, 0.0000,
        0.9962, 0.0000, 0.0000, 0.0000, 0.0000, 0.0000, 0.0022])
[2026-06-26 10:53:22,310][root][INFO] - reg loss: 4.201279226339088, entropy loss: 0.17271768133032997, leaf dev: 0.2408258020877838
[2026-06-26 10:53:22,311][root][INFO] - Val leaf stats: tensor([0.0000, 0.0117, 0.9653, 0.0018, 0.0000, 0.0000, 0.0000, 0.0000, 0.0000,
        0.0000, 0.0000, 0.0000, 0.0000, 0.0000, 0.0000, 0.0212])
[2026-06-26 10:53:22,531][root][INFO] - reg loss: 6.615843030641663, entropy loss: 0.2982673802465763, leaf dev: 0.10431856662034988
[2026-06-26 10:53:22,532][root][INFO] - Val leaf stats: tensor([1.6667e-04, 0.0000e+00, 1.8333e-03, 0.0000e+00, 0.0000e+00, 0.0000e+00,
        1.2500e-02, 1.3333e-03, 2.2533e-01, 1.3333e-03, 1.5300e-01, 3.0600e-01,
        9.5000e-03, 2.3367e-01, 0.0000e+00, 5.5333e-02])
[2026-06-26 10:53:22,549][root][INFO] - reg loss: 7.130707232457287, entropy loss: 0.3467239034625719, leaf dev: 0.09511030465364456
[2026-06-26 10:53:22,550][root][INFO] - Val leaf stats: tensor([7.3500e-02, 3.6667e-03, 0.0000e+00, 0.0000e+00, 2.3683e-01, 1.2833e-01,
        0.0000e+00, 1.4667e-02, 5.3333e-03, 4.4500e-02, 3.3333e-04, 2.6400e-01,
        2.1967e-01, 5.0000e-03, 4.0000e-03, 1.6667e-04])
[2026-06-26 10:53:23,211][root][INFO] - reg loss: 4.608195961646314, entropy loss: 0.1509716697740105, leaf dev: 0.1613299548625946
[2026-06-26 10:53:23,212][root][INFO] - Val leaf stats: tensor([0.0000e+00, 0.0000e+00, 0.0000e+00, 0.0000e+00, 0.0000e+00, 0.0000e+00,
        2.6667e-03, 1.4850e-01, 1.6667e-04, 6.2433e-01, 2.0150e-01, 1.1667e-03,
        0.0000e+00, 0.0000e+00, 3.3333e-04, 2.1333e-02])
[2026-06-26 10:53:23,977][root][INFO] - Epoch: 21 | train acc: 0.9496, train loss: 4.49708191, valid acc: 0.9313, valid loss: 0.25554367, test acc: 0.9353, test loss: 0.23439893
[2026-06-26 10:53:24,932][root][INFO] - Epoch: 21 | train acc: 0.9514, train loss: 8.93097206, valid acc: 0.9375, valid loss: 0.22698537, test acc: 0.9360, test loss: 0.23019924
[2026-06-26 10:53:29,513][root][INFO] - reg loss: 4.317596269103716, entropy loss: 0.19857521130228942, leaf dev: 0.17318911850452423
[2026-06-26 10:53:29,514][root][INFO] - Val leaf stats: tensor([0.0000, 0.0552, 0.6720, 0.2378, 0.0000, 0.0000, 0.0000, 0.0000, 0.0000,
        0.0000, 0.0000, 0.0000, 0.0000, 0.0000, 0.0000, 0.0350])
[2026-06-26 10:53:29,634][root][INFO] - Epoch: 21 | train acc: 0.9609, train loss: 0.13229917, valid acc: 0.9510, valid loss: 0.16572523, test acc: 0.9525, test loss: 0.16650407
[2026-06-26 10:53:30,373][root][INFO] - reg loss: 4.376621511747253, entropy loss: 0.16111332740423814, leaf dev: 0.18383900821208954
[2026-06-26 10:53:30,374][root][INFO] - Val leaf stats: tensor([0.0000e+00, 0.0000e+00, 0.0000e+00, 0.0000e+00, 0.0000e+00, 0.0000e+00,
        0.0000e+00, 0.0000e+00, 4.3333e-03, 7.3050e-01, 1.5783e-01, 6.6667e-04,
        2.3333e-03, 0.0000e+00, 0.0000e+00, 1.0433e-01])
[2026-06-26 10:53:34,347][root][INFO] - Epoch: 21 | train acc: 0.9549, train loss: 0.15453470, valid acc: 0.9390, valid loss: 0.21236124, test acc: 0.9422, test loss: 0.19270154
[2026-06-26 10:53:35,234][root][INFO] - Epoch: 22 | train acc: 0.9584, train loss: 8.15826080, valid acc: 0.9512, valid loss: 0.18320397, test acc: 0.9496, test loss: 0.17195494
[2026-06-26 10:53:35,252][root][INFO] - reg loss: 5.894952180250636, entropy loss: 0.25868442542148085, leaf dev: 0.1423298567533493
[2026-06-26 10:53:35,253][root][INFO] - Val leaf stats: tensor([0.0000e+00, 3.3333e-04, 0.0000e+00, 0.0000e+00, 4.2000e-02, 1.3817e-01,
        0.0000e+00, 0.0000e+00, 5.6833e-02, 1.1867e-01, 0.0000e+00, 0.0000e+00,
        1.3333e-03, 5.6800e-01, 7.4667e-02, 0.0000e+00])
[2026-06-26 10:53:37,236][root][INFO] - Epoch: 21 | train acc: 0.9529, train loss: 2.43804007, valid acc: 0.9298, valid loss: 0.23097828, test acc: 0.9405, test loss: 0.21070638
[2026-06-26 10:53:39,809][root][INFO] - reg loss: 6.796621727493574, entropy loss: 0.29378691231304743, leaf dev: 0.1133599802851677
[2026-06-26 10:53:39,810][root][INFO] - Val leaf stats: tensor([0.0757, 0.0030, 0.0087, 0.0233, 0.0097, 0.0312, 0.0000, 0.0000, 0.4350,
        0.0767, 0.1625, 0.0083, 0.1620, 0.0040, 0.0000, 0.0000])
[2026-06-26 10:53:40,598][root][INFO] - Epoch: 21 | train acc: 0.9322, train loss: 2.63470662, valid acc: 0.9278, valid loss: 0.24713660, test acc: 0.9296, test loss: 0.24166150
[2026-06-26 10:53:40,909][root][INFO] - reg loss: 4.006106947952846, entropy loss: 0.18014753399030217, leaf dev: 0.2496446669101715
[2026-06-26 10:53:40,910][root][INFO] - Val leaf stats: tensor([0.0000, 0.0000, 0.0000, 0.0000, 0.0000, 0.0000, 0.0000, 0.0000, 0.0013,
        0.9987, 0.0000, 0.0000, 0.0000, 0.0000, 0.0000, 0.0000])
[2026-06-26 10:53:42,377][root][INFO] - Epoch: 21 | train acc: 0.9582, train loss: 32.18081082, valid acc: 0.9408, valid loss: 0.19972203, test acc: 0.9496, test loss: 0.17631103
[2026-06-26 10:53:42,514][root][INFO] - reg loss: 4.542294025421143, entropy loss: 0.1908732405248678, leaf dev: 0.14917796850204468
[2026-06-26 10:53:42,515][root][INFO] - Val leaf stats: tensor([3.3333e-04, 2.4667e-02, 5.3483e-01, 3.2033e-01, 5.9167e-02, 0.0000e+00,
        0.0000e+00, 0.0000e+00, 0.0000e+00, 0.0000e+00, 0.0000e+00, 0.0000e+00,
        0.0000e+00, 0.0000e+00, 1.1667e-03, 5.9500e-02])
[2026-06-26 10:53:42,709][root][INFO] - Epoch: 22 | train acc: 0.9411, train loss: 16.66891283, valid acc: 0.9038, valid loss: 0.35819772, test acc: 0.9112, test loss: 0.32042468
[2026-06-26 10:53:45,645][root][INFO] - reg loss: 4.810613240835802, entropy loss: 0.19981784823368182, leaf dev: 0.14006300270557404
[2026-06-26 10:53:45,646][root][INFO] - Val leaf stats: tensor([0.0000e+00, 0.0000e+00, 0.0000e+00, 0.0000e+00, 0.0000e+00, 0.0000e+00,
        3.0050e-01, 2.3617e-01, 0.0000e+00, 4.5900e-01, 2.0000e-03, 0.0000e+00,
        2.1667e-03, 0.0000e+00, 0.0000e+00, 1.6667e-04])
[2026-06-26 10:53:46,254][root][INFO] - Epoch: 21 | train acc: 0.9423, train loss: 16.96389911, valid acc: 0.9263, valid loss: 0.27008762, test acc: 0.9261, test loss: 0.27851571
[2026-06-26 10:53:47,635][root][INFO] - reg loss: 4.004655023790756, entropy loss: 0.20280371240849765, leaf dev: 0.25
[2026-06-26 10:53:47,636][root][INFO] - Val leaf stats: tensor([0., 0., 1., 0., 0., 0., 0., 0., 0., 0., 0., 0., 0., 0., 0., 0.])
[2026-06-26 10:53:48,058][root][INFO] - reg loss: 4.114653825759888, entropy loss: 0.1991778148232766, leaf dev: 0.2465481460094452
[2026-06-26 10:53:48,059][root][INFO] - Val leaf stats: tensor([0.0000e+00, 1.0833e-02, 9.8700e-01, 1.8333e-03, 0.0000e+00, 0.0000e+00,
        0.0000e+00, 0.0000e+00, 0.0000e+00, 0.0000e+00, 0.0000e+00, 0.0000e+00,
        0.0000e+00, 0.0000e+00, 0.0000e+00, 3.3333e-04])
[2026-06-26 10:53:50,897][root][INFO] - Epoch: 22 | train acc: 0.9595, train loss: 8.18049249, valid acc: 0.9403, valid loss: 0.20045195, test acc: 0.9495, test loss: 0.17745577
[2026-06-26 10:53:51,172][root][INFO] - reg loss: 4.189108434713112, entropy loss: 0.16823578822725224, leaf dev: 0.23373548686504364
[2026-06-26 10:53:51,173][root][INFO] - Val leaf stats: tensor([0.0000e+00, 0.0000e+00, 0.0000e+00, 0.0000e+00, 0.0000e+00, 0.0000e+00,
        0.0000e+00, 0.0000e+00, 1.6667e-04, 9.3717e-01, 6.0833e-02, 5.0000e-04,
        0.0000e+00, 0.0000e+00, 0.0000e+00, 1.3333e-03])
[2026-06-26 10:53:54,793][root][INFO] - Epoch: 21 | train acc: 0.9605, train loss: 2.19106918, valid acc: 0.9508, valid loss: 0.18436687, test acc: 0.9503, test loss: 0.17281864
[2026-06-26 10:53:55,059][root][INFO] - Epoch: 21 | train acc: 0.9589, train loss: 16.17973497, valid acc: 0.9412, valid loss: 0.19623407, test acc: 0.9486, test loss: 0.17681774
[2026-06-26 10:53:55,175][root][INFO] - Epoch: 21 | train acc: 0.9708, train loss: 2.36561486, valid acc: 0.9480, valid loss: 0.17765132, test acc: 0.9532, test loss: 0.15393583
[2026-06-26 10:53:56,374][root][INFO] - Epoch: 22 | train acc: 0.9387, train loss: 32.63627452, valid acc: 0.9093, valid loss: 0.31775429, test acc: 0.9164, test loss: 0.30063769
[2026-06-26 10:53:56,408][root][INFO] - reg loss: 4.020575401917943, entropy loss: 0.21174677067770148, leaf dev: 0.2495114654302597
[2026-06-26 10:53:56,409][root][INFO] - Val leaf stats: tensor([0.0000e+00, 1.6667e-04, 9.9817e-01, 1.6667e-03, 0.0000e+00, 0.0000e+00,
        0.0000e+00, 0.0000e+00, 0.0000e+00, 0.0000e+00, 0.0000e+00, 0.0000e+00,
        0.0000e+00, 0.0000e+00, 0.0000e+00, 0.0000e+00])
[2026-06-26 10:53:58,819][root][INFO] - Epoch: 21 | train acc: 0.9571, train loss: 32.15809782, valid acc: 0.9488, valid loss: 0.18548854, test acc: 0.9483, test loss: 0.17557599
[2026-06-26 10:53:59,726][root][INFO] - Epoch: 21 | train acc: 0.9644, train loss: 4.25303822, valid acc: 0.9477, valid loss: 0.19949913, test acc: 0.9547, test loss: 0.16581717
[2026-06-26 10:53:59,846][root][INFO] - reg loss: 4.104493901414691, entropy loss: 0.14994225974352854, leaf dev: 0.22662706673145294
[2026-06-26 10:53:59,847][root][INFO] - Val leaf stats: tensor([0.0000e+00, 0.0000e+00, 0.0000e+00, 0.0000e+00, 0.0000e+00, 0.0000e+00,
        0.0000e+00, 9.1833e-02, 0.0000e+00, 9.0800e-01, 0.0000e+00, 0.0000e+00,
        0.0000e+00, 0.0000e+00, 0.0000e+00, 1.6667e-04])
[2026-06-26 10:54:00,264][root][INFO] - reg loss: 4.00925087928772, entropy loss: 0.21190070642052955, leaf dev: 0.24982227385044098
[2026-06-26 10:54:00,265][root][INFO] - Val leaf stats: tensor([0.0000e+00, 0.0000e+00, 9.9933e-01, 6.6667e-04, 0.0000e+00, 0.0000e+00,
        0.0000e+00, 0.0000e+00, 0.0000e+00, 0.0000e+00, 0.0000e+00, 0.0000e+00,
        0.0000e+00, 0.0000e+00, 0.0000e+00, 0.0000e+00])
[2026-06-26 10:54:00,271][root][INFO] - reg loss: 4.52371221218469, entropy loss: 0.22232895302322675, leaf dev: 0.1688184291124344
[2026-06-26 10:54:00,272][root][INFO] - Val leaf stats: tensor([6.6667e-04, 7.5500e-02, 6.3800e-01, 3.3333e-04, 2.7783e-01, 7.6667e-03,
        0.0000e+00, 0.0000e+00, 0.0000e+00, 0.0000e+00, 0.0000e+00, 0.0000e+00,
        0.0000e+00, 0.0000e+00, 0.0000e+00, 0.0000e+00])
[2026-06-26 10:54:00,919][root][INFO] - Epoch: 21 | train acc: 0.9378, train loss: 8.79645777, valid acc: 0.9143, valid loss: 0.30855909, test acc: 0.9175, test loss: 0.28668438
[2026-06-26 10:54:00,981][root][INFO] - Epoch: 21 | train acc: 0.9280, train loss: 0.24203201, valid acc: 0.9240, valid loss: 0.25976021, test acc: 0.9299, test loss: 0.23825990
[2026-06-26 10:54:01,035][root][INFO] - Epoch: 21 | train acc: 0.9563, train loss: 4.17346216, valid acc: 0.9498, valid loss: 0.18319925, test acc: 0.9477, test loss: 0.18341020
[2026-06-26 10:54:01,411][root][INFO] - reg loss: 4.052180708579297, entropy loss: 0.20490681211341102, leaf dev: 0.24986667931079865
[2026-06-26 10:54:01,412][root][INFO] - Val leaf stats: tensor([0.0000e+00, 1.6667e-04, 9.9950e-01, 3.3333e-04, 0.0000e+00, 0.0000e+00,
        0.0000e+00, 0.0000e+00, 0.0000e+00, 0.0000e+00, 0.0000e+00, 0.0000e+00,
        0.0000e+00, 0.0000e+00, 0.0000e+00, 0.0000e+00])
[2026-06-26 10:54:02,314][root][INFO] - Epoch: 21 | train acc: 0.9489, train loss: 4.78137513, valid acc: 0.9370, valid loss: 0.23621892, test acc: 0.9370, test loss: 0.24406805
[2026-06-26 10:54:02,453][root][INFO] - Epoch: 22 | train acc: 0.9692, train loss: 0.10551821, valid acc: 0.9510, valid loss: 0.18102543, test acc: 0.9525, test loss: 0.16533364
[2026-06-26 10:54:04,568][root][INFO] - reg loss: 4.001249434813014, entropy loss: 0.1857309176955583, leaf dev: 0.25
[2026-06-26 10:54:04,569][root][INFO] - Val leaf stats: tensor([0., 0., 0., 0., 0., 0., 0., 0., 0., 1., 0., 0., 0., 0., 0., 0.])
[2026-06-26 10:54:05,010][root][INFO] - reg loss: 4.124260443561482, entropy loss: 0.22820478621518836, leaf dev: 0.22304756939411163
[2026-06-26 10:54:05,011][root][INFO] - Val leaf stats: tensor([0.0000, 0.0418, 0.8972, 0.0413, 0.0197, 0.0000, 0.0000, 0.0000, 0.0000,
        0.0000, 0.0000, 0.0000, 0.0000, 0.0000, 0.0000, 0.0000])
[2026-06-26 10:54:06,082][root][INFO] - reg loss: 6.307548639909276, entropy loss: 0.28906748767169016, leaf dev: 0.10060864686965942
[2026-06-26 10:54:06,083][root][INFO] - Val leaf stats: tensor([1.6667e-04, 0.0000e+00, 2.5000e-03, 0.0000e+00, 0.0000e+00, 0.0000e+00,
        1.2833e-02, 1.3333e-03, 2.1133e-01, 2.3333e-03, 3.0650e-01, 1.3233e-01,
        3.5833e-02, 2.2900e-01, 1.6667e-04, 6.5667e-02])
[2026-06-26 10:54:06,294][root][INFO] - reg loss: 4.280397909992146, entropy loss: 0.17450198165650638, leaf dev: 0.2377149611711502
[2026-06-26 10:54:06,296][root][INFO] - Val leaf stats: tensor([6.6667e-04, 1.5667e-02, 9.5350e-01, 1.1667e-03, 2.3333e-03, 0.0000e+00,
        0.0000e+00, 0.0000e+00, 0.0000e+00, 0.0000e+00, 0.0000e+00, 0.0000e+00,
        0.0000e+00, 0.0000e+00, 0.0000e+00, 2.6667e-02])
[2026-06-26 10:54:06,539][root][INFO] - reg loss: 4.02138139166922, entropy loss: 0.1710413653614386, leaf dev: 0.24875681102275848
[2026-06-26 10:54:06,540][root][INFO] - Val leaf stats: tensor([0.0000e+00, 0.0000e+00, 0.0000e+00, 0.0000e+00, 0.0000e+00, 0.0000e+00,
        0.0000e+00, 1.6667e-03, 1.6667e-04, 9.9533e-01, 0.0000e+00, 0.0000e+00,
        0.0000e+00, 0.0000e+00, 0.0000e+00, 2.8333e-03])
[2026-06-26 10:54:07,445][root][INFO] - Epoch: 22 | train acc: 0.9520, train loss: 4.47123728, valid acc: 0.9328, valid loss: 0.25037002, test acc: 0.9393, test loss: 0.22090348
[2026-06-26 10:54:07,620][root][INFO] - reg loss: 4.6001031623696385, entropy loss: 0.14724216539904755, leaf dev: 0.15660981833934784
[2026-06-26 10:54:07,621][root][INFO] - Val leaf stats: tensor([0.0000e+00, 0.0000e+00, 0.0000e+00, 0.0000e+00, 0.0000e+00, 0.0000e+00,
        3.0000e-03, 1.5717e-01, 1.6667e-04, 6.0133e-01, 2.0800e-01, 1.1667e-03,
        0.0000e+00, 0.0000e+00, 5.0000e-04, 2.8667e-02])
[2026-06-26 10:54:07,632][root][INFO] - reg loss: 7.06510676527923, entropy loss: 0.34719738026834884, leaf dev: 0.0939200222492218
[2026-06-26 10:54:07,633][root][INFO] - Val leaf stats: tensor([0.0805, 0.0007, 0.0000, 0.0000, 0.1667, 0.1505, 0.0145, 0.0530, 0.0007,
        0.0163, 0.0005, 0.2997, 0.2117, 0.0037, 0.0017, 0.0000])
[2026-06-26 10:54:08,791][root][INFO] - Epoch: 22 | train acc: 0.9509, train loss: 8.87459975, valid acc: 0.9388, valid loss: 0.22533123, test acc: 0.9351, test loss: 0.22654439
[2026-06-26 10:54:12,810][root][INFO] - reg loss: 4.299768267937426, entropy loss: 0.1938500515413734, leaf dev: 0.17787006497383118
[2026-06-26 10:54:12,811][root][INFO] - Val leaf stats: tensor([0.0000, 0.0510, 0.6972, 0.2173, 0.0000, 0.0000, 0.0000, 0.0000, 0.0000,
        0.0000, 0.0000, 0.0000, 0.0000, 0.0000, 0.0000, 0.0345])
[2026-06-26 10:54:13,745][root][INFO] - Epoch: 22 | train acc: 0.9659, train loss: 0.11810999, valid acc: 0.9493, valid loss: 0.17476129, test acc: 0.9500, test loss: 0.17494128
[2026-06-26 10:54:14,142][root][INFO] - reg loss: 4.349133437534548, entropy loss: 0.15970140259783222, leaf dev: 0.18002885580062866
[2026-06-26 10:54:14,143][root][INFO] - Val leaf stats: tensor([0.0000e+00, 0.0000e+00, 0.0000e+00, 0.0000e+00, 0.0000e+00, 0.0000e+00,
        0.0000e+00, 0.0000e+00, 1.8333e-03, 7.1350e-01, 1.5250e-01, 6.6667e-04,
        3.8333e-03, 0.0000e+00, 0.0000e+00, 1.2767e-01])
[2026-06-26 10:54:18,466][root][INFO] - Epoch: 22 | train acc: 0.9556, train loss: 0.15295024, valid acc: 0.9383, valid loss: 0.21888953, test acc: 0.9400, test loss: 0.20127637
[2026-06-26 10:54:19,369][root][INFO] - reg loss: 5.895190175974144, entropy loss: 0.2669239853912929, leaf dev: 0.13426142930984497
[2026-06-26 10:54:19,370][root][INFO] - Val leaf stats: tensor([0.0000e+00, 1.6667e-03, 0.0000e+00, 0.0000e+00, 3.4000e-02, 2.3817e-01,
        0.0000e+00, 1.6667e-04, 1.2217e-01, 2.4833e-02, 0.0000e+00, 0.0000e+00,
        1.0000e-03, 5.0400e-01, 7.3833e-02, 1.6667e-04])
[2026-06-26 10:54:20,280][root][INFO] - Epoch: 22 | train acc: 0.9548, train loss: 2.41838018, valid acc: 0.9327, valid loss: 0.22661004, test acc: 0.9429, test loss: 0.21028818
[2026-06-26 10:54:20,617][root][INFO] - Epoch: 23 | train acc: 0.9588, train loss: 8.15653985, valid acc: 0.9487, valid loss: 0.18770622, test acc: 0.9493, test loss: 0.17685149
[2026-06-26 10:54:23,809][root][INFO] - reg loss: 6.870240274465309, entropy loss: 0.2925217030745632, leaf dev: 0.0914655551314354
[2026-06-26 10:54:23,810][root][INFO] - Val leaf stats: tensor([0.0890, 0.0027, 0.0212, 0.0295, 0.0085, 0.0512, 0.0000, 0.0000, 0.3232,
        0.1245, 0.1642, 0.0017, 0.1702, 0.0143, 0.0000, 0.0000])
[2026-06-26 10:54:23,981][root][INFO] - Epoch: 22 | train acc: 0.9384, train loss: 2.62493368, valid acc: 0.9287, valid loss: 0.24185469, test acc: 0.9291, test loss: 0.24813989
[2026-06-26 10:54:25,748][root][INFO] - reg loss: 4.524824061483707, entropy loss: 0.18068619283302775, leaf dev: 0.15039250254631042
[2026-06-26 10:54:25,749][root][INFO] - Val leaf stats: tensor([1.6667e-04, 1.8833e-02, 5.4950e-01, 3.0133e-01, 5.5333e-02, 0.0000e+00,
        0.0000e+00, 0.0000e+00, 0.0000e+00, 0.0000e+00, 0.0000e+00, 0.0000e+00,
        0.0000e+00, 0.0000e+00, 0.0000e+00, 7.4833e-02])
[2026-06-26 10:54:25,926][root][INFO] - reg loss: 4.007545939031637, entropy loss: 0.18008028462810335, leaf dev: 0.2496001422405243
[2026-06-26 10:54:25,927][root][INFO] - Val leaf stats: tensor([0.0000e+00, 0.0000e+00, 0.0000e+00, 0.0000e+00, 0.0000e+00, 0.0000e+00,
        0.0000e+00, 0.0000e+00, 1.0000e-03, 9.9850e-01, 0.0000e+00, 0.0000e+00,
        0.0000e+00, 0.0000e+00, 0.0000e+00, 5.0000e-04])
[2026-06-26 10:54:26,209][root][INFO] - Epoch: 22 | train acc: 0.9594, train loss: 32.17827811, valid acc: 0.9403, valid loss: 0.20207023, test acc: 0.9494, test loss: 0.17665835
[2026-06-26 10:54:26,577][root][INFO] - Epoch: 23 | train acc: 0.9416, train loss: 16.68498959, valid acc: 0.9045, valid loss: 0.34609375, test acc: 0.9145, test loss: 0.30971373
[2026-06-26 10:54:29,108][root][INFO] - reg loss: 4.835986731187353, entropy loss: 0.19627652893651207, leaf dev: 0.13508479297161102
[2026-06-26 10:54:29,109][root][INFO] - Val leaf stats: tensor([0.0000e+00, 0.0000e+00, 0.0000e+00, 0.0000e+00, 0.0000e+00, 0.0000e+00,
        3.5667e-01, 3.5667e-01, 0.0000e+00, 2.8600e-01, 5.0000e-04, 0.0000e+00,
        1.6667e-04, 0.0000e+00, 0.0000e+00, 0.0000e+00])
[2026-06-26 10:54:30,742][root][INFO] - Epoch: 22 | train acc: 0.9431, train loss: 16.95734474, valid acc: 0.9240, valid loss: 0.26964553, test acc: 0.9260, test loss: 0.29344980
[2026-06-26 10:54:31,812][root][INFO] - reg loss: 4.004731803570154, entropy loss: 0.20279423034978364, leaf dev: 0.25
[2026-06-26 10:54:31,813][root][INFO] - Val leaf stats: tensor([0., 0., 1., 0., 0., 0., 0., 0., 0., 0., 0., 0., 0., 0., 0., 0.])
[2026-06-26 10:54:32,164][root][INFO] - reg loss: 4.118589297780451, entropy loss: 0.1964088831588907, leaf dev: 0.24610498547554016
[2026-06-26 10:54:32,165][root][INFO] - Val leaf stats: tensor([0.0000e+00, 1.1167e-02, 9.8533e-01, 2.8333e-03, 0.0000e+00, 0.0000e+00,
        0.0000e+00, 0.0000e+00, 0.0000e+00, 0.0000e+00, 0.0000e+00, 0.0000e+00,
        0.0000e+00, 0.0000e+00, 0.0000e+00, 6.6667e-04])
[2026-06-26 10:54:35,997][root][INFO] - reg loss: 4.1877898630106225, entropy loss: 0.16612916566290944, leaf dev: 0.23391921818256378
[2026-06-26 10:54:35,999][root][INFO] - Val leaf stats: tensor([0.0000e+00, 0.0000e+00, 0.0000e+00, 0.0000e+00, 0.0000e+00, 0.0000e+00,
        0.0000e+00, 0.0000e+00, 2.5000e-03, 9.3800e-01, 5.8500e-02, 5.0000e-04,
        0.0000e+00, 0.0000e+00, 0.0000e+00, 5.0000e-04])
[2026-06-26 10:54:36,108][root][INFO] - Epoch: 23 | train acc: 0.9604, train loss: 8.18297585, valid acc: 0.9428, valid loss: 0.19653382, test acc: 0.9497, test loss: 0.17591473
[2026-06-26 10:54:38,555][root][INFO] - Epoch: 22 | train acc: 0.9597, train loss: 16.17738236, valid acc: 0.9408, valid loss: 0.19870639, test acc: 0.9489, test loss: 0.17936199
[2026-06-26 10:54:39,174][root][INFO] - Epoch: 22 | train acc: 0.9611, train loss: 2.18916132, valid acc: 0.9527, valid loss: 0.17962608, test acc: 0.9528, test loss: 0.17262802
[2026-06-26 10:54:39,993][root][INFO] - Epoch: 22 | train acc: 0.9718, train loss: 2.36489215, valid acc: 0.9498, valid loss: 0.17681485, test acc: 0.9549, test loss: 0.15701379
[2026-06-26 10:54:40,195][root][INFO] - Epoch: 23 | train acc: 0.9394, train loss: 32.64803512, valid acc: 0.9118, valid loss: 0.31166269, test acc: 0.9191, test loss: 0.28993831
[2026-06-26 10:54:41,146][root][INFO] - reg loss: 4.022688910646258, entropy loss: 0.21164348707446512, leaf dev: 0.24964457750320435
[2026-06-26 10:54:41,147][root][INFO] - Val leaf stats: tensor([0.0000e+00, 3.3333e-04, 9.9867e-01, 1.0000e-03, 0.0000e+00, 0.0000e+00,
        0.0000e+00, 0.0000e+00, 0.0000e+00, 0.0000e+00, 0.0000e+00, 0.0000e+00,
        0.0000e+00, 0.0000e+00, 0.0000e+00, 0.0000e+00])
[2026-06-26 10:54:43,155][root][INFO] - Epoch: 22 | train acc: 0.9657, train loss: 4.25318597, valid acc: 0.9473, valid loss: 0.19078143, test acc: 0.9547, test loss: 0.16030274
[2026-06-26 10:54:44,269][root][INFO] - reg loss: 4.009424965336637, entropy loss: 0.21188995832542204, leaf dev: 0.24982227385044098
[2026-06-26 10:54:44,270][root][INFO] - Val leaf stats: tensor([0.0000e+00, 0.0000e+00, 9.9933e-01, 6.6667e-04, 0.0000e+00, 0.0000e+00,
        0.0000e+00, 0.0000e+00, 0.0000e+00, 0.0000e+00, 0.0000e+00, 0.0000e+00,
        0.0000e+00, 0.0000e+00, 0.0000e+00, 0.0000e+00])
[2026-06-26 10:54:44,665][root][INFO] - reg loss: 4.108170693775393, entropy loss: 0.15509615740123786, leaf dev: 0.22436143457889557
[2026-06-26 10:54:44,666][root][INFO] - Val leaf stats: tensor([0.0000e+00, 0.0000e+00, 0.0000e+00, 0.0000e+00, 0.0000e+00, 0.0000e+00,
        0.0000e+00, 1.0133e-01, 0.0000e+00, 8.9850e-01, 1.6667e-04, 0.0000e+00,
        0.0000e+00, 0.0000e+00, 0.0000e+00, 0.0000e+00])
[2026-06-26 10:54:44,881][root][INFO] - reg loss: 4.528062995874657, entropy loss: 0.2220647693523821, leaf dev: 0.1642245352268219
[2026-06-26 10:54:44,882][root][INFO] - Val leaf stats: tensor([1.5000e-03, 9.1500e-02, 6.1583e-01, 3.3333e-04, 2.8167e-01, 9.1667e-03,
        0.0000e+00, 0.0000e+00, 0.0000e+00, 0.0000e+00, 0.0000e+00, 0.0000e+00,
        0.0000e+00, 0.0000e+00, 0.0000e+00, 0.0000e+00])
[2026-06-26 10:54:44,933][root][INFO] - Epoch: 22 | train acc: 0.9579, train loss: 32.15677502, valid acc: 0.9505, valid loss: 0.18349393, test acc: 0.9490, test loss: 0.17376787
[2026-06-26 10:54:45,052][root][INFO] - Epoch: 22 | train acc: 0.9406, train loss: 8.68250060, valid acc: 0.9128, valid loss: 0.31321859, test acc: 0.9154, test loss: 0.29019618
[2026-06-26 10:54:45,242][root][INFO] - reg loss: 4.053682439732102, entropy loss: 0.20421358394735264, leaf dev: 0.24977783858776093
[2026-06-26 10:54:45,243][root][INFO] - Val leaf stats: tensor([0.0000e+00, 1.6667e-04, 9.9917e-01, 6.6667e-04, 0.0000e+00, 0.0000e+00,
        0.0000e+00, 0.0000e+00, 0.0000e+00, 0.0000e+00, 0.0000e+00, 0.0000e+00,
        0.0000e+00, 0.0000e+00, 0.0000e+00, 0.0000e+00])
[2026-06-26 10:54:45,356][root][INFO] - Epoch: 22 | train acc: 0.9448, train loss: 0.18791070, valid acc: 0.9298, valid loss: 0.23964669, test acc: 0.9352, test loss: 0.22027767
[2026-06-26 10:54:46,088][root][INFO] - Epoch: 22 | train acc: 0.9557, train loss: 4.17649531, valid acc: 0.9492, valid loss: 0.18414648, test acc: 0.9472, test loss: 0.18620080
[2026-06-26 10:54:46,944][root][INFO] - Epoch: 23 | train acc: 0.9728, train loss: 0.09458535, valid acc: 0.9507, valid loss: 0.17369525, test acc: 0.9528, test loss: 0.16146771
[2026-06-26 10:54:47,342][root][INFO] - Epoch: 22 | train acc: 0.9511, train loss: 4.79271274, valid acc: 0.9363, valid loss: 0.24254737, test acc: 0.9359, test loss: 0.24568092
[2026-06-26 10:54:48,577][root][INFO] - reg loss: 4.129404360393308, entropy loss: 0.22804982313569985, leaf dev: 0.22735321521759033
[2026-06-26 10:54:48,578][root][INFO] - Val leaf stats: tensor([0.0000, 0.0388, 0.9138, 0.0315, 0.0158, 0.0000, 0.0000, 0.0000, 0.0000,
        0.0000, 0.0000, 0.0000, 0.0000, 0.0000, 0.0000, 0.0000])
[2026-06-26 10:54:50,390][root][INFO] - reg loss: 4.233699681623927, entropy loss: 0.1697629507420198, leaf dev: 0.23851226270198822
[2026-06-26 10:54:50,391][root][INFO] - Val leaf stats: tensor([6.6667e-04, 1.3667e-02, 9.5650e-01, 2.0000e-03, 0.0000e+00, 0.0000e+00,
        0.0000e+00, 0.0000e+00, 0.0000e+00, 0.0000e+00, 0.0000e+00, 0.0000e+00,
        0.0000e+00, 0.0000e+00, 0.0000e+00, 2.7167e-02])
[2026-06-26 10:54:50,414][root][INFO] - reg loss: 6.329410804892486, entropy loss: 0.29265975783456044, leaf dev: 0.09448572248220444
[2026-06-26 10:54:50,415][root][INFO] - Val leaf stats: tensor([1.6667e-04, 0.0000e+00, 2.5000e-03, 0.0000e+00, 0.0000e+00, 0.0000e+00,
        1.3500e-02, 1.3333e-03, 1.7350e-01, 2.5000e-03, 2.3917e-01, 1.9183e-01,
        4.5833e-02, 2.5350e-01, 3.3333e-04, 7.5833e-02])
[2026-06-26 10:54:50,423][root][INFO] - Epoch: 23 | train acc: 0.9526, train loss: 4.47171134, valid acc: 0.9213, valid loss: 0.28109664, test acc: 0.9273, test loss: 0.26290417
[2026-06-26 10:54:50,660][root][INFO] - reg loss: 4.001151480764713, entropy loss: 0.1856892984711899, leaf dev: 0.25
[2026-06-26 10:54:50,661][root][INFO] - Val leaf stats: tensor([0., 0., 0., 0., 0., 0., 0., 0., 0., 1., 0., 0., 0., 0., 0., 0.])
[2026-06-26 10:54:51,320][root][INFO] - reg loss: 4.022492512217108, entropy loss: 0.17134964775364353, leaf dev: 0.24875648319721222
[2026-06-26 10:54:51,321][root][INFO] - Val leaf stats: tensor([0.0000e+00, 0.0000e+00, 0.0000e+00, 0.0000e+00, 0.0000e+00, 0.0000e+00,
        0.0000e+00, 2.3333e-03, 3.3333e-04, 9.9533e-01, 1.6667e-03, 0.0000e+00,
        0.0000e+00, 0.0000e+00, 0.0000e+00, 3.3333e-04])
[2026-06-26 10:54:51,880][root][INFO] - Epoch: 23 | train acc: 0.9490, train loss: 9.00270241, valid acc: 0.9417, valid loss: 0.21866319, test acc: 0.9364, test loss: 0.22175534
[2026-06-26 10:54:51,913][root][INFO] - reg loss: 6.894307491914281, entropy loss: 0.3310596956959311, leaf dev: 0.0977739617228508
[2026-06-26 10:54:51,914][root][INFO] - Val leaf stats: tensor([0.0797, 0.0005, 0.0000, 0.0000, 0.1840, 0.1707, 0.0000, 0.0207, 0.0013,
        0.0228, 0.0018, 0.3032, 0.2090, 0.0040, 0.0023, 0.0000])
[2026-06-26 10:54:52,321][root][INFO] - reg loss: 4.619911220838439, entropy loss: 0.15152819285977562, leaf dev: 0.15624485909938812
[2026-06-26 10:54:52,322][root][INFO] - Val leaf stats: tensor([0.0000e+00, 0.0000e+00, 0.0000e+00, 0.0000e+00, 0.0000e+00, 0.0000e+00,
        2.6667e-03, 1.5400e-01, 1.6667e-04, 5.9717e-01, 2.1850e-01, 2.1667e-03,
        1.6667e-04, 0.0000e+00, 5.0000e-04, 2.4667e-02])
[2026-06-26 10:54:55,692][root][INFO] - reg loss: 4.303603725613288, entropy loss: 0.1933562932711727, leaf dev: 0.16190201044082642
[2026-06-26 10:54:55,693][root][INFO] - Val leaf stats: tensor([0.0000, 0.0538, 0.5985, 0.3045, 0.0000, 0.0000, 0.0000, 0.0000, 0.0000,
        0.0000, 0.0000, 0.0000, 0.0000, 0.0000, 0.0000, 0.0432])
[2026-06-26 10:54:57,267][root][INFO] - reg loss: 4.409701990631391, entropy loss: 0.16324172801566575, leaf dev: 0.1763121485710144
[2026-06-26 10:54:57,268][root][INFO] - Val leaf stats: tensor([0.0000, 0.0000, 0.0000, 0.0000, 0.0000, 0.0000, 0.0000, 0.0000, 0.0032,
        0.6967, 0.1540, 0.0008, 0.0050, 0.0000, 0.0000, 0.1403])
[2026-06-26 10:54:58,645][root][INFO] - Epoch: 23 | train acc: 0.9681, train loss: 0.10938148, valid acc: 0.9493, valid loss: 0.16666800, test acc: 0.9518, test loss: 0.16373671
[2026-06-26 10:55:01,744][root][INFO] - Epoch: 23 | train acc: 0.9598, train loss: 0.13821142, valid acc: 0.9458, valid loss: 0.18894218, test acc: 0.9468, test loss: 0.18115033
[2026-06-26 10:55:04,151][root][INFO] - Epoch: 24 | train acc: 0.9594, train loss: 8.16492589, valid acc: 0.9502, valid loss: 0.18071013, test acc: 0.9493, test loss: 0.16832734
[2026-06-26 10:55:04,617][root][INFO] - reg loss: 5.900167091837469, entropy loss: 0.2641149958911932, leaf dev: 0.138147234916687
[2026-06-26 10:55:04,618][root][INFO] - Val leaf stats: tensor([0.0000, 0.0013, 0.0000, 0.0000, 0.0298, 0.2105, 0.0000, 0.0000, 0.1325,
        0.0473, 0.0000, 0.0000, 0.0013, 0.5307, 0.0465, 0.0000])
[2026-06-26 10:55:04,750][root][INFO] - Epoch: 23 | train acc: 0.9557, train loss: 2.40949851, valid acc: 0.9302, valid loss: 0.22867279, test acc: 0.9388, test loss: 0.21666146
[2026-06-26 10:55:07,097][root][INFO] - Epoch: 23 | train acc: 0.9387, train loss: 2.64221141, valid acc: 0.9353, valid loss: 0.22524184, test acc: 0.9321, test loss: 0.23288839
[2026-06-26 10:55:07,354][root][INFO] - reg loss: 7.0613611104353415, entropy loss: 0.30660401059771486, leaf dev: 0.08961784839630127
[2026-06-26 10:55:07,355][root][INFO] - Val leaf stats: tensor([0.0758, 0.0062, 0.0660, 0.0493, 0.0077, 0.0522, 0.0000, 0.0000, 0.3410,
        0.0792, 0.1553, 0.0065, 0.1435, 0.0173, 0.0000, 0.0000])
[2026-06-26 10:55:08,503][root][INFO] - Epoch: 23 | train acc: 0.9602, train loss: 32.17984693, valid acc: 0.9422, valid loss: 0.19949958, test acc: 0.9508, test loss: 0.17525165
[2026-06-26 10:55:09,736][root][INFO] - reg loss: 4.012057686751744, entropy loss: 0.1786308503657017, leaf dev: 0.2496001422405243
[2026-06-26 10:55:09,736][root][INFO] - Val leaf stats: tensor([0.0000e+00, 0.0000e+00, 0.0000e+00, 0.0000e+00, 0.0000e+00, 0.0000e+00,
        0.0000e+00, 0.0000e+00, 1.0000e-03, 9.9850e-01, 0.0000e+00, 0.0000e+00,
        0.0000e+00, 0.0000e+00, 0.0000e+00, 5.0000e-04])
[2026-06-26 10:55:10,505][root][INFO] - reg loss: 4.509333790473218, entropy loss: 0.177720862739491, leaf dev: 0.15418896079063416
[2026-06-26 10:55:10,506][root][INFO] - Val leaf stats: tensor([3.3333e-04, 2.1333e-02, 5.8050e-01, 2.7133e-01, 5.8000e-02, 0.0000e+00,
        0.0000e+00, 0.0000e+00, 0.0000e+00, 0.0000e+00, 0.0000e+00, 0.0000e+00,
        0.0000e+00, 0.0000e+00, 0.0000e+00, 6.8500e-02])
[2026-06-26 10:55:10,801][root][INFO] - Epoch: 24 | train acc: 0.9435, train loss: 16.70050680, valid acc: 0.9007, valid loss: 0.34701916, test acc: 0.9077, test loss: 0.31325116
[2026-06-26 10:55:12,647][root][INFO] - reg loss: 4.877169258189651, entropy loss: 0.19536365006329878, leaf dev: 0.13506391644477844
[2026-06-26 10:55:12,648][root][INFO] - Val leaf stats: tensor([0.0000e+00, 0.0000e+00, 0.0000e+00, 0.0000e+00, 0.0000e+00, 3.3333e-04,
        3.2917e-01, 3.7700e-01, 0.0000e+00, 2.9267e-01, 5.0000e-04, 1.6667e-04,
        1.6667e-04, 0.0000e+00, 0.0000e+00, 0.0000e+00])
[2026-06-26 10:55:13,491][root][INFO] - reg loss: 4.0051581004880505, entropy loss: 0.20280367684251857, leaf dev: 0.25
[2026-06-26 10:55:13,492][root][INFO] - Val leaf stats: tensor([0., 0., 1., 0., 0., 0., 0., 0., 0., 0., 0., 0., 0., 0., 0., 0.])
[2026-06-26 10:55:14,059][root][INFO] - Epoch: 23 | train acc: 0.9442, train loss: 16.95072361, valid acc: 0.9262, valid loss: 0.26589781, test acc: 0.9279, test loss: 0.27349222
[2026-06-26 10:55:16,002][root][INFO] - reg loss: 4.124007467953664, entropy loss: 0.1947952036587697, leaf dev: 0.2471633404493332
[2026-06-26 10:55:16,003][root][INFO] - Val leaf stats: tensor([0.0000e+00, 7.6667e-03, 9.8933e-01, 2.5000e-03, 0.0000e+00, 0.0000e+00,
        0.0000e+00, 0.0000e+00, 0.0000e+00, 0.0000e+00, 0.0000e+00, 0.0000e+00,
        0.0000e+00, 0.0000e+00, 0.0000e+00, 5.0000e-04])
[2026-06-26 10:55:19,497][root][INFO] - reg loss: 4.187019618052356, entropy loss: 0.1649112692981396, leaf dev: 0.23356594145298004
[2026-06-26 10:55:19,498][root][INFO] - Val leaf stats: tensor([0.0000e+00, 0.0000e+00, 0.0000e+00, 0.0000e+00, 0.0000e+00, 0.0000e+00,
        0.0000e+00, 0.0000e+00, 8.3333e-04, 9.3650e-01, 6.1333e-02, 5.0000e-04,
        0.0000e+00, 0.0000e+00, 0.0000e+00, 8.3333e-04])
[2026-06-26 10:55:20,129][root][INFO] - Epoch: 24 | train acc: 0.9608, train loss: 8.18175513, valid acc: 0.9408, valid loss: 0.19673466, test acc: 0.9502, test loss: 0.17471187
[2026-06-26 10:55:23,226][root][INFO] - Epoch: 23 | train acc: 0.9605, train loss: 16.17836364, valid acc: 0.9422, valid loss: 0.19628642, test acc: 0.9508, test loss: 0.17516168
[2026-06-26 10:55:24,289][root][INFO] - Epoch: 23 | train acc: 0.9723, train loss: 2.33973854, valid acc: 0.9480, valid loss: 0.18005136, test acc: 0.9555, test loss: 0.15438314
[2026-06-26 10:55:24,348][root][INFO] - Epoch: 23 | train acc: 0.9626, train loss: 2.19517314, valid acc: 0.9523, valid loss: 0.17353262, test acc: 0.9499, test loss: 0.17180564
[2026-06-26 10:55:24,485][root][INFO] - Epoch: 24 | train acc: 0.9406, train loss: 32.66190558, valid acc: 0.9073, valid loss: 0.31502182, test acc: 0.9138, test loss: 0.29720460
[2026-06-26 10:55:24,960][root][INFO] - reg loss: 4.023503137084673, entropy loss: 0.2115480995403146, leaf dev: 0.24951131641864777
[2026-06-26 10:55:24,961][root][INFO] - Val leaf stats: tensor([0.0000e+00, 8.3333e-04, 9.9817e-01, 1.0000e-03, 0.0000e+00, 0.0000e+00,
        0.0000e+00, 0.0000e+00, 0.0000e+00, 0.0000e+00, 0.0000e+00, 0.0000e+00,
        0.0000e+00, 0.0000e+00, 0.0000e+00, 0.0000e+00])
[2026-06-26 10:55:27,773][root][INFO] - Epoch: 23 | train acc: 0.9656, train loss: 4.24143313, valid acc: 0.9485, valid loss: 0.19103384, test acc: 0.9559, test loss: 0.15532206
[2026-06-26 10:55:28,145][root][INFO] - reg loss: 4.010072789102231, entropy loss: 0.21189388379735766, leaf dev: 0.24982227385044098
[2026-06-26 10:55:28,146][root][INFO] - Val leaf stats: tensor([0.0000e+00, 0.0000e+00, 9.9933e-01, 6.6667e-04, 0.0000e+00, 0.0000e+00,
        0.0000e+00, 0.0000e+00, 0.0000e+00, 0.0000e+00, 0.0000e+00, 0.0000e+00,
        0.0000e+00, 0.0000e+00, 0.0000e+00, 0.0000e+00])
[2026-06-26 10:55:29,306][root][INFO] - reg loss: 4.130682342457321, entropy loss: 0.15767208486795425, leaf dev: 0.2170833945274353
[2026-06-26 10:55:29,312][root][INFO] - Val leaf stats: tensor([0.0000, 0.0000, 0.0000, 0.0000, 0.0000, 0.0000, 0.0000, 0.1330, 0.0000,
        0.8670, 0.0000, 0.0000, 0.0000, 0.0000, 0.0000, 0.0000])
[2026-06-26 10:55:29,726][root][INFO] - reg loss: 4.0556717098883865, entropy loss: 0.20313664385170307, leaf dev: 0.24973340332508087
[2026-06-26 10:55:29,727][root][INFO] - Val leaf stats: tensor([0.0000e+00, 3.3333e-04, 9.9900e-01, 6.6667e-04, 0.0000e+00, 0.0000e+00,
        0.0000e+00, 0.0000e+00, 0.0000e+00, 0.0000e+00, 0.0000e+00, 0.0000e+00,
        0.0000e+00, 0.0000e+00, 0.0000e+00, 0.0000e+00])
[2026-06-26 10:55:29,755][root][INFO] - reg loss: 4.483507858132416, entropy loss: 0.2202791303115071, leaf dev: 0.17118826508522034
[2026-06-26 10:55:29,757][root][INFO] - Val leaf stats: tensor([6.6667e-04, 6.5833e-02, 6.4917e-01, 3.3333e-04, 2.7617e-01, 7.8333e-03,
        0.0000e+00, 0.0000e+00, 0.0000e+00, 0.0000e+00, 0.0000e+00, 0.0000e+00,
        0.0000e+00, 0.0000e+00, 0.0000e+00, 0.0000e+00])
[2026-06-26 10:55:30,442][root][INFO] - Epoch: 23 | train acc: 0.9394, train loss: 8.61321066, valid acc: 0.9195, valid loss: 0.29877001, test acc: 0.9229, test loss: 0.27222749
[2026-06-26 10:55:30,516][root][INFO] - Epoch: 23 | train acc: 0.9581, train loss: 32.15204296, valid acc: 0.9485, valid loss: 0.18556286, test acc: 0.9486, test loss: 0.17284736
[2026-06-26 10:55:30,682][root][INFO] - Epoch: 24 | train acc: 0.9745, train loss: 0.08504206, valid acc: 0.9508, valid loss: 0.17813727, test acc: 0.9538, test loss: 0.15307965
[2026-06-26 10:55:30,729][root][INFO] - Epoch: 23 | train acc: 0.9503, train loss: 0.17229812, valid acc: 0.9337, valid loss: 0.23719560, test acc: 0.9369, test loss: 0.22296866
[2026-06-26 10:55:31,168][root][INFO] - Epoch: 23 | train acc: 0.9576, train loss: 4.18233514, valid acc: 0.9468, valid loss: 0.18411954, test acc: 0.9472, test loss: 0.18031530
[2026-06-26 10:55:31,202][root][INFO] - Epoch: 23 | train acc: 0.9510, train loss: 4.82130402, valid acc: 0.9387, valid loss: 0.22586581, test acc: 0.9369, test loss: 0.22354240
[2026-06-26 10:55:32,989][root][INFO] - reg loss: 4.120546894253425, entropy loss: 0.2269221085984752, leaf dev: 0.22570574283599854
[2026-06-26 10:55:32,990][root][INFO] - Val leaf stats: tensor([0.0000, 0.0440, 0.9073, 0.0360, 0.0127, 0.0000, 0.0000, 0.0000, 0.0000,
        0.0000, 0.0000, 0.0000, 0.0000, 0.0000, 0.0000, 0.0000])
[2026-06-26 10:55:35,190][root][INFO] - Epoch: 24 | train acc: 0.9519, train loss: 8.96789802, valid acc: 0.9372, valid loss: 0.24113727, test acc: 0.9333, test loss: 0.24263115
[2026-06-26 10:55:35,682][root][INFO] - Epoch: 24 | train acc: 0.9497, train loss: 4.54206033, valid acc: 0.9330, valid loss: 0.25001663, test acc: 0.9385, test loss: 0.22402443
[2026-06-26 10:55:35,689][root][INFO] - reg loss: 4.198077453757232, entropy loss: 0.1621771071035907, leaf dev: 0.2357604205608368
[2026-06-26 10:55:35,690][root][INFO] - Val leaf stats: tensor([6.6667e-04, 2.0500e-02, 9.4600e-01, 2.8333e-03, 0.0000e+00, 0.0000e+00,
        0.0000e+00, 0.0000e+00, 0.0000e+00, 0.0000e+00, 0.0000e+00, 0.0000e+00,
        0.0000e+00, 0.0000e+00, 0.0000e+00, 3.0000e-02])
[2026-06-26 10:55:35,713][root][INFO] - reg loss: 6.3358642335207955, entropy loss: 0.2946281542755523, leaf dev: 0.09318796545267105
[2026-06-26 10:55:35,714][root][INFO] - Val leaf stats: tensor([1.6667e-04, 0.0000e+00, 2.8333e-03, 0.0000e+00, 0.0000e+00, 0.0000e+00,
        1.4500e-02, 1.5000e-03, 1.6083e-01, 2.0000e-03, 2.5117e-01, 1.7983e-01,
        5.7833e-02, 2.4750e-01, 3.3333e-04, 8.1500e-02])
[2026-06-26 10:55:35,880][root][INFO] - reg loss: 6.918659970445453, entropy loss: 0.3287512376061026, leaf dev: 0.09422507882118225
[2026-06-26 10:55:35,881][root][INFO] - Val leaf stats: tensor([0.0487, 0.0000, 0.0000, 0.0000, 0.1855, 0.2048, 0.0005, 0.0552, 0.0038,
        0.0303, 0.0053, 0.2917, 0.1668, 0.0050, 0.0023, 0.0000])
[2026-06-26 10:55:36,076][root][INFO] - reg loss: 4.001059253260775, entropy loss: 0.18572754567524172, leaf dev: 0.25
[2026-06-26 10:55:36,078][root][INFO] - Val leaf stats: tensor([0., 0., 0., 0., 0., 0., 0., 0., 0., 1., 0., 0., 0., 0., 0., 0.])
[2026-06-26 10:55:36,082][root][INFO] - reg loss: 4.6464757604419065, entropy loss: 0.1513514996699567, leaf dev: 0.1523815095424652
[2026-06-26 10:55:36,083][root][INFO] - Val leaf stats: tensor([0.0000e+00, 0.0000e+00, 0.0000e+00, 0.0000e+00, 0.0000e+00, 0.0000e+00,
        2.8333e-03, 1.6017e-01, 0.0000e+00, 5.7450e-01, 2.3333e-01, 3.5000e-03,
        1.6667e-04, 0.0000e+00, 3.3333e-04, 2.5167e-02])
[2026-06-26 10:55:36,226][root][INFO] - reg loss: 4.034150276543959, entropy loss: 0.17074277294131945, leaf dev: 0.24862360954284668
[2026-06-26 10:55:36,226][root][INFO] - Val leaf stats: tensor([0.0000e+00, 0.0000e+00, 0.0000e+00, 0.0000e+00, 0.0000e+00, 0.0000e+00,
        0.0000e+00, 2.0000e-03, 0.0000e+00, 9.9483e-01, 3.3333e-04, 0.0000e+00,
        0.0000e+00, 0.0000e+00, 0.0000e+00, 2.8333e-03])
[2026-06-26 10:55:40,549][root][INFO] - reg loss: 4.396878944253022, entropy loss: 0.16122782862973664, leaf dev: 0.16006478667259216
[2026-06-26 10:55:40,550][root][INFO] - Val leaf stats: tensor([0.0000, 0.0000, 0.0000, 0.0000, 0.0000, 0.0000, 0.0000, 0.0000, 0.0070,
        0.6037, 0.2583, 0.0008, 0.0053, 0.0000, 0.0000, 0.1248])
[2026-06-26 10:55:41,125][root][INFO] - reg loss: 4.366778468186, entropy loss: 0.1906404067885201, leaf dev: 0.17268113791942596
[2026-06-26 10:55:41,126][root][INFO] - Val leaf stats: tensor([0.0000, 0.0595, 0.6722, 0.2302, 0.0000, 0.0000, 0.0000, 0.0000, 0.0000,
        0.0000, 0.0000, 0.0000, 0.0000, 0.0000, 0.0000, 0.0382])
[2026-06-26 10:55:43,509][root][INFO] - Epoch: 24 | train acc: 0.9684, train loss: 0.10911790, valid acc: 0.9523, valid loss: 0.16644581, test acc: 0.9532, test loss: 0.16853810
[2026-06-26 10:55:47,196][root][INFO] - Epoch: 24 | train acc: 0.9636, train loss: 0.12629249, valid acc: 0.9443, valid loss: 0.19577022, test acc: 0.9487, test loss: 0.17120579
[2026-06-26 10:55:47,662][root][INFO] - Epoch: 25 | train acc: 0.9595, train loss: 8.15852739, valid acc: 0.9510, valid loss: 0.18080922, test acc: 0.9515, test loss: 0.16593212
[2026-06-26 10:55:49,589][root][INFO] - reg loss: 5.904086337899262, entropy loss: 0.2633503717633913, leaf dev: 0.10359544306993484
[2026-06-26 10:55:49,590][root][INFO] - Val leaf stats: tensor([0.0000e+00, 2.5000e-03, 0.0000e+00, 0.0000e+00, 3.5333e-02, 2.0283e-01,
        0.0000e+00, 1.6667e-04, 1.0533e-01, 9.4500e-02, 0.0000e+00, 0.0000e+00,
        1.1667e-03, 3.6383e-01, 1.6717e-01, 2.7167e-02])
[2026-06-26 10:55:50,181][root][INFO] - Epoch: 24 | train acc: 0.9557, train loss: 2.40015969, valid acc: 0.9310, valid loss: 0.23501150, test acc: 0.9402, test loss: 0.21545982
[2026-06-26 10:55:51,177][root][INFO] - Epoch: 24 | train acc: 0.9461, train loss: 2.60587618, valid acc: 0.9343, valid loss: 0.22158211, test acc: 0.9338, test loss: 0.22887777
[2026-06-26 10:55:52,303][root][INFO] - Epoch: 24 | train acc: 0.9602, train loss: 32.17653008, valid acc: 0.9420, valid loss: 0.20058583, test acc: 0.9513, test loss: 0.17352758
[2026-06-26 10:55:52,666][root][INFO] - reg loss: 7.005867467736298, entropy loss: 0.3086645859030058, leaf dev: 0.08456868678331375
[2026-06-26 10:55:52,667][root][INFO] - Val leaf stats: tensor([0.0955, 0.0125, 0.0822, 0.0467, 0.0100, 0.0597, 0.0000, 0.0000, 0.3187,
        0.0738, 0.1525, 0.0107, 0.1323, 0.0055, 0.0000, 0.0000])
[2026-06-26 10:55:53,184][root][INFO] - reg loss: 4.009797307680238, entropy loss: 0.17578773861223795, leaf dev: 0.24964454770088196
[2026-06-26 10:55:53,185][root][INFO] - Val leaf stats: tensor([0.0000e+00, 0.0000e+00, 0.0000e+00, 0.0000e+00, 0.0000e+00, 0.0000e+00,
        0.0000e+00, 0.0000e+00, 8.3333e-04, 9.9867e-01, 0.0000e+00, 0.0000e+00,
        0.0000e+00, 0.0000e+00, 0.0000e+00, 5.0000e-04])
[2026-06-26 10:55:55,345][root][INFO] - reg loss: 4.492114543914795, entropy loss: 0.17478624098705794, leaf dev: 0.1593881994485855
[2026-06-26 10:55:55,346][root][INFO] - Val leaf stats: tensor([0.0010, 0.0237, 0.5903, 0.2997, 0.0658, 0.0000, 0.0000, 0.0000, 0.0000,
        0.0000, 0.0000, 0.0000, 0.0000, 0.0000, 0.0000, 0.0195])
[2026-06-26 10:55:55,431][root][INFO] - Epoch: 25 | train acc: 0.9434, train loss: 16.71674565, valid acc: 0.9090, valid loss: 0.41254333, test acc: 0.9151, test loss: 0.35750701
[2026-06-26 10:55:56,555][root][INFO] - reg loss: 4.848086946415451, entropy loss: 0.19309542763907955, leaf dev: 0.13548485934734344
[2026-06-26 10:55:56,556][root][INFO] - Val leaf stats: tensor([0.0000e+00, 0.0000e+00, 0.0000e+00, 0.0000e+00, 0.0000e+00, 0.0000e+00,
        2.7900e-01, 3.7300e-01, 0.0000e+00, 3.4767e-01, 1.6667e-04, 0.0000e+00,
        1.6667e-04, 0.0000e+00, 0.0000e+00, 0.0000e+00])
[2026-06-26 10:55:57,820][root][INFO] - reg loss: 4.005055796425298, entropy loss: 0.20277343128087386, leaf dev: 0.25
[2026-06-26 10:55:57,821][root][INFO] - Val leaf stats: tensor([0., 0., 1., 0., 0., 0., 0., 0., 0., 0., 0., 0., 0., 0., 0., 0.])
[2026-06-26 10:55:58,313][root][INFO] - Epoch: 24 | train acc: 0.9453, train loss: 17.10585666, valid acc: 0.9268, valid loss: 0.26809405, test acc: 0.9274, test loss: 0.30895499
[2026-06-26 10:56:00,912][root][INFO] - reg loss: 4.128440573530377, entropy loss: 0.19138869868134553, leaf dev: 0.24182236194610596
[2026-06-26 10:56:00,914][root][INFO] - Val leaf stats: tensor([0.0000e+00, 2.6333e-02, 9.6900e-01, 4.0000e-03, 0.0000e+00, 0.0000e+00,
        0.0000e+00, 0.0000e+00, 0.0000e+00, 0.0000e+00, 0.0000e+00, 0.0000e+00,
        0.0000e+00, 0.0000e+00, 0.0000e+00, 6.6667e-04])
[2026-06-26 10:56:03,541][root][INFO] - reg loss: 4.224540804916957, entropy loss: 0.16550277131346036, leaf dev: 0.2255955934524536
[2026-06-26 10:56:03,542][root][INFO] - Val leaf stats: tensor([0.0000, 0.0000, 0.0000, 0.0000, 0.0000, 0.0000, 0.0000, 0.0000, 0.0023,
        0.9043, 0.0898, 0.0015, 0.0000, 0.0000, 0.0000, 0.0020])
[2026-06-26 10:56:04,283][root][INFO] - Epoch: 25 | train acc: 0.9615, train loss: 8.18253927, valid acc: 0.9410, valid loss: 0.20175792, test acc: 0.9508, test loss: 0.17351305
[2026-06-26 10:56:07,714][root][INFO] - Epoch: 24 | train acc: 0.9607, train loss: 16.17335032, valid acc: 0.9412, valid loss: 0.19721534, test acc: 0.9502, test loss: 0.17382185
[2026-06-26 10:56:07,977][root][INFO] - Epoch: 24 | train acc: 0.9622, train loss: 2.20241626, valid acc: 0.9518, valid loss: 0.17516197, test acc: 0.9518, test loss: 0.17008104
[2026-06-26 10:56:08,343][root][INFO] - Epoch: 25 | train acc: 0.9406, train loss: 32.67787458, valid acc: 0.9102, valid loss: 0.31467036, test acc: 0.9208, test loss: 0.28792338
[2026-06-26 10:56:09,076][root][INFO] - Epoch: 24 | train acc: 0.9737, train loss: 2.33343348, valid acc: 0.9520, valid loss: 0.17699344, test acc: 0.9554, test loss: 0.15347698
[2026-06-26 10:56:09,348][root][INFO] - reg loss: 4.024660348892212, entropy loss: 0.2110541434782856, leaf dev: 0.24977783858776093
[2026-06-26 10:56:09,349][root][INFO] - Val leaf stats: tensor([0.0000e+00, 1.6667e-04, 9.9917e-01, 6.6667e-04, 0.0000e+00, 0.0000e+00,
        0.0000e+00, 0.0000e+00, 0.0000e+00, 0.0000e+00, 0.0000e+00, 0.0000e+00,
        0.0000e+00, 0.0000e+00, 0.0000e+00, 0.0000e+00])
[2026-06-26 10:56:11,186][root][INFO] - Epoch: 24 | train acc: 0.9644, train loss: 4.27344832, valid acc: 0.9475, valid loss: 0.18509277, test acc: 0.9572, test loss: 0.14991247
[2026-06-26 10:56:13,138][root][INFO] - reg loss: 4.00925194542363, entropy loss: 0.2118272751850902, leaf dev: 0.24982227385044098
[2026-06-26 10:56:13,139][root][INFO] - Val leaf stats: tensor([0.0000e+00, 0.0000e+00, 9.9933e-01, 6.6667e-04, 0.0000e+00, 0.0000e+00,
        0.0000e+00, 0.0000e+00, 0.0000e+00, 0.0000e+00, 0.0000e+00, 0.0000e+00,
        0.0000e+00, 0.0000e+00, 0.0000e+00, 0.0000e+00])
[2026-06-26 10:56:13,180][root][INFO] - reg loss: 4.135032109494479, entropy loss: 0.18761186779669994, leaf dev: 0.22499917447566986
[2026-06-26 10:56:13,181][root][INFO] - Val leaf stats: tensor([0.0000, 0.0000, 0.0000, 0.0000, 0.0000, 0.0000, 0.0000, 0.0988, 0.0000,
        0.9012, 0.0000, 0.0000, 0.0000, 0.0000, 0.0000, 0.0000])
[2026-06-26 10:56:13,881][root][INFO] - reg loss: 4.058139711056116, entropy loss: 0.20195238053236367, leaf dev: 0.24955570697784424
[2026-06-26 10:56:13,882][root][INFO] - Val leaf stats: tensor([0.0000e+00, 1.0000e-03, 9.9833e-01, 5.0000e-04, 0.0000e+00, 0.0000e+00,
        0.0000e+00, 0.0000e+00, 0.0000e+00, 0.0000e+00, 0.0000e+00, 0.0000e+00,
        0.0000e+00, 0.0000e+00, 0.0000e+00, 1.6667e-04])
[2026-06-26 10:56:14,261][root][INFO] - reg loss: 4.4812628638069585, entropy loss: 0.22004443547635708, leaf dev: 0.1708735078573227
[2026-06-26 10:56:14,262][root][INFO] - Val leaf stats: tensor([6.6667e-04, 6.5500e-02, 6.4717e-01, 5.0000e-04, 2.7800e-01, 8.1667e-03,
        0.0000e+00, 0.0000e+00, 0.0000e+00, 0.0000e+00, 0.0000e+00, 0.0000e+00,
        0.0000e+00, 0.0000e+00, 0.0000e+00, 0.0000e+00])
[2026-06-26 10:56:14,689][root][INFO] - Epoch: 24 | train acc: 0.9478, train loss: 0.18228316, valid acc: 0.8985, valid loss: 0.36102622, test acc: 0.9161, test loss: 0.31050142
[2026-06-26 10:56:14,696][root][INFO] - Epoch: 24 | train acc: 0.9584, train loss: 32.15024880, valid acc: 0.9508, valid loss: 0.18066893, test acc: 0.9492, test loss: 0.17006380
[2026-06-26 10:56:14,991][root][INFO] - Epoch: 25 | train acc: 0.9768, train loss: 0.08037263, valid acc: 0.9535, valid loss: 0.16723356, test acc: 0.9562, test loss: 0.15036336
[2026-06-26 10:56:15,091][root][INFO] - Epoch: 24 | train acc: 0.9527, train loss: 4.78262224, valid acc: 0.9385, valid loss: 0.22793725, test acc: 0.9388, test loss: 0.23433209
[2026-06-26 10:56:15,191][root][INFO] - Epoch: 24 | train acc: 0.9579, train loss: 4.17708707, valid acc: 0.9502, valid loss: 0.17924253, test acc: 0.9478, test loss: 0.17906778
[2026-06-26 10:56:15,451][root][INFO] - Epoch: 24 | train acc: 0.9404, train loss: 8.63996839, valid acc: 0.9117, valid loss: 0.30414918, test acc: 0.9190, test loss: 0.27468065
[2026-06-26 10:56:16,112][root][INFO] - reg loss: 4.142898330148661, entropy loss: 0.2277878018201522, leaf dev: 0.2219589799642563
[2026-06-26 10:56:16,113][root][INFO] - Val leaf stats: tensor([0.0000, 0.0645, 0.8923, 0.0133, 0.0298, 0.0000, 0.0000, 0.0000, 0.0000,
        0.0000, 0.0000, 0.0000, 0.0000, 0.0000, 0.0000, 0.0000])
[2026-06-26 10:56:19,288][root][INFO] - Epoch: 25 | train acc: 0.9526, train loss: 9.05841944, valid acc: 0.9398, valid loss: 0.22500502, test acc: 0.9375, test loss: 0.22536404
[2026-06-26 10:56:19,815][root][INFO] - reg loss: 4.000991056550224, entropy loss: 0.18571264071846907, leaf dev: 0.25
[2026-06-26 10:56:19,817][root][INFO] - Val leaf stats: tensor([0., 0., 0., 0., 0., 0., 0., 0., 0., 1., 0., 0., 0., 0., 0., 0.])
[2026-06-26 10:56:19,852][root][INFO] - reg loss: 6.298395300811192, entropy loss: 0.2888426912843056, leaf dev: 0.09511809051036835
[2026-06-26 10:56:19,853][root][INFO] - Val leaf stats: tensor([1.6667e-04, 0.0000e+00, 3.1667e-03, 0.0000e+00, 0.0000e+00, 0.0000e+00,
        1.5167e-02, 1.5000e-03, 2.9667e-01, 1.9217e-01, 1.0267e-01, 4.0167e-02,
        3.9500e-02, 2.3083e-01, 3.3333e-04, 7.7667e-02])
[2026-06-26 10:56:20,183][root][INFO] - reg loss: 4.617235755020717, entropy loss: 0.14553062069528508, leaf dev: 0.15352365374565125
[2026-06-26 10:56:20,184][root][INFO] - Val leaf stats: tensor([0.0000, 0.0000, 0.0000, 0.0000, 0.0000, 0.0000, 0.0017, 0.1555, 0.0000,
        0.5815, 0.2300, 0.0022, 0.0000, 0.0000, 0.0007, 0.0285])
[2026-06-26 10:56:20,400][root][INFO] - reg loss: 6.9755803773987965, entropy loss: 0.329519585618433, leaf dev: 0.09180115163326263
[2026-06-26 10:56:20,401][root][INFO] - Val leaf stats: tensor([5.6333e-02, 0.0000e+00, 0.0000e+00, 0.0000e+00, 1.7250e-01, 2.0617e-01,
        8.3333e-04, 7.4833e-02, 1.6667e-04, 1.5833e-02, 2.0833e-02, 2.8467e-01,
        1.6167e-01, 4.0000e-03, 2.1667e-03, 0.0000e+00])
[2026-06-26 10:56:20,561][root][INFO] - reg loss: 4.032858650639372, entropy loss: 0.17037618244594, leaf dev: 0.24822460114955902
[2026-06-26 10:56:20,562][root][INFO] - Val leaf stats: tensor([0.0000e+00, 0.0000e+00, 0.0000e+00, 0.0000e+00, 0.0000e+00, 0.0000e+00,
        0.0000e+00, 2.6667e-03, 3.3333e-04, 9.9333e-01, 0.0000e+00, 0.0000e+00,
        0.0000e+00, 0.0000e+00, 0.0000e+00, 3.6667e-03])
[2026-06-26 10:56:21,097][root][INFO] - reg loss: 4.212958538307334, entropy loss: 0.15586371016952227, leaf dev: 0.23467110097408295
[2026-06-26 10:56:21,098][root][INFO] - Val leaf stats: tensor([5.0000e-04, 2.0500e-02, 9.4183e-01, 4.5000e-03, 0.0000e+00, 0.0000e+00,
        0.0000e+00, 0.0000e+00, 0.0000e+00, 0.0000e+00, 0.0000e+00, 0.0000e+00,
        0.0000e+00, 0.0000e+00, 0.0000e+00, 3.2667e-02])
[2026-06-26 10:56:21,169][root][INFO] - Epoch: 25 | train acc: 0.9524, train loss: 4.45031965, valid acc: 0.9273, valid loss: 0.26615347, test acc: 0.9373, test loss: 0.23871308
[2026-06-26 10:56:25,018][root][INFO] - reg loss: 4.441315471001391, entropy loss: 0.16112001057503358, leaf dev: 0.1723446100950241
[2026-06-26 10:56:25,019][root][INFO] - Val leaf stats: tensor([0.0000e+00, 0.0000e+00, 0.0000e+00, 0.0000e+00, 0.0000e+00, 0.0000e+00,
        0.0000e+00, 0.0000e+00, 4.3333e-03, 6.7500e-01, 1.9383e-01, 5.0000e-04,
        4.6667e-03, 0.0000e+00, 0.0000e+00, 1.2167e-01])
[2026-06-26 10:56:26,509][root][INFO] - reg loss: 4.2826767867466184, entropy loss: 0.18247314936147546, leaf dev: 0.18350917100906372
[2026-06-26 10:56:26,510][root][INFO] - Val leaf stats: tensor([0.0000, 0.0243, 0.7232, 0.2043, 0.0000, 0.0000, 0.0000, 0.0000, 0.0000,
        0.0000, 0.0000, 0.0000, 0.0000, 0.0000, 0.0000, 0.0482])
[2026-06-26 10:56:27,069][root][INFO] - Epoch: 25 | train acc: 0.9697, train loss: 0.10183881, valid acc: 0.9498, valid loss: 0.16937158, test acc: 0.9550, test loss: 0.16516354
[2026-06-26 10:56:31,386][root][INFO] - Epoch: 26 | train acc: 0.9609, train loss: 8.15631221, valid acc: 0.9497, valid loss: 0.17960912, test acc: 0.9501, test loss: 0.16825456
[2026-06-26 10:56:31,761][root][INFO] - Epoch: 25 | train acc: 0.9619, train loss: 0.12959544, valid acc: 0.9382, valid loss: 0.21361700, test acc: 0.9398, test loss: 0.20792418
[2026-06-26 10:56:33,005][root][INFO] - reg loss: 5.996600254526678, entropy loss: 0.2600436505844008, leaf dev: 0.10134439170360565
[2026-06-26 10:56:33,007][root][INFO] - Val leaf stats: tensor([0.0000e+00, 2.5000e-03, 0.0000e+00, 0.0000e+00, 2.0333e-02, 1.7683e-01,
        0.0000e+00, 1.6667e-04, 1.0833e-01, 1.3567e-01, 0.0000e+00, 0.0000e+00,
        1.5000e-03, 3.0133e-01, 2.5283e-01, 5.0000e-04])
[2026-06-26 10:56:33,796][root][INFO] - Epoch: 25 | train acc: 0.9550, train loss: 2.39749975, valid acc: 0.9333, valid loss: 0.22545138, test acc: 0.9425, test loss: 0.21193952
[2026-06-26 10:56:35,977][root][INFO] - Epoch: 25 | train acc: 0.9485, train loss: 2.59277999, valid acc: 0.9337, valid loss: 0.22400694, test acc: 0.9336, test loss: 0.23493348
[2026-06-26 10:56:36,742][root][INFO] - reg loss: 4.010014610470466, entropy loss: 0.17462044434165055, leaf dev: 0.249688982963562
[2026-06-26 10:56:36,743][root][INFO] - Val leaf stats: tensor([0.0000e+00, 0.0000e+00, 0.0000e+00, 0.0000e+00, 0.0000e+00, 0.0000e+00,
        0.0000e+00, 0.0000e+00, 6.6667e-04, 9.9883e-01, 0.0000e+00, 0.0000e+00,
        0.0000e+00, 0.0000e+00, 0.0000e+00, 5.0000e-04])
[2026-06-26 10:56:37,546][root][INFO] - Epoch: 25 | train acc: 0.9612, train loss: 32.18098640, valid acc: 0.9417, valid loss: 0.19993109, test acc: 0.9508, test loss: 0.17232307
[2026-06-26 10:56:37,556][root][INFO] - reg loss: 7.029886362687597, entropy loss: 0.31428696496306724, leaf dev: 0.07389827817678452
[2026-06-26 10:56:37,558][root][INFO] - Val leaf stats: tensor([0.1307, 0.0243, 0.1573, 0.0492, 0.0178, 0.0698, 0.0000, 0.0000, 0.2578,
        0.0628, 0.1148, 0.0092, 0.1033, 0.0028, 0.0000, 0.0000])
[2026-06-26 10:56:38,804][root][INFO] - reg loss: 4.481474664976012, entropy loss: 0.17388088256120682, leaf dev: 0.15667742490768433
[2026-06-26 10:56:38,805][root][INFO] - Val leaf stats: tensor([0.0008, 0.0303, 0.5798, 0.2977, 0.0658, 0.0000, 0.0000, 0.0000, 0.0000,
        0.0000, 0.0000, 0.0000, 0.0000, 0.0000, 0.0000, 0.0255])
[2026-06-26 10:56:39,101][root][INFO] - Epoch: 26 | train acc: 0.9430, train loss: 16.80022450, valid acc: 0.9035, valid loss: 0.35392122, test acc: 0.9091, test loss: 0.31708591
[2026-06-26 10:56:41,173][root][INFO] - Epoch: 25 | train acc: 0.9463, train loss: 17.19048101, valid acc: 0.9237, valid loss: 0.26768753, test acc: 0.9278, test loss: 0.27962699
[2026-06-26 10:56:41,185][root][INFO] - reg loss: 4.840669231594734, entropy loss: 0.19096774495435212, leaf dev: 0.13589593768119812
[2026-06-26 10:56:41,186][root][INFO] - Val leaf stats: tensor([0.0000e+00, 0.0000e+00, 0.0000e+00, 0.0000e+00, 0.0000e+00, 2.0000e-03,
        2.6933e-01, 3.9267e-01, 0.0000e+00, 3.3583e-01, 0.0000e+00, 0.0000e+00,
        1.6667e-04, 0.0000e+00, 0.0000e+00, 0.0000e+00])
[2026-06-26 10:56:42,793][root][INFO] - reg loss: 4.005805164013269, entropy loss: 0.20279485057547408, leaf dev: 0.25
[2026-06-26 10:56:42,794][root][INFO] - Val leaf stats: tensor([0., 0., 1., 0., 0., 0., 0., 0., 0., 0., 0., 0., 0., 0., 0., 0.])
[2026-06-26 10:56:44,349][root][INFO] - reg loss: 4.145169887902601, entropy loss: 0.18987343727417713, leaf dev: 0.24339646100997925
[2026-06-26 10:56:44,350][root][INFO] - Val leaf stats: tensor([0.0000, 0.0223, 0.9750, 0.0017, 0.0000, 0.0000, 0.0000, 0.0000, 0.0000,
        0.0000, 0.0000, 0.0000, 0.0000, 0.0000, 0.0000, 0.0010])
[2026-06-26 10:56:46,674][root][INFO] - reg loss: 4.246770031047317, entropy loss: 0.1668664408179949, leaf dev: 0.22835363447666168
[2026-06-26 10:56:46,675][root][INFO] - Val leaf stats: tensor([0.0000e+00, 0.0000e+00, 0.0000e+00, 0.0000e+00, 0.0000e+00, 0.0000e+00,
        0.0000e+00, 0.0000e+00, 1.6667e-04, 9.1550e-01, 8.0833e-02, 1.3333e-03,
        0.0000e+00, 0.0000e+00, 0.0000e+00, 2.1667e-03])
[2026-06-26 10:56:48,417][root][INFO] - Epoch: 26 | train acc: 0.9619, train loss: 8.16382904, valid acc: 0.9418, valid loss: 0.19841199, test acc: 0.9503, test loss: 0.17673525
[2026-06-26 10:56:51,555][root][INFO] - Epoch: 25 | train acc: 0.9638, train loss: 2.18736405, valid acc: 0.9523, valid loss: 0.17424423, test acc: 0.9519, test loss: 0.16868187
[2026-06-26 10:56:52,455][root][INFO] - Epoch: 25 | train acc: 0.9739, train loss: 2.34093528, valid acc: 0.9498, valid loss: 0.17662830, test acc: 0.9535, test loss: 0.15932779
[2026-06-26 10:56:52,733][root][INFO] - Epoch: 26 | train acc: 0.9409, train loss: 32.67647005, valid acc: 0.9070, valid loss: 0.32343606, test acc: 0.9144, test loss: 0.29524506
[2026-06-26 10:56:52,966][root][INFO] - Epoch: 25 | train acc: 0.9613, train loss: 16.17158647, valid acc: 0.9423, valid loss: 0.19570451, test acc: 0.9502, test loss: 0.17284334
[2026-06-26 10:56:53,577][root][INFO] - reg loss: 4.015767704765752, entropy loss: 0.2103756033587006, leaf dev: 0.2496001422405243
[2026-06-26 10:56:53,578][root][INFO] - Val leaf stats: tensor([0.0000e+00, 5.0000e-04, 9.9850e-01, 1.0000e-03, 0.0000e+00, 0.0000e+00,
        0.0000e+00, 0.0000e+00, 0.0000e+00, 0.0000e+00, 0.0000e+00, 0.0000e+00,
        0.0000e+00, 0.0000e+00, 0.0000e+00, 0.0000e+00])
[2026-06-26 10:56:56,029][root][INFO] - Epoch: 25 | train acc: 0.9665, train loss: 4.24489336, valid acc: 0.9472, valid loss: 0.17868795, test acc: 0.9577, test loss: 0.14695973
[2026-06-26 10:56:56,661][root][INFO] - reg loss: 4.120352439160617, entropy loss: 0.18985135206636392, leaf dev: 0.219343900680542
[2026-06-26 10:56:56,662][root][INFO] - Val leaf stats: tensor([0.0000e+00, 0.0000e+00, 0.0000e+00, 0.0000e+00, 0.0000e+00, 0.0000e+00,
        0.0000e+00, 1.2267e-01, 0.0000e+00, 8.7700e-01, 0.0000e+00, 0.0000e+00,
        0.0000e+00, 0.0000e+00, 0.0000e+00, 3.3333e-04])
[2026-06-26 10:56:57,581][root][INFO] - reg loss: 4.4930104984427395, entropy loss: 0.2196492301124447, leaf dev: 0.16718515753746033
[2026-06-26 10:56:57,582][root][INFO] - Val leaf stats: tensor([5.0000e-04, 6.2167e-02, 6.1750e-01, 3.3333e-04, 3.1067e-01, 8.8333e-03,
        0.0000e+00, 0.0000e+00, 0.0000e+00, 0.0000e+00, 0.0000e+00, 0.0000e+00,
        0.0000e+00, 0.0000e+00, 0.0000e+00, 0.0000e+00])
[2026-06-26 10:56:57,678][root][INFO] - Epoch: 25 | train acc: 0.9471, train loss: 4.71166068, valid acc: 0.9333, valid loss: 0.24089133, test acc: 0.9348, test loss: 0.22869705
[2026-06-26 10:56:58,080][root][INFO] - reg loss: 4.058104569057249, entropy loss: 0.20162099079703386, leaf dev: 0.24968895316123962
[2026-06-26 10:56:58,082][root][INFO] - Val leaf stats: tensor([0.0000e+00, 5.0000e-04, 9.9883e-01, 5.0000e-04, 0.0000e+00, 0.0000e+00,
        0.0000e+00, 0.0000e+00, 0.0000e+00, 0.0000e+00, 0.0000e+00, 0.0000e+00,
        0.0000e+00, 0.0000e+00, 0.0000e+00, 1.6667e-04])
[2026-06-26 10:56:58,336][root][INFO] - reg loss: 4.008972496356604, entropy loss: 0.21177311705530816, leaf dev: 0.24986669421195984
[2026-06-26 10:56:58,338][root][INFO] - Val leaf stats: tensor([0.0000e+00, 0.0000e+00, 9.9950e-01, 5.0000e-04, 0.0000e+00, 0.0000e+00,
        0.0000e+00, 0.0000e+00, 0.0000e+00, 0.0000e+00, 0.0000e+00, 0.0000e+00,
        0.0000e+00, 0.0000e+00, 0.0000e+00, 0.0000e+00])
[2026-06-26 10:56:58,634][root][INFO] - Epoch: 25 | train acc: 0.9433, train loss: 0.19204008, valid acc: 0.9275, valid loss: 0.24885802, test acc: 0.9332, test loss: 0.23292016
[2026-06-26 10:56:58,686][root][INFO] - Epoch: 26 | train acc: 0.9794, train loss: 0.07218201, valid acc: 0.9533, valid loss: 0.16775455, test acc: 0.9549, test loss: 0.15150461
[2026-06-26 10:57:00,018][root][INFO] - Epoch: 25 | train acc: 0.9584, train loss: 4.17053493, valid acc: 0.9482, valid loss: 0.18364795, test acc: 0.9491, test loss: 0.17825817
[2026-06-26 10:57:00,182][root][INFO] - Epoch: 25 | train acc: 0.9590, train loss: 32.14843718, valid acc: 0.9498, valid loss: 0.18097407, test acc: 0.9514, test loss: 0.16884133
[2026-06-26 10:57:00,241][root][INFO] - Epoch: 25 | train acc: 0.9422, train loss: 8.66063864, valid acc: 0.9167, valid loss: 0.29140614, test acc: 0.9252, test loss: 0.26661571
[2026-06-26 10:57:01,057][root][INFO] - reg loss: 4.126559531913613, entropy loss: 0.22799589681737828, leaf dev: 0.22429145872592926
[2026-06-26 10:57:01,058][root][INFO] - Val leaf stats: tensor([0.0000, 0.0523, 0.9018, 0.0210, 0.0248, 0.0000, 0.0000, 0.0000, 0.0000,
        0.0000, 0.0000, 0.0000, 0.0000, 0.0000, 0.0000, 0.0000])
[2026-06-26 10:57:03,065][root][INFO] - reg loss: 4.5235234116608245, entropy loss: 0.13859935624981826, leaf dev: 0.16102804243564606
[2026-06-26 10:57:03,066][root][INFO] - Val leaf stats: tensor([0.0000e+00, 0.0000e+00, 0.0000e+00, 0.0000e+00, 0.0000e+00, 0.0000e+00,
        0.0000e+00, 1.0617e-01, 0.0000e+00, 6.0550e-01, 2.7083e-01, 3.3333e-03,
        0.0000e+00, 0.0000e+00, 5.0000e-04, 1.3667e-02])
[2026-06-26 10:57:03,104][root][INFO] - Epoch: 26 | train acc: 0.9527, train loss: 8.86802121, valid acc: 0.9363, valid loss: 0.23371125, test acc: 0.9336, test loss: 0.23845156
[2026-06-26 10:57:03,765][root][INFO] - reg loss: 6.288233280181885, entropy loss: 0.28318835963618083, leaf dev: 0.1049102246761322
[2026-06-26 10:57:03,766][root][INFO] - Val leaf stats: tensor([1.6667e-04, 0.0000e+00, 3.5000e-03, 0.0000e+00, 0.0000e+00, 0.0000e+00,
        1.5500e-02, 1.6667e-03, 1.2933e-01, 2.1833e-02, 2.6733e-01, 9.8500e-02,
        1.7833e-02, 3.4483e-01, 8.3333e-04, 9.8667e-02])
[2026-06-26 10:57:03,947][root][INFO] - reg loss: 7.00060830476149, entropy loss: 0.33002307448747026, leaf dev: 0.09180950373411179
[2026-06-26 10:57:03,948][root][INFO] - Val leaf stats: tensor([0.0612, 0.0000, 0.0000, 0.0000, 0.1867, 0.2240, 0.0005, 0.0485, 0.0018,
        0.0257, 0.0202, 0.2680, 0.1578, 0.0032, 0.0025, 0.0000])
[2026-06-26 10:57:04,650][root][INFO] - Epoch: 26 | train acc: 0.9521, train loss: 4.41915311, valid acc: 0.9308, valid loss: 0.26004960, test acc: 0.9363, test loss: 0.23301307
[2026-06-26 10:57:05,453][root][INFO] - reg loss: 4.2270652348140505, entropy loss: 0.15657614016870283, leaf dev: 0.23265521228313446
[2026-06-26 10:57:05,454][root][INFO] - Val leaf stats: tensor([5.0000e-04, 2.4500e-02, 9.3417e-01, 7.6667e-03, 0.0000e+00, 0.0000e+00,
        0.0000e+00, 0.0000e+00, 0.0000e+00, 0.0000e+00, 0.0000e+00, 0.0000e+00,
        0.0000e+00, 0.0000e+00, 0.0000e+00, 3.3167e-02])
[2026-06-26 10:57:05,458][root][INFO] - reg loss: 4.024362640560798, entropy loss: 0.16955911817978014, leaf dev: 0.24955563247203827
[2026-06-26 10:57:05,459][root][INFO] - Val leaf stats: tensor([0.0000e+00, 0.0000e+00, 0.0000e+00, 0.0000e+00, 0.0000e+00, 0.0000e+00,
        0.0000e+00, 3.3333e-04, 3.3333e-04, 9.9833e-01, 5.0000e-04, 0.0000e+00,
        0.0000e+00, 0.0000e+00, 0.0000e+00, 5.0000e-04])
[2026-06-26 10:57:05,466][root][INFO] - reg loss: 4.000910907421472, entropy loss: 0.1856553610765709, leaf dev: 0.25
[2026-06-26 10:57:05,467][root][INFO] - Val leaf stats: tensor([0., 0., 0., 0., 0., 0., 0., 0., 0., 1., 0., 0., 0., 0., 0., 0.])
[2026-06-26 10:57:08,103][root][INFO] - reg loss: 4.348430075735416, entropy loss: 0.15691636502742767, leaf dev: 0.18773506581783295
[2026-06-26 10:57:08,104][root][INFO] - Val leaf stats: tensor([0.0000e+00, 0.0000e+00, 0.0000e+00, 0.0000e+00, 0.0000e+00, 0.0000e+00,
        0.0000e+00, 0.0000e+00, 2.5000e-03, 7.4950e-01, 1.1783e-01, 6.6667e-04,
        5.0000e-03, 0.0000e+00, 0.0000e+00, 1.2450e-01])
[2026-06-26 10:57:10,236][root][INFO] - reg loss: 4.250722268842301, entropy loss: 0.18144031192334192, leaf dev: 0.18188363313674927
[2026-06-26 10:57:10,237][root][INFO] - Val leaf stats: tensor([0.0000, 0.0302, 0.7162, 0.2067, 0.0000, 0.0000, 0.0000, 0.0000, 0.0000,
        0.0000, 0.0000, 0.0000, 0.0000, 0.0000, 0.0000, 0.0470])
[2026-06-26 10:57:11,539][root][INFO] - Epoch: 26 | train acc: 0.9720, train loss: 0.09647058, valid acc: 0.9563, valid loss: 0.15799800, test acc: 0.9564, test loss: 0.16147838
[2026-06-26 10:57:15,705][root][INFO] - Epoch: 27 | train acc: 0.9613, train loss: 8.15221894, valid acc: 0.9510, valid loss: 0.17920569, test acc: 0.9512, test loss: 0.16673427
[2026-06-26 10:57:16,151][root][INFO] - Epoch: 26 | train acc: 0.9656, train loss: 0.11970743, valid acc: 0.9480, valid loss: 0.18886497, test acc: 0.9524, test loss: 0.17144180
[2026-06-26 10:57:16,944][root][INFO] - reg loss: 6.0136100751049115, entropy loss: 0.2598528485253172, leaf dev: 0.09592906385660172
[2026-06-26 10:57:16,945][root][INFO] - Val leaf stats: tensor([0.0000, 0.0060, 0.0000, 0.0000, 0.0498, 0.2223, 0.0000, 0.0000, 0.0852,
        0.1427, 0.0000, 0.0000, 0.0013, 0.2768, 0.2105, 0.0053])
[2026-06-26 10:57:17,710][root][INFO] - Epoch: 26 | train acc: 0.9563, train loss: 2.39477675, valid acc: 0.9310, valid loss: 0.23530662, test acc: 0.9408, test loss: 0.21321345
[2026-06-26 10:57:19,893][root][INFO] - Epoch: 26 | train acc: 0.9503, train loss: 2.58586524, valid acc: 0.9315, valid loss: 0.22505973, test acc: 0.9339, test loss: 0.23157018
[2026-06-26 10:57:21,337][root][INFO] - reg loss: 4.009353669184558, entropy loss: 0.17388594853428174, leaf dev: 0.2496890276670456
[2026-06-26 10:57:21,338][root][INFO] - Val leaf stats: tensor([0.0000e+00, 0.0000e+00, 0.0000e+00, 0.0000e+00, 0.0000e+00, 0.0000e+00,
        0.0000e+00, 0.0000e+00, 1.0000e-03, 9.9883e-01, 0.0000e+00, 0.0000e+00,
        0.0000e+00, 0.0000e+00, 0.0000e+00, 1.6667e-04])
[2026-06-26 10:57:21,605][root][INFO] - reg loss: 6.895240932140711, entropy loss: 0.3101835028742844, leaf dev: 0.09342093020677567
[2026-06-26 10:57:21,606][root][INFO] - Val leaf stats: tensor([0.0772, 0.0055, 0.1122, 0.0530, 0.0128, 0.0438, 0.0000, 0.0000, 0.3655,
        0.0737, 0.1472, 0.0078, 0.0958, 0.0055, 0.0000, 0.0000])
[2026-06-26 10:57:21,878][root][INFO] - Epoch: 26 | train acc: 0.9618, train loss: 32.17321781, valid acc: 0.9418, valid loss: 0.20184419, test acc: 0.9498, test loss: 0.17592073
[2026-06-26 10:57:23,125][root][INFO] - Epoch: 27 | train acc: 0.9449, train loss: 16.76301738, valid acc: 0.9022, valid loss: 0.34286000, test acc: 0.9090, test loss: 0.30789173
[2026-06-26 10:57:23,562][root][INFO] - reg loss: 4.483792246512647, entropy loss: 0.17113133632349517, leaf dev: 0.15641605854034424
[2026-06-26 10:57:23,572][root][INFO] - Val leaf stats: tensor([0.0008, 0.0335, 0.5867, 0.2803, 0.0685, 0.0000, 0.0000, 0.0000, 0.0000,
        0.0000, 0.0000, 0.0000, 0.0000, 0.0000, 0.0000, 0.0302])
[2026-06-26 10:57:25,461][root][INFO] - Epoch: 26 | train acc: 0.9466, train loss: 17.10936753, valid acc: 0.9302, valid loss: 0.26249350, test acc: 0.9315, test loss: 0.33432177
[2026-06-26 10:57:25,884][root][INFO] - reg loss: 4.835502057705286, entropy loss: 0.18642986481482127, leaf dev: 0.1357601284980774
[2026-06-26 10:57:25,885][root][INFO] - Val leaf stats: tensor([0.0000e+00, 0.0000e+00, 0.0000e+00, 0.0000e+00, 0.0000e+00, 0.0000e+00,
        2.7300e-01, 3.7767e-01, 0.0000e+00, 3.4900e-01, 1.6667e-04, 0.0000e+00,
        1.6667e-04, 0.0000e+00, 0.0000e+00, 0.0000e+00])
[2026-06-26 10:57:26,563][root][INFO] - reg loss: 4.005178429045767, entropy loss: 0.20276178574224688, leaf dev: 0.25
[2026-06-26 10:57:26,564][root][INFO] - Val leaf stats: tensor([0., 0., 1., 0., 0., 0., 0., 0., 0., 0., 0., 0., 0., 0., 0., 0.])
[2026-06-26 10:57:28,560][root][INFO] - reg loss: 4.139969447873673, entropy loss: 0.18588158628850612, leaf dev: 0.2450939267873764
[2026-06-26 10:57:28,561][root][INFO] - Val leaf stats: tensor([0.0000, 0.0147, 0.9815, 0.0025, 0.0000, 0.0000, 0.0000, 0.0000, 0.0000,
        0.0000, 0.0000, 0.0000, 0.0000, 0.0000, 0.0000, 0.0013])
[2026-06-26 10:57:30,756][root][INFO] - reg loss: 4.2273950081951215, entropy loss: 0.16505880147781013, leaf dev: 0.2269832044839859
[2026-06-26 10:57:30,757][root][INFO] - Val leaf stats: tensor([0.0000, 0.0000, 0.0000, 0.0000, 0.0000, 0.0000, 0.0000, 0.0000, 0.0027,
        0.9103, 0.0812, 0.0020, 0.0000, 0.0000, 0.0000, 0.0038])
[2026-06-26 10:57:31,213][root][INFO] - Epoch: 27 | train acc: 0.9624, train loss: 8.17699236, valid acc: 0.9408, valid loss: 0.19589106, test acc: 0.9499, test loss: 0.17416723
[2026-06-26 10:57:35,365][root][INFO] - Epoch: 26 | train acc: 0.9642, train loss: 2.18911673, valid acc: 0.9530, valid loss: 0.17153938, test acc: 0.9517, test loss: 0.17459233
[2026-06-26 10:57:35,962][root][INFO] - reg loss: 4.023486663710396, entropy loss: 0.21060395015860503, leaf dev: 0.24982227385044098
[2026-06-26 10:57:35,963][root][INFO] - Val leaf stats: tensor([0.0000e+00, 6.6667e-04, 9.9933e-01, 0.0000e+00, 0.0000e+00, 0.0000e+00,
        0.0000e+00, 0.0000e+00, 0.0000e+00, 0.0000e+00, 0.0000e+00, 0.0000e+00,
        0.0000e+00, 0.0000e+00, 0.0000e+00, 0.0000e+00])
[2026-06-26 10:57:36,912][root][INFO] - Epoch: 27 | train acc: 0.9424, train loss: 32.68673684, valid acc: 0.9073, valid loss: 0.33005274, test acc: 0.9138, test loss: 0.30113646
[2026-06-26 10:57:37,546][root][INFO] - Epoch: 26 | train acc: 0.9752, train loss: 2.32995649, valid acc: 0.9492, valid loss: 0.17841214, test acc: 0.9543, test loss: 0.15857743
[2026-06-26 10:57:37,779][root][INFO] - Epoch: 26 | train acc: 0.9621, train loss: 16.16756022, valid acc: 0.9418, valid loss: 0.19780116, test acc: 0.9497, test loss: 0.17653801
[2026-06-26 10:57:40,589][root][INFO] - reg loss: 4.130806374100019, entropy loss: 0.18434574272272722, leaf dev: 0.22085356712341309
[2026-06-26 10:57:40,590][root][INFO] - Val leaf stats: tensor([0.0000, 0.0000, 0.0000, 0.0000, 0.0000, 0.0000, 0.0000, 0.1165, 0.0000,
        0.8835, 0.0000, 0.0000, 0.0000, 0.0000, 0.0000, 0.0000])
[2026-06-26 10:57:40,785][root][INFO] - Epoch: 26 | train acc: 0.9685, train loss: 4.24156764, valid acc: 0.9465, valid loss: 0.17689927, test acc: 0.9576, test loss: 0.15480505
[2026-06-26 10:57:41,993][root][INFO] - reg loss: 4.059721321429846, entropy loss: 0.20001454749759637, leaf dev: 0.2496000975370407
[2026-06-26 10:57:41,994][root][INFO] - Val leaf stats: tensor([0.0000e+00, 6.6667e-04, 9.9850e-01, 6.6667e-04, 0.0000e+00, 0.0000e+00,
        0.0000e+00, 0.0000e+00, 0.0000e+00, 0.0000e+00, 0.0000e+00, 0.0000e+00,
        0.0000e+00, 0.0000e+00, 0.0000e+00, 1.6667e-04])
[2026-06-26 10:57:42,675][root][INFO] - reg loss: 4.485816879092522, entropy loss: 0.21833548301233435, leaf dev: 0.16690732538700104
[2026-06-26 10:57:42,677][root][INFO] - Val leaf stats: tensor([3.3333e-04, 6.3000e-02, 6.1817e-01, 5.0000e-04, 3.0683e-01, 1.1167e-02,
        0.0000e+00, 0.0000e+00, 0.0000e+00, 0.0000e+00, 0.0000e+00, 0.0000e+00,
        0.0000e+00, 0.0000e+00, 0.0000e+00, 0.0000e+00])
[2026-06-26 10:57:42,780][root][INFO] - Epoch: 27 | train acc: 0.9801, train loss: 0.06888923, valid acc: 0.9537, valid loss: 0.16994412, test acc: 0.9552, test loss: 0.14984797
[2026-06-26 10:57:42,977][root][INFO] - Epoch: 26 | train acc: 0.9526, train loss: 0.16035873, valid acc: 0.9312, valid loss: 0.23217524, test acc: 0.9366, test loss: 0.21309251
[2026-06-26 10:57:43,025][root][INFO] - reg loss: 4.009015861547218, entropy loss: 0.21175734262983753, leaf dev: 0.24982227385044098
[2026-06-26 10:57:43,027][root][INFO] - Val leaf stats: tensor([0.0000e+00, 0.0000e+00, 9.9933e-01, 6.6667e-04, 0.0000e+00, 0.0000e+00,
        0.0000e+00, 0.0000e+00, 0.0000e+00, 0.0000e+00, 0.0000e+00, 0.0000e+00,
        0.0000e+00, 0.0000e+00, 0.0000e+00, 0.0000e+00])
[2026-06-26 10:57:43,473][root][INFO] - Epoch: 26 | train acc: 0.9476, train loss: 4.65423820, valid acc: 0.9287, valid loss: 0.25068176, test acc: 0.9307, test loss: 0.25060223
[2026-06-26 10:57:43,654][root][INFO] - Epoch: 26 | train acc: 0.9584, train loss: 4.16076313, valid acc: 0.9483, valid loss: 0.17813260, test acc: 0.9493, test loss: 0.17914997
[2026-06-26 10:57:43,837][root][INFO] - Epoch: 26 | train acc: 0.9602, train loss: 32.14556579, valid acc: 0.9502, valid loss: 0.17995733, test acc: 0.9497, test loss: 0.17050134
[2026-06-26 10:57:44,697][root][INFO] - Epoch: 26 | train acc: 0.9427, train loss: 8.67592921, valid acc: 0.9128, valid loss: 0.29953167, test acc: 0.9184, test loss: 0.27753084
[2026-06-26 10:57:45,933][root][INFO] - reg loss: 4.129495215865801, entropy loss: 0.22692977679225634, leaf dev: 0.21934270858764648
[2026-06-26 10:57:45,934][root][INFO] - Val leaf stats: tensor([0.0000, 0.0617, 0.8825, 0.0285, 0.0273, 0.0000, 0.0000, 0.0000, 0.0000,
        0.0000, 0.0000, 0.0000, 0.0000, 0.0000, 0.0000, 0.0000])
[2026-06-26 10:57:47,505][root][INFO] - Epoch: 27 | train acc: 0.9535, train loss: 8.81006701, valid acc: 0.9415, valid loss: 0.21890686, test acc: 0.9383, test loss: 0.21755323
[2026-06-26 10:57:48,240][root][INFO] - Epoch: 27 | train acc: 0.9531, train loss: 4.41473885, valid acc: 0.9317, valid loss: 0.27189190, test acc: 0.9388, test loss: 0.24293275
[2026-06-26 10:57:48,493][root][INFO] - reg loss: 5.970179629775713, entropy loss: 0.2674886885116685, leaf dev: 0.0981173887848854
[2026-06-26 10:57:48,494][root][INFO] - Val leaf stats: tensor([1.6667e-04, 0.0000e+00, 3.6667e-03, 0.0000e+00, 0.0000e+00, 0.0000e+00,
        1.6000e-02, 1.6667e-03, 1.5650e-01, 3.6333e-02, 1.9633e-01, 1.6750e-01,
        5.3333e-03, 3.2567e-01, 6.6667e-04, 9.0167e-02])
[2026-06-26 10:57:48,521][root][INFO] - reg loss: 6.94870060344912, entropy loss: 0.3266924872713269, leaf dev: 0.09306146949529648
[2026-06-26 10:57:48,522][root][INFO] - Val leaf stats: tensor([0.0627, 0.0000, 0.0000, 0.0000, 0.1452, 0.2145, 0.0005, 0.0567, 0.0008,
        0.0157, 0.0225, 0.2885, 0.1848, 0.0053, 0.0028, 0.0000])
[2026-06-26 10:57:48,861][root][INFO] - reg loss: 4.46716201980159, entropy loss: 0.13643871627326282, leaf dev: 0.1775699406862259
[2026-06-26 10:57:48,862][root][INFO] - Val leaf stats: tensor([0.0000e+00, 0.0000e+00, 0.0000e+00, 0.0000e+00, 0.0000e+00, 0.0000e+00,
        3.3333e-04, 1.1633e-01, 3.3333e-04, 7.0017e-01, 1.7800e-01, 6.6667e-04,
        0.0000e+00, 0.0000e+00, 3.3333e-04, 3.8333e-03])
[2026-06-26 10:57:49,138][root][INFO] - reg loss: 4.000852922223649, entropy loss: 0.185639019141782, leaf dev: 0.25
[2026-06-26 10:57:49,139][root][INFO] - Val leaf stats: tensor([0., 0., 0., 0., 0., 0., 0., 0., 0., 1., 0., 0., 0., 0., 0., 0.])
[2026-06-26 10:57:49,399][root][INFO] - reg loss: 4.018441429677999, entropy loss: 0.1720275897181259, leaf dev: 0.24888969957828522
[2026-06-26 10:57:49,400][root][INFO] - Val leaf stats: tensor([0.0000e+00, 0.0000e+00, 0.0000e+00, 0.0000e+00, 0.0000e+00, 0.0000e+00,
        0.0000e+00, 6.6667e-04, 5.0000e-04, 9.9583e-01, 5.0000e-04, 0.0000e+00,
        0.0000e+00, 0.0000e+00, 0.0000e+00, 2.5000e-03])
[2026-06-26 10:57:49,577][root][INFO] - reg loss: 4.236688937780992, entropy loss: 0.15714944294601116, leaf dev: 0.23395735025405884
[2026-06-26 10:57:49,578][root][INFO] - Val leaf stats: tensor([0.0012, 0.0225, 0.9392, 0.0062, 0.0000, 0.0000, 0.0000, 0.0000, 0.0000,
        0.0000, 0.0000, 0.0000, 0.0000, 0.0000, 0.0000, 0.0310])
[2026-06-26 10:57:52,879][root][INFO] - reg loss: 4.3203144433363425, entropy loss: 0.15568262661965387, leaf dev: 0.17482145130634308
[2026-06-26 10:57:52,881][root][INFO] - Val leaf stats: tensor([0.0000e+00, 0.0000e+00, 0.0000e+00, 0.0000e+00, 0.0000e+00, 0.0000e+00,
        0.0000e+00, 0.0000e+00, 2.6667e-03, 6.8783e-01, 1.8150e-01, 6.6667e-04,
        5.5000e-03, 0.0000e+00, 0.0000e+00, 1.2183e-01])
[2026-06-26 10:57:53,943][root][INFO] - reg loss: 4.252822619564128, entropy loss: 0.17893793883751025, leaf dev: 0.17822763323783875
[2026-06-26 10:57:53,944][root][INFO] - Val leaf stats: tensor([0.0000, 0.0325, 0.7000, 0.2117, 0.0000, 0.0000, 0.0000, 0.0000, 0.0000,
        0.0000, 0.0000, 0.0000, 0.0000, 0.0000, 0.0000, 0.0558])
[2026-06-26 10:57:56,193][root][INFO] - Epoch: 27 | train acc: 0.9740, train loss: 0.08779290, valid acc: 0.9575, valid loss: 0.14974394, test acc: 0.9582, test loss: 0.14236717
[2026-06-26 10:57:58,985][root][INFO] - Epoch: 28 | train acc: 0.9612, train loss: 8.15312072, valid acc: 0.9515, valid loss: 0.17815756, test acc: 0.9498, test loss: 0.16629860
[2026-06-26 10:58:00,405][root][INFO] - Epoch: 27 | train acc: 0.9682, train loss: 0.11164531, valid acc: 0.9468, valid loss: 0.18668395, test acc: 0.9513, test loss: 0.16701760
[2026-06-26 10:58:01,692][root][INFO] - reg loss: 5.948255822343646, entropy loss: 0.25559025932595414, leaf dev: 0.10150840133428574
[2026-06-26 10:58:01,693][root][INFO] - Val leaf stats: tensor([0.0000, 0.0025, 0.0000, 0.0000, 0.0403, 0.2002, 0.0000, 0.0000, 0.0343,
        0.2027, 0.0000, 0.0000, 0.0020, 0.3243, 0.1645, 0.0292])
[2026-06-26 10:58:01,994][root][INFO] - Epoch: 27 | train acc: 0.9552, train loss: 2.40630463, valid acc: 0.9160, valid loss: 0.28358781, test acc: 0.9222, test loss: 0.27088442
[2026-06-26 10:58:04,557][root][INFO] - reg loss: 4.010307941796644, entropy loss: 0.1733372465900655, leaf dev: 0.249688982963562
[2026-06-26 10:58:04,558][root][INFO] - Val leaf stats: tensor([0.0000e+00, 0.0000e+00, 0.0000e+00, 0.0000e+00, 0.0000e+00, 0.0000e+00,
        0.0000e+00, 0.0000e+00, 5.0000e-04, 9.9883e-01, 0.0000e+00, 0.0000e+00,
        0.0000e+00, 0.0000e+00, 0.0000e+00, 6.6667e-04])
[2026-06-26 10:58:04,635][root][INFO] - Epoch: 27 | train acc: 0.9627, train loss: 32.18132059, valid acc: 0.9415, valid loss: 0.19953741, test acc: 0.9497, test loss: 0.17430244
[2026-06-26 10:58:04,861][root][INFO] - Epoch: 27 | train acc: 0.9511, train loss: 2.57598985, valid acc: 0.9322, valid loss: 0.22754421, test acc: 0.9344, test loss: 0.22929035
[2026-06-26 10:58:05,931][root][INFO] - reg loss: 6.900603924157484, entropy loss: 0.3129755683102698, leaf dev: 0.08245506137609482
[2026-06-26 10:58:05,932][root][INFO] - Val leaf stats: tensor([0.0618, 0.0047, 0.1250, 0.0553, 0.0138, 0.0435, 0.0000, 0.0000, 0.3068,
        0.1073, 0.1423, 0.0123, 0.1170, 0.0100, 0.0000, 0.0000])
[2026-06-26 10:58:06,358][root][INFO] - Epoch: 28 | train acc: 0.9431, train loss: 16.66903273, valid acc: 0.9070, valid loss: 0.33084448, test acc: 0.9146, test loss: 0.30653343
[2026-06-26 10:58:08,008][root][INFO] - reg loss: 4.5018556118011475, entropy loss: 0.17135803795085763, leaf dev: 0.14445114135742188
[2026-06-26 10:58:08,009][root][INFO] - Val leaf stats: tensor([0.0010, 0.0425, 0.3972, 0.4587, 0.0662, 0.0000, 0.0000, 0.0000, 0.0000,
        0.0000, 0.0000, 0.0000, 0.0000, 0.0000, 0.0000, 0.0345])
[2026-06-26 10:58:09,152][root][INFO] - Epoch: 27 | train acc: 0.9475, train loss: 17.14862800, valid acc: 0.9305, valid loss: 0.26406793, test acc: 0.9323, test loss: 0.31715738
[2026-06-26 10:58:10,018][root][INFO] - reg loss: 4.006468966322125, entropy loss: 0.20281639877917632, leaf dev: 0.25
[2026-06-26 10:58:10,019][root][INFO] - Val leaf stats: tensor([0., 0., 1., 0., 0., 0., 0., 0., 0., 0., 0., 0., 0., 0., 0., 0.])
[2026-06-26 10:58:10,472][root][INFO] - reg loss: 4.821158098724653, entropy loss: 0.18749941421567268, leaf dev: 0.136099711060524
[2026-06-26 10:58:10,473][root][INFO] - Val leaf stats: tensor([0.0000e+00, 0.0000e+00, 0.0000e+00, 0.0000e+00, 0.0000e+00, 0.0000e+00,
        2.6400e-01, 3.8200e-01, 0.0000e+00, 3.5317e-01, 5.0000e-04, 1.6667e-04,
        1.6667e-04, 0.0000e+00, 0.0000e+00, 0.0000e+00])
[2026-06-26 10:58:11,321][root][INFO] - reg loss: 4.1171385477174, entropy loss: 0.18149343681222987, leaf dev: 0.2462320625782013
[2026-06-26 10:58:11,322][root][INFO] - Val leaf stats: tensor([0.0000, 0.0077, 0.9858, 0.0050, 0.0000, 0.0000, 0.0000, 0.0000, 0.0000,
        0.0000, 0.0000, 0.0000, 0.0000, 0.0000, 0.0000, 0.0015])
[2026-06-26 10:58:14,661][root][INFO] - reg loss: 4.23876992711481, entropy loss: 0.16683602796972924, leaf dev: 0.22800441086292267
[2026-06-26 10:58:14,662][root][INFO] - Val leaf stats: tensor([0.0000, 0.0000, 0.0000, 0.0000, 0.0000, 0.0000, 0.0000, 0.0000, 0.0037,
        0.9145, 0.0772, 0.0017, 0.0000, 0.0000, 0.0000, 0.0030])
[2026-06-26 10:58:15,166][root][INFO] - Epoch: 28 | train acc: 0.9626, train loss: 8.16779359, valid acc: 0.9420, valid loss: 0.19942767, test acc: 0.9504, test loss: 0.17249625
[2026-06-26 10:58:19,195][root][INFO] - Epoch: 27 | train acc: 0.9647, train loss: 2.18504190, valid acc: 0.9527, valid loss: 0.17146377, test acc: 0.9534, test loss: 0.17087323
[2026-06-26 10:58:20,650][root][INFO] - reg loss: 4.0198543881470306, entropy loss: 0.21074870791075365, leaf dev: 0.24911202490329742
[2026-06-26 10:58:20,651][root][INFO] - Val leaf stats: tensor([0.0000e+00, 6.6667e-04, 9.9667e-01, 2.6667e-03, 0.0000e+00, 0.0000e+00,
        0.0000e+00, 0.0000e+00, 0.0000e+00, 0.0000e+00, 0.0000e+00, 0.0000e+00,
        0.0000e+00, 0.0000e+00, 0.0000e+00, 0.0000e+00])
[2026-06-26 10:58:21,916][root][INFO] - Epoch: 28 | train acc: 0.9417, train loss: 32.69534039, valid acc: 0.9088, valid loss: 0.46142818, test acc: 0.9160, test loss: 0.29500094
[2026-06-26 10:58:22,397][root][INFO] - Epoch: 27 | train acc: 0.9700, train loss: 2.32099840, valid acc: 0.9475, valid loss: 0.18841221, test acc: 0.9523, test loss: 0.15981938
[2026-06-26 10:58:22,697][root][INFO] - Epoch: 27 | train acc: 0.9628, train loss: 16.17197474, valid acc: 0.9427, valid loss: 0.19814193, test acc: 0.9496, test loss: 0.17521978
[2026-06-26 10:58:24,198][root][INFO] - reg loss: 4.128041870189163, entropy loss: 0.18473136537479903, leaf dev: 0.21806374192237854
[2026-06-26 10:58:24,200][root][INFO] - Val leaf stats: tensor([0.0000, 0.0000, 0.0000, 0.0000, 0.0000, 0.0000, 0.0000, 0.1287, 0.0000,
        0.8713, 0.0000, 0.0000, 0.0000, 0.0000, 0.0000, 0.0000])
[2026-06-26 10:58:25,596][root][INFO] - Epoch: 27 | train acc: 0.9696, train loss: 4.23370784, valid acc: 0.9490, valid loss: 0.17837377, test acc: 0.9586, test loss: 0.15268132
[2026-06-26 10:58:27,149][root][INFO] - reg loss: 4.061175877193235, entropy loss: 0.19932758259885716, leaf dev: 0.24946682155132294
[2026-06-26 10:58:27,150][root][INFO] - Val leaf stats: tensor([0.0000e+00, 6.6667e-04, 9.9800e-01, 8.3333e-04, 0.0000e+00, 0.0000e+00,
        0.0000e+00, 0.0000e+00, 0.0000e+00, 0.0000e+00, 0.0000e+00, 0.0000e+00,
        0.0000e+00, 0.0000e+00, 0.0000e+00, 5.0000e-04])
[2026-06-26 10:58:27,379][root][INFO] - Epoch: 27 | train acc: 0.9570, train loss: 0.14430427, valid acc: 0.9362, valid loss: 0.23445536, test acc: 0.9403, test loss: 0.20583799
[2026-06-26 10:58:27,441][root][INFO] - Epoch: 27 | train acc: 0.9414, train loss: 4.55761290, valid acc: 0.9347, valid loss: 0.23878408, test acc: 0.9331, test loss: 0.24063576
[2026-06-26 10:58:27,609][root][INFO] - reg loss: 4.427404678092812, entropy loss: 0.21868504935278082, leaf dev: 0.1896289587020874
[2026-06-26 10:58:27,610][root][INFO] - Val leaf stats: tensor([0.0055, 0.0698, 0.7547, 0.0008, 0.1657, 0.0035, 0.0000, 0.0000, 0.0000,
        0.0000, 0.0000, 0.0000, 0.0000, 0.0000, 0.0000, 0.0000])
[2026-06-26 10:58:28,179][root][INFO] - reg loss: 4.0106787006810025, entropy loss: 0.21179374771298104, leaf dev: 0.2497778683900833
[2026-06-26 10:58:28,180][root][INFO] - Val leaf stats: tensor([0.0000e+00, 0.0000e+00, 9.9917e-01, 8.3333e-04, 0.0000e+00, 0.0000e+00,
        0.0000e+00, 0.0000e+00, 0.0000e+00, 0.0000e+00, 0.0000e+00, 0.0000e+00,
        0.0000e+00, 0.0000e+00, 0.0000e+00, 0.0000e+00])
[2026-06-26 10:58:28,333][root][INFO] - Epoch: 28 | train acc: 0.9805, train loss: 0.06922189, valid acc: 0.9538, valid loss: 0.17452653, test acc: 0.9525, test loss: 0.15872566
[2026-06-26 10:58:28,343][root][INFO] - Epoch: 27 | train acc: 0.9589, train loss: 4.16262562, valid acc: 0.9503, valid loss: 0.17957541, test acc: 0.9502, test loss: 0.17706838
[2026-06-26 10:58:28,685][root][INFO] - Epoch: 27 | train acc: 0.9604, train loss: 32.14256513, valid acc: 0.9507, valid loss: 0.18086063, test acc: 0.9504, test loss: 0.16874699
[2026-06-26 10:58:29,272][root][INFO] - Epoch: 27 | train acc: 0.9436, train loss: 8.67382813, valid acc: 0.9107, valid loss: 0.30350632, test acc: 0.9148, test loss: 0.28220523
[2026-06-26 10:58:30,819][root][INFO] - reg loss: 4.125744941099635, entropy loss: 0.22604317358642254, leaf dev: 0.2197396606206894
[2026-06-26 10:58:30,820][root][INFO] - Val leaf stats: tensor([0.0000, 0.0518, 0.8843, 0.0345, 0.0293, 0.0000, 0.0000, 0.0000, 0.0000,
        0.0000, 0.0000, 0.0000, 0.0000, 0.0000, 0.0000, 0.0000])
[2026-06-26 10:58:31,924][root][INFO] - Epoch: 28 | train acc: 0.9565, train loss: 8.82552958, valid acc: 0.9402, valid loss: 0.22123493, test acc: 0.9392, test loss: 0.21916974
[2026-06-26 10:58:32,425][root][INFO] - reg loss: 6.056579513369866, entropy loss: 0.267974780134435, leaf dev: 0.09550126641988754
[2026-06-26 10:58:32,426][root][INFO] - Val leaf stats: tensor([1.6667e-04, 0.0000e+00, 4.0000e-03, 0.0000e+00, 0.0000e+00, 0.0000e+00,
        1.6500e-02, 2.0000e-03, 2.2750e-01, 4.6333e-02, 2.7517e-01, 1.3233e-01,
        8.1667e-03, 2.1617e-01, 3.3333e-04, 7.1333e-02])
[2026-06-26 10:58:32,978][root][INFO] - reg loss: 4.355869788043904, entropy loss: 0.13170984527974758, leaf dev: 0.1732470542192459
[2026-06-26 10:58:32,979][root][INFO] - Val leaf stats: tensor([0.0000e+00, 0.0000e+00, 0.0000e+00, 0.0000e+00, 0.0000e+00, 0.0000e+00,
        5.0000e-04, 1.3067e-01, 1.6667e-04, 6.7900e-01, 1.8600e-01, 8.3333e-04,
        0.0000e+00, 0.0000e+00, 3.3333e-04, 2.5000e-03])
[2026-06-26 10:58:33,009][root][INFO] - Epoch: 28 | train acc: 0.9514, train loss: 4.41301414, valid acc: 0.9300, valid loss: 0.25494924, test acc: 0.9399, test loss: 0.21929718
[2026-06-26 10:58:33,424][root][INFO] - reg loss: 6.973382963324493, entropy loss: 0.32536962993864743, leaf dev: 0.09120489656925201
[2026-06-26 10:58:33,425][root][INFO] - Val leaf stats: tensor([6.7333e-02, 1.6667e-04, 0.0000e+00, 0.0000e+00, 1.9550e-01, 1.5900e-01,
        1.6667e-04, 5.8500e-02, 3.3333e-03, 3.2000e-02, 2.6500e-02, 3.0333e-01,
        1.4850e-01, 3.5000e-03, 2.1667e-03, 0.0000e+00])
[2026-06-26 10:58:33,904][root][INFO] - reg loss: 4.02389616786309, entropy loss: 0.17049010772750062, leaf dev: 0.24889042973518372
[2026-06-26 10:58:33,905][root][INFO] - Val leaf stats: tensor([0.0000e+00, 0.0000e+00, 0.0000e+00, 0.0000e+00, 0.0000e+00, 0.0000e+00,
        0.0000e+00, 6.6667e-04, 0.0000e+00, 9.9583e-01, 0.0000e+00, 0.0000e+00,
        0.0000e+00, 0.0000e+00, 0.0000e+00, 3.5000e-03])
[2026-06-26 10:58:34,202][root][INFO] - reg loss: 4.000802076087807, entropy loss: 0.18566092919066268, leaf dev: 0.25
[2026-06-26 10:58:34,203][root][INFO] - Val leaf stats: tensor([0., 0., 0., 0., 0., 0., 0., 0., 0., 1., 0., 0., 0., 0., 0., 0.])
[2026-06-26 10:58:34,746][root][INFO] - reg loss: 4.236753544717465, entropy loss: 0.16104425700767985, leaf dev: 0.23338328301906586
[2026-06-26 10:58:34,747][root][INFO] - Val leaf stats: tensor([1.5000e-03, 2.9833e-02, 9.3700e-01, 6.8333e-03, 1.6667e-04, 0.0000e+00,
        0.0000e+00, 0.0000e+00, 0.0000e+00, 0.0000e+00, 0.0000e+00, 0.0000e+00,
        0.0000e+00, 0.0000e+00, 0.0000e+00, 2.4667e-02])
[2026-06-26 10:58:37,277][root][INFO] - reg loss: 4.333768682659797, entropy loss: 0.15578018761468385, leaf dev: 0.17254170775413513
[2026-06-26 10:58:37,278][root][INFO] - Val leaf stats: tensor([0.0000, 0.0000, 0.0000, 0.0000, 0.0000, 0.0000, 0.0000, 0.0000, 0.0078,
        0.6773, 0.1875, 0.0010, 0.0037, 0.0000, 0.0000, 0.1227])
[2026-06-26 10:58:38,540][root][INFO] - reg loss: 4.240638710417837, entropy loss: 0.17553851570723192, leaf dev: 0.1858891397714615
[2026-06-26 10:58:38,541][root][INFO] - Val leaf stats: tensor([0.0000, 0.0482, 0.7387, 0.1778, 0.0000, 0.0000, 0.0000, 0.0000, 0.0000,
        0.0000, 0.0000, 0.0000, 0.0000, 0.0000, 0.0000, 0.0353])
[2026-06-26 10:58:39,246][root][INFO] - Epoch: 28 | train acc: 0.9786, train loss: 0.07521755, valid acc: 0.9570, valid loss: 0.15482719, test acc: 0.9568, test loss: 0.14470983
[2026-06-26 10:58:42,428][root][INFO] - Epoch: 29 | train acc: 0.9626, train loss: 8.15122453, valid acc: 0.9522, valid loss: 0.17665309, test acc: 0.9518, test loss: 0.16636827
[2026-06-26 10:58:43,225][root][INFO] - Epoch: 28 | train acc: 0.9696, train loss: 0.10584006, valid acc: 0.9478, valid loss: 0.18908427, test acc: 0.9507, test loss: 0.17198678
[2026-06-26 10:58:45,073][root][INFO] - reg loss: 5.899309302276036, entropy loss: 0.252745250626555, leaf dev: 0.10260562598705292
[2026-06-26 10:58:45,074][root][INFO] - Val leaf stats: tensor([0.0000, 0.0047, 0.0000, 0.0000, 0.0203, 0.2495, 0.0000, 0.0000, 0.0533,
        0.1920, 0.0000, 0.0000, 0.0013, 0.3163, 0.1300, 0.0325])
[2026-06-26 10:58:45,833][root][INFO] - Epoch: 28 | train acc: 0.9523, train loss: 2.43845310, valid acc: 0.9330, valid loss: 0.23181317, test acc: 0.9436, test loss: 0.20197036
[2026-06-26 10:58:47,825][root][INFO] - Epoch: 28 | train acc: 0.9525, train loss: 2.56362492, valid acc: 0.9307, valid loss: 0.25606047, test acc: 0.9329, test loss: 0.22560459
[2026-06-26 10:58:48,097][root][INFO] - reg loss: 4.010988424409111, entropy loss: 0.1721890797873713, leaf dev: 0.24964454770088196
[2026-06-26 10:58:48,098][root][INFO] - Val leaf stats: tensor([0.0000e+00, 0.0000e+00, 0.0000e+00, 0.0000e+00, 0.0000e+00, 0.0000e+00,
        0.0000e+00, 0.0000e+00, 5.0000e-04, 9.9867e-01, 0.0000e+00, 0.0000e+00,
        0.0000e+00, 0.0000e+00, 0.0000e+00, 8.3333e-04])
[2026-06-26 10:58:48,925][root][INFO] - Epoch: 28 | train acc: 0.9625, train loss: 32.17778598, valid acc: 0.9422, valid loss: 0.19882644, test acc: 0.9503, test loss: 0.17250515
[2026-06-26 10:58:49,004][root][INFO] - reg loss: 6.941279208885049, entropy loss: 0.316242053261343, leaf dev: 0.08561764657497406
[2026-06-26 10:58:49,005][root][INFO] - Val leaf stats: tensor([0.0833, 0.0060, 0.0995, 0.0553, 0.0098, 0.0388, 0.0000, 0.0000, 0.3278,
        0.0983, 0.1410, 0.0118, 0.1167, 0.0115, 0.0000, 0.0000])
[2026-06-26 10:58:49,241][root][INFO] - Epoch: 29 | train acc: 0.9448, train loss: 16.69943092, valid acc: 0.9062, valid loss: 0.32838883, test acc: 0.9123, test loss: 0.30829640
[2026-06-26 10:58:51,359][root][INFO] - reg loss: 4.546484519850533, entropy loss: 0.1722588380271534, leaf dev: 0.1454652100801468
[2026-06-26 10:58:51,360][root][INFO] - Val leaf stats: tensor([1.6667e-04, 4.3167e-02, 5.0967e-01, 3.3367e-01, 7.2833e-02, 0.0000e+00,
        0.0000e+00, 0.0000e+00, 0.0000e+00, 0.0000e+00, 0.0000e+00, 0.0000e+00,
        0.0000e+00, 0.0000e+00, 0.0000e+00, 4.0500e-02])
[2026-06-26 10:58:53,439][root][INFO] - reg loss: 4.804706951357284, entropy loss: 0.19263992388293427, leaf dev: 0.13676168024539948
[2026-06-26 10:58:53,440][root][INFO] - Val leaf stats: tensor([0.0000e+00, 0.0000e+00, 0.0000e+00, 0.0000e+00, 0.0000e+00, 0.0000e+00,
        2.5333e-01, 3.5733e-01, 0.0000e+00, 3.8883e-01, 1.6667e-04, 1.6667e-04,
        1.6667e-04, 0.0000e+00, 0.0000e+00, 0.0000e+00])
[2026-06-26 10:58:54,092][root][INFO] - reg loss: 4.006190250504692, entropy loss: 0.20278782847354998, leaf dev: 0.25
[2026-06-26 10:58:54,093][root][INFO] - Val leaf stats: tensor([0., 0., 1., 0., 0., 0., 0., 0., 0., 0., 0., 0., 0., 0., 0., 0.])
[2026-06-26 10:58:54,593][root][INFO] - reg loss: 4.125447907537784, entropy loss: 0.1788024573393588, leaf dev: 0.24557068943977356
[2026-06-26 10:58:54,594][root][INFO] - Val leaf stats: tensor([0.0000, 0.0105, 0.9833, 0.0037, 0.0000, 0.0000, 0.0000, 0.0000, 0.0000,
        0.0000, 0.0000, 0.0000, 0.0000, 0.0000, 0.0000, 0.0025])
[2026-06-26 10:58:54,863][root][INFO] - Epoch: 28 | train acc: 0.9486, train loss: 17.11334441, valid acc: 0.9280, valid loss: 0.25792073, test acc: 0.9308, test loss: 0.34454786
[2026-06-26 10:58:58,885][root][INFO] - Epoch: 29 | train acc: 0.9634, train loss: 8.18441668, valid acc: 0.9420, valid loss: 0.19831434, test acc: 0.9485, test loss: 0.17451667
[2026-06-26 10:59:00,068][root][INFO] - reg loss: 4.231417561477086, entropy loss: 0.16390813170176632, leaf dev: 0.22773995995521545
[2026-06-26 10:59:00,069][root][INFO] - Val leaf stats: tensor([0.0000, 0.0000, 0.0000, 0.0000, 0.0000, 0.0000, 0.0000, 0.0000, 0.0053,
        0.9137, 0.0752, 0.0027, 0.0000, 0.0000, 0.0000, 0.0032])
[2026-06-26 10:59:03,886][root][INFO] - Epoch: 28 | train acc: 0.9656, train loss: 2.18616092, valid acc: 0.9530, valid loss: 0.16758167, test acc: 0.9530, test loss: 0.17198950
[2026-06-26 10:59:04,505][root][INFO] - reg loss: 4.029303073883057, entropy loss: 0.21096011462076655, leaf dev: 0.24937810003757477
[2026-06-26 10:59:04,506][root][INFO] - Val leaf stats: tensor([0.0000, 0.0013, 0.9977, 0.0010, 0.0000, 0.0000, 0.0000, 0.0000, 0.0000,
        0.0000, 0.0000, 0.0000, 0.0000, 0.0000, 0.0000, 0.0000])
[2026-06-26 10:59:05,626][root][INFO] - Epoch: 29 | train acc: 0.9429, train loss: 32.71753833, valid acc: 0.9078, valid loss: 0.46832174, test acc: 0.9145, test loss: 0.29974735
[2026-06-26 10:59:06,141][root][INFO] - Epoch: 28 | train acc: 0.9707, train loss: 2.31607759, valid acc: 0.9463, valid loss: 0.18602779, test acc: 0.9528, test loss: 0.15943379
[2026-06-26 10:59:07,387][root][INFO] - Epoch: 28 | train acc: 0.9626, train loss: 16.17005794, valid acc: 0.9422, valid loss: 0.19674368, test acc: 0.9506, test loss: 0.17262968
[2026-06-26 10:59:09,140][root][INFO] - reg loss: 4.135789299910924, entropy loss: 0.17280210343734273, leaf dev: 0.21778587996959686
[2026-06-26 10:59:09,141][root][INFO] - Val leaf stats: tensor([0.0000e+00, 0.0000e+00, 0.0000e+00, 0.0000e+00, 0.0000e+00, 0.0000e+00,
        0.0000e+00, 1.2950e-01, 0.0000e+00, 8.7017e-01, 0.0000e+00, 0.0000e+00,
        0.0000e+00, 0.0000e+00, 0.0000e+00, 3.3333e-04])
[2026-06-26 10:59:09,380][root][INFO] - Epoch: 28 | train acc: 0.9699, train loss: 4.22782893, valid acc: 0.9502, valid loss: 0.17841285, test acc: 0.9586, test loss: 0.15201696
[2026-06-26 10:59:10,793][root][INFO] - reg loss: 4.064310798105204, entropy loss: 0.1961966019194081, leaf dev: 0.24937798082828522
[2026-06-26 10:59:10,794][root][INFO] - Val leaf stats: tensor([0.0000e+00, 8.3333e-04, 9.9767e-01, 1.0000e-03, 0.0000e+00, 0.0000e+00,
        0.0000e+00, 0.0000e+00, 0.0000e+00, 0.0000e+00, 0.0000e+00, 0.0000e+00,
        0.0000e+00, 0.0000e+00, 0.0000e+00, 5.0000e-04])
[2026-06-26 10:59:11,326][root][INFO] - Epoch: 28 | train acc: 0.9579, train loss: 0.14246226, valid acc: 0.9343, valid loss: 0.22452660, test acc: 0.9432, test loss: 0.19844671
[2026-06-26 10:59:11,343][root][INFO] - reg loss: 4.426498264636633, entropy loss: 0.22053478911237898, leaf dev: 0.16905809938907623
[2026-06-26 10:59:11,344][root][INFO] - Val leaf stats: tensor([4.0000e-03, 1.1133e-01, 6.5467e-01, 1.6667e-04, 2.2400e-01, 5.8333e-03,
        0.0000e+00, 0.0000e+00, 0.0000e+00, 0.0000e+00, 0.0000e+00, 0.0000e+00,
        0.0000e+00, 0.0000e+00, 0.0000e+00, 0.0000e+00])
[2026-06-26 10:59:12,768][root][INFO] - reg loss: 4.010459922394663, entropy loss: 0.21174809435066186, leaf dev: 0.24973346292972565
[2026-06-26 10:59:12,769][root][INFO] - Val leaf stats: tensor([0.0000, 0.0000, 0.9990, 0.0010, 0.0000, 0.0000, 0.0000, 0.0000, 0.0000,
        0.0000, 0.0000, 0.0000, 0.0000, 0.0000, 0.0000, 0.0000])
[2026-06-26 10:59:13,081][root][INFO] - Epoch: 29 | train acc: 0.9803, train loss: 0.06827243, valid acc: 0.9532, valid loss: 0.17540142, test acc: 0.9545, test loss: 0.16250760
[2026-06-26 10:59:13,253][root][INFO] - Epoch: 28 | train acc: 0.9437, train loss: 8.68109623, valid acc: 0.9247, valid loss: 0.30292049, test acc: 0.9248, test loss: 0.26474572
[2026-06-26 10:59:13,387][root][INFO] - Epoch: 28 | train acc: 0.9442, train loss: 4.70280400, valid acc: 0.9318, valid loss: 0.24612287, test acc: 0.9315, test loss: 0.25047371
[2026-06-26 10:59:13,394][root][INFO] - Epoch: 28 | train acc: 0.9608, train loss: 32.14148813, valid acc: 0.9513, valid loss: 0.17996843, test acc: 0.9492, test loss: 0.16965714
[2026-06-26 10:59:13,798][root][INFO] - Epoch: 28 | train acc: 0.9595, train loss: 4.16696812, valid acc: 0.9503, valid loss: 0.17736263, test acc: 0.9487, test loss: 0.17829584
[2026-06-26 10:59:14,523][root][INFO] - reg loss: 4.121347958186887, entropy loss: 0.22475724611079917, leaf dev: 0.22216516733169556
[2026-06-26 10:59:14,524][root][INFO] - Val leaf stats: tensor([0.0000, 0.0447, 0.8938, 0.0350, 0.0265, 0.0000, 0.0000, 0.0000, 0.0000,
        0.0000, 0.0000, 0.0000, 0.0000, 0.0000, 0.0000, 0.0000])
[2026-06-26 10:59:15,327][root][INFO] - Epoch: 29 | train acc: 0.9562, train loss: 8.86327263, valid acc: 0.9407, valid loss: 0.21763091, test acc: 0.9418, test loss: 0.21265940
[2026-06-26 10:59:16,165][root][INFO] - reg loss: 6.1561800533870485, entropy loss: 0.2720219023385138, leaf dev: 0.08909741044044495
[2026-06-26 10:59:16,166][root][INFO] - Val leaf stats: tensor([1.6667e-04, 0.0000e+00, 4.5000e-03, 0.0000e+00, 0.0000e+00, 0.0000e+00,
        1.7167e-02, 2.1667e-03, 2.0317e-01, 1.2000e-02, 2.3567e-01, 1.6400e-01,
        5.4833e-02, 2.1467e-01, 5.0000e-04, 9.1167e-02])
[2026-06-26 10:59:17,021][root][INFO] - Epoch: 29 | train acc: 0.9538, train loss: 4.41439510, valid acc: 0.9305, valid loss: 0.25776517, test acc: 0.9397, test loss: 0.21986378
[2026-06-26 10:59:18,066][root][INFO] - reg loss: 6.731105309612346, entropy loss: 0.31477421887640683, leaf dev: 0.09791112691164017
[2026-06-26 10:59:18,067][root][INFO] - Val leaf stats: tensor([0.0000, 0.0000, 0.0000, 0.0000, 0.1650, 0.2533, 0.0000, 0.0630, 0.0028,
        0.0317, 0.0287, 0.2900, 0.1580, 0.0048, 0.0027, 0.0000])
[2026-06-26 10:59:18,589][root][INFO] - reg loss: 4.000760735205884, entropy loss: 0.18567663178129015, leaf dev: 0.25
[2026-06-26 10:59:18,590][root][INFO] - Val leaf stats: tensor([0., 0., 0., 0., 0., 0., 0., 0., 0., 1., 0., 0., 0., 0., 0., 0.])
[2026-06-26 10:59:18,826][root][INFO] - reg loss: 4.240029299034263, entropy loss: 0.15737531980815925, leaf dev: 0.22985368967056274
[2026-06-26 10:59:18,827][root][INFO] - Val leaf stats: tensor([1.0000e-03, 3.1833e-02, 9.2333e-01, 6.1667e-03, 3.3333e-04, 0.0000e+00,
        0.0000e+00, 0.0000e+00, 0.0000e+00, 0.0000e+00, 0.0000e+00, 0.0000e+00,
        0.0000e+00, 0.0000e+00, 0.0000e+00, 3.7333e-02])
[2026-06-26 10:59:18,841][root][INFO] - reg loss: 4.029308211128667, entropy loss: 0.16851625113554722, leaf dev: 0.24831412732601166
[2026-06-26 10:59:18,842][root][INFO] - Val leaf stats: tensor([0.0000e+00, 0.0000e+00, 0.0000e+00, 0.0000e+00, 0.0000e+00, 0.0000e+00,
        0.0000e+00, 1.3333e-03, 1.6667e-04, 9.9367e-01, 0.0000e+00, 0.0000e+00,
        0.0000e+00, 0.0000e+00, 0.0000e+00, 4.8333e-03])
[2026-06-26 10:59:19,009][root][INFO] - reg loss: 4.503718277193466, entropy loss: 0.1358325330997413, leaf dev: 0.14549782872200012
[2026-06-26 10:59:19,010][root][INFO] - Val leaf stats: tensor([0.0000e+00, 0.0000e+00, 0.0000e+00, 0.0000e+00, 0.0000e+00, 0.0000e+00,
        8.3333e-04, 1.3683e-01, 1.6667e-04, 4.2550e-01, 4.2450e-01, 5.0000e-03,
        0.0000e+00, 0.0000e+00, 5.0000e-04, 6.6667e-03])
[2026-06-26 10:59:20,293][root][INFO] - reg loss: 4.3502878198083845, entropy loss: 0.15503103665585788, leaf dev: 0.17306658625602722
[2026-06-26 10:59:20,294][root][INFO] - Val leaf stats: tensor([0.0000, 0.0000, 0.0000, 0.0000, 0.0000, 0.0000, 0.0000, 0.0000, 0.0008,
        0.6777, 0.1948, 0.0008, 0.0052, 0.0000, 0.0000, 0.1207])
[2026-06-26 10:59:21,926][root][INFO] - reg loss: 4.246770462899838, entropy loss: 0.18296181115339388, leaf dev: 0.17985433340072632
[2026-06-26 10:59:21,927][root][INFO] - Val leaf stats: tensor([0.0000, 0.0532, 0.7093, 0.2010, 0.0000, 0.0000, 0.0000, 0.0000, 0.0000,
        0.0000, 0.0000, 0.0000, 0.0000, 0.0000, 0.0000, 0.0365])
[2026-06-26 10:59:23,214][root][INFO] - Epoch: 29 | train acc: 0.9788, train loss: 0.07398510, valid acc: 0.9598, valid loss: 0.14559643, test acc: 0.9593, test loss: 0.14297307
[2026-06-26 10:59:26,247][root][INFO] - Epoch: 29 | train acc: 0.9709, train loss: 0.10145162, valid acc: 0.9498, valid loss: 0.18263060, test acc: 0.9512, test loss: 0.17077434
[2026-06-26 10:59:27,695][root][INFO] - Epoch: 30 | train acc: 0.9620, train loss: 8.15204821, valid acc: 0.9518, valid loss: 0.17838643, test acc: 0.9503, test loss: 0.16491538
[2026-06-26 10:59:28,591][root][INFO] - reg loss: 5.841985378625258, entropy loss: 0.24977978796891445, leaf dev: 0.10217492282390594
[2026-06-26 10:59:28,592][root][INFO] - Val leaf stats: tensor([0.0000, 0.0035, 0.0000, 0.0000, 0.0085, 0.2220, 0.0000, 0.0000, 0.0715,
        0.2195, 0.0000, 0.0000, 0.0018, 0.3145, 0.1290, 0.0297])
[2026-06-26 10:59:30,127][root][INFO] - Epoch: 29 | train acc: 0.9579, train loss: 2.38210336, valid acc: 0.9308, valid loss: 0.23043845, test acc: 0.9421, test loss: 0.20605333
[2026-06-26 10:59:31,972][root][INFO] - reg loss: 6.945446887106265, entropy loss: 0.3185634624283269, leaf dev: 0.08133736252784729
[2026-06-26 10:59:31,973][root][INFO] - Val leaf stats: tensor([0.0903, 0.0073, 0.1117, 0.0440, 0.0123, 0.0425, 0.0000, 0.0000, 0.3060,
        0.1013, 0.1343, 0.0143, 0.1217, 0.0142, 0.0000, 0.0000])
[2026-06-26 10:59:32,434][root][INFO] - Epoch: 29 | train acc: 0.9636, train loss: 32.17875657, valid acc: 0.9420, valid loss: 0.19790492, test acc: 0.9492, test loss: 0.17129366
[2026-06-26 10:59:33,253][root][INFO] - Epoch: 30 | train acc: 0.9454, train loss: 16.70380956, valid acc: 0.9075, valid loss: 0.33470179, test acc: 0.9117, test loss: 0.30893133
[2026-06-26 10:59:33,317][root][INFO] - reg loss: 4.011862259990764, entropy loss: 0.17147080319107705, leaf dev: 0.249688982963562
[2026-06-26 10:59:33,319][root][INFO] - Val leaf stats: tensor([0.0000e+00, 0.0000e+00, 0.0000e+00, 0.0000e+00, 0.0000e+00, 0.0000e+00,
        0.0000e+00, 0.0000e+00, 5.0000e-04, 9.9883e-01, 0.0000e+00, 0.0000e+00,
        0.0000e+00, 0.0000e+00, 0.0000e+00, 6.6667e-04])
[2026-06-26 10:59:33,319][root][INFO] - Epoch: 29 | train acc: 0.9539, train loss: 2.56027750, valid acc: 0.9320, valid loss: 0.24788046, test acc: 0.9342, test loss: 0.22515136
[2026-06-26 10:59:35,673][root][INFO] - reg loss: 4.474071142808446, entropy loss: 0.16985840462851073, leaf dev: 0.15752892196178436
[2026-06-26 10:59:35,674][root][INFO] - Val leaf stats: tensor([0.0000, 0.0152, 0.5837, 0.2972, 0.0597, 0.0000, 0.0000, 0.0000, 0.0000,
        0.0000, 0.0000, 0.0000, 0.0000, 0.0000, 0.0000, 0.0443])
[2026-06-26 10:59:37,776][root][INFO] - reg loss: 4.0065310991035314, entropy loss: 0.202813280922062, leaf dev: 0.25
[2026-06-26 10:59:37,777][root][INFO] - Val leaf stats: tensor([0., 0., 1., 0., 0., 0., 0., 0., 0., 0., 0., 0., 0., 0., 0., 0.])
[2026-06-26 10:59:38,468][root][INFO] - reg loss: 4.126882305685079, entropy loss: 0.17716985589490747, leaf dev: 0.2447756975889206
[2026-06-26 10:59:38,469][root][INFO] - Val leaf stats: tensor([0.0000, 0.0117, 0.9803, 0.0057, 0.0000, 0.0000, 0.0000, 0.0000, 0.0000,
        0.0000, 0.0000, 0.0000, 0.0000, 0.0000, 0.0000, 0.0023])
[2026-06-26 10:59:38,706][root][INFO] - reg loss: 4.807268156195587, entropy loss: 0.18922808710134253, leaf dev: 0.13609330356121063
[2026-06-26 10:59:38,707][root][INFO] - Val leaf stats: tensor([0.0000e+00, 0.0000e+00, 0.0000e+00, 0.0000e+00, 0.0000e+00, 0.0000e+00,
        2.6350e-01, 3.6350e-01, 0.0000e+00, 3.7250e-01, 1.6667e-04, 1.6667e-04,
        1.6667e-04, 0.0000e+00, 0.0000e+00, 0.0000e+00])
[2026-06-26 10:59:39,916][root][INFO] - Epoch: 29 | train acc: 0.9491, train loss: 17.12335327, valid acc: 0.9305, valid loss: 0.26307642, test acc: 0.9327, test loss: 0.33353758
[2026-06-26 10:59:43,857][root][INFO] - Epoch: 30 | train acc: 0.9632, train loss: 8.17990553, valid acc: 0.9398, valid loss: 0.20005008, test acc: 0.9500, test loss: 0.17551518
[2026-06-26 10:59:45,173][root][INFO] - reg loss: 4.233648070749247, entropy loss: 0.16620707329151765, leaf dev: 0.2261633574962616
[2026-06-26 10:59:45,174][root][INFO] - Val leaf stats: tensor([0.0000, 0.0000, 0.0000, 0.0000, 0.0000, 0.0000, 0.0000, 0.0000, 0.0060,
        0.9075, 0.0782, 0.0018, 0.0000, 0.0000, 0.0000, 0.0065])
[2026-06-26 10:59:48,269][root][INFO] - Epoch: 30 | train acc: 0.9426, train loss: 32.70161312, valid acc: 0.9062, valid loss: 0.47561399, test acc: 0.9135, test loss: 0.29946112
[2026-06-26 10:59:48,689][root][INFO] - Epoch: 29 | train acc: 0.9662, train loss: 2.18392350, valid acc: 0.9550, valid loss: 0.16947101, test acc: 0.9529, test loss: 0.17718750
[2026-06-26 10:59:48,897][root][INFO] - reg loss: 4.027211121793063, entropy loss: 0.21082785753708966, leaf dev: 0.24911193549633026
[2026-06-26 10:59:48,898][root][INFO] - Val leaf stats: tensor([0.0000e+00, 8.3333e-04, 9.9667e-01, 2.5000e-03, 0.0000e+00, 0.0000e+00,
        0.0000e+00, 0.0000e+00, 0.0000e+00, 0.0000e+00, 0.0000e+00, 0.0000e+00,
        0.0000e+00, 0.0000e+00, 0.0000e+00, 0.0000e+00])
[2026-06-26 10:59:49,532][root][INFO] - Epoch: 29 | train acc: 0.9736, train loss: 2.31163335, valid acc: 0.9538, valid loss: 0.16853428, test acc: 0.9549, test loss: 0.15065925
[2026-06-26 10:59:51,890][root][INFO] - Epoch: 29 | train acc: 0.9634, train loss: 16.17509108, valid acc: 0.9412, valid loss: 0.19789390, test acc: 0.9494, test loss: 0.17241098
[2026-06-26 10:59:52,318][root][INFO] - Epoch: 29 | train acc: 0.9707, train loss: 4.21992374, valid acc: 0.9510, valid loss: 0.17799523, test acc: 0.9571, test loss: 0.15535687
[2026-06-26 10:59:53,443][root][INFO] - reg loss: 4.061866665786168, entropy loss: 0.19351918404957033, leaf dev: 0.24955572187900543
[2026-06-26 10:59:53,444][root][INFO] - Val leaf stats: tensor([0.0000e+00, 0.0000e+00, 9.9833e-01, 1.0000e-03, 0.0000e+00, 0.0000e+00,
        0.0000e+00, 0.0000e+00, 0.0000e+00, 0.0000e+00, 0.0000e+00, 0.0000e+00,
        0.0000e+00, 0.0000e+00, 0.0000e+00, 6.6667e-04])
[2026-06-26 10:59:54,475][root][INFO] - reg loss: 4.136218102473133, entropy loss: 0.17109957660706537, leaf dev: 0.2182839810848236
[2026-06-26 10:59:54,476][root][INFO] - Val leaf stats: tensor([0.0000, 0.0000, 0.0000, 0.0000, 0.0000, 0.0000, 0.0000, 0.1252, 0.0000,
        0.8727, 0.0000, 0.0000, 0.0000, 0.0000, 0.0000, 0.0022])
[2026-06-26 10:59:54,772][root][INFO] - reg loss: 4.437942207984205, entropy loss: 0.2159414341989553, leaf dev: 0.173685222864151
[2026-06-26 10:59:54,772][root][INFO] - Val leaf stats: tensor([1.6667e-04, 7.4167e-02, 6.6867e-01, 3.3333e-04, 2.4967e-01, 7.0000e-03,
        0.0000e+00, 0.0000e+00, 0.0000e+00, 0.0000e+00, 0.0000e+00, 0.0000e+00,
        0.0000e+00, 0.0000e+00, 0.0000e+00, 0.0000e+00])
[2026-06-26 10:59:55,482][root][INFO] - Epoch: 29 | train acc: 0.9614, train loss: 0.13130488, valid acc: 0.9335, valid loss: 0.23398086, test acc: 0.9383, test loss: 0.21628731
[2026-06-26 10:59:56,734][root][INFO] - Epoch: 30 | train acc: 0.9807, train loss: 0.06827685, valid acc: 0.9518, valid loss: 0.17237830, test acc: 0.9535, test loss: 0.15877752
[2026-06-26 10:59:56,860][root][INFO] - reg loss: 4.012162685394287, entropy loss: 0.21178627028217856, leaf dev: 0.24968905746936798
[2026-06-26 10:59:56,861][root][INFO] - Val leaf stats: tensor([0.0000, 0.0000, 0.9988, 0.0012, 0.0000, 0.0000, 0.0000, 0.0000, 0.0000,
        0.0000, 0.0000, 0.0000, 0.0000, 0.0000, 0.0000, 0.0000])
[2026-06-26 10:59:57,064][root][INFO] - Epoch: 29 | train acc: 0.9601, train loss: 4.16849911, valid acc: 0.9510, valid loss: 0.17510745, test acc: 0.9497, test loss: 0.17768994
[2026-06-26 10:59:57,453][root][INFO] - reg loss: 4.11551907377423, entropy loss: 0.22395763588401507, leaf dev: 0.22117798030376434
[2026-06-26 10:59:57,454][root][INFO] - Val leaf stats: tensor([0.0000, 0.0455, 0.8900, 0.0370, 0.0275, 0.0000, 0.0000, 0.0000, 0.0000,
        0.0000, 0.0000, 0.0000, 0.0000, 0.0000, 0.0000, 0.0000])
[2026-06-26 10:59:57,943][root][INFO] - Epoch: 29 | train acc: 0.9482, train loss: 4.81228956, valid acc: 0.9400, valid loss: 0.22182024, test acc: 0.9390, test loss: 0.22273650
[2026-06-26 10:59:58,289][root][INFO] - Epoch: 29 | train acc: 0.9442, train loss: 8.63455476, valid acc: 0.9222, valid loss: 0.30941873, test acc: 0.9252, test loss: 0.28647881
[2026-06-26 10:59:59,184][root][INFO] - Epoch: 30 | train acc: 0.9570, train loss: 8.81138809, valid acc: 0.9410, valid loss: 0.21723955, test acc: 0.9411, test loss: 0.21117860
[2026-06-26 11:00:00,155][root][INFO] - reg loss: 6.143297204431498, entropy loss: 0.2731554553193866, leaf dev: 0.09028824418783188
[2026-06-26 11:00:00,156][root][INFO] - Val leaf stats: tensor([1.6667e-04, 0.0000e+00, 4.8333e-03, 0.0000e+00, 0.0000e+00, 0.0000e+00,
        1.7500e-02, 2.1667e-03, 7.2000e-02, 5.3167e-02, 2.7417e-01, 1.7417e-01,
        5.7667e-02, 2.3750e-01, 8.3333e-04, 1.0583e-01])
[2026-06-26 11:00:00,541][root][INFO] - Epoch: 29 | train acc: 0.9618, train loss: 32.13794942, valid acc: 0.9517, valid loss: 0.17741301, test acc: 0.9506, test loss: 0.16982103
[2026-06-26 11:00:01,874][root][INFO] - Epoch: 30 | train acc: 0.9553, train loss: 4.40716848, valid acc: 0.9307, valid loss: 0.26080266, test acc: 0.9385, test loss: 0.22359819
[2026-06-26 11:00:01,952][root][INFO] - reg loss: 6.652991236380811, entropy loss: 0.3113855320327687, leaf dev: 0.09629876911640167
[2026-06-26 11:00:01,953][root][INFO] - Val leaf stats: tensor([0.0000e+00, 0.0000e+00, 0.0000e+00, 0.0000e+00, 1.4350e-01, 2.3267e-01,
        0.0000e+00, 5.8833e-02, 6.1667e-03, 3.7833e-02, 3.4167e-02, 2.9467e-01,
        1.8417e-01, 4.6667e-03, 3.1667e-03, 1.6667e-04])
[2026-06-26 11:00:02,504][root][INFO] - reg loss: 4.034149030469498, entropy loss: 0.16687227504433327, leaf dev: 0.2480040192604065
[2026-06-26 11:00:02,504][root][INFO] - Val leaf stats: tensor([0.0000e+00, 0.0000e+00, 0.0000e+00, 0.0000e+00, 0.0000e+00, 0.0000e+00,
        0.0000e+00, 1.8333e-03, 1.6667e-04, 9.9250e-01, 0.0000e+00, 0.0000e+00,
        0.0000e+00, 0.0000e+00, 0.0000e+00, 5.5000e-03])
[2026-06-26 11:00:03,025][root][INFO] - reg loss: 4.21736060898259, entropy loss: 0.15420397455399892, leaf dev: 0.22553497552871704
[2026-06-26 11:00:03,026][root][INFO] - Val leaf stats: tensor([1.5000e-03, 4.4333e-02, 9.0667e-01, 9.8333e-03, 3.3333e-04, 0.0000e+00,
        0.0000e+00, 0.0000e+00, 0.0000e+00, 0.0000e+00, 0.0000e+00, 0.0000e+00,
        1.6667e-04, 0.0000e+00, 0.0000e+00, 3.7167e-02])
[2026-06-26 11:00:03,182][root][INFO] - reg loss: 4.631751195439753, entropy loss: 0.13892730311402735, leaf dev: 0.14490021765232086
[2026-06-26 11:00:03,183][root][INFO] - Val leaf stats: tensor([0.0000e+00, 0.0000e+00, 0.0000e+00, 0.0000e+00, 0.0000e+00, 0.0000e+00,
        2.3333e-03, 1.4500e-01, 1.6667e-04, 4.7217e-01, 3.6517e-01, 4.3333e-03,
        0.0000e+00, 0.0000e+00, 6.6667e-04, 1.0167e-02])
[2026-06-26 11:00:04,189][root][INFO] - reg loss: 4.326361354791893, entropy loss: 0.15723683178987144, leaf dev: 0.17382322251796722
[2026-06-26 11:00:04,190][root][INFO] - Val leaf stats: tensor([0.0000, 0.0000, 0.0000, 0.0000, 0.0000, 0.0000, 0.0000, 0.0000, 0.0027,
        0.6827, 0.1878, 0.0012, 0.0058, 0.0000, 0.0000, 0.1198])
[2026-06-26 11:00:05,761][root][INFO] - reg loss: 4.000720775352334, entropy loss: 0.18564996418525587, leaf dev: 0.25
[2026-06-26 11:00:05,762][root][INFO] - Val leaf stats: tensor([0., 0., 0., 0., 0., 0., 0., 0., 0., 1., 0., 0., 0., 0., 0., 0.])
[2026-06-26 11:00:06,711][root][INFO] - reg loss: 4.246567982547688, entropy loss: 0.19497656864377688, leaf dev: 0.18105031549930573
[2026-06-26 11:00:06,712][root][INFO] - Val leaf stats: tensor([0.0000, 0.0410, 0.7147, 0.1993, 0.0000, 0.0000, 0.0000, 0.0000, 0.0000,
        0.0000, 0.0000, 0.0000, 0.0000, 0.0000, 0.0000, 0.0450])
[2026-06-26 11:00:07,581][root][INFO] - Epoch: 30 | train acc: 0.9811, train loss: 0.06809851, valid acc: 0.9603, valid loss: 0.14649579, test acc: 0.9600, test loss: 0.14388473
[2026-06-26 11:00:10,242][root][INFO] - Epoch: 30 | train acc: 0.9706, train loss: 0.10290631, valid acc: 0.9420, valid loss: 0.21032346, test acc: 0.9458, test loss: 0.18556550
[2026-06-26 11:00:10,789][root][INFO] - Epoch: 31 | train acc: 0.9628, train loss: 8.17351974, valid acc: 0.9512, valid loss: 0.17553421, test acc: 0.9518, test loss: 0.16515829
[2026-06-26 11:00:13,340][root][INFO] - reg loss: 5.797395949093801, entropy loss: 0.2474305364039709, leaf dev: 0.10364469140768051
[2026-06-26 11:00:13,342][root][INFO] - Val leaf stats: tensor([0.0000, 0.0048, 0.0000, 0.0000, 0.0103, 0.2142, 0.0000, 0.0000, 0.0757,
        0.2127, 0.0000, 0.0000, 0.0020, 0.3185, 0.1588, 0.0030])
[2026-06-26 11:00:15,029][root][INFO] - Epoch: 30 | train acc: 0.9635, train loss: 32.17804337, valid acc: 0.9417, valid loss: 0.20188976, test acc: 0.9505, test loss: 0.17385606
[2026-06-26 11:00:15,219][root][INFO] - Epoch: 30 | train acc: 0.9586, train loss: 2.36782458, valid acc: 0.9330, valid loss: 0.23837646, test acc: 0.9399, test loss: 0.21630009
[2026-06-26 11:00:15,598][root][INFO] - reg loss: 6.863507401268437, entropy loss: 0.30839124125129774, leaf dev: 0.09398053586483002
[2026-06-26 11:00:15,599][root][INFO] - Val leaf stats: tensor([0.0017, 0.0023, 0.2222, 0.0737, 0.0007, 0.0060, 0.0000, 0.0000, 0.3102,
        0.0955, 0.1412, 0.0147, 0.1207, 0.0113, 0.0000, 0.0000])
[2026-06-26 11:00:15,644][root][INFO] - Epoch: 31 | train acc: 0.9466, train loss: 16.72585207, valid acc: 0.9042, valid loss: 0.43572712, test acc: 0.9099, test loss: 0.31454042
[2026-06-26 11:00:16,468][root][INFO] - reg loss: 4.021760999031787, entropy loss: 0.17397701374764712, leaf dev: 0.24937835335731506
[2026-06-26 11:00:16,469][root][INFO] - Val leaf stats: tensor([0.0000e+00, 0.0000e+00, 0.0000e+00, 0.0000e+00, 0.0000e+00, 0.0000e+00,
        0.0000e+00, 0.0000e+00, 1.6667e-04, 9.9767e-01, 0.0000e+00, 0.0000e+00,
        0.0000e+00, 0.0000e+00, 0.0000e+00, 2.1667e-03])
[2026-06-26 11:00:17,382][root][INFO] - Epoch: 30 | train acc: 0.9547, train loss: 2.56636068, valid acc: 0.9340, valid loss: 0.22971061, test acc: 0.9346, test loss: 0.23028048
[2026-06-26 11:00:20,663][root][INFO] - reg loss: 4.00650635755287, entropy loss: 0.20278057948036013, leaf dev: 0.25
[2026-06-26 11:00:20,664][root][INFO] - Val leaf stats: tensor([0., 0., 1., 0., 0., 0., 0., 0., 0., 0., 0., 0., 0., 0., 0., 0.])
[2026-06-26 11:00:21,101][root][INFO] - reg loss: 4.1337911407902554, entropy loss: 0.1758548194226229, leaf dev: 0.24397894740104675
[2026-06-26 11:00:21,102][root][INFO] - Val leaf stats: tensor([0.0000, 0.0122, 0.9773, 0.0063, 0.0000, 0.0000, 0.0000, 0.0000, 0.0000,
        0.0000, 0.0000, 0.0000, 0.0000, 0.0000, 0.0000, 0.0042])
[2026-06-26 11:00:21,161][root][INFO] - reg loss: 4.442136022279847, entropy loss: 0.1673796092564205, leaf dev: 0.14630307257175446
[2026-06-26 11:00:21,162][root][INFO] - Val leaf stats: tensor([0.0000, 0.0195, 0.4987, 0.3557, 0.0687, 0.0000, 0.0000, 0.0000, 0.0000,
        0.0000, 0.0000, 0.0000, 0.0000, 0.0000, 0.0000, 0.0575])
[2026-06-26 11:00:22,079][root][INFO] - reg loss: 4.825202019709461, entropy loss: 0.1867667740246035, leaf dev: 0.13916055858135223
[2026-06-26 11:00:22,080][root][INFO] - Val leaf stats: tensor([0.0000e+00, 0.0000e+00, 0.0000e+00, 0.0000e+00, 0.0000e+00, 0.0000e+00,
        2.4983e-01, 4.4400e-01, 0.0000e+00, 3.0567e-01, 3.3333e-04, 0.0000e+00,
        1.6667e-04, 0.0000e+00, 0.0000e+00, 0.0000e+00])
[2026-06-26 11:00:23,933][root][INFO] - Epoch: 30 | train acc: 0.9483, train loss: 17.06804096, valid acc: 0.9295, valid loss: 0.25383140, test acc: 0.9307, test loss: 0.27247464
[2026-06-26 11:00:28,286][root][INFO] - Epoch: 31 | train acc: 0.9639, train loss: 8.19147950, valid acc: 0.9415, valid loss: 0.19510434, test acc: 0.9515, test loss: 0.17266495
[2026-06-26 11:00:28,942][root][INFO] - reg loss: 4.219488287871739, entropy loss: 0.16436983560616114, leaf dev: 0.2279796302318573
[2026-06-26 11:00:28,943][root][INFO] - Val leaf stats: tensor([0.0000, 0.0000, 0.0000, 0.0000, 0.0000, 0.0000, 0.0000, 0.0000, 0.0053,
        0.9143, 0.0780, 0.0013, 0.0000, 0.0000, 0.0000, 0.0010])
[2026-06-26 11:00:31,874][root][INFO] - Epoch: 31 | train acc: 0.9440, train loss: 32.70901547, valid acc: 0.9045, valid loss: 0.47887306, test acc: 0.9099, test loss: 0.30538952
[2026-06-26 11:00:33,705][root][INFO] - reg loss: 4.034235427964409, entropy loss: 0.2109843520623333, leaf dev: 0.2475186288356781
[2026-06-26 11:00:33,706][root][INFO] - Val leaf stats: tensor([0.0000, 0.0017, 0.9907, 0.0077, 0.0000, 0.0000, 0.0000, 0.0000, 0.0000,
        0.0000, 0.0000, 0.0000, 0.0000, 0.0000, 0.0000, 0.0000])
[2026-06-26 11:00:33,715][root][INFO] - Epoch: 30 | train acc: 0.9755, train loss: 2.29415946, valid acc: 0.9500, valid loss: 0.22759070, test acc: 0.9543, test loss: 0.15123649
[2026-06-26 11:00:34,355][root][INFO] - Epoch: 30 | train acc: 0.9654, train loss: 2.20535664, valid acc: 0.9518, valid loss: 0.20001693, test acc: 0.9493, test loss: 0.17741524
[2026-06-26 11:00:35,433][root][INFO] - Epoch: 30 | train acc: 0.9633, train loss: 16.16790732, valid acc: 0.9415, valid loss: 0.20039075, test acc: 0.9503, test loss: 0.18371966
[2026-06-26 11:00:36,225][root][INFO] - Epoch: 30 | train acc: 0.9706, train loss: 4.22166387, valid acc: 0.9485, valid loss: 0.18084574, test acc: 0.9588, test loss: 0.15446606
[2026-06-26 11:00:36,388][root][INFO] - reg loss: 4.063525978124367, entropy loss: 0.19185061893373165, leaf dev: 0.24924473464488983
[2026-06-26 11:00:36,389][root][INFO] - Val leaf stats: tensor([0.0000e+00, 1.0000e-03, 9.9717e-01, 1.0000e-03, 0.0000e+00, 0.0000e+00,
        0.0000e+00, 0.0000e+00, 0.0000e+00, 0.0000e+00, 0.0000e+00, 0.0000e+00,
        0.0000e+00, 0.0000e+00, 0.0000e+00, 8.3333e-04])
[2026-06-26 11:00:38,999][root][INFO] - reg loss: 4.4140374345599485, entropy loss: 0.2112414647104605, leaf dev: 0.18011312186717987
[2026-06-26 11:00:39,000][root][INFO] - Val leaf stats: tensor([3.3333e-04, 8.7333e-02, 7.1167e-01, 1.0000e-03, 1.8667e-01, 1.3000e-02,
        0.0000e+00, 0.0000e+00, 0.0000e+00, 0.0000e+00, 0.0000e+00, 0.0000e+00,
        0.0000e+00, 0.0000e+00, 0.0000e+00, 0.0000e+00])
[2026-06-26 11:00:39,358][root][INFO] - Epoch: 30 | train acc: 0.9629, train loss: 0.12807776, valid acc: 0.9332, valid loss: 0.23080726, test acc: 0.9358, test loss: 0.21715271
[2026-06-26 11:00:39,504][root][INFO] - reg loss: 4.173647061833796, entropy loss: 0.187647541457752, leaf dev: 0.19909270107746124
[2026-06-26 11:00:39,505][root][INFO] - Val leaf stats: tensor([0.0000e+00, 0.0000e+00, 0.0000e+00, 1.6667e-04, 0.0000e+00, 0.0000e+00,
        0.0000e+00, 2.1883e-01, 0.0000e+00, 7.8050e-01, 0.0000e+00, 0.0000e+00,
        0.0000e+00, 5.0000e-04, 0.0000e+00, 0.0000e+00])
[2026-06-26 11:00:40,557][root][INFO] - Epoch: 31 | train acc: 0.9746, train loss: 0.08776720, valid acc: 0.9495, valid loss: 0.18570754, test acc: 0.9505, test loss: 0.17155596
[2026-06-26 11:00:40,590][root][INFO] - reg loss: 4.010533553249431, entropy loss: 0.21164502822003275, leaf dev: 0.24968905746936798
[2026-06-26 11:00:40,601][root][INFO] - Val leaf stats: tensor([0.0000, 0.0000, 0.9988, 0.0012, 0.0000, 0.0000, 0.0000, 0.0000, 0.0000,
        0.0000, 0.0000, 0.0000, 0.0000, 0.0000, 0.0000, 0.0000])
[2026-06-26 11:00:41,480][root][INFO] - reg loss: 4.119569989870179, entropy loss: 0.22359234966197103, leaf dev: 0.2198152393102646
[2026-06-26 11:00:41,481][root][INFO] - Val leaf stats: tensor([0.0000, 0.0565, 0.8845, 0.0275, 0.0315, 0.0000, 0.0000, 0.0000, 0.0000,
        0.0000, 0.0000, 0.0000, 0.0000, 0.0000, 0.0000, 0.0000])
[2026-06-26 11:00:41,909][root][INFO] - Epoch: 30 | train acc: 0.9525, train loss: 4.79814358, valid acc: 0.9418, valid loss: 0.21585323, test acc: 0.9399, test loss: 0.23648357
[2026-06-26 11:00:42,361][root][INFO] - Epoch: 30 | train acc: 0.9605, train loss: 4.17105110, valid acc: 0.9490, valid loss: 0.17850083, test acc: 0.9492, test loss: 0.17719214
[2026-06-26 11:00:43,810][root][INFO] - Epoch: 30 | train acc: 0.9458, train loss: 8.70126696, valid acc: 0.9168, valid loss: 0.32134592, test acc: 0.9218, test loss: 0.28580834
[2026-06-26 11:00:44,089][root][INFO] - Epoch: 31 | train acc: 0.9573, train loss: 8.82835921, valid acc: 0.9410, valid loss: 0.21518171, test acc: 0.9412, test loss: 0.21507274
[2026-06-26 11:00:44,446][root][INFO] - reg loss: 6.117938572505735, entropy loss: 0.269231212729553, leaf dev: 0.09312697499990463
[2026-06-26 11:00:44,447][root][INFO] - Val leaf stats: tensor([1.6667e-04, 0.0000e+00, 5.5000e-03, 0.0000e+00, 0.0000e+00, 0.0000e+00,
        1.9500e-02, 2.5000e-03, 1.7333e-01, 3.4333e-02, 2.9667e-01, 6.1000e-02,
        6.6500e-02, 2.2867e-01, 0.0000e+00, 1.1183e-01])
[2026-06-26 11:00:45,696][root][INFO] - Epoch: 31 | train acc: 0.9550, train loss: 4.40404428, valid acc: 0.9325, valid loss: 0.24982830, test acc: 0.9411, test loss: 0.21432480
[2026-06-26 11:00:46,033][root][INFO] - Epoch: 30 | train acc: 0.9613, train loss: 32.13726745, valid acc: 0.9518, valid loss: 0.17909865, test acc: 0.9502, test loss: 0.16651347
[2026-06-26 11:00:46,075][root][INFO] - reg loss: 6.364095759841631, entropy loss: 0.30591228548085914, leaf dev: 0.10464783757925034
[2026-06-26 11:00:46,076][root][INFO] - Val leaf stats: tensor([0.0000, 0.0000, 0.0000, 0.0000, 0.2845, 0.3083, 0.0005, 0.1062, 0.0067,
        0.0173, 0.0267, 0.1867, 0.0598, 0.0020, 0.0013, 0.0000])
[2026-06-26 11:00:46,717][root][INFO] - reg loss: 4.632737915470915, entropy loss: 0.14045113789023095, leaf dev: 0.1458684653043747
[2026-06-26 11:00:46,718][root][INFO] - Val leaf stats: tensor([0.0000e+00, 0.0000e+00, 0.0000e+00, 0.0000e+00, 0.0000e+00, 0.0000e+00,
        2.5000e-03, 1.5217e-01, 1.6667e-04, 5.0333e-01, 3.2400e-01, 4.1667e-03,
        0.0000e+00, 0.0000e+00, 8.3333e-04, 1.2833e-02])
[2026-06-26 11:00:47,508][root][INFO] - reg loss: 4.037730221478444, entropy loss: 0.16596575882637277, leaf dev: 0.24773773550987244
[2026-06-26 11:00:47,510][root][INFO] - Val leaf stats: tensor([0.0000e+00, 0.0000e+00, 0.0000e+00, 0.0000e+00, 0.0000e+00, 0.0000e+00,
        0.0000e+00, 2.6667e-03, 3.3333e-04, 9.9150e-01, 0.0000e+00, 0.0000e+00,
        0.0000e+00, 0.0000e+00, 0.0000e+00, 5.5000e-03])
[2026-06-26 11:00:49,114][root][INFO] - reg loss: 4.252931945728806, entropy loss: 0.15375544693110124, leaf dev: 0.22676371037960052
[2026-06-26 11:00:49,116][root][INFO] - Val leaf stats: tensor([1.3333e-03, 3.9167e-02, 9.1150e-01, 1.0667e-02, 6.6667e-04, 0.0000e+00,
        0.0000e+00, 0.0000e+00, 0.0000e+00, 0.0000e+00, 0.0000e+00, 0.0000e+00,
        0.0000e+00, 0.0000e+00, 0.0000e+00, 3.6667e-02])
[2026-06-26 11:00:49,355][root][INFO] - reg loss: 4.335915525004549, entropy loss: 0.1604030949046027, leaf dev: 0.16664382815361023
[2026-06-26 11:00:49,356][root][INFO] - Val leaf stats: tensor([0.0000, 0.0000, 0.0000, 0.0000, 0.0000, 0.0000, 0.0000, 0.0000, 0.0055,
        0.6472, 0.2058, 0.0010, 0.0072, 0.0000, 0.0000, 0.1333])
[2026-06-26 11:00:50,911][root][INFO] - reg loss: 4.2458238196822835, entropy loss: 0.19474645422877007, leaf dev: 0.17825056612491608
[2026-06-26 11:00:50,913][root][INFO] - Val leaf stats: tensor([1.6667e-04, 5.8500e-02, 7.0067e-01, 2.0917e-01, 0.0000e+00, 0.0000e+00,
        0.0000e+00, 0.0000e+00, 0.0000e+00, 0.0000e+00, 0.0000e+00, 0.0000e+00,
        0.0000e+00, 0.0000e+00, 0.0000e+00, 3.1500e-02])
[2026-06-26 11:00:51,121][root][INFO] - Epoch: 31 | train acc: 0.9824, train loss: 0.06285280, valid acc: 0.9580, valid loss: 0.14793588, test acc: 0.9604, test loss: 0.14452182
[2026-06-26 11:00:51,297][root][INFO] - reg loss: 4.000693217763361, entropy loss: 0.1856305884583941, leaf dev: 0.25
[2026-06-26 11:00:51,298][root][INFO] - Val leaf stats: tensor([0., 0., 0., 0., 0., 0., 0., 0., 0., 1., 0., 0., 0., 0., 0., 0.])
[2026-06-26 11:00:53,861][root][INFO] - Epoch: 31 | train acc: 0.9665, train loss: 0.11349985, valid acc: 0.9443, valid loss: 0.20030333, test acc: 0.9485, test loss: 0.17833781
[2026-06-26 11:00:55,688][root][INFO] - Epoch: 32 | train acc: 0.9636, train loss: 8.15923542, valid acc: 0.9532, valid loss: 0.17537008, test acc: 0.9503, test loss: 0.16608744
[2026-06-26 11:00:56,926][root][INFO] - reg loss: 5.800024972771698, entropy loss: 0.24592651300272853, leaf dev: 0.10441538691520691
[2026-06-26 11:00:56,927][root][INFO] - Val leaf stats: tensor([0.0000, 0.0000, 0.0000, 0.0000, 0.0147, 0.2158, 0.0000, 0.0000, 0.0762,
        0.1678, 0.0000, 0.0000, 0.0025, 0.3468, 0.1568, 0.0193])
[2026-06-26 11:00:58,521][root][INFO] - Epoch: 32 | train acc: 0.9472, train loss: 16.75620622, valid acc: 0.9052, valid loss: 0.44434664, test acc: 0.9117, test loss: 0.33875229
[2026-06-26 11:00:58,685][root][INFO] - reg loss: 6.477792357498744, entropy loss: 0.2813469905335948, leaf dev: 0.09218676388263702
[2026-06-26 11:00:58,686][root][INFO] - Val leaf stats: tensor([0.0017, 0.0022, 0.2050, 0.0767, 0.0005, 0.0048, 0.0000, 0.0000, 0.3138,
        0.0980, 0.1392, 0.0182, 0.1172, 0.0228, 0.0000, 0.0000])
[2026-06-26 11:00:59,548][root][INFO] - Epoch: 31 | train acc: 0.9643, train loss: 32.18890942, valid acc: 0.9420, valid loss: 0.19857168, test acc: 0.9507, test loss: 0.17111023
[2026-06-26 11:00:59,873][root][INFO] - Epoch: 31 | train acc: 0.9592, train loss: 2.38873533, valid acc: 0.9333, valid loss: 0.23147558, test acc: 0.9427, test loss: 0.20819194
[2026-06-26 11:01:00,302][root][INFO] - Epoch: 31 | train acc: 0.9563, train loss: 2.55881884, valid acc: 0.9365, valid loss: 0.22084669, test acc: 0.9357, test loss: 0.22691230
[2026-06-26 11:01:01,178][root][INFO] - reg loss: 4.0169016325248865, entropy loss: 0.1730140508064684, leaf dev: 0.24942271411418915
[2026-06-26 11:01:01,179][root][INFO] - Val leaf stats: tensor([0.0000e+00, 0.0000e+00, 0.0000e+00, 0.0000e+00, 0.0000e+00, 0.0000e+00,
        0.0000e+00, 0.0000e+00, 1.6667e-04, 9.9783e-01, 0.0000e+00, 0.0000e+00,
        0.0000e+00, 0.0000e+00, 0.0000e+00, 2.0000e-03])
[2026-06-26 11:01:03,871][root][INFO] - reg loss: 4.1413505212315975, entropy loss: 0.17404831397645878, leaf dev: 0.24243740737438202
[2026-06-26 11:01:03,872][root][INFO] - Val leaf stats: tensor([0.0000, 0.0145, 0.9715, 0.0100, 0.0000, 0.0000, 0.0000, 0.0000, 0.0000,
        0.0000, 0.0000, 0.0000, 0.0000, 0.0000, 0.0000, 0.0040])
[2026-06-26 11:01:05,246][root][INFO] - reg loss: 4.008151670671859, entropy loss: 0.20288120913055707, leaf dev: 0.25
[2026-06-26 11:01:05,247][root][INFO] - Val leaf stats: tensor([0., 0., 1., 0., 0., 0., 0., 0., 0., 0., 0., 0., 0., 0., 0., 0.])
[2026-06-26 11:01:05,631][root][INFO] - reg loss: 4.490716254936074, entropy loss: 0.16946486861638302, leaf dev: 0.13630394637584686
[2026-06-26 11:01:05,632][root][INFO] - Val leaf stats: tensor([0.0000e+00, 8.3333e-02, 4.8033e-01, 3.0883e-01, 6.7667e-02, 0.0000e+00,
        1.6667e-04, 0.0000e+00, 0.0000e+00, 0.0000e+00, 0.0000e+00, 0.0000e+00,
        0.0000e+00, 0.0000e+00, 0.0000e+00, 5.9667e-02])
[2026-06-26 11:01:05,908][root][INFO] - reg loss: 4.8195429028205155, entropy loss: 0.18501741551565673, leaf dev: 0.13619892299175262
[2026-06-26 11:01:05,909][root][INFO] - Val leaf stats: tensor([0.0000e+00, 0.0000e+00, 0.0000e+00, 0.0000e+00, 0.0000e+00, 0.0000e+00,
        2.7833e-01, 4.0150e-01, 0.0000e+00, 3.1950e-01, 5.0000e-04, 0.0000e+00,
        1.6667e-04, 0.0000e+00, 0.0000e+00, 0.0000e+00])
[2026-06-26 11:01:09,089][root][INFO] - Epoch: 31 | train acc: 0.9496, train loss: 17.08077911, valid acc: 0.9313, valid loss: 0.27005235, test acc: 0.9337, test loss: 0.34179532
[2026-06-26 11:01:13,315][root][INFO] - Epoch: 32 | train acc: 0.9650, train loss: 8.18461141, valid acc: 0.9410, valid loss: 0.19695935, test acc: 0.9498, test loss: 0.17459468
[2026-06-26 11:01:14,069][root][INFO] - Epoch: 32 | train acc: 0.9425, train loss: 32.69357213, valid acc: 0.9033, valid loss: 0.47540386, test acc: 0.9125, test loss: 0.30682411
[2026-06-26 11:01:14,494][root][INFO] - reg loss: 4.223854307858449, entropy loss: 0.1642169810409816, leaf dev: 0.22659273445606232
[2026-06-26 11:01:14,495][root][INFO] - Val leaf stats: tensor([0.0000e+00, 0.0000e+00, 0.0000e+00, 0.0000e+00, 0.0000e+00, 0.0000e+00,
        0.0000e+00, 0.0000e+00, 6.0000e-03, 9.0900e-01, 7.9500e-02, 3.3333e-04,
        0.0000e+00, 0.0000e+00, 0.0000e+00, 5.1667e-03])
[2026-06-26 11:01:16,581][root][INFO] - Epoch: 31 | train acc: 0.9651, train loss: 2.20989148, valid acc: 0.9528, valid loss: 0.16786186, test acc: 0.9552, test loss: 0.16725732
[2026-06-26 11:01:18,031][root][INFO] - reg loss: 4.032008715395658, entropy loss: 0.21030496946483287, leaf dev: 0.2486247569322586
[2026-06-26 11:01:18,033][root][INFO] - Val leaf stats: tensor([0.0000e+00, 6.6667e-04, 9.9483e-01, 4.5000e-03, 0.0000e+00, 0.0000e+00,
        0.0000e+00, 0.0000e+00, 0.0000e+00, 0.0000e+00, 0.0000e+00, 0.0000e+00,
        0.0000e+00, 0.0000e+00, 0.0000e+00, 0.0000e+00])
[2026-06-26 11:01:18,373][root][INFO] - Epoch: 31 | train acc: 0.9658, train loss: 2.32928713, valid acc: 0.9450, valid loss: 0.19114997, test acc: 0.9504, test loss: 0.17148371
[2026-06-26 11:01:19,047][root][INFO] - reg loss: 4.061126542541216, entropy loss: 0.1892255332391217, leaf dev: 0.24911166727542877
[2026-06-26 11:01:19,048][root][INFO] - Val leaf stats: tensor([0.0000e+00, 6.6667e-04, 9.9667e-01, 2.0000e-03, 0.0000e+00, 0.0000e+00,
        0.0000e+00, 0.0000e+00, 0.0000e+00, 0.0000e+00, 0.0000e+00, 0.0000e+00,
        0.0000e+00, 0.0000e+00, 0.0000e+00, 6.6667e-04])
[2026-06-26 11:01:19,604][root][INFO] - Epoch: 31 | train acc: 0.9644, train loss: 16.17919130, valid acc: 0.9417, valid loss: 0.19832533, test acc: 0.9505, test loss: 0.17237290
[2026-06-26 11:01:20,312][root][INFO] - Epoch: 31 | train acc: 0.9711, train loss: 4.22378263, valid acc: 0.9448, valid loss: 0.18759626, test acc: 0.9551, test loss: 0.16556509
[2026-06-26 11:01:22,173][root][INFO] - reg loss: 4.185996892317286, entropy loss: 0.18063174342771746, leaf dev: 0.2175149917602539
[2026-06-26 11:01:22,174][root][INFO] - Val leaf stats: tensor([0.0000e+00, 0.0000e+00, 0.0000e+00, 0.0000e+00, 0.0000e+00, 0.0000e+00,
        0.0000e+00, 1.3050e-01, 0.0000e+00, 8.6900e-01, 0.0000e+00, 0.0000e+00,
        0.0000e+00, 0.0000e+00, 0.0000e+00, 5.0000e-04])
[2026-06-26 11:01:23,341][root][INFO] - Epoch: 31 | train acc: 0.9604, train loss: 0.13373905, valid acc: 0.9382, valid loss: 0.22052076, test acc: 0.9409, test loss: 0.20247364
[2026-06-26 11:01:23,361][root][INFO] - reg loss: 4.369772771619401, entropy loss: 0.2186861015715689, leaf dev: 0.18179979920387268
[2026-06-26 11:01:23,363][root][INFO] - Val leaf stats: tensor([0.0033, 0.1757, 0.7208, 0.0103, 0.0877, 0.0022, 0.0000, 0.0000, 0.0000,
        0.0000, 0.0000, 0.0000, 0.0000, 0.0000, 0.0000, 0.0000])
[2026-06-26 11:01:24,864][root][INFO] - reg loss: 4.013918341330762, entropy loss: 0.21174561555655497, leaf dev: 0.2496446669101715
[2026-06-26 11:01:24,865][root][INFO] - Val leaf stats: tensor([0.0000, 0.0000, 0.9987, 0.0013, 0.0000, 0.0000, 0.0000, 0.0000, 0.0000,
        0.0000, 0.0000, 0.0000, 0.0000, 0.0000, 0.0000, 0.0000])
[2026-06-26 11:01:25,362][root][INFO] - Epoch: 32 | train acc: 0.9794, train loss: 0.07260026, valid acc: 0.9513, valid loss: 0.17201517, test acc: 0.9525, test loss: 0.16689568
[2026-06-26 11:01:25,569][root][INFO] - reg loss: 4.1210157691307785, entropy loss: 0.2235041045636501, leaf dev: 0.21391145884990692
[2026-06-26 11:01:25,570][root][INFO] - Val leaf stats: tensor([0.0000, 0.0490, 0.8613, 0.0282, 0.0615, 0.0000, 0.0000, 0.0000, 0.0000,
        0.0000, 0.0000, 0.0000, 0.0000, 0.0000, 0.0000, 0.0000])
[2026-06-26 11:01:26,562][root][INFO] - Epoch: 31 | train acc: 0.9526, train loss: 4.76707757, valid acc: 0.9380, valid loss: 0.23782490, test acc: 0.9398, test loss: 0.23864011
[2026-06-26 11:01:26,760][root][INFO] - Epoch: 31 | train acc: 0.9616, train loss: 4.17499079, valid acc: 0.9505, valid loss: 0.17532781, test acc: 0.9507, test loss: 0.17501975
[2026-06-26 11:01:28,047][root][INFO] - Epoch: 31 | train acc: 0.9464, train loss: 8.70374518, valid acc: 0.9163, valid loss: 0.31545810, test acc: 0.9217, test loss: 0.27240713
[2026-06-26 11:01:28,521][root][INFO] - Epoch: 32 | train acc: 0.9584, train loss: 8.81762305, valid acc: 0.9415, valid loss: 0.21868691, test acc: 0.9417, test loss: 0.21419192
[2026-06-26 11:01:28,609][root][INFO] - reg loss: 6.036726263334167, entropy loss: 0.2418067158674294, leaf dev: 0.08497574925422668
[2026-06-26 11:01:28,610][root][INFO] - Val leaf stats: tensor([1.6667e-04, 0.0000e+00, 6.5000e-03, 0.0000e+00, 0.0000e+00, 0.0000e+00,
        2.0833e-02, 2.5000e-03, 2.0133e-01, 5.4500e-02, 2.0967e-01, 6.7167e-02,
        7.3333e-02, 2.4000e-01, 0.0000e+00, 1.2400e-01])
[2026-06-26 11:01:29,139][root][INFO] - Epoch: 32 | train acc: 0.9561, train loss: 4.41337908, valid acc: 0.9318, valid loss: 0.24922376, test acc: 0.9412, test loss: 0.21038340
[2026-06-26 11:01:29,973][root][INFO] - Epoch: 31 | train acc: 0.9617, train loss: 32.13477156, valid acc: 0.9508, valid loss: 0.17934665, test acc: 0.9506, test loss: 0.16865552
[2026-06-26 11:01:30,263][root][INFO] - reg loss: 6.206407641464809, entropy loss: 0.29546567657083833, leaf dev: 0.10578792542219162
[2026-06-26 11:01:30,264][root][INFO] - Val leaf stats: tensor([0.0000e+00, 0.0000e+00, 0.0000e+00, 0.0000e+00, 2.1183e-01, 3.1433e-01,
        2.0000e-03, 5.5333e-02, 0.0000e+00, 0.0000e+00, 3.0500e-02, 2.6183e-01,
        1.1883e-01, 2.5000e-03, 2.6667e-03, 1.6667e-04])
[2026-06-26 11:01:31,601][root][INFO] - reg loss: 4.602734462270197, entropy loss: 0.13862533656493672, leaf dev: 0.15031231939792633
[2026-06-26 11:01:31,602][root][INFO] - Val leaf stats: tensor([0.0000e+00, 0.0000e+00, 0.0000e+00, 0.0000e+00, 0.0000e+00, 0.0000e+00,
        3.3333e-04, 1.1117e-01, 1.6667e-04, 5.2800e-01, 3.3117e-01, 4.0000e-03,
        0.0000e+00, 0.0000e+00, 1.1667e-03, 2.4000e-02])
[2026-06-26 11:01:31,669][root][INFO] - reg loss: 4.04436299036134, entropy loss: 0.16460445003127153, leaf dev: 0.24685494601726532
[2026-06-26 11:01:31,670][root][INFO] - Val leaf stats: tensor([0.0000, 0.0000, 0.0000, 0.0000, 0.0000, 0.0000, 0.0000, 0.0030, 0.0000,
        0.9882, 0.0000, 0.0000, 0.0000, 0.0000, 0.0000, 0.0088])
[2026-06-26 11:01:33,337][root][INFO] - reg loss: 4.256371012273824, entropy loss: 0.1527251827548135, leaf dev: 0.2276121824979782
[2026-06-26 11:01:33,337][root][INFO] - Val leaf stats: tensor([1.1667e-03, 2.9333e-02, 9.1483e-01, 1.3167e-02, 8.3333e-04, 0.0000e+00,
        0.0000e+00, 0.0000e+00, 0.0000e+00, 0.0000e+00, 0.0000e+00, 0.0000e+00,
        0.0000e+00, 0.0000e+00, 0.0000e+00, 4.0667e-02])
[2026-06-26 11:01:34,104][root][INFO] - reg loss: 4.332819839693466, entropy loss: 0.16117099841248314, leaf dev: 0.1713321954011917
[2026-06-26 11:01:34,105][root][INFO] - Val leaf stats: tensor([0.0000, 0.0000, 0.0000, 0.0000, 0.0000, 0.0000, 0.0000, 0.0000, 0.0037,
        0.6702, 0.1967, 0.0008, 0.0063, 0.0000, 0.0000, 0.1223])
[2026-06-26 11:01:34,468][root][INFO] - reg loss: 4.258953337399465, entropy loss: 0.19222896489894614, leaf dev: 0.1755121350288391
[2026-06-26 11:01:34,470][root][INFO] - Val leaf stats: tensor([3.3333e-04, 5.3000e-02, 6.8883e-01, 2.1267e-01, 0.0000e+00, 0.0000e+00,
        0.0000e+00, 0.0000e+00, 0.0000e+00, 0.0000e+00, 0.0000e+00, 0.0000e+00,
        0.0000e+00, 0.0000e+00, 0.0000e+00, 4.5167e-02])
[2026-06-26 11:01:34,936][root][INFO] - Epoch: 32 | train acc: 0.9835, train loss: 0.05931036, valid acc: 0.9598, valid loss: 0.14374545, test acc: 0.9607, test loss: 0.14188991
[2026-06-26 11:01:35,426][root][INFO] - reg loss: 4.000671229272519, entropy loss: 0.18565400928821205, leaf dev: 0.25
[2026-06-26 11:01:35,427][root][INFO] - Val leaf stats: tensor([0., 0., 0., 0., 0., 0., 0., 0., 0., 1., 0., 0., 0., 0., 0., 0.])
[2026-06-26 11:01:37,133][root][INFO] - Epoch: 32 | train acc: 0.9692, train loss: 0.10894972, valid acc: 0.9475, valid loss: 0.19709682, test acc: 0.9503, test loss: 0.18085982
[2026-06-26 11:01:39,585][root][INFO] - Epoch: 33 | train acc: 0.9642, train loss: 8.15719604, valid acc: 0.9518, valid loss: 0.17606389, test acc: 0.9519, test loss: 0.16273281
[2026-06-26 11:01:40,720][root][INFO] - reg loss: 5.7851689356677936, entropy loss: 0.24006353346806653, leaf dev: 0.10040934383869171
[2026-06-26 11:01:40,721][root][INFO] - Val leaf stats: tensor([0.0000, 0.0000, 0.0000, 0.0000, 0.0168, 0.2128, 0.0000, 0.0000, 0.0895,
        0.1853, 0.0000, 0.0000, 0.0022, 0.3253, 0.1380, 0.0300])
[2026-06-26 11:01:42,269][root][INFO] - reg loss: 6.49778998123025, entropy loss: 0.28341860619356046, leaf dev: 0.0916435495018959
[2026-06-26 11:01:42,270][root][INFO] - Val leaf stats: tensor([0.0015, 0.0022, 0.1885, 0.0763, 0.0010, 0.0055, 0.0000, 0.0000, 0.3040,
        0.0825, 0.1845, 0.0152, 0.1140, 0.0243, 0.0005, 0.0000])
[2026-06-26 11:01:42,645][root][INFO] - Epoch: 33 | train acc: 0.9461, train loss: 16.71929975, valid acc: 0.9050, valid loss: 0.43386277, test acc: 0.9094, test loss: 0.32919029
[2026-06-26 11:01:43,707][root][INFO] - Epoch: 32 | train acc: 0.9654, train loss: 32.17636623, valid acc: 0.9420, valid loss: 0.20017894, test acc: 0.9497, test loss: 0.17311808
[2026-06-26 11:01:44,557][root][INFO] - Epoch: 32 | train acc: 0.9582, train loss: 2.55672999, valid acc: 0.9343, valid loss: 0.22701040, test acc: 0.9365, test loss: 0.23150993
[2026-06-26 11:01:45,381][root][INFO] - Epoch: 32 | train acc: 0.9603, train loss: 2.38376707, valid acc: 0.9327, valid loss: 0.22426696, test acc: 0.9432, test loss: 0.20644302
[2026-06-26 11:01:45,406][root][INFO] - reg loss: 4.016355986865062, entropy loss: 0.17138827648365274, leaf dev: 0.24973338842391968
[2026-06-26 11:01:45,407][root][INFO] - Val leaf stats: tensor([0.0000e+00, 0.0000e+00, 0.0000e+00, 0.0000e+00, 0.0000e+00, 0.0000e+00,
        0.0000e+00, 0.0000e+00, 6.6667e-04, 9.9900e-01, 1.6667e-04, 0.0000e+00,
        0.0000e+00, 0.0000e+00, 0.0000e+00, 1.6667e-04])
[2026-06-26 11:01:48,077][root][INFO] - reg loss: 4.13138853828862, entropy loss: 0.17242845555521408, leaf dev: 0.24592508375644684
[2026-06-26 11:01:48,078][root][INFO] - Val leaf stats: tensor([0.0000e+00, 3.3333e-04, 9.8467e-01, 9.5000e-03, 1.6667e-04, 0.0000e+00,
        0.0000e+00, 0.0000e+00, 0.0000e+00, 0.0000e+00, 0.0000e+00, 0.0000e+00,
        0.0000e+00, 0.0000e+00, 0.0000e+00, 5.3333e-03])
[2026-06-26 11:01:49,476][root][INFO] - reg loss: 4.006928016554634, entropy loss: 0.202791672551407, leaf dev: 0.25
[2026-06-26 11:01:49,477][root][INFO] - Val leaf stats: tensor([0., 0., 1., 0., 0., 0., 0., 0., 0., 0., 0., 0., 0., 0., 0., 0.])
[2026-06-26 11:01:49,977][root][INFO] - reg loss: 4.826595027491732, entropy loss: 0.18441496241205144, leaf dev: 0.13603661954402924
[2026-06-26 11:01:49,978][root][INFO] - Val leaf stats: tensor([0.0000e+00, 0.0000e+00, 0.0000e+00, 0.0000e+00, 0.0000e+00, 0.0000e+00,
        2.7300e-01, 3.9300e-01, 0.0000e+00, 3.3333e-01, 5.0000e-04, 0.0000e+00,
        1.6667e-04, 0.0000e+00, 0.0000e+00, 0.0000e+00])
[2026-06-26 11:01:50,633][root][INFO] - reg loss: 4.490546649357058, entropy loss: 0.16657621596219405, leaf dev: 0.1350424736738205
[2026-06-26 11:01:50,634][root][INFO] - Val leaf stats: tensor([0.0000e+00, 8.0667e-02, 4.7833e-01, 3.0150e-01, 7.7667e-02, 0.0000e+00,
        1.6667e-04, 0.0000e+00, 0.0000e+00, 0.0000e+00, 0.0000e+00, 0.0000e+00,
        0.0000e+00, 0.0000e+00, 0.0000e+00, 6.1667e-02])
[2026-06-26 11:01:54,283][root][INFO] - Epoch: 32 | train acc: 0.9498, train loss: 17.07111888, valid acc: 0.9308, valid loss: 0.28936053, test acc: 0.9297, test loss: 0.33187858
[2026-06-26 11:01:57,570][root][INFO] - Epoch: 33 | train acc: 0.9648, train loss: 8.18718472, valid acc: 0.9443, valid loss: 0.19613541, test acc: 0.9521, test loss: 0.18744413
[2026-06-26 11:01:58,793][root][INFO] - Epoch: 33 | train acc: 0.9434, train loss: 32.69128263, valid acc: 0.9090, valid loss: 0.32192889, test acc: 0.9155, test loss: 0.30882658
[2026-06-26 11:01:59,475][root][INFO] - reg loss: 4.220749405195129, entropy loss: 0.158082274333486, leaf dev: 0.22659137845039368
[2026-06-26 11:01:59,476][root][INFO] - Val leaf stats: tensor([0.0000e+00, 0.0000e+00, 0.0000e+00, 0.0000e+00, 0.0000e+00, 0.0000e+00,
        0.0000e+00, 0.0000e+00, 7.5000e-03, 9.0917e-01, 7.7333e-02, 1.6667e-04,
        0.0000e+00, 0.0000e+00, 0.0000e+00, 5.8333e-03])
[2026-06-26 11:02:01,916][root][INFO] - Epoch: 32 | train acc: 0.9704, train loss: 2.29828195, valid acc: 0.9468, valid loss: 0.18334644, test acc: 0.9538, test loss: 0.16222024
[2026-06-26 11:02:02,618][root][INFO] - reg loss: 4.033959690129982, entropy loss: 0.21004013590655238, leaf dev: 0.24764953553676605
[2026-06-26 11:02:02,627][root][INFO] - Val leaf stats: tensor([0.0000, 0.0030, 0.9912, 0.0058, 0.0000, 0.0000, 0.0000, 0.0000, 0.0000,
        0.0000, 0.0000, 0.0000, 0.0000, 0.0000, 0.0000, 0.0000])
[2026-06-26 11:02:03,013][root][INFO] - Epoch: 32 | train acc: 0.9679, train loss: 2.18108287, valid acc: 0.9548, valid loss: 0.17255948, test acc: 0.9508, test loss: 0.17528936
[2026-06-26 11:02:03,297][root][INFO] - reg loss: 4.060610379812853, entropy loss: 0.1864244258909855, leaf dev: 0.24920034408569336
[2026-06-26 11:02:03,298][root][INFO] - Val leaf stats: tensor([0.0000e+00, 1.3333e-03, 9.9700e-01, 8.3333e-04, 0.0000e+00, 0.0000e+00,
        0.0000e+00, 0.0000e+00, 0.0000e+00, 0.0000e+00, 0.0000e+00, 0.0000e+00,
        0.0000e+00, 0.0000e+00, 0.0000e+00, 8.3333e-04])
[2026-06-26 11:02:03,300][root][INFO] - Epoch: 32 | train acc: 0.9658, train loss: 16.16935942, valid acc: 0.9403, valid loss: 0.20099420, test acc: 0.9496, test loss: 0.17430352
[2026-06-26 11:02:03,381][root][INFO] - Epoch: 32 | train acc: 0.9689, train loss: 4.20391314, valid acc: 0.9495, valid loss: 0.18315969, test acc: 0.9573, test loss: 0.16420360
[2026-06-26 11:02:06,781][root][INFO] - reg loss: 4.390717483916372, entropy loss: 0.2194976657629013, leaf dev: 0.18998859822750092
[2026-06-26 11:02:06,782][root][INFO] - Val leaf stats: tensor([5.0000e-04, 1.1750e-01, 7.6067e-01, 1.1167e-02, 1.0667e-01, 3.5000e-03,
        0.0000e+00, 0.0000e+00, 0.0000e+00, 0.0000e+00, 0.0000e+00, 0.0000e+00,
        0.0000e+00, 0.0000e+00, 0.0000e+00, 0.0000e+00])
[2026-06-26 11:02:07,097][root][INFO] - Epoch: 32 | train acc: 0.9646, train loss: 0.11775311, valid acc: 0.9405, valid loss: 0.21462640, test acc: 0.9438, test loss: 0.19707599
[2026-06-26 11:02:08,257][root][INFO] - reg loss: 4.012256042012629, entropy loss: 0.2115461838976392, leaf dev: 0.24968905746936798
[2026-06-26 11:02:08,258][root][INFO] - Val leaf stats: tensor([0.0000, 0.0000, 0.9988, 0.0012, 0.0000, 0.0000, 0.0000, 0.0000, 0.0000,
        0.0000, 0.0000, 0.0000, 0.0000, 0.0000, 0.0000, 0.0000])
[2026-06-26 11:02:08,469][root][INFO] - Epoch: 33 | train acc: 0.9819, train loss: 0.06500268, valid acc: 0.9527, valid loss: 0.17073614, test acc: 0.9548, test loss: 0.16097789
[2026-06-26 11:02:08,584][root][INFO] - reg loss: 4.097049546691607, entropy loss: 0.2234955532652027, leaf dev: 0.22250358760356903
[2026-06-26 11:02:08,585][root][INFO] - Val leaf stats: tensor([0.0000, 0.0212, 0.8950, 0.0338, 0.0500, 0.0000, 0.0000, 0.0000, 0.0000,
        0.0000, 0.0000, 0.0000, 0.0000, 0.0000, 0.0000, 0.0000])
[2026-06-26 11:02:08,601][root][INFO] - reg loss: 4.13896323150059, entropy loss: 0.16765937335648626, leaf dev: 0.21950918436050415
[2026-06-26 11:02:08,602][root][INFO] - Val leaf stats: tensor([0.0000, 0.0000, 0.0000, 0.0000, 0.0000, 0.0000, 0.0000, 0.1223, 0.0000,
        0.8777, 0.0000, 0.0000, 0.0000, 0.0000, 0.0000, 0.0000])
[2026-06-26 11:02:09,450][root][INFO] - Epoch: 32 | train acc: 0.9616, train loss: 4.19684961, valid acc: 0.9510, valid loss: 0.18192611, test acc: 0.9483, test loss: 0.18307787
[2026-06-26 11:02:10,085][root][INFO] - Epoch: 32 | train acc: 0.9544, train loss: 4.74985108, valid acc: 0.9410, valid loss: 0.22916712, test acc: 0.9411, test loss: 0.22629935
[2026-06-26 11:02:12,287][root][INFO] - Epoch: 32 | train acc: 0.9468, train loss: 8.72043927, valid acc: 0.9125, valid loss: 0.33027793, test acc: 0.9188, test loss: 0.28883715
[2026-06-26 11:02:12,521][root][INFO] - reg loss: 6.096736701029651, entropy loss: 0.24339484142244988, leaf dev: 0.08210821449756622
[2026-06-26 11:02:12,522][root][INFO] - Val leaf stats: tensor([1.6667e-04, 0.0000e+00, 9.1667e-03, 0.0000e+00, 0.0000e+00, 0.0000e+00,
        2.0167e-02, 2.0000e-03, 2.1500e-01, 5.9000e-02, 2.0067e-01, 9.7167e-02,
        6.7833e-02, 2.1467e-01, 0.0000e+00, 1.1417e-01])
[2026-06-26 11:02:12,900][root][INFO] - Epoch: 33 | train acc: 0.9568, train loss: 4.41549622, valid acc: 0.9320, valid loss: 0.24473609, test acc: 0.9404, test loss: 0.21184737
[2026-06-26 11:02:13,759][root][INFO] - reg loss: 6.04268323700383, entropy loss: 0.2773311104414598, leaf dev: 0.10529375076293945
[2026-06-26 11:02:13,760][root][INFO] - Val leaf stats: tensor([0.0000, 0.0000, 0.0000, 0.0000, 0.2208, 0.3110, 0.0018, 0.0600, 0.0000,
        0.0000, 0.0337, 0.2577, 0.1103, 0.0023, 0.0023, 0.0000])
[2026-06-26 11:02:14,433][root][INFO] - Epoch: 33 | train acc: 0.9505, train loss: 9.06392027, valid acc: 0.9320, valid loss: 0.24823885, test acc: 0.9324, test loss: 0.27798451
[2026-06-26 11:02:14,861][root][INFO] - Epoch: 32 | train acc: 0.9628, train loss: 32.13366368, valid acc: 0.9532, valid loss: 0.17853904, test acc: 0.9507, test loss: 0.16934564
[2026-06-26 11:02:15,130][root][INFO] - reg loss: 4.584890482560644, entropy loss: 0.1357999102405782, leaf dev: 0.1468813568353653
[2026-06-26 11:02:15,131][root][INFO] - Val leaf stats: tensor([0.0000e+00, 0.0000e+00, 0.0000e+00, 0.0000e+00, 0.0000e+00, 0.0000e+00,
        1.6667e-03, 1.1900e-01, 1.6667e-04, 5.2550e-01, 3.0667e-01, 4.0000e-03,
        1.6667e-04, 0.0000e+00, 1.1667e-03, 4.1667e-02])
[2026-06-26 11:02:15,132][root][INFO] - reg loss: 4.06176367345846, entropy loss: 0.16497976909268577, leaf dev: 0.23960039019584656
[2026-06-26 11:02:15,133][root][INFO] - Val leaf stats: tensor([0.0000e+00, 0.0000e+00, 0.0000e+00, 0.0000e+00, 0.0000e+00, 0.0000e+00,
        0.0000e+00, 3.1833e-02, 5.0000e-04, 9.6050e-01, 0.0000e+00, 0.0000e+00,
        0.0000e+00, 0.0000e+00, 0.0000e+00, 7.1667e-03])
[2026-06-26 11:02:17,371][root][INFO] - reg loss: 4.265577343274963, entropy loss: 0.14858067148136642, leaf dev: 0.22895267605781555
[2026-06-26 11:02:17,372][root][INFO] - Val leaf stats: tensor([8.3333e-04, 2.6833e-02, 9.2000e-01, 1.2667e-02, 8.3333e-04, 0.0000e+00,
        0.0000e+00, 0.0000e+00, 0.0000e+00, 0.0000e+00, 0.0000e+00, 0.0000e+00,
        0.0000e+00, 0.0000e+00, 0.0000e+00, 3.8833e-02])
[2026-06-26 11:02:18,190][root][INFO] - reg loss: 4.259710500825126, entropy loss: 0.18698908754114835, leaf dev: 0.17764660716056824
[2026-06-26 11:02:18,191][root][INFO] - Val leaf stats: tensor([0.0000, 0.0577, 0.6988, 0.2070, 0.0000, 0.0000, 0.0000, 0.0000, 0.0000,
        0.0000, 0.0000, 0.0000, 0.0000, 0.0000, 0.0000, 0.0365])
[2026-06-26 11:02:18,832][root][INFO] - Epoch: 33 | train acc: 0.9842, train loss: 0.05611055, valid acc: 0.9622, valid loss: 0.14102343, test acc: 0.9599, test loss: 0.14513881
[2026-06-26 11:02:19,413][root][INFO] - reg loss: 4.43920178683299, entropy loss: 0.16189126979629948, leaf dev: 0.14521805942058563
[2026-06-26 11:02:19,414][root][INFO] - Val leaf stats: tensor([0.0000, 0.0000, 0.0000, 0.0000, 0.0000, 0.0000, 0.0000, 0.0000, 0.0043,
        0.4497, 0.3965, 0.0023, 0.0082, 0.0000, 0.0000, 0.1390])
[2026-06-26 11:02:20,020][root][INFO] - reg loss: 4.000668705634351, entropy loss: 0.18562600789767392, leaf dev: 0.25
[2026-06-26 11:02:20,021][root][INFO] - Val leaf stats: tensor([0., 0., 0., 0., 0., 0., 0., 0., 0., 1., 0., 0., 0., 0., 0., 0.])
[2026-06-26 11:02:20,174][root][INFO] - Epoch: 33 | train acc: 0.9590, train loss: 0.14781501, valid acc: 0.9410, valid loss: 0.21604038, test acc: 0.9457, test loss: 0.19164048
[2026-06-26 11:02:23,741][root][INFO] - Epoch: 34 | train acc: 0.9642, train loss: 8.13652527, valid acc: 0.9517, valid loss: 0.18385386, test acc: 0.9512, test loss: 0.16903311
[2026-06-26 11:02:24,324][root][INFO] - reg loss: 5.7941237935480085, entropy loss: 0.24204727543412513, leaf dev: 0.09945886582136154
[2026-06-26 11:02:24,326][root][INFO] - Val leaf stats: tensor([0.0000, 0.0000, 0.0000, 0.0000, 0.0182, 0.2050, 0.0000, 0.0000, 0.0985,
        0.1918, 0.0000, 0.0000, 0.0027, 0.3233, 0.1282, 0.0323])
[2026-06-26 11:02:25,645][root][INFO] - Epoch: 34 | train acc: 0.9438, train loss: 16.66463944, valid acc: 0.9035, valid loss: 0.43942616, test acc: 0.9095, test loss: 0.33434021
[2026-06-26 11:02:26,195][root][INFO] - reg loss: 6.432026440242551, entropy loss: 0.28028439182155535, leaf dev: 0.09674359112977982
[2026-06-26 11:02:26,196][root][INFO] - Val leaf stats: tensor([0.0018, 0.0028, 0.2120, 0.0838, 0.0025, 0.0123, 0.0000, 0.0000, 0.3123,
        0.0913, 0.2048, 0.0013, 0.0443, 0.0305, 0.0000, 0.0000])
[2026-06-26 11:02:28,343][root][INFO] - Epoch: 33 | train acc: 0.9587, train loss: 2.55460927, valid acc: 0.9333, valid loss: 0.23471332, test acc: 0.9340, test loss: 0.23523098
[2026-06-26 11:02:28,349][root][INFO] - Epoch: 33 | train acc: 0.9649, train loss: 32.17787995, valid acc: 0.9438, valid loss: 0.19963803, test acc: 0.9525, test loss: 0.17216034
[2026-06-26 11:02:29,620][root][INFO] - Epoch: 33 | train acc: 0.9549, train loss: 2.38063470, valid acc: 0.9342, valid loss: 0.22795674, test acc: 0.9412, test loss: 0.20901093
[2026-06-26 11:02:29,663][root][INFO] - reg loss: 4.007102979803985, entropy loss: 0.17138573653855413, leaf dev: 0.2496889978647232
[2026-06-26 11:02:29,664][root][INFO] - Val leaf stats: tensor([0.0000e+00, 0.0000e+00, 0.0000e+00, 0.0000e+00, 0.0000e+00, 0.0000e+00,
        0.0000e+00, 8.3333e-04, 3.3333e-04, 9.9883e-01, 0.0000e+00, 0.0000e+00,
        0.0000e+00, 0.0000e+00, 0.0000e+00, 0.0000e+00])
[2026-06-26 11:02:30,504][root][INFO] - reg loss: 4.116574120971392, entropy loss: 0.17062988005719096, leaf dev: 0.24636854231357574
[2026-06-26 11:02:30,505][root][INFO] - Val leaf stats: tensor([0.0000e+00, 6.6667e-04, 9.8633e-01, 1.0000e-02, 1.6667e-04, 0.0000e+00,
        0.0000e+00, 0.0000e+00, 0.0000e+00, 0.0000e+00, 0.0000e+00, 0.0000e+00,
        0.0000e+00, 0.0000e+00, 0.0000e+00, 2.8333e-03])
[2026-06-26 11:02:34,064][root][INFO] - reg loss: 4.831038376070419, entropy loss: 0.18473794718958297, leaf dev: 0.13656678795814514
[2026-06-26 11:02:34,065][root][INFO] - Val leaf stats: tensor([0.0000e+00, 0.0000e+00, 0.0000e+00, 0.0000e+00, 0.0000e+00, 0.0000e+00,
        2.6367e-01, 4.0050e-01, 0.0000e+00, 3.3517e-01, 5.0000e-04, 0.0000e+00,
        1.6667e-04, 0.0000e+00, 0.0000e+00, 0.0000e+00])
[2026-06-26 11:02:34,150][root][INFO] - reg loss: 4.007247681887645, entropy loss: 0.20279334696396342, leaf dev: 0.24986669421195984
[2026-06-26 11:02:34,151][root][INFO] - Val leaf stats: tensor([0.0000e+00, 0.0000e+00, 9.9950e-01, 5.0000e-04, 0.0000e+00, 0.0000e+00,
        0.0000e+00, 0.0000e+00, 0.0000e+00, 0.0000e+00, 0.0000e+00, 0.0000e+00,
        0.0000e+00, 0.0000e+00, 0.0000e+00, 0.0000e+00])
[2026-06-26 11:02:35,275][root][INFO] - reg loss: 4.451774781604983, entropy loss: 0.16158739097838132, leaf dev: 0.14093831181526184
[2026-06-26 11:02:35,276][root][INFO] - Val leaf stats: tensor([5.0000e-04, 8.1167e-02, 5.1450e-01, 2.8700e-01, 5.7833e-02, 0.0000e+00,
        3.3333e-04, 0.0000e+00, 0.0000e+00, 0.0000e+00, 0.0000e+00, 0.0000e+00,
        0.0000e+00, 0.0000e+00, 0.0000e+00, 5.8667e-02])
[2026-06-26 11:02:38,052][root][INFO] - Epoch: 33 | train acc: 0.9501, train loss: 17.07780219, valid acc: 0.9310, valid loss: 0.28685164, test acc: 0.9327, test loss: 0.29705482
[2026-06-26 11:02:41,925][root][INFO] - Epoch: 34 | train acc: 0.9654, train loss: 8.19235187, valid acc: 0.9435, valid loss: 0.19982386, test acc: 0.9512, test loss: 0.18949538
[2026-06-26 11:02:43,497][root][INFO] - reg loss: 4.2235368512711435, entropy loss: 0.15725981612812798, leaf dev: 0.2253177911043167
[2026-06-26 11:02:43,498][root][INFO] - Val leaf stats: tensor([0.0000e+00, 0.0000e+00, 0.0000e+00, 0.0000e+00, 0.0000e+00, 0.0000e+00,
        0.0000e+00, 0.0000e+00, 9.3333e-03, 9.0400e-01, 8.1833e-02, 1.6667e-04,
        0.0000e+00, 0.0000e+00, 0.0000e+00, 4.6667e-03])
[2026-06-26 11:02:43,701][root][INFO] - Epoch: 34 | train acc: 0.9434, train loss: 32.73907773, valid acc: 0.9073, valid loss: 0.45960288, test acc: 0.9144, test loss: 0.30976257
[2026-06-26 11:02:46,301][root][INFO] - Epoch: 33 | train acc: 0.9733, train loss: 2.27930374, valid acc: 0.9502, valid loss: 0.17602680, test acc: 0.9543, test loss: 0.15878067
[2026-06-26 11:02:46,875][root][INFO] - reg loss: 4.037170783528742, entropy loss: 0.21015564830235714, leaf dev: 0.2476937472820282
[2026-06-26 11:02:46,876][root][INFO] - Val leaf stats: tensor([0.0000, 0.0030, 0.9913, 0.0057, 0.0000, 0.0000, 0.0000, 0.0000, 0.0000,
        0.0000, 0.0000, 0.0000, 0.0000, 0.0000, 0.0000, 0.0000])
[2026-06-26 11:02:47,005][root][INFO] - Epoch: 33 | train acc: 0.9651, train loss: 16.17204790, valid acc: 0.9432, valid loss: 0.20113501, test acc: 0.9523, test loss: 0.17260408
[2026-06-26 11:02:48,458][root][INFO] - Epoch: 33 | train acc: 0.9683, train loss: 2.18870400, valid acc: 0.9562, valid loss: 0.16278039, test acc: 0.9544, test loss: 0.16611309
[2026-06-26 11:02:48,648][root][INFO] - Epoch: 33 | train acc: 0.9708, train loss: 4.19539223, valid acc: 0.9512, valid loss: 0.17696305, test acc: 0.9577, test loss: 0.15006879
[2026-06-26 11:02:48,813][root][INFO] - reg loss: 4.067272181780833, entropy loss: 0.18408933703629476, leaf dev: 0.24928918480873108
[2026-06-26 11:02:48,814][root][INFO] - Val leaf stats: tensor([0.0000e+00, 1.1667e-03, 9.9733e-01, 1.0000e-03, 0.0000e+00, 0.0000e+00,
        0.0000e+00, 0.0000e+00, 0.0000e+00, 0.0000e+00, 0.0000e+00, 0.0000e+00,
        0.0000e+00, 0.0000e+00, 0.0000e+00, 5.0000e-04])
[2026-06-26 11:02:51,347][root][INFO] - reg loss: 4.374003252893124, entropy loss: 0.21883167045296364, leaf dev: 0.18479564785957336
[2026-06-26 11:02:51,348][root][INFO] - Val leaf stats: tensor([0.0012, 0.1302, 0.7373, 0.0088, 0.1185, 0.0040, 0.0000, 0.0000, 0.0000,
        0.0000, 0.0000, 0.0000, 0.0000, 0.0000, 0.0000, 0.0000])
[2026-06-26 11:02:51,705][root][INFO] - Epoch: 33 | train acc: 0.9673, train loss: 0.10840481, valid acc: 0.9410, valid loss: 0.20995510, test acc: 0.9438, test loss: 0.19566846
[2026-06-26 11:02:51,974][root][INFO] - reg loss: 4.013101181893979, entropy loss: 0.2114226926329001, leaf dev: 0.24960027635097504
[2026-06-26 11:02:51,975][root][INFO] - Val leaf stats: tensor([0.0000, 0.0000, 0.9985, 0.0015, 0.0000, 0.0000, 0.0000, 0.0000, 0.0000,
        0.0000, 0.0000, 0.0000, 0.0000, 0.0000, 0.0000, 0.0000])
[2026-06-26 11:02:52,661][root][INFO] - Epoch: 34 | train acc: 0.9820, train loss: 0.06204072, valid acc: 0.9515, valid loss: 0.17506873, test acc: 0.9510, test loss: 0.17218946
[2026-06-26 11:02:53,528][root][INFO] - reg loss: 4.15936952267053, entropy loss: 0.16468422803676352, leaf dev: 0.2098589986562729
[2026-06-26 11:02:53,529][root][INFO] - Val leaf stats: tensor([0.0000, 0.0000, 0.0000, 0.0000, 0.0000, 0.0000, 0.0000, 0.1660, 0.0000,
        0.8340, 0.0000, 0.0000, 0.0000, 0.0000, 0.0000, 0.0000])
[2026-06-26 11:02:53,709][root][INFO] - reg loss: 4.093212087199373, entropy loss: 0.22112321502195215, leaf dev: 0.22188590466976166
[2026-06-26 11:02:53,710][root][INFO] - Val leaf stats: tensor([0.0000, 0.0310, 0.8927, 0.0265, 0.0498, 0.0000, 0.0000, 0.0000, 0.0000,
        0.0000, 0.0000, 0.0000, 0.0000, 0.0000, 0.0000, 0.0000])
[2026-06-26 11:02:53,960][root][INFO] - Epoch: 33 | train acc: 0.9627, train loss: 4.19308221, valid acc: 0.9518, valid loss: 0.17457826, test acc: 0.9514, test loss: 0.17248354
[2026-06-26 11:02:54,052][root][INFO] - Epoch: 33 | train acc: 0.9485, train loss: 4.93154558, valid acc: 0.9428, valid loss: 0.21415008, test acc: 0.9404, test loss: 0.23255543
[2026-06-26 11:02:56,533][root][INFO] - Epoch: 33 | train acc: 0.9473, train loss: 8.70345347, valid acc: 0.9187, valid loss: 0.30861735, test acc: 0.9220, test loss: 0.27812988
[2026-06-26 11:02:57,021][root][INFO] - reg loss: 6.099167216498897, entropy loss: 0.24426758528318046, leaf dev: 0.08170031011104584
[2026-06-26 11:02:57,022][root][INFO] - Val leaf stats: tensor([1.6667e-04, 0.0000e+00, 9.3333e-03, 0.0000e+00, 0.0000e+00, 0.0000e+00,
        2.1500e-02, 2.5000e-03, 1.9017e-01, 4.5833e-02, 1.7200e-01, 1.4317e-01,
        6.7167e-02, 2.3967e-01, 0.0000e+00, 1.0850e-01])
[2026-06-26 11:02:57,467][root][INFO] - Epoch: 34 | train acc: 0.9569, train loss: 4.39929896, valid acc: 0.9325, valid loss: 0.24758633, test acc: 0.9409, test loss: 0.21103388
[2026-06-26 11:02:57,712][root][INFO] - reg loss: 6.078779265565692, entropy loss: 0.27729272139522265, leaf dev: 0.10327645391225815
[2026-06-26 11:02:57,713][root][INFO] - Val leaf stats: tensor([0.0000e+00, 0.0000e+00, 0.0000e+00, 0.0000e+00, 1.8350e-01, 3.2083e-01,
        1.6667e-04, 8.0333e-02, 0.0000e+00, 0.0000e+00, 3.7667e-02, 2.5250e-01,
        1.1933e-01, 2.8333e-03, 2.6667e-03, 1.6667e-04])
[2026-06-26 11:02:58,197][root][INFO] - Epoch: 34 | train acc: 0.9536, train loss: 9.10162847, valid acc: 0.9402, valid loss: 0.21805666, test acc: 0.9387, test loss: 0.21677635
[2026-06-26 11:02:58,957][root][INFO] - Epoch: 33 | train acc: 0.9631, train loss: 32.13180171, valid acc: 0.9512, valid loss: 0.17715105, test acc: 0.9522, test loss: 0.16399056
[2026-06-26 11:02:59,061][root][INFO] - reg loss: 4.722113060501386, entropy loss: 0.16030245555459327, leaf dev: 0.14020201563835144
[2026-06-26 11:02:59,062][root][INFO] - Val leaf stats: tensor([0.0000e+00, 0.0000e+00, 0.0000e+00, 0.0000e+00, 0.0000e+00, 0.0000e+00,
        2.1667e-03, 1.3533e-01, 1.6667e-04, 5.1800e-01, 2.5083e-01, 3.3333e-03,
        1.6667e-04, 0.0000e+00, 1.8333e-03, 8.8167e-02])
[2026-06-26 11:02:59,449][root][INFO] - reg loss: 4.065064313276759, entropy loss: 0.1654992387542185, leaf dev: 0.24389806389808655
[2026-06-26 11:02:59,450][root][INFO] - Val leaf stats: tensor([0.0000, 0.0000, 0.0000, 0.0000, 0.0000, 0.0000, 0.0000, 0.0120, 0.0000,
        0.9770, 0.0000, 0.0000, 0.0000, 0.0000, 0.0000, 0.0110])
[2026-06-26 11:03:01,920][root][INFO] - reg loss: 4.2555305822840275, entropy loss: 0.14770176233548038, leaf dev: 0.22472651302814484
[2026-06-26 11:03:01,921][root][INFO] - Val leaf stats: tensor([8.3333e-04, 4.1333e-02, 9.0367e-01, 1.5000e-02, 5.0000e-04, 0.0000e+00,
        0.0000e+00, 0.0000e+00, 0.0000e+00, 0.0000e+00, 0.0000e+00, 0.0000e+00,
        1.6667e-04, 0.0000e+00, 0.0000e+00, 3.8500e-02])
[2026-06-26 11:03:02,164][root][INFO] - Epoch: 34 | train acc: 0.9854, train loss: 0.05417535, valid acc: 0.9607, valid loss: 0.14311279, test acc: 0.9605, test loss: 0.14252638
[2026-06-26 11:03:02,418][root][INFO] - reg loss: 4.2463618854306775, entropy loss: 0.18100551825087025, leaf dev: 0.1764228343963623
[2026-06-26 11:03:02,420][root][INFO] - Val leaf stats: tensor([3.3333e-04, 5.2167e-02, 6.9433e-01, 2.0567e-01, 0.0000e+00, 0.0000e+00,
        0.0000e+00, 0.0000e+00, 0.0000e+00, 0.0000e+00, 0.0000e+00, 0.0000e+00,
        0.0000e+00, 0.0000e+00, 0.0000e+00, 4.7500e-02])
[2026-06-26 11:03:03,551][root][INFO] - reg loss: 4.468198722263552, entropy loss: 0.16117490799921863, leaf dev: 0.15430112183094025
[2026-06-26 11:03:03,552][root][INFO] - Val leaf stats: tensor([0.0000, 0.0000, 0.0000, 0.0000, 0.0000, 0.0000, 0.0000, 0.0000, 0.0042,
        0.5640, 0.2890, 0.0032, 0.0057, 0.0000, 0.0000, 0.1340])
[2026-06-26 11:03:03,904][root][INFO] - Epoch: 34 | train acc: 0.9649, train loss: 0.12166551, valid acc: 0.9428, valid loss: 0.19967883, test acc: 0.9446, test loss: 0.18921325
[2026-06-26 11:03:04,109][root][INFO] - reg loss: 4.000661863470977, entropy loss: 0.18557893695696345, leaf dev: 0.25
[2026-06-26 11:03:04,110][root][INFO] - Val leaf stats: tensor([0., 0., 0., 0., 0., 0., 0., 0., 0., 1., 0., 0., 0., 0., 0., 0.])
[2026-06-26 11:03:07,368][root][INFO] - Epoch: 35 | train acc: 0.9641, train loss: 8.13976474, valid acc: 0.9505, valid loss: 0.17880527, test acc: 0.9510, test loss: 0.16537855
[2026-06-26 11:03:07,762][root][INFO] - reg loss: 5.722493365125836, entropy loss: 0.23389663322354262, leaf dev: 0.10404244065284729
[2026-06-26 11:03:07,772][root][INFO] - Val leaf stats: tensor([0.0000, 0.0000, 0.0000, 0.0000, 0.0238, 0.2073, 0.0000, 0.0000, 0.0652,
        0.2068, 0.0000, 0.0000, 0.0033, 0.3258, 0.1677, 0.0000])
[2026-06-26 11:03:08,297][root][INFO] - Epoch: 35 | train acc: 0.9447, train loss: 16.69921360, valid acc: 0.9032, valid loss: 0.33676240, test acc: 0.9085, test loss: 0.33506939
[2026-06-26 11:03:09,695][root][INFO] - reg loss: 6.17281632153493, entropy loss: 0.2572791392229638, leaf dev: 0.09272490441799164
[2026-06-26 11:03:09,696][root][INFO] - Val leaf stats: tensor([0.0020, 0.0027, 0.1888, 0.0777, 0.0022, 0.0127, 0.0000, 0.0000, 0.3010,
        0.1277, 0.1920, 0.0007, 0.0743, 0.0177, 0.0007, 0.0000])
[2026-06-26 11:03:12,746][root][INFO] - Epoch: 34 | train acc: 0.9585, train loss: 2.39173537, valid acc: 0.9313, valid loss: 0.23044300, test acc: 0.9404, test loss: 0.20847654
[2026-06-26 11:03:12,782][root][INFO] - Epoch: 34 | train acc: 0.9656, train loss: 32.17579896, valid acc: 0.9423, valid loss: 0.20054556, test acc: 0.9513, test loss: 0.17214816
[2026-06-26 11:03:13,128][root][INFO] - reg loss: 4.008743735979188, entropy loss: 0.1707535982131958, leaf dev: 0.249688982963562
[2026-06-26 11:03:13,129][root][INFO] - Val leaf stats: tensor([0.0000e+00, 0.0000e+00, 0.0000e+00, 0.0000e+00, 0.0000e+00, 0.0000e+00,
        0.0000e+00, 0.0000e+00, 8.3333e-04, 9.9883e-01, 1.6667e-04, 0.0000e+00,
        0.0000e+00, 0.0000e+00, 0.0000e+00, 1.6667e-04])
[2026-06-26 11:03:13,421][root][INFO] - Epoch: 34 | train acc: 0.9586, train loss: 2.54472214, valid acc: 0.9297, valid loss: 0.25106311, test acc: 0.9322, test loss: 0.23561749
[2026-06-26 11:03:13,797][root][INFO] - reg loss: 4.125980156772542, entropy loss: 0.1697926957089946, leaf dev: 0.2455691397190094
[2026-06-26 11:03:13,798][root][INFO] - Val leaf stats: tensor([0.0000e+00, 8.3333e-04, 9.8333e-01, 7.8333e-03, 5.0000e-04, 0.0000e+00,
        0.0000e+00, 0.0000e+00, 0.0000e+00, 0.0000e+00, 0.0000e+00, 0.0000e+00,
        0.0000e+00, 0.0000e+00, 0.0000e+00, 7.5000e-03])
[2026-06-26 11:03:18,505][root][INFO] - reg loss: 4.800600002396782, entropy loss: 0.18647147925957194, leaf dev: 0.14152972400188446
[2026-06-26 11:03:18,506][root][INFO] - Val leaf stats: tensor([0.0000e+00, 0.0000e+00, 0.0000e+00, 0.0000e+00, 0.0000e+00, 0.0000e+00,
        2.1500e-01, 3.1800e-01, 0.0000e+00, 4.6433e-01, 2.3333e-03, 1.6667e-04,
        1.6667e-04, 0.0000e+00, 0.0000e+00, 0.0000e+00])
[2026-06-26 11:03:18,711][root][INFO] - reg loss: 4.495898291749774, entropy loss: 0.16067017544552964, leaf dev: 0.13440968096256256
[2026-06-26 11:03:18,712][root][INFO] - Val leaf stats: tensor([1.6667e-04, 8.0833e-02, 4.4000e-01, 3.5417e-01, 7.1500e-02, 0.0000e+00,
        3.3333e-04, 0.0000e+00, 0.0000e+00, 0.0000e+00, 0.0000e+00, 0.0000e+00,
        0.0000e+00, 0.0000e+00, 0.0000e+00, 5.3000e-02])
[2026-06-26 11:03:18,719][root][INFO] - reg loss: 4.00710520204508, entropy loss: 0.2027418904428212, leaf dev: 0.25
[2026-06-26 11:03:18,721][root][INFO] - Val leaf stats: tensor([0., 0., 1., 0., 0., 0., 0., 0., 0., 0., 0., 0., 0., 0., 0., 0.])
[2026-06-26 11:03:21,612][root][INFO] - Epoch: 34 | train acc: 0.9511, train loss: 17.07435214, valid acc: 0.9313, valid loss: 0.28155637, test acc: 0.9324, test loss: 0.32382602
[2026-06-26 11:03:26,089][root][INFO] - Epoch: 35 | train acc: 0.9660, train loss: 8.19098974, valid acc: 0.9448, valid loss: 0.19604050, test acc: 0.9511, test loss: 0.18965304
[2026-06-26 11:03:26,909][root][INFO] - Epoch: 35 | train acc: 0.9449, train loss: 32.73453622, valid acc: 0.9043, valid loss: 0.46754092, test acc: 0.9124, test loss: 0.29789067
[2026-06-26 11:03:27,082][root][INFO] - reg loss: 4.22330415473794, entropy loss: 0.15632060760597014, leaf dev: 0.22638976573944092
[2026-06-26 11:03:27,083][root][INFO] - Val leaf stats: tensor([0.0000e+00, 0.0000e+00, 0.0000e+00, 0.0000e+00, 0.0000e+00, 0.0000e+00,
        0.0000e+00, 0.0000e+00, 6.1667e-03, 9.0817e-01, 8.0333e-02, 1.6667e-04,
        0.0000e+00, 0.0000e+00, 0.0000e+00, 5.1667e-03])
[2026-06-26 11:03:30,323][root][INFO] - Epoch: 34 | train acc: 0.9733, train loss: 2.28685827, valid acc: 0.9517, valid loss: 0.17752501, test acc: 0.9541, test loss: 0.15903646
[2026-06-26 11:03:31,001][root][INFO] - Epoch: 34 | train acc: 0.9657, train loss: 16.17288298, valid acc: 0.9427, valid loss: 0.20415160, test acc: 0.9508, test loss: 0.17384063
[2026-06-26 11:03:31,361][root][INFO] - Epoch: 34 | train acc: 0.9688, train loss: 2.19429838, valid acc: 0.9562, valid loss: 0.16520952, test acc: 0.9555, test loss: 0.16408793
[2026-06-26 11:03:31,589][root][INFO] - Epoch: 34 | train acc: 0.9714, train loss: 4.19364077, valid acc: 0.9498, valid loss: 0.17901065, test acc: 0.9592, test loss: 0.15814989
[2026-06-26 11:03:31,619][root][INFO] - reg loss: 4.037605569047748, entropy loss: 0.2100330796444191, leaf dev: 0.24742858111858368
[2026-06-26 11:03:31,621][root][INFO] - Val leaf stats: tensor([0.0000, 0.0030, 0.9903, 0.0067, 0.0000, 0.0000, 0.0000, 0.0000, 0.0000,
        0.0000, 0.0000, 0.0000, 0.0000, 0.0000, 0.0000, 0.0000])
[2026-06-26 11:03:31,651][root][INFO] - reg loss: 4.067010645596486, entropy loss: 0.1818832651061832, leaf dev: 0.24906714260578156
[2026-06-26 11:03:31,652][root][INFO] - Val leaf stats: tensor([0.0000e+00, 1.1667e-03, 9.9650e-01, 1.5000e-03, 0.0000e+00, 0.0000e+00,
        0.0000e+00, 0.0000e+00, 0.0000e+00, 0.0000e+00, 0.0000e+00, 0.0000e+00,
        0.0000e+00, 0.0000e+00, 0.0000e+00, 8.3333e-04])
[2026-06-26 11:03:35,368][root][INFO] - reg loss: 4.392557607506806, entropy loss: 0.21910706148394998, leaf dev: 0.17810195684432983
[2026-06-26 11:03:35,369][root][INFO] - Val leaf stats: tensor([0.0035, 0.1643, 0.7058, 0.0088, 0.1140, 0.0035, 0.0000, 0.0000, 0.0000,
        0.0000, 0.0000, 0.0000, 0.0000, 0.0000, 0.0000, 0.0000])
[2026-06-26 11:03:36,121][root][INFO] - reg loss: 4.01308086233319, entropy loss: 0.21122555209780638, leaf dev: 0.2497778683900833
[2026-06-26 11:03:36,122][root][INFO] - Val leaf stats: tensor([0.0000e+00, 0.0000e+00, 9.9917e-01, 8.3333e-04, 0.0000e+00, 0.0000e+00,
        0.0000e+00, 0.0000e+00, 0.0000e+00, 0.0000e+00, 0.0000e+00, 0.0000e+00,
        0.0000e+00, 0.0000e+00, 0.0000e+00, 0.0000e+00])
[2026-06-26 11:03:36,148][root][INFO] - Epoch: 34 | train acc: 0.9693, train loss: 0.10374837, valid acc: 0.9405, valid loss: 0.20739873, test acc: 0.9449, test loss: 0.19366535
[2026-06-26 11:03:36,408][root][INFO] - Epoch: 35 | train acc: 0.9823, train loss: 0.06143887, valid acc: 0.9507, valid loss: 0.18182426, test acc: 0.9513, test loss: 0.17223600
[2026-06-26 11:03:36,576][root][INFO] - reg loss: 4.173574722038125, entropy loss: 0.16369592412462775, leaf dev: 0.21003597974777222
[2026-06-26 11:03:36,577][root][INFO] - Val leaf stats: tensor([0.0000, 0.0000, 0.0000, 0.0000, 0.0000, 0.0000, 0.0000, 0.1652, 0.0000,
        0.8348, 0.0000, 0.0000, 0.0000, 0.0000, 0.0000, 0.0000])
[2026-06-26 11:03:37,064][root][INFO] - reg loss: 4.096049983546419, entropy loss: 0.21968777983818413, leaf dev: 0.21855290234088898
[2026-06-26 11:03:37,066][root][INFO] - Val leaf stats: tensor([0.0000, 0.0385, 0.8798, 0.0355, 0.0462, 0.0000, 0.0000, 0.0000, 0.0000,
        0.0000, 0.0000, 0.0000, 0.0000, 0.0000, 0.0000, 0.0000])
[2026-06-26 11:03:37,923][root][INFO] - Epoch: 34 | train acc: 0.9633, train loss: 4.18377617, valid acc: 0.9492, valid loss: 0.18022954, test acc: 0.9511, test loss: 0.17265053
[2026-06-26 11:03:39,895][root][INFO] - Epoch: 34 | train acc: 0.9493, train loss: 4.92621996, valid acc: 0.9437, valid loss: 0.21710802, test acc: 0.9397, test loss: 0.22170010
[2026-06-26 11:03:40,781][root][INFO] - Epoch: 35 | train acc: 0.9575, train loss: 4.39421968, valid acc: 0.9337, valid loss: 0.25705882, test acc: 0.9408, test loss: 0.21738531
[2026-06-26 11:03:40,908][root][INFO] - Epoch: 34 | train acc: 0.9476, train loss: 8.72435346, valid acc: 0.9197, valid loss: 0.31155010, test acc: 0.9235, test loss: 0.28459757
[2026-06-26 11:03:41,653][root][INFO] - reg loss: 6.004055212128837, entropy loss: 0.26951493294733875, leaf dev: 0.10409282147884369
[2026-06-26 11:03:41,654][root][INFO] - Val leaf stats: tensor([0.0000, 0.0000, 0.0000, 0.0000, 0.1630, 0.3245, 0.0003, 0.0585, 0.0000,
        0.0000, 0.0318, 0.2493, 0.1628, 0.0040, 0.0052, 0.0005])
[2026-06-26 11:03:41,716][root][INFO] - Epoch: 35 | train acc: 0.9581, train loss: 8.98737539, valid acc: 0.9413, valid loss: 0.21735511, test acc: 0.9383, test loss: 0.21653264
[2026-06-26 11:03:41,754][root][INFO] - reg loss: 6.0973016810867025, entropy loss: 0.24407364498331863, leaf dev: 0.07933347672224045
[2026-06-26 11:03:41,755][root][INFO] - Val leaf stats: tensor([0.0003, 0.0000, 0.0098, 0.0000, 0.0000, 0.0000, 0.0220, 0.0027, 0.2160,
        0.0550, 0.1628, 0.1315, 0.0712, 0.2077, 0.0000, 0.1210])
[2026-06-26 11:03:42,938][root][INFO] - reg loss: 4.058610056931117, entropy loss: 0.16295132800093237, leaf dev: 0.2435043454170227
[2026-06-26 11:03:42,939][root][INFO] - Val leaf stats: tensor([0.0000, 0.0000, 0.0000, 0.0000, 0.0000, 0.0000, 0.0000, 0.0095, 0.0000,
        0.9755, 0.0000, 0.0000, 0.0000, 0.0000, 0.0000, 0.0150])
[2026-06-26 11:03:44,279][root][INFO] - Epoch: 34 | train acc: 0.9635, train loss: 32.13017046, valid acc: 0.9505, valid loss: 0.18085726, test acc: 0.9515, test loss: 0.16614351
[2026-06-26 11:03:44,914][root][INFO] - reg loss: 4.7392151715620505, entropy loss: 0.1607743332970817, leaf dev: 0.14194750785827637
[2026-06-26 11:03:44,915][root][INFO] - Val leaf stats: tensor([0.0000e+00, 0.0000e+00, 0.0000e+00, 0.0000e+00, 0.0000e+00, 0.0000e+00,
        3.3333e-03, 1.4033e-01, 1.6667e-04, 5.1300e-01, 2.8083e-01, 3.5000e-03,
        3.5000e-03, 0.0000e+00, 8.3333e-04, 5.4500e-02])
[2026-06-26 11:03:45,924][root][INFO] - reg loss: 4.269467583242452, entropy loss: 0.14708536005807374, leaf dev: 0.221687912940979
[2026-06-26 11:03:45,925][root][INFO] - Val leaf stats: tensor([0.0010, 0.0463, 0.8918, 0.0157, 0.0013, 0.0000, 0.0000, 0.0000, 0.0000,
        0.0000, 0.0000, 0.0000, 0.0000, 0.0000, 0.0000, 0.0438])
[2026-06-26 11:03:46,035][root][INFO] - reg loss: 4.245501797154264, entropy loss: 0.17675305734265526, leaf dev: 0.1744518280029297
[2026-06-26 11:03:46,036][root][INFO] - Val leaf stats: tensor([0.0000, 0.0503, 0.6848, 0.2112, 0.0000, 0.0000, 0.0000, 0.0000, 0.0000,
        0.0000, 0.0000, 0.0000, 0.0000, 0.0000, 0.0000, 0.0537])
[2026-06-26 11:03:46,661][root][INFO] - reg loss: 4.418433207385945, entropy loss: 0.15713191088640466, leaf dev: 0.15479950606822968
[2026-06-26 11:03:46,662][root][INFO] - Val leaf stats: tensor([0.0000, 0.0000, 0.0000, 0.0000, 0.0000, 0.0000, 0.0000, 0.0000, 0.0220,
        0.5787, 0.2655, 0.0023, 0.0047, 0.0000, 0.0000, 0.1268])
[2026-06-26 11:03:47,392][root][INFO] - Epoch: 35 | train acc: 0.9633, train loss: 0.12988085, valid acc: 0.9278, valid loss: 0.23599935, test acc: 0.9338, test loss: 0.23273765
[2026-06-26 11:03:48,039][root][INFO] - Epoch: 35 | train acc: 0.9529, train loss: 0.15817048, valid acc: 0.9348, valid loss: 0.22844089, test acc: 0.9342, test loss: 0.23021638
[2026-06-26 11:03:49,713][root][INFO] - reg loss: 4.000670639973767, entropy loss: 0.18556341050930744, leaf dev: 0.25
[2026-06-26 11:03:49,714][root][INFO] - Val leaf stats: tensor([0., 0., 0., 0., 0., 0., 0., 0., 0., 1., 0., 0., 0., 0., 0., 0.])
[2026-06-26 11:03:52,100][root][INFO] - Epoch: 36 | train acc: 0.9461, train loss: 16.71513768, valid acc: 0.9017, valid loss: 0.34367846, test acc: 0.9075, test loss: 0.33632878
[2026-06-26 11:03:52,792][root][INFO] - Epoch: 36 | train acc: 0.9640, train loss: 8.13939801, valid acc: 0.9493, valid loss: 0.18070898, test acc: 0.9520, test loss: 0.16342788
[2026-06-26 11:03:52,896][root][INFO] - reg loss: 5.681115375374848, entropy loss: 0.23120887675937615, leaf dev: 0.13970769941806793
[2026-06-26 11:03:52,898][root][INFO] - Val leaf stats: tensor([0.0000e+00, 0.0000e+00, 0.0000e+00, 0.0000e+00, 2.7167e-01, 5.1333e-01,
        0.0000e+00, 5.0000e-04, 1.0000e-03, 3.2000e-02, 0.0000e+00, 0.0000e+00,
        6.6667e-04, 1.0750e-01, 7.3333e-02, 0.0000e+00])
[2026-06-26 11:03:53,545][root][INFO] - reg loss: 6.170812228940568, entropy loss: 0.26294683650979456, leaf dev: 0.09216472506523132
[2026-06-26 11:03:53,546][root][INFO] - Val leaf stats: tensor([2.8333e-03, 3.6667e-03, 2.4683e-01, 8.9833e-02, 2.1667e-03, 1.5000e-02,
        0.0000e+00, 0.0000e+00, 8.4333e-02, 2.6933e-01, 1.8467e-01, 8.3333e-04,
        8.2000e-02, 1.2333e-02, 6.0000e-03, 1.6667e-04])
[2026-06-26 11:03:57,261][root][INFO] - Epoch: 35 | train acc: 0.9654, train loss: 32.17425965, valid acc: 0.9443, valid loss: 0.19801395, test acc: 0.9517, test loss: 0.17142633
[2026-06-26 11:03:57,545][root][INFO] - Epoch: 35 | train acc: 0.9601, train loss: 2.38581125, valid acc: 0.9315, valid loss: 0.23264376, test acc: 0.9382, test loss: 0.23005609
[2026-06-26 11:03:57,556][root][INFO] - reg loss: 4.130887872767898, entropy loss: 0.16851250771081672, leaf dev: 0.24495141208171844
[2026-06-26 11:03:57,559][root][INFO] - Val leaf stats: tensor([0.0000e+00, 1.1667e-03, 9.8100e-01, 7.6667e-03, 3.3333e-04, 0.0000e+00,
        0.0000e+00, 0.0000e+00, 0.0000e+00, 0.0000e+00, 0.0000e+00, 0.0000e+00,
        0.0000e+00, 0.0000e+00, 0.0000e+00, 9.8333e-03])
[2026-06-26 11:03:58,157][root][INFO] - Epoch: 35 | train acc: 0.9577, train loss: 2.53693212, valid acc: 0.9302, valid loss: 0.26209407, test acc: 0.9318, test loss: 0.23287673
[2026-06-26 11:03:58,182][root][INFO] - reg loss: 4.009698903785561, entropy loss: 0.16989732674270305, leaf dev: 0.24964451789855957
[2026-06-26 11:03:58,183][root][INFO] - Val leaf stats: tensor([0.0000e+00, 0.0000e+00, 0.0000e+00, 0.0000e+00, 0.0000e+00, 0.0000e+00,
        0.0000e+00, 0.0000e+00, 6.6667e-04, 9.9867e-01, 1.6667e-04, 0.0000e+00,
        0.0000e+00, 0.0000e+00, 0.0000e+00, 5.0000e-04])
[2026-06-26 11:04:02,886][root][INFO] - reg loss: 4.007134041696225, entropy loss: 0.2027532709938175, leaf dev: 0.2499111294746399
[2026-06-26 11:04:02,887][root][INFO] - Val leaf stats: tensor([0.0000e+00, 0.0000e+00, 9.9967e-01, 3.3333e-04, 0.0000e+00, 0.0000e+00,
        0.0000e+00, 0.0000e+00, 0.0000e+00, 0.0000e+00, 0.0000e+00, 0.0000e+00,
        0.0000e+00, 0.0000e+00, 0.0000e+00, 0.0000e+00])
[2026-06-26 11:04:03,737][root][INFO] - reg loss: 4.780968310698023, entropy loss: 0.20513504237498878, leaf dev: 0.13914811611175537
[2026-06-26 11:04:03,738][root][INFO] - Val leaf stats: tensor([0.0000e+00, 0.0000e+00, 0.0000e+00, 0.0000e+00, 0.0000e+00, 0.0000e+00,
        2.4150e-01, 3.1550e-01, 0.0000e+00, 4.4167e-01, 1.0000e-03, 1.6667e-04,
        1.6667e-04, 0.0000e+00, 0.0000e+00, 0.0000e+00])
[2026-06-26 11:04:03,929][root][INFO] - reg loss: 4.4956347132628816, entropy loss: 0.1707792765689346, leaf dev: 0.12592773139476776
[2026-06-26 11:04:03,930][root][INFO] - Val leaf stats: tensor([0.0000, 0.0667, 0.4158, 0.3137, 0.1465, 0.0000, 0.0012, 0.0000, 0.0000,
        0.0000, 0.0000, 0.0000, 0.0000, 0.0000, 0.0000, 0.0562])
[2026-06-26 11:04:05,625][root][INFO] - Epoch: 35 | train acc: 0.9517, train loss: 17.04414686, valid acc: 0.9290, valid loss: 0.28633430, test acc: 0.9301, test loss: 0.32971310
[2026-06-26 11:04:09,841][root][INFO] - Epoch: 36 | train acc: 0.9457, train loss: 32.77115725, valid acc: 0.9052, valid loss: 0.32338087, test acc: 0.9132, test loss: 0.32383691
[2026-06-26 11:04:10,533][root][INFO] - Epoch: 36 | train acc: 0.9666, train loss: 8.19553131, valid acc: 0.9430, valid loss: 0.19767524, test acc: 0.9501, test loss: 0.19025202
[2026-06-26 11:04:10,757][root][INFO] - reg loss: 4.216892908204277, entropy loss: 0.15685208774400208, leaf dev: 0.22649207711219788
[2026-06-26 11:04:10,758][root][INFO] - Val leaf stats: tensor([0.0000, 0.0000, 0.0000, 0.0000, 0.0000, 0.0000, 0.0000, 0.0000, 0.0053,
        0.9087, 0.0790, 0.0012, 0.0000, 0.0000, 0.0000, 0.0058])
[2026-06-26 11:04:13,694][root][INFO] - Epoch: 35 | train acc: 0.9752, train loss: 2.27529826, valid acc: 0.9497, valid loss: 0.17853794, test acc: 0.9554, test loss: 0.14546441
[2026-06-26 11:04:14,924][root][INFO] - reg loss: 4.072159623200038, entropy loss: 0.17956278332561817, leaf dev: 0.24933359026908875
[2026-06-26 11:04:14,926][root][INFO] - Val leaf stats: tensor([0.0000e+00, 1.1667e-03, 9.9750e-01, 5.0000e-04, 0.0000e+00, 0.0000e+00,
        0.0000e+00, 0.0000e+00, 0.0000e+00, 0.0000e+00, 0.0000e+00, 0.0000e+00,
        0.0000e+00, 0.0000e+00, 0.0000e+00, 8.3333e-04])
[2026-06-26 11:04:15,396][root][INFO] - Epoch: 35 | train acc: 0.9659, train loss: 16.16410498, valid acc: 0.9440, valid loss: 0.20117321, test acc: 0.9516, test loss: 0.17408294
[2026-06-26 11:04:15,545][root][INFO] - reg loss: 4.04007462735446, entropy loss: 0.20993182737872285, leaf dev: 0.24703067541122437
[2026-06-26 11:04:15,547][root][INFO] - Val leaf stats: tensor([0.0000, 0.0035, 0.9888, 0.0077, 0.0000, 0.0000, 0.0000, 0.0000, 0.0000,
        0.0000, 0.0000, 0.0000, 0.0000, 0.0000, 0.0000, 0.0000])
[2026-06-26 11:04:15,898][root][INFO] - Epoch: 35 | train acc: 0.9731, train loss: 4.19695237, valid acc: 0.9502, valid loss: 0.17920119, test acc: 0.9592, test loss: 0.15697313
[2026-06-26 11:04:16,000][root][INFO] - Epoch: 35 | train acc: 0.9701, train loss: 2.19692977, valid acc: 0.9512, valid loss: 0.17127277, test acc: 0.9532, test loss: 0.17377141
[2026-06-26 11:04:18,761][root][INFO] - reg loss: 4.381054108997561, entropy loss: 0.218173290198704, leaf dev: 0.18494944274425507
[2026-06-26 11:04:18,762][root][INFO] - Val leaf stats: tensor([0.0008, 0.1213, 0.7382, 0.0093, 0.1260, 0.0043, 0.0000, 0.0000, 0.0000,
        0.0000, 0.0000, 0.0000, 0.0000, 0.0000, 0.0000, 0.0000])
[2026-06-26 11:04:19,366][root][INFO] - Epoch: 36 | train acc: 0.9799, train loss: 0.07013086, valid acc: 0.9488, valid loss: 0.17573313, test acc: 0.9541, test loss: 0.16537348
[2026-06-26 11:04:20,729][root][INFO] - Epoch: 35 | train acc: 0.9701, train loss: 0.10266335, valid acc: 0.9337, valid loss: 0.25217216, test acc: 0.9372, test loss: 0.22991502
[2026-06-26 11:04:20,940][root][INFO] - reg loss: 4.011765264115244, entropy loss: 0.21099931802952065, leaf dev: 0.24968905746936798
[2026-06-26 11:04:20,941][root][INFO] - Val leaf stats: tensor([0.0000, 0.0000, 0.9988, 0.0012, 0.0000, 0.0000, 0.0000, 0.0000, 0.0000,
        0.0000, 0.0000, 0.0000, 0.0000, 0.0000, 0.0000, 0.0000])
[2026-06-26 11:04:21,144][root][INFO] - reg loss: 4.180899912456296, entropy loss: 0.1611207754544492, leaf dev: 0.19698438048362732
[2026-06-26 11:04:21,145][root][INFO] - Val leaf stats: tensor([0.0000, 0.0000, 0.0000, 0.0000, 0.0000, 0.0000, 0.0000, 0.2312, 0.0000,
        0.7688, 0.0000, 0.0000, 0.0000, 0.0000, 0.0000, 0.0000])
[2026-06-26 11:04:21,323][root][INFO] - reg loss: 4.10282812028561, entropy loss: 0.21895026134432488, leaf dev: 0.21569664776325226
[2026-06-26 11:04:21,325][root][INFO] - Val leaf stats: tensor([0.0000, 0.0490, 0.8687, 0.0398, 0.0425, 0.0000, 0.0000, 0.0000, 0.0000,
        0.0000, 0.0000, 0.0000, 0.0000, 0.0000, 0.0000, 0.0000])
[2026-06-26 11:04:22,813][root][INFO] - Epoch: 35 | train acc: 0.9630, train loss: 4.18253563, valid acc: 0.9483, valid loss: 0.17845829, test acc: 0.9513, test loss: 0.17515392
[2026-06-26 11:04:24,308][root][INFO] - reg loss: 6.076390734258688, entropy loss: 0.2715081527548016, leaf dev: 0.10397761315107346
[2026-06-26 11:04:24,310][root][INFO] - Val leaf stats: tensor([0.0000e+00, 0.0000e+00, 0.0000e+00, 0.0000e+00, 1.4267e-01, 2.1300e-01,
        6.6667e-04, 4.4667e-02, 0.0000e+00, 0.0000e+00, 3.8333e-02, 3.1483e-01,
        2.3733e-01, 3.6667e-03, 4.6667e-03, 1.6667e-04])
[2026-06-26 11:04:24,349][root][INFO] - Epoch: 35 | train acc: 0.9572, train loss: 4.78575940, valid acc: 0.9435, valid loss: 0.20924405, test acc: 0.9397, test loss: 0.21709523
[2026-06-26 11:04:25,332][root][INFO] - Epoch: 35 | train acc: 0.9491, train loss: 8.75875944, valid acc: 0.9138, valid loss: 0.32295213, test acc: 0.9203, test loss: 0.27801503
[2026-06-26 11:04:25,529][root][INFO] - Epoch: 36 | train acc: 0.9591, train loss: 4.40158552, valid acc: 0.9338, valid loss: 0.25302880, test acc: 0.9419, test loss: 0.21764565
[2026-06-26 11:04:25,977][root][INFO] - reg loss: 6.071448299120057, entropy loss: 0.24442315973200887, leaf dev: 0.08938460052013397
[2026-06-26 11:04:25,978][root][INFO] - Val leaf stats: tensor([0.0003, 0.0000, 0.0098, 0.0000, 0.0000, 0.0000, 0.0232, 0.0032, 0.1835,
        0.0110, 0.0985, 0.1018, 0.1130, 0.3028, 0.0000, 0.1528])
[2026-06-26 11:04:26,353][root][INFO] - Epoch: 36 | train acc: 0.9571, train loss: 8.92997307, valid acc: 0.9412, valid loss: 0.22435971, test acc: 0.9379, test loss: 0.22843199
[2026-06-26 11:04:28,129][root][INFO] - reg loss: 4.057059836837481, entropy loss: 0.1615708869583202, leaf dev: 0.24640969932079315
[2026-06-26 11:04:28,131][root][INFO] - Val leaf stats: tensor([0.0000e+00, 0.0000e+00, 0.0000e+00, 0.0000e+00, 0.0000e+00, 0.0000e+00,
        0.0000e+00, 7.1667e-03, 1.6667e-04, 9.8650e-01, 5.0000e-04, 0.0000e+00,
        0.0000e+00, 0.0000e+00, 0.0000e+00, 5.6667e-03])
[2026-06-26 11:04:28,245][root][INFO] - Epoch: 35 | train acc: 0.9635, train loss: 32.13023146, valid acc: 0.9500, valid loss: 0.18130990, test acc: 0.9509, test loss: 0.16826428
[2026-06-26 11:04:29,843][root][INFO] - reg loss: 4.6362734335773395, entropy loss: 0.13879295593162752, leaf dev: 0.1437668800354004
[2026-06-26 11:04:29,844][root][INFO] - Val leaf stats: tensor([0.0000e+00, 0.0000e+00, 0.0000e+00, 0.0000e+00, 0.0000e+00, 0.0000e+00,
        2.8333e-03, 1.3600e-01, 1.6667e-04, 5.1833e-01, 2.8800e-01, 3.5000e-03,
        1.6667e-03, 0.0000e+00, 5.0000e-04, 4.9000e-02])
[2026-06-26 11:04:30,489][root][INFO] - reg loss: 4.286844069103025, entropy loss: 0.14602137961477604, leaf dev: 0.22457551956176758
[2026-06-26 11:04:30,490][root][INFO] - Val leaf stats: tensor([8.3333e-04, 2.9833e-02, 9.0300e-01, 1.5667e-02, 5.0000e-04, 0.0000e+00,
        0.0000e+00, 0.0000e+00, 0.0000e+00, 0.0000e+00, 0.0000e+00, 0.0000e+00,
        5.0000e-04, 0.0000e+00, 0.0000e+00, 4.9667e-02])
[2026-06-26 11:04:30,541][root][INFO] - reg loss: 4.2558247188352185, entropy loss: 0.17653750684463754, leaf dev: 0.17020757496356964
[2026-06-26 11:04:30,542][root][INFO] - Val leaf stats: tensor([0.0000, 0.0498, 0.6592, 0.2397, 0.0000, 0.0000, 0.0000, 0.0000, 0.0000,
        0.0000, 0.0000, 0.0000, 0.0000, 0.0000, 0.0000, 0.0513])
[2026-06-26 11:04:30,791][root][INFO] - Epoch: 36 | train acc: 0.9562, train loss: 0.14706170, valid acc: 0.9475, valid loss: 0.18589919, test acc: 0.9501, test loss: 0.17763495
[2026-06-26 11:04:30,991][root][INFO] - Epoch: 36 | train acc: 0.9608, train loss: 0.13179386, valid acc: 0.9410, valid loss: 0.21310784, test acc: 0.9458, test loss: 0.19063450
[2026-06-26 11:04:31,716][root][INFO] - reg loss: 4.386638002575569, entropy loss: 0.15722389195887548, leaf dev: 0.17913764715194702
[2026-06-26 11:04:31,717][root][INFO] - Val leaf stats: tensor([0.0000, 0.0000, 0.0000, 0.0000, 0.0000, 0.0000, 0.0000, 0.0000, 0.0060,
        0.7125, 0.1422, 0.0032, 0.0103, 0.0000, 0.0000, 0.1258])
[2026-06-26 11:04:33,209][root][INFO] - reg loss: 4.0007092322943345, entropy loss: 0.18556257309216373, leaf dev: 0.25
[2026-06-26 11:04:33,210][root][INFO] - Val leaf stats: tensor([0., 0., 0., 0., 0., 0., 0., 0., 0., 1., 0., 0., 0., 0., 0., 0.])
[2026-06-26 11:04:35,755][root][INFO] - Epoch: 37 | train acc: 0.9647, train loss: 8.14158225, valid acc: 0.9522, valid loss: 0.17321635, test acc: 0.9517, test loss: 0.16680021
[2026-06-26 11:04:36,382][root][INFO] - Epoch: 37 | train acc: 0.9467, train loss: 16.74021647, valid acc: 0.9007, valid loss: 0.33684764, test acc: 0.9071, test loss: 0.33455420
[2026-06-26 11:04:36,572][root][INFO] - reg loss: 6.128760841657531, entropy loss: 0.24735022294071485, leaf dev: 0.0831381231546402
[2026-06-26 11:04:36,573][root][INFO] - Val leaf stats: tensor([0.0020, 0.0025, 0.1673, 0.0812, 0.0025, 0.0118, 0.0000, 0.0000, 0.1692,
        0.1952, 0.2280, 0.0010, 0.1108, 0.0193, 0.0092, 0.0000])
[2026-06-26 11:04:36,608][root][INFO] - reg loss: 5.720061000787987, entropy loss: 0.2264242966501218, leaf dev: 0.13181191682815552
[2026-06-26 11:04:36,609][root][INFO] - Val leaf stats: tensor([0.0000, 0.0000, 0.0000, 0.0000, 0.2492, 0.4843, 0.0000, 0.0010, 0.0022,
        0.0465, 0.0000, 0.0000, 0.0012, 0.1305, 0.0852, 0.0000])
[2026-06-26 11:04:41,002][root][INFO] - Epoch: 36 | train acc: 0.9662, train loss: 32.18679590, valid acc: 0.9415, valid loss: 0.19959044, test acc: 0.9506, test loss: 0.17148746
[2026-06-26 11:04:41,416][root][INFO] - reg loss: 4.011208129378985, entropy loss: 0.16915539286608966, leaf dev: 0.2496001273393631
[2026-06-26 11:04:41,418][root][INFO] - Val leaf stats: tensor([0.0000e+00, 0.0000e+00, 0.0000e+00, 0.0000e+00, 0.0000e+00, 0.0000e+00,
        0.0000e+00, 1.6667e-04, 3.3333e-04, 9.9850e-01, 0.0000e+00, 0.0000e+00,
        0.0000e+00, 0.0000e+00, 0.0000e+00, 1.0000e-03])
[2026-06-26 11:04:41,584][root][INFO] - Epoch: 36 | train acc: 0.9595, train loss: 2.53250805, valid acc: 0.9318, valid loss: 0.25977946, test acc: 0.9326, test loss: 0.23120090
[2026-06-26 11:04:41,592][root][INFO] - reg loss: 4.137175474526747, entropy loss: 0.16739521231853738, leaf dev: 0.24495048820972443
[2026-06-26 11:04:41,593][root][INFO] - Val leaf stats: tensor([0.0000e+00, 1.6667e-03, 9.8100e-01, 7.3333e-03, 3.3333e-04, 0.0000e+00,
        0.0000e+00, 0.0000e+00, 0.0000e+00, 0.0000e+00, 0.0000e+00, 0.0000e+00,
        0.0000e+00, 0.0000e+00, 0.0000e+00, 9.6667e-03])
[2026-06-26 11:04:42,769][root][INFO] - Epoch: 36 | train acc: 0.9430, train loss: 2.44785605, valid acc: 0.9118, valid loss: 0.30201542, test acc: 0.9191, test loss: 0.27768298
[2026-06-26 11:04:46,505][root][INFO] - reg loss: 4.008836894665125, entropy loss: 0.20277531416911, leaf dev: 0.24995556473731995
[2026-06-26 11:04:46,506][root][INFO] - Val leaf stats: tensor([0.0000e+00, 0.0000e+00, 9.9983e-01, 1.6667e-04, 0.0000e+00, 0.0000e+00,
        0.0000e+00, 0.0000e+00, 0.0000e+00, 0.0000e+00, 0.0000e+00, 0.0000e+00,
        0.0000e+00, 0.0000e+00, 0.0000e+00, 0.0000e+00])
[2026-06-26 11:04:47,226][root][INFO] - reg loss: 4.789553997651586, entropy loss: 0.2030828117199664, leaf dev: 0.13814179599285126
[2026-06-26 11:04:47,227][root][INFO] - Val leaf stats: tensor([0.0000e+00, 0.0000e+00, 0.0000e+00, 0.0000e+00, 0.0000e+00, 0.0000e+00,
        2.3117e-01, 3.6083e-01, 0.0000e+00, 4.0633e-01, 1.3333e-03, 1.6667e-04,
        1.6667e-04, 0.0000e+00, 0.0000e+00, 0.0000e+00])
[2026-06-26 11:04:48,273][root][INFO] - reg loss: 4.511922242506495, entropy loss: 0.16760039610682792, leaf dev: 0.15438172221183777
[2026-06-26 11:04:48,274][root][INFO] - Val leaf stats: tensor([0.0000, 0.0780, 0.1422, 0.6160, 0.1023, 0.0000, 0.0000, 0.0000, 0.0000,
        0.0000, 0.0000, 0.0000, 0.0000, 0.0000, 0.0000, 0.0615])
[2026-06-26 11:04:49,680][root][INFO] - Epoch: 36 | train acc: 0.9517, train loss: 17.03703215, valid acc: 0.9333, valid loss: 0.36245488, test acc: 0.9350, test loss: 0.31537286
[2026-06-26 11:04:54,510][root][INFO] - Epoch: 37 | train acc: 0.9453, train loss: 32.77453077, valid acc: 0.9047, valid loss: 0.46378866, test acc: 0.9132, test loss: 0.33906015
[2026-06-26 11:04:55,144][root][INFO] - reg loss: 4.2144085866100385, entropy loss: 0.15740260074161133, leaf dev: 0.22281186282634735
[2026-06-26 11:04:55,144][root][INFO] - Val leaf stats: tensor([0.0000, 0.0000, 0.0000, 0.0000, 0.0000, 0.0000, 0.0000, 0.0000, 0.0060,
        0.8942, 0.0863, 0.0012, 0.0000, 0.0000, 0.0000, 0.0123])
[2026-06-26 11:04:55,297][root][INFO] - Epoch: 37 | train acc: 0.9673, train loss: 8.19945924, valid acc: 0.9445, valid loss: 0.19834762, test acc: 0.9516, test loss: 0.17244465
[2026-06-26 11:04:57,669][root][INFO] - Epoch: 36 | train acc: 0.9767, train loss: 2.26534853, valid acc: 0.9517, valid loss: 0.17784513, test acc: 0.9572, test loss: 0.14421298
[2026-06-26 11:04:59,385][root][INFO] - reg loss: 4.072518731063267, entropy loss: 0.17786618125326228, leaf dev: 0.24902284145355225
[2026-06-26 11:04:59,385][root][INFO] - Val leaf stats: tensor([0.0000e+00, 2.0000e-03, 9.9633e-01, 6.6667e-04, 0.0000e+00, 0.0000e+00,
        0.0000e+00, 0.0000e+00, 0.0000e+00, 0.0000e+00, 0.0000e+00, 0.0000e+00,
        0.0000e+00, 0.0000e+00, 0.0000e+00, 1.0000e-03])
[2026-06-26 11:04:59,693][root][INFO] - Epoch: 36 | train acc: 0.9664, train loss: 16.17147158, valid acc: 0.9423, valid loss: 0.20189183, test acc: 0.9506, test loss: 0.17342764
[2026-06-26 11:04:59,920][root][INFO] - reg loss: 4.043441700485517, entropy loss: 0.2097940000722993, leaf dev: 0.24698655307292938
[2026-06-26 11:04:59,922][root][INFO] - Val leaf stats: tensor([0.0000, 0.0035, 0.9887, 0.0078, 0.0000, 0.0000, 0.0000, 0.0000, 0.0000,
        0.0000, 0.0000, 0.0000, 0.0000, 0.0000, 0.0000, 0.0000])
[2026-06-26 11:05:00,273][root][INFO] - Epoch: 36 | train acc: 0.9692, train loss: 2.20683718, valid acc: 0.9540, valid loss: 0.17175618, test acc: 0.9541, test loss: 0.16541553
[2026-06-26 11:05:01,045][root][INFO] - Epoch: 36 | train acc: 0.9742, train loss: 4.20549722, valid acc: 0.9503, valid loss: 0.18047978, test acc: 0.9586, test loss: 0.15497593
[2026-06-26 11:05:02,825][root][INFO] - reg loss: 4.367322935248321, entropy loss: 0.21769780988963144, leaf dev: 0.1835542470216751
[2026-06-26 11:05:02,826][root][INFO] - Val leaf stats: tensor([0.0008, 0.1180, 0.7318, 0.0090, 0.1352, 0.0052, 0.0000, 0.0000, 0.0000,
        0.0000, 0.0000, 0.0000, 0.0000, 0.0000, 0.0000, 0.0000])
[2026-06-26 11:05:04,004][root][INFO] - Epoch: 37 | train acc: 0.9823, train loss: 0.06331800, valid acc: 0.9543, valid loss: 0.16665888, test acc: 0.9543, test loss: 0.16007913
[2026-06-26 11:05:04,520][root][INFO] - Epoch: 36 | train acc: 0.9502, train loss: 0.16909815, valid acc: 0.9360, valid loss: 0.23197690, test acc: 0.9411, test loss: 0.20192896
[2026-06-26 11:05:04,933][root][INFO] - reg loss: 4.013905664659896, entropy loss: 0.21082912076194332, leaf dev: 0.24960017204284668
[2026-06-26 11:05:04,934][root][INFO] - Val leaf stats: tensor([0.0000e+00, 3.3333e-04, 9.9850e-01, 1.1667e-03, 0.0000e+00, 0.0000e+00,
        0.0000e+00, 0.0000e+00, 0.0000e+00, 0.0000e+00, 0.0000e+00, 0.0000e+00,
        0.0000e+00, 0.0000e+00, 0.0000e+00, 0.0000e+00])
[2026-06-26 11:05:05,401][root][INFO] - reg loss: 4.199131313359962, entropy loss: 0.16438464736038783, leaf dev: 0.20487992465496063
[2026-06-26 11:05:05,402][root][INFO] - Val leaf stats: tensor([0.0000e+00, 0.0000e+00, 0.0000e+00, 0.0000e+00, 0.0000e+00, 1.6667e-04,
        0.0000e+00, 1.8983e-01, 0.0000e+00, 8.1000e-01, 0.0000e+00, 0.0000e+00,
        0.0000e+00, 0.0000e+00, 0.0000e+00, 0.0000e+00])
[2026-06-26 11:05:05,922][root][INFO] - reg loss: 4.113103547186221, entropy loss: 0.2185514338736264, leaf dev: 0.2134234607219696
[2026-06-26 11:05:05,923][root][INFO] - Val leaf stats: tensor([0.0000, 0.0568, 0.8597, 0.0412, 0.0423, 0.0000, 0.0000, 0.0000, 0.0000,
        0.0000, 0.0000, 0.0000, 0.0000, 0.0000, 0.0000, 0.0000])
[2026-06-26 11:05:07,476][root][INFO] - Epoch: 36 | train acc: 0.9634, train loss: 4.16919641, valid acc: 0.9495, valid loss: 0.17849813, test acc: 0.9500, test loss: 0.17376633
[2026-06-26 11:05:08,270][root][INFO] - Epoch: 36 | train acc: 0.9584, train loss: 4.76655044, valid acc: 0.9465, valid loss: 0.20793458, test acc: 0.9419, test loss: 0.21667371
[2026-06-26 11:05:09,207][root][INFO] - reg loss: 6.096665692779253, entropy loss: 0.2708753367077629, leaf dev: 0.09961488842964172
[2026-06-26 11:05:09,208][root][INFO] - Val leaf stats: tensor([0.0000e+00, 0.0000e+00, 0.0000e+00, 0.0000e+00, 1.7667e-01, 2.5383e-01,
        3.3333e-04, 5.5667e-02, 0.0000e+00, 0.0000e+00, 5.2500e-02, 2.7967e-01,
        1.7783e-01, 3.3333e-03, 1.6667e-04, 0.0000e+00])
[2026-06-26 11:05:09,808][root][INFO] - reg loss: 5.864780160616029, entropy loss: 0.24080926531328345, leaf dev: 0.086582712829113
[2026-06-26 11:05:09,809][root][INFO] - Val leaf stats: tensor([0.0005, 0.0000, 0.0110, 0.0000, 0.0000, 0.0000, 0.0245, 0.0033, 0.1662,
        0.0323, 0.0847, 0.0995, 0.1237, 0.2978, 0.0000, 0.1565])
[2026-06-26 11:05:10,041][root][INFO] - Epoch: 37 | train acc: 0.9575, train loss: 4.39173460, valid acc: 0.9317, valid loss: 0.25374342, test acc: 0.9405, test loss: 0.21958027
[2026-06-26 11:05:10,140][root][INFO] - Epoch: 36 | train acc: 0.9496, train loss: 8.73041708, valid acc: 0.9163, valid loss: 0.31665926, test acc: 0.9217, test loss: 0.28084333
[2026-06-26 11:05:10,149][root][INFO] - Epoch: 37 | train acc: 0.9567, train loss: 8.81857054, valid acc: 0.9418, valid loss: 0.22289768, test acc: 0.9395, test loss: 0.22912669
[2026-06-26 11:05:12,497][root][INFO] - Epoch: 36 | train acc: 0.9634, train loss: 32.12964033, valid acc: 0.9497, valid loss: 0.18178471, test acc: 0.9516, test loss: 0.16571887
[2026-06-26 11:05:12,529][root][INFO] - reg loss: 4.0453493010323, entropy loss: 0.1607720822377025, leaf dev: 0.24504153430461884
[2026-06-26 11:05:12,530][root][INFO] - Val leaf stats: tensor([0.0000e+00, 0.0000e+00, 0.0000e+00, 0.0000e+00, 0.0000e+00, 0.0000e+00,
        0.0000e+00, 9.3333e-03, 1.6667e-04, 9.8133e-01, 3.3333e-04, 0.0000e+00,
        0.0000e+00, 0.0000e+00, 0.0000e+00, 8.8333e-03])
[2026-06-26 11:05:13,382][root][INFO] - reg loss: 4.621549129486084, entropy loss: 0.1358010141916995, leaf dev: 0.14413976669311523
[2026-06-26 11:05:13,383][root][INFO] - Val leaf stats: tensor([0.0000e+00, 0.0000e+00, 0.0000e+00, 0.0000e+00, 0.0000e+00, 0.0000e+00,
        1.8333e-03, 1.3600e-01, 1.6667e-04, 5.2017e-01, 2.8750e-01, 3.5000e-03,
        1.1667e-03, 0.0000e+00, 6.6667e-04, 4.9000e-02])
[2026-06-26 11:05:14,105][root][INFO] - Epoch: 37 | train acc: 0.9660, train loss: 0.11798447, valid acc: 0.9427, valid loss: 0.21086221, test acc: 0.9457, test loss: 0.20097827
[2026-06-26 11:05:14,306][root][INFO] - Epoch: 37 | train acc: 0.9667, train loss: 0.11141611, valid acc: 0.9537, valid loss: 0.16225002, test acc: 0.9529, test loss: 0.16142131
[2026-06-26 11:05:14,876][root][INFO] - reg loss: 4.275770106405582, entropy loss: 0.14497822031097593, leaf dev: 0.21880924701690674
[2026-06-26 11:05:14,877][root][INFO] - Val leaf stats: tensor([1.5000e-03, 4.4333e-02, 8.8050e-01, 1.6667e-02, 5.0000e-04, 0.0000e+00,
        0.0000e+00, 0.0000e+00, 0.0000e+00, 0.0000e+00, 0.0000e+00, 0.0000e+00,
        5.0000e-04, 0.0000e+00, 0.0000e+00, 5.6000e-02])
[2026-06-26 11:05:14,994][root][INFO] - reg loss: 4.240830902783376, entropy loss: 0.1808001033540042, leaf dev: 0.17370854318141937
[2026-06-26 11:05:14,995][root][INFO] - Val leaf stats: tensor([0.0000, 0.0323, 0.6735, 0.2398, 0.0000, 0.0000, 0.0000, 0.0000, 0.0000,
        0.0000, 0.0000, 0.0000, 0.0000, 0.0000, 0.0000, 0.0543])
[2026-06-26 11:05:15,137][root][INFO] - reg loss: 4.33061188571858, entropy loss: 0.15795050252158688, leaf dev: 0.17603467404842377
[2026-06-26 11:05:15,138][root][INFO] - Val leaf stats: tensor([0.0000, 0.0000, 0.0000, 0.0000, 0.0000, 0.0000, 0.0000, 0.0000, 0.0098,
        0.6985, 0.1547, 0.0035, 0.0098, 0.0000, 0.0000, 0.1237])
[2026-06-26 11:05:17,494][root][INFO] - reg loss: 4.000839588777074, entropy loss: 0.1854809363776783, leaf dev: 0.25
[2026-06-26 11:05:17,495][root][INFO] - Val leaf stats: tensor([0., 0., 0., 0., 0., 0., 0., 0., 0., 1., 0., 0., 0., 0., 0., 0.])
[2026-06-26 11:05:18,830][root][INFO] - Epoch: 38 | train acc: 0.9467, train loss: 16.78711774, valid acc: 0.9038, valid loss: 0.33157530, test acc: 0.9120, test loss: 0.32421942
[2026-06-26 11:05:19,504][root][INFO] - reg loss: 6.1478837211177035, entropy loss: 0.2488815868800541, leaf dev: 0.08296243846416473
[2026-06-26 11:05:19,506][root][INFO] - Val leaf stats: tensor([0.0037, 0.0038, 0.1978, 0.0878, 0.0030, 0.0133, 0.0000, 0.0000, 0.1262,
        0.2153, 0.2118, 0.0013, 0.1043, 0.0238, 0.0077, 0.0000])
[2026-06-26 11:05:19,957][root][INFO] - reg loss: 5.73379131533065, entropy loss: 0.20909015637523723, leaf dev: 0.12678542733192444
[2026-06-26 11:05:19,958][root][INFO] - Val leaf stats: tensor([0.0000e+00, 3.3333e-04, 0.0000e+00, 0.0000e+00, 2.1233e-01, 4.6950e-01,
        0.0000e+00, 1.6667e-04, 3.3333e-03, 5.0500e-02, 0.0000e+00, 0.0000e+00,
        1.1667e-03, 1.5417e-01, 1.0850e-01, 0.0000e+00])
[2026-06-26 11:05:21,330][root][INFO] - Epoch: 38 | train acc: 0.9655, train loss: 8.14280760, valid acc: 0.9485, valid loss: 0.17946541, test acc: 0.9520, test loss: 0.16721948
[2026-06-26 11:05:24,689][root][INFO] - reg loss: 4.147308084200013, entropy loss: 0.1665148524180898, leaf dev: 0.24269694089889526
[2026-06-26 11:05:24,690][root][INFO] - Val leaf stats: tensor([0.0000, 0.0058, 0.9725, 0.0118, 0.0000, 0.0000, 0.0000, 0.0000, 0.0000,
        0.0000, 0.0000, 0.0000, 0.0000, 0.0000, 0.0000, 0.0098])
[2026-06-26 11:05:25,493][root][INFO] - Epoch: 37 | train acc: 0.9669, train loss: 32.18208788, valid acc: 0.9435, valid loss: 0.19873024, test acc: 0.9515, test loss: 0.16992614
[2026-06-26 11:05:25,503][root][INFO] - Epoch: 37 | train acc: 0.9617, train loss: 2.53601271, valid acc: 0.9327, valid loss: 0.25944582, test acc: 0.9315, test loss: 0.23193281
[2026-06-26 11:05:27,030][root][INFO] - reg loss: 4.012516930418195, entropy loss: 0.16848366412351717, leaf dev: 0.2494668811559677
[2026-06-26 11:05:27,031][root][INFO] - Val leaf stats: tensor([0.0000e+00, 0.0000e+00, 0.0000e+00, 0.0000e+00, 0.0000e+00, 0.0000e+00,
        0.0000e+00, 6.6667e-04, 1.6667e-04, 9.9800e-01, 0.0000e+00, 0.0000e+00,
        0.0000e+00, 0.0000e+00, 0.0000e+00, 1.1667e-03])
[2026-06-26 11:05:27,317][root][INFO] - Epoch: 37 | train acc: 0.9456, train loss: 2.44527434, valid acc: 0.9258, valid loss: 0.25603921, test acc: 0.9327, test loss: 0.23599763
[2026-06-26 11:05:30,862][root][INFO] - reg loss: 4.8088257402743935, entropy loss: 0.20341092123175566, leaf dev: 0.13761720061302185
[2026-06-26 11:05:30,863][root][INFO] - Val leaf stats: tensor([0.0000e+00, 0.0000e+00, 1.6667e-04, 0.0000e+00, 0.0000e+00, 0.0000e+00,
        2.3917e-01, 3.5117e-01, 0.0000e+00, 4.0750e-01, 1.5000e-03, 3.3333e-04,
        1.6667e-04, 0.0000e+00, 0.0000e+00, 0.0000e+00])
[2026-06-26 11:05:31,078][root][INFO] - reg loss: 4.008502541847949, entropy loss: 0.20266868989422637, leaf dev: 0.2499111294746399
[2026-06-26 11:05:31,079][root][INFO] - Val leaf stats: tensor([0.0000e+00, 0.0000e+00, 9.9967e-01, 3.3333e-04, 0.0000e+00, 0.0000e+00,
        0.0000e+00, 0.0000e+00, 0.0000e+00, 0.0000e+00, 0.0000e+00, 0.0000e+00,
        0.0000e+00, 0.0000e+00, 0.0000e+00, 0.0000e+00])
[2026-06-26 11:05:32,834][root][INFO] - Epoch: 37 | train acc: 0.9530, train loss: 17.01732382, valid acc: 0.9315, valid loss: 0.29140417, test acc: 0.9320, test loss: 0.31096358
[2026-06-26 11:05:33,002][root][INFO] - reg loss: 4.515179202241717, entropy loss: 0.17033090611111443, leaf dev: 0.14015431702136993
[2026-06-26 11:05:33,003][root][INFO] - Val leaf stats: tensor([0.0000, 0.0783, 0.2123, 0.5395, 0.0998, 0.0000, 0.0000, 0.0000, 0.0000,
        0.0000, 0.0000, 0.0000, 0.0000, 0.0000, 0.0000, 0.0700])
[2026-06-26 11:05:38,690][root][INFO] - reg loss: 4.210398561549637, entropy loss: 0.1585252414334495, leaf dev: 0.22649341821670532
[2026-06-26 11:05:38,691][root][INFO] - Val leaf stats: tensor([0.0000, 0.0000, 0.0000, 0.0000, 0.0000, 0.0000, 0.0000, 0.0000, 0.0070,
        0.9090, 0.0748, 0.0017, 0.0000, 0.0000, 0.0000, 0.0075])
[2026-06-26 11:05:38,934][root][INFO] - Epoch: 38 | train acc: 0.9447, train loss: 32.72901934, valid acc: 0.9088, valid loss: 0.31844574, test acc: 0.9172, test loss: 0.32673404
[2026-06-26 11:05:39,461][root][INFO] - Epoch: 38 | train acc: 0.9665, train loss: 8.20725350, valid acc: 0.9440, valid loss: 0.20452880, test acc: 0.9511, test loss: 0.23522688
[2026-06-26 11:05:41,665][root][INFO] - Epoch: 37 | train acc: 0.9781, train loss: 2.26313691, valid acc: 0.9523, valid loss: 0.17575711, test acc: 0.9574, test loss: 0.14345066
[2026-06-26 11:05:43,672][root][INFO] - Epoch: 37 | train acc: 0.9671, train loss: 16.16216613, valid acc: 0.9440, valid loss: 0.19808095, test acc: 0.9520, test loss: 0.17307832
[2026-06-26 11:05:44,109][root][INFO] - reg loss: 4.066686382833517, entropy loss: 0.17595106419527307, leaf dev: 0.24897854030132294
[2026-06-26 11:05:44,110][root][INFO] - Val leaf stats: tensor([0.0000e+00, 2.3333e-03, 9.9617e-01, 5.0000e-04, 0.0000e+00, 0.0000e+00,
        0.0000e+00, 0.0000e+00, 0.0000e+00, 0.0000e+00, 0.0000e+00, 0.0000e+00,
        0.0000e+00, 0.0000e+00, 0.0000e+00, 1.0000e-03])
[2026-06-26 11:05:44,544][root][INFO] - Epoch: 37 | train acc: 0.9743, train loss: 4.20636239, valid acc: 0.9520, valid loss: 0.17814776, test acc: 0.9590, test loss: 0.15439275
[2026-06-26 11:05:44,673][root][INFO] - reg loss: 4.047331594071299, entropy loss: 0.20994835445341073, leaf dev: 0.2460142970085144
[2026-06-26 11:05:44,674][root][INFO] - Val leaf stats: tensor([0.0000, 0.0055, 0.9850, 0.0095, 0.0000, 0.0000, 0.0000, 0.0000, 0.0000,
        0.0000, 0.0000, 0.0000, 0.0000, 0.0000, 0.0000, 0.0000])
[2026-06-26 11:05:45,205][root][INFO] - Epoch: 37 | train acc: 0.9698, train loss: 2.19313142, valid acc: 0.9562, valid loss: 0.16166059, test acc: 0.9552, test loss: 0.16461082
[2026-06-26 11:05:46,858][root][INFO] - reg loss: 4.3684178613266855, entropy loss: 0.21773694272873537, leaf dev: 0.18022869527339935
[2026-06-26 11:05:46,859][root][INFO] - Val leaf stats: tensor([6.6667e-04, 1.1650e-01, 7.1600e-01, 8.0000e-03, 1.5300e-01, 5.8333e-03,
        0.0000e+00, 0.0000e+00, 0.0000e+00, 0.0000e+00, 0.0000e+00, 0.0000e+00,
        0.0000e+00, 0.0000e+00, 0.0000e+00, 0.0000e+00])
[2026-06-26 11:05:47,767][root][INFO] - Epoch: 38 | train acc: 0.9813, train loss: 0.06665159, valid acc: 0.9493, valid loss: 0.17708870, test acc: 0.9513, test loss: 0.17614292
[2026-06-26 11:05:48,990][root][INFO] - reg loss: 4.011885858931631, entropy loss: 0.21044053615264172, leaf dev: 0.24986669421195984
[2026-06-26 11:05:48,992][root][INFO] - Val leaf stats: tensor([0.0000e+00, 0.0000e+00, 9.9950e-01, 5.0000e-04, 0.0000e+00, 0.0000e+00,
        0.0000e+00, 0.0000e+00, 0.0000e+00, 0.0000e+00, 0.0000e+00, 0.0000e+00,
        0.0000e+00, 0.0000e+00, 0.0000e+00, 0.0000e+00])
[2026-06-26 11:05:49,397][root][INFO] - Epoch: 37 | train acc: 0.9653, train loss: 0.12066717, valid acc: 0.9417, valid loss: 0.20747695, test acc: 0.9478, test loss: 0.18758597
[2026-06-26 11:05:49,893][root][INFO] - reg loss: 4.116747721186224, entropy loss: 0.2181880700419534, leaf dev: 0.21324960887432098
[2026-06-26 11:05:49,894][root][INFO] - Val leaf stats: tensor([0.0000, 0.0560, 0.8590, 0.0417, 0.0433, 0.0000, 0.0000, 0.0000, 0.0000,
        0.0000, 0.0000, 0.0000, 0.0000, 0.0000, 0.0000, 0.0000])
[2026-06-26 11:05:50,699][root][INFO] - reg loss: 4.177886594016597, entropy loss: 0.1693815915089733, leaf dev: 0.2083142250776291
[2026-06-26 11:05:50,700][root][INFO] - Val leaf stats: tensor([0.0000, 0.0000, 0.0000, 0.0000, 0.0000, 0.0000, 0.0000, 0.1733, 0.0000,
        0.8267, 0.0000, 0.0000, 0.0000, 0.0000, 0.0000, 0.0000])
[2026-06-26 11:05:51,202][root][INFO] - Epoch: 37 | train acc: 0.9638, train loss: 4.17337405, valid acc: 0.9500, valid loss: 0.17541191, test acc: 0.9516, test loss: 0.17493855
[2026-06-26 11:05:51,605][root][INFO] - Epoch: 37 | train acc: 0.9585, train loss: 4.75199092, valid acc: 0.9443, valid loss: 0.21004405, test acc: 0.9413, test loss: 0.22113476
[2026-06-26 11:05:52,836][root][INFO] - reg loss: 5.774223179187414, entropy loss: 0.24311140938749853, leaf dev: 0.10545594245195389
[2026-06-26 11:05:52,837][root][INFO] - Val leaf stats: tensor([0.0000, 0.0000, 0.0000, 0.0000, 0.2463, 0.2705, 0.0000, 0.0090, 0.0000,
        0.0000, 0.0398, 0.2375, 0.1933, 0.0035, 0.0000, 0.0000])
[2026-06-26 11:05:52,959][root][INFO] - Epoch: 38 | train acc: 0.9579, train loss: 4.40455649, valid acc: 0.9312, valid loss: 0.24702672, test acc: 0.9446, test loss: 0.20907223
[2026-06-26 11:05:53,493][root][INFO] - Epoch: 37 | train acc: 0.9499, train loss: 8.75096977, valid acc: 0.9163, valid loss: 0.32016274, test acc: 0.9222, test loss: 0.28678426
[2026-06-26 11:05:54,450][root][INFO] - Epoch: 38 | train acc: 0.9588, train loss: 8.80277585, valid acc: 0.9438, valid loss: 0.21432840, test acc: 0.9413, test loss: 0.22246754
[2026-06-26 11:05:54,839][root][INFO] - reg loss: 5.886395674831462, entropy loss: 0.24006785213384987, leaf dev: 0.08104024827480316
[2026-06-26 11:05:54,840][root][INFO] - Val leaf stats: tensor([0.0005, 0.0000, 0.0130, 0.0000, 0.0000, 0.0000, 0.0277, 0.0035, 0.1138,
        0.0313, 0.1925, 0.1643, 0.0797, 0.2412, 0.0000, 0.1325])
[2026-06-26 11:05:55,200][root][INFO] - Epoch: 37 | train acc: 0.9638, train loss: 32.13113450, valid acc: 0.9522, valid loss: 0.17699787, test acc: 0.9514, test loss: 0.16676243
[2026-06-26 11:05:56,533][root][INFO] - reg loss: 4.050646282591909, entropy loss: 0.1592827281861935, leaf dev: 0.24358788132667542
[2026-06-26 11:05:56,534][root][INFO] - Val leaf stats: tensor([0.0000e+00, 0.0000e+00, 0.0000e+00, 0.0000e+00, 0.0000e+00, 0.0000e+00,
        0.0000e+00, 8.8333e-03, 1.0000e-03, 9.7583e-01, 3.3333e-04, 0.0000e+00,
        0.0000e+00, 0.0000e+00, 0.0000e+00, 1.4000e-02])
[2026-06-26 11:05:56,924][root][INFO] - reg loss: 4.605672845300639, entropy loss: 0.13413008625777262, leaf dev: 0.14898677170276642
[2026-06-26 11:05:56,925][root][INFO] - Val leaf stats: tensor([0.0000e+00, 0.0000e+00, 0.0000e+00, 0.0000e+00, 0.0000e+00, 0.0000e+00,
        1.8333e-03, 1.4500e-01, 1.6667e-04, 5.6167e-01, 2.3783e-01, 2.3333e-03,
        1.6667e-03, 0.0000e+00, 6.6667e-04, 4.8833e-02])
[2026-06-26 11:05:57,837][root][INFO] - reg loss: 4.256166156732811, entropy loss: 0.18652307143751182, leaf dev: 0.17279067635536194
[2026-06-26 11:05:57,838][root][INFO] - Val leaf stats: tensor([1.6667e-04, 5.2000e-02, 6.7333e-01, 2.2833e-01, 0.0000e+00, 0.0000e+00,
        0.0000e+00, 0.0000e+00, 0.0000e+00, 0.0000e+00, 0.0000e+00, 0.0000e+00,
        0.0000e+00, 0.0000e+00, 0.0000e+00, 4.6167e-02])
[2026-06-26 11:05:57,905][root][INFO] - Epoch: 38 | train acc: 0.9715, train loss: 0.09481983, valid acc: 0.9553, valid loss: 0.15506642, test acc: 0.9574, test loss: 0.15401114
[2026-06-26 11:05:58,317][root][INFO] - reg loss: 4.286250546293439, entropy loss: 0.14478201798672946, leaf dev: 0.21734066307544708
[2026-06-26 11:05:58,318][root][INFO] - Val leaf stats: tensor([1.5000e-03, 4.9667e-02, 8.7467e-01, 1.6000e-02, 6.6667e-04, 0.0000e+00,
        0.0000e+00, 0.0000e+00, 0.0000e+00, 0.0000e+00, 0.0000e+00, 0.0000e+00,
        1.6667e-04, 0.0000e+00, 0.0000e+00, 5.7333e-02])
[2026-06-26 11:05:58,977][root][INFO] - Epoch: 38 | train acc: 0.9680, train loss: 0.10926492, valid acc: 0.9445, valid loss: 0.21669328, test acc: 0.9466, test loss: 0.19174776
[2026-06-26 11:05:59,649][root][INFO] - reg loss: 4.327691995872642, entropy loss: 0.15505208651412208, leaf dev: 0.17282506823539734
[2026-06-26 11:05:59,650][root][INFO] - Val leaf stats: tensor([0.0000, 0.0000, 0.0000, 0.0000, 0.0000, 0.0000, 0.0000, 0.0000, 0.0152,
        0.6837, 0.1682, 0.0032, 0.0093, 0.0000, 0.0000, 0.1205])
[2026-06-26 11:06:01,247][root][INFO] - reg loss: 4.001156887918149, entropy loss: 0.18532289944167407, leaf dev: 0.25
[2026-06-26 11:06:01,248][root][INFO] - Val leaf stats: tensor([0., 0., 0., 0., 0., 0., 0., 0., 0., 1., 0., 0., 0., 0., 0., 0.])
[2026-06-26 11:06:02,202][root][INFO] - Epoch: 39 | train acc: 0.9486, train loss: 16.81341693, valid acc: 0.9072, valid loss: 0.32862608, test acc: 0.9105, test loss: 0.31994228
[2026-06-26 11:06:02,852][root][INFO] - reg loss: 5.769521938180024, entropy loss: 0.20892165530965012, leaf dev: 0.11769290268421173
[2026-06-26 11:06:02,853][root][INFO] - Val leaf stats: tensor([0.0000e+00, 1.6667e-04, 0.0000e+00, 0.0000e+00, 2.3700e-01, 4.1183e-01,
        0.0000e+00, 0.0000e+00, 4.6667e-03, 6.8333e-02, 0.0000e+00, 0.0000e+00,
        1.6667e-03, 1.6667e-01, 1.0967e-01, 0.0000e+00])
[2026-06-26 11:06:04,619][root][INFO] - reg loss: 6.213749948537575, entropy loss: 0.25529727016417486, leaf dev: 0.08148417621850967
[2026-06-26 11:06:04,621][root][INFO] - Val leaf stats: tensor([0.0030, 0.0027, 0.1237, 0.0793, 0.0023, 0.0108, 0.0000, 0.0000, 0.1622,
        0.2098, 0.2365, 0.0038, 0.1107, 0.0403, 0.0148, 0.0000])
[2026-06-26 11:06:05,350][root][INFO] - Epoch: 39 | train acc: 0.9651, train loss: 8.14686699, valid acc: 0.9513, valid loss: 0.17885752, test acc: 0.9528, test loss: 0.16420511
[2026-06-26 11:06:07,248][root][INFO] - reg loss: 4.15701033484261, entropy loss: 0.16487828726476095, leaf dev: 0.2429160177707672
[2026-06-26 11:06:07,250][root][INFO] - Val leaf stats: tensor([0.0000e+00, 6.5000e-03, 9.7333e-01, 1.1167e-02, 1.6667e-04, 0.0000e+00,
        0.0000e+00, 0.0000e+00, 0.0000e+00, 0.0000e+00, 0.0000e+00, 0.0000e+00,
        0.0000e+00, 0.0000e+00, 0.0000e+00, 8.8333e-03])
[2026-06-26 11:06:09,754][root][INFO] - Epoch: 38 | train acc: 0.9671, train loss: 32.18494599, valid acc: 0.9437, valid loss: 0.19677418, test acc: 0.9503, test loss: 0.17165278
[2026-06-26 11:06:10,209][root][INFO] - Epoch: 38 | train acc: 0.9622, train loss: 2.53821607, valid acc: 0.9288, valid loss: 0.26480732, test acc: 0.9309, test loss: 0.23595002
[2026-06-26 11:06:10,413][root][INFO] - Epoch: 38 | train acc: 0.9508, train loss: 2.42208173, valid acc: 0.9270, valid loss: 0.25143432, test acc: 0.9361, test loss: 0.22303082
[2026-06-26 11:06:10,765][root][INFO] - reg loss: 4.0145559580820915, entropy loss: 0.1678330534190502, leaf dev: 0.24955584108829498
[2026-06-26 11:06:10,766][root][INFO] - Val leaf stats: tensor([0.0000e+00, 0.0000e+00, 0.0000e+00, 0.0000e+00, 0.0000e+00, 0.0000e+00,
        0.0000e+00, 0.0000e+00, 1.6667e-04, 9.9833e-01, 0.0000e+00, 0.0000e+00,
        0.0000e+00, 0.0000e+00, 0.0000e+00, 1.5000e-03])
[2026-06-26 11:06:15,650][root][INFO] - reg loss: 4.008872976842916, entropy loss: 0.20258137162001627, leaf dev: 0.24986669421195984
[2026-06-26 11:06:15,651][root][INFO] - Val leaf stats: tensor([0.0000e+00, 0.0000e+00, 9.9950e-01, 5.0000e-04, 0.0000e+00, 0.0000e+00,
        0.0000e+00, 0.0000e+00, 0.0000e+00, 0.0000e+00, 0.0000e+00, 0.0000e+00,
        0.0000e+00, 0.0000e+00, 0.0000e+00, 0.0000e+00])
[2026-06-26 11:06:15,809][root][INFO] - reg loss: 4.511357514363415, entropy loss: 0.17339225239911168, leaf dev: 0.13842126727104187
[2026-06-26 11:06:15,810][root][INFO] - Val leaf stats: tensor([3.3333e-04, 8.5833e-02, 2.5133e-01, 5.1867e-01, 7.4333e-02, 0.0000e+00,
        0.0000e+00, 0.0000e+00, 0.0000e+00, 0.0000e+00, 0.0000e+00, 0.0000e+00,
        0.0000e+00, 0.0000e+00, 0.0000e+00, 6.9500e-02])
[2026-06-26 11:06:15,838][root][INFO] - reg loss: 4.814654741647108, entropy loss: 0.2040695309076669, leaf dev: 0.13615041971206665
[2026-06-26 11:06:15,839][root][INFO] - Val leaf stats: tensor([0.0000e+00, 0.0000e+00, 1.6667e-04, 0.0000e+00, 0.0000e+00, 0.0000e+00,
        2.8117e-01, 3.0717e-01, 0.0000e+00, 4.0883e-01, 1.6667e-03, 5.0000e-04,
        5.0000e-04, 0.0000e+00, 0.0000e+00, 0.0000e+00])
[2026-06-26 11:06:17,681][root][INFO] - Epoch: 38 | train acc: 0.9532, train loss: 17.02122573, valid acc: 0.9312, valid loss: 0.35640288, test acc: 0.9346, test loss: 0.30205155
[2026-06-26 11:06:22,853][root][INFO] - Epoch: 39 | train acc: 0.9470, train loss: 32.77084030, valid acc: 0.9045, valid loss: 0.32504653, test acc: 0.9128, test loss: 0.33991760
[2026-06-26 11:06:23,225][root][INFO] - reg loss: 4.209964792683439, entropy loss: 0.15817973818981423, leaf dev: 0.22234202921390533
[2026-06-26 11:06:23,226][root][INFO] - Val leaf stats: tensor([0.0000, 0.0000, 0.0000, 0.0000, 0.0000, 0.0000, 0.0000, 0.0000, 0.0065,
        0.8928, 0.0807, 0.0017, 0.0000, 0.0000, 0.0000, 0.0183])
[2026-06-26 11:06:23,917][root][INFO] - Epoch: 39 | train acc: 0.9674, train loss: 8.21578977, valid acc: 0.9422, valid loss: 0.20204699, test acc: 0.9516, test loss: 0.22967182
[2026-06-26 11:06:27,194][root][INFO] - Epoch: 38 | train acc: 0.9792, train loss: 2.26804215, valid acc: 0.9527, valid loss: 0.17291293, test acc: 0.9576, test loss: 0.15500715
[2026-06-26 11:06:27,953][root][INFO] - reg loss: 4.072425720826635, entropy loss: 0.1743272549982341, leaf dev: 0.24893410503864288
[2026-06-26 11:06:27,954][root][INFO] - Val leaf stats: tensor([0.0000e+00, 2.0000e-03, 9.9600e-01, 3.3333e-04, 0.0000e+00, 0.0000e+00,
        0.0000e+00, 0.0000e+00, 0.0000e+00, 0.0000e+00, 0.0000e+00, 0.0000e+00,
        0.0000e+00, 0.0000e+00, 0.0000e+00, 1.6667e-03])
[2026-06-26 11:06:28,882][root][INFO] - Epoch: 38 | train acc: 0.9667, train loss: 16.16265113, valid acc: 0.9440, valid loss: 0.19510435, test acc: 0.9502, test loss: 0.17380682
[2026-06-26 11:06:29,027][root][INFO] - reg loss: 4.052225819173849, entropy loss: 0.2097847211473393, leaf dev: 0.2454424351453781
[2026-06-26 11:06:29,029][root][INFO] - Val leaf stats: tensor([0.0000, 0.0053, 0.9828, 0.0118, 0.0000, 0.0000, 0.0000, 0.0000, 0.0000,
        0.0000, 0.0000, 0.0000, 0.0000, 0.0000, 0.0000, 0.0000])
[2026-06-26 11:06:29,806][root][INFO] - Epoch: 38 | train acc: 0.9742, train loss: 4.20259176, valid acc: 0.9498, valid loss: 0.17621264, test acc: 0.9572, test loss: 0.16507278
[2026-06-26 11:06:30,477][root][INFO] - Epoch: 38 | train acc: 0.9705, train loss: 2.18666765, valid acc: 0.9538, valid loss: 0.16411899, test acc: 0.9543, test loss: 0.16689733
[2026-06-26 11:06:32,078][root][INFO] - reg loss: 4.385954645444762, entropy loss: 0.2184299941895143, leaf dev: 0.17463289201259613
[2026-06-26 11:06:32,079][root][INFO] - Val leaf stats: tensor([0.0013, 0.1263, 0.6898, 0.0065, 0.1673, 0.0087, 0.0000, 0.0000, 0.0000,
        0.0000, 0.0000, 0.0000, 0.0000, 0.0000, 0.0000, 0.0000])
[2026-06-26 11:06:32,569][root][INFO] - Epoch: 39 | train acc: 0.9836, train loss: 0.06031618, valid acc: 0.9543, valid loss: 0.17383301, test acc: 0.9532, test loss: 0.16681970
[2026-06-26 11:06:33,467][root][INFO] - Epoch: 38 | train acc: 0.9687, train loss: 0.10579714, valid acc: 0.9422, valid loss: 0.20700042, test acc: 0.9475, test loss: 0.18606641
[2026-06-26 11:06:33,972][root][INFO] - reg loss: 4.012091146325165, entropy loss: 0.21023004164673248, leaf dev: 0.24964460730552673
[2026-06-26 11:06:33,973][root][INFO] - Val leaf stats: tensor([0.0000e+00, 1.6667e-04, 9.9867e-01, 1.1667e-03, 0.0000e+00, 0.0000e+00,
        0.0000e+00, 0.0000e+00, 0.0000e+00, 0.0000e+00, 0.0000e+00, 0.0000e+00,
        0.0000e+00, 0.0000e+00, 0.0000e+00, 0.0000e+00])
[2026-06-26 11:06:34,972][root][INFO] - reg loss: 4.1131976955341845, entropy loss: 0.21751948755304767, leaf dev: 0.2201147973537445
[2026-06-26 11:06:34,973][root][INFO] - Val leaf stats: tensor([0.0000, 0.0262, 0.8858, 0.0435, 0.0445, 0.0000, 0.0000, 0.0000, 0.0000,
        0.0000, 0.0000, 0.0000, 0.0000, 0.0000, 0.0000, 0.0000])
[2026-06-26 11:06:35,529][root][INFO] - Epoch: 39 | train acc: 0.9573, train loss: 4.41504788, valid acc: 0.9330, valid loss: 0.24615000, test acc: 0.9430, test loss: 0.21413912
[2026-06-26 11:06:35,765][root][INFO] - Epoch: 38 | train acc: 0.9596, train loss: 4.73891657, valid acc: 0.9447, valid loss: 0.20939096, test acc: 0.9420, test loss: 0.21656754
[2026-06-26 11:06:35,813][root][INFO] - reg loss: 4.17159929365482, entropy loss: 0.16354114253003643, leaf dev: 0.20472225546836853
[2026-06-26 11:06:35,814][root][INFO] - Val leaf stats: tensor([0.0000, 0.0000, 0.0000, 0.0000, 0.0000, 0.0000, 0.0000, 0.1908, 0.0000,
        0.8092, 0.0000, 0.0000, 0.0000, 0.0000, 0.0000, 0.0000])
[2026-06-26 11:06:36,817][root][INFO] - Epoch: 38 | train acc: 0.9643, train loss: 4.18333282, valid acc: 0.9480, valid loss: 0.18103719, test acc: 0.9504, test loss: 0.17419642
[2026-06-26 11:06:37,669][root][INFO] - Epoch: 39 | train acc: 0.9599, train loss: 8.79921749, valid acc: 0.9430, valid loss: 0.21348432, test acc: 0.9403, test loss: 0.22774935
[2026-06-26 11:06:38,005][root][INFO] - reg loss: 5.969608207918563, entropy loss: 0.24224618808278497, leaf dev: 0.07500619441270828
[2026-06-26 11:06:38,006][root][INFO] - Val leaf stats: tensor([0.0005, 0.0000, 0.0152, 0.0003, 0.0000, 0.0000, 0.0300, 0.0038, 0.1470,
        0.0507, 0.1805, 0.1495, 0.0927, 0.2077, 0.0000, 0.1222])
[2026-06-26 11:06:38,070][root][INFO] - reg loss: 5.742541866482429, entropy loss: 0.24264631111104534, leaf dev: 0.10252517461776733
[2026-06-26 11:06:38,071][root][INFO] - Val leaf stats: tensor([0.0000, 0.0000, 0.0000, 0.0000, 0.2157, 0.2845, 0.0030, 0.0240, 0.0000,
        0.0000, 0.0487, 0.2337, 0.1875, 0.0030, 0.0000, 0.0000])
[2026-06-26 11:06:38,510][root][INFO] - Epoch: 38 | train acc: 0.9511, train loss: 8.76795134, valid acc: 0.9143, valid loss: 0.31961168, test acc: 0.9209, test loss: 0.27937553
[2026-06-26 11:06:40,712][root][INFO] - Epoch: 38 | train acc: 0.9649, train loss: 32.13329207, valid acc: 0.9495, valid loss: 0.18323202, test acc: 0.9509, test loss: 0.16650100
[2026-06-26 11:06:40,778][root][INFO] - reg loss: 4.255226337684776, entropy loss: 0.20883220715342826, leaf dev: 0.17248250544071198
[2026-06-26 11:06:40,780][root][INFO] - Val leaf stats: tensor([0.0000, 0.0430, 0.6757, 0.2142, 0.0000, 0.0000, 0.0000, 0.0000, 0.0000,
        0.0000, 0.0000, 0.0000, 0.0000, 0.0000, 0.0000, 0.0672])
[2026-06-26 11:06:40,965][root][INFO] - Epoch: 39 | train acc: 0.9745, train loss: 0.08460362, valid acc: 0.9555, valid loss: 0.15655100, test acc: 0.9560, test loss: 0.15704169
[2026-06-26 11:06:40,991][root][INFO] - reg loss: 4.596820057563062, entropy loss: 0.12986428585817228, leaf dev: 0.14523375034332275
[2026-06-26 11:06:40,992][root][INFO] - Val leaf stats: tensor([0.0000e+00, 0.0000e+00, 0.0000e+00, 0.0000e+00, 0.0000e+00, 0.0000e+00,
        1.8333e-03, 1.4617e-01, 1.6667e-04, 5.3900e-01, 2.5333e-01, 3.0000e-03,
        2.6667e-03, 0.0000e+00, 8.3333e-04, 5.3000e-02])
[2026-06-26 11:06:41,660][root][INFO] - reg loss: 4.059467540597016, entropy loss: 0.15956537847249014, leaf dev: 0.2397165298461914
[2026-06-26 11:06:41,662][root][INFO] - Val leaf stats: tensor([0.0000e+00, 0.0000e+00, 0.0000e+00, 0.0000e+00, 0.0000e+00, 0.0000e+00,
        0.0000e+00, 8.8333e-03, 8.3333e-04, 9.6100e-01, 0.0000e+00, 0.0000e+00,
        0.0000e+00, 0.0000e+00, 0.0000e+00, 2.9333e-02])
[2026-06-26 11:06:42,927][root][INFO] - reg loss: 4.32712088440949, entropy loss: 0.15328217649234915, leaf dev: 0.1720658242702484
[2026-06-26 11:06:42,928][root][INFO] - Val leaf stats: tensor([0.0000, 0.0000, 0.0000, 0.0000, 0.0000, 0.0000, 0.0000, 0.0000, 0.0110,
        0.6785, 0.1760, 0.0025, 0.0093, 0.0000, 0.0000, 0.1227])
[2026-06-26 11:06:43,865][root][INFO] - reg loss: 4.29680387029108, entropy loss: 0.14401645803788923, leaf dev: 0.22563651204109192
[2026-06-26 11:06:43,866][root][INFO] - Val leaf stats: tensor([8.3333e-04, 3.1833e-02, 9.0733e-01, 2.0667e-02, 5.0000e-04, 0.0000e+00,
        0.0000e+00, 0.0000e+00, 0.0000e+00, 0.0000e+00, 0.0000e+00, 0.0000e+00,
        3.3333e-04, 0.0000e+00, 0.0000e+00, 3.8500e-02])
[2026-06-26 11:06:44,306][root][INFO] - Epoch: 39 | train acc: 0.9641, train loss: 0.12691675, valid acc: 0.9395, valid loss: 0.22307208, test acc: 0.9409, test loss: 0.20009355
[2026-06-26 11:06:44,689][root][INFO] - Epoch: 40 | train acc: 0.9477, train loss: 16.78690095, valid acc: 0.9123, valid loss: 0.39732102, test acc: 0.9153, test loss: 0.30443061
[2026-06-26 11:06:45,835][root][INFO] - reg loss: 4.001617454132944, entropy loss: 0.18480712892311923, leaf dev: 0.25
[2026-06-26 11:06:45,836][root][INFO] - Val leaf stats: tensor([0., 0., 0., 0., 0., 0., 0., 0., 0., 1., 0., 0., 0., 0., 0., 0.])
[2026-06-26 11:06:46,461][root][INFO] - reg loss: 5.795325895525375, entropy loss: 0.20952854600717435, leaf dev: 0.1144879087805748
[2026-06-26 11:06:46,463][root][INFO] - Val leaf stats: tensor([0.0000e+00, 1.6667e-04, 0.0000e+00, 0.0000e+00, 2.2633e-01, 3.9717e-01,
        0.0000e+00, 1.6667e-04, 6.1667e-03, 7.6333e-02, 0.0000e+00, 0.0000e+00,
        2.0000e-03, 1.7533e-01, 1.1633e-01, 0.0000e+00])
[2026-06-26 11:06:48,116][root][INFO] - Epoch: 40 | train acc: 0.9661, train loss: 8.14180518, valid acc: 0.9497, valid loss: 0.17470939, test acc: 0.9519, test loss: 0.16478724
[2026-06-26 11:06:49,790][root][INFO] - reg loss: 6.163519634390777, entropy loss: 0.25016501250694384, leaf dev: 0.08390633761882782
[2026-06-26 11:06:49,791][root][INFO] - Val leaf stats: tensor([0.0070, 0.0038, 0.1755, 0.0827, 0.0028, 0.0127, 0.0000, 0.0000, 0.0992,
        0.1810, 0.2615, 0.0112, 0.1370, 0.0085, 0.0172, 0.0000])
[2026-06-26 11:06:50,065][root][INFO] - reg loss: 4.149707308355367, entropy loss: 0.16454923827693146, leaf dev: 0.24155034124851227
[2026-06-26 11:06:50,066][root][INFO] - Val leaf stats: tensor([0.0000e+00, 7.1667e-03, 9.6817e-01, 1.1833e-02, 1.6667e-04, 0.0000e+00,
        0.0000e+00, 0.0000e+00, 0.0000e+00, 0.0000e+00, 0.0000e+00, 0.0000e+00,
        0.0000e+00, 0.0000e+00, 0.0000e+00, 1.2667e-02])
[2026-06-26 11:06:53,887][root][INFO] - reg loss: 4.013288668866427, entropy loss: 0.16944538183369726, leaf dev: 0.24946695566177368
[2026-06-26 11:06:53,888][root][INFO] - Val leaf stats: tensor([0.0000e+00, 0.0000e+00, 0.0000e+00, 0.0000e+00, 0.0000e+00, 0.0000e+00,
        0.0000e+00, 1.6667e-04, 1.6667e-04, 9.9800e-01, 1.6667e-04, 0.0000e+00,
        0.0000e+00, 0.0000e+00, 0.0000e+00, 1.5000e-03])
[2026-06-26 11:06:53,956][root][INFO] - Epoch: 39 | train acc: 0.9671, train loss: 32.18991434, valid acc: 0.9425, valid loss: 0.19752614, test acc: 0.9516, test loss: 0.16998483
[2026-06-26 11:06:54,121][root][INFO] - Epoch: 39 | train acc: 0.9552, train loss: 2.41234058, valid acc: 0.9313, valid loss: 0.25154257, test acc: 0.9387, test loss: 0.21985578
[2026-06-26 11:06:54,386][root][INFO] - Epoch: 39 | train acc: 0.9614, train loss: 2.53726814, valid acc: 0.9318, valid loss: 0.24802753, test acc: 0.9325, test loss: 0.23678399
[2026-06-26 11:06:59,524][root][INFO] - reg loss: 4.009815809861669, entropy loss: 0.20240945411178302, leaf dev: 0.2499111294746399
[2026-06-26 11:06:59,525][root][INFO] - Val leaf stats: tensor([0.0000e+00, 0.0000e+00, 9.9967e-01, 3.3333e-04, 0.0000e+00, 0.0000e+00,
        0.0000e+00, 0.0000e+00, 0.0000e+00, 0.0000e+00, 0.0000e+00, 0.0000e+00,
        0.0000e+00, 0.0000e+00, 0.0000e+00, 0.0000e+00])
[2026-06-26 11:06:59,696][root][INFO] - reg loss: 4.517075052801168, entropy loss: 0.17745121891768473, leaf dev: 0.1319129765033722
[2026-06-26 11:06:59,697][root][INFO] - Val leaf stats: tensor([3.3333e-04, 8.3500e-02, 2.8300e-01, 4.7283e-01, 8.4000e-02, 0.0000e+00,
        0.0000e+00, 0.0000e+00, 0.0000e+00, 0.0000e+00, 0.0000e+00, 0.0000e+00,
        0.0000e+00, 0.0000e+00, 0.0000e+00, 7.6333e-02])
[2026-06-26 11:06:59,897][root][INFO] - reg loss: 4.814763415534541, entropy loss: 0.20074512837630398, leaf dev: 0.13829295337200165
[2026-06-26 11:06:59,898][root][INFO] - Val leaf stats: tensor([0.0000e+00, 0.0000e+00, 1.6667e-04, 0.0000e+00, 0.0000e+00, 0.0000e+00,
        2.3583e-01, 3.3550e-01, 0.0000e+00, 4.2567e-01, 2.0000e-03, 3.3333e-04,
        5.0000e-04, 0.0000e+00, 0.0000e+00, 0.0000e+00])
[2026-06-26 11:07:00,473][root][INFO] - Epoch: 39 | train acc: 0.9528, train loss: 17.01969319, valid acc: 0.9315, valid loss: 0.27577630, test acc: 0.9327, test loss: 0.28909885
[2026-06-26 11:07:05,789][root][INFO] - reg loss: 4.211184695081891, entropy loss: 0.15986014002898954, leaf dev: 0.22616679966449738
[2026-06-26 11:07:05,790][root][INFO] - Val leaf stats: tensor([0.0000, 0.0000, 0.0000, 0.0000, 0.0000, 0.0000, 0.0000, 0.0000, 0.0038,
        0.9073, 0.0803, 0.0017, 0.0000, 0.0000, 0.0000, 0.0068])
[2026-06-26 11:07:07,434][root][INFO] - Epoch: 40 | train acc: 0.9675, train loss: 8.20632019, valid acc: 0.9437, valid loss: 0.21455303, test acc: 0.9517, test loss: 0.20702527
[2026-06-26 11:07:07,753][root][INFO] - Epoch: 40 | train acc: 0.9472, train loss: 32.80723734, valid acc: 0.9062, valid loss: 0.46346714, test acc: 0.9131, test loss: 0.33643105
[2026-06-26 11:07:11,634][root][INFO] - Epoch: 39 | train acc: 0.9796, train loss: 2.26941271, valid acc: 0.9533, valid loss: 0.17212823, test acc: 0.9578, test loss: 0.14274384
[2026-06-26 11:07:12,365][root][INFO] - reg loss: 4.048094785438393, entropy loss: 0.20934260552221873, leaf dev: 0.2459312528371811
[2026-06-26 11:07:12,367][root][INFO] - Val leaf stats: tensor([0.0000, 0.0028, 0.9847, 0.0125, 0.0000, 0.0000, 0.0000, 0.0000, 0.0000,
        0.0000, 0.0000, 0.0000, 0.0000, 0.0000, 0.0000, 0.0000])
[2026-06-26 11:07:12,784][root][INFO] - reg loss: 4.077224551506762, entropy loss: 0.17284290956438714, leaf dev: 0.2486676275730133
[2026-06-26 11:07:12,785][root][INFO] - Val leaf stats: tensor([0.0000, 0.0022, 0.9950, 0.0012, 0.0000, 0.0000, 0.0000, 0.0000, 0.0000,
        0.0000, 0.0000, 0.0000, 0.0000, 0.0000, 0.0000, 0.0017])
[2026-06-26 11:07:13,088][root][INFO] - Epoch: 39 | train acc: 0.9671, train loss: 16.17106654, valid acc: 0.9435, valid loss: 0.19078950, test acc: 0.9520, test loss: 0.18300139
[2026-06-26 11:07:14,473][root][INFO] - Epoch: 39 | train acc: 0.9728, train loss: 4.17885561, valid acc: 0.9517, valid loss: 0.17402513, test acc: 0.9590, test loss: 0.16474650
[2026-06-26 11:07:14,560][root][INFO] - Epoch: 39 | train acc: 0.9710, train loss: 2.18770005, valid acc: 0.9538, valid loss: 0.16241028, test acc: 0.9549, test loss: 0.16561266
[2026-06-26 11:07:16,961][root][INFO] - Epoch: 40 | train acc: 0.9852, train loss: 0.05420165, valid acc: 0.9533, valid loss: 0.17456782, test acc: 0.9544, test loss: 0.16341821
[2026-06-26 11:07:16,985][root][INFO] - Epoch: 39 | train acc: 0.9645, train loss: 0.12323112, valid acc: 0.9340, valid loss: 0.24312209, test acc: 0.9360, test loss: 0.22197710
[2026-06-26 11:07:17,241][root][INFO] - reg loss: 4.392744878552994, entropy loss: 0.21870265296607647, leaf dev: 0.1761375069618225
[2026-06-26 11:07:17,242][root][INFO] - Val leaf stats: tensor([0.0012, 0.1150, 0.6963, 0.0070, 0.1722, 0.0083, 0.0000, 0.0000, 0.0000,
        0.0000, 0.0000, 0.0000, 0.0000, 0.0000, 0.0000, 0.0000])
[2026-06-26 11:07:18,227][root][INFO] - reg loss: 4.014863918412407, entropy loss: 0.21008765978633231, leaf dev: 0.24951133131980896
[2026-06-26 11:07:18,228][root][INFO] - Val leaf stats: tensor([0.0000e+00, 6.6667e-04, 9.9817e-01, 1.1667e-03, 0.0000e+00, 0.0000e+00,
        0.0000e+00, 0.0000e+00, 0.0000e+00, 0.0000e+00, 0.0000e+00, 0.0000e+00,
        0.0000e+00, 0.0000e+00, 0.0000e+00, 0.0000e+00])
[2026-06-26 11:07:19,735][root][INFO] - reg loss: 4.084798574447632, entropy loss: 0.21581124992303127, leaf dev: 0.22186778485774994
[2026-06-26 11:07:19,736][root][INFO] - Val leaf stats: tensor([0.0000, 0.0278, 0.8927, 0.0330, 0.0465, 0.0000, 0.0000, 0.0000, 0.0000,
        0.0000, 0.0000, 0.0000, 0.0000, 0.0000, 0.0000, 0.0000])
[2026-06-26 11:07:19,949][root][INFO] - Epoch: 40 | train acc: 0.9590, train loss: 4.39560153, valid acc: 0.9310, valid loss: 0.27955794, test acc: 0.9414, test loss: 0.21754811
[2026-06-26 11:07:19,982][root][INFO] - reg loss: 4.175296994875062, entropy loss: 0.16063165791192144, leaf dev: 0.20692993700504303
[2026-06-26 11:07:19,983][root][INFO] - Val leaf stats: tensor([0.0000, 0.0000, 0.0000, 0.0000, 0.0000, 0.0000, 0.0000, 0.1800, 0.0000,
        0.8200, 0.0000, 0.0000, 0.0000, 0.0000, 0.0000, 0.0000])
[2026-06-26 11:07:20,774][root][INFO] - Epoch: 39 | train acc: 0.9604, train loss: 4.73762868, valid acc: 0.9445, valid loss: 0.20471866, test acc: 0.9444, test loss: 0.21110763
[2026-06-26 11:07:22,158][root][INFO] - Epoch: 39 | train acc: 0.9649, train loss: 4.18039649, valid acc: 0.9500, valid loss: 0.17825930, test acc: 0.9519, test loss: 0.17606107
[2026-06-26 11:07:22,164][root][INFO] - reg loss: 5.921425958849349, entropy loss: 0.2392171818130421, leaf dev: 0.0971297174692154
[2026-06-26 11:07:22,165][root][INFO] - Val leaf stats: tensor([0.0005, 0.0000, 0.0160, 0.0010, 0.0000, 0.0000, 0.0320, 0.0040, 0.1490,
        0.1555, 0.3498, 0.1535, 0.0042, 0.0415, 0.0000, 0.0930])
[2026-06-26 11:07:22,244][root][INFO] - reg loss: 5.752332201543844, entropy loss: 0.24289009256182975, leaf dev: 0.10444463789463043
[2026-06-26 11:07:22,245][root][INFO] - Val leaf stats: tensor([0.0000e+00, 0.0000e+00, 0.0000e+00, 0.0000e+00, 2.1833e-01, 3.0383e-01,
        1.6667e-04, 3.1333e-02, 0.0000e+00, 0.0000e+00, 4.2667e-02, 2.3983e-01,
        1.6067e-01, 3.1667e-03, 0.0000e+00, 0.0000e+00])
[2026-06-26 11:07:22,490][root][INFO] - Epoch: 40 | train acc: 0.9615, train loss: 8.82503316, valid acc: 0.9413, valid loss: 0.23035927, test acc: 0.9415, test loss: 0.22119058
[2026-06-26 11:07:23,841][root][INFO] - Epoch: 39 | train acc: 0.9494, train loss: 8.70369134, valid acc: 0.9147, valid loss: 0.32655762, test acc: 0.9191, test loss: 0.29581638
[2026-06-26 11:07:24,682][root][INFO] - Epoch: 40 | train acc: 0.9773, train loss: 0.07856505, valid acc: 0.9558, valid loss: 0.15847261, test acc: 0.9556, test loss: 0.15862132
[2026-06-26 11:07:24,868][root][INFO] - Epoch: 39 | train acc: 0.9646, train loss: 32.13721894, valid acc: 0.9497, valid loss: 0.19390360, test acc: 0.9527, test loss: 0.16610513
[2026-06-26 11:07:24,968][root][INFO] - reg loss: 4.247824866816683, entropy loss: 0.20012383233263809, leaf dev: 0.16853205859661102
[2026-06-26 11:07:24,970][root][INFO] - Val leaf stats: tensor([1.8333e-03, 8.0500e-02, 6.6500e-01, 1.8933e-01, 0.0000e+00, 0.0000e+00,
        0.0000e+00, 0.0000e+00, 0.0000e+00, 0.0000e+00, 0.0000e+00, 1.6667e-04,
        0.0000e+00, 0.0000e+00, 0.0000e+00, 6.3167e-02])
[2026-06-26 11:07:26,161][root][INFO] - reg loss: 4.59839522163823, entropy loss: 0.13128058274961868, leaf dev: 0.14557844400405884
[2026-06-26 11:07:26,162][root][INFO] - Val leaf stats: tensor([0.0000e+00, 0.0000e+00, 0.0000e+00, 0.0000e+00, 0.0000e+00, 0.0000e+00,
        1.5000e-03, 1.4100e-01, 1.6667e-04, 5.3667e-01, 2.6433e-01, 3.0000e-03,
        1.5000e-03, 0.0000e+00, 6.6667e-04, 5.1167e-02])
[2026-06-26 11:07:27,073][root][INFO] - Epoch: 40 | train acc: 0.9688, train loss: 0.10560919, valid acc: 0.9407, valid loss: 0.22252291, test acc: 0.9498, test loss: 0.18368782
[2026-06-26 11:07:27,511][root][INFO] - reg loss: 4.061450728830302, entropy loss: 0.16358374832373745, leaf dev: 0.24100477993488312
[2026-06-26 11:07:27,512][root][INFO] - Val leaf stats: tensor([0.0000e+00, 0.0000e+00, 0.0000e+00, 0.0000e+00, 0.0000e+00, 0.0000e+00,
        0.0000e+00, 1.2333e-02, 6.6667e-04, 9.6600e-01, 0.0000e+00, 0.0000e+00,
        0.0000e+00, 0.0000e+00, 0.0000e+00, 2.1000e-02])
[2026-06-26 11:07:27,930][root][INFO] - reg loss: 4.342797958625938, entropy loss: 0.15435682855687052, leaf dev: 0.16803359985351562
[2026-06-26 11:07:27,931][root][INFO] - Val leaf stats: tensor([0.0000, 0.0000, 0.0000, 0.0000, 0.0000, 0.0000, 0.0000, 0.0000, 0.0102,
        0.6598, 0.1940, 0.0037, 0.0207, 0.0000, 0.0000, 0.1117])
[2026-06-26 11:07:28,089][root][INFO] - Epoch: 41 | train acc: 0.9489, train loss: 16.81775856, valid acc: 0.9113, valid loss: 0.38962665, test acc: 0.9167, test loss: 0.31769165
[2026-06-26 11:07:28,968][root][INFO] - reg loss: 4.263494028235382, entropy loss: 0.14218612029305044, leaf dev: 0.2190086990594864
[2026-06-26 11:07:28,969][root][INFO] - Val leaf stats: tensor([1.5000e-03, 5.1833e-02, 8.8133e-01, 1.6667e-02, 6.6667e-04, 0.0000e+00,
        0.0000e+00, 0.0000e+00, 0.0000e+00, 0.0000e+00, 0.0000e+00, 0.0000e+00,
        5.0000e-04, 0.0000e+00, 0.0000e+00, 4.7500e-02])
[2026-06-26 11:07:29,993][root][INFO] - reg loss: 5.820006676439969, entropy loss: 0.2101399561144271, leaf dev: 0.10868595540523529
[2026-06-26 11:07:29,994][root][INFO] - reg loss: 4.002288624925433, entropy loss: 0.18369519429386788, leaf dev: 0.24995556473731995
[2026-06-26 11:07:29,994][root][INFO] - Val leaf stats: tensor([0.0000e+00, 3.3333e-04, 0.0000e+00, 0.0000e+00, 2.1583e-01, 3.5517e-01,
        0.0000e+00, 5.0000e-04, 6.6667e-03, 6.5667e-02, 0.0000e+00, 0.0000e+00,
        2.1667e-03, 1.7133e-01, 1.8233e-01, 0.0000e+00])
[2026-06-26 11:07:29,995][root][INFO] - Val leaf stats: tensor([0.0000e+00, 0.0000e+00, 0.0000e+00, 0.0000e+00, 0.0000e+00, 0.0000e+00,
        0.0000e+00, 0.0000e+00, 0.0000e+00, 9.9983e-01, 0.0000e+00, 0.0000e+00,
        0.0000e+00, 0.0000e+00, 0.0000e+00, 1.6667e-04])
[2026-06-26 11:07:32,206][root][INFO] - reg loss: 6.223364848010945, entropy loss: 0.2533503510760811, leaf dev: 0.08016018569469452
[2026-06-26 11:07:32,207][root][INFO] - Val leaf stats: tensor([0.0085, 0.0050, 0.1722, 0.1060, 0.0028, 0.0133, 0.0000, 0.0000, 0.1548,
        0.1410, 0.2383, 0.0037, 0.1293, 0.0098, 0.0152, 0.0000])
[2026-06-26 11:07:32,267][root][INFO] - Epoch: 41 | train acc: 0.9661, train loss: 8.14515189, valid acc: 0.9507, valid loss: 0.17507932, test acc: 0.9531, test loss: 0.16216242
[2026-06-26 11:07:33,796][root][INFO] - reg loss: 4.158911938937205, entropy loss: 0.16501128139360896, leaf dev: 0.2406269609928131
[2026-06-26 11:07:33,797][root][INFO] - Val leaf stats: tensor([0.0000e+00, 9.0000e-03, 9.6467e-01, 1.6333e-02, 5.0000e-04, 0.0000e+00,
        0.0000e+00, 0.0000e+00, 0.0000e+00, 0.0000e+00, 0.0000e+00, 0.0000e+00,
        0.0000e+00, 0.0000e+00, 0.0000e+00, 9.5000e-03])
[2026-06-26 11:07:37,545][root][INFO] - Epoch: 40 | train acc: 0.9583, train loss: 2.40432781, valid acc: 0.9313, valid loss: 0.24196656, test acc: 0.9393, test loss: 0.21200080
[2026-06-26 11:07:37,942][root][INFO] - reg loss: 4.0156144556009545, entropy loss: 0.1681450126024912, leaf dev: 0.24942246079444885
[2026-06-26 11:07:37,952][root][INFO] - Val leaf stats: tensor([0.0000e+00, 0.0000e+00, 0.0000e+00, 0.0000e+00, 0.0000e+00, 0.0000e+00,
        0.0000e+00, 8.3333e-04, 1.6667e-04, 9.9783e-01, 0.0000e+00, 0.0000e+00,
        0.0000e+00, 0.0000e+00, 0.0000e+00, 1.1667e-03])
[2026-06-26 11:07:38,649][root][INFO] - Epoch: 40 | train acc: 0.9677, train loss: 32.17628166, valid acc: 0.9435, valid loss: 0.19765464, test acc: 0.9520, test loss: 0.17022557
[2026-06-26 11:07:39,989][root][INFO] - Epoch: 40 | train acc: 0.9622, train loss: 2.53488611, valid acc: 0.9297, valid loss: 0.25103948, test acc: 0.9325, test loss: 0.23679679
[2026-06-26 11:07:42,781][root][INFO] - Epoch: 40 | train acc: 0.9538, train loss: 16.97200403, valid acc: 0.9323, valid loss: 0.28218078, test acc: 0.9337, test loss: 0.27870894
[2026-06-26 11:07:43,453][root][INFO] - reg loss: 4.519216002158399, entropy loss: 0.1849652648253261, leaf dev: 0.13083867728710175
[2026-06-26 11:07:43,454][root][INFO] - Val leaf stats: tensor([3.3333e-04, 8.2833e-02, 3.0317e-01, 4.5600e-01, 8.7333e-02, 0.0000e+00,
        0.0000e+00, 0.0000e+00, 0.0000e+00, 0.0000e+00, 0.0000e+00, 0.0000e+00,
        0.0000e+00, 0.0000e+00, 0.0000e+00, 7.0333e-02])
[2026-06-26 11:07:44,261][root][INFO] - reg loss: 4.008181090624827, entropy loss: 0.20221798965391122, leaf dev: 0.24986669421195984
[2026-06-26 11:07:44,262][root][INFO] - Val leaf stats: tensor([0.0000e+00, 0.0000e+00, 9.9950e-01, 5.0000e-04, 0.0000e+00, 0.0000e+00,
        0.0000e+00, 0.0000e+00, 0.0000e+00, 0.0000e+00, 0.0000e+00, 0.0000e+00,
        0.0000e+00, 0.0000e+00, 0.0000e+00, 0.0000e+00])
[2026-06-26 11:07:45,933][root][INFO] - reg loss: 4.804121561770169, entropy loss: 0.19284861408314616, leaf dev: 0.13753555715084076
[2026-06-26 11:07:45,934][root][INFO] - Val leaf stats: tensor([0.0000, 0.0000, 0.0000, 0.0000, 0.0000, 0.0000, 0.2362, 0.3838, 0.0000,
        0.3783, 0.0012, 0.0000, 0.0005, 0.0000, 0.0000, 0.0000])
[2026-06-26 11:07:48,185][root][INFO] - reg loss: 4.199968490960463, entropy loss: 0.15687273119418127, leaf dev: 0.2230384647846222
[2026-06-26 11:07:48,186][root][INFO] - Val leaf stats: tensor([0.0000, 0.0000, 0.0000, 0.0000, 0.0000, 0.0000, 0.0000, 0.0000, 0.0083,
        0.8952, 0.0848, 0.0017, 0.0000, 0.0000, 0.0000, 0.0100])
[2026-06-26 11:07:51,247][root][INFO] - Epoch: 41 | train acc: 0.9466, train loss: 32.77966568, valid acc: 0.9083, valid loss: 0.45638531, test acc: 0.9143, test loss: 0.33436236
[2026-06-26 11:07:51,323][root][INFO] - Epoch: 41 | train acc: 0.9683, train loss: 8.21203426, valid acc: 0.9428, valid loss: 0.21184043, test acc: 0.9516, test loss: 0.21123367
[2026-06-26 11:07:56,413][root][INFO] - reg loss: 4.073805543611634, entropy loss: 0.17118940404001273, leaf dev: 0.24849006533622742
[2026-06-26 11:07:56,414][root][INFO] - Val leaf stats: tensor([0.0000, 0.0020, 0.9943, 0.0022, 0.0000, 0.0000, 0.0000, 0.0000, 0.0000,
        0.0000, 0.0000, 0.0000, 0.0000, 0.0000, 0.0000, 0.0015])
[2026-06-26 11:07:56,523][root][INFO] - reg loss: 4.051843868111664, entropy loss: 0.20919099168957406, leaf dev: 0.24465115368366241
[2026-06-26 11:07:56,525][root][INFO] - Val leaf stats: tensor([0.0000, 0.0058, 0.9798, 0.0143, 0.0000, 0.0000, 0.0000, 0.0000, 0.0000,
        0.0000, 0.0000, 0.0000, 0.0000, 0.0000, 0.0000, 0.0000])
[2026-06-26 11:07:56,529][root][INFO] - Epoch: 40 | train acc: 0.9806, train loss: 2.26312392, valid acc: 0.9538, valid loss: 0.16968027, test acc: 0.9578, test loss: 0.14229661
[2026-06-26 11:07:57,137][root][INFO] - Epoch: 40 | train acc: 0.9679, train loss: 16.16616679, valid acc: 0.9448, valid loss: 0.19163112, test acc: 0.9520, test loss: 0.18661639
[2026-06-26 11:07:58,810][root][INFO] - Epoch: 40 | train acc: 0.9734, train loss: 4.17995658, valid acc: 0.9522, valid loss: 0.17935439, test acc: 0.9583, test loss: 0.15146397
[2026-06-26 11:07:58,929][root][INFO] - Epoch: 40 | train acc: 0.9720, train loss: 2.18255409, valid acc: 0.9577, valid loss: 0.16017509, test acc: 0.9551, test loss: 0.16325494
[2026-06-26 11:08:01,437][root][INFO] - reg loss: 4.385633234707814, entropy loss: 0.21779783772972394, leaf dev: 0.17448291182518005
[2026-06-26 11:08:01,438][root][INFO] - Val leaf stats: tensor([0.0010, 0.1168, 0.6877, 0.0052, 0.1803, 0.0090, 0.0000, 0.0000, 0.0000,
        0.0000, 0.0000, 0.0000, 0.0000, 0.0000, 0.0000, 0.0000])
[2026-06-26 11:08:01,521][root][INFO] - Epoch: 40 | train acc: 0.9629, train loss: 0.12499255, valid acc: 0.9395, valid loss: 0.22315472, test acc: 0.9437, test loss: 0.19233867
[2026-06-26 11:08:02,012][root][INFO] - Epoch: 41 | train acc: 0.9855, train loss: 0.05445287, valid acc: 0.9445, valid loss: 0.20643014, test acc: 0.9460, test loss: 0.20210926
[2026-06-26 11:08:02,491][root][INFO] - reg loss: 4.013828273089427, entropy loss: 0.20985985167746274, leaf dev: 0.24955575168132782
[2026-06-26 11:08:02,492][root][INFO] - Val leaf stats: tensor([0.0000e+00, 5.0000e-04, 9.9833e-01, 1.1667e-03, 0.0000e+00, 0.0000e+00,
        0.0000e+00, 0.0000e+00, 0.0000e+00, 0.0000e+00, 0.0000e+00, 0.0000e+00,
        0.0000e+00, 0.0000e+00, 0.0000e+00, 0.0000e+00])
[2026-06-26 11:08:03,724][root][INFO] - reg loss: 4.171207342507704, entropy loss: 0.1405024640965012, leaf dev: 0.2057686150074005
[2026-06-26 11:08:03,726][root][INFO] - Val leaf stats: tensor([0.0000, 0.0000, 0.0000, 0.0000, 0.0000, 0.0000, 0.0000, 0.1857, 0.0000,
        0.8143, 0.0000, 0.0000, 0.0000, 0.0000, 0.0000, 0.0000])
[2026-06-26 11:08:03,841][root][INFO] - reg loss: 4.0883811959680525, entropy loss: 0.2156197357009042, leaf dev: 0.2186945527791977
[2026-06-26 11:08:03,842][root][INFO] - Val leaf stats: tensor([0.0000, 0.0338, 0.8802, 0.0293, 0.0567, 0.0000, 0.0000, 0.0000, 0.0000,
        0.0000, 0.0000, 0.0000, 0.0000, 0.0000, 0.0000, 0.0000])
[2026-06-26 11:08:04,013][root][INFO] - Epoch: 41 | train acc: 0.9576, train loss: 4.38309756, valid acc: 0.9317, valid loss: 0.24602345, test acc: 0.9426, test loss: 0.20953951
[2026-06-26 11:08:05,193][root][INFO] - Epoch: 40 | train acc: 0.9616, train loss: 4.74048072, valid acc: 0.9428, valid loss: 0.21236798, test acc: 0.9434, test loss: 0.20964838
[2026-06-26 11:08:06,433][root][INFO] - Epoch: 40 | train acc: 0.9651, train loss: 4.17845874, valid acc: 0.9503, valid loss: 0.17564382, test acc: 0.9522, test loss: 0.17158401
[2026-06-26 11:08:06,589][root][INFO] - Epoch: 41 | train acc: 0.9613, train loss: 8.84079199, valid acc: 0.9443, valid loss: 0.21411591, test acc: 0.9422, test loss: 0.21530469
[2026-06-26 11:08:06,984][root][INFO] - reg loss: 5.825674227948459, entropy loss: 0.23519061491736826, leaf dev: 0.08630821108818054
[2026-06-26 11:08:06,985][root][INFO] - Val leaf stats: tensor([0.0005, 0.0000, 0.0185, 0.0012, 0.0000, 0.0000, 0.0330, 0.0043, 0.2197,
        0.1512, 0.2630, 0.1182, 0.0113, 0.0552, 0.0000, 0.1240])
[2026-06-26 11:08:07,417][root][INFO] - reg loss: 5.777923993344577, entropy loss: 0.24034176780930105, leaf dev: 0.10695668309926987
[2026-06-26 11:08:07,418][root][INFO] - Val leaf stats: tensor([0.0000e+00, 0.0000e+00, 0.0000e+00, 0.0000e+00, 1.8467e-01, 2.8800e-01,
        6.6667e-04, 4.9000e-02, 0.0000e+00, 3.3333e-04, 3.2500e-02, 1.2983e-01,
        3.1100e-01, 3.8333e-03, 1.6667e-04, 0.0000e+00])
[2026-06-26 11:08:08,218][root][INFO] - Epoch: 40 | train acc: 0.9512, train loss: 8.74343929, valid acc: 0.9170, valid loss: 0.31507183, test acc: 0.9204, test loss: 0.28059767
[2026-06-26 11:08:08,955][root][INFO] - reg loss: 4.233957452594109, entropy loss: 0.19649796454973942, leaf dev: 0.1739553064107895
[2026-06-26 11:08:08,956][root][INFO] - Val leaf stats: tensor([0.0000, 0.0475, 0.6840, 0.2058, 0.0000, 0.0000, 0.0000, 0.0000, 0.0000,
        0.0000, 0.0000, 0.0000, 0.0000, 0.0000, 0.0000, 0.0627])
[2026-06-26 11:08:09,168][root][INFO] - Epoch: 40 | train acc: 0.9653, train loss: 32.13954890, valid acc: 0.9505, valid loss: 0.19198750, test acc: 0.9515, test loss: 0.18261043
[2026-06-26 11:08:09,406][root][INFO] - Epoch: 41 | train acc: 0.9753, train loss: 0.08213834, valid acc: 0.9580, valid loss: 0.14846028, test acc: 0.9615, test loss: 0.14445282
[2026-06-26 11:08:10,315][root][INFO] - reg loss: 4.605125769129339, entropy loss: 0.1289572556204391, leaf dev: 0.14343778789043427
[2026-06-26 11:08:10,317][root][INFO] - Val leaf stats: tensor([0.0000e+00, 0.0000e+00, 0.0000e+00, 0.0000e+00, 0.0000e+00, 0.0000e+00,
        1.8333e-03, 1.4433e-01, 0.0000e+00, 5.1667e-01, 2.8467e-01, 3.5000e-03,
        6.6667e-04, 0.0000e+00, 5.0000e-04, 4.7833e-02])
[2026-06-26 11:08:11,459][root][INFO] - Epoch: 41 | train acc: 0.9710, train loss: 0.09953589, valid acc: 0.9383, valid loss: 0.23420742, test acc: 0.9445, test loss: 0.19940507
[2026-06-26 11:08:11,630][root][INFO] - reg loss: 4.350160252373174, entropy loss: 0.16064816249429054, leaf dev: 0.1704147905111313
[2026-06-26 11:08:11,632][root][INFO] - Val leaf stats: tensor([0.0000, 0.0000, 0.0000, 0.0000, 0.0000, 0.0000, 0.0000, 0.0000, 0.0097,
        0.6690, 0.1952, 0.0033, 0.0123, 0.0000, 0.0000, 0.1105])
[2026-06-26 11:08:11,894][root][INFO] - reg loss: 4.060373661653051, entropy loss: 0.16248378480942743, leaf dev: 0.24031546711921692
[2026-06-26 11:08:11,895][root][INFO] - Val leaf stats: tensor([0.0000e+00, 0.0000e+00, 0.0000e+00, 0.0000e+00, 0.0000e+00, 0.0000e+00,
        0.0000e+00, 1.1333e-02, 0.0000e+00, 9.6333e-01, 1.6667e-04, 0.0000e+00,
        0.0000e+00, 0.0000e+00, 0.0000e+00, 2.5167e-02])
[2026-06-26 11:08:11,900][root][INFO] - Epoch: 42 | train acc: 0.9489, train loss: 16.79578731, valid acc: 0.9140, valid loss: 0.40610812, test acc: 0.9163, test loss: 0.31185827
[2026-06-26 11:08:13,518][root][INFO] - reg loss: 4.285936040698357, entropy loss: 0.1407433496612423, leaf dev: 0.21943432092666626
[2026-06-26 11:08:13,519][root][INFO] - Val leaf stats: tensor([1.1667e-03, 4.1167e-02, 8.8300e-01, 1.9000e-02, 3.3333e-04, 0.0000e+00,
        0.0000e+00, 0.0000e+00, 0.0000e+00, 0.0000e+00, 0.0000e+00, 0.0000e+00,
        3.3333e-04, 0.0000e+00, 0.0000e+00, 5.5000e-02])
[2026-06-26 11:08:14,699][root][INFO] - reg loss: 5.771043521053386, entropy loss: 0.20903969457689323, leaf dev: 0.10878700017929077
[2026-06-26 11:08:14,700][root][INFO] - Val leaf stats: tensor([0.0000e+00, 3.3333e-04, 0.0000e+00, 0.0000e+00, 1.7367e-01, 3.6167e-01,
        0.0000e+00, 0.0000e+00, 9.5000e-03, 9.9833e-02, 0.0000e+00, 0.0000e+00,
        2.6667e-03, 2.3500e-01, 1.1733e-01, 0.0000e+00])
[2026-06-26 11:08:14,736][root][INFO] - reg loss: 4.002700760679425, entropy loss: 0.1819839117661962, leaf dev: 0.24995556473731995
[2026-06-26 11:08:14,737][root][INFO] - Val leaf stats: tensor([0.0000e+00, 0.0000e+00, 0.0000e+00, 0.0000e+00, 0.0000e+00, 0.0000e+00,
        0.0000e+00, 0.0000e+00, 0.0000e+00, 9.9983e-01, 0.0000e+00, 0.0000e+00,
        0.0000e+00, 0.0000e+00, 0.0000e+00, 1.6667e-04])
[2026-06-26 11:08:16,814][root][INFO] - reg loss: 6.249299656670049, entropy loss: 0.25875726257855036, leaf dev: 0.07401098310947418
[2026-06-26 11:08:16,815][root][INFO] - Val leaf stats: tensor([0.0083, 0.0048, 0.1548, 0.0942, 0.0030, 0.0143, 0.0000, 0.0000, 0.1733,
        0.1528, 0.2018, 0.0360, 0.1243, 0.0088, 0.0233, 0.0000])
[2026-06-26 11:08:17,040][root][INFO] - Epoch: 42 | train acc: 0.9669, train loss: 8.14209400, valid acc: 0.9525, valid loss: 0.17529640, test acc: 0.9535, test loss: 0.16295306
[2026-06-26 11:08:17,332][root][INFO] - reg loss: 4.1534202773616, entropy loss: 0.16377996962587787, leaf dev: 0.2388639897108078
[2026-06-26 11:08:17,333][root][INFO] - Val leaf stats: tensor([0.0000, 0.0090, 0.9580, 0.0165, 0.0017, 0.0000, 0.0000, 0.0000, 0.0000,
        0.0000, 0.0000, 0.0000, 0.0000, 0.0000, 0.0000, 0.0148])
[2026-06-26 11:08:21,033][root][INFO] - Epoch: 41 | train acc: 0.9605, train loss: 2.39539601, valid acc: 0.9325, valid loss: 0.23306817, test acc: 0.9397, test loss: 0.21365788
[2026-06-26 11:08:21,855][root][INFO] - Epoch: 41 | train acc: 0.9680, train loss: 32.19206835, valid acc: 0.9432, valid loss: 0.19810072, test acc: 0.9524, test loss: 0.16748708
[2026-06-26 11:08:22,853][root][INFO] - reg loss: 4.014773647740202, entropy loss: 0.16668992630153331, leaf dev: 0.24960017204284668
[2026-06-26 11:08:22,853][root][INFO] - Val leaf stats: tensor([0.0000e+00, 0.0000e+00, 0.0000e+00, 0.0000e+00, 0.0000e+00, 0.0000e+00,
        0.0000e+00, 1.6667e-04, 1.1667e-03, 9.9850e-01, 0.0000e+00, 0.0000e+00,
        0.0000e+00, 0.0000e+00, 0.0000e+00, 1.6667e-04])
[2026-06-26 11:08:25,365][root][INFO] - Epoch: 41 | train acc: 0.9620, train loss: 2.51206058, valid acc: 0.9288, valid loss: 0.24654040, test acc: 0.9321, test loss: 0.23449575
[2026-06-26 11:08:26,864][root][INFO] - reg loss: 4.5151507719507755, entropy loss: 0.1900687985262781, leaf dev: 0.12971298396587372
[2026-06-26 11:08:26,865][root][INFO] - Val leaf stats: tensor([0.0000e+00, 8.2167e-02, 3.2517e-01, 4.3583e-01, 8.7667e-02, 0.0000e+00,
        1.6667e-04, 0.0000e+00, 0.0000e+00, 0.0000e+00, 0.0000e+00, 0.0000e+00,
        0.0000e+00, 0.0000e+00, 0.0000e+00, 6.9000e-02])
[2026-06-26 11:08:27,411][root][INFO] - Epoch: 41 | train acc: 0.9544, train loss: 17.02449196, valid acc: 0.9335, valid loss: 0.27818473, test acc: 0.9352, test loss: 0.27402913
[2026-06-26 11:08:27,701][root][INFO] - reg loss: 4.010354991229075, entropy loss: 0.2021675025517086, leaf dev: 0.24982227385044098
[2026-06-26 11:08:27,702][root][INFO] - Val leaf stats: tensor([0.0000e+00, 0.0000e+00, 9.9933e-01, 6.6667e-04, 0.0000e+00, 0.0000e+00,
        0.0000e+00, 0.0000e+00, 0.0000e+00, 0.0000e+00, 0.0000e+00, 0.0000e+00,
        0.0000e+00, 0.0000e+00, 0.0000e+00, 0.0000e+00])
[2026-06-26 11:08:31,019][root][INFO] - reg loss: 4.766070608822805, entropy loss: 0.19071562742849565, leaf dev: 0.13637959957122803
[2026-06-26 11:08:31,020][root][INFO] - Val leaf stats: tensor([0.0000e+00, 0.0000e+00, 3.3333e-04, 0.0000e+00, 0.0000e+00, 0.0000e+00,
        2.5250e-01, 3.6567e-01, 0.0000e+00, 3.7950e-01, 1.3333e-03, 0.0000e+00,
        6.6667e-04, 0.0000e+00, 0.0000e+00, 0.0000e+00])
[2026-06-26 11:08:33,152][root][INFO] - reg loss: 4.214125093424095, entropy loss: 0.15742751309331857, leaf dev: 0.22268982231616974
[2026-06-26 11:08:33,154][root][INFO] - Val leaf stats: tensor([0.0000, 0.0000, 0.0000, 0.0000, 0.0000, 0.0000, 0.0000, 0.0000, 0.0087,
        0.8938, 0.0850, 0.0015, 0.0000, 0.0000, 0.0000, 0.0110])
[2026-06-26 11:08:34,362][root][INFO] - Epoch: 42 | train acc: 0.9475, train loss: 32.80268684, valid acc: 0.9077, valid loss: 0.46004950, test acc: 0.9134, test loss: 0.33472570
[2026-06-26 11:08:34,598][root][INFO] - Epoch: 42 | train acc: 0.9685, train loss: 8.21465973, valid acc: 0.9455, valid loss: 0.19472102, test acc: 0.9527, test loss: 0.23001845
[2026-06-26 11:08:39,649][root][INFO] - reg loss: 4.076998292275195, entropy loss: 0.16993381097069327, leaf dev: 0.2484457790851593
[2026-06-26 11:08:39,650][root][INFO] - Val leaf stats: tensor([0.0000, 0.0018, 0.9942, 0.0013, 0.0000, 0.0000, 0.0000, 0.0000, 0.0000,
        0.0000, 0.0000, 0.0000, 0.0000, 0.0000, 0.0000, 0.0027])
[2026-06-26 11:08:40,143][root][INFO] - reg loss: 4.053724477875908, entropy loss: 0.20894338556055753, leaf dev: 0.24416597187519073
[2026-06-26 11:08:40,144][root][INFO] - Val leaf stats: tensor([0.0000, 0.0072, 0.9780, 0.0148, 0.0000, 0.0000, 0.0000, 0.0000, 0.0000,
        0.0000, 0.0000, 0.0000, 0.0000, 0.0000, 0.0000, 0.0000])
[2026-06-26 11:08:41,257][root][INFO] - Epoch: 41 | train acc: 0.9685, train loss: 16.16970302, valid acc: 0.9438, valid loss: 0.19165386, test acc: 0.9522, test loss: 0.18889685
[2026-06-26 11:08:41,389][root][INFO] - Epoch: 41 | train acc: 0.9810, train loss: 2.26250131, valid acc: 0.9555, valid loss: 0.17576624, test acc: 0.9573, test loss: 0.14319917
[2026-06-26 11:08:42,429][root][INFO] - Epoch: 41 | train acc: 0.9748, train loss: 4.18258533, valid acc: 0.9520, valid loss: 0.20333005, test acc: 0.9599, test loss: 0.15945401
[2026-06-26 11:08:42,967][root][INFO] - Epoch: 41 | train acc: 0.9723, train loss: 2.18674683, valid acc: 0.9555, valid loss: 0.16324928, test acc: 0.9520, test loss: 0.16691684
[2026-06-26 11:08:45,949][root][INFO] - Epoch: 41 | train acc: 0.9621, train loss: 0.12807738, valid acc: 0.9263, valid loss: 0.26481143, test acc: 0.9364, test loss: 0.22180317
[2026-06-26 11:08:46,150][root][INFO] - Epoch: 42 | train acc: 0.9770, train loss: 0.08224391, valid acc: 0.9518, valid loss: 0.18017319, test acc: 0.9528, test loss: 0.17879485
[2026-06-26 11:08:46,297][root][INFO] - reg loss: 4.389417216462909, entropy loss: 0.21780100999013433, leaf dev: 0.1709102988243103
[2026-06-26 11:08:46,298][root][INFO] - Val leaf stats: tensor([6.6667e-04, 1.1317e-01, 6.6900e-01, 6.0000e-03, 2.0033e-01, 1.0833e-02,
        0.0000e+00, 0.0000e+00, 0.0000e+00, 0.0000e+00, 0.0000e+00, 0.0000e+00,
        0.0000e+00, 0.0000e+00, 0.0000e+00, 0.0000e+00])
[2026-06-26 11:08:46,942][root][INFO] - reg loss: 4.015183034932838, entropy loss: 0.20963796439035884, leaf dev: 0.24933384358882904
[2026-06-26 11:08:46,943][root][INFO] - Val leaf stats: tensor([0.0000e+00, 5.0000e-04, 9.9750e-01, 2.0000e-03, 0.0000e+00, 0.0000e+00,
        0.0000e+00, 0.0000e+00, 0.0000e+00, 0.0000e+00, 0.0000e+00, 0.0000e+00,
        0.0000e+00, 0.0000e+00, 0.0000e+00, 0.0000e+00])
[2026-06-26 11:08:47,527][root][INFO] - reg loss: 4.093555297491686, entropy loss: 0.21595369377788506, leaf dev: 0.21639615297317505
[2026-06-26 11:08:47,529][root][INFO] - Val leaf stats: tensor([0.0000, 0.0380, 0.8713, 0.0372, 0.0535, 0.0000, 0.0000, 0.0000, 0.0000,
        0.0000, 0.0000, 0.0000, 0.0000, 0.0000, 0.0000, 0.0000])
[2026-06-26 11:08:48,181][root][INFO] - reg loss: 4.182109175987963, entropy loss: 0.1430193378396754, leaf dev: 0.20302724838256836
[2026-06-26 11:08:48,182][root][INFO] - Val leaf stats: tensor([0.0000, 0.0000, 0.0000, 0.0000, 0.0000, 0.0000, 0.0000, 0.1993, 0.0000,
        0.8007, 0.0000, 0.0000, 0.0000, 0.0000, 0.0000, 0.0000])
[2026-06-26 11:08:48,673][root][INFO] - Epoch: 41 | train acc: 0.9617, train loss: 4.73561548, valid acc: 0.9455, valid loss: 0.20841390, test acc: 0.9451, test loss: 0.21058952
[2026-06-26 11:08:48,720][root][INFO] - Epoch: 42 | train acc: 0.9585, train loss: 4.40040373, valid acc: 0.9332, valid loss: 0.24266308, test acc: 0.9431, test loss: 0.21857278
[2026-06-26 11:08:50,621][root][INFO] - reg loss: 5.559876725358783, entropy loss: 0.23316249391942653, leaf dev: 0.10927750915288925
[2026-06-26 11:08:50,622][root][INFO] - Val leaf stats: tensor([0.0000e+00, 0.0000e+00, 0.0000e+00, 0.0000e+00, 2.2783e-01, 2.9850e-01,
        0.0000e+00, 7.8333e-03, 0.0000e+00, 5.0000e-04, 3.8833e-02, 1.4233e-01,
        2.8067e-01, 3.3333e-03, 1.6667e-04, 0.0000e+00])
[2026-06-26 11:08:51,092][root][INFO] - Epoch: 42 | train acc: 0.9614, train loss: 8.80492524, valid acc: 0.9445, valid loss: 0.21294678, test acc: 0.9414, test loss: 0.21964624
[2026-06-26 11:08:51,528][root][INFO] - reg loss: 5.767540918206269, entropy loss: 0.23409465391118572, leaf dev: 0.10801959782838821
[2026-06-26 11:08:51,530][root][INFO] - Val leaf stats: tensor([0.0005, 0.0000, 0.0217, 0.0022, 0.0000, 0.0000, 0.0350, 0.0050, 0.4177,
        0.0335, 0.1602, 0.0890, 0.0205, 0.0677, 0.0000, 0.1472])
[2026-06-26 11:08:51,737][root][INFO] - Epoch: 41 | train acc: 0.9659, train loss: 4.17702765, valid acc: 0.9497, valid loss: 0.17497229, test acc: 0.9513, test loss: 0.17469475
[2026-06-26 11:08:53,016][root][INFO] - Epoch: 41 | train acc: 0.9654, train loss: 32.13067487, valid acc: 0.9503, valid loss: 0.18886389, test acc: 0.9524, test loss: 0.16351354
[2026-06-26 11:08:53,247][root][INFO] - Epoch: 41 | train acc: 0.9518, train loss: 8.73162535, valid acc: 0.9187, valid loss: 0.31314579, test acc: 0.9243, test loss: 0.28570803
[2026-06-26 11:08:53,361][root][INFO] - Epoch: 42 | train acc: 0.9766, train loss: 0.07855840, valid acc: 0.9570, valid loss: 0.15051844, test acc: 0.9576, test loss: 0.14786859
[2026-06-26 11:08:53,664][root][INFO] - reg loss: 4.2448455162768095, entropy loss: 0.18412454918308077, leaf dev: 0.16845743358135223
[2026-06-26 11:08:53,665][root][INFO] - Val leaf stats: tensor([1.6667e-04, 4.7167e-02, 6.5683e-01, 2.2150e-01, 0.0000e+00, 0.0000e+00,
        0.0000e+00, 0.0000e+00, 0.0000e+00, 0.0000e+00, 0.0000e+00, 0.0000e+00,
        5.0000e-04, 0.0000e+00, 0.0000e+00, 7.3833e-02])
[2026-06-26 11:08:53,985][root][INFO] - reg loss: 4.602436524517131, entropy loss: 0.12780421353736013, leaf dev: 0.14053598046302795
[2026-06-26 11:08:53,985][root][INFO] - Val leaf stats: tensor([0.0000, 0.0000, 0.0000, 0.0000, 0.0000, 0.0000, 0.0023, 0.1438, 0.0000,
        0.4957, 0.2992, 0.0033, 0.0013, 0.0000, 0.0008, 0.0535])
[2026-06-26 11:08:54,637][root][INFO] - Epoch: 43 | train acc: 0.9495, train loss: 16.80573355, valid acc: 0.9092, valid loss: 0.40192381, test acc: 0.9165, test loss: 0.30419863
[2026-06-26 11:08:55,451][root][INFO] - Epoch: 42 | train acc: 0.9718, train loss: 0.09679851, valid acc: 0.9458, valid loss: 0.20877753, test acc: 0.9480, test loss: 0.18179977
[2026-06-26 11:08:56,192][root][INFO] - reg loss: 4.333560547738705, entropy loss: 0.15820432426232212, leaf dev: 0.1693572998046875
[2026-06-26 11:08:56,193][root][INFO] - Val leaf stats: tensor([0.0000, 0.0000, 0.0000, 0.0000, 0.0000, 0.0000, 0.0000, 0.0000, 0.0107,
        0.6663, 0.1907, 0.0043, 0.0190, 0.0000, 0.0000, 0.1090])
[2026-06-26 11:08:56,788][root][INFO] - reg loss: 4.060835096071351, entropy loss: 0.16068173523219126, leaf dev: 0.23874817788600922
[2026-06-26 11:08:56,789][root][INFO] - Val leaf stats: tensor([0.0000e+00, 0.0000e+00, 0.0000e+00, 0.0000e+00, 0.0000e+00, 0.0000e+00,
        0.0000e+00, 1.3500e-02, 0.0000e+00, 9.5733e-01, 1.6667e-04, 0.0000e+00,
        0.0000e+00, 0.0000e+00, 0.0000e+00, 2.9000e-02])
[2026-06-26 11:08:57,989][root][INFO] - reg loss: 4.001616711886424, entropy loss: 0.18098222829823224, leaf dev: 0.24995556473731995
[2026-06-26 11:08:57,990][root][INFO] - Val leaf stats: tensor([0.0000e+00, 0.0000e+00, 0.0000e+00, 0.0000e+00, 0.0000e+00, 0.0000e+00,
        0.0000e+00, 0.0000e+00, 0.0000e+00, 9.9983e-01, 0.0000e+00, 0.0000e+00,
        0.0000e+00, 0.0000e+00, 0.0000e+00, 1.6667e-04])
[2026-06-26 11:08:58,623][root][INFO] - reg loss: 4.280195065264432, entropy loss: 0.1413237157295335, leaf dev: 0.2179727703332901
[2026-06-26 11:08:58,624][root][INFO] - Val leaf stats: tensor([0.0012, 0.0462, 0.8773, 0.0200, 0.0012, 0.0000, 0.0000, 0.0000, 0.0000,
        0.0000, 0.0000, 0.0000, 0.0000, 0.0000, 0.0000, 0.0542])
[2026-06-26 11:08:58,877][root][INFO] - reg loss: 5.698283640843518, entropy loss: 0.20395100763383903, leaf dev: 0.11418991535902023
[2026-06-26 11:08:58,878][root][INFO] - Val leaf stats: tensor([0.0000e+00, 3.3333e-04, 0.0000e+00, 0.0000e+00, 9.8833e-02, 3.9183e-01,
        0.0000e+00, 0.0000e+00, 1.3833e-02, 1.1717e-01, 0.0000e+00, 0.0000e+00,
        5.3333e-03, 2.6183e-01, 1.1083e-01, 0.0000e+00])
[2026-06-26 11:08:59,869][root][INFO] - reg loss: 4.156476848530319, entropy loss: 0.16222263113507684, leaf dev: 0.2400899976491928
[2026-06-26 11:08:59,870][root][INFO] - Val leaf stats: tensor([0.0000, 0.0103, 0.9627, 0.0117, 0.0022, 0.0000, 0.0000, 0.0000, 0.0000,
        0.0000, 0.0000, 0.0000, 0.0000, 0.0000, 0.0000, 0.0132])
[2026-06-26 11:09:00,510][root][INFO] - reg loss: 6.27053516315964, entropy loss: 0.26592527976575886, leaf dev: 0.08308608084917068
[2026-06-26 11:09:00,511][root][INFO] - Val leaf stats: tensor([0.0060, 0.0048, 0.1447, 0.0925, 0.0022, 0.0132, 0.0000, 0.0000, 0.2328,
        0.1582, 0.2152, 0.0102, 0.1027, 0.0077, 0.0100, 0.0000])
[2026-06-26 11:09:01,244][root][INFO] - Epoch: 43 | train acc: 0.9672, train loss: 8.13408315, valid acc: 0.9515, valid loss: 0.17862611, test acc: 0.9535, test loss: 0.16502132
[2026-06-26 11:09:05,243][root][INFO] - Epoch: 42 | train acc: 0.9686, train loss: 32.18861116, valid acc: 0.9457, valid loss: 0.19389462, test acc: 0.9537, test loss: 0.16874010
[2026-06-26 11:09:06,229][root][INFO] - Epoch: 42 | train acc: 0.9617, train loss: 2.38620361, valid acc: 0.9337, valid loss: 0.23297812, test acc: 0.9396, test loss: 0.20897879
[2026-06-26 11:09:06,535][root][INFO] - reg loss: 4.011049900414808, entropy loss: 0.16598024922159482, leaf dev: 0.24928925931453705
[2026-06-26 11:09:06,536][root][INFO] - Val leaf stats: tensor([0.0000e+00, 0.0000e+00, 0.0000e+00, 0.0000e+00, 0.0000e+00, 0.0000e+00,
        0.0000e+00, 1.1667e-03, 1.3333e-03, 9.9733e-01, 1.6667e-04, 0.0000e+00,
        0.0000e+00, 0.0000e+00, 0.0000e+00, 0.0000e+00])
[2026-06-26 11:09:08,744][root][INFO] - Epoch: 42 | train acc: 0.9637, train loss: 2.51053286, valid acc: 0.9305, valid loss: 0.25245768, test acc: 0.9353, test loss: 0.23940423
[2026-06-26 11:09:10,638][root][INFO] - reg loss: 4.010038380352956, entropy loss: 0.20208547025356652, leaf dev: 0.24986669421195984
[2026-06-26 11:09:10,639][root][INFO] - Val leaf stats: tensor([0.0000e+00, 0.0000e+00, 9.9950e-01, 5.0000e-04, 0.0000e+00, 0.0000e+00,
        0.0000e+00, 0.0000e+00, 0.0000e+00, 0.0000e+00, 0.0000e+00, 0.0000e+00,
        0.0000e+00, 0.0000e+00, 0.0000e+00, 0.0000e+00])
[2026-06-26 11:09:12,143][root][INFO] - reg loss: 4.508737037766655, entropy loss: 0.21100612406460745, leaf dev: 0.1281067579984665
[2026-06-26 11:09:12,144][root][INFO] - Val leaf stats: tensor([0.0000e+00, 7.9500e-02, 3.3933e-01, 4.1667e-01, 8.8833e-02, 0.0000e+00,
        1.6667e-04, 0.0000e+00, 0.0000e+00, 0.0000e+00, 0.0000e+00, 0.0000e+00,
        0.0000e+00, 0.0000e+00, 0.0000e+00, 7.5500e-02])
[2026-06-26 11:09:13,349][root][INFO] - reg loss: 4.771907181110022, entropy loss: 0.1897907903734243, leaf dev: 0.13718172907829285
[2026-06-26 11:09:13,350][root][INFO] - Val leaf stats: tensor([0.0000e+00, 0.0000e+00, 3.3333e-04, 0.0000e+00, 0.0000e+00, 0.0000e+00,
        2.4033e-01, 3.6500e-01, 0.0000e+00, 3.9217e-01, 1.3333e-03, 0.0000e+00,
        8.3333e-04, 0.0000e+00, 0.0000e+00, 0.0000e+00])
[2026-06-26 11:09:13,824][root][INFO] - Epoch: 42 | train acc: 0.9551, train loss: 17.01337447, valid acc: 0.9332, valid loss: 0.29077770, test acc: 0.9363, test loss: 0.27812060
[2026-06-26 11:09:18,328][root][INFO] - Epoch: 43 | train acc: 0.9475, train loss: 32.79758936, valid acc: 0.9102, valid loss: 0.45455533, test acc: 0.9158, test loss: 0.31413709
[2026-06-26 11:09:19,645][root][INFO] - Epoch: 43 | train acc: 0.9695, train loss: 8.22501557, valid acc: 0.9445, valid loss: 0.22699552, test acc: 0.9533, test loss: 0.22517432
[2026-06-26 11:09:19,684][root][INFO] - reg loss: 4.211708104835366, entropy loss: 0.15642789442021893, leaf dev: 0.2225094586610794
[2026-06-26 11:09:19,685][root][INFO] - Val leaf stats: tensor([0.0000e+00, 0.0000e+00, 0.0000e+00, 0.0000e+00, 0.0000e+00, 0.0000e+00,
        0.0000e+00, 1.6667e-04, 9.8333e-03, 8.9333e-01, 8.2833e-02, 1.5000e-03,
        0.0000e+00, 0.0000e+00, 0.0000e+00, 1.2333e-02])
[2026-06-26 11:09:24,022][root][INFO] - reg loss: 4.076209261732282, entropy loss: 0.16846893404452307, leaf dev: 0.2484019249677658
[2026-06-26 11:09:24,023][root][INFO] - Val leaf stats: tensor([0.0000e+00, 1.6667e-03, 9.9400e-01, 6.6667e-04, 0.0000e+00, 0.0000e+00,
        0.0000e+00, 0.0000e+00, 0.0000e+00, 0.0000e+00, 0.0000e+00, 0.0000e+00,
        0.0000e+00, 0.0000e+00, 0.0000e+00, 3.6667e-03])
[2026-06-26 11:09:24,265][root][INFO] - reg loss: 4.0597092250608044, entropy loss: 0.20877978767988817, leaf dev: 0.2418932169675827
[2026-06-26 11:09:24,266][root][INFO] - Val leaf stats: tensor([0.0000, 0.0080, 0.9693, 0.0227, 0.0000, 0.0000, 0.0000, 0.0000, 0.0000,
        0.0000, 0.0000, 0.0000, 0.0000, 0.0000, 0.0000, 0.0000])
[2026-06-26 11:09:25,825][root][INFO] - Epoch: 42 | train acc: 0.9815, train loss: 2.26056725, valid acc: 0.9545, valid loss: 0.17415379, test acc: 0.9579, test loss: 0.14008384
[2026-06-26 11:09:26,569][root][INFO] - Epoch: 42 | train acc: 0.9687, train loss: 16.17046894, valid acc: 0.9462, valid loss: 0.19020742, test acc: 0.9529, test loss: 0.18622286
[2026-06-26 11:09:26,998][root][INFO] - Epoch: 42 | train acc: 0.9758, train loss: 4.19219512, valid acc: 0.9533, valid loss: 0.20101898, test acc: 0.9597, test loss: 0.16002859
[2026-06-26 11:09:27,757][root][INFO] - Epoch: 42 | train acc: 0.9713, train loss: 2.18789801, valid acc: 0.9550, valid loss: 0.16596762, test acc: 0.9558, test loss: 0.16124321
[2026-06-26 11:09:28,497][root][INFO] - Epoch: 43 | train acc: 0.9816, train loss: 0.06507018, valid acc: 0.9513, valid loss: 0.17939036, test acc: 0.9539, test loss: 0.17533701
[2026-06-26 11:09:30,009][root][INFO] - Epoch: 42 | train acc: 0.9637, train loss: 0.12558840, valid acc: 0.9317, valid loss: 0.26342324, test acc: 0.9367, test loss: 0.22936741
[2026-06-26 11:09:31,248][root][INFO] - reg loss: 4.3864803044301155, entropy loss: 0.21767114651090694, leaf dev: 0.17231543362140656
[2026-06-26 11:09:31,249][root][INFO] - Val leaf stats: tensor([6.6667e-04, 1.0317e-01, 6.7433e-01, 4.5000e-03, 2.0583e-01, 1.1500e-02,
        0.0000e+00, 0.0000e+00, 0.0000e+00, 0.0000e+00, 0.0000e+00, 0.0000e+00,
        0.0000e+00, 0.0000e+00, 0.0000e+00, 0.0000e+00])
[2026-06-26 11:09:31,414][root][INFO] - reg loss: 4.0154855566204715, entropy loss: 0.20949685179962302, leaf dev: 0.24951136112213135
[2026-06-26 11:09:31,415][root][INFO] - Val leaf stats: tensor([0.0000e+00, 5.0000e-04, 9.9817e-01, 1.3333e-03, 0.0000e+00, 0.0000e+00,
        0.0000e+00, 0.0000e+00, 0.0000e+00, 0.0000e+00, 0.0000e+00, 0.0000e+00,
        0.0000e+00, 0.0000e+00, 0.0000e+00, 0.0000e+00])
[2026-06-26 11:09:31,893][root][INFO] - reg loss: 4.106172795565623, entropy loss: 0.21620387766721114, leaf dev: 0.2114589810371399
[2026-06-26 11:09:31,894][root][INFO] - Val leaf stats: tensor([0.0000, 0.0490, 0.8520, 0.0465, 0.0525, 0.0000, 0.0000, 0.0000, 0.0000,
        0.0000, 0.0000, 0.0000, 0.0000, 0.0000, 0.0000, 0.0000])
[2026-06-26 11:09:32,031][root][INFO] - Epoch: 43 | train acc: 0.9575, train loss: 4.37029656, valid acc: 0.9260, valid loss: 0.27532530, test acc: 0.9379, test loss: 0.23288195
[2026-06-26 11:09:32,597][root][INFO] - Epoch: 42 | train acc: 0.9619, train loss: 4.75114614, valid acc: 0.9415, valid loss: 0.21455432, test acc: 0.9425, test loss: 0.21707905
[2026-06-26 11:09:33,158][root][INFO] - reg loss: 4.182097354025211, entropy loss: 0.143095962703228, leaf dev: 0.21216610074043274
[2026-06-26 11:09:33,159][root][INFO] - Val leaf stats: tensor([0.0000e+00, 0.0000e+00, 0.0000e+00, 0.0000e+00, 0.0000e+00, 0.0000e+00,
        0.0000e+00, 1.5483e-01, 0.0000e+00, 8.4483e-01, 0.0000e+00, 0.0000e+00,
        0.0000e+00, 0.0000e+00, 0.0000e+00, 3.3333e-04])
[2026-06-26 11:09:33,845][root][INFO] - reg loss: 5.577982731585233, entropy loss: 0.23541963592452822, leaf dev: 0.10538743436336517
[2026-06-26 11:09:33,846][root][INFO] - Val leaf stats: tensor([0.0000e+00, 0.0000e+00, 0.0000e+00, 0.0000e+00, 2.1667e-01, 3.0750e-01,
        0.0000e+00, 1.3000e-02, 0.0000e+00, 6.6667e-04, 5.0000e-02, 1.7700e-01,
        2.3150e-01, 2.0000e-03, 1.5000e-03, 1.6667e-04])
[2026-06-26 11:09:35,257][root][INFO] - reg loss: 5.741021993025294, entropy loss: 0.23259395178196565, leaf dev: 0.09559019654989243
[2026-06-26 11:09:35,258][root][INFO] - Val leaf stats: tensor([0.0005, 0.0000, 0.0233, 0.0013, 0.0000, 0.0000, 0.0355, 0.0055, 0.3412,
        0.2048, 0.0660, 0.0522, 0.0313, 0.0810, 0.0000, 0.1573])
[2026-06-26 11:09:35,990][root][INFO] - Epoch: 43 | train acc: 0.9630, train loss: 8.82842902, valid acc: 0.9435, valid loss: 0.21601752, test acc: 0.9435, test loss: 0.21492447
[2026-06-26 11:09:36,020][root][INFO] - Epoch: 42 | train acc: 0.9514, train loss: 8.74416040, valid acc: 0.9170, valid loss: 0.32637483, test acc: 0.9214, test loss: 0.29779451
[2026-06-26 11:09:36,642][root][INFO] - Epoch: 42 | train acc: 0.9660, train loss: 4.16991565, valid acc: 0.9502, valid loss: 0.17411527, test acc: 0.9532, test loss: 0.17279451
[2026-06-26 11:09:37,149][root][INFO] - Epoch: 44 | train acc: 0.9493, train loss: 16.79795762, valid acc: 0.9153, valid loss: 0.38057063, test acc: 0.9195, test loss: 0.31423774
[2026-06-26 11:09:37,195][root][INFO] - reg loss: 4.61980794060905, entropy loss: 0.1274933098762665, leaf dev: 0.13948407769203186
[2026-06-26 11:09:37,196][root][INFO] - Val leaf stats: tensor([0.0000e+00, 0.0000e+00, 0.0000e+00, 0.0000e+00, 0.0000e+00, 0.0000e+00,
        2.6667e-03, 1.7067e-01, 1.6667e-04, 4.9700e-01, 2.7517e-01, 3.0000e-03,
        8.3333e-04, 0.0000e+00, 8.3333e-04, 4.9667e-02])
[2026-06-26 11:09:37,294][root][INFO] - Epoch: 43 | train acc: 0.9806, train loss: 0.06585955, valid acc: 0.9577, valid loss: 0.15447377, test acc: 0.9597, test loss: 0.15009861
[2026-06-26 11:09:37,295][root][INFO] - reg loss: 4.219179720248816, entropy loss: 0.17041974458492026, leaf dev: 0.18316107988357544
[2026-06-26 11:09:37,296][root][INFO] - Val leaf stats: tensor([8.3333e-04, 4.9833e-02, 7.3283e-01, 1.4583e-01, 0.0000e+00, 0.0000e+00,
        0.0000e+00, 0.0000e+00, 0.0000e+00, 0.0000e+00, 0.0000e+00, 0.0000e+00,
        5.0000e-04, 0.0000e+00, 0.0000e+00, 7.0167e-02])
[2026-06-26 11:09:39,342][root][INFO] - Epoch: 42 | train acc: 0.9660, train loss: 32.13891602, valid acc: 0.9517, valid loss: 0.18528260, test acc: 0.9527, test loss: 0.16444927
[2026-06-26 11:09:40,469][root][INFO] - Epoch: 43 | train acc: 0.9739, train loss: 0.09025581, valid acc: 0.9452, valid loss: 0.20700204, test acc: 0.9504, test loss: 0.18057840
[2026-06-26 11:09:41,505][root][INFO] - reg loss: 4.286579779858859, entropy loss: 0.14051684301416828, leaf dev: 0.2187221497297287
[2026-06-26 11:09:41,507][root][INFO] - Val leaf stats: tensor([1.6667e-03, 5.5000e-02, 8.8033e-01, 2.0833e-02, 1.3333e-03, 0.0000e+00,
        0.0000e+00, 0.0000e+00, 0.0000e+00, 0.0000e+00, 0.0000e+00, 0.0000e+00,
        3.3333e-04, 0.0000e+00, 0.0000e+00, 4.0500e-02])
[2026-06-26 11:09:41,651][root][INFO] - reg loss: 4.346406356343683, entropy loss: 0.15854492671084855, leaf dev: 0.16607262194156647
[2026-06-26 11:09:41,652][root][INFO] - Val leaf stats: tensor([0.0000, 0.0000, 0.0000, 0.0000, 0.0000, 0.0000, 0.0000, 0.0000, 0.0160,
        0.6513, 0.1935, 0.0040, 0.0170, 0.0000, 0.0000, 0.1182])
[2026-06-26 11:09:41,718][root][INFO] - reg loss: 4.0555057300711574, entropy loss: 0.15735743939876556, leaf dev: 0.24061408638954163
[2026-06-26 11:09:41,719][root][INFO] - Val leaf stats: tensor([0.0000e+00, 0.0000e+00, 0.0000e+00, 0.0000e+00, 0.0000e+00, 0.0000e+00,
        0.0000e+00, 1.2667e-02, 0.0000e+00, 9.6450e-01, 3.3333e-04, 0.0000e+00,
        0.0000e+00, 0.0000e+00, 0.0000e+00, 2.2500e-02])
[2026-06-26 11:09:42,719][root][INFO] - reg loss: 5.736586494265862, entropy loss: 0.20559952239382942, leaf dev: 0.09775418788194656
[2026-06-26 11:09:42,724][root][INFO] - Val leaf stats: tensor([0.0000e+00, 3.3333e-04, 0.0000e+00, 0.0000e+00, 1.7917e-01, 2.8150e-01,
        0.0000e+00, 1.6667e-04, 1.6000e-02, 1.2167e-01, 0.0000e+00, 0.0000e+00,
        3.0000e-03, 2.0800e-01, 1.9017e-01, 0.0000e+00])
[2026-06-26 11:09:42,800][root][INFO] - reg loss: 4.154847194563668, entropy loss: 0.1603495713393643, leaf dev: 0.23952127993106842
[2026-06-26 11:09:42,801][root][INFO] - Val leaf stats: tensor([0.0000, 0.0132, 0.9605, 0.0142, 0.0012, 0.0000, 0.0000, 0.0000, 0.0000,
        0.0000, 0.0000, 0.0000, 0.0000, 0.0000, 0.0000, 0.0110])
[2026-06-26 11:09:44,152][root][INFO] - Epoch: 44 | train acc: 0.9677, train loss: 8.13855059, valid acc: 0.9505, valid loss: 0.17671690, test acc: 0.9524, test loss: 0.16419849
[2026-06-26 11:09:44,833][root][INFO] - reg loss: 4.002902278360331, entropy loss: 0.17988188438258082, leaf dev: 0.24995556473731995
[2026-06-26 11:09:44,834][root][INFO] - Val leaf stats: tensor([0.0000e+00, 0.0000e+00, 0.0000e+00, 0.0000e+00, 0.0000e+00, 0.0000e+00,
        0.0000e+00, 0.0000e+00, 0.0000e+00, 9.9983e-01, 0.0000e+00, 0.0000e+00,
        0.0000e+00, 0.0000e+00, 0.0000e+00, 1.6667e-04])
[2026-06-26 11:09:45,747][root][INFO] - reg loss: 6.2194161055223, entropy loss: 0.26648284298069075, leaf dev: 0.07994572073221207
[2026-06-26 11:09:45,748][root][INFO] - Val leaf stats: tensor([0.0072, 0.0057, 0.1637, 0.0908, 0.0032, 0.0142, 0.0000, 0.0000, 0.1865,
        0.1372, 0.2340, 0.0142, 0.1190, 0.0088, 0.0157, 0.0000])
[2026-06-26 11:09:48,542][root][INFO] - Epoch: 43 | train acc: 0.9695, train loss: 32.19302296, valid acc: 0.9450, valid loss: 0.19822512, test acc: 0.9533, test loss: 0.16813886
[2026-06-26 11:09:49,821][root][INFO] - reg loss: 4.014180255386065, entropy loss: 0.16527993470992683, leaf dev: 0.2492891401052475
[2026-06-26 11:09:49,822][root][INFO] - Val leaf stats: tensor([0.0000e+00, 0.0000e+00, 0.0000e+00, 0.0000e+00, 0.0000e+00, 0.0000e+00,
        0.0000e+00, 1.1667e-03, 8.3333e-04, 9.9733e-01, 1.6667e-04, 0.0000e+00,
        0.0000e+00, 0.0000e+00, 0.0000e+00, 5.0000e-04])
[2026-06-26 11:09:50,199][root][INFO] - Epoch: 43 | train acc: 0.9635, train loss: 2.37778280, valid acc: 0.9348, valid loss: 0.22998025, test acc: 0.9399, test loss: 0.21256957
[2026-06-26 11:09:51,932][root][INFO] - Epoch: 43 | train acc: 0.9565, train loss: 2.49244930, valid acc: 0.9267, valid loss: 0.26788077, test acc: 0.9302, test loss: 0.24439180
[2026-06-26 11:09:54,358][root][INFO] - reg loss: 4.010786987700552, entropy loss: 0.2020277593214557, leaf dev: 0.2497778683900833
[2026-06-26 11:09:54,359][root][INFO] - Val leaf stats: tensor([0.0000e+00, 0.0000e+00, 9.9917e-01, 8.3333e-04, 0.0000e+00, 0.0000e+00,
        0.0000e+00, 0.0000e+00, 0.0000e+00, 0.0000e+00, 0.0000e+00, 0.0000e+00,
        0.0000e+00, 0.0000e+00, 0.0000e+00, 0.0000e+00])
[2026-06-26 11:09:55,957][root][INFO] - reg loss: 4.501374253686869, entropy loss: 0.20098864230907187, leaf dev: 0.12716475129127502
[2026-06-26 11:09:55,958][root][INFO] - Val leaf stats: tensor([3.3333e-04, 8.7667e-02, 3.7050e-01, 3.8433e-01, 8.6167e-02, 0.0000e+00,
        5.0000e-04, 0.0000e+00, 0.0000e+00, 0.0000e+00, 0.0000e+00, 0.0000e+00,
        0.0000e+00, 0.0000e+00, 0.0000e+00, 7.0500e-02])
[2026-06-26 11:09:57,277][root][INFO] - reg loss: 4.6837944984436035, entropy loss: 0.18859073688399117, leaf dev: 0.14704734086990356
[2026-06-26 11:09:57,278][root][INFO] - Val leaf stats: tensor([0.0000e+00, 0.0000e+00, 3.3333e-04, 0.0000e+00, 0.0000e+00, 0.0000e+00,
        2.0033e-01, 2.6950e-01, 0.0000e+00, 5.2350e-01, 5.1667e-03, 1.6667e-04,
        1.0000e-03, 0.0000e+00, 0.0000e+00, 0.0000e+00])
[2026-06-26 11:09:57,905][root][INFO] - Epoch: 43 | train acc: 0.9526, train loss: 17.24722565, valid acc: 0.9292, valid loss: 0.31832963, test acc: 0.9321, test loss: 0.30676908
[2026-06-26 11:10:03,395][root][INFO] - reg loss: 4.257370809339127, entropy loss: 0.15875640891070636, leaf dev: 0.21576300263404846
[2026-06-26 11:10:03,396][root][INFO] - Val leaf stats: tensor([0.0000e+00, 0.0000e+00, 0.0000e+00, 0.0000e+00, 1.6667e-04, 0.0000e+00,
        0.0000e+00, 9.1667e-03, 2.7833e-02, 8.6783e-01, 8.1667e-02, 1.5000e-03,
        0.0000e+00, 0.0000e+00, 0.0000e+00, 1.1833e-02])
[2026-06-26 11:10:04,150][root][INFO] - Epoch: 44 | train acc: 0.9696, train loss: 8.22476011, valid acc: 0.9460, valid loss: 0.22642652, test acc: 0.9532, test loss: 0.22445270
[2026-06-26 11:10:04,749][root][INFO] - Epoch: 44 | train acc: 0.9483, train loss: 32.82943128, valid acc: 0.9113, valid loss: 0.47614132, test acc: 0.9172, test loss: 0.32247976
[2026-06-26 11:10:09,278][root][INFO] - reg loss: 4.060312986373901, entropy loss: 0.2083716166188132, leaf dev: 0.24033363163471222
[2026-06-26 11:10:09,279][root][INFO] - Val leaf stats: tensor([0.0000, 0.0078, 0.9633, 0.0288, 0.0000, 0.0000, 0.0000, 0.0000, 0.0000,
        0.0000, 0.0000, 0.0000, 0.0000, 0.0000, 0.0000, 0.0000])
[2026-06-26 11:10:09,712][root][INFO] - reg loss: 4.0806279092464806, entropy loss: 0.16746686905060174, leaf dev: 0.24840152263641357
[2026-06-26 11:10:09,713][root][INFO] - Val leaf stats: tensor([0.0000, 0.0018, 0.9940, 0.0012, 0.0000, 0.0000, 0.0000, 0.0000, 0.0000,
        0.0000, 0.0000, 0.0000, 0.0000, 0.0000, 0.0000, 0.0030])
[2026-06-26 11:10:10,473][root][INFO] - Epoch: 43 | train acc: 0.9759, train loss: 4.19925404, valid acc: 0.9512, valid loss: 0.19282840, test acc: 0.9580, test loss: 0.15979337
[2026-06-26 11:10:10,545][root][INFO] - Epoch: 43 | train acc: 0.9692, train loss: 16.17276994, valid acc: 0.9447, valid loss: 0.19088300, test acc: 0.9524, test loss: 0.19114301
[2026-06-26 11:10:11,037][root][INFO] - Epoch: 43 | train acc: 0.9816, train loss: 2.26370843, valid acc: 0.9533, valid loss: 0.17674216, test acc: 0.9566, test loss: 0.15686007
[2026-06-26 11:10:12,097][root][INFO] - Epoch: 43 | train acc: 0.9729, train loss: 2.16941004, valid acc: 0.9548, valid loss: 0.16504847, test acc: 0.9553, test loss: 0.16719056
[2026-06-26 11:10:12,393][root][INFO] - Epoch: 44 | train acc: 0.9833, train loss: 0.06120311, valid acc: 0.9518, valid loss: 0.17567399, test acc: 0.9530, test loss: 0.17081330
[2026-06-26 11:10:13,294][root][INFO] - Epoch: 43 | train acc: 0.9647, train loss: 0.12044351, valid acc: 0.9417, valid loss: 0.22385815, test acc: 0.9431, test loss: 0.19739496
[2026-06-26 11:10:15,674][root][INFO] - reg loss: 4.112656719279739, entropy loss: 0.21592240921168956, leaf dev: 0.211717426776886
[2026-06-26 11:10:15,675][root][INFO] - Val leaf stats: tensor([0.0000, 0.0495, 0.8530, 0.0437, 0.0538, 0.0000, 0.0000, 0.0000, 0.0000,
        0.0000, 0.0000, 0.0000, 0.0000, 0.0000, 0.0000, 0.0000])
[2026-06-26 11:10:15,791][root][INFO] - reg loss: 4.396112878367586, entropy loss: 0.2183004523504455, leaf dev: 0.16379863023757935
[2026-06-26 11:10:15,792][root][INFO] - Val leaf stats: tensor([0.0025, 0.1427, 0.6348, 0.0045, 0.2035, 0.0120, 0.0000, 0.0000, 0.0000,
        0.0000, 0.0000, 0.0000, 0.0000, 0.0000, 0.0000, 0.0000])
[2026-06-26 11:10:15,831][root][INFO] - reg loss: 4.0164601173041, entropy loss: 0.20932874280326771, leaf dev: 0.24915635585784912
[2026-06-26 11:10:15,832][root][INFO] - Val leaf stats: tensor([0.0000e+00, 6.6667e-04, 9.9683e-01, 2.5000e-03, 0.0000e+00, 0.0000e+00,
        0.0000e+00, 0.0000e+00, 0.0000e+00, 0.0000e+00, 0.0000e+00, 0.0000e+00,
        0.0000e+00, 0.0000e+00, 0.0000e+00, 0.0000e+00])
[2026-06-26 11:10:16,252][root][INFO] - Epoch: 43 | train acc: 0.9628, train loss: 4.76044956, valid acc: 0.9442, valid loss: 0.20754150, test acc: 0.9443, test loss: 0.21330822
[2026-06-26 11:10:16,448][root][INFO] - Epoch: 44 | train acc: 0.9528, train loss: 4.40784463, valid acc: 0.9295, valid loss: 0.25798530, test acc: 0.9406, test loss: 0.21487709
[2026-06-26 11:10:16,883][root][INFO] - reg loss: 4.148744524649854, entropy loss: 0.14132633945851955, leaf dev: 0.20565679669380188
[2026-06-26 11:10:16,884][root][INFO] - Val leaf stats: tensor([0.0000e+00, 0.0000e+00, 0.0000e+00, 0.0000e+00, 0.0000e+00, 0.0000e+00,
        0.0000e+00, 1.8600e-01, 0.0000e+00, 8.1383e-01, 0.0000e+00, 0.0000e+00,
        0.0000e+00, 0.0000e+00, 0.0000e+00, 1.6667e-04])
[2026-06-26 11:10:17,745][root][INFO] - reg loss: 5.53096906194147, entropy loss: 0.23540913721300522, leaf dev: 0.10658552497625351
[2026-06-26 11:10:17,746][root][INFO] - Val leaf stats: tensor([0.0000e+00, 0.0000e+00, 0.0000e+00, 0.0000e+00, 2.4767e-01, 3.1583e-01,
        0.0000e+00, 2.3500e-02, 0.0000e+00, 1.6667e-04, 3.7167e-02, 1.7150e-01,
        2.0117e-01, 1.6667e-03, 5.0000e-04, 8.3333e-04])
[2026-06-26 11:10:18,576][root][INFO] - reg loss: 5.6670054309773, entropy loss: 0.22980965955077476, leaf dev: 0.09015478938817978
[2026-06-26 11:10:18,577][root][INFO] - Val leaf stats: tensor([1.6667e-04, 0.0000e+00, 7.5000e-03, 0.0000e+00, 0.0000e+00, 0.0000e+00,
        2.2333e-02, 1.6667e-03, 2.8767e-01, 2.1050e-01, 9.7500e-02, 7.0500e-02,
        2.8167e-02, 9.2333e-02, 0.0000e+00, 1.8167e-01])
[2026-06-26 11:10:19,885][root][INFO] - Epoch: 43 | train acc: 0.9523, train loss: 8.72751183, valid acc: 0.9183, valid loss: 0.31814042, test acc: 0.9247, test loss: 0.28895559
[2026-06-26 11:10:20,376][root][INFO] - Epoch: 44 | train acc: 0.9803, train loss: 0.06721777, valid acc: 0.9545, valid loss: 0.15968192, test acc: 0.9555, test loss: 0.15683469
[2026-06-26 11:10:20,810][root][INFO] - Epoch: 43 | train acc: 0.9668, train loss: 4.16981094, valid acc: 0.9505, valid loss: 0.17737122, test acc: 0.9517, test loss: 0.17879512
[2026-06-26 11:10:20,821][root][INFO] - Epoch: 44 | train acc: 0.9640, train loss: 8.83833629, valid acc: 0.9447, valid loss: 0.21089844, test acc: 0.9449, test loss: 0.21816916
[2026-06-26 11:10:21,298][root][INFO] - reg loss: 4.629512440483525, entropy loss: 0.1287899413058218, leaf dev: 0.14045244455337524
[2026-06-26 11:10:21,299][root][INFO] - Val leaf stats: tensor([0.0000e+00, 0.0000e+00, 0.0000e+00, 0.0000e+00, 0.0000e+00, 0.0000e+00,
        3.3333e-03, 1.5633e-01, 1.6667e-04, 5.0100e-01, 2.8350e-01, 3.1667e-03,
        1.0000e-03, 0.0000e+00, 8.3333e-04, 5.0667e-02])
[2026-06-26 11:10:21,321][root][INFO] - reg loss: 4.233914091901959, entropy loss: 0.16879113384012906, leaf dev: 0.1740875244140625
[2026-06-26 11:10:21,322][root][INFO] - Val leaf stats: tensor([1.1667e-03, 6.8000e-02, 6.9250e-01, 1.6717e-01, 0.0000e+00, 0.0000e+00,
        0.0000e+00, 0.0000e+00, 0.0000e+00, 0.0000e+00, 0.0000e+00, 0.0000e+00,
        6.6667e-04, 0.0000e+00, 0.0000e+00, 7.0500e-02])
[2026-06-26 11:10:21,638][root][INFO] - Epoch: 45 | train acc: 0.9501, train loss: 16.85919988, valid acc: 0.9083, valid loss: 0.39552837, test acc: 0.9128, test loss: 0.32672692
[2026-06-26 11:10:23,990][root][INFO] - Epoch: 43 | train acc: 0.9665, train loss: 32.14273633, valid acc: 0.9520, valid loss: 0.18806388, test acc: 0.9522, test loss: 0.18635418
[2026-06-26 11:10:25,181][root][INFO] - Epoch: 44 | train acc: 0.9741, train loss: 0.08942357, valid acc: 0.9432, valid loss: 0.20960899, test acc: 0.9501, test loss: 0.18102751
[2026-06-26 11:10:25,221][root][INFO] - reg loss: 4.278036077067537, entropy loss: 0.1402978665142689, leaf dev: 0.21362100541591644
[2026-06-26 11:10:25,222][root][INFO] - Val leaf stats: tensor([0.0012, 0.0642, 0.8600, 0.0183, 0.0010, 0.0000, 0.0000, 0.0000, 0.0000,
        0.0000, 0.0000, 0.0000, 0.0010, 0.0000, 0.0000, 0.0543])
[2026-06-26 11:10:25,633][root][INFO] - reg loss: 5.72078254087916, entropy loss: 0.20242474902913254, leaf dev: 0.11133472621440887
[2026-06-26 11:10:25,634][root][INFO] - Val leaf stats: tensor([0.0000e+00, 3.3333e-04, 0.0000e+00, 0.0000e+00, 6.9000e-02, 3.8133e-01,
        0.0000e+00, 1.6667e-04, 7.5000e-03, 1.6717e-01, 0.0000e+00, 0.0000e+00,
        3.3333e-03, 2.1167e-01, 1.5950e-01, 0.0000e+00])
[2026-06-26 11:10:25,916][root][INFO] - reg loss: 4.055715160549812, entropy loss: 0.15573478658806603, leaf dev: 0.24001368880271912
[2026-06-26 11:10:25,917][root][INFO] - Val leaf stats: tensor([0.0000e+00, 0.0000e+00, 0.0000e+00, 0.0000e+00, 0.0000e+00, 0.0000e+00,
        0.0000e+00, 1.0667e-02, 0.0000e+00, 9.6217e-01, 3.3333e-04, 0.0000e+00,
        0.0000e+00, 0.0000e+00, 0.0000e+00, 2.6833e-02])
[2026-06-26 11:10:26,406][root][INFO] - reg loss: 4.352968580317947, entropy loss: 0.15651580719452984, leaf dev: 0.1631363481283188
[2026-06-26 11:10:26,407][root][INFO] - Val leaf stats: tensor([0.0000, 0.0000, 0.0000, 0.0000, 0.0000, 0.0000, 0.0000, 0.0000, 0.0347,
        0.6357, 0.2145, 0.0035, 0.0102, 0.0000, 0.0000, 0.1015])
[2026-06-26 11:10:26,904][root][INFO] - reg loss: 4.169233902445379, entropy loss: 0.16126301912766583, leaf dev: 0.2378070056438446
[2026-06-26 11:10:26,906][root][INFO] - Val leaf stats: tensor([0.0000, 0.0158, 0.9540, 0.0132, 0.0015, 0.0000, 0.0000, 0.0000, 0.0000,
        0.0000, 0.0000, 0.0000, 0.0000, 0.0000, 0.0000, 0.0155])
[2026-06-26 11:10:27,593][root][INFO] - Epoch: 45 | train acc: 0.9677, train loss: 8.13975506, valid acc: 0.9508, valid loss: 0.18024222, test acc: 0.9529, test loss: 0.16418568
[2026-06-26 11:10:29,084][root][INFO] - reg loss: 4.003530857697973, entropy loss: 0.17758573647939935, leaf dev: 0.24995556473731995
[2026-06-26 11:10:29,086][root][INFO] - Val leaf stats: tensor([0.0000e+00, 0.0000e+00, 0.0000e+00, 0.0000e+00, 0.0000e+00, 0.0000e+00,
        0.0000e+00, 0.0000e+00, 0.0000e+00, 9.9983e-01, 0.0000e+00, 0.0000e+00,
        0.0000e+00, 0.0000e+00, 0.0000e+00, 1.6667e-04])
[2026-06-26 11:10:30,795][root][INFO] - reg loss: 6.324995036395091, entropy loss: 0.26888538531537326, leaf dev: 0.07796254754066467
[2026-06-26 11:10:30,797][root][INFO] - Val leaf stats: tensor([7.5000e-03, 6.3333e-03, 1.6717e-01, 9.6667e-02, 3.8333e-03, 1.4500e-02,
        0.0000e+00, 0.0000e+00, 1.8683e-01, 1.2883e-01, 2.1450e-01, 1.1333e-02,
        1.3417e-01, 1.0833e-02, 1.7333e-02, 1.6667e-04])
[2026-06-26 11:10:33,132][root][INFO] - Epoch: 44 | train acc: 0.9689, train loss: 32.19225995, valid acc: 0.9455, valid loss: 0.19886440, test acc: 0.9524, test loss: 0.16962738
[2026-06-26 11:10:33,210][root][INFO] - Epoch: 44 | train acc: 0.9641, train loss: 2.36677210, valid acc: 0.9343, valid loss: 0.23139657, test acc: 0.9413, test loss: 0.21346916
[2026-06-26 11:10:33,292][root][INFO] - reg loss: 4.015601360572959, entropy loss: 0.16448343474909943, leaf dev: 0.24915596842765808
[2026-06-26 11:10:33,294][root][INFO] - Val leaf stats: tensor([0.0000e+00, 0.0000e+00, 0.0000e+00, 0.0000e+00, 0.0000e+00, 0.0000e+00,
        0.0000e+00, 1.6667e-03, 8.3333e-04, 9.9683e-01, 1.6667e-04, 0.0000e+00,
        0.0000e+00, 0.0000e+00, 0.0000e+00, 5.0000e-04])
[2026-06-26 11:10:35,722][root][INFO] - Epoch: 44 | train acc: 0.9606, train loss: 2.49024216, valid acc: 0.9278, valid loss: 0.29756643, test acc: 0.9318, test loss: 0.24948249
[2026-06-26 11:10:38,996][root][INFO] - reg loss: 4.484353317404693, entropy loss: 0.19713548303775066, leaf dev: 0.12713517248630524
[2026-06-26 11:10:38,997][root][INFO] - Val leaf stats: tensor([1.6667e-04, 8.6333e-02, 3.8083e-01, 3.7417e-01, 8.6000e-02, 0.0000e+00,
        1.1667e-03, 0.0000e+00, 0.0000e+00, 0.0000e+00, 0.0000e+00, 0.0000e+00,
        0.0000e+00, 0.0000e+00, 1.6667e-04, 7.1167e-02])
[2026-06-26 11:10:39,169][root][INFO] - reg loss: 4.010674692549795, entropy loss: 0.20188111671299305, leaf dev: 0.2499111294746399
[2026-06-26 11:10:39,170][root][INFO] - Val leaf stats: tensor([0.0000e+00, 0.0000e+00, 9.9967e-01, 3.3333e-04, 0.0000e+00, 0.0000e+00,
        0.0000e+00, 0.0000e+00, 0.0000e+00, 0.0000e+00, 0.0000e+00, 0.0000e+00,
        0.0000e+00, 0.0000e+00, 0.0000e+00, 0.0000e+00])
[2026-06-26 11:10:41,188][root][INFO] - reg loss: 4.712194294299719, entropy loss: 0.18645451977005545, leaf dev: 0.13803379237651825
[2026-06-26 11:10:41,189][root][INFO] - Val leaf stats: tensor([0.0000, 0.0000, 0.0007, 0.0000, 0.0000, 0.0000, 0.2485, 0.4280, 0.0000,
        0.3215, 0.0008, 0.0000, 0.0005, 0.0000, 0.0000, 0.0000])
[2026-06-26 11:10:41,641][root][INFO] - Epoch: 44 | train acc: 0.9551, train loss: 17.13536858, valid acc: 0.9345, valid loss: 0.28064427, test acc: 0.9347, test loss: 0.27218408
[2026-06-26 11:10:47,350][root][INFO] - reg loss: 4.242600791859177, entropy loss: 0.14438279746276028, leaf dev: 0.22006987035274506
[2026-06-26 11:10:47,352][root][INFO] - Val leaf stats: tensor([0.0000e+00, 0.0000e+00, 0.0000e+00, 0.0000e+00, 0.0000e+00, 0.0000e+00,
        0.0000e+00, 6.6667e-04, 1.8500e-02, 8.8400e-01, 8.3833e-02, 1.5000e-03,
        0.0000e+00, 0.0000e+00, 0.0000e+00, 1.1500e-02])
[2026-06-26 11:10:47,754][root][INFO] - Epoch: 45 | train acc: 0.9482, train loss: 32.82318986, valid acc: 0.9037, valid loss: 0.34378523, test acc: 0.9130, test loss: 0.33338576
[2026-06-26 11:10:48,254][root][INFO] - Epoch: 45 | train acc: 0.9702, train loss: 8.22263506, valid acc: 0.9447, valid loss: 0.22430896, test acc: 0.9522, test loss: 0.22623538
[2026-06-26 11:10:53,111][root][INFO] - reg loss: 4.080002861202888, entropy loss: 0.1662183202943712, leaf dev: 0.24849040806293488
[2026-06-26 11:10:53,112][root][INFO] - Val leaf stats: tensor([0.0000e+00, 2.0000e-03, 9.9433e-01, 6.6667e-04, 0.0000e+00, 0.0000e+00,
        0.0000e+00, 0.0000e+00, 0.0000e+00, 0.0000e+00, 0.0000e+00, 0.0000e+00,
        0.0000e+00, 0.0000e+00, 0.0000e+00, 3.0000e-03])
[2026-06-26 11:10:53,403][root][INFO] - reg loss: 4.059488935290642, entropy loss: 0.20803831419292487, leaf dev: 0.2404545694589615
[2026-06-26 11:10:53,404][root][INFO] - Val leaf stats: tensor([0.0000, 0.0095, 0.9638, 0.0267, 0.0000, 0.0000, 0.0000, 0.0000, 0.0000,
        0.0000, 0.0000, 0.0000, 0.0000, 0.0000, 0.0000, 0.0000])
[2026-06-26 11:10:53,509][root][INFO] - Epoch: 44 | train acc: 0.9766, train loss: 4.18641341, valid acc: 0.9525, valid loss: 0.19423010, test acc: 0.9584, test loss: 0.15890787
[2026-06-26 11:10:55,124][root][INFO] - Epoch: 44 | train acc: 0.9689, train loss: 16.16489184, valid acc: 0.9460, valid loss: 0.19334927, test acc: 0.9532, test loss: 0.17270018
[2026-06-26 11:10:55,654][root][INFO] - Epoch: 45 | train acc: 0.9845, train loss: 0.05749163, valid acc: 0.9542, valid loss: 0.17485236, test acc: 0.9537, test loss: 0.17168434
[2026-06-26 11:10:55,728][root][INFO] - Epoch: 44 | train acc: 0.9821, train loss: 2.26353220, valid acc: 0.9537, valid loss: 0.17538913, test acc: 0.9573, test loss: 0.14742426
[2026-06-26 11:10:56,105][root][INFO] - Epoch: 44 | train acc: 0.9736, train loss: 2.17187465, valid acc: 0.9543, valid loss: 0.16533491, test acc: 0.9535, test loss: 0.17326032
[2026-06-26 11:10:57,113][root][INFO] - Epoch: 44 | train acc: 0.9640, train loss: 0.12143075, valid acc: 0.9405, valid loss: 0.21623710, test acc: 0.9472, test loss: 0.18645483
[2026-06-26 11:10:58,841][root][INFO] - reg loss: 4.104136377010706, entropy loss: 0.21502839928528047, leaf dev: 0.21417908370494843
[2026-06-26 11:10:58,843][root][INFO] - Val leaf stats: tensor([0.0000, 0.0402, 0.8627, 0.0430, 0.0542, 0.0000, 0.0000, 0.0000, 0.0000,
        0.0000, 0.0000, 0.0000, 0.0000, 0.0000, 0.0000, 0.0000])
[2026-06-26 11:10:59,885][root][INFO] - Epoch: 44 | train acc: 0.9633, train loss: 4.72491366, valid acc: 0.9435, valid loss: 0.20847285, test acc: 0.9447, test loss: 0.21297327
[2026-06-26 11:11:00,246][root][INFO] - reg loss: 5.579512686099646, entropy loss: 0.2399755006410041, leaf dev: 0.10429318249225616
[2026-06-26 11:11:00,247][root][INFO] - Val leaf stats: tensor([0.0000e+00, 0.0000e+00, 0.0000e+00, 0.0000e+00, 1.8550e-01, 3.1600e-01,
        1.6667e-04, 2.4833e-02, 0.0000e+00, 1.6667e-04, 4.7833e-02, 1.8333e-01,
        2.3417e-01, 6.1667e-03, 6.6667e-04, 1.1667e-03])
[2026-06-26 11:11:00,496][root][INFO] - Epoch: 45 | train acc: 0.9574, train loss: 4.37029689, valid acc: 0.9335, valid loss: 0.24316630, test acc: 0.9410, test loss: 0.21149281
[2026-06-26 11:11:00,502][root][INFO] - reg loss: 4.013977941477074, entropy loss: 0.2101525786631512, leaf dev: 0.2494228035211563
[2026-06-26 11:11:00,504][root][INFO] - Val leaf stats: tensor([0.0000, 0.0000, 0.9978, 0.0022, 0.0000, 0.0000, 0.0000, 0.0000, 0.0000,
        0.0000, 0.0000, 0.0000, 0.0000, 0.0000, 0.0000, 0.0000])
[2026-06-26 11:11:00,605][root][INFO] - reg loss: 4.400009452172045, entropy loss: 0.21876700222492218, leaf dev: 0.17044712603092194
[2026-06-26 11:11:00,606][root][INFO] - Val leaf stats: tensor([0.0007, 0.1078, 0.6652, 0.0037, 0.2098, 0.0128, 0.0000, 0.0000, 0.0000,
        0.0000, 0.0000, 0.0000, 0.0000, 0.0000, 0.0000, 0.0000])
[2026-06-26 11:11:01,312][root][INFO] - reg loss: 4.155869447960044, entropy loss: 0.14106302174194804, leaf dev: 0.19718407094478607
[2026-06-26 11:11:01,314][root][INFO] - Val leaf stats: tensor([0.0000e+00, 0.0000e+00, 0.0000e+00, 0.0000e+00, 0.0000e+00, 0.0000e+00,
        0.0000e+00, 2.2983e-01, 0.0000e+00, 7.7000e-01, 0.0000e+00, 0.0000e+00,
        0.0000e+00, 0.0000e+00, 0.0000e+00, 1.6667e-04])
[2026-06-26 11:11:02,345][root][INFO] - reg loss: 5.666424179976842, entropy loss: 0.22846974277833723, leaf dev: 0.0730762630701065
[2026-06-26 11:11:02,346][root][INFO] - Val leaf stats: tensor([0.0012, 0.0000, 0.0307, 0.0042, 0.0000, 0.0000, 0.0608, 0.0088, 0.2132,
        0.2023, 0.1122, 0.0918, 0.0383, 0.0955, 0.0000, 0.1410])
[2026-06-26 11:11:04,273][root][INFO] - Epoch: 44 | train acc: 0.9533, train loss: 8.72677101, valid acc: 0.9203, valid loss: 0.31000674, test acc: 0.9263, test loss: 0.28306465
[2026-06-26 11:11:04,996][root][INFO] - reg loss: 4.595645585150089, entropy loss: 0.12705142332135505, leaf dev: 0.14135698974132538
[2026-06-26 11:11:04,997][root][INFO] - Val leaf stats: tensor([0.0000, 0.0000, 0.0000, 0.0000, 0.0000, 0.0000, 0.0025, 0.1518, 0.0000,
        0.5043, 0.2870, 0.0033, 0.0008, 0.0000, 0.0008, 0.0493])
[2026-06-26 11:11:05,417][root][INFO] - Epoch: 45 | train acc: 0.9812, train loss: 0.06510735, valid acc: 0.9598, valid loss: 0.14947157, test acc: 0.9595, test loss: 0.14501725
[2026-06-26 11:11:05,473][root][INFO] - Epoch: 46 | train acc: 0.9512, train loss: 16.89163832, valid acc: 0.9140, valid loss: 0.39788971, test acc: 0.9164, test loss: 0.30712395
[2026-06-26 11:11:05,805][root][INFO] - Epoch: 44 | train acc: 0.9672, train loss: 4.16687195, valid acc: 0.9510, valid loss: 0.17544671, test acc: 0.9536, test loss: 0.17828755
[2026-06-26 11:11:05,979][root][INFO] - reg loss: 4.2180371779315875, entropy loss: 0.15952739780241587, leaf dev: 0.1757657527923584
[2026-06-26 11:11:05,980][root][INFO] - Val leaf stats: tensor([1.1667e-03, 5.9000e-02, 6.9767e-01, 1.7767e-01, 0.0000e+00, 0.0000e+00,
        0.0000e+00, 0.0000e+00, 0.0000e+00, 0.0000e+00, 0.0000e+00, 0.0000e+00,
        3.3333e-04, 0.0000e+00, 0.0000e+00, 6.4167e-02])
[2026-06-26 11:11:06,196][root][INFO] - Epoch: 45 | train acc: 0.9599, train loss: 8.81311165, valid acc: 0.9455, valid loss: 0.21073090, test acc: 0.9436, test loss: 0.21509748
[2026-06-26 11:11:07,533][root][INFO] - Epoch: 44 | train acc: 0.9667, train loss: 32.14028963, valid acc: 0.9513, valid loss: 0.18420054, test acc: 0.9516, test loss: 0.18203129
[2026-06-26 11:11:08,224][root][INFO] - Epoch: 45 | train acc: 0.9742, train loss: 0.08875058, valid acc: 0.9457, valid loss: 0.21649894, test acc: 0.9480, test loss: 0.19227874
[2026-06-26 11:11:09,713][root][INFO] - reg loss: 4.279655982863228, entropy loss: 0.13682898513551028, leaf dev: 0.21347065269947052
[2026-06-26 11:11:09,714][root][INFO] - Val leaf stats: tensor([1.1667e-03, 6.1833e-02, 8.5950e-01, 2.1333e-02, 6.6667e-04, 0.0000e+00,
        0.0000e+00, 0.0000e+00, 0.0000e+00, 0.0000e+00, 0.0000e+00, 0.0000e+00,
        5.0000e-04, 0.0000e+00, 0.0000e+00, 5.5000e-02])
[2026-06-26 11:11:10,550][root][INFO] - reg loss: 5.632590064462626, entropy loss: 0.19563784422177188, leaf dev: 0.10828443616628647
[2026-06-26 11:11:10,551][root][INFO] - Val leaf stats: tensor([0.0000e+00, 3.3333e-04, 0.0000e+00, 0.0000e+00, 8.9167e-02, 3.4900e-01,
        0.0000e+00, 0.0000e+00, 8.1667e-03, 1.5817e-01, 0.0000e+00, 0.0000e+00,
        3.8333e-03, 2.5467e-01, 1.3667e-01, 0.0000e+00])
[2026-06-26 11:11:11,077][root][INFO] - reg loss: 4.0534933108203814, entropy loss: 0.15459441815344793, leaf dev: 0.23983614146709442
[2026-06-26 11:11:11,078][root][INFO] - Val leaf stats: tensor([0.0000e+00, 0.0000e+00, 0.0000e+00, 0.0000e+00, 0.0000e+00, 0.0000e+00,
        0.0000e+00, 1.1667e-02, 1.6667e-04, 9.6150e-01, 1.6667e-04, 0.0000e+00,
        0.0000e+00, 0.0000e+00, 0.0000e+00, 2.6500e-02])
[2026-06-26 11:11:11,142][root][INFO] - reg loss: 4.179356727959974, entropy loss: 0.16122911828306485, leaf dev: 0.23574885725975037
[2026-06-26 11:11:11,143][root][INFO] - Val leaf stats: tensor([1.6667e-04, 1.7333e-02, 9.4617e-01, 1.7500e-02, 8.3333e-04, 0.0000e+00,
        0.0000e+00, 0.0000e+00, 0.0000e+00, 0.0000e+00, 0.0000e+00, 0.0000e+00,
        0.0000e+00, 0.0000e+00, 0.0000e+00, 1.8000e-02])
[2026-06-26 11:11:11,287][root][INFO] - Epoch: 46 | train acc: 0.9678, train loss: 8.14036271, valid acc: 0.9505, valid loss: 0.18389258, test acc: 0.9525, test loss: 0.16344961
[2026-06-26 11:11:11,567][root][INFO] - reg loss: 4.331858706924151, entropy loss: 0.15243280974199186, leaf dev: 0.16743016242980957
[2026-06-26 11:11:11,568][root][INFO] - Val leaf stats: tensor([0.0000, 0.0000, 0.0000, 0.0000, 0.0000, 0.0000, 0.0000, 0.0000, 0.0213,
        0.6530, 0.2150, 0.0017, 0.0100, 0.0000, 0.0000, 0.0990])
[2026-06-26 11:11:13,068][root][INFO] - reg loss: 4.003435908623461, entropy loss: 0.17729508736223545, leaf dev: 0.24995556473731995
[2026-06-26 11:11:13,069][root][INFO] - Val leaf stats: tensor([0.0000e+00, 0.0000e+00, 0.0000e+00, 0.0000e+00, 0.0000e+00, 0.0000e+00,
        0.0000e+00, 0.0000e+00, 0.0000e+00, 9.9983e-01, 0.0000e+00, 0.0000e+00,
        0.0000e+00, 0.0000e+00, 0.0000e+00, 1.6667e-04])
[2026-06-26 11:11:13,697][root][INFO] - reg loss: 6.269583346708766, entropy loss: 0.26475916128113586, leaf dev: 0.08185026794672012
[2026-06-26 11:11:13,698][root][INFO] - Val leaf stats: tensor([0.0063, 0.0047, 0.1302, 0.0908, 0.0020, 0.0157, 0.0000, 0.0000, 0.1863,
        0.1353, 0.2613, 0.0107, 0.1247, 0.0112, 0.0193, 0.0015])
[2026-06-26 11:11:16,741][root][INFO] - reg loss: 4.01585479502408, entropy loss: 0.1637057864441062, leaf dev: 0.24951128661632538
[2026-06-26 11:11:16,742][root][INFO] - Val leaf stats: tensor([0.0000e+00, 0.0000e+00, 0.0000e+00, 0.0000e+00, 0.0000e+00, 0.0000e+00,
        0.0000e+00, 0.0000e+00, 1.0000e-03, 9.9817e-01, 1.6667e-04, 0.0000e+00,
        0.0000e+00, 0.0000e+00, 0.0000e+00, 6.6667e-04])
[2026-06-26 11:11:18,027][root][INFO] - Epoch: 45 | train acc: 0.9700, train loss: 32.18871005, valid acc: 0.9438, valid loss: 0.19834011, test acc: 0.9533, test loss: 0.17041785
[2026-06-26 11:11:18,132][root][INFO] - Epoch: 45 | train acc: 0.9661, train loss: 2.36110651, valid acc: 0.9335, valid loss: 0.22950064, test acc: 0.9431, test loss: 0.20999257
[2026-06-26 11:11:18,955][root][INFO] - Epoch: 45 | train acc: 0.9646, train loss: 2.49558658, valid acc: 0.9292, valid loss: 0.26101720, test acc: 0.9326, test loss: 0.24337183
[2026-06-26 11:11:23,671][root][INFO] - reg loss: 4.010440417055814, entropy loss: 0.20172014663804252, leaf dev: 0.24960027635097504
[2026-06-26 11:11:23,673][root][INFO] - Val leaf stats: tensor([0.0000, 0.0000, 0.9985, 0.0015, 0.0000, 0.0000, 0.0000, 0.0000, 0.0000,
        0.0000, 0.0000, 0.0000, 0.0000, 0.0000, 0.0000, 0.0000])
[2026-06-26 11:11:24,064][root][INFO] - reg loss: 4.482748202557834, entropy loss: 0.20150543763390127, leaf dev: 0.12662772834300995
[2026-06-26 11:11:24,065][root][INFO] - Val leaf stats: tensor([0.0000e+00, 8.5167e-02, 3.9033e-01, 3.6067e-01, 9.1000e-02, 0.0000e+00,
        1.6667e-03, 0.0000e+00, 0.0000e+00, 0.0000e+00, 0.0000e+00, 0.0000e+00,
        0.0000e+00, 0.0000e+00, 1.6667e-04, 7.1000e-02])
[2026-06-26 11:11:24,750][root][INFO] - reg loss: 4.7482850281697395, entropy loss: 0.18503050379595667, leaf dev: 0.13613057136535645
[2026-06-26 11:11:24,751][root][INFO] - Val leaf stats: tensor([0.0000e+00, 0.0000e+00, 3.3333e-04, 0.0000e+00, 0.0000e+00, 0.0000e+00,
        2.5433e-01, 3.7317e-01, 0.0000e+00, 3.6950e-01, 1.6667e-03, 0.0000e+00,
        1.0000e-03, 0.0000e+00, 0.0000e+00, 0.0000e+00])
[2026-06-26 11:11:25,417][root][INFO] - Epoch: 45 | train acc: 0.9552, train loss: 17.03378848, valid acc: 0.9357, valid loss: 0.26214776, test acc: 0.9360, test loss: 0.27015297
[2026-06-26 11:11:30,553][root][INFO] - Epoch: 46 | train acc: 0.9704, train loss: 8.22408962, valid acc: 0.9467, valid loss: 0.22410663, test acc: 0.9536, test loss: 0.21639904
[2026-06-26 11:11:30,909][root][INFO] - Epoch: 46 | train acc: 0.9492, train loss: 32.85132235, valid acc: 0.9080, valid loss: 0.47528170, test acc: 0.9152, test loss: 0.32975111
[2026-06-26 11:11:31,053][root][INFO] - reg loss: 4.2177859927123444, entropy loss: 0.13799069245468895, leaf dev: 0.2211083173751831
[2026-06-26 11:11:31,054][root][INFO] - Val leaf stats: tensor([0.0000e+00, 0.0000e+00, 0.0000e+00, 0.0000e+00, 0.0000e+00, 0.0000e+00,
        0.0000e+00, 5.0000e-04, 1.5667e-02, 8.8800e-01, 8.3167e-02, 1.5000e-03,
        0.0000e+00, 0.0000e+00, 0.0000e+00, 1.1167e-02])
[2026-06-26 11:11:35,745][root][INFO] - reg loss: 4.083631475016756, entropy loss: 0.16514227595531716, leaf dev: 0.24826833605766296
[2026-06-26 11:11:35,746][root][INFO] - Val leaf stats: tensor([0.0000, 0.0020, 0.9935, 0.0015, 0.0000, 0.0000, 0.0000, 0.0000, 0.0000,
        0.0000, 0.0000, 0.0000, 0.0000, 0.0000, 0.0000, 0.0030])
[2026-06-26 11:11:36,255][root][INFO] - reg loss: 4.060711257862595, entropy loss: 0.20785118794103838, leaf dev: 0.24106299877166748
[2026-06-26 11:11:36,256][root][INFO] - Val leaf stats: tensor([0.0000, 0.0092, 0.9662, 0.0247, 0.0000, 0.0000, 0.0000, 0.0000, 0.0000,
        0.0000, 0.0000, 0.0000, 0.0000, 0.0000, 0.0000, 0.0000])
[2026-06-26 11:11:37,823][root][INFO] - Epoch: 45 | train acc: 0.9756, train loss: 4.18005432, valid acc: 0.9503, valid loss: 0.18029764, test acc: 0.9580, test loss: 0.15230348
[2026-06-26 11:11:39,105][root][INFO] - Epoch: 46 | train acc: 0.9858, train loss: 0.05067786, valid acc: 0.9540, valid loss: 0.17740545, test acc: 0.9536, test loss: 0.16696425
[2026-06-26 11:11:39,285][root][INFO] - Epoch: 45 | train acc: 0.9643, train loss: 2.25226951, valid acc: 0.9513, valid loss: 0.17749254, test acc: 0.9523, test loss: 0.17131830
[2026-06-26 11:11:40,029][root][INFO] - Epoch: 45 | train acc: 0.9698, train loss: 16.16294075, valid acc: 0.9438, valid loss: 0.19886298, test acc: 0.9514, test loss: 0.18697599
[2026-06-26 11:11:41,037][root][INFO] - Epoch: 45 | train acc: 0.9726, train loss: 0.09506641, valid acc: 0.9445, valid loss: 0.20125539, test acc: 0.9503, test loss: 0.18344692
[2026-06-26 11:11:41,282][root][INFO] - Epoch: 45 | train acc: 0.9835, train loss: 2.25544549, valid acc: 0.9553, valid loss: 0.17952785, test acc: 0.9572, test loss: 0.14750357
[2026-06-26 11:11:42,769][root][INFO] - reg loss: 4.095043744681017, entropy loss: 0.21446659219152522, leaf dev: 0.21984778344631195
[2026-06-26 11:11:42,770][root][INFO] - Val leaf stats: tensor([0.0000, 0.0430, 0.8845, 0.0178, 0.0547, 0.0000, 0.0000, 0.0000, 0.0000,
        0.0000, 0.0000, 0.0000, 0.0000, 0.0000, 0.0000, 0.0000])
[2026-06-26 11:11:44,212][root][INFO] - reg loss: 5.4918944205877915, entropy loss: 0.22869375362148825, leaf dev: 0.10717662423849106
[2026-06-26 11:11:44,214][root][INFO] - Val leaf stats: tensor([0.0000e+00, 0.0000e+00, 0.0000e+00, 0.0000e+00, 1.9783e-01, 3.2133e-01,
        1.6667e-04, 3.3500e-02, 0.0000e+00, 3.3333e-04, 4.9500e-02, 1.2333e-01,
        2.7133e-01, 0.0000e+00, 1.0000e-03, 1.6667e-03])
[2026-06-26 11:11:44,394][root][INFO] - Epoch: 45 | train acc: 0.9653, train loss: 4.72371975, valid acc: 0.9440, valid loss: 0.20788225, test acc: 0.9442, test loss: 0.21597589
[2026-06-26 11:11:44,765][root][INFO] - reg loss: 4.26178765296936, entropy loss: 0.14700698782250565, leaf dev: 0.18184176087379456
[2026-06-26 11:11:44,766][root][INFO] - Val leaf stats: tensor([0.0000e+00, 0.0000e+00, 1.6667e-04, 1.6667e-04, 0.0000e+00, 0.0000e+00,
        0.0000e+00, 3.2800e-01, 0.0000e+00, 6.7150e-01, 0.0000e+00, 0.0000e+00,
        0.0000e+00, 0.0000e+00, 0.0000e+00, 1.6667e-04])
[2026-06-26 11:11:45,081][root][INFO] - reg loss: 4.014044280322093, entropy loss: 0.21030108672830294, leaf dev: 0.24995556473731995
[2026-06-26 11:11:45,081][root][INFO] - Val leaf stats: tensor([0.0000e+00, 1.6667e-04, 9.9983e-01, 0.0000e+00, 0.0000e+00, 0.0000e+00,
        0.0000e+00, 0.0000e+00, 0.0000e+00, 0.0000e+00, 0.0000e+00, 0.0000e+00,
        0.0000e+00, 0.0000e+00, 0.0000e+00, 0.0000e+00])
[2026-06-26 11:11:45,969][root][INFO] - Epoch: 46 | train acc: 0.9599, train loss: 4.35953388, valid acc: 0.9333, valid loss: 0.24013219, test acc: 0.9425, test loss: 0.21120304
[2026-06-26 11:11:46,238][root][INFO] - reg loss: 4.388894701903721, entropy loss: 0.21798099689888503, leaf dev: 0.17067748308181763
[2026-06-26 11:11:46,239][root][INFO] - Val leaf stats: tensor([6.6667e-04, 1.1167e-01, 6.6700e-01, 4.6667e-03, 2.0483e-01, 1.1167e-02,
        0.0000e+00, 0.0000e+00, 0.0000e+00, 0.0000e+00, 0.0000e+00, 0.0000e+00,
        0.0000e+00, 0.0000e+00, 0.0000e+00, 0.0000e+00])
[2026-06-26 11:11:46,459][root][INFO] - reg loss: 5.855624716236906, entropy loss: 0.23118612830931284, leaf dev: 0.06948842108249664
[2026-06-26 11:11:46,460][root][INFO] - Val leaf stats: tensor([0.0013, 0.0000, 0.0285, 0.0075, 0.0000, 0.0000, 0.0657, 0.0103, 0.2145,
        0.1490, 0.1398, 0.1053, 0.0385, 0.1022, 0.0000, 0.1373])
[2026-06-26 11:11:49,118][root][INFO] - Epoch: 45 | train acc: 0.9676, train loss: 4.16652890, valid acc: 0.9487, valid loss: 0.17817776, test acc: 0.9540, test loss: 0.17590089
[2026-06-26 11:11:49,298][root][INFO] - reg loss: 4.599082955774271, entropy loss: 0.12670523799815267, leaf dev: 0.14076097309589386
[2026-06-26 11:11:49,299][root][INFO] - Val leaf stats: tensor([0.0000, 0.0000, 0.0000, 0.0000, 0.0000, 0.0000, 0.0023, 0.1567, 0.0000,
        0.5032, 0.2818, 0.0035, 0.0013, 0.0000, 0.0008, 0.0503])
[2026-06-26 11:11:49,398][root][INFO] - Epoch: 47 | train acc: 0.9515, train loss: 16.90194929, valid acc: 0.9137, valid loss: 0.38061791, test acc: 0.9169, test loss: 0.29979798
[2026-06-26 11:11:49,421][root][INFO] - Epoch: 45 | train acc: 0.9540, train loss: 8.75210685, valid acc: 0.9182, valid loss: 0.31742632, test acc: 0.9252, test loss: 0.27901185
[2026-06-26 11:11:49,876][root][INFO] - Epoch: 46 | train acc: 0.9835, train loss: 0.05747767, valid acc: 0.9587, valid loss: 0.14573797, test acc: 0.9617, test loss: 0.13929791
[2026-06-26 11:11:50,321][root][INFO] - Epoch: 46 | train acc: 0.9636, train loss: 8.76272633, valid acc: 0.9433, valid loss: 0.21258012, test acc: 0.9427, test loss: 0.21938484
[2026-06-26 11:11:51,265][root][INFO] - reg loss: 4.217135906219482, entropy loss: 0.1590295618153968, leaf dev: 0.16756388545036316
[2026-06-26 11:11:51,266][root][INFO] - Val leaf stats: tensor([1.5000e-03, 5.6833e-02, 6.5333e-01, 2.2183e-01, 0.0000e+00, 0.0000e+00,
        0.0000e+00, 0.0000e+00, 0.0000e+00, 0.0000e+00, 0.0000e+00, 0.0000e+00,
        3.3333e-04, 0.0000e+00, 0.0000e+00, 6.6167e-02])
[2026-06-26 11:11:52,645][root][INFO] - Epoch: 45 | train acc: 0.9675, train loss: 32.14693512, valid acc: 0.9515, valid loss: 0.18631839, test acc: 0.9530, test loss: 0.18158451
[2026-06-26 11:11:52,971][root][INFO] - Epoch: 46 | train acc: 0.9747, train loss: 0.09440807, valid acc: 0.9407, valid loss: 0.23386772, test acc: 0.9417, test loss: 0.21661591
[2026-06-26 11:11:54,167][root][INFO] - Epoch: 47 | train acc: 0.9676, train loss: 8.13556626, valid acc: 0.9513, valid loss: 0.17635346, test acc: 0.9510, test loss: 0.17717114
[2026-06-26 11:11:54,474][root][INFO] - reg loss: 4.294446315405504, entropy loss: 0.13716946345455241, leaf dev: 0.21381273865699768
[2026-06-26 11:11:54,476][root][INFO] - Val leaf stats: tensor([1.0000e-03, 5.4833e-02, 8.6083e-01, 2.0833e-02, 3.3333e-04, 0.0000e+00,
        0.0000e+00, 0.0000e+00, 0.0000e+00, 0.0000e+00, 0.0000e+00, 0.0000e+00,
        8.3333e-04, 0.0000e+00, 0.0000e+00, 6.1333e-02])
[2026-06-26 11:11:54,577][root][INFO] - reg loss: 4.180791602944428, entropy loss: 0.1605560489982929, leaf dev: 0.23812082409858704
[2026-06-26 11:11:54,578][root][INFO] - Val leaf stats: tensor([1.6667e-04, 1.5833e-02, 9.5517e-01, 1.7333e-02, 1.6667e-04, 0.0000e+00,
        0.0000e+00, 0.0000e+00, 0.0000e+00, 0.0000e+00, 0.0000e+00, 0.0000e+00,
        0.0000e+00, 0.0000e+00, 0.0000e+00, 1.1333e-02])
[2026-06-26 11:11:54,841][root][INFO] - reg loss: 4.056600188309291, entropy loss: 0.15676958535639746, leaf dev: 0.23909741640090942
[2026-06-26 11:11:54,842][root][INFO] - Val leaf stats: tensor([0.0000e+00, 0.0000e+00, 0.0000e+00, 0.0000e+00, 0.0000e+00, 0.0000e+00,
        0.0000e+00, 1.1833e-02, 6.6667e-04, 9.5867e-01, 0.0000e+00, 0.0000e+00,
        0.0000e+00, 0.0000e+00, 0.0000e+00, 2.8833e-02])
[2026-06-26 11:11:55,149][root][INFO] - reg loss: 5.592313568547087, entropy loss: 0.19098975200135754, leaf dev: 0.10979030281305313
[2026-06-26 11:11:55,150][root][INFO] - Val leaf stats: tensor([0.0000e+00, 1.6667e-04, 0.0000e+00, 0.0000e+00, 9.1500e-02, 3.1717e-01,
        0.0000e+00, 3.3333e-04, 8.8333e-03, 1.5733e-01, 0.0000e+00, 0.0000e+00,
        0.0000e+00, 3.1067e-01, 1.1400e-01, 0.0000e+00])
[2026-06-26 11:11:55,413][root][INFO] - reg loss: 4.315534884074949, entropy loss: 0.15300997655909016, leaf dev: 0.16688086092472076
[2026-06-26 11:11:55,414][root][INFO] - Val leaf stats: tensor([0.0000, 0.0000, 0.0000, 0.0000, 0.0000, 0.0000, 0.0000, 0.0000, 0.0173,
        0.6525, 0.2045, 0.0033, 0.0118, 0.0000, 0.0000, 0.1105])
[2026-06-26 11:11:58,273][root][INFO] - reg loss: 6.17231843606481, entropy loss: 0.25075739453423695, leaf dev: 0.09181708842515945
[2026-06-26 11:11:58,274][root][INFO] - Val leaf stats: tensor([0.0033, 0.0013, 0.0448, 0.0707, 0.0020, 0.0057, 0.0000, 0.0000, 0.2165,
        0.1555, 0.2887, 0.0127, 0.1637, 0.0220, 0.0052, 0.0080])
[2026-06-26 11:11:58,296][root][INFO] - reg loss: 4.004524163480075, entropy loss: 0.17646096815478127, leaf dev: 0.24995556473731995
[2026-06-26 11:11:58,297][root][INFO] - Val leaf stats: tensor([0.0000e+00, 0.0000e+00, 0.0000e+00, 0.0000e+00, 0.0000e+00, 0.0000e+00,
        0.0000e+00, 0.0000e+00, 0.0000e+00, 9.9983e-01, 0.0000e+00, 0.0000e+00,
        0.0000e+00, 0.0000e+00, 0.0000e+00, 1.6667e-04])
[2026-06-26 11:11:59,654][root][INFO] - reg loss: 4.013609157418305, entropy loss: 0.1631796915294989, leaf dev: 0.24875713884830475
[2026-06-26 11:11:59,655][root][INFO] - Val leaf stats: tensor([0.0000e+00, 0.0000e+00, 0.0000e+00, 0.0000e+00, 0.0000e+00, 0.0000e+00,
        0.0000e+00, 3.5000e-03, 1.0000e-03, 9.9533e-01, 0.0000e+00, 0.0000e+00,
        0.0000e+00, 0.0000e+00, 0.0000e+00, 1.6667e-04])
[2026-06-26 11:12:01,143][root][INFO] - Epoch: 46 | train acc: 0.9697, train loss: 32.19660277, valid acc: 0.9447, valid loss: 0.19876244, test acc: 0.9529, test loss: 0.17025080
[2026-06-26 11:12:03,141][root][INFO] - Epoch: 46 | train acc: 0.9656, train loss: 2.35927324, valid acc: 0.9330, valid loss: 0.22882605, test acc: 0.9427, test loss: 0.20802024
[2026-06-26 11:12:04,702][root][INFO] - Epoch: 46 | train acc: 0.9658, train loss: 2.49175169, valid acc: 0.9267, valid loss: 0.29363402, test acc: 0.9303, test loss: 0.27467535
[2026-06-26 11:12:06,942][root][INFO] - reg loss: 4.011579859931514, entropy loss: 0.20159701834309776, leaf dev: 0.24982225894927979
[2026-06-26 11:12:06,943][root][INFO] - Val leaf stats: tensor([0.0000e+00, 1.6667e-04, 9.9933e-01, 5.0000e-04, 0.0000e+00, 0.0000e+00,
        0.0000e+00, 0.0000e+00, 0.0000e+00, 0.0000e+00, 0.0000e+00, 0.0000e+00,
        0.0000e+00, 0.0000e+00, 0.0000e+00, 0.0000e+00])
[2026-06-26 11:12:08,729][root][INFO] - reg loss: 4.480095130092693, entropy loss: 0.19999737953240015, leaf dev: 0.12657293677330017
[2026-06-26 11:12:08,730][root][INFO] - Val leaf stats: tensor([0.0000e+00, 8.5833e-02, 3.9950e-01, 3.4950e-01, 8.8833e-02, 0.0000e+00,
        0.0000e+00, 0.0000e+00, 0.0000e+00, 0.0000e+00, 0.0000e+00, 0.0000e+00,
        0.0000e+00, 0.0000e+00, 1.6667e-04, 7.6167e-02])
[2026-06-26 11:12:09,985][root][INFO] - Epoch: 46 | train acc: 0.9559, train loss: 17.01211998, valid acc: 0.9363, valid loss: 0.28719408, test acc: 0.9357, test loss: 0.27673351
[2026-06-26 11:12:10,297][root][INFO] - reg loss: 4.751092946754311, entropy loss: 0.1855006659368299, leaf dev: 0.13682112097740173
[2026-06-26 11:12:10,299][root][INFO] - Val leaf stats: tensor([0.0000, 0.0000, 0.0012, 0.0000, 0.0000, 0.0000, 0.2468, 0.4010, 0.0000,
        0.3487, 0.0013, 0.0000, 0.0010, 0.0000, 0.0000, 0.0000])
[2026-06-26 11:12:14,621][root][INFO] - Epoch: 47 | train acc: 0.9702, train loss: 8.22810204, valid acc: 0.9447, valid loss: 0.22280192, test acc: 0.9526, test loss: 0.21675692
[2026-06-26 11:12:15,153][root][INFO] - Epoch: 47 | train acc: 0.9491, train loss: 32.83865630, valid acc: 0.9090, valid loss: 0.47694751, test acc: 0.9147, test loss: 0.34280946
[2026-06-26 11:12:15,424][root][INFO] - reg loss: 4.212894615137352, entropy loss: 0.1365720143295684, leaf dev: 0.22001652419567108
[2026-06-26 11:12:15,426][root][INFO] - Val leaf stats: tensor([0.0000e+00, 0.0000e+00, 0.0000e+00, 0.0000e+00, 0.0000e+00, 0.0000e+00,
        0.0000e+00, 5.0000e-04, 1.6500e-02, 8.8383e-01, 8.3500e-02, 1.5000e-03,
        0.0000e+00, 0.0000e+00, 0.0000e+00, 1.4167e-02])
[2026-06-26 11:12:20,099][root][INFO] - reg loss: 4.062693852298665, entropy loss: 0.20788052326665735, leaf dev: 0.24108348786830902
[2026-06-26 11:12:20,100][root][INFO] - Val leaf stats: tensor([0.0000, 0.0053, 0.9662, 0.0285, 0.0000, 0.0000, 0.0000, 0.0000, 0.0000,
        0.0000, 0.0000, 0.0000, 0.0000, 0.0000, 0.0000, 0.0000])
[2026-06-26 11:12:20,685][root][INFO] - reg loss: 4.082114170182426, entropy loss: 0.16381960193503578, leaf dev: 0.2486678808927536
[2026-06-26 11:12:20,686][root][INFO] - Val leaf stats: tensor([0.0000e+00, 6.6667e-04, 9.9500e-01, 1.5000e-03, 0.0000e+00, 0.0000e+00,
        0.0000e+00, 0.0000e+00, 0.0000e+00, 0.0000e+00, 0.0000e+00, 0.0000e+00,
        0.0000e+00, 0.0000e+00, 0.0000e+00, 2.8333e-03])
[2026-06-26 11:12:21,770][root][INFO] - Epoch: 46 | train acc: 0.9756, train loss: 4.17924867, valid acc: 0.9522, valid loss: 0.17921136, test acc: 0.9593, test loss: 0.15687273
[2026-06-26 11:12:23,769][root][INFO] - Epoch: 46 | train acc: 0.9712, train loss: 2.21429511, valid acc: 0.9550, valid loss: 0.16359018, test acc: 0.9571, test loss: 0.16105476
[2026-06-26 11:12:23,905][root][INFO] - Epoch: 46 | train acc: 0.9751, train loss: 0.08530932, valid acc: 0.9445, valid loss: 0.20594306, test acc: 0.9499, test loss: 0.17755179
[2026-06-26 11:12:24,553][root][INFO] - Epoch: 47 | train acc: 0.9757, train loss: 0.08251776, valid acc: 0.9493, valid loss: 0.19170988, test acc: 0.9528, test loss: 0.17441996
[2026-06-26 11:12:24,583][root][INFO] - Epoch: 46 | train acc: 0.9832, train loss: 2.25170090, valid acc: 0.9533, valid loss: 0.17289782, test acc: 0.9586, test loss: 0.14436434
[2026-06-26 11:12:25,577][root][INFO] - Epoch: 46 | train acc: 0.9687, train loss: 16.12848138, valid acc: 0.9455, valid loss: 0.19721606, test acc: 0.9533, test loss: 0.17024682
[2026-06-26 11:12:26,855][root][INFO] - reg loss: 4.094987041545364, entropy loss: 0.21440439910258888, leaf dev: 0.2134302407503128
[2026-06-26 11:12:26,856][root][INFO] - Val leaf stats: tensor([0.0000, 0.0575, 0.8595, 0.0293, 0.0537, 0.0000, 0.0000, 0.0000, 0.0000,
        0.0000, 0.0000, 0.0000, 0.0000, 0.0000, 0.0000, 0.0000])
[2026-06-26 11:12:28,073][root][INFO] - Epoch: 46 | train acc: 0.9652, train loss: 4.71911074, valid acc: 0.9435, valid loss: 0.21108868, test acc: 0.9440, test loss: 0.21841999
[2026-06-26 11:12:28,958][root][INFO] - reg loss: 5.8889076709747314, entropy loss: 0.2284965138390379, leaf dev: 0.07065678387880325
[2026-06-26 11:12:28,959][root][INFO] - Val leaf stats: tensor([0.0017, 0.0000, 0.0423, 0.0055, 0.0000, 0.0000, 0.0575, 0.0085, 0.2260,
        0.1468, 0.1368, 0.0968, 0.0363, 0.0993, 0.0000, 0.1423])
[2026-06-26 11:12:29,044][root][INFO] - reg loss: 4.230014648077623, entropy loss: 0.13029015239960742, leaf dev: 0.19326260685920715
[2026-06-26 11:12:29,046][root][INFO] - Val leaf stats: tensor([0.0000e+00, 0.0000e+00, 0.0000e+00, 0.0000e+00, 0.0000e+00, 0.0000e+00,
        0.0000e+00, 2.5150e-01, 0.0000e+00, 7.4800e-01, 0.0000e+00, 0.0000e+00,
        0.0000e+00, 0.0000e+00, 0.0000e+00, 5.0000e-04])
[2026-06-26 11:12:29,193][root][INFO] - Epoch: 47 | train acc: 0.9610, train loss: 4.39125243, valid acc: 0.9343, valid loss: 0.24678715, test acc: 0.9429, test loss: 0.21062857
[2026-06-26 11:12:29,475][root][INFO] - reg loss: 5.26060807030156, entropy loss: 0.20188996842447318, leaf dev: 0.12043099850416183
[2026-06-26 11:12:29,477][root][INFO] - Val leaf stats: tensor([0.0000e+00, 0.0000e+00, 0.0000e+00, 0.0000e+00, 1.9867e-01, 3.1867e-01,
        0.0000e+00, 1.6667e-02, 0.0000e+00, 3.3333e-04, 2.4000e-02, 6.6167e-02,
        3.6567e-01, 1.6667e-04, 0.0000e+00, 9.6667e-03])
[2026-06-26 11:12:29,616][root][INFO] - reg loss: 4.382051283458494, entropy loss: 0.21758409111567265, leaf dev: 0.17163002490997314
[2026-06-26 11:12:29,617][root][INFO] - Val leaf stats: tensor([6.6667e-04, 1.0150e-01, 6.7050e-01, 4.6667e-03, 2.1050e-01, 1.2167e-02,
        0.0000e+00, 0.0000e+00, 0.0000e+00, 0.0000e+00, 0.0000e+00, 0.0000e+00,
        0.0000e+00, 0.0000e+00, 0.0000e+00, 0.0000e+00])
[2026-06-26 11:12:30,493][root][INFO] - reg loss: 4.005076183463043, entropy loss: 0.20965318887863518, leaf dev: 0.24986669421195984
[2026-06-26 11:12:30,494][root][INFO] - Val leaf stats: tensor([0.0000e+00, 0.0000e+00, 9.9950e-01, 5.0000e-04, 0.0000e+00, 0.0000e+00,
        0.0000e+00, 0.0000e+00, 0.0000e+00, 0.0000e+00, 0.0000e+00, 0.0000e+00,
        0.0000e+00, 0.0000e+00, 0.0000e+00, 0.0000e+00])
[2026-06-26 11:12:32,854][root][INFO] - Epoch: 47 | train acc: 0.9843, train loss: 0.05551146, valid acc: 0.9603, valid loss: 0.14210731, test acc: 0.9619, test loss: 0.14396306
[2026-06-26 11:12:33,290][root][INFO] - reg loss: 4.594677799152878, entropy loss: 0.1267234502395369, leaf dev: 0.14441931247711182
[2026-06-26 11:12:33,291][root][INFO] - Val leaf stats: tensor([0.0000, 0.0000, 0.0000, 0.0000, 0.0000, 0.0000, 0.0028, 0.1503, 0.0000,
        0.5105, 0.3020, 0.0033, 0.0000, 0.0000, 0.0007, 0.0303])
[2026-06-26 11:12:33,381][root][INFO] - Epoch: 46 | train acc: 0.9538, train loss: 8.75458947, valid acc: 0.9192, valid loss: 0.31364791, test acc: 0.9284, test loss: 0.28113506
[2026-06-26 11:12:33,425][root][INFO] - Epoch: 48 | train acc: 0.9505, train loss: 16.85905815, valid acc: 0.9117, valid loss: 0.37599792, test acc: 0.9129, test loss: 0.36499641
[2026-06-26 11:12:33,549][root][INFO] - Epoch: 47 | train acc: 0.9647, train loss: 8.76313340, valid acc: 0.9432, valid loss: 0.21747186, test acc: 0.9411, test loss: 0.21865183
[2026-06-26 11:12:34,128][root][INFO] - Epoch: 46 | train acc: 0.9674, train loss: 4.16717065, valid acc: 0.9513, valid loss: 0.17631313, test acc: 0.9533, test loss: 0.17824910
[2026-06-26 11:12:34,406][root][INFO] - reg loss: 4.243638519970876, entropy loss: 0.1576208123620951, leaf dev: 0.16526147723197937
[2026-06-26 11:12:34,407][root][INFO] - Val leaf stats: tensor([3.3333e-03, 6.7000e-02, 6.4500e-01, 2.1700e-01, 0.0000e+00, 0.0000e+00,
        0.0000e+00, 0.0000e+00, 0.0000e+00, 0.0000e+00, 0.0000e+00, 0.0000e+00,
        1.6667e-04, 0.0000e+00, 0.0000e+00, 6.7500e-02])
[2026-06-26 11:12:37,605][root][INFO] - Epoch: 47 | train acc: 0.9664, train loss: 0.11971208, valid acc: 0.9423, valid loss: 0.21689930, test acc: 0.9466, test loss: 0.19471024
[2026-06-26 11:12:37,800][root][INFO] - Epoch: 46 | train acc: 0.9675, train loss: 32.15302449, valid acc: 0.9490, valid loss: 0.18960053, test acc: 0.9511, test loss: 0.18627067
[2026-06-26 11:12:37,805][root][INFO] - Epoch: 48 | train acc: 0.9669, train loss: 8.13570845, valid acc: 0.9517, valid loss: 0.17681394, test acc: 0.9523, test loss: 0.16552242
[2026-06-26 11:12:38,220][root][INFO] - reg loss: 4.170196312778401, entropy loss: 0.1627362162437079, leaf dev: 0.23547403514385223
[2026-06-26 11:12:38,222][root][INFO] - Val leaf stats: tensor([1.6667e-04, 1.7333e-02, 9.4517e-01, 1.9833e-02, 4.6667e-03, 0.0000e+00,
        0.0000e+00, 0.0000e+00, 0.0000e+00, 0.0000e+00, 0.0000e+00, 0.0000e+00,
        0.0000e+00, 0.0000e+00, 0.0000e+00, 1.2833e-02])
[2026-06-26 11:12:38,268][root][INFO] - reg loss: 5.532709220670304, entropy loss: 0.18582403434897368, leaf dev: 0.1065719723701477
[2026-06-26 11:12:38,275][root][INFO] - Val leaf stats: tensor([0.0000e+00, 1.6667e-04, 0.0000e+00, 0.0000e+00, 9.4833e-02, 2.9933e-01,
        0.0000e+00, 5.0000e-04, 1.4000e-02, 1.5817e-01, 0.0000e+00, 0.0000e+00,
        0.0000e+00, 3.0400e-01, 1.2900e-01, 0.0000e+00])
[2026-06-26 11:12:38,665][root][INFO] - reg loss: 4.318009961326167, entropy loss: 0.1537340207482284, leaf dev: 0.16777129471302032
[2026-06-26 11:12:38,666][root][INFO] - Val leaf stats: tensor([0.0000, 0.0000, 0.0000, 0.0000, 0.0000, 0.0000, 0.0000, 0.0000, 0.0185,
        0.6585, 0.1947, 0.0038, 0.0118, 0.0000, 0.0000, 0.1127])
[2026-06-26 11:12:38,721][root][INFO] - reg loss: 4.2902307285452785, entropy loss: 0.13677503210756015, leaf dev: 0.2114902138710022
[2026-06-26 11:12:38,723][root][INFO] - Val leaf stats: tensor([1.3333e-03, 5.4333e-02, 8.5183e-01, 2.7000e-02, 1.1667e-03, 0.0000e+00,
        0.0000e+00, 0.0000e+00, 0.0000e+00, 0.0000e+00, 0.0000e+00, 0.0000e+00,
        1.6667e-04, 0.0000e+00, 0.0000e+00, 6.4167e-02])
[2026-06-26 11:12:39,573][root][INFO] - reg loss: 4.05754602180337, entropy loss: 0.15411312765670274, leaf dev: 0.23923026025295258
[2026-06-26 11:12:39,574][root][INFO] - Val leaf stats: tensor([0.0000e+00, 0.0000e+00, 0.0000e+00, 0.0000e+00, 0.0000e+00, 0.0000e+00,
        0.0000e+00, 1.1167e-02, 6.6667e-04, 9.5917e-01, 0.0000e+00, 0.0000e+00,
        0.0000e+00, 0.0000e+00, 0.0000e+00, 2.9000e-02])
[2026-06-26 11:12:43,041][root][INFO] - reg loss: 5.9255727821925905, entropy loss: 0.24255628504280774, leaf dev: 0.08676270395517349
[2026-06-26 11:12:43,042][root][INFO] - Val leaf stats: tensor([0.0065, 0.0027, 0.0918, 0.0850, 0.0028, 0.0107, 0.0000, 0.0000, 0.1677,
        0.1265, 0.3027, 0.0177, 0.1515, 0.0232, 0.0060, 0.0053])
[2026-06-26 11:12:43,145][root][INFO] - reg loss: 4.013022467775165, entropy loss: 0.16293607174225574, leaf dev: 0.2493780106306076
[2026-06-26 11:12:43,147][root][INFO] - Val leaf stats: tensor([0.0000e+00, 0.0000e+00, 0.0000e+00, 0.0000e+00, 0.0000e+00, 0.0000e+00,
        0.0000e+00, 3.3333e-04, 1.0000e-03, 9.9767e-01, 0.0000e+00, 0.0000e+00,
        0.0000e+00, 0.0000e+00, 0.0000e+00, 1.0000e-03])
[2026-06-26 11:12:43,608][root][INFO] - reg loss: 4.005254336123197, entropy loss: 0.17579823563683708, leaf dev: 0.24995556473731995
[2026-06-26 11:12:43,609][root][INFO] - Val leaf stats: tensor([0.0000e+00, 0.0000e+00, 0.0000e+00, 0.0000e+00, 0.0000e+00, 0.0000e+00,
        0.0000e+00, 0.0000e+00, 0.0000e+00, 9.9983e-01, 0.0000e+00, 0.0000e+00,
        0.0000e+00, 0.0000e+00, 0.0000e+00, 1.6667e-04])
[2026-06-26 11:12:45,955][root][INFO] - Epoch: 47 | train acc: 0.9665, train loss: 2.35178882, valid acc: 0.9358, valid loss: 0.22577461, test acc: 0.9400, test loss: 0.20794786
[2026-06-26 11:12:46,013][root][INFO] - Epoch: 47 | train acc: 0.9696, train loss: 32.20332977, valid acc: 0.9433, valid loss: 0.19825777, test acc: 0.9521, test loss: 0.17092034
[2026-06-26 11:12:50,289][root][INFO] - Epoch: 47 | train acc: 0.9668, train loss: 2.49701975, valid acc: 0.9253, valid loss: 0.30375237, test acc: 0.9309, test loss: 0.25427543
[2026-06-26 11:12:51,928][root][INFO] - reg loss: 4.4702454018142985, entropy loss: 0.197255902132898, leaf dev: 0.1268114149570465
[2026-06-26 11:12:51,930][root][INFO] - Val leaf stats: tensor([0.0000e+00, 8.3667e-02, 3.9667e-01, 3.5450e-01, 9.0833e-02, 0.0000e+00,
        3.3333e-04, 0.0000e+00, 0.0000e+00, 0.0000e+00, 0.0000e+00, 0.0000e+00,
        0.0000e+00, 0.0000e+00, 1.6667e-04, 7.3833e-02])
[2026-06-26 11:12:52,128][root][INFO] - reg loss: 4.0125056032864554, entropy loss: 0.2014461100663779, leaf dev: 0.2496446669101715
[2026-06-26 11:12:52,129][root][INFO] - Val leaf stats: tensor([0.0000, 0.0000, 0.9987, 0.0013, 0.0000, 0.0000, 0.0000, 0.0000, 0.0000,
        0.0000, 0.0000, 0.0000, 0.0000, 0.0000, 0.0000, 0.0000])
[2026-06-26 11:12:53,919][root][INFO] - Epoch: 47 | train acc: 0.9553, train loss: 16.97846632, valid acc: 0.9363, valid loss: 0.28319246, test acc: 0.9356, test loss: 0.26896040
[2026-06-26 11:12:55,896][root][INFO] - reg loss: 4.765564135785373, entropy loss: 0.18196811822225462, leaf dev: 0.13658517599105835
[2026-06-26 11:12:55,897][root][INFO] - Val leaf stats: tensor([0.0000e+00, 0.0000e+00, 8.3333e-04, 0.0000e+00, 0.0000e+00, 0.0000e+00,
        2.4817e-01, 3.9000e-01, 0.0000e+00, 3.5867e-01, 1.8333e-03, 0.0000e+00,
        3.3333e-04, 1.6667e-04, 0.0000e+00, 0.0000e+00])
[2026-06-26 11:12:58,825][root][INFO] - reg loss: 4.203604297817878, entropy loss: 0.13573903126536674, leaf dev: 0.22042575478553772
[2026-06-26 11:12:58,826][root][INFO] - Val leaf stats: tensor([0.0000e+00, 0.0000e+00, 0.0000e+00, 0.0000e+00, 0.0000e+00, 0.0000e+00,
        0.0000e+00, 3.3333e-04, 1.0000e-02, 8.8500e-01, 8.8167e-02, 2.0000e-03,
        0.0000e+00, 0.0000e+00, 0.0000e+00, 1.4500e-02])
[2026-06-26 11:12:59,397][root][INFO] - Epoch: 48 | train acc: 0.9491, train loss: 32.83631048, valid acc: 0.9022, valid loss: 0.48769721, test acc: 0.9114, test loss: 0.35188136
[2026-06-26 11:12:59,697][root][INFO] - Epoch: 48 | train acc: 0.9694, train loss: 8.17824940, valid acc: 0.9447, valid loss: 0.21597310, test acc: 0.9513, test loss: 0.19445435
[2026-06-26 11:13:04,834][root][INFO] - reg loss: 4.082123760907155, entropy loss: 0.162763145875256, leaf dev: 0.2484903782606125
[2026-06-26 11:13:04,835][root][INFO] - Val leaf stats: tensor([0.0000, 0.0010, 0.9943, 0.0015, 0.0000, 0.0000, 0.0000, 0.0000, 0.0000,
        0.0000, 0.0000, 0.0000, 0.0000, 0.0000, 0.0000, 0.0032])
[2026-06-26 11:13:05,226][root][INFO] - reg loss: 4.036717297895899, entropy loss: 0.20659758220866042, leaf dev: 0.2425340861082077
[2026-06-26 11:13:05,227][root][INFO] - Val leaf stats: tensor([0.0000, 0.0018, 0.9717, 0.0265, 0.0000, 0.0000, 0.0000, 0.0000, 0.0000,
        0.0000, 0.0000, 0.0000, 0.0000, 0.0000, 0.0000, 0.0000])
[2026-06-26 11:13:06,450][root][INFO] - Epoch: 47 | train acc: 0.9766, train loss: 4.18589428, valid acc: 0.9500, valid loss: 0.20254757, test acc: 0.9589, test loss: 0.15474527
[2026-06-26 11:13:07,797][root][INFO] - Epoch: 48 | train acc: 0.9793, train loss: 0.07316785, valid acc: 0.9510, valid loss: 0.18272570, test acc: 0.9530, test loss: 0.17260002
[2026-06-26 11:13:07,909][root][INFO] - Epoch: 47 | train acc: 0.9772, train loss: 0.07952841, valid acc: 0.9463, valid loss: 0.20396287, test acc: 0.9506, test loss: 0.17797043
[2026-06-26 11:13:08,006][root][INFO] - Epoch: 47 | train acc: 0.9720, train loss: 2.18288882, valid acc: 0.9558, valid loss: 0.16541006, test acc: 0.9549, test loss: 0.16161782
[2026-06-26 11:13:09,301][root][INFO] - Epoch: 47 | train acc: 0.9691, train loss: 16.13461534, valid acc: 0.9450, valid loss: 0.22234459, test acc: 0.9528, test loss: 0.16975841
[2026-06-26 11:13:09,386][root][INFO] - Epoch: 47 | train acc: 0.9839, train loss: 2.25361443, valid acc: 0.9550, valid loss: 0.17841011, test acc: 0.9587, test loss: 0.14785527
[2026-06-26 11:13:11,241][root][INFO] - reg loss: 4.105607428640689, entropy loss: 0.21463088930215476, leaf dev: 0.2120911031961441
[2026-06-26 11:13:11,242][root][INFO] - Val leaf stats: tensor([0.0000, 0.0570, 0.8543, 0.0350, 0.0537, 0.0000, 0.0000, 0.0000, 0.0000,
        0.0000, 0.0000, 0.0000, 0.0000, 0.0000, 0.0000, 0.0000])
[2026-06-26 11:13:12,272][root][INFO] - Epoch: 47 | train acc: 0.9614, train loss: 4.63479611, valid acc: 0.9400, valid loss: 0.22009746, test acc: 0.9397, test loss: 0.22607046
[2026-06-26 11:13:12,593][root][INFO] - reg loss: 5.125439378450501, entropy loss: 0.16444592234098687, leaf dev: 0.12029334902763367
[2026-06-26 11:13:12,594][root][INFO] - Val leaf stats: tensor([0.0000e+00, 0.0000e+00, 0.0000e+00, 0.0000e+00, 2.1333e-01, 3.0617e-01,
        0.0000e+00, 1.7167e-02, 0.0000e+00, 0.0000e+00, 3.3333e-04, 9.0333e-02,
        3.6300e-01, 5.0000e-04, 0.0000e+00, 9.1667e-03])
[2026-06-26 11:13:12,805][root][INFO] - reg loss: 5.847346575754993, entropy loss: 0.2308981566215461, leaf dev: 0.06930095702409744
[2026-06-26 11:13:12,806][root][INFO] - Val leaf stats: tensor([0.0023, 0.0000, 0.0382, 0.0048, 0.0000, 0.0000, 0.0708, 0.0117, 0.2192,
        0.1493, 0.1285, 0.1065, 0.0315, 0.1013, 0.0000, 0.1358])
[2026-06-26 11:13:13,205][root][INFO] - reg loss: 4.17763312807623, entropy loss: 0.1252452662249781, leaf dev: 0.19629766047000885
[2026-06-26 11:13:13,206][root][INFO] - Val leaf stats: tensor([0.0000e+00, 0.0000e+00, 0.0000e+00, 0.0000e+00, 0.0000e+00, 0.0000e+00,
        0.0000e+00, 2.3400e-01, 0.0000e+00, 7.6533e-01, 0.0000e+00, 0.0000e+00,
        0.0000e+00, 0.0000e+00, 0.0000e+00, 6.6667e-04])
[2026-06-26 11:13:13,261][root][INFO] - Epoch: 48 | train acc: 0.9614, train loss: 4.36698438, valid acc: 0.9328, valid loss: 0.24020521, test acc: 0.9437, test loss: 0.20962998
[2026-06-26 11:13:14,872][root][INFO] - reg loss: 4.007279877392751, entropy loss: 0.2095089169605723, leaf dev: 0.24951153993606567
[2026-06-26 11:13:14,873][root][INFO] - Val leaf stats: tensor([0.0000, 0.0000, 0.9982, 0.0018, 0.0000, 0.0000, 0.0000, 0.0000, 0.0000,
        0.0000, 0.0000, 0.0000, 0.0000, 0.0000, 0.0000, 0.0000])
[2026-06-26 11:13:14,919][root][INFO] - reg loss: 4.391440728925309, entropy loss: 0.21765719438498876, leaf dev: 0.16917715966701508
[2026-06-26 11:13:14,920][root][INFO] - Val leaf stats: tensor([0.0008, 0.1105, 0.6588, 0.0045, 0.2130, 0.0123, 0.0000, 0.0000, 0.0000,
        0.0000, 0.0000, 0.0000, 0.0000, 0.0000, 0.0000, 0.0000])
[2026-06-26 11:13:16,942][root][INFO] - Epoch: 49 | train acc: 0.9493, train loss: 16.83861175, valid acc: 0.9143, valid loss: 0.36662706, test acc: 0.9221, test loss: 0.29633209
[2026-06-26 11:13:17,384][root][INFO] - Epoch: 48 | train acc: 0.9864, train loss: 0.05107893, valid acc: 0.9603, valid loss: 0.14651884, test acc: 0.9600, test loss: 0.14766381
[2026-06-26 11:13:17,561][root][INFO] - reg loss: 4.499082574304545, entropy loss: 0.12389164417982101, leaf dev: 0.15093187987804413
[2026-06-26 11:13:17,563][root][INFO] - Val leaf stats: tensor([0.0000e+00, 0.0000e+00, 0.0000e+00, 0.0000e+00, 0.0000e+00, 0.0000e+00,
        3.1667e-03, 1.5567e-01, 1.6667e-04, 5.6183e-01, 2.5250e-01, 2.5000e-03,
        0.0000e+00, 0.0000e+00, 8.3333e-04, 2.3333e-02])
[2026-06-26 11:13:17,708][root][INFO] - Epoch: 47 | train acc: 0.9532, train loss: 8.79027138, valid acc: 0.9220, valid loss: 0.30944678, test acc: 0.9292, test loss: 0.29278739
[2026-06-26 11:13:18,249][root][INFO] - reg loss: 4.232083419583878, entropy loss: 0.15789694887287212, leaf dev: 0.16735988855361938
[2026-06-26 11:13:18,259][root][INFO] - Val leaf stats: tensor([3.3333e-03, 6.0667e-02, 6.5433e-01, 2.1550e-01, 0.0000e+00, 0.0000e+00,
        0.0000e+00, 0.0000e+00, 0.0000e+00, 0.0000e+00, 0.0000e+00, 0.0000e+00,
        1.6667e-04, 0.0000e+00, 0.0000e+00, 6.6000e-02])
[2026-06-26 11:13:18,574][root][INFO] - Epoch: 47 | train acc: 0.9679, train loss: 4.16607042, valid acc: 0.9503, valid loss: 0.17335402, test acc: 0.9509, test loss: 0.18510186
[2026-06-26 11:13:18,729][root][INFO] - Epoch: 48 | train acc: 0.9603, train loss: 8.90064214, valid acc: 0.9382, valid loss: 0.24289566, test acc: 0.9386, test loss: 0.24924159
[2026-06-26 11:13:21,323][root][INFO] - Epoch: 49 | train acc: 0.9682, train loss: 8.13374809, valid acc: 0.9522, valid loss: 0.17778247, test acc: 0.9536, test loss: 0.15986910
[2026-06-26 11:13:22,064][root][INFO] - Epoch: 47 | train acc: 0.9675, train loss: 32.15206567, valid acc: 0.9492, valid loss: 0.18445608, test acc: 0.9516, test loss: 0.18810872
[2026-06-26 11:13:22,293][root][INFO] - Epoch: 48 | train acc: 0.9741, train loss: 0.09090370, valid acc: 0.9447, valid loss: 0.19792847, test acc: 0.9480, test loss: 0.18411562
[2026-06-26 11:13:22,391][root][INFO] - reg loss: 4.1640141235207615, entropy loss: 0.16223870709819613, leaf dev: 0.2382889837026596
[2026-06-26 11:13:22,392][root][INFO] - Val leaf stats: tensor([1.6667e-04, 1.8500e-02, 9.5583e-01, 1.4167e-02, 5.5000e-03, 0.0000e+00,
        0.0000e+00, 0.0000e+00, 0.0000e+00, 0.0000e+00, 0.0000e+00, 0.0000e+00,
        0.0000e+00, 0.0000e+00, 0.0000e+00, 5.8333e-03])
[2026-06-26 11:13:22,488][root][INFO] - reg loss: 5.519640409721519, entropy loss: 0.18690550088320138, leaf dev: 0.10518433153629303
[2026-06-26 11:13:22,488][root][INFO] - Val leaf stats: tensor([0.0000e+00, 1.6667e-04, 0.0000e+00, 0.0000e+00, 6.9667e-02, 2.3783e-01,
        0.0000e+00, 5.0000e-04, 2.1833e-02, 1.9500e-01, 0.0000e+00, 0.0000e+00,
        0.0000e+00, 3.2617e-01, 1.4883e-01, 0.0000e+00])
[2026-06-26 11:13:22,938][root][INFO] - reg loss: 4.306919574737549, entropy loss: 0.13770441078352477, leaf dev: 0.20860084891319275
[2026-06-26 11:13:22,939][root][INFO] - Val leaf stats: tensor([0.0015, 0.0627, 0.8407, 0.0352, 0.0013, 0.0000, 0.0000, 0.0000, 0.0000,
        0.0000, 0.0000, 0.0000, 0.0010, 0.0000, 0.0000, 0.0577])
[2026-06-26 11:13:23,949][root][INFO] - reg loss: 4.057906555679609, entropy loss: 0.15191404296542113, leaf dev: 0.23787952959537506
[2026-06-26 11:13:23,950][root][INFO] - Val leaf stats: tensor([0.0000e+00, 0.0000e+00, 0.0000e+00, 0.0000e+00, 0.0000e+00, 0.0000e+00,
        0.0000e+00, 1.3833e-02, 6.6667e-04, 9.5400e-01, 0.0000e+00, 0.0000e+00,
        0.0000e+00, 0.0000e+00, 0.0000e+00, 3.1500e-02])
[2026-06-26 11:13:24,050][root][INFO] - reg loss: 4.3717018388352304, entropy loss: 0.15635136177517334, leaf dev: 0.1387842297554016
[2026-06-26 11:13:24,051][root][INFO] - Val leaf stats: tensor([0.0000, 0.0000, 0.0000, 0.0000, 0.0000, 0.0000, 0.0000, 0.0000, 0.0883,
        0.4767, 0.3270, 0.0042, 0.0068, 0.0000, 0.0000, 0.0970])
[2026-06-26 11:13:26,312][root][INFO] - reg loss: 4.013481162629038, entropy loss: 0.16266543530630614, leaf dev: 0.24920032918453217
[2026-06-26 11:13:26,313][root][INFO] - Val leaf stats: tensor([0.0000e+00, 0.0000e+00, 0.0000e+00, 0.0000e+00, 0.0000e+00, 0.0000e+00,
        0.0000e+00, 1.1667e-03, 1.0000e-03, 9.9700e-01, 0.0000e+00, 0.0000e+00,
        0.0000e+00, 0.0000e+00, 0.0000e+00, 8.3333e-04])
[2026-06-26 11:13:27,822][root][INFO] - reg loss: 6.1092566139293165, entropy loss: 0.2516120095860283, leaf dev: 0.078131303191185
[2026-06-26 11:13:27,823][root][INFO] - Val leaf stats: tensor([0.0117, 0.0055, 0.1697, 0.0952, 0.0032, 0.0213, 0.0000, 0.0000, 0.1650,
        0.1278, 0.2380, 0.0117, 0.1218, 0.0185, 0.0067, 0.0040])
[2026-06-26 11:13:27,863][root][INFO] - Val leaf stats: tensor([1.6667e-04, 1.8500e-02, 9.5583e-01, 1.4167e-02, 5.5000e-03, 0.0000e+00,
        0.0000e+00, 0.0000e+00, 0.0000e+00, 0.0000e+00, 0.0000e+00, 0.0000e+00,
        0.0000e+00, 0.0000e+00, 0.0000e+00, 5.8333e-03])
[2026-06-26 11:13:27,888][root][INFO] - reg loss: 4.0052786143320915, entropy loss: 0.17478011253307452, leaf dev: 0.2497778683900833
[2026-06-26 11:13:27,889][root][INFO] - Val leaf stats: tensor([0.0000e+00, 0.0000e+00, 0.0000e+00, 0.0000e+00, 0.0000e+00, 0.0000e+00,
        0.0000e+00, 0.0000e+00, 0.0000e+00, 9.9917e-01, 0.0000e+00, 0.0000e+00,
        0.0000e+00, 0.0000e+00, 0.0000e+00, 8.3333e-04])
[2026-06-26 11:13:29,763][root][INFO] - Epoch: 48 | train acc: 0.9709, train loss: 32.19323828, valid acc: 0.9430, valid loss: 0.19957026, test acc: 0.9520, test loss: 0.17436459
[2026-06-26 11:13:30,153][root][INFO] - Epoch: 48 | train acc: 0.9675, train loss: 2.34882335, valid acc: 0.9367, valid loss: 0.22645397, test acc: 0.9431, test loss: 0.21622493
[2026-06-26 11:13:31,756][root][INFO] - Val leaf stats: tensor([0.0000e+00, 0.0000e+00, 0.0000e+00, 0.0000e+00, 0.0000e+00, 0.0000e+00,
        0.0000e+00, 1.1667e-03, 1.0000e-03, 9.9700e-01, 0.0000e+00, 0.0000e+00,
        0.0000e+00, 0.0000e+00, 0.0000e+00, 8.3333e-04])
[2026-06-26 11:13:35,128][root][INFO] - Test leaf std: 0.23970437049865723, Val leaf std: 0.2382889837026596
[2026-06-26 11:13:35,418][root][INFO] - Epoch: 48 | train acc: 0.9651, train loss: 2.49548857, valid acc: 0.9252, valid loss: 0.30069503, test acc: 0.9300, test loss: 0.27479193
[2026-06-26 11:13:35,420][root][INFO] - reg loss: 4.011443668941282, entropy loss: 0.2012065606859495, leaf dev: 0.24973346292972565
[2026-06-26 11:13:35,421][root][INFO] - Val leaf stats: tensor([0.0000, 0.0000, 0.9990, 0.0010, 0.0000, 0.0000, 0.0000, 0.0000, 0.0000,
        0.0000, 0.0000, 0.0000, 0.0000, 0.0000, 0.0000, 0.0000])
[2026-06-26 11:13:36,280][root][INFO] - reg loss: 4.471993126959171, entropy loss: 0.18979503425224772, leaf dev: 0.1256590336561203
[2026-06-26 11:13:36,282][root][INFO] - Val leaf stats: tensor([0.0000e+00, 8.5833e-02, 4.0150e-01, 3.4067e-01, 9.5667e-02, 0.0000e+00,
        1.5000e-03, 0.0000e+00, 0.0000e+00, 0.0000e+00, 0.0000e+00, 0.0000e+00,
        0.0000e+00, 0.0000e+00, 1.6667e-04, 7.4667e-02])
[2026-06-26 11:13:37,929][root][INFO] - Epoch: 48 | train acc: 0.9545, train loss: 16.94631557, valid acc: 0.9342, valid loss: 0.25094783, test acc: 0.9355, test loss: 0.25559447
[2026-06-26 11:13:39,158][root][INFO] - Test leaf std: 0.2490673065185547, Val leaf std: 0.24920032918453217
[2026-06-26 11:13:40,655][root][INFO] - reg loss: 4.751407294903162, entropy loss: 0.1798232948442675, leaf dev: 0.13780051469802856
[2026-06-26 11:13:40,656][root][INFO] - Val leaf stats: tensor([0.0000e+00, 0.0000e+00, 8.3333e-04, 0.0000e+00, 0.0000e+00, 0.0000e+00,
        2.2850e-01, 3.9683e-01, 0.0000e+00, 3.7100e-01, 1.8333e-03, 1.6667e-04,
        8.3333e-04, 0.0000e+00, 0.0000e+00, 0.0000e+00])
[2026-06-26 11:13:42,091][root][INFO] - FINAL TEST | acc: 0.9221, loss: 0.2963, 
[2026-06-26 11:13:42,389][root][INFO] - MLFlow run ID: 5254c6a39108499f92ab0e505b67a4cc, status: FINISHED
[2026-06-26 11:13:42,793][root][INFO] - reg loss: 4.195175481292437, entropy loss: 0.13501517924497713, leaf dev: 0.2221468985080719
[2026-06-26 11:13:42,794][root][INFO] - Val leaf stats: tensor([0.0000e+00, 0.0000e+00, 0.0000e+00, 0.0000e+00, 0.0000e+00, 0.0000e+00,
        0.0000e+00, 1.6667e-04, 1.1667e-02, 8.9133e-01, 9.0000e-02, 2.0000e-03,
        0.0000e+00, 0.0000e+00, 0.0000e+00, 4.8333e-03])
[2026-06-26 11:13:43,040][root][INFO] - Epoch: 49 | train acc: 0.9495, train loss: 32.85155408, valid acc: 0.9077, valid loss: 0.48046287, test acc: 0.9164, test loss: 0.35599659
[2026-06-26 11:13:43,733][root][INFO] - Epoch: 49 | train acc: 0.9702, train loss: 8.18909501, valid acc: 0.9458, valid loss: 0.21255282, test acc: 0.9529, test loss: 0.20916230
[2026-06-26 11:13:45,301][root][INFO] - FINAL TEST | acc: 0.9536, loss: 0.1599, 
[2026-06-26 11:13:45,516][root][INFO] - MLFlow run ID: bf42b1097d3944df8f8b9ddcefc942f6, status: FINISHED
[2026-06-26 11:13:47,598][root][INFO] - reg loss: 4.084131866131189, entropy loss: 0.1621165618581592, leaf dev: 0.24813522398471832
[2026-06-26 11:13:47,600][root][INFO] - Val leaf stats: tensor([0.0000e+00, 2.0000e-03, 9.9300e-01, 1.5000e-03, 1.6667e-04, 0.0000e+00,
        0.0000e+00, 0.0000e+00, 0.0000e+00, 0.0000e+00, 0.0000e+00, 0.0000e+00,
        0.0000e+00, 0.0000e+00, 0.0000e+00, 3.3333e-03])
[2026-06-26 11:13:48,793][root][INFO] - reg loss: 4.043888119031799, entropy loss: 0.20668430218719086, leaf dev: 0.24125538766384125
[2026-06-26 11:13:48,795][root][INFO] - Val leaf stats: tensor([0.0000, 0.0055, 0.9668, 0.0277, 0.0000, 0.0000, 0.0000, 0.0000, 0.0000,
        0.0000, 0.0000, 0.0000, 0.0000, 0.0000, 0.0000, 0.0000])
[2026-06-26 11:13:49,129][root][INFO] - Epoch: 48 | train acc: 0.9778, train loss: 4.18432957, valid acc: 0.9493, valid loss: 0.20495144, test acc: 0.9573, test loss: 0.16443561
[2026-06-26 11:13:51,001][root][INFO] - Epoch: 49 | train acc: 0.9820, train loss: 0.06401484, valid acc: 0.9518, valid loss: 0.18568247, test acc: 0.9566, test loss: 0.16556050
[2026-06-26 11:13:51,213][root][INFO] - Epoch: 48 | train acc: 0.9743, train loss: 2.17873163, valid acc: 0.9543, valid loss: 0.16276401, test acc: 0.9559, test loss: 0.16812004
[2026-06-26 11:13:51,852][root][INFO] - Epoch: 48 | train acc: 0.9701, train loss: 16.14100122, valid acc: 0.9435, valid loss: 0.22582108, test acc: 0.9528, test loss: 0.17565878
[2026-06-26 11:13:52,034][root][INFO] - Epoch: 48 | train acc: 0.9785, train loss: 0.07454760, valid acc: 0.9438, valid loss: 0.20919393, test acc: 0.9474, test loss: 0.18905067
[2026-06-26 11:13:52,559][root][INFO] - Val leaf stats: tensor([0.0000e+00, 2.0000e-03, 9.9300e-01, 1.5000e-03, 1.6667e-04, 0.0000e+00,
        0.0000e+00, 0.0000e+00, 0.0000e+00, 0.0000e+00, 0.0000e+00, 0.0000e+00,
        0.0000e+00, 0.0000e+00, 0.0000e+00, 3.3333e-03])
[2026-06-26 11:13:52,641][root][INFO] - Epoch: 48 | train acc: 0.9844, train loss: 2.25379078, valid acc: 0.9537, valid loss: 0.18034129, test acc: 0.9580, test loss: 0.17366479
[2026-06-26 11:13:52,853][root][INFO] - Val leaf stats: tensor([0.0000, 0.0055, 0.9668, 0.0277, 0.0000, 0.0000, 0.0000, 0.0000, 0.0000,
        0.0000, 0.0000, 0.0000, 0.0000, 0.0000, 0.0000, 0.0000])
[2026-06-26 11:13:53,872][root][INFO] - reg loss: 4.106613874435425, entropy loss: 0.21470449218210183, leaf dev: 0.21195906400680542
[2026-06-26 11:13:53,873][root][INFO] - Val leaf stats: tensor([0.0000, 0.0565, 0.8538, 0.0360, 0.0537, 0.0000, 0.0000, 0.0000, 0.0000,
        0.0000, 0.0000, 0.0000, 0.0000, 0.0000, 0.0000, 0.0000])
[2026-06-26 11:13:55,310][root][INFO] - Epoch: 48 | train acc: 0.9622, train loss: 4.62963369, valid acc: 0.9397, valid loss: 0.21678834, test acc: 0.9413, test loss: 0.21975311
[2026-06-26 11:13:55,597][root][INFO] - Epoch: 49 | train acc: 0.9615, train loss: 4.39287062, valid acc: 0.9322, valid loss: 0.24218823, test acc: 0.9405, test loss: 0.21922224
[2026-06-26 11:13:56,046][root][INFO] - reg loss: 5.168697856507212, entropy loss: 0.1680528033735617, leaf dev: 0.11528430134057999
[2026-06-26 11:13:56,047][root][INFO] - Val leaf stats: tensor([0.0000, 0.0000, 0.0000, 0.0000, 0.2518, 0.3188, 0.0000, 0.0445, 0.0000,
        0.0000, 0.0005, 0.0803, 0.2972, 0.0005, 0.0000, 0.0063])
[2026-06-26 11:13:56,301][root][INFO] - reg loss: 4.177860894293155, entropy loss: 0.11881778853119544, leaf dev: 0.19528338313102722
[2026-06-26 11:13:56,302][root][INFO] - Val leaf stats: tensor([0.0000e+00, 0.0000e+00, 0.0000e+00, 0.0000e+00, 0.0000e+00, 0.0000e+00,
        0.0000e+00, 2.3967e-01, 0.0000e+00, 7.5967e-01, 0.0000e+00, 0.0000e+00,
        0.0000e+00, 0.0000e+00, 0.0000e+00, 6.6667e-04])
[2026-06-26 11:13:56,991][root][INFO] - reg loss: 4.0092909156151535, entropy loss: 0.20959837987737837, leaf dev: 0.2494671791791916
[2026-06-26 11:13:56,992][root][INFO] - Val leaf stats: tensor([0.0000, 0.0000, 0.9980, 0.0020, 0.0000, 0.0000, 0.0000, 0.0000, 0.0000,
        0.0000, 0.0000, 0.0000, 0.0000, 0.0000, 0.0000, 0.0000])
[2026-06-26 11:13:57,320][root][INFO] - reg loss: 5.868164813743447, entropy loss: 0.23132426347934976, leaf dev: 0.0693545937538147
[2026-06-26 11:13:57,321][root][INFO] - Val leaf stats: tensor([0.0027, 0.0000, 0.0455, 0.0060, 0.0000, 0.0000, 0.0677, 0.0108, 0.2133,
        0.1607, 0.0782, 0.1498, 0.0380, 0.0953, 0.0000, 0.1320])
[2026-06-26 11:13:57,893][root][INFO] - reg loss: 4.393695610874104, entropy loss: 0.21754331296344973, leaf dev: 0.17085690796375275
[2026-06-26 11:13:57,894][root][INFO] - Val leaf stats: tensor([6.6667e-04, 1.0417e-01, 6.6950e-01, 5.0000e-03, 2.0233e-01, 1.8333e-02,
        0.0000e+00, 0.0000e+00, 0.0000e+00, 0.0000e+00, 0.0000e+00, 0.0000e+00,
        0.0000e+00, 0.0000e+00, 0.0000e+00, 0.0000e+00])
[2026-06-26 11:13:58,933][root][INFO] - Test leaf std: 0.2478691041469574, Val leaf std: 0.24813522398471832
[2026-06-26 11:13:59,666][root][INFO] - Test leaf std: 0.24193966388702393, Val leaf std: 0.24125538766384125
[2026-06-26 11:14:00,034][root][INFO] - reg loss: 4.496342182159424, entropy loss: 0.12453340612492471, leaf dev: 0.15024065971374512
[2026-06-26 11:14:00,035][root][INFO] - Val leaf stats: tensor([0.0000e+00, 0.0000e+00, 0.0000e+00, 0.0000e+00, 0.0000e+00, 0.0000e+00,
        2.3333e-03, 1.5317e-01, 1.6667e-04, 5.5733e-01, 2.5750e-01, 2.5000e-03,
        0.0000e+00, 0.0000e+00, 8.3333e-04, 2.6167e-02])
[2026-06-26 11:14:00,417][root][INFO] - Epoch: 49 | train acc: 0.9864, train loss: 0.05209978, valid acc: 0.9592, valid loss: 0.14674247, test acc: 0.9616, test loss: 0.14115585
[2026-06-26 11:14:00,663][root][INFO] - reg loss: 4.2569158212193905, entropy loss: 0.15513562818743148, leaf dev: 0.16321198642253876
[2026-06-26 11:14:00,664][root][INFO] - Val leaf stats: tensor([2.0000e-03, 5.0333e-02, 6.2383e-01, 2.5667e-01, 0.0000e+00, 0.0000e+00,
        0.0000e+00, 0.0000e+00, 0.0000e+00, 0.0000e+00, 0.0000e+00, 0.0000e+00,
        1.6667e-04, 0.0000e+00, 0.0000e+00, 6.7000e-02])
[2026-06-26 11:14:00,996][root][INFO] - Val leaf stats: tensor([0.0000, 0.0000, 0.0000, 0.0000, 0.2518, 0.3188, 0.0000, 0.0445, 0.0000,
        0.0000, 0.0005, 0.0803, 0.2972, 0.0005, 0.0000, 0.0063])
[2026-06-26 11:14:01,909][root][INFO] - Epoch: 48 | train acc: 0.9679, train loss: 4.16708296, valid acc: 0.9497, valid loss: 0.17475422, test acc: 0.9512, test loss: 0.17928092
[2026-06-26 11:14:02,074][root][INFO] - Epoch: 49 | train acc: 0.9490, train loss: 9.12896947, valid acc: 0.9288, valid loss: 0.25983995, test acc: 0.9294, test loss: 0.25581074
[2026-06-26 11:14:02,529][root][INFO] - Epoch: 48 | train acc: 0.9535, train loss: 8.75825336, valid acc: 0.9180, valid loss: 0.31213218, test acc: 0.9275, test loss: 0.28620833
[2026-06-26 11:14:05,065][root][INFO] - reg loss: 5.513892052308568, entropy loss: 0.18869974689101274, leaf dev: 0.100894995033741
[2026-06-26 11:14:05,066][root][INFO] - Val leaf stats: tensor([0.0000e+00, 1.6667e-04, 0.0000e+00, 0.0000e+00, 7.4833e-02, 2.4433e-01,
        0.0000e+00, 5.0000e-04, 2.3667e-02, 1.7833e-01, 0.0000e+00, 0.0000e+00,
        0.0000e+00, 2.7917e-01, 1.9900e-01, 0.0000e+00])
[2026-06-26 11:14:05,641][root][INFO] - FINAL TEST | acc: 0.9164, loss: 0.3560, 
[2026-06-26 11:14:05,773][root][INFO] - MLFlow run ID: aa80948f00b741d8ab743e48f3c7e077, status: FINISHED
[2026-06-26 11:14:05,822][root][INFO] - FINAL TEST | acc: 0.9529, loss: 0.2092, 
[2026-06-26 11:14:05,864][root][INFO] - Val leaf stats: tensor([2.0000e-03, 5.0333e-02, 6.2383e-01, 2.5667e-01, 0.0000e+00, 0.0000e+00,
        0.0000e+00, 0.0000e+00, 0.0000e+00, 0.0000e+00, 0.0000e+00, 0.0000e+00,
        1.6667e-04, 0.0000e+00, 0.0000e+00, 6.7000e-02])
[2026-06-26 11:14:05,976][root][INFO] - Epoch: 49 | train acc: 0.9752, train loss: 0.08564852, valid acc: 0.9477, valid loss: 0.19952869, test acc: 0.9488, test loss: 0.18501229
[2026-06-26 11:14:06,002][root][INFO] - Epoch: 48 | train acc: 0.9668, train loss: 32.15983441, valid acc: 0.9508, valid loss: 0.17992648, test acc: 0.9516, test loss: 0.18669601
[2026-06-26 11:14:06,101][root][INFO] - MLFlow run ID: 7c03f6571e014f54b0136b87199ea9ba, status: FINISHED
[2026-06-26 11:14:06,422][root][INFO] - reg loss: 4.469983874626879, entropy loss: 0.15885089576806663, leaf dev: 0.1410341113805771
[2026-06-26 11:14:06,423][root][INFO] - Val leaf stats: tensor([0.0000e+00, 0.0000e+00, 0.0000e+00, 0.0000e+00, 0.0000e+00, 0.0000e+00,
        0.0000e+00, 0.0000e+00, 5.7167e-02, 3.3650e-01, 4.8050e-01, 1.6667e-04,
        1.0000e-02, 0.0000e+00, 0.0000e+00, 1.1567e-01])
[2026-06-26 11:14:06,657][root][INFO] - reg loss: 4.057805529180563, entropy loss: 0.15000415958885877, leaf dev: 0.23959995806217194
[2026-06-26 11:14:06,658][root][INFO] - Val leaf stats: tensor([0.0000e+00, 0.0000e+00, 0.0000e+00, 0.0000e+00, 0.0000e+00, 0.0000e+00,
        0.0000e+00, 1.9000e-02, 6.6667e-04, 9.6067e-01, 1.6667e-04, 0.0000e+00,
        0.0000e+00, 0.0000e+00, 0.0000e+00, 1.9500e-02])
[2026-06-26 11:14:07,205][root][INFO] - reg loss: 4.296613306369421, entropy loss: 0.13637614095548414, leaf dev: 0.2083362489938736
[2026-06-26 11:14:07,206][root][INFO] - Val leaf stats: tensor([6.6667e-04, 6.4000e-02, 8.3867e-01, 1.7167e-02, 1.6667e-03, 0.0000e+00,
        0.0000e+00, 0.0000e+00, 0.0000e+00, 0.0000e+00, 0.0000e+00, 0.0000e+00,
        1.6667e-03, 0.0000e+00, 0.0000e+00, 7.6167e-02])
[2026-06-26 11:14:07,940][root][INFO] - Test leaf std: 0.11642969399690628, Val leaf std: 0.11528430134057999
[2026-06-26 11:14:10,226][root][INFO] - Val leaf stats: tensor([0.0000e+00, 1.6667e-04, 0.0000e+00, 0.0000e+00, 7.4833e-02, 2.4433e-01,
        0.0000e+00, 5.0000e-04, 2.3667e-02, 1.7833e-01, 0.0000e+00, 0.0000e+00,
        0.0000e+00, 2.7917e-01, 1.9900e-01, 0.0000e+00])
[2026-06-26 11:14:10,775][root][INFO] - Epoch: 49 | train acc: 0.9707, train loss: 32.19892775, valid acc: 0.9457, valid loss: 0.20080160, test acc: 0.9529, test loss: 0.24826106
[2026-06-26 11:14:10,874][root][INFO] - reg loss: 6.16111032467968, entropy loss: 0.2541861621276388, leaf dev: 0.07921681553125381
[2026-06-26 11:14:10,876][root][INFO] - Val leaf stats: tensor([0.0123, 0.0070, 0.1637, 0.0912, 0.0013, 0.0110, 0.0000, 0.0000, 0.1887,
        0.1462, 0.2243, 0.0073, 0.1160, 0.0140, 0.0145, 0.0025])
[2026-06-26 11:14:10,901][root][INFO] - reg loss: 4.006215010049208, entropy loss: 0.1747457431453579, leaf dev: 0.24982227385044098
[2026-06-26 11:14:10,903][root][INFO] - Val leaf stats: tensor([0.0000e+00, 0.0000e+00, 0.0000e+00, 0.0000e+00, 0.0000e+00, 0.0000e+00,
        0.0000e+00, 0.0000e+00, 0.0000e+00, 9.9933e-01, 0.0000e+00, 0.0000e+00,
        0.0000e+00, 0.0000e+00, 0.0000e+00, 6.6667e-04])
[2026-06-26 11:14:11,293][root][INFO] - Val leaf stats: tensor([0.0000e+00, 0.0000e+00, 0.0000e+00, 0.0000e+00, 0.0000e+00, 0.0000e+00,
        0.0000e+00, 0.0000e+00, 5.7167e-02, 3.3650e-01, 4.8050e-01, 1.6667e-04,
        1.0000e-02, 0.0000e+00, 0.0000e+00, 1.1567e-01])
[2026-06-26 11:14:12,522][root][INFO] - Test leaf std: 0.16580305993556976, Val leaf std: 0.16321198642253876
[2026-06-26 11:14:14,085][root][INFO] - Epoch: 49 | train acc: 0.9683, train loss: 2.34330283, valid acc: 0.9378, valid loss: 0.22567954, test acc: 0.9431, test loss: 0.21439839
[2026-06-26 11:14:15,298][root][INFO] - FINAL TEST | acc: 0.9566, loss: 0.1656, 
[2026-06-26 11:14:15,495][root][INFO] - MLFlow run ID: d378727ccd0c4192a18036bb2cbbfc9f, status: FINISHED
[2026-06-26 11:14:15,798][root][INFO] - Val leaf stats: tensor([0.0123, 0.0070, 0.1637, 0.0912, 0.0013, 0.0110, 0.0000, 0.0000, 0.1887,
        0.1462, 0.2243, 0.0073, 0.1160, 0.0140, 0.0145, 0.0025])
[2026-06-26 11:14:16,333][root][INFO] - reg loss: 4.012364571949221, entropy loss: 0.201090710624209, leaf dev: 0.2495557814836502
[2026-06-26 11:14:16,334][root][INFO] - Val leaf stats: tensor([0.0000e+00, 3.3333e-04, 9.9833e-01, 1.3333e-03, 0.0000e+00, 0.0000e+00,
        0.0000e+00, 0.0000e+00, 0.0000e+00, 0.0000e+00, 0.0000e+00, 0.0000e+00,
        0.0000e+00, 0.0000e+00, 0.0000e+00, 0.0000e+00])
[2026-06-26 11:14:16,977][root][INFO] - Test leaf std: 0.10287390649318695, Val leaf std: 0.100894995033741
[2026-06-26 11:14:17,514][root][INFO] - Epoch: 49 | train acc: 0.9672, train loss: 2.49537645, valid acc: 0.9253, valid loss: 0.30196220, test acc: 0.9319, test loss: 0.27220983
[2026-06-26 11:14:18,325][root][INFO] - Test leaf std: 0.14118309319019318, Val leaf std: 0.1410341113805771
[2026-06-26 11:14:19,521][root][INFO] - FINAL TEST | acc: 0.9405, loss: 0.2192, 
[2026-06-26 11:14:19,601][root][INFO] - reg loss: 4.465299862735677, entropy loss: 0.18972035384965394, leaf dev: 0.12607644498348236
[2026-06-26 11:14:19,602][root][INFO] - Val leaf stats: tensor([0.0000e+00, 8.8500e-02, 4.1517e-01, 3.2617e-01, 9.2167e-02, 0.0000e+00,
        1.3333e-03, 0.0000e+00, 0.0000e+00, 0.0000e+00, 0.0000e+00, 0.0000e+00,
        0.0000e+00, 0.0000e+00, 1.6667e-04, 7.6500e-02])
[2026-06-26 11:14:19,737][root][INFO] - MLFlow run ID: a1908d30d36d486e8b5075b297b4495a, status: FINISHED
[2026-06-26 11:14:20,211][root][INFO] - Epoch: 49 | train acc: 0.9556, train loss: 16.91024122, valid acc: 0.9370, valid loss: 0.27971576, test acc: 0.9357, test loss: 0.26890611
[2026-06-26 11:14:21,213][root][INFO] - Val leaf stats: tensor([0.0000e+00, 3.3333e-04, 9.9833e-01, 1.3333e-03, 0.0000e+00, 0.0000e+00,
        0.0000e+00, 0.0000e+00, 0.0000e+00, 0.0000e+00, 0.0000e+00, 0.0000e+00,
        0.0000e+00, 0.0000e+00, 0.0000e+00, 0.0000e+00])
[2026-06-26 11:14:21,942][root][INFO] - Test leaf std: 0.08119362592697144, Val leaf std: 0.07921681553125381
[2026-06-26 11:14:22,376][root][INFO] - reg loss: 4.7656810373630165, entropy loss: 0.18264780952683035, leaf dev: 0.13547804951667786
[2026-06-26 11:14:22,377][root][INFO] - Val leaf stats: tensor([0.0000e+00, 0.0000e+00, 1.1667e-03, 0.0000e+00, 0.0000e+00, 0.0000e+00,
        2.6017e-01, 3.6567e-01, 0.0000e+00, 3.6933e-01, 2.5000e-03, 1.6667e-04,
        1.0000e-03, 0.0000e+00, 0.0000e+00, 0.0000e+00])
[2026-06-26 11:14:23,686][root][INFO] - FINAL TEST | acc: 0.9616, loss: 0.1412, 
[2026-06-26 11:14:24,014][root][INFO] - MLFlow run ID: 6ab32ac9ed2e4f3a88341febe37f8da6, status: FINISHED
[2026-06-26 11:14:24,336][root][INFO] - FINAL TEST | acc: 0.9294, loss: 0.2558, 
[2026-06-26 11:14:24,383][root][INFO] - Val leaf stats: tensor([0.0000e+00, 8.8500e-02, 4.1517e-01, 3.2617e-01, 9.2167e-02, 0.0000e+00,
        1.3333e-03, 0.0000e+00, 0.0000e+00, 0.0000e+00, 0.0000e+00, 0.0000e+00,
        0.0000e+00, 0.0000e+00, 1.6667e-04, 7.6500e-02])
[2026-06-26 11:14:24,551][root][INFO] - MLFlow run ID: f27e9d443ed44e4081c558c830591df4, status: FINISHED
[2026-06-26 11:14:25,052][root][INFO] - reg loss: 4.187487048922844, entropy loss: 0.1347802166106566, leaf dev: 0.22114057838916779
[2026-06-26 11:14:25,053][root][INFO] - Val leaf stats: tensor([0.0000, 0.0000, 0.0000, 0.0000, 0.0000, 0.0000, 0.0000, 0.0000, 0.0117,
        0.8880, 0.0847, 0.0017, 0.0000, 0.0000, 0.0000, 0.0140])
[2026-06-26 11:14:27,008][root][INFO] - Val leaf stats: tensor([0.0000e+00, 0.0000e+00, 1.1667e-03, 0.0000e+00, 0.0000e+00, 0.0000e+00,
        2.6017e-01, 3.6567e-01, 0.0000e+00, 3.6933e-01, 2.5000e-03, 1.6667e-04,
        1.0000e-03, 0.0000e+00, 0.0000e+00, 0.0000e+00])
[2026-06-26 11:14:27,119][root][INFO] - Test leaf std: 0.24954703450202942, Val leaf std: 0.2495557814836502
[2026-06-26 11:14:28,525][root][INFO] - FINAL TEST | acc: 0.9488, loss: 0.1850, 
[2026-06-26 11:14:28,781][root][INFO] - MLFlow run ID: 19be3a15856c4180bdbe011e70f109c5, status: FINISHED
[2026-06-26 11:14:29,254][root][INFO] - Val leaf stats: tensor([0.0000, 0.0000, 0.0000, 0.0000, 0.0000, 0.0000, 0.0000, 0.0000, 0.0117,
        0.8880, 0.0847, 0.0017, 0.0000, 0.0000, 0.0000, 0.0140])
[2026-06-26 11:14:29,298][root][INFO] - Epoch: 49 | train acc: 0.9783, train loss: 4.18428629, valid acc: 0.9502, valid loss: 0.20422464, test acc: 0.9591, test loss: 0.15716826
[2026-06-26 11:14:30,604][root][INFO] - Test leaf std: 0.12790058553218842, Val leaf std: 0.12607644498348236
[2026-06-26 11:14:31,481][root][INFO] - Epoch: 49 | train acc: 0.9737, train loss: 2.17900852, valid acc: 0.9572, valid loss: 0.16315442, test acc: 0.9562, test loss: 0.16116191
[2026-06-26 11:14:31,657][root][INFO] - Epoch: 49 | train acc: 0.9699, train loss: 16.13852033, valid acc: 0.9442, valid loss: 0.22180534, test acc: 0.9539, test loss: 0.17152762
[2026-06-26 11:14:32,139][root][INFO] - Epoch: 49 | train acc: 0.9833, train loss: 2.25008718, valid acc: 0.9553, valid loss: 0.17436243, test acc: 0.9579, test loss: 0.14921943
[2026-06-26 11:14:32,289][root][INFO] - Epoch: 49 | train acc: 0.9764, train loss: 0.08054637, valid acc: 0.9477, valid loss: 0.19267829, test acc: 0.9510, test loss: 0.18235188
[2026-06-26 11:14:33,235][root][INFO] - Test leaf std: 0.1351805180311203, Val leaf std: 0.13547804951667786
[2026-06-26 11:14:33,565][root][INFO] - FINAL TEST | acc: 0.9529, loss: 0.2483, 
[2026-06-26 11:14:33,847][root][INFO] - MLFlow run ID: ef8fd05cea8d4df3aa041666c8747073, status: FINISHED
[2026-06-26 11:14:34,656][root][INFO] - reg loss: 4.108218247035764, entropy loss: 0.2145606850115758, leaf dev: 0.21201491355895996
[2026-06-26 11:14:34,657][root][INFO] - Val leaf stats: tensor([0.0000, 0.0503, 0.8540, 0.0350, 0.0607, 0.0000, 0.0000, 0.0000, 0.0000,
        0.0000, 0.0000, 0.0000, 0.0000, 0.0000, 0.0000, 0.0000])
[2026-06-26 11:14:35,218][root][INFO] - Test leaf std: 0.22170419991016388, Val leaf std: 0.22114057838916779
[2026-06-26 11:14:35,302][root][INFO] - Epoch: 49 | train acc: 0.9628, train loss: 4.62260990, valid acc: 0.9433, valid loss: 0.21344860, test acc: 0.9414, test loss: 0.21955021
[2026-06-26 11:14:36,049][root][INFO] - reg loss: 4.175541648324931, entropy loss: 0.1080300048837122, leaf dev: 0.1964482218027115
[2026-06-26 11:14:36,049][root][INFO] - Val leaf stats: tensor([0.0000e+00, 0.0000e+00, 0.0000e+00, 0.0000e+00, 0.0000e+00, 0.0000e+00,
        0.0000e+00, 2.3317e-01, 0.0000e+00, 7.6617e-01, 0.0000e+00, 0.0000e+00,
        0.0000e+00, 0.0000e+00, 0.0000e+00, 6.6667e-04])
[2026-06-26 11:14:36,481][root][INFO] - reg loss: 4.009065335651614, entropy loss: 0.2096498691529598, leaf dev: 0.2494671791791916
[2026-06-26 11:14:36,482][root][INFO] - Val leaf stats: tensor([0.0000, 0.0000, 0.9980, 0.0020, 0.0000, 0.0000, 0.0000, 0.0000, 0.0000,
        0.0000, 0.0000, 0.0000, 0.0000, 0.0000, 0.0000, 0.0000])
[2026-06-26 11:14:36,688][root][INFO] - FINAL TEST | acc: 0.9431, loss: 0.2144, 
[2026-06-26 11:14:36,818][root][INFO] - reg loss: 4.371057123508093, entropy loss: 0.215733399368682, leaf dev: 0.17197853326797485
[2026-06-26 11:14:36,819][root][INFO] - Val leaf stats: tensor([0.0017, 0.1150, 0.6730, 0.0067, 0.1998, 0.0038, 0.0000, 0.0000, 0.0000,
        0.0000, 0.0000, 0.0000, 0.0000, 0.0000, 0.0000, 0.0000])
[2026-06-26 11:14:36,883][root][INFO] - reg loss: 5.919196911577909, entropy loss: 0.23404136075163787, leaf dev: 0.06581311672925949
[2026-06-26 11:14:36,884][root][INFO] - Val leaf stats: tensor([0.0023, 0.0000, 0.0390, 0.0052, 0.0000, 0.0000, 0.0757, 0.0145, 0.1923,
        0.1308, 0.1343, 0.1365, 0.0362, 0.0978, 0.0000, 0.1353])
