[2026-06-26 01:17:50,275][root][INFO] - Feature size: (13, 61)
[2026-06-26 01:17:54,363][root][INFO] - MLFlow server is starting on LOCAL with experiment STM_SC_hard_seeded...
[2026-06-26 01:17:54,447][root][INFO] - MLFlow run ID: 2105b83086c841dfbf258e9a6ecf762c, status: RUNNING
[2026-06-26 01:17:54,505][root][INFO] - Starting experiment IATrain...
[2026-06-26 01:17:55,971][root][INFO] - Feature size: (13, 61)
[2026-06-26 01:17:55,979][root][INFO] - Feature size: (13, 61)
[2026-06-26 01:17:59,697][root][INFO] - MLFlow server is starting on LOCAL with experiment STM_SC_hard_seeded...
[2026-06-26 01:17:59,728][root][INFO] - MLFlow server is starting on LOCAL with experiment STM_SC_hard_seeded...
[2026-06-26 01:17:59,764][root][INFO] - MLFlow run ID: a257d59d43844b539a12752d0c8a267a, status: RUNNING
[2026-06-26 01:17:59,782][root][INFO] - MLFlow run ID: a0666acd85f74d39b4a71491fed53b27, status: RUNNING
[2026-06-26 01:17:59,828][root][INFO] - Starting experiment IATrain...
[2026-06-26 01:17:59,851][root][INFO] - Starting experiment IATrain...
[2026-06-26 01:18:12,198][root][INFO] - Epoch: 0 | train acc: 0.1423, train loss: 2.47475654, valid acc: 0.1774, valid loss: 2.18059771, test acc: 0.1843, test loss: 2.14022683
[2026-06-26 01:18:16,329][root][INFO] - reg loss: 5.093128243430716, entropy loss: 0.13252412894221602, leaf dev: 0.0918084979057312
[2026-06-26 01:18:16,331][root][INFO] - Val leaf stats: tensor([5.4010e-03, 3.2136e-01, 1.8472e-01, 2.9166e-02, 5.4010e-04, 1.8904e-03,
        1.6473e-02, 6.3192e-02, 1.6176e-01, 2.1604e-03, 1.0505e-01, 1.2152e-02,
        9.5058e-02, 8.1015e-04, 2.7005e-04, 0.0000e+00])
[2026-06-26 01:18:27,743][root][INFO] - Epoch: 0 | train acc: 0.1429, train loss: 2.56138425, valid acc: 0.1661, valid loss: 2.20225254, test acc: 0.1767, test loss: 2.18026862
[2026-06-26 01:18:28,905][root][INFO] - Epoch: 0 | train acc: 0.1446, train loss: 2.71996628, valid acc: 0.2058, valid loss: 2.19712773, test acc: 0.1934, test loss: 2.18491119
[2026-06-26 01:18:31,787][root][INFO] - reg loss: 4.764842009935223, entropy loss: 0.11569851478103732, leaf dev: 0.14300042390823364
[2026-06-26 01:18:31,789][root][INFO] - Val leaf stats: tensor([0.0005, 0.0254, 0.0116, 0.0030, 0.0005, 0.0008, 0.0019, 0.0270, 0.0311,
        0.0000, 0.5271, 0.0022, 0.2944, 0.0362, 0.0097, 0.0286])
[2026-06-26 01:18:32,936][root][INFO] - reg loss: 4.883529694353948, entropy loss: 0.09823101105504349, leaf dev: 0.1538597047328949
[2026-06-26 01:18:32,938][root][INFO] - Val leaf stats: tensor([4.3208e-03, 3.5107e-03, 1.3503e-02, 1.6203e-03, 1.0802e-03, 4.3208e-03,
        6.2112e-03, 8.1015e-04, 1.3503e-02, 8.0475e-02, 5.8196e-01, 2.6762e-01,
        2.7005e-04, 5.4010e-04, 1.3503e-03, 1.8904e-02])
[2026-06-26 01:18:41,667][root][INFO] - Epoch: 1 | train acc: 0.2543, train loss: 2.09874763, valid acc: 0.3308, valid loss: 1.89424410, test acc: 0.3324, test loss: 1.88612132
[2026-06-26 01:18:46,154][root][INFO] - reg loss: 4.712011251293245, entropy loss: 0.08905945461793024, leaf dev: 0.12554097175598145
[2026-06-26 01:18:46,155][root][INFO] - Val leaf stats: tensor([0.0005, 0.4885, 0.0270, 0.0076, 0.0005, 0.0068, 0.0181, 0.0100, 0.0140,
        0.0130, 0.1742, 0.0267, 0.1564, 0.0559, 0.0008, 0.0000])
[2026-06-26 01:19:00,078][root][INFO] - Epoch: 1 | train acc: 0.2126, train loss: 2.27871427, valid acc: 0.2414, valid loss: 2.08379094, test acc: 0.2356, test loss: 2.06488603
[2026-06-26 01:19:01,214][root][INFO] - Epoch: 1 | train acc: 0.2411, train loss: 2.28203924, valid acc: 0.2647, valid loss: 2.05660670, test acc: 0.2742, test loss: 2.01240294
[2026-06-26 01:19:03,840][root][INFO] - reg loss: 4.622646863343285, entropy loss: 0.07990558543166176, leaf dev: 0.11636753380298615
[2026-06-26 01:19:03,842][root][INFO] - Val leaf stats: tensor([0.0005, 0.0257, 0.0986, 0.0078, 0.0000, 0.0000, 0.0019, 0.0683, 0.0035,
        0.0000, 0.3079, 0.0016, 0.3883, 0.0643, 0.0278, 0.0038])
[2026-06-26 01:19:05,106][root][INFO] - reg loss: 4.498333837165207, entropy loss: 0.05306802806062776, leaf dev: 0.10323327779769897
[2026-06-26 01:19:05,108][root][INFO] - Val leaf stats: tensor([1.8904e-03, 9.9919e-03, 2.7005e-04, 1.0802e-03, 2.9706e-03, 2.9706e-03,
        0.0000e+00, 5.4010e-04, 3.4567e-02, 2.6357e-01, 2.3359e-01, 2.8760e-01,
        1.8904e-03, 1.8904e-03, 4.7529e-02, 1.0964e-01])
[2026-06-26 01:19:12,165][root][INFO] - Epoch: 2 | train acc: 0.3524, train loss: 1.87792478, valid acc: 0.3740, valid loss: 1.78402202, test acc: 0.3660, test loss: 1.78728494
[2026-06-26 01:19:16,574][root][INFO] - reg loss: 4.524469406878362, entropy loss: 0.07294032515072432, leaf dev: 0.13610735535621643
[2026-06-26 01:19:16,576][root][INFO] - Val leaf stats: tensor([2.7005e-04, 5.1796e-01, 7.2914e-03, 4.3208e-03, 2.0254e-02, 8.1015e-04,
        0.0000e+00, 5.4010e-04, 1.4043e-02, 6.4812e-03, 1.9417e-01, 2.9706e-03,
        1.7526e-01, 5.4280e-02, 0.0000e+00, 1.3503e-03])
[2026-06-26 01:19:32,861][root][INFO] - Epoch: 2 | train acc: 0.2737, train loss: 2.09477150, valid acc: 0.2876, valid loss: 1.98196521, test acc: 0.2916, test loss: 1.92094064
[2026-06-26 01:19:33,153][root][INFO] - Epoch: 2 | train acc: 0.2949, train loss: 2.12924563, valid acc: 0.3060, valid loss: 1.92306082, test acc: 0.3012, test loss: 1.92304814
[2026-06-26 01:19:36,199][root][INFO] - reg loss: 4.492336343546382, entropy loss: 0.05845815218130096, leaf dev: 0.1019650250673294
[2026-06-26 01:19:36,200][root][INFO] - Val leaf stats: tensor([2.7005e-04, 2.3224e-02, 4.3208e-02, 7.2914e-03, 0.0000e+00, 1.3503e-03,
        2.4305e-03, 2.0794e-02, 2.4305e-03, 2.7005e-04, 3.0651e-01, 8.1015e-04,
        2.2252e-01, 2.3765e-01, 1.2476e-01, 6.4812e-03])
[2026-06-26 01:19:37,132][root][INFO] - reg loss: 4.4928551580085125, entropy loss: 0.051333307487065674, leaf dev: 0.09028451889753342
[2026-06-26 01:19:37,134][root][INFO] - Val leaf stats: tensor([0.0143, 0.0435, 0.0354, 0.0041, 0.0024, 0.0022, 0.0005, 0.0005, 0.0456,
        0.1504, 0.2109, 0.3003, 0.0097, 0.0005, 0.0359, 0.1437])
[2026-06-26 01:19:42,445][root][INFO] - Epoch: 3 | train acc: 0.3780, train loss: 1.78481458, valid acc: 0.3470, valid loss: 1.83707467, test acc: 0.3505, test loss: 1.82223648
[2026-06-26 01:19:46,869][root][INFO] - reg loss: 4.353173928182633, entropy loss: 0.05712305888777874, leaf dev: 0.11687002331018448
[2026-06-26 01:19:46,871][root][INFO] - Val leaf stats: tensor([1.3503e-03, 4.1426e-01, 2.4197e-01, 1.5123e-02, 1.7553e-02, 8.1015e-04,
        0.0000e+00, 2.7005e-04, 1.0802e-03, 8.1015e-04, 1.1693e-01, 3.5107e-03,
        1.4664e-01, 3.8617e-02, 5.4010e-04, 5.4010e-04])
[2026-06-26 01:20:04,601][root][INFO] - Epoch: 3 | train acc: 0.3244, train loss: 2.02846377, valid acc: 0.3173, valid loss: 1.84906773, test acc: 0.3186, test loss: 1.84801312
[2026-06-26 01:20:05,366][root][INFO] - Epoch: 3 | train acc: 0.2926, train loss: 2.00521573, valid acc: 0.3089, valid loss: 1.97806084, test acc: 0.3014, test loss: 1.86380130
[2026-06-26 01:20:08,397][root][INFO] - reg loss: 4.458914100146685, entropy loss: 0.04879726664941819, leaf dev: 0.11608429253101349
[2026-06-26 01:20:08,398][root][INFO] - Val leaf stats: tensor([0.0116, 0.0192, 0.0122, 0.0065, 0.0014, 0.0062, 0.0008, 0.0005, 0.0321,
        0.0837, 0.0308, 0.2182, 0.0888, 0.0008, 0.0427, 0.4445])
[2026-06-26 01:20:08,918][root][INFO] - reg loss: 4.452327587565438, entropy loss: 0.04740308829751171, leaf dev: 0.11575857549905777
[2026-06-26 01:20:08,920][root][INFO] - Val leaf stats: tensor([2.4305e-03, 4.8609e-03, 5.2930e-02, 4.3208e-03, 1.8904e-03, 8.1015e-04,
        0.0000e+00, 9.7218e-03, 8.1015e-04, 2.7005e-04, 2.0605e-01, 1.0802e-03,
        2.5844e-01, 3.8320e-01, 6.6433e-02, 6.7513e-03])
[2026-06-26 01:20:14,974][root][INFO] - Epoch: 4 | train acc: 0.4015, train loss: 1.72231303, valid acc: 0.4089, valid loss: 1.65998083, test acc: 0.3947, test loss: 1.69030736
[2026-06-26 01:20:19,416][root][INFO] - reg loss: 4.370911707643603, entropy loss: 0.0554013161263505, leaf dev: 0.15559783577919006
[2026-06-26 01:20:19,417][root][INFO] - Val leaf stats: tensor([3.2676e-02, 6.3138e-01, 3.5917e-02, 1.3233e-02, 1.5393e-02, 8.1015e-04,
        0.0000e+00, 0.0000e+00, 8.1015e-04, 2.7005e-04, 7.5344e-02, 3.5107e-03,
        1.1639e-01, 7.0753e-02, 1.6203e-03, 1.8904e-03])
[2026-06-26 01:20:34,606][root][INFO] - Epoch: 4 | train acc: 0.3247, train loss: 1.96426936, valid acc: 0.3106, valid loss: 1.77363288, test acc: 0.3220, test loss: 1.78367612
[2026-06-26 01:20:36,426][root][INFO] - Epoch: 4 | train acc: 0.3096, train loss: 1.91608176, valid acc: 0.3035, valid loss: 1.94101384, test acc: 0.3085, test loss: 1.83990287
[2026-06-26 01:20:37,662][root][INFO] - reg loss: 4.442461232670018, entropy loss: 0.04999985661907274, leaf dev: 0.09401918202638626
[2026-06-26 01:20:37,663][root][INFO] - Val leaf stats: tensor([0.0100, 0.0294, 0.0103, 0.0022, 0.0019, 0.0065, 0.0005, 0.0005, 0.0500,
        0.0497, 0.0813, 0.2339, 0.2349, 0.0173, 0.0030, 0.2687])
[2026-06-26 01:20:39,913][root][INFO] - reg loss: 4.414733276992548, entropy loss: 0.041687403362794, leaf dev: 0.10667302459478378
[2026-06-26 01:20:39,913][root][INFO] - Val leaf stats: tensor([8.1015e-04, 7.5614e-03, 5.2390e-02, 2.0524e-02, 1.6203e-03, 1.8904e-03,
        2.7005e-04, 2.5925e-02, 2.7005e-04, 2.7005e-04, 3.5107e-01, 1.9714e-02,
        2.0362e-01, 2.4440e-01, 6.6703e-02, 2.9706e-03])
[2026-06-26 01:20:44,189][root][INFO] - Epoch: 5 | train acc: 0.4131, train loss: 1.65782746, valid acc: 0.4097, valid loss: 1.64476181, test acc: 0.4016, test loss: 1.65199520
[2026-06-26 01:20:48,421][root][INFO] - reg loss: 4.375385331325844, entropy loss: 0.05036709078999817, leaf dev: 0.13309338688850403
[2026-06-26 01:20:48,422][root][INFO] - Val leaf stats: tensor([3.9157e-02, 5.3146e-01, 6.3192e-02, 1.7553e-02, 1.0532e-02, 1.8904e-03,
        2.7005e-04, 2.7005e-04, 6.2112e-03, 5.4010e-04, 1.3287e-01, 4.8609e-03,
        1.3989e-01, 5.0230e-02, 8.1015e-04, 2.7005e-04])
[2026-06-26 01:21:03,361][root][INFO] - Epoch: 5 | train acc: 0.3570, train loss: 1.91282066, valid acc: 0.3608, valid loss: 1.77912736, test acc: 0.3702, test loss: 1.76014194
[2026-06-26 01:21:06,506][root][INFO] - Epoch: 5 | train acc: 0.3111, train loss: 1.90666230, valid acc: 0.3254, valid loss: 1.85838251, test acc: 0.3272, test loss: 1.82938285
[2026-06-26 01:21:06,579][root][INFO] - reg loss: 4.38705111331627, entropy loss: 0.04621196916845978, leaf dev: 0.1406794637441635
[2026-06-26 01:21:06,580][root][INFO] - Val leaf stats: tensor([4.8069e-02, 3.1326e-02, 1.8363e-02, 1.8904e-03, 2.4305e-03, 9.4518e-03,
        5.4010e-04, 8.1015e-04, 5.4010e-03, 3.0246e-02, 4.0508e-03, 6.2382e-02,
        2.3629e-01, 2.9706e-03, 2.7005e-03, 5.4307e-01])
[2026-06-26 01:21:10,075][root][INFO] - reg loss: 4.386749064336057, entropy loss: 0.03889903627702447, leaf dev: 0.10733956098556519
[2026-06-26 01:21:10,076][root][INFO] - Val leaf stats: tensor([5.4010e-04, 3.4297e-02, 3.4567e-02, 2.1604e-02, 8.1015e-04, 2.7005e-04,
        0.0000e+00, 1.1072e-02, 2.7005e-04, 2.7005e-04, 2.1307e-01, 9.9919e-03,
        3.1542e-01, 5.4010e-02, 2.9031e-01, 1.3503e-02])
[2026-06-26 01:21:14,323][root][INFO] - Epoch: 6 | train acc: 0.4402, train loss: 1.57049316, valid acc: 0.4116, valid loss: 1.63445872, test acc: 0.3984, test loss: 1.66641322
[2026-06-26 01:21:18,357][root][INFO] - reg loss: 4.366950527566378, entropy loss: 0.047996069930615975, leaf dev: 0.1072860062122345
[2026-06-26 01:21:18,359][root][INFO] - Val leaf stats: tensor([6.3192e-02, 3.8563e-01, 7.3184e-02, 8.9117e-03, 0.0000e+00, 5.4010e-04,
        2.7005e-04, 2.1604e-03, 2.1604e-03, 8.1015e-04, 2.1334e-01, 8.9117e-03,
        1.5960e-01, 7.6965e-02, 8.1015e-04, 3.5107e-03])
[2026-06-26 01:21:32,821][root][INFO] - Epoch: 6 | train acc: 0.4009, train loss: 1.78153802, valid acc: 0.3924, valid loss: 1.63743280, test acc: 0.4043, test loss: 1.63393170
[2026-06-26 01:21:36,466][root][INFO] - reg loss: 4.3290470232729055, entropy loss: 0.04127794992728311, leaf dev: 0.134920135140419
[2026-06-26 01:21:36,467][root][INFO] - Val leaf stats: tensor([8.1826e-02, 3.5377e-02, 1.3503e-02, 6.2112e-03, 1.3503e-03, 7.0213e-03,
        5.4010e-04, 5.4010e-04, 1.0802e-02, 5.5901e-02, 9.4518e-03, 1.2692e-01,
        1.0154e-01, 1.0802e-03, 2.4305e-03, 5.4550e-01])
[2026-06-26 01:21:36,910][root][INFO] - Epoch: 6 | train acc: 0.3527, train loss: 1.85279523, valid acc: 0.3443, valid loss: 1.88082971, test acc: 0.3522, test loss: 1.85343938
[2026-06-26 01:21:40,422][root][INFO] - reg loss: 4.356441841750849, entropy loss: 0.0365118177332839, leaf dev: 0.13770201802253723
[2026-06-26 01:21:40,423][root][INFO] - Val leaf stats: tensor([1.0802e-03, 3.9157e-02, 3.4297e-02, 3.9427e-02, 2.7005e-04, 2.7005e-04,
        0.0000e+00, 1.4043e-02, 8.1015e-04, 2.7005e-04, 5.2066e-01, 3.2406e-03,
        7.6425e-02, 1.0532e-02, 2.5574e-01, 3.7807e-03])
[2026-06-26 01:21:42,761][root][INFO] - Epoch: 7 | train acc: 0.3953, train loss: 1.68952351, valid acc: 0.3940, valid loss: 1.66803548, test acc: 0.3780, test loss: 1.68973775
[2026-06-26 01:21:47,369][root][INFO] - reg loss: 4.354713697902492, entropy loss: 0.048366458811720865, leaf dev: 0.10615423321723938
[2026-06-26 01:21:47,370][root][INFO] - Val leaf stats: tensor([2.0254e-02, 2.9841e-01, 3.4297e-02, 1.3233e-02, 9.4518e-03, 0.0000e+00,
        2.7005e-04, 1.3503e-03, 7.8315e-03, 4.3208e-03, 2.2900e-01, 2.5115e-02,
        2.8814e-01, 6.6703e-02, 1.0802e-03, 5.4010e-04])
[2026-06-26 01:22:04,466][root][INFO] - Epoch: 7 | train acc: 0.4284, train loss: 1.69640865, valid acc: 0.4186, valid loss: 1.61238746, test acc: 0.4185, test loss: 1.59655161
[2026-06-26 01:22:08,638][root][INFO] - reg loss: 4.326868002531959, entropy loss: 0.04046239410756064, leaf dev: 0.13850800693035126
[2026-06-26 01:22:08,639][root][INFO] - Val leaf stats: tensor([4.4558e-02, 2.2684e-02, 1.0802e-03, 5.4010e-03, 5.4010e-04, 3.2406e-03,
        5.4010e-04, 8.1015e-04, 2.0254e-02, 6.1302e-02, 1.2422e-02, 1.4556e-01,
        1.2422e-01, 1.8904e-03, 1.6203e-03, 5.5388e-01])
[2026-06-26 01:22:08,681][root][INFO] - Epoch: 7 | train acc: 0.3695, train loss: 1.82777916, valid acc: 0.3802, valid loss: 1.77354018, test acc: 0.3903, test loss: 1.73054264
[2026-06-26 01:22:12,684][root][INFO] - Epoch: 8 | train acc: 0.3828, train loss: 1.69716392, valid acc: 0.3454, valid loss: 1.78242533, test acc: 0.3370, test loss: 1.75574420
[2026-06-26 01:22:12,933][root][INFO] - reg loss: 4.300178426210998, entropy loss: 0.03623193734493412, leaf dev: 0.1107146292924881
[2026-06-26 01:22:12,934][root][INFO] - Val leaf stats: tensor([1.3503e-03, 4.1858e-02, 4.5369e-02, 1.0856e-01, 5.4010e-04, 2.7005e-04,
        0.0000e+00, 2.5115e-02, 5.4010e-04, 2.7005e-04, 2.5817e-01, 5.6711e-03,
        7.8855e-02, 1.8093e-02, 3.9563e-01, 1.9714e-02])
[2026-06-26 01:22:16,656][root][INFO] - reg loss: 4.324565144835925, entropy loss: 0.04698142684141143, leaf dev: 0.09198477864265442
[2026-06-26 01:22:16,658][root][INFO] - Val leaf stats: tensor([3.1947e-01, 1.0343e-01, 3.8347e-02, 1.4583e-02, 8.3716e-03, 0.0000e+00,
        2.7005e-04, 1.3503e-03, 6.7513e-03, 5.9411e-03, 1.5096e-01, 4.0508e-02,
        1.9687e-01, 1.0775e-01, 5.1310e-03, 2.7005e-04])
[2026-06-26 01:22:37,294][root][INFO] - Epoch: 8 | train acc: 0.4459, train loss: 1.63661240, valid acc: 0.4515, valid loss: 1.52831306, test acc: 0.4543, test loss: 1.52473873
[2026-06-26 01:22:40,862][root][INFO] - Epoch: 8 | train acc: 0.4019, train loss: 1.72903713, valid acc: 0.3975, valid loss: 1.71403870, test acc: 0.4175, test loss: 1.66044835
[2026-06-26 01:22:41,228][root][INFO] - reg loss: 4.257413879769747, entropy loss: 0.03822998891844124, leaf dev: 0.12869460880756378
[2026-06-26 01:22:41,229][root][INFO] - Val leaf stats: tensor([0.0826, 0.0238, 0.0005, 0.0041, 0.0000, 0.0011, 0.0019, 0.0008, 0.0208,
        0.0643, 0.0100, 0.1377, 0.1372, 0.0014, 0.0030, 0.5109])
[2026-06-26 01:22:44,723][root][INFO] - Epoch: 9 | train acc: 0.4170, train loss: 1.60278495, valid acc: 0.4359, valid loss: 1.61159381, test acc: 0.4305, test loss: 1.58226925
[2026-06-26 01:22:45,127][root][INFO] - reg loss: 4.329167381661837, entropy loss: 0.036762236632773136, leaf dev: 0.1076035276055336
[2026-06-26 01:22:45,128][root][INFO] - Val leaf stats: tensor([1.3503e-03, 4.9419e-02, 4.1318e-02, 4.6719e-02, 2.7005e-04, 2.7005e-04,
        5.4010e-04, 2.1874e-02, 2.7005e-04, 5.4010e-04, 3.5026e-01, 5.4010e-03,
        1.0532e-01, 5.4010e-02, 3.0381e-01, 1.8634e-02])
[2026-06-26 01:22:49,080][root][INFO] - reg loss: 4.283382212529417, entropy loss: 0.042392072008281455, leaf dev: 0.10586603730916977
[2026-06-26 01:22:49,086][root][INFO] - Val leaf stats: tensor([9.1817e-02, 3.4432e-01, 1.5663e-02, 1.1612e-02, 8.1015e-03, 0.0000e+00,
        2.7005e-04, 1.0802e-03, 5.4010e-04, 5.4010e-04, 1.9174e-01, 1.1612e-02,
        2.4683e-01, 7.3184e-02, 2.4305e-03, 2.7005e-04])
[2026-06-26 01:23:09,455][root][INFO] - Epoch: 9 | train acc: 0.4724, train loss: 1.58074192, valid acc: 0.4437, valid loss: 1.51985593, test acc: 0.4467, test loss: 1.51091398
[2026-06-26 01:23:12,304][root][INFO] - Epoch: 9 | train acc: 0.4109, train loss: 1.67268727, valid acc: 0.3956, valid loss: 1.68164533, test acc: 0.4089, test loss: 1.64109204
[2026-06-26 01:23:12,943][root][INFO] - reg loss: 4.248836517333984, entropy loss: 0.037860751701671566, leaf dev: 0.14702501893043518
[2026-06-26 01:23:12,944][root][INFO] - Val leaf stats: tensor([9.7218e-02, 2.9976e-02, 8.1015e-04, 3.2406e-03, 0.0000e+00, 1.0802e-03,
        2.1604e-03, 5.4010e-04, 1.9174e-02, 6.1572e-02, 4.0508e-03, 7.1294e-02,
        1.0748e-01, 0.0000e+00, 5.1310e-03, 5.9627e-01])
[2026-06-26 01:23:14,910][root][INFO] - Epoch: 10 | train acc: 0.4581, train loss: 1.51703054, valid acc: 0.4234, valid loss: 1.58251836, test acc: 0.4075, test loss: 1.61487952
[2026-06-26 01:23:16,068][root][INFO] - reg loss: 4.357609897363381, entropy loss: 0.03671289296423803, leaf dev: 0.1017773225903511
[2026-06-26 01:23:16,069][root][INFO] - Val leaf stats: tensor([5.6711e-03, 5.9411e-02, 4.3208e-02, 7.1834e-02, 0.0000e+00, 5.4010e-04,
        2.7005e-04, 2.7545e-02, 5.4010e-04, 5.4010e-04, 2.9085e-01, 4.5909e-03,
        9.5328e-02, 6.6703e-02, 3.2919e-01, 3.7807e-03])
[2026-06-26 01:23:19,064][root][INFO] - reg loss: 4.254704326879783, entropy loss: 0.03928023216421487, leaf dev: 0.1010451465845108
[2026-06-26 01:23:19,065][root][INFO] - Val leaf stats: tensor([6.4542e-02, 2.5817e-01, 1.8363e-02, 9.9919e-03, 8.9117e-03, 0.0000e+00,
        2.7005e-04, 1.0802e-03, 2.1604e-03, 3.2406e-03, 2.9598e-01, 2.1874e-02,
        2.1577e-01, 9.8299e-02, 1.3503e-03, 0.0000e+00])
[2026-06-26 01:23:40,734][root][INFO] - Epoch: 10 | train acc: 0.4809, train loss: 1.55992130, valid acc: 0.4631, valid loss: 1.46498502, test acc: 0.4683, test loss: 1.48315163
[2026-06-26 01:23:44,409][root][INFO] - reg loss: 4.263993630643751, entropy loss: 0.03422125404486891, leaf dev: 0.09944485872983932
[2026-06-26 01:23:44,410][root][INFO] - Val leaf stats: tensor([1.8012e-01, 3.6727e-02, 2.7005e-04, 2.4305e-03, 2.7005e-04, 1.8904e-03,
        1.8904e-03, 5.4010e-04, 3.5647e-02, 1.2368e-01, 7.5614e-03, 2.8463e-01,
        3.6727e-02, 0.0000e+00, 8.3716e-03, 2.7923e-01])
[2026-06-26 01:23:44,843][root][INFO] - Epoch: 10 | train acc: 0.4181, train loss: 1.63594771, valid acc: 0.4202, valid loss: 1.58239332, test acc: 0.4266, test loss: 1.59274143
[2026-06-26 01:23:45,030][root][INFO] - Epoch: 11 | train acc: 0.4122, train loss: 1.61200616, valid acc: 0.3943, valid loss: 1.70444174, test acc: 0.3910, test loss: 1.68358936
[2026-06-26 01:23:49,028][root][INFO] - reg loss: 4.351686727805216, entropy loss: 0.03587458386528687, leaf dev: 0.10353317111730576
[2026-06-26 01:23:49,029][root][INFO] - Val leaf stats: tensor([0.0041, 0.1026, 0.0481, 0.1123, 0.0011, 0.0005, 0.0005, 0.0367, 0.0005,
        0.0014, 0.1990, 0.0019, 0.0362, 0.0564, 0.3902, 0.0084])
[2026-06-26 01:23:49,400][root][INFO] - reg loss: 4.251427071993469, entropy loss: 0.03931134548343596, leaf dev: 0.09831840544939041
[2026-06-26 01:23:49,401][root][INFO] - Val leaf stats: tensor([2.8598e-01, 1.2233e-01, 1.2692e-02, 1.0532e-02, 8.1015e-03, 0.0000e+00,
        2.7005e-04, 1.0802e-03, 9.1817e-03, 9.1817e-03, 2.1955e-01, 3.5107e-02,
        2.4305e-01, 4.1588e-02, 1.0802e-03, 2.7005e-04])
[2026-06-26 01:23:56,863][root][INFO] - MLFlow server is starting on LOCAL with experiment APL_MS_hard_seeded...
[2026-06-26 01:23:57,007][root][INFO] - MLFlow run ID: 6bce5dfccb1a4543ac49c7f6f2c744ae, status: RUNNING
[2026-06-26 01:23:57,193][root][INFO] - Starting experiment IATrain...
[2026-06-26 01:24:12,230][root][INFO] - Epoch: 11 | train acc: 0.5111, train loss: 1.45686812, valid acc: 0.5171, valid loss: 1.36506453, test acc: 0.5137, test loss: 1.38802978
[2026-06-26 01:24:15,143][root][INFO] - MLFlow server is starting on LOCAL with experiment APL_MS_hard_seeded...
[2026-06-26 01:24:15,216][root][INFO] - MLFlow run ID: 7ae0f88ffec44c77b56415a1bb6aca30, status: RUNNING
[2026-06-26 01:24:15,382][root][INFO] - Starting experiment IATrain...
[2026-06-26 01:24:16,159][root][INFO] - Epoch: 11 | train acc: 0.4072, train loss: 1.67761831, valid acc: 0.4002, valid loss: 1.66482866, test acc: 0.3949, test loss: 1.65737510
[2026-06-26 01:24:16,178][root][INFO] - reg loss: 4.230456195893835, entropy loss: 0.031300132422417894, leaf dev: 0.0969216600060463
[2026-06-26 01:24:16,179][root][INFO] - Val leaf stats: tensor([1.5258e-01, 3.4297e-02, 5.4010e-04, 3.2406e-03, 2.7005e-04, 1.3503e-03,
        1.8904e-03, 5.4010e-04, 2.1334e-02, 1.3179e-01, 5.1850e-02, 2.4791e-01,
        3.6187e-02, 2.7005e-04, 6.7513e-03, 3.0921e-01])
[2026-06-26 01:24:16,885][root][INFO] - Epoch: 12 | train acc: 0.4332, train loss: 1.56913805, valid acc: 0.4107, valid loss: 1.62821198, test acc: 0.4219, test loss: 1.61633187
[2026-06-26 01:24:19,954][root][INFO] - reg loss: 4.371560073289715, entropy loss: 0.03658387565710505, leaf dev: 0.08502348512411118
[2026-06-26 01:24:19,956][root][INFO] - Val leaf stats: tensor([0.0073, 0.1742, 0.0397, 0.1483, 0.0008, 0.0138, 0.0000, 0.0381, 0.0000,
        0.0005, 0.1550, 0.0016, 0.0154, 0.0856, 0.2876, 0.0321])
[2026-06-26 01:24:21,202][root][INFO] - reg loss: 4.239834762010418, entropy loss: 0.03652718956353235, leaf dev: 0.09272126853466034
[2026-06-26 01:24:21,203][root][INFO] - Val leaf stats: tensor([0.2617, 0.2004, 0.0157, 0.0124, 0.0078, 0.0000, 0.0005, 0.0008, 0.0265,
        0.0111, 0.1682, 0.0408, 0.2255, 0.0270, 0.0011, 0.0005])
[2026-06-26 01:24:28,222][root][INFO] - Epoch: 0 | train acc: 0.7769, train loss: 0.65464746, valid acc: 0.8722, valid loss: 0.39355039, test acc: 0.8657, test loss: 0.45439850
[2026-06-26 01:24:30,972][root][INFO] - reg loss: 15.376070537264384, entropy loss: 0.553561245165174, leaf dev: 0.08604928851127625
[2026-06-26 01:24:30,974][root][INFO] - Val leaf stats: tensor([0.2887, 0.0816, 0.1681, 0.0031, 0.0019, 0.0004, 0.0021, 0.0814, 0.0030,
        0.0000, 0.0012, 0.1487, 0.0187, 0.0013, 0.0441, 0.1558])
[2026-06-26 01:24:44,270][root][INFO] - Epoch: 12 | train acc: 0.5293, train loss: 1.40537618, valid acc: 0.4807, valid loss: 1.45243176, test acc: 0.4914, test loss: 1.47164223
[2026-06-26 01:24:47,936][root][INFO] - Epoch: 12 | train acc: 0.4287, train loss: 1.61766923, valid acc: 0.4529, valid loss: 1.55169249, test acc: 0.4369, test loss: 1.56490183
[2026-06-26 01:24:48,160][root][INFO] - reg loss: 4.238331349169622, entropy loss: 0.03031681139083182, leaf dev: 0.0989484116435051
[2026-06-26 01:24:48,161][root][INFO] - Val leaf stats: tensor([1.4556e-01, 3.8347e-02, 5.4010e-04, 3.7807e-03, 2.7005e-04, 1.0802e-03,
        1.8904e-03, 5.4010e-04, 5.1580e-02, 1.4367e-01, 2.7275e-02, 3.4621e-01,
        2.9166e-02, 0.0000e+00, 5.4010e-03, 2.0470e-01])
[2026-06-26 01:24:48,630][root][INFO] - Epoch: 13 | train acc: 0.4638, train loss: 1.49169289, valid acc: 0.4488, valid loss: 1.55548518, test acc: 0.4458, test loss: 1.55156334
[2026-06-26 01:24:48,772][root][INFO] - Epoch: 0 | train acc: 0.7777, train loss: 0.92153172, valid acc: 0.8664, valid loss: 0.42019497, test acc: 0.8726, test loss: 0.40472704
[2026-06-26 01:24:51,282][root][INFO] - reg loss: 16.221488982912096, entropy loss: 0.5477447412001393, leaf dev: 0.06842757761478424
[2026-06-26 01:24:51,283][root][INFO] - Val leaf stats: tensor([0.1238, 0.1779, 0.1981, 0.0023, 0.0033, 0.0025, 0.0245, 0.0570, 0.0080,
        0.0198, 0.0007, 0.0689, 0.0920, 0.0020, 0.0600, 0.1593])
[2026-06-26 01:24:52,072][root][INFO] - reg loss: 4.284026740027255, entropy loss: 0.03172984310105199, leaf dev: 0.1237519159913063
[2026-06-26 01:24:52,073][root][INFO] - Val leaf stats: tensor([0.0043, 0.1242, 0.0348, 0.0770, 0.0000, 0.0113, 0.0005, 0.0173, 0.0000,
        0.0008, 0.1917, 0.0014, 0.0154, 0.0143, 0.4810, 0.0259])
[2026-06-26 01:24:52,404][root][INFO] - reg loss: 4.230775637704818, entropy loss: 0.03461160782541408, leaf dev: 0.09115464240312576
[2026-06-26 01:24:52,405][root][INFO] - Val leaf stats: tensor([0.2212, 0.2436, 0.0138, 0.0081, 0.0068, 0.0000, 0.0005, 0.0003, 0.0051,
        0.0078, 0.1961, 0.0435, 0.1828, 0.0689, 0.0011, 0.0005])
[2026-06-26 01:25:04,119][root][INFO] - Epoch: 1 | train acc: 0.8918, train loss: 0.34590626, valid acc: 0.9103, valid loss: 0.30027219, test acc: 0.8986, test loss: 0.48827435
[2026-06-26 01:25:07,336][root][INFO] - reg loss: 10.0897684147749, entropy loss: 0.475062809766285, leaf dev: 0.08733024448156357
[2026-06-26 01:25:07,337][root][INFO] - Val leaf stats: tensor([3.0865e-01, 8.5824e-02, 1.3653e-01, 1.4942e-03, 6.2570e-03, 2.5215e-03,
        3.5487e-03, 9.4135e-02, 3.6421e-03, 9.3388e-05, 1.3074e-03, 1.0562e-01,
        3.7355e-04, 9.3388e-05, 7.8539e-02, 1.7137e-01])
[2026-06-26 01:25:16,967][root][INFO] - Epoch: 13 | train acc: 0.5210, train loss: 1.44292172, valid acc: 0.5004, valid loss: 1.36859496, test acc: 0.5169, test loss: 1.38942451
[2026-06-26 01:25:19,747][root][INFO] - Epoch: 13 | train acc: 0.4659, train loss: 1.52251797, valid acc: 0.4807, valid loss: 1.48583767, test acc: 0.4526, test loss: 1.49029759
[2026-06-26 01:25:20,058][root][INFO] - Epoch: 14 | train acc: 0.4818, train loss: 1.44360716, valid acc: 0.4634, valid loss: 1.49311858, test acc: 0.4536, test loss: 1.52865483
[2026-06-26 01:25:20,860][root][INFO] - reg loss: 4.243856719282807, entropy loss: 0.028543405967657684, leaf dev: 0.09530854970216751
[2026-06-26 01:25:20,861][root][INFO] - Val leaf stats: tensor([1.2989e-01, 5.5090e-02, 5.4010e-04, 2.1604e-03, 2.7005e-04, 1.0802e-03,
        2.1604e-03, 1.0802e-03, 3.4026e-02, 1.2044e-01, 4.2938e-02, 3.1920e-01,
        2.0794e-02, 0.0000e+00, 2.9166e-02, 2.4116e-01])
[2026-06-26 01:25:23,392][root][INFO] - reg loss: 4.265979626139656, entropy loss: 0.031053692835276245, leaf dev: 0.12700743973255157
[2026-06-26 01:25:23,394][root][INFO] - Val leaf stats: tensor([5.9411e-03, 1.3341e-01, 3.0516e-02, 3.9427e-02, 0.0000e+00, 8.6416e-03,
        5.4010e-04, 1.4583e-02, 2.7005e-04, 1.6203e-03, 1.9201e-01, 2.1604e-03,
        2.4845e-02, 2.1334e-02, 4.9500e-01, 2.9706e-02])
[2026-06-26 01:25:23,921][root][INFO] - Epoch: 1 | train acc: 0.8819, train loss: 0.62160606, valid acc: 0.8978, valid loss: 0.34264461, test acc: 0.8931, test loss: 0.49025655
[2026-06-26 01:25:24,247][root][INFO] - reg loss: 4.231139956927691, entropy loss: 0.03403592311212274, leaf dev: 0.09102815389633179
[2026-06-26 01:25:24,249][root][INFO] - Val leaf stats: tensor([0.2201, 0.2684, 0.0146, 0.0122, 0.0073, 0.0000, 0.0005, 0.0003, 0.0111,
        0.0092, 0.1653, 0.0437, 0.1788, 0.0670, 0.0011, 0.0005])
[2026-06-26 01:25:27,587][root][INFO] - reg loss: 11.649120906042674, entropy loss: 0.47805035965783255, leaf dev: 0.056970372796058655
[2026-06-26 01:25:27,588][root][INFO] - Val leaf stats: tensor([0.1763, 0.0841, 0.1363, 0.0036, 0.0365, 0.0261, 0.0881, 0.0879, 0.0090,
        0.0170, 0.0005, 0.1107, 0.0318, 0.0014, 0.0449, 0.1459])
[2026-06-26 01:25:39,480][root][INFO] - Epoch: 2 | train acc: 0.9178, train loss: 0.27079046, valid acc: 0.9280, valid loss: 0.23931411, test acc: 0.9125, test loss: 0.32385032
[2026-06-26 01:25:41,636][root][INFO] - reg loss: 8.245174342362338, entropy loss: 0.43247389714553874, leaf dev: 0.09609795361757278
[2026-06-26 01:25:41,637][root][INFO] - Val leaf stats: tensor([3.4880e-01, 9.8524e-02, 1.3523e-01, 6.9107e-03, 2.1479e-03, 1.8678e-04,
        2.6149e-03, 9.2174e-02, 3.4554e-03, 9.3388e-05, 4.6694e-04, 8.4516e-02,
        8.4049e-04, 1.8678e-04, 3.9130e-02, 1.8472e-01])
[2026-06-26 01:25:48,754][root][INFO] - Epoch: 14 | train acc: 0.5485, train loss: 1.34549167, valid acc: 0.5082, valid loss: 1.33244148, test acc: 0.5196, test loss: 1.35134286
[2026-06-26 01:25:51,989][root][INFO] - Epoch: 14 | train acc: 0.4887, train loss: 1.46389944, valid acc: 0.4753, valid loss: 1.47827557, test acc: 0.4728, test loss: 1.49818259
[2026-06-26 01:25:52,655][root][INFO] - reg loss: 4.229104081138235, entropy loss: 0.027962531802839922, leaf dev: 0.09486852586269379
[2026-06-26 01:25:52,656][root][INFO] - Val leaf stats: tensor([0.1537, 0.0489, 0.0024, 0.0038, 0.0011, 0.0008, 0.0022, 0.0005, 0.0243,
        0.1164, 0.0435, 0.2611, 0.0448, 0.0000, 0.0046, 0.2919])
[2026-06-26 01:25:52,668][root][INFO] - Epoch: 15 | train acc: 0.4930, train loss: 1.40859114, valid acc: 0.4718, valid loss: 1.50098981, test acc: 0.4671, test loss: 1.49504334
[2026-06-26 01:25:55,480][root][INFO] - reg loss: 4.274527862423756, entropy loss: 0.030555193297198562, leaf dev: 0.10348301380872726
[2026-06-26 01:25:55,481][root][INFO] - Val leaf stats: tensor([5.4010e-03, 8.1015e-02, 9.7218e-02, 5.4010e-02, 2.7005e-04, 4.3208e-03,
        2.7005e-04, 1.9174e-02, 5.4010e-04, 1.3503e-03, 1.8796e-01, 2.4305e-03,
        7.7505e-02, 4.7259e-02, 3.9968e-01, 2.1604e-02])
[2026-06-26 01:25:56,972][root][INFO] - reg loss: 4.227919672356277, entropy loss: 0.03361343995469515, leaf dev: 0.09114141017198563
[2026-06-26 01:25:56,974][root][INFO] - Val leaf stats: tensor([2.0092e-01, 2.7005e-01, 2.1604e-02, 1.0802e-02, 7.2914e-03, 0.0000e+00,
        5.4010e-04, 2.7005e-04, 1.1882e-02, 4.8609e-03, 1.6473e-01, 4.3748e-02,
        2.0065e-01, 6.0762e-02, 1.0802e-03, 8.1015e-04])
[2026-06-26 01:25:59,291][root][INFO] - Epoch: 2 | train acc: 0.9105, train loss: 0.52482896, valid acc: 0.9196, valid loss: 0.27618952, test acc: 0.8907, test loss: 0.55984504
[2026-06-26 01:26:02,718][root][INFO] - reg loss: 9.851865379898637, entropy loss: 0.43704836788000884, leaf dev: 0.0657663568854332
[2026-06-26 01:26:02,719][root][INFO] - Val leaf stats: tensor([2.0069e-01, 8.1621e-02, 1.0973e-01, 1.8678e-03, 1.8678e-04, 6.2570e-03,
        4.4920e-02, 2.0545e-03, 5.8368e-02, 3.3620e-03, 4.6694e-04, 8.9466e-02,
        1.5736e-01, 1.2981e-02, 7.4244e-02, 1.5643e-01])
[2026-06-26 01:26:14,261][root][INFO] - Epoch: 3 | train acc: 0.9404, train loss: 0.20384715, valid acc: 0.9414, valid loss: 0.19858145, test acc: 0.9249, test loss: 0.28000483
[2026-06-26 01:26:17,479][root][INFO] - reg loss: 8.205064150391433, entropy loss: 0.41727411888894583, leaf dev: 0.0888468474149704
[2026-06-26 01:26:17,479][root][INFO] - Val leaf stats: tensor([3.2508e-01, 1.0021e-01, 1.0637e-01, 2.7083e-03, 3.0818e-03, 2.8016e-04,
        1.3074e-03, 9.4882e-02, 3.2686e-03, 6.5372e-04, 3.3620e-03, 1.1421e-01,
        2.5215e-03, 4.6694e-04, 8.4796e-02, 1.5680e-01])
[2026-06-26 01:26:21,093][root][INFO] - Epoch: 15 | train acc: 0.5520, train loss: 1.35090725, valid acc: 0.5134, valid loss: 1.31229120, test acc: 0.5169, test loss: 1.34580876
[2026-06-26 01:26:23,116][root][INFO] - Epoch: 15 | train acc: 0.4938, train loss: 1.46575866, valid acc: 0.4955, valid loss: 1.45861591, test acc: 0.4752, test loss: 1.48555152
[2026-06-26 01:26:24,441][root][INFO] - Epoch: 16 | train acc: 0.4690, train loss: 1.50832676, valid acc: 0.4116, valid loss: 1.66847724, test acc: 0.3962, test loss: 1.73822910
[2026-06-26 01:26:24,727][root][INFO] - reg loss: 4.237637824699527, entropy loss: 0.02787318022646865, leaf dev: 0.09906812757253647
[2026-06-26 01:26:24,727][root][INFO] - Val leaf stats: tensor([0.1429, 0.0248, 0.0005, 0.0005, 0.0005, 0.0070, 0.0146, 0.0005, 0.0359,
        0.1088, 0.0459, 0.2277, 0.0383, 0.0000, 0.0057, 0.3462])
[2026-06-26 01:26:26,776][root][INFO] - reg loss: 4.269261266364426, entropy loss: 0.028343786867182762, leaf dev: 0.1255139261484146
[2026-06-26 01:26:26,777][root][INFO] - Val leaf stats: tensor([4.0508e-03, 4.1048e-02, 2.9166e-02, 1.4313e-02, 2.7005e-04, 4.0508e-03,
        2.7005e-04, 1.1342e-02, 1.0802e-03, 1.6203e-03, 2.5412e-01, 2.7005e-03,
        9.1547e-02, 4.9959e-02, 4.6881e-01, 2.5655e-02])
[2026-06-26 01:26:28,872][root][INFO] - reg loss: 4.229268543055801, entropy loss: 0.03264514344637511, leaf dev: 0.10910794138908386
[2026-06-26 01:26:28,873][root][INFO] - Val leaf stats: tensor([1.3233e-01, 6.2112e-02, 6.2112e-03, 1.6203e-03, 9.7218e-03, 0.0000e+00,
        5.4010e-04, 2.7005e-04, 5.6711e-03, 3.5107e-03, 4.0832e-01, 9.2628e-02,
        1.9336e-01, 8.2636e-02, 1.0802e-03, 0.0000e+00])
[2026-06-26 01:26:36,261][root][INFO] - Epoch: 3 | train acc: 0.9368, train loss: 0.42660757, valid acc: 0.9354, valid loss: 0.22164492, test acc: 0.9023, test loss: 0.57575734
[2026-06-26 01:26:39,331][root][INFO] - reg loss: 8.943809140926946, entropy loss: 0.4037960296270078, leaf dev: 0.066373810172081
[2026-06-26 01:26:39,332][root][INFO] - Val leaf stats: tensor([0.2181, 0.0577, 0.1031, 0.0016, 0.0005, 0.0071, 0.0748, 0.0106, 0.0496,
        0.0026, 0.0005, 0.0903, 0.1431, 0.0066, 0.0793, 0.1546])
[2026-06-26 01:26:50,372][root][INFO] - Epoch: 4 | train acc: 0.9521, train loss: 0.16834091, valid acc: 0.9499, valid loss: 0.17792051, test acc: 0.9274, test loss: 0.29839241
[2026-06-26 01:26:52,230][root][INFO] - Epoch: 16 | train acc: 0.5665, train loss: 1.29782609, valid acc: 0.5298, valid loss: 1.28564733, test acc: 0.5174, test loss: 1.36134815
[2026-06-26 01:26:52,911][root][INFO] - reg loss: 7.737576575506301, entropy loss: 0.4121695990284915, leaf dev: 0.09377680718898773
[2026-06-26 01:26:52,912][root][INFO] - Val leaf stats: tensor([3.5403e-01, 9.7964e-02, 1.1235e-01, 4.0157e-03, 9.3388e-04, 9.3388e-05,
        1.9612e-03, 8.6664e-02, 3.5487e-03, 6.5372e-04, 9.3388e-04, 1.0095e-01,
        2.0545e-03, 9.3388e-05, 8.6944e-02, 1.4681e-01])
[2026-06-26 01:26:53,836][root][INFO] - Epoch: 16 | train acc: 0.4958, train loss: 1.43693776, valid acc: 0.4777, valid loss: 1.48626827, test acc: 0.4759, test loss: 1.46404900
[2026-06-26 01:26:55,641][root][INFO] - reg loss: 4.2109845896236235, entropy loss: 0.028084357223305545, leaf dev: 0.10676505416631699
[2026-06-26 01:26:55,644][root][INFO] - Val leaf stats: tensor([1.9012e-01, 2.4845e-02, 0.0000e+00, 2.7005e-04, 1.8904e-03, 1.3503e-03,
        9.4518e-03, 2.7005e-04, 1.8634e-02, 1.0748e-01, 2.2684e-02, 1.8850e-01,
        4.1858e-02, 2.7005e-04, 9.1817e-03, 3.8320e-01])
[2026-06-26 01:26:56,454][root][INFO] - Epoch: 17 | train acc: 0.4409, train loss: 1.59195602, valid acc: 0.4569, valid loss: 1.54782035, test acc: 0.4342, test loss: 1.61623572
[2026-06-26 01:26:57,695][root][INFO] - reg loss: 4.226628467684886, entropy loss: 0.026093624990250242, leaf dev: 0.12385688722133636
[2026-06-26 01:26:57,696][root][INFO] - Val leaf stats: tensor([2.4305e-03, 3.0516e-02, 3.0786e-02, 1.3503e-02, 5.4010e-04, 2.9706e-03,
        2.7005e-04, 8.6416e-03, 1.3503e-03, 2.4305e-03, 1.7202e-01, 2.4305e-03,
        8.1555e-02, 3.5377e-02, 4.8609e-01, 1.2908e-01])
[2026-06-26 01:27:00,420][root][INFO] - reg loss: 4.193036540609891, entropy loss: 0.03052817709499695, leaf dev: 0.10500068217515945
[2026-06-26 01:27:00,421][root][INFO] - Val leaf stats: tensor([0.2304, 0.0964, 0.0116, 0.0022, 0.0095, 0.0000, 0.0005, 0.0005, 0.0043,
        0.0035, 0.3511, 0.0602, 0.1925, 0.0362, 0.0011, 0.0000])
[2026-06-26 01:27:09,360][root][INFO] - Epoch: 4 | train acc: 0.9445, train loss: 0.38826823, valid acc: 0.9339, valid loss: 0.22324572, test acc: 0.8875, test loss: 0.63222833
[2026-06-26 01:27:12,706][root][INFO] - reg loss: 8.601632814558725, entropy loss: 0.38759583408239656, leaf dev: 0.07273566722869873
[2026-06-26 01:27:12,707][root][INFO] - Val leaf stats: tensor([0.2529, 0.0802, 0.1074, 0.0023, 0.0261, 0.0065, 0.0007, 0.0006, 0.0583,
        0.0043, 0.0003, 0.0722, 0.1348, 0.0035, 0.1007, 0.1492])
[2026-06-26 01:27:23,181][root][INFO] - Epoch: 17 | train acc: 0.5710, train loss: 1.27861103, valid acc: 0.5282, valid loss: 1.29777010, test acc: 0.5400, test loss: 1.33621966
[2026-06-26 01:27:26,016][root][INFO] - Epoch: 5 | train acc: 0.9568, train loss: 0.15092639, valid acc: 0.9514, valid loss: 0.16710698, test acc: 0.9285, test loss: 0.31545726
[2026-06-26 01:27:26,986][root][INFO] - Epoch: 17 | train acc: 0.5110, train loss: 1.40531481, valid acc: 0.4928, valid loss: 1.44480522, test acc: 0.4836, test loss: 1.46498078
[2026-06-26 01:27:27,000][root][INFO] - reg loss: 4.196336636777784, entropy loss: 0.027933591976761818, leaf dev: 0.09894958883523941
[2026-06-26 01:27:27,002][root][INFO] - Val leaf stats: tensor([1.5906e-01, 3.7807e-02, 0.0000e+00, 2.7005e-04, 2.9706e-03, 1.0802e-03,
        9.4518e-03, 2.7005e-04, 2.9706e-02, 1.6311e-01, 3.2136e-02, 2.1523e-01,
        9.9919e-03, 5.4010e-04, 1.0532e-02, 3.2784e-01])
[2026-06-26 01:27:28,490][root][INFO] - Epoch: 18 | train acc: 0.4810, train loss: 1.47554885, valid acc: 0.4918, valid loss: 1.45049777, test acc: 0.4701, test loss: 1.51644747
[2026-06-26 01:27:28,947][root][INFO] - reg loss: 7.556479224452266, entropy loss: 0.40277563264130284, leaf dev: 0.08775827288627625
[2026-06-26 01:27:28,948][root][INFO] - Val leaf stats: tensor([3.2060e-01, 1.0796e-01, 1.2047e-01, 6.0702e-03, 1.4008e-03, 9.3388e-04,
        2.3347e-03, 7.6111e-02, 3.2686e-03, 5.6033e-04, 4.2025e-03, 1.0572e-01,
        2.7083e-03, 1.8678e-04, 9.7310e-02, 1.5017e-01])
[2026-06-26 01:27:30,691][root][INFO] - reg loss: 4.20580720119789, entropy loss: 0.025377565964323577, leaf dev: 0.1325543224811554
[2026-06-26 01:27:30,692][root][INFO] - Val leaf stats: tensor([1.6203e-03, 4.5639e-02, 3.4567e-02, 1.7823e-02, 0.0000e+00, 3.7807e-03,
        2.7005e-04, 9.7218e-03, 3.5107e-03, 5.4010e-04, 1.7067e-01, 3.2406e-03,
        3.5917e-02, 3.2676e-02, 5.2741e-01, 1.1261e-01])
[2026-06-26 01:27:32,684][root][INFO] - reg loss: 4.183715601436427, entropy loss: 0.030640640952548044, leaf dev: 0.09861505776643753
[2026-06-26 01:27:32,685][root][INFO] - Val leaf stats: tensor([0.2349, 0.1596, 0.0232, 0.0035, 0.0092, 0.0000, 0.0005, 0.0008, 0.0019,
        0.0019, 0.3089, 0.0440, 0.1666, 0.0437, 0.0011, 0.0000])
[2026-06-26 01:27:43,373][root][INFO] - Epoch: 5 | train acc: 0.9498, train loss: 0.35309132, valid acc: 0.9398, valid loss: 0.20589711, test acc: 0.9149, test loss: 0.54564913
[2026-06-26 01:27:46,977][root][INFO] - reg loss: 7.9322740514442405, entropy loss: 0.3606205018109115, leaf dev: 0.08067334443330765
[2026-06-26 01:27:46,978][root][INFO] - Val leaf stats: tensor([3.0034e-01, 8.8719e-02, 8.0407e-02, 2.3347e-03, 7.1815e-02, 3.0818e-03,
        7.4710e-04, 2.8016e-04, 1.0740e-02, 1.1954e-02, 6.5372e-04, 5.2017e-02,
        1.1580e-01, 7.1909e-03, 9.7404e-02, 1.5652e-01])
[2026-06-26 01:27:55,760][root][INFO] - Epoch: 18 | train acc: 0.5610, train loss: 1.30865193, valid acc: 0.5153, valid loss: 1.35292261, test acc: 0.5081, test loss: 1.39236811
[2026-06-26 01:27:59,341][root][INFO] - Epoch: 18 | train acc: 0.5162, train loss: 1.38959635, valid acc: 0.5142, valid loss: 1.48342380, test acc: 0.4919, test loss: 1.50168143
[2026-06-26 01:27:59,725][root][INFO] - reg loss: 4.204797080305756, entropy loss: 0.030458701499661463, leaf dev: 0.1035027951002121
[2026-06-26 01:27:59,726][root][INFO] - Val leaf stats: tensor([0.2852, 0.0373, 0.0005, 0.0011, 0.0011, 0.0016, 0.0143, 0.0005, 0.0173,
        0.1493, 0.0184, 0.1110, 0.0267, 0.0005, 0.0124, 0.3227])
[2026-06-26 01:27:59,940][root][INFO] - Epoch: 19 | train acc: 0.5093, train loss: 1.39510104, valid acc: 0.4953, valid loss: 1.41778027, test acc: 0.4968, test loss: 1.43590119
[2026-06-26 01:28:00,542][root][INFO] - Epoch: 6 | train acc: 0.9625, train loss: 0.13304671, valid acc: 0.9580, valid loss: 0.15101787, test acc: 0.9317, test loss: 0.29603530
[2026-06-26 01:28:03,387][root][INFO] - reg loss: 4.205055096110359, entropy loss: 0.025727147328071905, leaf dev: 0.1250820904970169
[2026-06-26 01:28:03,388][root][INFO] - Val leaf stats: tensor([8.1015e-04, 4.9419e-02, 3.2406e-02, 4.1318e-02, 0.0000e+00, 5.6711e-03,
        1.3503e-03, 6.7513e-03, 6.7513e-03, 2.7005e-04, 2.3143e-01, 6.2112e-03,
        4.0778e-02, 3.2946e-02, 4.8123e-01, 6.2652e-02])
[2026-06-26 01:28:03,931][root][INFO] - reg loss: 7.34139540586522, entropy loss: 0.3947362041977978, leaf dev: 0.08654946088790894
[2026-06-26 01:28:03,932][root][INFO] - Val leaf stats: tensor([3.1360e-01, 1.0516e-01, 1.1711e-01, 1.2327e-02, 1.5876e-03, 1.5876e-03,
        4.1091e-03, 8.1715e-02, 3.2686e-03, 6.5372e-04, 4.3892e-03, 1.0880e-01,
        2.3347e-03, 1.8678e-04, 8.0034e-02, 1.6315e-01])
[2026-06-26 01:28:03,935][root][INFO] - reg loss: 4.179542478967885, entropy loss: 0.030434855519503843, leaf dev: 0.11009105294942856
[2026-06-26 01:28:03,936][root][INFO] - Val leaf stats: tensor([3.1326e-01, 3.3513e-01, 4.2128e-02, 1.2152e-02, 8.9117e-03, 2.7005e-04,
        0.0000e+00, 8.1015e-04, 1.6203e-03, 1.8904e-03, 1.3341e-01, 4.8609e-03,
        1.1477e-01, 2.9166e-02, 1.3503e-03, 2.7005e-04])
[2026-06-26 01:28:20,001][root][INFO] - Epoch: 6 | train acc: 0.9530, train loss: 0.33187488, valid acc: 0.9406, valid loss: 0.21162196, test acc: 0.9096, test loss: 0.55851868
[2026-06-26 01:28:23,024][root][INFO] - reg loss: 7.460030492651399, entropy loss: 0.3415450080046578, leaf dev: 0.07329980283975601
[2026-06-26 01:28:23,024][root][INFO] - Val leaf stats: tensor([0.1900, 0.0387, 0.0659, 0.0036, 0.0562, 0.0026, 0.0007, 0.0007, 0.0306,
        0.0102, 0.0004, 0.0905, 0.2082, 0.0037, 0.1715, 0.1265])
[2026-06-26 01:28:28,133][root][INFO] - Epoch: 19 | train acc: 0.5654, train loss: 1.28913294, valid acc: 0.5474, valid loss: 1.26588889, test acc: 0.5457, test loss: 1.30394413
[2026-06-26 01:28:30,828][root][INFO] - Epoch: 20 | train acc: 0.5291, train loss: 1.33115039, valid acc: 0.5220, valid loss: 1.35103051, test acc: 0.5025, test loss: 1.39872409
[2026-06-26 01:28:32,013][root][INFO] - Epoch: 19 | train acc: 0.4792, train loss: 1.51192455, valid acc: 0.4796, valid loss: 1.50848596, test acc: 0.4755, test loss: 1.48057202
[2026-06-26 01:28:32,222][root][INFO] - reg loss: 4.1836315295735345, entropy loss: 0.030027034677198677, leaf dev: 0.10054906457662582
[2026-06-26 01:28:32,223][root][INFO] - Val leaf stats: tensor([2.1226e-01, 2.9976e-02, 2.7005e-04, 1.3503e-03, 1.3503e-03, 8.1015e-04,
        9.9919e-03, 0.0000e+00, 3.6457e-02, 1.2935e-01, 3.2136e-02, 1.7445e-01,
        1.5393e-02, 2.7005e-04, 1.2152e-02, 3.4378e-01])
[2026-06-26 01:28:35,111][root][INFO] - reg loss: 4.179598362719426, entropy loss: 0.030112450270623457, leaf dev: 0.10029119998216629
[2026-06-26 01:28:35,113][root][INFO] - Val leaf stats: tensor([2.7842e-01, 2.8625e-01, 5.6981e-02, 1.3773e-02, 8.1015e-03, 2.7005e-04,
        2.7005e-04, 5.4010e-04, 2.1604e-03, 1.8904e-03, 1.8147e-01, 9.9919e-03,
        1.2827e-01, 3.0246e-02, 1.0802e-03, 2.7005e-04])
[2026-06-26 01:28:35,472][root][INFO] - reg loss: 4.226339723243088, entropy loss: 0.026689849488559316, leaf dev: 0.11465854197740555
[2026-06-26 01:28:35,473][root][INFO] - Val leaf stats: tensor([0.0011, 0.0743, 0.0513, 0.0681, 0.0000, 0.0005, 0.0041, 0.0100, 0.0230,
        0.0008, 0.3446, 0.0103, 0.0300, 0.0189, 0.3551, 0.0081])
[2026-06-26 01:28:36,018][root][INFO] - Epoch: 7 | train acc: 0.9633, train loss: 0.12866031, valid acc: 0.9502, valid loss: 0.16758041, test acc: 0.9251, test loss: 0.42344612
[2026-06-26 01:28:39,054][root][INFO] - reg loss: 7.293503236518335, entropy loss: 0.39143542574827, leaf dev: 0.08391261845827103
[2026-06-26 01:28:39,056][root][INFO] - Val leaf stats: tensor([0.3044, 0.1033, 0.0954, 0.0401, 0.0007, 0.0016, 0.0033, 0.0808, 0.0025,
        0.0004, 0.0035, 0.1147, 0.0023, 0.0006, 0.0787, 0.1679])
[2026-06-26 01:28:56,364][root][INFO] - Epoch: 7 | train acc: 0.9577, train loss: 0.30973111, valid acc: 0.9484, valid loss: 0.17905865, test acc: 0.9196, test loss: 0.56761891
[2026-06-26 01:28:59,409][root][INFO] - reg loss: 7.090117346042048, entropy loss: 0.3221590962044146, leaf dev: 0.0698402151465416
[2026-06-26 01:28:59,410][root][INFO] - Val leaf stats: tensor([0.1650, 0.0428, 0.1138, 0.0040, 0.0346, 0.0045, 0.0007, 0.0006, 0.0512,
        0.0063, 0.0005, 0.0936, 0.2115, 0.0019, 0.1308, 0.1383])
[2026-06-26 01:29:00,240][root][INFO] - Epoch: 20 | train acc: 0.5692, train loss: 1.27599377, valid acc: 0.5458, valid loss: 1.28202861, test acc: 0.5206, test loss: 1.36263375
[2026-06-26 01:29:03,513][root][INFO] - Epoch: 21 | train acc: 0.3937, train loss: 1.69513652, valid acc: 0.4048, valid loss: 1.64458124, test acc: 0.3989, test loss: 1.70051754
[2026-06-26 01:29:03,802][root][INFO] - Epoch: 20 | train acc: 0.4908, train loss: 1.45506789, valid acc: 0.4650, valid loss: 1.50238594, test acc: 0.4651, test loss: 1.47753412
[2026-06-26 01:29:04,244][root][INFO] - reg loss: 4.181328140321325, entropy loss: 0.028475798727547536, leaf dev: 0.10548035055398941
[2026-06-26 01:29:04,245][root][INFO] - Val leaf stats: tensor([1.8661e-01, 2.9706e-02, 2.7005e-04, 1.6203e-03, 1.3503e-03, 8.1015e-04,
        9.4518e-03, 0.0000e+00, 1.2071e-01, 2.5115e-02, 3.4026e-02, 1.9768e-01,
        5.6711e-03, 0.0000e+00, 1.5663e-02, 3.7132e-01])
[2026-06-26 01:29:07,805][root][INFO] - reg loss: 4.229708046209617, entropy loss: 0.03036680460342618, leaf dev: 0.10224771499633789
[2026-06-26 01:29:07,807][root][INFO] - Val leaf stats: tensor([4.0238e-02, 1.1909e-01, 3.7024e-01, 4.9149e-02, 1.2692e-02, 2.7005e-04,
        2.7005e-04, 1.6203e-03, 1.8904e-03, 2.4305e-03, 1.9228e-01, 1.9984e-02,
        1.6014e-01, 2.8895e-02, 5.4010e-04, 2.7005e-04])
[2026-06-26 01:29:08,190][root][INFO] - reg loss: 4.20816098666582, entropy loss: 0.026271785624691697, leaf dev: 0.12102954834699631
[2026-06-26 01:29:08,191][root][INFO] - Val leaf stats: tensor([0.0008, 0.0780, 0.0413, 0.0807, 0.0000, 0.0011, 0.0027, 0.0100, 0.0027,
        0.0011, 0.4359, 0.0219, 0.0275, 0.0151, 0.2763, 0.0049])
[2026-06-26 01:29:10,791][root][INFO] - Epoch: 8 | train acc: 0.9668, train loss: 0.11680299, valid acc: 0.9582, valid loss: 0.14447842, test acc: 0.9323, test loss: 0.44737676
[2026-06-26 01:29:14,041][root][INFO] - reg loss: 6.983247931041415, entropy loss: 0.38190139964144065, leaf dev: 0.08530677109956741
[2026-06-26 01:29:14,042][root][INFO] - Val leaf stats: tensor([3.0846e-01, 1.1954e-01, 1.0581e-01, 1.8678e-02, 1.0273e-03, 1.4942e-03,
        5.2297e-03, 8.3209e-02, 3.1752e-03, 2.8016e-04, 2.0545e-03, 1.0637e-01,
        2.5215e-03, 2.8016e-04, 8.1341e-02, 1.6053e-01])
[2026-06-26 01:29:32,230][root][INFO] - Epoch: 21 | train acc: 0.5752, train loss: 1.28728329, valid acc: 0.5425, valid loss: 1.30029024, test acc: 0.5290, test loss: 1.34427308
[2026-06-26 01:29:32,912][root][INFO] - Epoch: 8 | train acc: 0.9573, train loss: 0.30263943, valid acc: 0.9411, valid loss: 0.19807359, test acc: 0.9141, test loss: 0.67847577
[2026-06-26 01:29:35,313][root][INFO] - Epoch: 22 | train acc: 0.4751, train loss: 1.47378864, valid acc: 0.4707, valid loss: 1.47602493, test acc: 0.4612, test loss: 1.51978651
[2026-06-26 01:29:35,840][root][INFO] - Epoch: 21 | train acc: 0.4909, train loss: 1.44248795, valid acc: 0.4720, valid loss: 1.49480473, test acc: 0.4678, test loss: 1.48537725
[2026-06-26 01:29:36,362][root][INFO] - reg loss: 4.177398509666568, entropy loss: 0.02760095592038553, leaf dev: 0.102532759308815
[2026-06-26 01:29:36,363][root][INFO] - Val leaf stats: tensor([1.7688e-01, 3.2136e-02, 2.7005e-04, 1.6203e-03, 1.3503e-03, 5.4010e-04,
        8.9117e-03, 0.0000e+00, 9.5868e-02, 4.3208e-02, 4.0778e-02, 2.0146e-01,
        3.2406e-03, 2.7005e-04, 2.7815e-02, 3.6565e-01])
[2026-06-26 01:29:36,426][root][INFO] - reg loss: 7.167207392435225, entropy loss: 0.3118285338083903, leaf dev: 0.061876967549324036
[2026-06-26 01:29:36,427][root][INFO] - Val leaf stats: tensor([0.1007, 0.0296, 0.0922, 0.0036, 0.1486, 0.0294, 0.0499, 0.0050, 0.0068,
        0.0065, 0.0005, 0.0700, 0.1328, 0.0010, 0.1672, 0.1561])
[2026-06-26 01:29:39,726][root][INFO] - reg loss: 4.1857382430404915, entropy loss: 0.028193964485506543, leaf dev: 0.09336310625076294
[2026-06-26 01:29:39,734][root][INFO] - Val leaf stats: tensor([0.0726, 0.1923, 0.2884, 0.0073, 0.0097, 0.0005, 0.0005, 0.0011, 0.0032,
        0.0011, 0.1963, 0.0221, 0.1645, 0.0397, 0.0005, 0.0000])
[2026-06-26 01:29:40,115][root][INFO] - reg loss: 4.168248700313881, entropy loss: 0.02479359229690716, leaf dev: 0.1349373757839203
[2026-06-26 01:29:40,117][root][INFO] - Val leaf stats: tensor([2.7005e-03, 3.9427e-02, 3.4026e-02, 3.6457e-02, 8.1015e-04, 8.1015e-04,
        1.6203e-03, 5.9411e-03, 3.5107e-03, 2.7005e-04, 4.4153e-01, 7.8315e-03,
        3.7267e-02, 1.3503e-02, 3.6727e-01, 7.0213e-03])
[2026-06-26 01:29:44,453][root][INFO] - Epoch: 9 | train acc: 0.9708, train loss: 0.10367535, valid acc: 0.9589, valid loss: 0.14915059, test acc: 0.9309, test loss: 0.28453821
[2026-06-26 01:29:48,062][root][INFO] - reg loss: 7.050800293210953, entropy loss: 0.3778645941820094, leaf dev: 0.08474498242139816
[2026-06-26 01:29:48,063][root][INFO] - Val leaf stats: tensor([3.0837e-01, 1.1010e-01, 1.1216e-01, 1.4102e-02, 1.5876e-03, 1.5876e-03,
        4.3892e-03, 9.3108e-02, 3.4554e-03, 1.0459e-02, 1.5876e-03, 9.3201e-02,
        3.3620e-03, 9.3388e-05, 8.0407e-02, 1.6203e-01])
[2026-06-26 01:30:05,238][root][INFO] - Epoch: 22 | train acc: 0.5816, train loss: 1.28117269, valid acc: 0.5401, valid loss: 1.32023142, test acc: 0.5221, test loss: 1.38055485
[2026-06-26 01:30:06,740][root][INFO] - Epoch: 23 | train acc: 0.5096, train loss: 1.34947201, valid acc: 0.4926, valid loss: 1.40539916, test acc: 0.4941, test loss: 1.40350963
[2026-06-26 01:30:08,629][root][INFO] - Epoch: 22 | train acc: 0.5103, train loss: 1.38966450, valid acc: 0.5045, valid loss: 1.43403848, test acc: 0.4988, test loss: 1.42748366
[2026-06-26 01:30:09,435][root][INFO] - reg loss: 4.179514892765733, entropy loss: 0.027717334966434807, leaf dev: 0.09956827014684677
[2026-06-26 01:30:09,436][root][INFO] - Val leaf stats: tensor([0.0843, 0.0265, 0.0011, 0.0022, 0.0016, 0.0008, 0.0059, 0.0000, 0.0713,
        0.0729, 0.1312, 0.2012, 0.0065, 0.0008, 0.0270, 0.3667])
[2026-06-26 01:30:09,865][root][INFO] - Epoch: 9 | train acc: 0.9563, train loss: 0.29847619, valid acc: 0.9464, valid loss: 0.18912791, test acc: 0.9159, test loss: 0.68599463
[2026-06-26 01:30:10,579][root][INFO] - reg loss: 4.185457042006195, entropy loss: 0.027678448401513647, leaf dev: 0.08810164779424667
[2026-06-26 01:30:10,580][root][INFO] - Val leaf stats: tensor([0.1094, 0.2412, 0.2198, 0.0105, 0.0122, 0.0005, 0.0005, 0.0030, 0.0030,
        0.0016, 0.1780, 0.0186, 0.1637, 0.0375, 0.0005, 0.0000])
[2026-06-26 01:30:13,005][root][INFO] - reg loss: 4.166552770333212, entropy loss: 0.024001759247945956, leaf dev: 0.12509363889694214
[2026-06-26 01:30:13,007][root][INFO] - Val leaf stats: tensor([2.7005e-03, 6.3462e-02, 3.6187e-02, 4.5099e-02, 2.7005e-04, 8.1015e-04,
        2.7005e-03, 5.9411e-03, 3.5107e-03, 2.7005e-04, 3.3324e-01, 4.3208e-03,
        4.6449e-02, 2.2414e-02, 4.1939e-01, 1.3233e-02])
[2026-06-26 01:30:13,020][root][INFO] - reg loss: 7.031040037750567, entropy loss: 0.2967292428332031, leaf dev: 0.05902605503797531
[2026-06-26 01:30:13,021][root][INFO] - Val leaf stats: tensor([0.1278, 0.0353, 0.0707, 0.0046, 0.1006, 0.0123, 0.0235, 0.0034, 0.0639,
        0.0030, 0.0007, 0.1314, 0.1244, 0.0006, 0.1406, 0.1573])
[2026-06-26 01:30:18,459][root][INFO] - Epoch: 10 | train acc: 0.9690, train loss: 0.10793103, valid acc: 0.9587, valid loss: 0.14663131, test acc: 0.9328, test loss: 0.27729848
[2026-06-26 01:30:21,703][root][INFO] - reg loss: 7.083765246880748, entropy loss: 0.36180730581914305, leaf dev: 0.08493784070014954
[2026-06-26 01:30:21,704][root][INFO] - Val leaf stats: tensor([0.3170, 0.1136, 0.1087, 0.0208, 0.0016, 0.0013, 0.0036, 0.0784, 0.0034,
        0.0096, 0.0038, 0.0864, 0.0021, 0.0000, 0.1339, 0.1159])
[2026-06-26 01:30:37,368][root][INFO] - Epoch: 24 | train acc: 0.5361, train loss: 1.28706373, valid acc: 0.5080, valid loss: 1.37432473, test acc: 0.5061, test loss: 1.40173546
[2026-06-26 01:30:37,872][root][INFO] - Epoch: 23 | train acc: 0.5646, train loss: 1.28941243, valid acc: 0.5620, valid loss: 1.25423346, test acc: 0.5430, test loss: 1.29014320
[2026-06-26 01:30:39,964][root][INFO] - Epoch: 23 | train acc: 0.5400, train loss: 1.32547801, valid acc: 0.5139, valid loss: 1.42155719, test acc: 0.5142, test loss: 1.38169765
[2026-06-26 01:30:41,777][root][INFO] - reg loss: 4.191840945697222, entropy loss: 0.028278301057756923, leaf dev: 0.08600880205631256
[2026-06-26 01:30:41,778][root][INFO] - Val leaf stats: tensor([0.1285, 0.2506, 0.2001, 0.0135, 0.0103, 0.0005, 0.0003, 0.0005, 0.0059,
        0.0016, 0.1677, 0.0181, 0.1504, 0.0518, 0.0000, 0.0000])
[2026-06-26 01:30:41,898][root][INFO] - reg loss: 4.185661745853111, entropy loss: 0.026943286880850792, leaf dev: 0.10310576111078262
[2026-06-26 01:30:41,900][root][INFO] - Val leaf stats: tensor([0.1877, 0.0386, 0.0027, 0.0008, 0.0000, 0.0000, 0.0119, 0.0000, 0.0408,
        0.0697, 0.0664, 0.1469, 0.0095, 0.0005, 0.0356, 0.3889])
[2026-06-26 01:30:43,844][root][INFO] - reg loss: 4.179244572999047, entropy loss: 0.02392049298667517, leaf dev: 0.12422837316989899
[2026-06-26 01:30:43,846][root][INFO] - Val leaf stats: tensor([0.0030, 0.0613, 0.0392, 0.0627, 0.0000, 0.0014, 0.0022, 0.0086, 0.0030,
        0.0008, 0.2665, 0.0008, 0.0494, 0.0238, 0.4585, 0.0189])
[2026-06-26 01:30:45,587][root][INFO] - Epoch: 10 | train acc: 0.9631, train loss: 0.27137633, valid acc: 0.9471, valid loss: 0.19549685, test acc: 0.9229, test loss: 0.74254477
[2026-06-26 01:30:49,306][root][INFO] - reg loss: 6.80581143545726, entropy loss: 0.2847374244026406, leaf dev: 0.07138730585575104
[2026-06-26 01:30:49,307][root][INFO] - Val leaf stats: tensor([0.1033, 0.0355, 0.0663, 0.0104, 0.0908, 0.0089, 0.0173, 0.0028, 0.0032,
        0.0015, 0.0004, 0.1063, 0.2029, 0.0014, 0.1893, 0.1599])
[2026-06-26 01:30:53,600][root][INFO] - Epoch: 11 | train acc: 0.9698, train loss: 0.10385069, valid acc: 0.9577, valid loss: 0.14818422, test acc: 0.9334, test loss: 0.30170017
[2026-06-26 01:30:56,739][root][INFO] - reg loss: 6.733240526189249, entropy loss: 0.33690166299936003, leaf dev: 0.0856381431221962
[2026-06-26 01:30:56,740][root][INFO] - Val leaf stats: tensor([3.2266e-01, 1.0310e-01, 1.0058e-01, 1.4195e-02, 3.7355e-03, 2.9884e-03,
        8.6851e-03, 9.5069e-02, 3.6421e-03, 1.0179e-02, 1.7744e-03, 7.4150e-02,
        4.1091e-03, 9.3388e-05, 1.3644e-01, 1.1860e-01])
[2026-06-26 01:31:07,741][root][INFO] - Epoch: 25 | train acc: 0.5498, train loss: 1.26644935, valid acc: 0.5315, valid loss: 1.33216126, test acc: 0.5214, test loss: 1.37772027
[2026-06-26 01:31:10,545][root][INFO] - Epoch: 24 | train acc: 0.6005, train loss: 1.20570617, valid acc: 0.5568, valid loss: 1.26384377, test acc: 0.5525, test loss: 1.29110841
[2026-06-26 01:31:11,720][root][INFO] - reg loss: 4.19365638201354, entropy loss: 0.029483323367159874, leaf dev: 0.0838242620229721
[2026-06-26 01:31:11,721][root][INFO] - Val leaf stats: tensor([0.1318, 0.2565, 0.1728, 0.0197, 0.0181, 0.0011, 0.0003, 0.0000, 0.0070,
        0.0008, 0.1685, 0.0224, 0.1504, 0.0505, 0.0000, 0.0000])
[2026-06-26 01:31:12,117][root][INFO] - Epoch: 24 | train acc: 0.5486, train loss: 1.30390449, valid acc: 0.5123, valid loss: 1.41308915, test acc: 0.5133, test loss: 1.38574469
[2026-06-26 01:31:15,033][root][INFO] - reg loss: 4.183409878464996, entropy loss: 0.026291381659322096, leaf dev: 0.09275051951408386
[2026-06-26 01:31:15,034][root][INFO] - Val leaf stats: tensor([0.1634, 0.0122, 0.0005, 0.0014, 0.0016, 0.0014, 0.0113, 0.0000, 0.0648,
        0.1150, 0.0524, 0.2152, 0.0203, 0.0000, 0.0294, 0.3111])
[2026-06-26 01:31:16,207][root][INFO] - reg loss: 4.18056939078159, entropy loss: 0.024338464603805152, leaf dev: 0.1353767365217209
[2026-06-26 01:31:16,208][root][INFO] - Val leaf stats: tensor([0.0022, 0.0383, 0.0235, 0.0167, 0.0000, 0.0027, 0.0016, 0.0054, 0.0032,
        0.0005, 0.2919, 0.0014, 0.0456, 0.0440, 0.4950, 0.0278])
[2026-06-26 01:31:21,301][root][INFO] - Epoch: 11 | train acc: 0.9680, train loss: 0.24814518, valid acc: 0.9575, valid loss: 0.15057677, test acc: 0.9264, test loss: 0.67678147
[2026-06-26 01:31:24,652][root][INFO] - reg loss: 6.619876488175972, entropy loss: 0.2719005926576241, leaf dev: 0.07184707373380661
[2026-06-26 01:31:24,653][root][INFO] - Val leaf stats: tensor([0.1905, 0.0450, 0.0763, 0.0049, 0.0727, 0.0130, 0.0027, 0.0026, 0.0043,
        0.0012, 0.0154, 0.0858, 0.2122, 0.0021, 0.1148, 0.1564])
[2026-06-26 01:31:29,089][root][INFO] - Epoch: 12 | train acc: 0.9551, train loss: 0.15480716, valid acc: 0.9517, valid loss: 0.16826397, test acc: 0.9233, test loss: 0.42796025
[2026-06-26 01:31:31,507][root][INFO] - reg loss: 6.902641422534115, entropy loss: 0.3261859210395308, leaf dev: 0.0708351731300354
[2026-06-26 01:31:31,509][root][INFO] - Val leaf stats: tensor([0.2070, 0.0775, 0.0968, 0.0450, 0.0014, 0.0006, 0.0054, 0.0907, 0.0031,
        0.0112, 0.0035, 0.1176, 0.0080, 0.0040, 0.1901, 0.1379])
[2026-06-26 01:31:39,657][root][INFO] - Epoch: 26 | train acc: 0.5648, train loss: 1.22671716, valid acc: 0.5361, valid loss: 1.30332863, test acc: 0.5302, test loss: 1.36801423
[2026-06-26 01:31:43,292][root][INFO] - Epoch: 25 | train acc: 0.6073, train loss: 1.17958022, valid acc: 0.5663, valid loss: 1.24287159, test acc: 0.5552, test loss: 1.29047717
[2026-06-26 01:31:43,482][root][INFO] - Epoch: 25 | train acc: 0.5508, train loss: 1.29000816, valid acc: 0.5209, valid loss: 1.38758458, test acc: 0.5145, test loss: 1.36396115
[2026-06-26 01:31:43,622][root][INFO] - reg loss: 4.1959070534002585, entropy loss: 0.02884244311173431, leaf dev: 0.08213941007852554
[2026-06-26 01:31:43,623][root][INFO] - Val leaf stats: tensor([0.1634, 0.2482, 0.1647, 0.0176, 0.0105, 0.0005, 0.0003, 0.0003, 0.0100,
        0.0005, 0.1655, 0.0556, 0.1264, 0.0359, 0.0000, 0.0005])
[2026-06-26 01:31:47,411][root][INFO] - reg loss: 4.18916214489546, entropy loss: 0.025185882953591036, leaf dev: 0.09574466943740845
[2026-06-26 01:31:47,412][root][INFO] - Val leaf stats: tensor([1.6230e-01, 1.1342e-02, 5.4010e-04, 1.6203e-03, 1.3503e-03, 1.3503e-03,
        1.1342e-02, 0.0000e+00, 4.6989e-02, 1.1396e-01, 4.2938e-02, 2.0875e-01,
        3.4567e-02, 2.7005e-04, 2.9976e-02, 3.3270e-01])
[2026-06-26 01:31:47,762][root][INFO] - reg loss: 4.150270657461197, entropy loss: 0.02295522721575909, leaf dev: 0.1313629001379013
[2026-06-26 01:31:47,763][root][INFO] - Val leaf stats: tensor([1.3503e-03, 5.4010e-02, 3.1056e-02, 2.4845e-02, 0.0000e+00, 8.3716e-03,
        2.7005e-04, 5.4010e-04, 3.2406e-03, 5.4010e-04, 2.7464e-01, 1.3503e-03,
        5.0500e-02, 2.9436e-02, 4.8663e-01, 3.3216e-02])
[2026-06-26 01:31:56,805][root][INFO] - Epoch: 12 | train acc: 0.9713, train loss: 0.23378127, valid acc: 0.9583, valid loss: 0.14370636, test acc: 0.9294, test loss: 0.68026090
[2026-06-26 01:31:59,954][root][INFO] - reg loss: 6.529096896055514, entropy loss: 0.267006395670472, leaf dev: 0.06869868189096451
[2026-06-26 01:31:59,956][root][INFO] - Val leaf stats: tensor([0.1341, 0.0480, 0.0963, 0.0047, 0.0821, 0.0134, 0.0076, 0.0019, 0.0042,
        0.0013, 0.0018, 0.0979, 0.2022, 0.0008, 0.1456, 0.1583])
[2026-06-26 01:32:02,764][root][INFO] - Epoch: 13 | train acc: 0.9673, train loss: 0.11406557, valid acc: 0.9584, valid loss: 0.15075190, test acc: 0.9208, test loss: 0.48201821
[2026-06-26 01:32:05,331][root][INFO] - reg loss: 6.541386692612259, entropy loss: 0.30043537449584434, leaf dev: 0.07211975008249283
[2026-06-26 01:32:05,332][root][INFO] - Val leaf stats: tensor([0.2054, 0.0878, 0.0984, 0.0532, 0.0012, 0.0005, 0.0041, 0.0852, 0.0026,
        0.0076, 0.0028, 0.1167, 0.0010, 0.0018, 0.1984, 0.1333])
[2026-06-26 01:32:11,348][root][INFO] - Epoch: 27 | train acc: 0.5812, train loss: 1.19822465, valid acc: 0.5612, valid loss: 1.26910598, test acc: 0.5488, test loss: 1.33455429
[2026-06-26 01:32:15,131][root][INFO] - reg loss: 4.1967254935717975, entropy loss: 0.029225499628752958, leaf dev: 0.08548568934202194
[2026-06-26 01:32:15,132][root][INFO] - Val leaf stats: tensor([0.1645, 0.2609, 0.1539, 0.0097, 0.0140, 0.0022, 0.0003, 0.0008, 0.0092,
        0.0005, 0.1842, 0.0319, 0.1288, 0.0375, 0.0000, 0.0016])
[2026-06-26 01:32:15,239][root][INFO] - Epoch: 26 | train acc: 0.5552, train loss: 1.27871591, valid acc: 0.5277, valid loss: 1.33389277, test acc: 0.5191, test loss: 1.35822920
[2026-06-26 01:32:15,859][root][INFO] - Epoch: 26 | train acc: 0.6119, train loss: 1.16971891, valid acc: 0.5385, valid loss: 1.33735795, test acc: 0.5255, test loss: 1.35228193
[2026-06-26 01:32:19,035][root][INFO] - reg loss: 4.164048577918381, entropy loss: 0.023773898507972232, leaf dev: 0.12162938714027405
[2026-06-26 01:32:19,036][root][INFO] - Val leaf stats: tensor([0.0019, 0.1132, 0.0375, 0.0670, 0.0000, 0.0089, 0.0024, 0.0041, 0.0032,
        0.0000, 0.2190, 0.0022, 0.0165, 0.0181, 0.4639, 0.0421])
[2026-06-26 01:32:19,956][root][INFO] - reg loss: 4.177386393312548, entropy loss: 0.02443420273236564, leaf dev: 0.12880542874336243
[2026-06-26 01:32:19,958][root][INFO] - Val leaf stats: tensor([1.7337e-01, 9.1817e-03, 2.7005e-04, 2.4305e-03, 2.7005e-04, 1.8904e-03,
        1.4313e-02, 8.1015e-04, 2.1064e-02, 4.9689e-02, 1.5933e-02, 1.1126e-01,
        5.4820e-02, 0.0000e+00, 3.3486e-02, 5.1121e-01])
[2026-06-26 01:32:31,583][root][INFO] - Epoch: 13 | train acc: 0.9728, train loss: 0.22414557, valid acc: 0.9579, valid loss: 0.14536200, test acc: 0.9291, test loss: 0.70991051
[2026-06-26 01:32:34,682][root][INFO] - reg loss: 6.447261373832743, entropy loss: 0.26029568421777594, leaf dev: 0.07214152067899704
[2026-06-26 01:32:34,683][root][INFO] - Val leaf stats: tensor([0.1394, 0.0503, 0.0909, 0.0048, 0.0812, 0.0176, 0.0092, 0.0021, 0.0032,
        0.0011, 0.0014, 0.0631, 0.2302, 0.0012, 0.1465, 0.1576])
[2026-06-26 01:32:36,645][root][INFO] - Epoch: 14 | train acc: 0.9653, train loss: 0.11720734, valid acc: 0.9509, valid loss: 0.16632202, test acc: 0.9247, test loss: 0.39423958
[2026-06-26 01:32:39,300][root][INFO] - reg loss: 6.530830156235468, entropy loss: 0.29048083367801847, leaf dev: 0.07323407381772995
[2026-06-26 01:32:39,301][root][INFO] - Val leaf stats: tensor([0.2214, 0.0527, 0.1236, 0.0403, 0.0012, 0.0003, 0.0049, 0.0940, 0.0028,
        0.0130, 0.0014, 0.1247, 0.0085, 0.0026, 0.1856, 0.1231])
[2026-06-26 01:32:43,998][root][INFO] - Epoch: 28 | train acc: 0.5852, train loss: 1.17714300, valid acc: 0.5539, valid loss: 1.27973094, test acc: 0.5498, test loss: 1.32876544
[2026-06-26 01:32:47,594][root][INFO] - Epoch: 27 | train acc: 0.5617, train loss: 1.26653332, valid acc: 0.5336, valid loss: 1.35129034, test acc: 0.5228, test loss: 1.34243745
[2026-06-26 01:32:47,677][root][INFO] - Epoch: 27 | train acc: 0.5657, train loss: 1.31293876, valid acc: 0.5393, valid loss: 1.31393258, test acc: 0.5250, test loss: 1.35614266
[2026-06-26 01:32:47,780][root][INFO] - reg loss: 4.1924790945209445, entropy loss: 0.02953630130066246, leaf dev: 0.09036300331354141
[2026-06-26 01:32:47,781][root][INFO] - Val leaf stats: tensor([0.1420, 0.3157, 0.1388, 0.0032, 0.0181, 0.0016, 0.0005, 0.0011, 0.0089,
        0.0008, 0.1631, 0.0424, 0.1253, 0.0367, 0.0000, 0.0016])
[2026-06-26 01:32:51,680][root][INFO] - reg loss: 4.179297134524486, entropy loss: 0.025860735535865924, leaf dev: 0.11808377504348755
[2026-06-26 01:32:51,681][root][INFO] - Val leaf stats: tensor([0.0024, 0.1183, 0.0286, 0.0805, 0.0000, 0.0008, 0.0057, 0.0032, 0.0030,
        0.0000, 0.2317, 0.0022, 0.0248, 0.0227, 0.4407, 0.0354])
[2026-06-26 01:32:51,900][root][INFO] - reg loss: 4.177060322683365, entropy loss: 0.023968918187940707, leaf dev: 0.1278354972600937
[2026-06-26 01:32:51,901][root][INFO] - Val leaf stats: tensor([0.1685, 0.0116, 0.0000, 0.0049, 0.0011, 0.0014, 0.0135, 0.0008, 0.0138,
        0.0356, 0.0116, 0.0834, 0.1132, 0.0005, 0.0338, 0.5063])
[2026-06-26 01:33:07,774][root][INFO] - Epoch: 14 | train acc: 0.9750, train loss: 0.21695731, valid acc: 0.9597, valid loss: 0.13747049, test acc: 0.9303, test loss: 0.73454092
[2026-06-26 01:33:10,038][root][INFO] - Epoch: 15 | train acc: 0.9693, train loss: 0.10551553, valid acc: 0.9555, valid loss: 0.15684327, test acc: 0.9215, test loss: 0.49591118
[2026-06-26 01:33:10,850][root][INFO] - reg loss: 6.465324379148937, entropy loss: 0.25935269568963026, leaf dev: 0.07111439108848572
[2026-06-26 01:33:10,851][root][INFO] - Val leaf stats: tensor([0.1390, 0.0555, 0.0881, 0.0028, 0.0812, 0.0145, 0.0019, 0.0023, 0.0035,
        0.0011, 0.0018, 0.0815, 0.2241, 0.0049, 0.1407, 0.1571])
[2026-06-26 01:33:12,858][root][INFO] - reg loss: 6.6592388809042635, entropy loss: 0.283251598083153, leaf dev: 0.06752100586891174
[2026-06-26 01:33:12,859][root][INFO] - Val leaf stats: tensor([0.1905, 0.0489, 0.1327, 0.0810, 0.0011, 0.0004, 0.0035, 0.1019, 0.0029,
        0.0105, 0.0014, 0.1255, 0.0104, 0.0043, 0.1648, 0.1203])
[2026-06-26 01:33:15,385][root][INFO] - Epoch: 29 | train acc: 0.5693, train loss: 1.22905875, valid acc: 0.5425, valid loss: 1.29982337, test acc: 0.5562, test loss: 1.32144759
[2026-06-26 01:33:19,136][root][INFO] - reg loss: 4.185144995079666, entropy loss: 0.028831073770024737, leaf dev: 0.09335529804229736
[2026-06-26 01:33:19,137][root][INFO] - Val leaf stats: tensor([0.1518, 0.3362, 0.1466, 0.0043, 0.0176, 0.0000, 0.0005, 0.0070, 0.0078,
        0.0008, 0.1426, 0.0448, 0.1096, 0.0292, 0.0000, 0.0011])
[2026-06-26 01:33:20,078][root][INFO] - Epoch: 28 | train acc: 0.5842, train loss: 1.25417971, valid acc: 0.5350, valid loss: 1.29292335, test acc: 0.5282, test loss: 1.33864547
[2026-06-26 01:33:20,590][root][INFO] - Epoch: 28 | train acc: 0.5629, train loss: 1.27338670, valid acc: 0.5520, valid loss: 1.33133131, test acc: 0.5179, test loss: 1.36927329
[2026-06-26 01:33:24,186][root][INFO] - reg loss: 4.167875790205158, entropy loss: 0.023201916977518895, leaf dev: 0.09461790323257446
[2026-06-26 01:33:24,188][root][INFO] - Val leaf stats: tensor([0.1485, 0.0151, 0.0000, 0.0057, 0.0011, 0.0008, 0.0111, 0.0008, 0.0910,
        0.1736, 0.0246, 0.2106, 0.0081, 0.0014, 0.0062, 0.3014])
[2026-06-26 01:33:24,609][root][INFO] - reg loss: 4.189676902333244, entropy loss: 0.025312883199238388, leaf dev: 0.12389527261257172
[2026-06-26 01:33:24,610][root][INFO] - Val leaf stats: tensor([0.0011, 0.0948, 0.0343, 0.0170, 0.0000, 0.0008, 0.0014, 0.0073, 0.0032,
        0.0000, 0.2398, 0.0024, 0.0429, 0.0313, 0.4677, 0.0559])
[2026-06-26 01:33:41,289][root][INFO] - Epoch: 15 | train acc: 0.9758, train loss: 0.21081160, valid acc: 0.9588, valid loss: 0.14706196, test acc: 0.9279, test loss: 0.78959586
[2026-06-26 01:33:44,090][root][INFO] - reg loss: 6.394524940107234, entropy loss: 0.2544015295133389, leaf dev: 0.07311881333589554
[2026-06-26 01:33:44,091][root][INFO] - Val leaf stats: tensor([0.1496, 0.0459, 0.0830, 0.0039, 0.0851, 0.0147, 0.0035, 0.0025, 0.0038,
        0.0011, 0.0021, 0.0688, 0.2295, 0.0021, 0.1461, 0.1584])
[2026-06-26 01:33:46,593][root][INFO] - Epoch: 16 | train acc: 0.9654, train loss: 0.12009262, valid acc: 0.9499, valid loss: 0.18309018, test acc: 0.9252, test loss: 0.51539263
[2026-06-26 01:33:47,031][root][INFO] - Epoch: 30 | train acc: 0.5896, train loss: 1.18266636, valid acc: 0.5512, valid loss: 1.30001348, test acc: 0.5508, test loss: 1.32327297
[2026-06-26 01:33:49,427][root][INFO] - reg loss: 6.409582498843077, entropy loss: 0.26297706988438097, leaf dev: 0.07743404060602188
[2026-06-26 01:33:49,428][root][INFO] - Val leaf stats: tensor([0.2789, 0.0588, 0.1558, 0.0662, 0.0007, 0.0012, 0.0116, 0.0923, 0.0036,
        0.0092, 0.0011, 0.1137, 0.0053, 0.0038, 0.0734, 0.1243])
[2026-06-26 01:33:50,880][root][INFO] - reg loss: 4.18734570800281, entropy loss: 0.028801806271076202, leaf dev: 0.08771760761737823
[2026-06-26 01:33:50,881][root][INFO] - Val leaf stats: tensor([0.1912, 0.2582, 0.1623, 0.0070, 0.0086, 0.0003, 0.0005, 0.0041, 0.0084,
        0.0008, 0.1871, 0.0408, 0.1040, 0.0257, 0.0000, 0.0011])
[2026-06-26 01:33:52,169][root][INFO] - Epoch: 29 | train acc: 0.5634, train loss: 1.25886692, valid acc: 0.5466, valid loss: 1.33494995, test acc: 0.5204, test loss: 1.36080754
[2026-06-26 01:33:52,182][root][INFO] - Epoch: 29 | train acc: 0.5802, train loss: 1.26418841, valid acc: 0.5374, valid loss: 1.30839674, test acc: 0.5238, test loss: 1.34365155
[2026-06-26 01:33:56,025][root][INFO] - reg loss: 4.158352476651551, entropy loss: 0.02305292292330109, leaf dev: 0.1252693384885788
[2026-06-26 01:33:56,027][root][INFO] - Val leaf stats: tensor([1.0802e-03, 7.3454e-02, 3.0786e-02, 7.5614e-03, 0.0000e+00, 8.1015e-04,
        2.7005e-04, 7.0213e-03, 3.2406e-03, 0.0000e+00, 2.7761e-01, 2.4305e-03,
        4.8879e-02, 3.0516e-02, 4.5531e-01, 6.1032e-02])
[2026-06-26 01:33:56,177][root][INFO] - reg loss: 4.150128028431877, entropy loss: 0.02277203786690704, leaf dev: 0.09325379133224487
[2026-06-26 01:33:56,178][root][INFO] - Val leaf stats: tensor([0.1634, 0.0132, 0.0000, 0.0051, 0.0016, 0.0008, 0.0116, 0.0008, 0.1782,
        0.0926, 0.0238, 0.2023, 0.0092, 0.0016, 0.0059, 0.2898])
[2026-06-26 01:34:16,861][root][INFO] - Epoch: 16 | train acc: 0.9756, train loss: 0.21021111, valid acc: 0.9532, valid loss: 0.15828792, test acc: 0.9280, test loss: 0.78078917
[2026-06-26 01:34:18,734][root][INFO] - Epoch: 31 | train acc: 0.5961, train loss: 1.17022377, valid acc: 0.5547, valid loss: 1.28437896, test acc: 0.5515, test loss: 1.32515862
[2026-06-26 01:34:19,909][root][INFO] - reg loss: 6.309097189121146, entropy loss: 0.2485328155850607, leaf dev: 0.07916703820228577
[2026-06-26 01:34:19,910][root][INFO] - Val leaf stats: tensor([0.0973, 0.0496, 0.0756, 0.0049, 0.0931, 0.0148, 0.0118, 0.0026, 0.0020,
        0.0011, 0.0012, 0.0348, 0.2441, 0.0021, 0.2172, 0.1476])
[2026-06-26 01:34:21,925][root][INFO] - Epoch: 17 | train acc: 0.9689, train loss: 0.10663482, valid acc: 0.9584, valid loss: 0.15584443, test acc: 0.9243, test loss: 0.84036169
[2026-06-26 01:34:22,576][root][INFO] - reg loss: 4.1893413965819315, entropy loss: 0.028297233502151537, leaf dev: 0.08769277483224869
[2026-06-26 01:34:22,577][root][INFO] - Val leaf stats: tensor([0.1871, 0.2258, 0.1445, 0.0135, 0.0135, 0.0005, 0.0005, 0.0049, 0.0070,
        0.0008, 0.2360, 0.0227, 0.1175, 0.0227, 0.0000, 0.0030])
[2026-06-26 01:34:24,519][root][INFO] - Epoch: 30 | train acc: 0.5906, train loss: 1.23299070, valid acc: 0.5428, valid loss: 1.29000533, test acc: 0.5427, test loss: 1.32770157
[2026-06-26 01:34:24,553][root][INFO] - Epoch: 30 | train acc: 0.5758, train loss: 1.22434056, valid acc: 0.5496, valid loss: 1.35592442, test acc: 0.5329, test loss: 1.35290118
[2026-06-26 01:34:25,149][root][INFO] - reg loss: 5.969838177716291, entropy loss: 0.24950007991816, leaf dev: 0.08729413896799088
[2026-06-26 01:34:25,150][root][INFO] - Val leaf stats: tensor([0.3284, 0.0571, 0.1452, 0.0254, 0.0009, 0.0013, 0.0143, 0.0855, 0.0037,
        0.0024, 0.0010, 0.1194, 0.0044, 0.0056, 0.0799, 0.1253])
[2026-06-26 01:34:28,698][root][INFO] - reg loss: 4.142521897300345, entropy loss: 0.022329630818767626, leaf dev: 0.0986475944519043
[2026-06-26 01:34:28,700][root][INFO] - Val leaf stats: tensor([0.1639, 0.0143, 0.0000, 0.0068, 0.0014, 0.0008, 0.0124, 0.0008, 0.0408,
        0.2287, 0.0219, 0.1882, 0.0105, 0.0016, 0.0059, 0.3019])
[2026-06-26 01:34:28,778][root][INFO] - reg loss: 4.158989570179924, entropy loss: 0.0230614288297833, leaf dev: 0.12318757176399231
[2026-06-26 01:34:28,780][root][INFO] - Val leaf stats: tensor([0.0016, 0.0640, 0.0413, 0.0184, 0.0008, 0.0008, 0.0005, 0.0057, 0.0005,
        0.0027, 0.2792, 0.0019, 0.0564, 0.0232, 0.4461, 0.0567])
[2026-06-26 01:34:50,618][root][INFO] - Epoch: 32 | train acc: 0.5933, train loss: 1.16936153, valid acc: 0.5571, valid loss: 1.27912762, test acc: 0.5449, test loss: 1.33932257
[2026-06-26 01:34:52,507][root][INFO] - Epoch: 17 | train acc: 0.9636, train loss: 0.24445996, valid acc: 0.9406, valid loss: 0.20654239, test acc: 0.9087, test loss: 0.83068923
[2026-06-26 01:34:54,432][root][INFO] - reg loss: 4.189952389138644, entropy loss: 0.027238274512232326, leaf dev: 0.09004397690296173
[2026-06-26 01:34:54,433][root][INFO] - Val leaf stats: tensor([0.2576, 0.2247, 0.1704, 0.0154, 0.0113, 0.0011, 0.0005, 0.0122, 0.0070,
        0.0008, 0.1693, 0.0151, 0.0910, 0.0219, 0.0000, 0.0016])
[2026-06-26 01:34:56,000][root][INFO] - reg loss: 6.156108394501701, entropy loss: 0.23850721751571333, leaf dev: 0.06231085956096649
[2026-06-26 01:34:56,001][root][INFO] - Val leaf stats: tensor([0.1832, 0.0542, 0.0894, 0.0038, 0.1628, 0.0503, 0.0632, 0.0052, 0.0024,
        0.0014, 0.0006, 0.0377, 0.0804, 0.0011, 0.1183, 0.1459])
[2026-06-26 01:34:56,363][root][INFO] - Epoch: 31 | train acc: 0.5837, train loss: 1.20360597, valid acc: 0.5647, valid loss: 1.29693277, test acc: 0.5444, test loss: 1.30448139
[2026-06-26 01:34:56,397][root][INFO] - Epoch: 31 | train acc: 0.6004, train loss: 1.21369017, valid acc: 0.5498, valid loss: 1.28400478, test acc: 0.5542, test loss: 1.29725054
[2026-06-26 01:34:58,173][root][INFO] - Epoch: 18 | train acc: 0.9725, train loss: 0.09393909, valid acc: 0.9573, valid loss: 0.15022107, test acc: 0.9248, test loss: 0.66594132
[2026-06-26 01:35:00,261][root][INFO] - reg loss: 4.1703303993725385, entropy loss: 0.023571180973629483, leaf dev: 0.11612624675035477
[2026-06-26 01:35:00,262][root][INFO] - Val leaf stats: tensor([1.0802e-03, 8.3446e-02, 5.1580e-02, 5.2120e-02, 0.0000e+00, 8.1015e-04,
        2.7005e-04, 5.4010e-03, 2.7005e-03, 2.7005e-04, 2.4386e-01, 3.7807e-03,
        5.5631e-02, 1.8093e-02, 4.3262e-01, 4.8339e-02])
[2026-06-26 01:35:00,419][root][INFO] - reg loss: 4.138999165081587, entropy loss: 0.02210895744625662, leaf dev: 0.10086706280708313
[2026-06-26 01:35:00,420][root][INFO] - Val leaf stats: tensor([0.2233, 0.0167, 0.0000, 0.0049, 0.0011, 0.0011, 0.0124, 0.0008, 0.0389,
        0.2139, 0.0143, 0.1377, 0.0103, 0.0011, 0.0103, 0.3133])
[2026-06-26 01:35:01,012][root][INFO] - reg loss: 5.740692918262784, entropy loss: 0.24161115935239844, leaf dev: 0.0897611677646637
[2026-06-26 01:35:01,013][root][INFO] - Val leaf stats: tensor([0.3381, 0.0347, 0.1381, 0.0252, 0.0007, 0.0016, 0.0106, 0.1023, 0.0038,
        0.0026, 0.0011, 0.1200, 0.0045, 0.0055, 0.0855, 0.1257])
[2026-06-26 01:35:22,381][root][INFO] - Epoch: 33 | train acc: 0.5971, train loss: 1.14807226, valid acc: 0.5622, valid loss: 1.28087667, test acc: 0.5513, test loss: 1.33079714
[2026-06-26 01:35:26,438][root][INFO] - reg loss: 4.185599991532623, entropy loss: 0.02663170326440061, leaf dev: 0.0859813243150711
[2026-06-26 01:35:26,439][root][INFO] - Val leaf stats: tensor([0.1383, 0.1904, 0.2514, 0.0294, 0.0146, 0.0057, 0.0005, 0.0035, 0.0032,
        0.0008, 0.2074, 0.0365, 0.0940, 0.0224, 0.0000, 0.0019])
[2026-06-26 01:35:27,118][root][INFO] - Epoch: 32 | train acc: 0.5963, train loss: 1.17363772, valid acc: 0.5682, valid loss: 1.32066011, test acc: 0.5454, test loss: 1.30282319
[2026-06-26 01:35:28,026][root][INFO] - Epoch: 18 | train acc: 0.9618, train loss: 0.24661695, valid acc: 0.9448, valid loss: 0.19937688, test acc: 0.9215, test loss: 0.71639688
[2026-06-26 01:35:28,229][root][INFO] - Epoch: 32 | train acc: 0.5957, train loss: 1.21566326, valid acc: 0.5628, valid loss: 1.24849957, test acc: 0.5579, test loss: 1.26591168
[2026-06-26 01:35:30,842][root][INFO] - reg loss: 6.067054216193144, entropy loss: 0.2290275772570302, leaf dev: 0.07686217874288559
[2026-06-26 01:35:30,843][root][INFO] - Val leaf stats: tensor([0.2688, 0.0817, 0.1798, 0.0043, 0.1201, 0.0437, 0.0013, 0.0017, 0.0028,
        0.0014, 0.0011, 0.0473, 0.0642, 0.0007, 0.0712, 0.1100])
[2026-06-26 01:35:31,250][root][INFO] - reg loss: 4.183044308521708, entropy loss: 0.024304460276101458, leaf dev: 0.11581534892320633
[2026-06-26 01:35:31,252][root][INFO] - Val leaf stats: tensor([1.0802e-03, 8.7767e-02, 4.7799e-02, 7.6965e-02, 0.0000e+00, 8.1015e-04,
        2.7005e-04, 5.9411e-03, 2.7005e-03, 2.7005e-04, 2.3765e-01, 3.7807e-03,
        3.5917e-02, 1.3233e-02, 4.3235e-01, 5.3470e-02])
[2026-06-26 01:35:32,026][root][INFO] - Epoch: 19 | train acc: 0.9741, train loss: 0.08813018, valid acc: 0.9569, valid loss: 0.15558260, test acc: 0.9182, test loss: 1.19027204
[2026-06-26 01:35:32,484][root][INFO] - reg loss: 4.142994075525002, entropy loss: 0.022749433293938637, leaf dev: 0.10094063729047775
[2026-06-26 01:35:32,485][root][INFO] - Val leaf stats: tensor([0.2468, 0.0230, 0.0000, 0.0032, 0.0005, 0.0005, 0.0186, 0.0008, 0.0386,
        0.2109, 0.0116, 0.1156, 0.0143, 0.0008, 0.0084, 0.3062])
[2026-06-26 01:35:34,976][root][INFO] - reg loss: 5.675160950453824, entropy loss: 0.23287956850238578, leaf dev: 0.09102863818407059
[2026-06-26 01:35:34,977][root][INFO] - Val leaf stats: tensor([0.3423, 0.0378, 0.1391, 0.0278, 0.0007, 0.0007, 0.0031, 0.0712, 0.0035,
        0.0028, 0.0012, 0.1326, 0.0064, 0.0079, 0.0965, 0.1265])
[2026-06-26 01:35:55,951][root][INFO] - Epoch: 34 | train acc: 0.5958, train loss: 1.14918213, valid acc: 0.5660, valid loss: 1.27207223, test acc: 0.5425, test loss: 1.32171003
[2026-06-26 01:35:59,122][root][INFO] - Epoch: 33 | train acc: 0.5881, train loss: 1.18736337, valid acc: 0.5442, valid loss: 1.30974413, test acc: 0.5145, test loss: 1.37878899
[2026-06-26 01:35:59,776][root][INFO] - Epoch: 33 | train acc: 0.6134, train loss: 1.17131312, valid acc: 0.5714, valid loss: 1.26387682, test acc: 0.5682, test loss: 1.25918886
[2026-06-26 01:35:59,945][root][INFO] - reg loss: 4.19668894126767, entropy loss: 0.026777981765201835, leaf dev: 0.08181119710206985
[2026-06-26 01:35:59,946][root][INFO] - Val leaf stats: tensor([0.1642, 0.2282, 0.2169, 0.0205, 0.0135, 0.0049, 0.0005, 0.0030, 0.0032,
        0.0008, 0.1518, 0.0764, 0.0772, 0.0367, 0.0000, 0.0022])
[2026-06-26 01:36:01,929][root][INFO] - Epoch: 19 | train acc: 0.9692, train loss: 0.22225307, valid acc: 0.9570, valid loss: 0.15111879, test acc: 0.9246, test loss: 0.67195323
[2026-06-26 01:36:03,220][root][INFO] - reg loss: 4.165582125304176, entropy loss: 0.023637650778791944, leaf dev: 0.13239166140556335
[2026-06-26 01:36:03,221][root][INFO] - Val leaf stats: tensor([2.7005e-04, 4.6989e-02, 2.5655e-02, 2.7815e-02, 8.1015e-04, 5.4010e-04,
        2.7005e-04, 2.9706e-03, 1.0802e-03, 1.0802e-03, 3.4243e-01, 4.5909e-03,
        5.5090e-02, 1.5663e-02, 4.4775e-01, 2.7005e-02])
[2026-06-26 01:36:04,080][root][INFO] - reg loss: 4.142422934047511, entropy loss: 0.023141806853599237, leaf dev: 0.10633581131696701
[2026-06-26 01:36:04,081][root][INFO] - Val leaf stats: tensor([0.1877, 0.0281, 0.0000, 0.0008, 0.0043, 0.0092, 0.0221, 0.0000, 0.0383,
        0.1812, 0.0092, 0.0980, 0.0170, 0.0014, 0.0140, 0.3886])
[2026-06-26 01:36:04,426][root][INFO] - reg loss: 6.097381596842771, entropy loss: 0.22486101146097537, leaf dev: 0.06122194975614548
[2026-06-26 01:36:04,427][root][INFO] - Val leaf stats: tensor([0.2118, 0.0644, 0.0832, 0.0020, 0.1375, 0.0451, 0.0700, 0.0065, 0.0028,
        0.0014, 0.0012, 0.0632, 0.0858, 0.0007, 0.0986, 0.1257])
[2026-06-26 01:36:06,510][root][INFO] - Epoch: 20 | train acc: 0.9750, train loss: 0.08535883, valid acc: 0.9598, valid loss: 0.14722214, test acc: 0.9277, test loss: 0.58881605
[2026-06-26 01:36:10,398][root][INFO] - reg loss: 5.544162308728254, entropy loss: 0.2300677029859452, leaf dev: 0.09172727167606354
[2026-06-26 01:36:10,400][root][INFO] - Val leaf stats: tensor([0.3367, 0.0343, 0.1496, 0.0196, 0.0006, 0.0004, 0.0044, 0.0724, 0.0036,
        0.0026, 0.0013, 0.1440, 0.0050, 0.0033, 0.0928, 0.1294])
[2026-06-26 01:36:26,842][root][INFO] - Epoch: 35 | train acc: 0.6046, train loss: 1.13773036, valid acc: 0.5722, valid loss: 1.25825924, test acc: 0.5592, test loss: 1.32147287
[2026-06-26 01:36:30,648][root][INFO] - reg loss: 4.168781483759646, entropy loss: 0.022746541002979043, leaf dev: 0.09028592705726624
[2026-06-26 01:36:30,649][root][INFO] - Val leaf stats: tensor([0.1620, 0.2371, 0.2625, 0.0070, 0.0046, 0.0005, 0.0000, 0.0011, 0.0027,
        0.0008, 0.1526, 0.0610, 0.0724, 0.0327, 0.0000, 0.0030])
[2026-06-26 01:36:31,220][root][INFO] - Epoch: 34 | train acc: 0.6135, train loss: 1.17782864, valid acc: 0.5844, valid loss: 1.23127659, test acc: 0.5606, test loss: 1.25844047
[2026-06-26 01:36:31,880][root][INFO] - Epoch: 34 | train acc: 0.5827, train loss: 1.19039479, valid acc: 0.5593, valid loss: 1.30571541, test acc: 0.5388, test loss: 1.31922657
[2026-06-26 01:36:35,191][root][INFO] - reg loss: 4.143073683879415, entropy loss: 0.02336630084719814, leaf dev: 0.11628899723291397
[2026-06-26 01:36:35,192][root][INFO] - Val leaf stats: tensor([0.1909, 0.0254, 0.0000, 0.0022, 0.0035, 0.0008, 0.0146, 0.0000, 0.0370,
        0.1704, 0.0076, 0.0729, 0.0281, 0.0016, 0.0076, 0.4375])
[2026-06-26 01:36:36,054][root][INFO] - reg loss: 4.160284534829562, entropy loss: 0.023802367878741907, leaf dev: 0.12308506667613983
[2026-06-26 01:36:36,056][root][INFO] - Val leaf stats: tensor([5.4010e-04, 8.8577e-02, 2.7275e-02, 5.8061e-02, 0.0000e+00, 8.1015e-04,
        2.7005e-04, 5.1310e-03, 1.3503e-03, 5.4010e-04, 2.8139e-01, 4.3208e-03,
        5.0770e-02, 1.6203e-02, 4.4180e-01, 2.2954e-02])
[2026-06-26 01:36:38,415][root][INFO] - Epoch: 20 | train acc: 0.9747, train loss: 0.20076752, valid acc: 0.9596, valid loss: 0.14710300, test acc: 0.9284, test loss: 0.78758975
[2026-06-26 01:36:41,848][root][INFO] - reg loss: 6.133569611443414, entropy loss: 0.2255122001682009, leaf dev: 0.06553132086992264
[2026-06-26 01:36:41,849][root][INFO] - Val leaf stats: tensor([0.1752, 0.0629, 0.0788, 0.0024, 0.1297, 0.0384, 0.0101, 0.0040, 0.0028,
        0.0013, 0.0014, 0.0669, 0.1843, 0.0006, 0.1140, 0.1271])
[2026-06-26 01:36:41,858][root][INFO] - Epoch: 21 | train acc: 0.9773, train loss: 0.07779510, valid acc: 0.9590, valid loss: 0.14443465, test acc: 0.9282, test loss: 0.65306616
[2026-06-26 01:36:45,063][root][INFO] - reg loss: 5.555565379914784, entropy loss: 0.22928522495681017, leaf dev: 0.09140358865261078
[2026-06-26 01:36:45,065][root][INFO] - Val leaf stats: tensor([0.3399, 0.0350, 0.1515, 0.0228, 0.0005, 0.0007, 0.0057, 0.0737, 0.0039,
        0.0023, 0.0012, 0.1301, 0.0072, 0.0049, 0.0908, 0.1298])
[2026-06-26 01:36:59,183][root][INFO] - Epoch: 36 | train acc: 0.6120, train loss: 1.11560871, valid acc: 0.5703, valid loss: 1.23073719, test acc: 0.5594, test loss: 1.30320735
[2026-06-26 01:37:02,708][root][INFO] - reg loss: 4.156844873897365, entropy loss: 0.02212694326995826, leaf dev: 0.08989007025957108
[2026-06-26 01:37:02,709][root][INFO] - Val leaf stats: tensor([0.1844, 0.2571, 0.2214, 0.0057, 0.0041, 0.0005, 0.0000, 0.0011, 0.0038,
        0.0008, 0.1580, 0.0518, 0.0762, 0.0321, 0.0000, 0.0030])
[2026-06-26 01:37:03,509][root][INFO] - Epoch: 35 | train acc: 0.6193, train loss: 1.15111632, valid acc: 0.5884, valid loss: 1.23634342, test acc: 0.5707, test loss: 1.24179552
[2026-06-26 01:37:03,688][root][INFO] - Epoch: 35 | train acc: 0.5818, train loss: 1.20279179, valid acc: 0.5382, valid loss: 1.33260935, test acc: 0.5179, test loss: 1.35996599
[2026-06-26 01:37:07,415][root][INFO] - reg loss: 4.123147018620225, entropy loss: 0.021371323309960912, leaf dev: 0.11716214567422867
[2026-06-26 01:37:07,416][root][INFO] - Val leaf stats: tensor([0.1874, 0.0227, 0.0000, 0.0027, 0.0022, 0.0008, 0.0119, 0.0000, 0.0475,
        0.1753, 0.0076, 0.0837, 0.0146, 0.0008, 0.0043, 0.4386])
[2026-06-26 01:37:07,762][root][INFO] - reg loss: 4.139948946530701, entropy loss: 0.021919102011034725, leaf dev: 0.1366659551858902
[2026-06-26 01:37:07,763][root][INFO] - Val leaf stats: tensor([8.1015e-04, 1.4853e-02, 2.2684e-02, 2.1604e-02, 1.8904e-03, 5.4010e-04,
        0.0000e+00, 8.1015e-04, 2.7005e-04, 1.0802e-03, 2.9922e-01, 4.5909e-03,
        8.2096e-02, 1.9174e-02, 4.9338e-01, 3.6997e-02])
[2026-06-26 01:37:15,052][root][INFO] - Epoch: 21 | train acc: 0.9776, train loss: 0.19117058, valid acc: 0.9605, valid loss: 0.14348103, test acc: 0.9100, test loss: 0.83883576
[2026-06-26 01:37:17,876][root][INFO] - Epoch: 22 | train acc: 0.9788, train loss: 0.07164672, valid acc: 0.9597, valid loss: 0.13898173, test acc: 0.9446, test loss: 0.56777034
[2026-06-26 01:37:17,932][root][INFO] - reg loss: 6.078784990562964, entropy loss: 0.22463071606461965, leaf dev: 0.06556901335716248
[2026-06-26 01:37:17,933][root][INFO] - Val leaf stats: tensor([0.1844, 0.0590, 0.0900, 0.0034, 0.1235, 0.0274, 0.0099, 0.0023, 0.0035,
        0.0012, 0.0013, 0.0763, 0.1688, 0.0005, 0.1191, 0.1294])
[2026-06-26 01:37:21,570][root][INFO] - reg loss: 5.602191586973806, entropy loss: 0.23210857635137266, leaf dev: 0.09045205265283585
[2026-06-26 01:37:21,575][root][INFO] - Val leaf stats: tensor([0.3373, 0.0418, 0.1457, 0.0260, 0.0005, 0.0009, 0.0080, 0.0750, 0.0037,
        0.0031, 0.0013, 0.1360, 0.0057, 0.0036, 0.0811, 0.1303])
[2026-06-26 01:37:31,956][root][INFO] - Epoch: 37 | train acc: 0.6093, train loss: 1.11325216, valid acc: 0.5676, valid loss: 1.23058049, test acc: 0.5594, test loss: 1.30223300
[2026-06-26 01:37:33,933][root][INFO] - Epoch: 36 | train acc: 0.6345, train loss: 1.10528768, valid acc: 0.5911, valid loss: 1.20553139, test acc: 0.5785, test loss: 1.22316935
[2026-06-26 01:37:34,854][root][INFO] - Epoch: 36 | train acc: 0.5785, train loss: 1.19538982, valid acc: 0.5539, valid loss: 1.28836057, test acc: 0.5329, test loss: 1.32433274
[2026-06-26 01:37:35,399][root][INFO] - reg loss: 4.161652338309366, entropy loss: 0.022686790583319353, leaf dev: 0.08379050344228745
[2026-06-26 01:37:35,401][root][INFO] - Val leaf stats: tensor([0.1723, 0.2657, 0.1202, 0.0035, 0.0054, 0.0005, 0.0000, 0.0014, 0.0065,
        0.0008, 0.1682, 0.0735, 0.1304, 0.0475, 0.0003, 0.0038])
[2026-06-26 01:37:37,821][root][INFO] - reg loss: 4.125401449985191, entropy loss: 0.021517516739788602, leaf dev: 0.11472772061824799
[2026-06-26 01:37:37,822][root][INFO] - Val leaf stats: tensor([1.6608e-01, 2.2954e-02, 0.0000e+00, 3.2406e-03, 2.9706e-03, 0.0000e+00,
        1.0262e-02, 2.7005e-04, 5.0770e-02, 1.7688e-01, 9.7218e-03, 1.0262e-01,
        1.6203e-02, 1.3503e-03, 4.3208e-03, 4.3235e-01])
[2026-06-26 01:37:38,743][root][INFO] - reg loss: 4.131629701520576, entropy loss: 0.021563757394180923, leaf dev: 0.12678322196006775
[2026-06-26 01:37:38,744][root][INFO] - Val leaf stats: tensor([1.0802e-03, 2.7545e-02, 2.7005e-02, 4.9149e-02, 2.7005e-04, 2.7005e-04,
        0.0000e+00, 1.3503e-03, 1.3503e-03, 5.4010e-04, 2.6870e-01, 4.5909e-03,
        8.9387e-02, 1.9714e-02, 4.6611e-01, 4.2938e-02])
[2026-06-26 01:37:51,037][root][INFO] - Epoch: 22 | train acc: 0.9793, train loss: 0.18265520, valid acc: 0.9623, valid loss: 0.13896519, test acc: 0.9327, test loss: 0.83990507
[2026-06-26 01:37:52,676][root][INFO] - Epoch: 23 | train acc: 0.9801, train loss: 0.06934460, valid acc: 0.9611, valid loss: 0.13658133, test acc: 0.9415, test loss: 0.68302691
[2026-06-26 01:37:54,264][root][INFO] - reg loss: 6.0919195962330654, entropy loss: 0.22147942480271454, leaf dev: 0.059854984283447266
[2026-06-26 01:37:54,265][root][INFO] - Val leaf stats: tensor([0.1922, 0.0702, 0.0896, 0.0035, 0.1351, 0.0333, 0.0501, 0.0034, 0.0037,
        0.0012, 0.0014, 0.0762, 0.1041, 0.0004, 0.1145, 0.1211])
[2026-06-26 01:37:55,970][root][INFO] - reg loss: 5.542792933327811, entropy loss: 0.22739859185521566, leaf dev: 0.08794169872999191
[2026-06-26 01:37:55,971][root][INFO] - Val leaf stats: tensor([0.3261, 0.0414, 0.1470, 0.0333, 0.0007, 0.0010, 0.0050, 0.0787, 0.0037,
        0.0031, 0.0012, 0.1299, 0.0068, 0.0057, 0.0843, 0.1320])
[2026-06-26 01:38:04,797][root][INFO] - Epoch: 38 | train acc: 0.6185, train loss: 1.08437735, valid acc: 0.5795, valid loss: 1.21454703, test acc: 0.5653, test loss: 1.27025044
[2026-06-26 01:38:06,389][root][INFO] - Epoch: 37 | train acc: 0.6426, train loss: 1.09478594, valid acc: 0.5857, valid loss: 1.22962508, test acc: 0.5695, test loss: 1.24753326
[2026-06-26 01:38:06,633][root][INFO] - Epoch: 37 | train acc: 0.5947, train loss: 1.16322436, valid acc: 0.5585, valid loss: 1.29944509, test acc: 0.5393, test loss: 1.33155512
[2026-06-26 01:38:08,639][root][INFO] - reg loss: 4.161348804098661, entropy loss: 0.022237385149861944, leaf dev: 0.08429864048957825
[2026-06-26 01:38:08,641][root][INFO] - Val leaf stats: tensor([0.1758, 0.2684, 0.1518, 0.0043, 0.0062, 0.0005, 0.0000, 0.0008, 0.0073,
        0.0008, 0.1504, 0.0708, 0.1172, 0.0400, 0.0014, 0.0043])
[2026-06-26 01:38:10,269][root][INFO] - reg loss: 4.1159203326115845, entropy loss: 0.020365569832139326, leaf dev: 0.1171220988035202
[2026-06-26 01:38:10,270][root][INFO] - Val leaf stats: tensor([1.1234e-01, 2.1064e-02, 0.0000e+00, 2.1604e-03, 1.8904e-03, 0.0000e+00,
        1.1612e-02, 2.7005e-04, 5.1040e-02, 1.7877e-01, 1.8093e-02, 1.4934e-01,
        4.5909e-03, 0.0000e+00, 4.0508e-03, 4.4477e-01])
[2026-06-26 01:38:10,552][root][INFO] - reg loss: 4.147908812663594, entropy loss: 0.02261420372934615, leaf dev: 0.12232928723096848
[2026-06-26 01:38:10,553][root][INFO] - Val leaf stats: tensor([8.1015e-04, 4.0238e-02, 2.9706e-02, 7.9125e-02, 2.7005e-04, 2.7005e-04,
        0.0000e+00, 1.6203e-03, 1.0802e-03, 5.4010e-04, 2.3413e-01, 4.0508e-03,
        8.4526e-02, 2.2414e-02, 4.6287e-01, 3.8347e-02])
[2026-06-26 01:38:26,739][root][INFO] - Epoch: 23 | train acc: 0.9811, train loss: 0.17408021, valid acc: 0.9621, valid loss: 0.13726353, test acc: 0.9300, test loss: 0.85448794
[2026-06-26 01:38:26,884][root][INFO] - Epoch: 24 | train acc: 0.9804, train loss: 0.06631068, valid acc: 0.9588, valid loss: 0.15094645, test acc: 0.9227, test loss: 0.76569664
[2026-06-26 01:38:29,915][root][INFO] - reg loss: 6.067304182304907, entropy loss: 0.21747747158247327, leaf dev: 0.058029014617204666
[2026-06-26 01:38:29,916][root][INFO] - Val leaf stats: tensor([0.1881, 0.0686, 0.0912, 0.0035, 0.1217, 0.0308, 0.0667, 0.0084, 0.0035,
        0.0012, 0.0014, 0.0746, 0.1021, 0.0007, 0.1113, 0.1262])
[2026-06-26 01:38:30,021][root][INFO] - reg loss: 5.4768032724895175, entropy loss: 0.22478173602195012, leaf dev: 0.08933266997337341
[2026-06-26 01:38:30,022][root][INFO] - Val leaf stats: tensor([0.3363, 0.0435, 0.1348, 0.0235, 0.0007, 0.0010, 0.0069, 0.0775, 0.0037,
        0.0028, 0.0013, 0.1242, 0.0121, 0.0049, 0.0892, 0.1374])
[2026-06-26 01:38:36,016][root][INFO] - Epoch: 39 | train acc: 0.6151, train loss: 1.09926933, valid acc: 0.5614, valid loss: 1.29227765, test acc: 0.5425, test loss: 1.34206898
[2026-06-26 01:38:38,248][root][INFO] - Epoch: 38 | train acc: 0.6297, train loss: 1.12283289, valid acc: 0.5922, valid loss: 1.22468489, test acc: 0.5704, test loss: 1.23856754
[2026-06-26 01:38:38,429][root][INFO] - Epoch: 38 | train acc: 0.6046, train loss: 1.13306457, valid acc: 0.5690, valid loss: 1.28023097, test acc: 0.5454, test loss: 1.30487929
[2026-06-26 01:38:39,772][root][INFO] - reg loss: 4.160847546624356, entropy loss: 0.02209290095650759, leaf dev: 0.09669315069913864
[2026-06-26 01:38:39,773][root][INFO] - Val leaf stats: tensor([9.6948e-02, 1.7364e-01, 3.5917e-01, 1.4043e-02, 5.4010e-03, 2.7005e-04,
        0.0000e+00, 5.4010e-04, 8.6416e-03, 8.1015e-04, 1.4286e-01, 6.1302e-02,
        9.2358e-02, 3.3756e-02, 4.5909e-03, 5.6711e-03])
[2026-06-26 01:38:42,042][root][INFO] - reg loss: 4.106754365514536, entropy loss: 0.019279434880028007, leaf dev: 0.1163998618721962
[2026-06-26 01:38:42,044][root][INFO] - Val leaf stats: tensor([1.1099e-01, 2.0524e-02, 5.4010e-04, 2.1604e-03, 2.1604e-03, 0.0000e+00,
        8.3716e-03, 2.7005e-04, 5.2390e-02, 1.8066e-01, 4.5909e-03, 1.7607e-01,
        5.1310e-03, 0.0000e+00, 4.3208e-03, 4.3181e-01])
[2026-06-26 01:38:42,515][root][INFO] - reg loss: 4.153063250369713, entropy loss: 0.022534247365642766, leaf dev: 0.11927050352096558
[2026-06-26 01:38:42,516][root][INFO] - Val leaf stats: tensor([5.4010e-04, 4.3478e-02, 2.8085e-02, 9.2358e-02, 0.0000e+00, 2.7005e-04,
        0.0000e+00, 1.8904e-03, 1.0802e-03, 5.4010e-04, 2.0416e-01, 5.4010e-03,
        7.5884e-02, 2.2144e-02, 4.6125e-01, 6.2922e-02])
[2026-06-26 01:39:02,485][root][INFO] - Epoch: 24 | train acc: 0.9814, train loss: 0.17189149, valid acc: 0.9597, valid loss: 0.14465121, test acc: 0.9227, test loss: 0.68485762
[2026-06-26 01:39:03,571][root][INFO] - Epoch: 25 | train acc: 0.9816, train loss: 0.06350407, valid acc: 0.9618, valid loss: 0.13865167, test acc: 0.9354, test loss: 0.67351545
[2026-06-26 01:39:05,098][root][INFO] - reg loss: 6.069480353562289, entropy loss: 0.21360606775081978, leaf dev: 0.06102541834115982
[2026-06-26 01:39:05,099][root][INFO] - Val leaf stats: tensor([0.2175, 0.0749, 0.0967, 0.0035, 0.1327, 0.0565, 0.0639, 0.0077, 0.0028,
        0.0013, 0.0016, 0.0605, 0.0693, 0.0007, 0.0888, 0.1216])
[2026-06-26 01:39:06,289][root][INFO] - reg loss: 5.531532751820075, entropy loss: 0.22285308117273622, leaf dev: 0.08661969006061554
[2026-06-26 01:39:06,289][root][INFO] - Val leaf stats: tensor([0.3224, 0.0512, 0.1363, 0.0327, 0.0008, 0.0007, 0.0068, 0.0789, 0.0038,
        0.0028, 0.0015, 0.1284, 0.0074, 0.0040, 0.0858, 0.1365])
[2026-06-26 01:39:08,617][root][INFO] - Epoch: 40 | train acc: 0.6122, train loss: 1.10640601, valid acc: 0.5658, valid loss: 1.25439055, test acc: 0.5523, test loss: 1.30145215
[2026-06-26 01:39:09,638][root][INFO] - Epoch: 39 | train acc: 0.6430, train loss: 1.08001649, valid acc: 0.6006, valid loss: 1.20474987, test acc: 0.5822, test loss: 1.20677169
[2026-06-26 01:39:10,480][root][INFO] - Epoch: 39 | train acc: 0.6053, train loss: 1.13826761, valid acc: 0.5571, valid loss: 1.31881487, test acc: 0.5292, test loss: 1.36006010
[2026-06-26 01:39:12,306][root][INFO] - reg loss: 4.164100678240667, entropy loss: 0.02372912348049586, leaf dev: 0.07960160821676254
[2026-06-26 01:39:12,307][root][INFO] - Val leaf stats: tensor([0.1672, 0.1583, 0.2277, 0.0068, 0.0057, 0.0005, 0.0000, 0.0005, 0.0105,
        0.0008, 0.1763, 0.0883, 0.1118, 0.0316, 0.0122, 0.0019])
[2026-06-26 01:39:13,694][root][INFO] - reg loss: 4.105075617305568, entropy loss: 0.019185304641723633, leaf dev: 0.11322479695081711
[2026-06-26 01:39:13,696][root][INFO] - Val leaf stats: tensor([1.1666e-01, 3.1326e-02, 5.4010e-04, 1.8904e-03, 1.0802e-03, 0.0000e+00,
        9.9919e-03, 2.7005e-04, 5.2930e-02, 1.8336e-01, 3.7807e-03, 1.6986e-01,
        4.8609e-03, 0.0000e+00, 5.4010e-03, 4.1804e-01])
[2026-06-26 01:39:14,470][root][INFO] - reg loss: 4.152042482720047, entropy loss: 0.022569756405275376, leaf dev: 0.12881025671958923
[2026-06-26 01:39:14,471][root][INFO] - Val leaf stats: tensor([5.4010e-04, 3.6187e-02, 2.0254e-02, 1.1342e-02, 0.0000e+00, 2.7005e-04,
        2.7005e-04, 5.9411e-03, 1.8904e-03, 2.7005e-04, 2.4170e-01, 5.6711e-03,
        7.5884e-02, 3.2136e-02, 4.8771e-01, 7.9935e-02])
[2026-06-26 01:39:37,319][root][INFO] - Epoch: 25 | train acc: 0.9804, train loss: 0.17101229, valid acc: 0.9621, valid loss: 0.14101522, test acc: 0.9309, test loss: 0.70563576
[2026-06-26 01:39:38,880][root][INFO] - Epoch: 26 | train acc: 0.9817, train loss: 0.06264642, valid acc: 0.9636, valid loss: 0.13481407, test acc: 0.9325, test loss: 0.62910977
[2026-06-26 01:39:39,499][root][INFO] - Epoch: 41 | train acc: 0.6171, train loss: 1.08465624, valid acc: 0.5755, valid loss: 1.24902783, test acc: 0.5631, test loss: 1.31183031
[2026-06-26 01:39:40,119][root][INFO] - reg loss: 5.991361638225576, entropy loss: 0.2059259534512878, leaf dev: 0.0662987157702446
[2026-06-26 01:39:40,120][root][INFO] - Val leaf stats: tensor([0.1978, 0.0717, 0.0963, 0.0020, 0.1857, 0.0578, 0.0013, 0.0043, 0.0028,
        0.0013, 0.0013, 0.0798, 0.0735, 0.0007, 0.1014, 0.1223])
[2026-06-26 01:39:41,329][root][INFO] - Epoch: 40 | train acc: 0.6512, train loss: 1.06622069, valid acc: 0.6084, valid loss: 1.18653615, test acc: 0.5847, test loss: 1.19409880
[2026-06-26 01:39:41,766][root][INFO] - reg loss: 5.51098347971679, entropy loss: 0.22262685134928062, leaf dev: 0.08621706813573837
[2026-06-26 01:39:41,767][root][INFO] - Val leaf stats: tensor([0.3185, 0.0549, 0.1320, 0.0288, 0.0010, 0.0007, 0.0073, 0.0795, 0.0035,
        0.0039, 0.0015, 0.1370, 0.0054, 0.0034, 0.0855, 0.1372])
[2026-06-26 01:39:42,493][root][INFO] - Epoch: 40 | train acc: 0.5836, train loss: 1.19812596, valid acc: 0.5485, valid loss: 1.35180495, test acc: 0.5353, test loss: 1.36569574
[2026-06-26 01:39:43,474][root][INFO] - reg loss: 4.1659979038551205, entropy loss: 0.023656478518101036, leaf dev: 0.08280731737613678
[2026-06-26 01:39:43,476][root][INFO] - Val leaf stats: tensor([0.1677, 0.2241, 0.1988, 0.0084, 0.0057, 0.0003, 0.0000, 0.0005, 0.0062,
        0.0008, 0.1777, 0.0743, 0.0978, 0.0230, 0.0130, 0.0019])
[2026-06-26 01:39:45,416][root][INFO] - reg loss: 4.106533754067343, entropy loss: 0.019755436046445956, leaf dev: 0.10973905026912689
[2026-06-26 01:39:45,418][root][INFO] - Val leaf stats: tensor([1.3341e-01, 2.9166e-02, 1.6473e-02, 2.7005e-04, 5.4010e-04, 0.0000e+00,
        1.0532e-02, 2.7005e-04, 5.5901e-02, 1.8039e-01, 3.7807e-03, 1.5447e-01,
        4.8609e-03, 0.0000e+00, 4.3208e-03, 4.0562e-01])
[2026-06-26 01:39:46,378][root][INFO] - reg loss: 4.1345678782853925, entropy loss: 0.021323503315693042, leaf dev: 0.1377127468585968
[2026-06-26 01:39:46,379][root][INFO] - Val leaf stats: tensor([5.4010e-04, 3.9427e-02, 2.1334e-02, 1.1072e-02, 0.0000e+00, 2.7005e-04,
        2.7005e-04, 6.2112e-03, 1.8904e-03, 2.7005e-04, 2.7680e-01, 7.8315e-03,
        7.1834e-02, 3.0786e-02, 5.1148e-01, 1.9984e-02])
[2026-06-26 01:40:12,287][root][INFO] - Epoch: 42 | train acc: 0.6315, train loss: 1.05102738, valid acc: 0.5890, valid loss: 1.21481505, test acc: 0.5690, test loss: 1.28689931
[2026-06-26 01:40:12,902][root][INFO] - Epoch: 26 | train acc: 0.9818, train loss: 0.16258214, valid acc: 0.9623, valid loss: 0.13971714, test acc: 0.9317, test loss: 0.69683533
[2026-06-26 01:40:12,961][root][INFO] - Epoch: 41 | train acc: 0.5914, train loss: 1.17126920, valid acc: 0.5671, valid loss: 1.29245985, test acc: 0.5452, test loss: 1.34595862
[2026-06-26 01:40:13,250][root][INFO] - Epoch: 41 | train acc: 0.6633, train loss: 1.03336836, valid acc: 0.6087, valid loss: 1.18591085, test acc: 0.5977, test loss: 1.19006401
[2026-06-26 01:40:15,805][root][INFO] - Epoch: 27 | train acc: 0.9822, train loss: 0.05971967, valid acc: 0.9607, valid loss: 0.14376296, test acc: 0.9435, test loss: 0.67830690
[2026-06-26 01:40:16,036][root][INFO] - reg loss: 4.163328217678383, entropy loss: 0.023777668715500442, leaf dev: 0.08619248867034912
[2026-06-26 01:40:16,038][root][INFO] - Val leaf stats: tensor([0.1653, 0.2393, 0.2306, 0.0116, 0.0062, 0.0003, 0.0000, 0.0008, 0.0062,
        0.0008, 0.1510, 0.0535, 0.0983, 0.0243, 0.0070, 0.0049])
[2026-06-26 01:40:16,139][root][INFO] - reg loss: 5.807058500865149, entropy loss: 0.1989575636292261, leaf dev: 0.0664326548576355
[2026-06-26 01:40:16,142][root][INFO] - Val leaf stats: tensor([0.1774, 0.0704, 0.0936, 0.0021, 0.1947, 0.0342, 0.0012, 0.0045, 0.0028,
        0.0011, 0.0015, 0.1018, 0.0818, 0.0007, 0.1024, 0.1298])
[2026-06-26 01:40:17,128][root][INFO] - reg loss: 4.138275560785512, entropy loss: 0.021682700081194033, leaf dev: 0.12273919582366943
[2026-06-26 01:40:17,129][root][INFO] - Val leaf stats: tensor([5.4010e-04, 5.9141e-02, 2.3224e-02, 4.7259e-02, 0.0000e+00, 2.7005e-04,
        2.7005e-04, 9.4518e-03, 2.1604e-03, 0.0000e+00, 2.8814e-01, 1.0532e-02,
        6.6163e-02, 3.4297e-02, 4.3937e-01, 1.9174e-02])
[2026-06-26 01:40:17,359][root][INFO] - reg loss: 4.109206590496126, entropy loss: 0.020113452994188326, leaf dev: 0.10847025364637375
[2026-06-26 01:40:17,360][root][INFO] - Val leaf stats: tensor([1.4529e-01, 3.4567e-02, 8.6416e-03, 2.7005e-04, 8.1015e-04, 0.0000e+00,
        1.0532e-02, 2.7005e-04, 5.4820e-02, 1.7661e-01, 6.2112e-03, 1.4205e-01,
        1.2152e-02, 0.0000e+00, 5.4010e-03, 4.0238e-01])
[2026-06-26 01:40:18,605][root][INFO] - reg loss: 5.4964914372358376, entropy loss: 0.21961398320223288, leaf dev: 0.0890955775976181
[2026-06-26 01:40:18,607][root][INFO] - Val leaf stats: tensor([0.3349, 0.0547, 0.1276, 0.0237, 0.0017, 0.0007, 0.0033, 0.0827, 0.0035,
        0.0037, 0.0014, 0.1240, 0.0056, 0.0036, 0.0910, 0.1378])
[2026-06-26 01:40:44,744][root][INFO] - Epoch: 42 | train acc: 0.6668, train loss: 1.02858726, valid acc: 0.6154, valid loss: 1.18157811, test acc: 0.6048, test loss: 1.18249006
[2026-06-26 01:40:45,179][root][INFO] - Epoch: 42 | train acc: 0.6008, train loss: 1.15654533, valid acc: 0.5649, valid loss: 1.28752437, test acc: 0.5469, test loss: 1.30283135
[2026-06-26 01:40:45,189][root][INFO] - Epoch: 43 | train acc: 0.6359, train loss: 1.02800577, valid acc: 0.5944, valid loss: 1.20157073, test acc: 0.5700, test loss: 1.26786315
[2026-06-26 01:40:47,240][root][INFO] - Epoch: 27 | train acc: 0.9827, train loss: 0.16031365, valid acc: 0.9605, valid loss: 0.14385151, test acc: 0.9313, test loss: 0.89120654
[2026-06-26 01:40:48,707][root][INFO] - reg loss: 4.118028781453117, entropy loss: 0.021017145487617274, leaf dev: 0.10806241631507874
[2026-06-26 01:40:48,708][root][INFO] - Val leaf stats: tensor([0.1231, 0.0367, 0.0030, 0.0005, 0.0030, 0.0008, 0.0138, 0.0000, 0.0548,
        0.1790, 0.0084, 0.1583, 0.0081, 0.0000, 0.0097, 0.4008])
[2026-06-26 01:40:49,525][root][INFO] - reg loss: 4.145237125334193, entropy loss: 0.02195513275925253, leaf dev: 0.12350790202617645
[2026-06-26 01:40:49,526][root][INFO] - Val leaf stats: tensor([5.4010e-04, 6.3732e-02, 2.9706e-02, 8.8307e-02, 0.0000e+00, 2.7005e-04,
        2.7005e-04, 1.1072e-02, 2.4305e-03, 2.7005e-04, 2.4197e-01, 1.1072e-02,
        4.8609e-02, 1.8093e-02, 4.6557e-01, 1.8093e-02])
[2026-06-26 01:40:49,628][root][INFO] - reg loss: 4.161736097492155, entropy loss: 0.023201559655001907, leaf dev: 0.08525903522968292
[2026-06-26 01:40:49,629][root][INFO] - Val leaf stats: tensor([0.1647, 0.2482, 0.2133, 0.0116, 0.0062, 0.0005, 0.0000, 0.0003, 0.0043,
        0.0008, 0.1496, 0.0589, 0.1026, 0.0243, 0.0108, 0.0038])
[2026-06-26 01:40:49,863][root][INFO] - Epoch: 28 | train acc: 0.9829, train loss: 0.05801246, valid acc: 0.9617, valid loss: 0.13964861, test acc: 0.9468, test loss: 0.69253128
[2026-06-26 01:40:49,921][root][INFO] - reg loss: 5.917122101657605, entropy loss: 0.20075421098363463, leaf dev: 0.06289208680391312
[2026-06-26 01:40:49,922][root][INFO] - Val leaf stats: tensor([0.1069, 0.0621, 0.0908, 0.0024, 0.1558, 0.0261, 0.0177, 0.0066, 0.0025,
        0.0010, 0.0018, 0.0882, 0.1237, 0.0005, 0.1751, 0.1387])
[2026-06-26 01:40:53,086][root][INFO] - reg loss: 5.468780752212282, entropy loss: 0.22123726492836363, leaf dev: 0.08787524700164795
[2026-06-26 01:40:53,088][root][INFO] - Val leaf stats: tensor([0.3298, 0.0468, 0.1387, 0.0343, 0.0016, 0.0014, 0.0033, 0.0776, 0.0036,
        0.0034, 0.0015, 0.1189, 0.0083, 0.0057, 0.0869, 0.1384])
[2026-06-26 01:41:17,297][root][INFO] - Epoch: 43 | train acc: 0.6732, train loss: 1.01059573, valid acc: 0.6111, valid loss: 1.18603732, test acc: 0.5992, test loss: 1.18486992
[2026-06-26 01:41:17,412][root][INFO] - Epoch: 43 | train acc: 0.6110, train loss: 1.12332379, valid acc: 0.5741, valid loss: 1.25355206, test acc: 0.5503, test loss: 1.29244035
[2026-06-26 01:41:18,282][root][INFO] - Epoch: 44 | train acc: 0.6293, train loss: 1.06034621, valid acc: 0.5817, valid loss: 1.26127485, test acc: 0.5619, test loss: 1.32484034
[2026-06-26 01:41:21,038][root][INFO] - reg loss: 4.119217942972652, entropy loss: 0.020816879255361246, leaf dev: 0.10006660223007202
[2026-06-26 01:41:21,039][root][INFO] - Val leaf stats: tensor([1.3611e-01, 3.8617e-02, 2.1604e-03, 5.4010e-04, 2.1604e-03, 0.0000e+00,
        9.7218e-03, 2.7005e-04, 5.6441e-02, 1.8147e-01, 9.7218e-03, 1.5690e-01,
        2.4845e-02, 0.0000e+00, 1.9444e-02, 3.6160e-01])
[2026-06-26 01:41:21,376][root][INFO] - Epoch: 28 | train acc: 0.9835, train loss: 0.15682787, valid acc: 0.9626, valid loss: 0.14182613, test acc: 0.9323, test loss: 0.93246347
[2026-06-26 01:41:21,586][root][INFO] - reg loss: 4.150816417131268, entropy loss: 0.022278039639846224, leaf dev: 0.11469682306051254
[2026-06-26 01:41:21,587][root][INFO] - Val leaf stats: tensor([1.0802e-03, 7.6154e-02, 3.2946e-02, 1.1747e-01, 0.0000e+00, 2.7005e-04,
        2.7005e-04, 1.2422e-02, 2.1604e-03, 2.7005e-04, 2.0443e-01, 7.8315e-03,
        5.8061e-02, 2.8625e-02, 4.3883e-01, 1.9174e-02])
[2026-06-26 01:41:22,424][root][INFO] - reg loss: 4.167652935278221, entropy loss: 0.023776496836885076, leaf dev: 0.07908155024051666
[2026-06-26 01:41:22,425][root][INFO] - Val leaf stats: tensor([0.0934, 0.1790, 0.2169, 0.0138, 0.0059, 0.0014, 0.0005, 0.0000, 0.0032,
        0.0000, 0.2055, 0.1088, 0.1113, 0.0386, 0.0170, 0.0046])
[2026-06-26 01:41:24,528][root][INFO] - reg loss: 5.943644140132521, entropy loss: 0.19773638074990935, leaf dev: 0.06403763592243195
[2026-06-26 01:41:24,530][root][INFO] - Val leaf stats: tensor([0.1983, 0.0814, 0.0996, 0.0024, 0.1617, 0.0280, 0.0297, 0.0070, 0.0035,
        0.0010, 0.0015, 0.0939, 0.0596, 0.0006, 0.0932, 0.1385])
[2026-06-26 01:41:26,644][root][INFO] - Epoch: 29 | train acc: 0.9807, train loss: 0.06596450, valid acc: 0.9624, valid loss: 0.13978644, test acc: 0.9439, test loss: 0.70748650
[2026-06-26 01:41:30,039][root][INFO] - reg loss: 5.484700904321418, entropy loss: 0.216111966384151, leaf dev: 0.07920965552330017
[2026-06-26 01:41:30,041][root][INFO] - Val leaf stats: tensor([0.2869, 0.0483, 0.1478, 0.0603, 0.0012, 0.0011, 0.0032, 0.0791, 0.0038,
        0.0029, 0.0015, 0.1093, 0.0169, 0.0060, 0.0925, 0.1391])
[2026-06-26 01:41:49,203][root][INFO] - Epoch: 44 | train acc: 0.6730, train loss: 1.00436696, valid acc: 0.6165, valid loss: 1.14745572, test acc: 0.6122, test loss: 1.16065113
[2026-06-26 01:41:49,525][root][INFO] - Epoch: 45 | train acc: 0.6340, train loss: 1.04955903, valid acc: 0.5911, valid loss: 1.22399855, test acc: 0.5815, test loss: 1.26244213
[2026-06-26 01:41:49,605][root][INFO] - Epoch: 44 | train acc: 0.6153, train loss: 1.10459407, valid acc: 0.5747, valid loss: 1.25507119, test acc: 0.5513, test loss: 1.28044771
[2026-06-26 01:41:52,655][root][INFO] - reg loss: 4.108806383414347, entropy loss: 0.01836504400936795, leaf dev: 0.10318556427955627
[2026-06-26 01:41:52,656][root][INFO] - Val leaf stats: tensor([1.5690e-01, 4.9689e-02, 2.9706e-03, 5.4010e-04, 2.7005e-04, 0.0000e+00,
        8.1015e-03, 2.7005e-04, 5.5631e-02, 1.7229e-01, 8.6416e-03, 1.4664e-01,
        4.0508e-03, 0.0000e+00, 1.9444e-02, 3.7456e-01])
[2026-06-26 01:41:53,326][root][INFO] - reg loss: 4.172183232229264, entropy loss: 0.023128676732055476, leaf dev: 0.08304142951965332
[2026-06-26 01:41:53,328][root][INFO] - Val leaf stats: tensor([0.1053, 0.2279, 0.2430, 0.0224, 0.0073, 0.0003, 0.0011, 0.0003, 0.0022,
        0.0003, 0.1566, 0.0751, 0.1078, 0.0373, 0.0086, 0.0046])
[2026-06-26 01:41:53,579][root][INFO] - reg loss: 4.1536916357571965, entropy loss: 0.022457533500722198, leaf dev: 0.11171288788318634
[2026-06-26 01:41:53,580][root][INFO] - Val leaf stats: tensor([1.0802e-03, 7.5614e-02, 2.4305e-02, 1.2638e-01, 0.0000e+00, 2.7005e-04,
        2.7005e-04, 1.2962e-02, 2.4305e-03, 2.7005e-04, 1.9903e-01, 9.7218e-03,
        6.7783e-02, 3.4567e-02, 4.2587e-01, 1.9444e-02])
[2026-06-26 01:41:54,453][root][INFO] - Epoch: 29 | train acc: 0.9844, train loss: 0.15017571, valid acc: 0.9611, valid loss: 0.14664791, test acc: 0.9317, test loss: 0.97394344
[2026-06-26 01:41:57,905][root][INFO] - reg loss: 5.93739664743817, entropy loss: 0.19488924505218627, leaf dev: 0.06289155036211014
[2026-06-26 01:41:57,907][root][INFO] - Val leaf stats: tensor([0.1849, 0.0768, 0.0955, 0.0024, 0.1642, 0.0332, 0.0320, 0.0072, 0.0032,
        0.0013, 0.0017, 0.0567, 0.0843, 0.0006, 0.1147, 0.1414])
[2026-06-26 01:42:03,147][root][INFO] - Epoch: 30 | train acc: 0.9828, train loss: 0.05824678, valid acc: 0.9626, valid loss: 0.13635141, test acc: 0.9427, test loss: 0.68705119
[2026-06-26 01:42:06,184][root][INFO] - reg loss: 5.545844635635457, entropy loss: 0.21906832869721468, leaf dev: 0.07466446608304977
[2026-06-26 01:42:06,185][root][INFO] - Val leaf stats: tensor([0.2533, 0.0472, 0.1383, 0.0970, 0.0016, 0.0011, 0.0032, 0.0787, 0.0035,
        0.0037, 0.0009, 0.1258, 0.0055, 0.0039, 0.0938, 0.1425])
[2026-06-26 01:42:20,616][root][INFO] - Epoch: 45 | train acc: 0.6769, train loss: 0.99135291, valid acc: 0.6154, valid loss: 1.15940142, test acc: 0.6082, test loss: 1.16083651
[2026-06-26 01:42:21,652][root][INFO] - Epoch: 46 | train acc: 0.6328, train loss: 1.04633847, valid acc: 0.5455, valid loss: 1.29957052, test acc: 0.5457, test loss: 1.33267066
[2026-06-26 01:42:21,857][root][INFO] - Epoch: 45 | train acc: 0.6165, train loss: 1.09977852, valid acc: 0.5820, valid loss: 1.25900077, test acc: 0.5555, test loss: 1.29174119
[2026-06-26 01:42:24,097][root][INFO] - reg loss: 4.112368654032222, entropy loss: 0.01879280472754455, leaf dev: 0.10276082158088684
[2026-06-26 01:42:24,099][root][INFO] - Val leaf stats: tensor([0.1499, 0.0470, 0.0019, 0.0005, 0.0011, 0.0005, 0.0127, 0.0000, 0.0589,
        0.1720, 0.0092, 0.1499, 0.0035, 0.0000, 0.0186, 0.3743])
[2026-06-26 01:42:25,292][root][INFO] - reg loss: 4.159172441138596, entropy loss: 0.022614221409207484, leaf dev: 0.1124565377831459
[2026-06-26 01:42:25,294][root][INFO] - Val leaf stats: tensor([1.0802e-03, 5.4550e-02, 3.4026e-02, 1.2395e-01, 0.0000e+00, 2.7005e-04,
        2.7005e-04, 1.0532e-02, 2.4305e-03, 2.7005e-04, 2.2198e-01, 1.0532e-02,
        6.1032e-02, 4.1588e-02, 4.2128e-01, 1.6203e-02])
[2026-06-26 01:42:25,302][root][INFO] - reg loss: 4.154799226854668, entropy loss: 0.022122424767642725, leaf dev: 0.10650836676359177
[2026-06-26 01:42:25,303][root][INFO] - Val leaf stats: tensor([4.0778e-02, 4.1237e-01, 1.4421e-01, 1.4583e-02, 4.5909e-03, 8.1015e-04,
        8.1015e-04, 2.7005e-04, 1.6203e-03, 2.7005e-04, 1.3719e-01, 6.8593e-02,
        1.2179e-01, 3.8077e-02, 9.1817e-03, 4.8609e-03])
[2026-06-26 01:42:31,900][root][INFO] - Epoch: 30 | train acc: 0.9842, train loss: 0.14868370, valid acc: 0.9648, valid loss: 0.13783504, test acc: 0.9320, test loss: 1.02708516
[2026-06-26 01:42:35,466][root][INFO] - reg loss: 5.885193262150679, entropy loss: 0.18774934743762647, leaf dev: 0.06644986569881439
[2026-06-26 01:42:35,468][root][INFO] - Val leaf stats: tensor([0.1844, 0.0631, 0.0889, 0.0025, 0.1816, 0.0292, 0.0057, 0.0048, 0.0038,
        0.0013, 0.0016, 0.0817, 0.0911, 0.0007, 0.1183, 0.1411])
[2026-06-26 01:42:38,330][root][INFO] - Epoch: 31 | train acc: 0.9825, train loss: 0.05881179, valid acc: 0.9592, valid loss: 0.14329828, test acc: 0.9439, test loss: 0.68732421
[2026-06-26 01:42:41,770][root][INFO] - reg loss: 5.526960943111036, entropy loss: 0.21930848929301772, leaf dev: 0.08421911299228668
[2026-06-26 01:42:41,771][root][INFO] - Val leaf stats: tensor([0.3147, 0.0502, 0.1186, 0.0462, 0.0019, 0.0023, 0.0045, 0.0945, 0.0041,
        0.0042, 0.0008, 0.1204, 0.0060, 0.0039, 0.0848, 0.1428])
[2026-06-26 01:42:52,054][root][INFO] - Epoch: 47 | train acc: 0.6070, train loss: 1.10603637, valid acc: 0.5698, valid loss: 1.21811988, test acc: 0.5601, test loss: 1.29786514
[2026-06-26 01:42:53,173][root][INFO] - Epoch: 46 | train acc: 0.6248, train loss: 1.09400989, valid acc: 0.5774, valid loss: 1.28126116, test acc: 0.5503, test loss: 1.30503380
[2026-06-26 01:42:53,837][root][INFO] - Epoch: 46 | train acc: 0.6791, train loss: 0.98083612, valid acc: 0.6190, valid loss: 1.14450657, test acc: 0.6156, test loss: 1.17461343
[2026-06-26 01:42:55,192][root][INFO] - reg loss: 4.144245139888076, entropy loss: 0.02107472726922543, leaf dev: 0.10223473608493805
[2026-06-26 01:42:55,193][root][INFO] - Val leaf stats: tensor([4.5639e-02, 3.8968e-01, 1.6311e-01, 9.9919e-03, 8.1015e-04, 4.0508e-03,
        4.5909e-03, 5.6711e-03, 2.4305e-03, 2.7005e-04, 1.2530e-01, 7.9665e-02,
        1.2476e-01, 2.8355e-02, 1.1072e-02, 4.5909e-03])
[2026-06-26 01:42:56,840][root][INFO] - reg loss: 4.1502110919014354, entropy loss: 0.022176384345674125, leaf dev: 0.10819829255342484
[2026-06-26 01:42:56,841][root][INFO] - Val leaf stats: tensor([1.0802e-03, 7.2914e-02, 3.4297e-02, 1.5015e-01, 0.0000e+00, 2.7005e-04,
        2.7005e-04, 1.1342e-02, 2.4305e-03, 2.7005e-04, 1.9903e-01, 1.0262e-02,
        7.5344e-02, 2.0524e-02, 4.0346e-01, 1.8363e-02])
[2026-06-26 01:42:57,813][root][INFO] - reg loss: 4.11135549232608, entropy loss: 0.01897583956845471, leaf dev: 0.10232575982809067
[2026-06-26 01:42:57,815][root][INFO] - Val leaf stats: tensor([1.5366e-01, 4.5369e-02, 2.7005e-04, 5.4010e-04, 1.3503e-03, 5.4010e-04,
        9.7218e-03, 3.5107e-03, 5.8601e-02, 1.7283e-01, 1.0262e-02, 1.4637e-01,
        2.9706e-03, 5.4010e-04, 2.1334e-02, 3.7213e-01])
[2026-06-26 01:43:09,925][root][INFO] - Epoch: 31 | train acc: 0.9862, train loss: 0.14016577, valid acc: 0.9635, valid loss: 0.14112099, test acc: 0.9292, test loss: 1.06146576
[2026-06-26 01:43:13,640][root][INFO] - reg loss: 5.778882208324614, entropy loss: 0.18345367127940768, leaf dev: 0.0646689236164093
[2026-06-26 01:43:13,641][root][INFO] - Val leaf stats: tensor([0.1666, 0.0619, 0.0916, 0.0025, 0.1886, 0.0484, 0.0035, 0.0058, 0.0039,
        0.0014, 0.0013, 0.0836, 0.0851, 0.0007, 0.1120, 0.1433])
[2026-06-26 01:43:13,872][root][INFO] - Epoch: 32 | train acc: 0.9824, train loss: 0.05995298, valid acc: 0.9608, valid loss: 0.14150693, test acc: 0.9445, test loss: 0.75595024
[2026-06-26 01:43:16,562][root][INFO] - reg loss: 5.495432144750363, entropy loss: 0.21837729877895778, leaf dev: 0.07515532523393631
[2026-06-26 01:43:16,563][root][INFO] - Val leaf stats: tensor([0.2668, 0.0547, 0.1202, 0.0895, 0.0018, 0.0017, 0.0053, 0.0875, 0.0039,
        0.0043, 0.0009, 0.1215, 0.0075, 0.0038, 0.0883, 0.1422])
[2026-06-26 01:43:23,091][root][INFO] - Epoch: 47 | train acc: 0.6109, train loss: 1.12712703, valid acc: 0.5730, valid loss: 1.24914415, test acc: 0.5594, test loss: 1.30412105
[2026-06-26 01:43:23,776][root][INFO] - Epoch: 48 | train acc: 0.6267, train loss: 1.06552582, valid acc: 0.5841, valid loss: 1.21530691, test acc: 0.5682, test loss: 1.31605401
[2026-06-26 01:43:26,799][root][INFO] - Epoch: 47 | train acc: 0.6822, train loss: 0.97100296, valid acc: 0.6127, valid loss: 1.18429036, test acc: 0.6114, test loss: 1.17018902
[2026-06-26 01:43:27,050][root][INFO] - reg loss: 4.1558375436751565, entropy loss: 0.02160306277944416, leaf dev: 0.10066388547420502
[2026-06-26 01:43:27,051][root][INFO] - Val leaf stats: tensor([1.0802e-03, 8.9657e-02, 3.2946e-02, 1.5042e-01, 0.0000e+00, 2.7005e-04,
        2.7005e-04, 9.4518e-03, 4.0508e-03, 0.0000e+00, 2.3954e-01, 3.3486e-02,
        5.9681e-02, 1.5393e-02, 3.4648e-01, 1.7283e-02])
[2026-06-26 01:43:27,741][root][INFO] - reg loss: 4.145265078935467, entropy loss: 0.02151758181022816, leaf dev: 0.10083148628473282
[2026-06-26 01:43:27,742][root][INFO] - Val leaf stats: tensor([4.8069e-02, 3.6646e-01, 1.8715e-01, 8.9117e-03, 1.0802e-03, 4.8609e-03,
        4.5909e-03, 2.4305e-03, 2.7005e-03, 2.7005e-04, 1.6068e-01, 5.4280e-02,
        1.1666e-01, 2.7275e-02, 9.9919e-03, 4.5909e-03])
[2026-06-26 01:43:30,585][root][INFO] - reg loss: 4.1094190800776245, entropy loss: 0.01918822615483745, leaf dev: 0.10179293900728226
[2026-06-26 01:43:30,587][root][INFO] - Val leaf stats: tensor([1.4529e-01, 4.4558e-02, 2.7005e-04, 5.4010e-04, 5.4010e-04, 0.0000e+00,
        1.8363e-02, 4.0508e-03, 5.9141e-02, 1.7688e-01, 1.0532e-02, 1.4745e-01,
        2.4305e-03, 2.7005e-04, 1.8904e-02, 3.7078e-01])
[2026-06-26 01:43:45,931][root][INFO] - Epoch: 32 | train acc: 0.9871, train loss: 0.13605245, valid acc: 0.9640, valid loss: 0.13817633, test acc: 0.9327, test loss: 1.08568107
[2026-06-26 01:43:47,533][root][INFO] - Epoch: 33 | train acc: 0.9849, train loss: 0.05107043, valid acc: 0.9608, valid loss: 0.14270878, test acc: 0.9411, test loss: 0.88990197
[2026-06-26 01:43:48,401][root][INFO] - reg loss: 5.734150101898839, entropy loss: 0.18229975295129908, leaf dev: 0.06615562736988068
[2026-06-26 01:43:48,402][root][INFO] - Val leaf stats: tensor([1.8295e-01, 7.8913e-02, 9.3482e-02, 2.5215e-03, 1.9219e-01, 4.6694e-02,
        3.8289e-03, 8.1248e-03, 4.0157e-03, 1.4942e-03, 1.2140e-03, 8.1341e-02,
        6.4064e-02, 1.8678e-04, 9.4882e-02, 1.4410e-01])
[2026-06-26 01:43:50,299][root][INFO] - reg loss: 5.461328889957811, entropy loss: 0.2183909445370316, leaf dev: 0.07335063815116882
[2026-06-26 01:43:50,301][root][INFO] - Val leaf stats: tensor([0.2572, 0.0576, 0.1282, 0.0840, 0.0012, 0.0018, 0.0046, 0.0839, 0.0035,
        0.0045, 0.0008, 0.1145, 0.0120, 0.0058, 0.0980, 0.1423])
[2026-06-26 01:43:55,180][root][INFO] - Epoch: 49 | train acc: 0.6378, train loss: 1.04128184, valid acc: 0.5914, valid loss: 1.20226266, test acc: 0.5704, test loss: 1.29264399
[2026-06-26 01:43:55,975][root][INFO] - Epoch: 48 | train acc: 0.6205, train loss: 1.10196318, valid acc: 0.5798, valid loss: 1.21307041, test acc: 0.5606, test loss: 1.27822491
[2026-06-26 01:43:58,233][root][INFO] - Epoch: 48 | train acc: 0.6777, train loss: 0.97452479, valid acc: 0.6011, valid loss: 1.20854880, test acc: 0.5957, test loss: 1.20248882
[2026-06-26 01:43:58,452][root][INFO] - reg loss: 4.145243011537145, entropy loss: 0.022244518225798843, leaf dev: 0.0993969738483429
[2026-06-26 01:43:58,453][root][INFO] - Val leaf stats: tensor([4.6719e-02, 3.5728e-01, 1.9795e-01, 1.1072e-02, 1.8904e-03, 3.2406e-03,
        2.7005e-03, 1.3503e-03, 3.5107e-03, 2.7005e-04, 1.5798e-01, 5.9681e-02,
        1.0937e-01, 2.8895e-02, 1.3773e-02, 4.3208e-03])
[2026-06-26 01:43:59,951][root][INFO] - reg loss: 4.152888172962626, entropy loss: 0.021460929793901132, leaf dev: 0.10358969867229462
[2026-06-26 01:43:59,952][root][INFO] - Val leaf stats: tensor([1.0802e-03, 8.9657e-02, 2.8895e-02, 1.4637e-01, 0.0000e+00, 2.7005e-04,
        2.7005e-04, 1.2422e-02, 4.5909e-03, 0.0000e+00, 2.3494e-01, 2.2144e-02,
        5.9951e-02, 1.7013e-02, 3.6484e-01, 1.7553e-02])
[2026-06-26 01:44:01,889][root][INFO] - reg loss: 4.1167168617248535, entropy loss: 0.019168150260067376, leaf dev: 0.09662197530269623
[2026-06-26 01:44:01,891][root][INFO] - Val leaf stats: tensor([1.5717e-01, 3.9698e-02, 0.0000e+00, 5.4010e-04, 1.6203e-03, 0.0000e+00,
        9.4518e-03, 3.5107e-03, 6.1572e-02, 1.8526e-01, 7.5884e-02, 9.5598e-02,
        2.4305e-03, 2.7005e-04, 1.6473e-02, 3.5053e-01])
[2026-06-26 01:44:02,782][root][INFO] - Val leaf stats: tensor([4.6719e-02, 3.5728e-01, 1.9795e-01, 1.1072e-02, 1.8904e-03, 3.2406e-03,
        2.7005e-03, 1.3503e-03, 3.5107e-03, 2.7005e-04, 1.5798e-01, 5.9681e-02,
        1.0937e-01, 2.8895e-02, 1.3773e-02, 4.3208e-03])
[2026-06-26 01:44:06,983][root][INFO] - Test leaf std: 0.09502583742141724, Val leaf std: 0.0993969738483429
[2026-06-26 01:44:11,483][root][INFO] - FINAL TEST | acc: 0.5704, loss: 1.2926, 
[2026-06-26 01:44:11,663][root][INFO] - MLFlow run ID: 2105b83086c841dfbf258e9a6ecf762c, status: FINISHED
[2026-06-26 01:44:19,929][root][INFO] - Epoch: 33 | train acc: 0.9868, train loss: 0.13595763, valid acc: 0.9640, valid loss: 0.13816729, test acc: 0.9320, test loss: 1.10736902
[2026-06-26 01:44:20,803][root][INFO] - Epoch: 34 | train acc: 0.9839, train loss: 0.05516041, valid acc: 0.9577, valid loss: 0.15044204, test acc: 0.9329, test loss: 1.65563121
[2026-06-26 01:44:21,698][root][INFO] - Feature size: (13, 61)
[2026-06-26 01:44:22,414][root][INFO] - reg loss: 5.821890180073087, entropy loss: 0.1814628434244287, leaf dev: 0.0660131424665451
[2026-06-26 01:44:22,415][root][INFO] - Val leaf stats: tensor([0.1733, 0.0729, 0.0936, 0.0030, 0.1919, 0.0339, 0.0033, 0.0072, 0.0037,
        0.0013, 0.0014, 0.0826, 0.0749, 0.0006, 0.1146, 0.1419])
[2026-06-26 01:44:23,261][root][INFO] - reg loss: 5.53219797497704, entropy loss: 0.21694208279488578, leaf dev: 0.08246707171201706
[2026-06-26 01:44:23,262][root][INFO] - Val leaf stats: tensor([0.3087, 0.0545, 0.1084, 0.0684, 0.0012, 0.0013, 0.0033, 0.0773, 0.0034,
        0.0036, 0.0010, 0.1208, 0.0064, 0.0057, 0.0925, 0.1434])
[2026-06-26 01:44:25,627][root][INFO] - MLFlow server is starting on LOCAL with experiment STM_SC_hard_seeded...
[2026-06-26 01:44:25,739][root][INFO] - MLFlow run ID: 93ea19a89a8e497c8174d003ca538dff, status: RUNNING
[2026-06-26 01:44:25,860][root][INFO] - Starting experiment IATrain...
[2026-06-26 01:44:28,583][root][INFO] - Epoch: 49 | train acc: 0.6231, train loss: 1.09165398, valid acc: 0.5342, valid loss: 1.39283130, test acc: 0.5194, test loss: 1.41356046
[2026-06-26 01:44:29,021][root][INFO] - Epoch: 49 | train acc: 0.6660, train loss: 0.99660179, valid acc: 0.6138, valid loss: 1.17540652, test acc: 0.6065, test loss: 1.18845558
[2026-06-26 01:44:32,982][root][INFO] - reg loss: 4.145826660218786, entropy loss: 0.020529996634262505, leaf dev: 0.1371585577726364
[2026-06-26 01:44:32,983][root][INFO] - Val leaf stats: tensor([2.1604e-03, 3.4297e-02, 1.1342e-02, 1.9444e-02, 2.7005e-04, 5.4010e-04,
        0.0000e+00, 2.1604e-03, 1.8904e-03, 0.0000e+00, 2.0686e-01, 8.3716e-03,
        9.5328e-02, 2.2684e-02, 5.3578e-01, 5.8871e-02])
[2026-06-26 01:44:33,054][root][INFO] - reg loss: 4.116212977737677, entropy loss: 0.017994162275410088, leaf dev: 0.10070671141147614
[2026-06-26 01:44:33,056][root][INFO] - Val leaf stats: tensor([1.6176e-01, 3.9427e-02, 0.0000e+00, 2.7005e-04, 1.0802e-03, 0.0000e+00,
        9.9919e-03, 1.8904e-03, 4.6719e-02, 1.8796e-01, 5.9411e-02, 1.0154e-01,
        2.9706e-03, 5.4010e-04, 1.8904e-02, 3.6754e-01])
[2026-06-26 01:44:36,441][root][INFO] - Val leaf stats: tensor([2.1604e-03, 3.4297e-02, 1.1342e-02, 1.9444e-02, 2.7005e-04, 5.4010e-04,
        0.0000e+00, 2.1604e-03, 1.8904e-03, 0.0000e+00, 2.0686e-01, 8.3716e-03,
        9.5328e-02, 2.2684e-02, 5.3578e-01, 5.8871e-02])
[2026-06-26 01:44:36,703][root][INFO] - Val leaf stats: tensor([1.6176e-01, 3.9427e-02, 0.0000e+00, 2.7005e-04, 1.0802e-03, 0.0000e+00,
        9.9919e-03, 1.8904e-03, 4.6719e-02, 1.8796e-01, 5.9411e-02, 1.0154e-01,
        2.9706e-03, 5.4010e-04, 1.8904e-02, 3.6754e-01])
[2026-06-26 01:44:40,133][root][INFO] - Test leaf std: 0.1346362978219986, Val leaf std: 0.1371585577726364
[2026-06-26 01:44:40,288][root][INFO] - Test leaf std: 0.099696084856987, Val leaf std: 0.10070671141147614
[2026-06-26 01:44:41,176][root][INFO] - Feature size: (13, 61)
[2026-06-26 01:44:43,100][root][INFO] - Feature size: (13, 61)
[2026-06-26 01:44:43,383][root][INFO] - FINAL TEST | acc: 0.5194, loss: 1.4136, 
[2026-06-26 01:44:43,486][root][INFO] - MLFlow run ID: a257d59d43844b539a12752d0c8a267a, status: FINISHED
[2026-06-26 01:44:43,493][root][INFO] - FINAL TEST | acc: 0.6065, loss: 1.1885, 
[2026-06-26 01:44:43,593][root][INFO] - MLFlow run ID: a0666acd85f74d39b4a71491fed53b27, status: FINISHED
[2026-06-26 01:44:44,196][root][INFO] - Feature size: (13, 61)
[2026-06-26 01:44:44,624][root][INFO] - Feature size: (13, 61)
[2026-06-26 01:44:45,052][root][INFO] - MLFlow server is starting on LOCAL with experiment STM_SC_hard_seeded...
[2026-06-26 01:44:45,125][root][INFO] - MLFlow run ID: ae0ccbd7c9d24b12b07644bdeb5b901d, status: RUNNING
[2026-06-26 01:44:45,183][root][INFO] - Starting experiment IATrain...
[2026-06-26 01:44:45,896][root][INFO] - Feature size: (13, 61)
[2026-06-26 01:44:46,108][root][INFO] - MLFlow server is starting on LOCAL with experiment STM_SC_hard_seeded...
[2026-06-26 01:44:46,160][root][INFO] - MLFlow run ID: 23bcda5c969b426790cd296c01766e3d, status: RUNNING
[2026-06-26 01:44:46,207][root][INFO] - Starting experiment IATrain...
[2026-06-26 01:44:46,777][root][INFO] - Feature size: (13, 61)
[2026-06-26 01:44:46,806][root][INFO] - Feature size: (13, 61)
[2026-06-26 01:44:47,018][root][INFO] - Feature size: (13, 61)
[2026-06-26 01:44:47,104][root][INFO] - MLFlow server is starting on LOCAL with experiment STM_SC_hard_seeded...
[2026-06-26 01:44:47,158][root][INFO] - MLFlow run ID: caf7b10d3c9f4bf2949986d6493e95ad, status: RUNNING
[2026-06-26 01:44:47,219][root][INFO] - Starting experiment IATrain...
[2026-06-26 01:44:47,254][root][INFO] - Epoch: 0 | train acc: 0.1433, train loss: 2.73753134, valid acc: 0.1642, valid loss: 2.22470474, test acc: 0.1730, test loss: 2.19445454
[2026-06-26 01:44:48,187][root][INFO] - MLFlow server is starting on LOCAL with experiment STM_SC_hard_seeded...
[2026-06-26 01:44:48,300][root][INFO] - MLFlow run ID: 78b4edc0884c434cb867ee4e3d0f4162, status: RUNNING
[2026-06-26 01:44:48,381][root][INFO] - Starting experiment IATrain...
[2026-06-26 01:44:49,179][root][INFO] - MLFlow server is starting on LOCAL with experiment STM_SC_hard_seeded...
[2026-06-26 01:44:49,284][root][INFO] - MLFlow run ID: 0913a51629134e328ed22666549b8215, status: RUNNING
[2026-06-26 01:44:49,316][root][INFO] - Epoch: 34 | train acc: 0.9845, train loss: 0.14310182, valid acc: 0.9605, valid loss: 0.16291787, test acc: 0.9318, test loss: 1.05119020
[2026-06-26 01:44:49,364][root][INFO] - Starting experiment IATrain...
[2026-06-26 01:44:49,796][root][INFO] - reg loss: 4.839679475690498, entropy loss: 0.10155136443552423, leaf dev: 0.17821530997753143
[2026-06-26 01:44:49,797][root][INFO] - Val leaf stats: tensor([0.0000e+00, 2.6735e-02, 5.3200e-02, 2.9706e-03, 1.3503e-03, 8.3716e-03,
        5.4010e-04, 4.3748e-02, 1.1504e-01, 8.1015e-04, 7.2104e-01, 1.8904e-03,
        2.9706e-03, 9.9919e-03, 0.0000e+00, 1.1342e-02])
[2026-06-26 01:44:49,994][root][INFO] - Epoch: 35 | train acc: 0.9831, train loss: 0.05761695, valid acc: 0.9600, valid loss: 0.14631137, test acc: 0.9309, test loss: 1.65345738
[2026-06-26 01:44:50,191][root][INFO] - MLFlow server is starting on LOCAL with experiment STM_SC_hard_seeded...
[2026-06-26 01:44:50,192][root][INFO] - MLFlow server is starting on LOCAL with experiment STM_SC_hard_seeded...
[2026-06-26 01:44:50,196][root][INFO] - MLFlow server is starting on LOCAL with experiment STM_SC_hard_seeded...
[2026-06-26 01:44:50,283][root][INFO] - MLFlow run ID: 9f4440bddd4345c7af8a0124cca70375, status: RUNNING
[2026-06-26 01:44:50,292][root][INFO] - MLFlow run ID: 0302efdf3d6a4cad9d6d526140415d89, status: RUNNING
[2026-06-26 01:44:50,304][root][INFO] - MLFlow run ID: 071b99cacd3d4e2988b6eb6f42915fef, status: RUNNING
[2026-06-26 01:44:50,402][root][INFO] - Starting experiment IATrain...
[2026-06-26 01:44:50,410][root][INFO] - Starting experiment IATrain...
[2026-06-26 01:44:50,418][root][INFO] - Starting experiment IATrain...
[2026-06-26 01:44:52,374][root][INFO] - reg loss: 5.692753986076072, entropy loss: 0.17643493082788256, leaf dev: 0.06450671702623367
[2026-06-26 01:44:52,375][root][INFO] - Val leaf stats: tensor([0.1783, 0.0817, 0.0962, 0.0074, 0.0372, 0.0095, 0.0118, 0.0436, 0.0047,
        0.0012, 0.0018, 0.0859, 0.1755, 0.0004, 0.1194, 0.1455])
[2026-06-26 01:44:53,890][root][INFO] - reg loss: 5.374558534571733, entropy loss: 0.20519576280836074, leaf dev: 0.08507460355758667
[2026-06-26 01:44:53,891][root][INFO] - Val leaf stats: tensor([0.3258, 0.0620, 0.1179, 0.0544, 0.0007, 0.0014, 0.0043, 0.0795, 0.0035,
        0.0039, 0.0012, 0.0893, 0.0111, 0.0064, 0.0947, 0.1439])
[2026-06-26 01:45:10,265][root][INFO] - Epoch: 0 | train acc: 0.1361, train loss: 2.33234072, valid acc: 0.1453, valid loss: 2.25141880, test acc: 0.1480, test loss: 2.21750551
[2026-06-26 01:45:10,377][root][INFO] - Epoch: 0 | train acc: 0.1545, train loss: 2.31624268, valid acc: 0.2131, valid loss: 2.13907793, test acc: 0.2182, test loss: 2.11252949
[2026-06-26 01:45:12,805][root][INFO] - Epoch: 0 | train acc: 0.1365, train loss: 2.45359917, valid acc: 0.1923, valid loss: 2.17993468, test acc: 0.1973, test loss: 2.16116813
[2026-06-26 01:45:14,045][root][INFO] - reg loss: 4.959055243945513, entropy loss: 0.12706390072087773, leaf dev: 0.1300908327102661
[2026-06-26 01:45:14,046][root][INFO] - Val leaf stats: tensor([8.6416e-03, 1.5609e-01, 1.8904e-03, 1.3503e-03, 5.4010e-04, 2.7005e-04,
        1.6203e-03, 4.1858e-02, 1.0802e-02, 0.0000e+00, 4.6017e-01, 5.6711e-03,
        2.7788e-01, 3.2136e-02, 2.7005e-04, 8.1015e-04])
[2026-06-26 01:45:14,082][root][INFO] - reg loss: 4.955103538075432, entropy loss: 0.13975216423878906, leaf dev: 0.13063067197799683
[2026-06-26 01:45:14,083][root][INFO] - Val leaf stats: tensor([6.4812e-03, 2.9706e-03, 7.2914e-03, 1.0802e-03, 4.0508e-03, 1.1072e-02,
        3.6187e-02, 2.4305e-03, 2.7815e-01, 1.2692e-01, 4.7151e-01, 1.8363e-02,
        2.7275e-02, 2.7005e-04, 4.8609e-03, 1.0802e-03])
[2026-06-26 01:45:15,155][root][INFO] - Epoch: 0 | train acc: 0.1474, train loss: 3.11447842, valid acc: 0.2098, valid loss: 2.14451218, test acc: 0.2000, test loss: 2.13095498
[2026-06-26 01:45:16,141][root][INFO] - reg loss: 5.137950576719691, entropy loss: 0.12971101017271885, leaf dev: 0.09280611574649811
[2026-06-26 01:45:16,142][root][INFO] - Val leaf stats: tensor([0.0089, 0.0197, 0.0227, 0.0546, 0.0027, 0.0138, 0.2895, 0.0902, 0.0022,
        0.0697, 0.1801, 0.2414, 0.0016, 0.0008, 0.0005, 0.0016])
[2026-06-26 01:45:17,219][root][INFO] - Epoch: 0 | train acc: 0.1486, train loss: 3.09323378, valid acc: 0.2012, valid loss: 2.20417662, test acc: 0.2077, test loss: 2.15807077
[2026-06-26 01:45:17,221][root][INFO] - Epoch: 1 | train acc: 0.1882, train loss: 2.31928288, valid acc: 0.1979, valid loss: 2.12078221, test acc: 0.2027, test loss: 2.09325236
[2026-06-26 01:45:18,397][root][INFO] - Epoch: 0 | train acc: 0.1448, train loss: 2.39101695, valid acc: 0.1804, valid loss: 2.22733197, test acc: 0.1937, test loss: 2.19045910
[2026-06-26 01:45:18,569][root][INFO] - Epoch: 0 | train acc: 0.1590, train loss: 2.36549811, valid acc: 0.2325, valid loss: 2.12430166, test acc: 0.2354, test loss: 2.09206259
[2026-06-26 01:45:19,716][root][INFO] - reg loss: 5.107382438221916, entropy loss: 0.10216591323985429, leaf dev: 0.07883784174919128
[2026-06-26 01:45:19,717][root][INFO] - Val leaf stats: tensor([0.1799, 0.0159, 0.0041, 0.0000, 0.0159, 0.1704, 0.2071, 0.0000, 0.0016,
        0.1561, 0.0721, 0.0138, 0.0068, 0.0092, 0.0022, 0.1450])
[2026-06-26 01:45:19,852][root][INFO] - Epoch: 0 | train acc: 0.1457, train loss: 2.58467234, valid acc: 0.1904, valid loss: 2.20100954, test acc: 0.2023, test loss: 2.14991705
[2026-06-26 01:45:21,201][root][INFO] - reg loss: 4.831171520420762, entropy loss: 0.09562064542389306, leaf dev: 0.1127328872680664
[2026-06-26 01:45:21,202][root][INFO] - Val leaf stats: tensor([0.0000, 0.0116, 0.0051, 0.0132, 0.0005, 0.0000, 0.0000, 0.0370, 0.1156,
        0.0008, 0.1858, 0.0000, 0.1491, 0.4221, 0.0562, 0.0030])
[2026-06-26 01:45:21,372][root][INFO] - reg loss: 4.365152429361812, entropy loss: 0.04668016346995948, leaf dev: 0.2060352861881256
[2026-06-26 01:45:21,373][root][INFO] - Val leaf stats: tensor([0.0000, 0.0348, 0.0651, 0.0019, 0.0011, 0.0024, 0.0049, 0.0138, 0.0100,
        0.0019, 0.8326, 0.0022, 0.0076, 0.0132, 0.0000, 0.0086])
[2026-06-26 01:45:22,356][root][INFO] - reg loss: 5.067372580043605, entropy loss: 0.12985849832413626, leaf dev: 0.09800206124782562
[2026-06-26 01:45:22,357][root][INFO] - Val leaf stats: tensor([0.0022, 0.2647, 0.0705, 0.0022, 0.0005, 0.0000, 0.0313, 0.0170, 0.0184,
        0.0016, 0.3111, 0.0032, 0.1599, 0.0786, 0.0014, 0.0375])
[2026-06-26 01:45:22,444][root][INFO] - reg loss: 4.8594253180456946, entropy loss: 0.12465153805545119, leaf dev: 0.11426819115877151
[2026-06-26 01:45:22,446][root][INFO] - Val leaf stats: tensor([2.7005e-04, 1.3503e-03, 2.7005e-04, 5.4010e-04, 5.6711e-03, 2.4845e-02,
        3.2676e-02, 1.8904e-03, 6.5352e-02, 9.6408e-02, 4.1588e-01, 2.4818e-01,
        8.1015e-04, 8.1015e-04, 9.1277e-02, 1.3773e-02])
[2026-06-26 01:45:23,804][root][INFO] - reg loss: 5.0445932169429595, entropy loss: 0.13226561773507323, leaf dev: 0.10610489547252655
[2026-06-26 01:45:23,805][root][INFO] - Val leaf stats: tensor([3.8077e-02, 4.8609e-03, 7.0213e-03, 9.1817e-03, 2.4305e-03, 1.6473e-02,
        3.9427e-02, 2.7005e-04, 1.5177e-01, 2.1604e-02, 3.1461e-01, 3.2055e-01,
        2.1334e-02, 2.1604e-03, 4.7259e-02, 2.9706e-03])
[2026-06-26 01:45:23,972][root][INFO] - Epoch: 35 | train acc: 0.9821, train loss: 0.14584503, valid acc: 0.9608, valid loss: 0.15527639, test acc: 0.9318, test loss: 0.93087460
[2026-06-26 01:45:27,148][root][INFO] - reg loss: 5.783279711607272, entropy loss: 0.17251693153822864, leaf dev: 0.06479454040527344
[2026-06-26 01:45:27,149][root][INFO] - Val leaf stats: tensor([2.2217e-01, 8.3582e-02, 1.0319e-01, 2.8950e-03, 6.7706e-02, 1.0833e-02,
        4.2118e-02, 2.5869e-02, 3.7355e-03, 1.5876e-03, 1.1207e-03, 1.2430e-01,
        6.8453e-02, 1.8678e-04, 9.0867e-02, 1.5138e-01])
[2026-06-26 01:45:27,698][root][INFO] - Epoch: 36 | train acc: 0.9830, train loss: 0.05790509, valid acc: 0.9620, valid loss: 0.14558442, test acc: 0.9248, test loss: 1.54868041
[2026-06-26 01:45:31,434][root][INFO] - reg loss: 5.309246305435423, entropy loss: 0.19664639754900856, leaf dev: 0.08168390393257141
[2026-06-26 01:45:31,435][root][INFO] - Val leaf stats: tensor([0.3041, 0.0623, 0.1232, 0.0627, 0.0004, 0.0017, 0.0027, 0.0805, 0.0035,
        0.0053, 0.0007, 0.1066, 0.0043, 0.0059, 0.0926, 0.1435])
[2026-06-26 01:45:41,901][root][INFO] - Epoch: 1 | train acc: 0.2869, train loss: 1.94777773, valid acc: 0.3087, valid loss: 1.91565989, test acc: 0.3108, test loss: 1.88681981
[2026-06-26 01:45:43,262][root][INFO] - Epoch: 1 | train acc: 0.1924, train loss: 2.13887938, valid acc: 0.2025, valid loss: 2.15237430, test acc: 0.2216, test loss: 2.10704021
[2026-06-26 01:45:43,457][root][INFO] - Epoch: 1 | train acc: 0.2317, train loss: 2.17836455, valid acc: 0.2601, valid loss: 2.04459441, test acc: 0.2710, test loss: 2.01777305
[2026-06-26 01:45:45,724][root][INFO] - reg loss: 4.562051687084261, entropy loss: 0.0921942220359552, leaf dev: 0.11803703755140305
[2026-06-26 01:45:45,726][root][INFO] - Val leaf stats: tensor([1.3503e-03, 2.7869e-01, 2.1604e-03, 8.1015e-04, 2.7005e-04, 0.0000e+00,
        5.4010e-04, 6.3462e-02, 2.7005e-03, 2.7005e-04, 3.5998e-01, 7.0213e-03,
        2.4197e-01, 3.9968e-02, 2.7005e-04, 5.4010e-04])
[2026-06-26 01:45:46,177][root][INFO] - Epoch: 1 | train acc: 0.2358, train loss: 2.50520171, valid acc: 0.2382, valid loss: 2.02161936, test acc: 0.2386, test loss: 2.00579241
[2026-06-26 01:45:47,240][root][INFO] - reg loss: 4.638646305584516, entropy loss: 0.11546822942671228, leaf dev: 0.09766751527786255
[2026-06-26 01:45:47,241][root][INFO] - Val leaf stats: tensor([0.0038, 0.0054, 0.0078, 0.0000, 0.0014, 0.0097, 0.0089, 0.0005, 0.1153,
        0.2322, 0.3262, 0.0189, 0.0789, 0.0027, 0.1547, 0.0335])
[2026-06-26 01:45:47,344][root][INFO] - reg loss: 4.782841932578165, entropy loss: 0.09500250147014368, leaf dev: 0.07776527106761932
[2026-06-26 01:45:47,345][root][INFO] - Val leaf stats: tensor([0.0297, 0.0616, 0.0270, 0.0475, 0.0032, 0.0232, 0.1947, 0.0491, 0.0019,
        0.1491, 0.1745, 0.2279, 0.0078, 0.0000, 0.0019, 0.0008])
[2026-06-26 01:45:48,391][root][INFO] - Epoch: 2 | train acc: 0.2239, train loss: 2.19481978, valid acc: 0.2555, valid loss: 2.02398697, test acc: 0.2602, test loss: 1.98880138
[2026-06-26 01:45:49,654][root][INFO] - Epoch: 1 | train acc: 0.2290, train loss: 2.51451758, valid acc: 0.2358, valid loss: 2.12599474, test acc: 0.2396, test loss: 2.05773079
[2026-06-26 01:45:50,185][root][INFO] - reg loss: 4.700311645132596, entropy loss: 0.060619142395062525, leaf dev: 0.09306904673576355
[2026-06-26 01:45:50,187][root][INFO] - Val leaf stats: tensor([5.3470e-02, 1.3503e-03, 3.5107e-03, 2.7005e-04, 2.6195e-02, 2.8112e-01,
        1.4853e-02, 0.0000e+00, 5.4010e-04, 1.1288e-01, 2.0362e-01, 1.0262e-02,
        1.8904e-03, 3.2946e-02, 2.5655e-02, 2.3143e-01])
[2026-06-26 01:45:50,673][root][INFO] - Epoch: 1 | train acc: 0.2106, train loss: 2.15410345, valid acc: 0.2439, valid loss: 2.02833663, test acc: 0.2545, test loss: 2.02788366
[2026-06-26 01:45:51,730][root][INFO] - Epoch: 1 | train acc: 0.2890, train loss: 1.96651840, valid acc: 0.3222, valid loss: 1.90930063, test acc: 0.3243, test loss: 1.87825108
[2026-06-26 01:45:51,767][root][INFO] - Epoch: 1 | train acc: 0.2402, train loss: 2.24577919, valid acc: 0.2668, valid loss: 2.02520530, test acc: 0.2585, test loss: 2.01636311
[2026-06-26 01:45:52,533][root][INFO] - reg loss: 4.399214721116864, entropy loss: 0.04025993801531245, leaf dev: 0.19197297096252441
[2026-06-26 01:45:52,534][root][INFO] - Val leaf stats: tensor([2.7005e-04, 2.0524e-02, 9.2087e-02, 1.0802e-03, 3.2406e-03, 4.3208e-03,
        8.1015e-03, 2.6195e-02, 3.7807e-03, 0.0000e+00, 7.7640e-01, 0.0000e+00,
        1.6203e-03, 5.2390e-02, 2.1604e-03, 7.8315e-03])
[2026-06-26 01:45:53,766][root][INFO] - reg loss: 4.551463166221243, entropy loss: 0.052531013662209275, leaf dev: 0.11408568918704987
[2026-06-26 01:45:53,768][root][INFO] - Val leaf stats: tensor([8.1015e-04, 6.2112e-03, 5.1310e-03, 7.2914e-03, 2.7005e-04, 0.0000e+00,
        0.0000e+00, 1.1072e-02, 1.3503e-02, 2.7005e-04, 1.6257e-01, 0.0000e+00,
        3.6592e-01, 2.7086e-01, 1.5366e-01, 2.4305e-03])
[2026-06-26 01:45:55,154][root][INFO] - reg loss: 4.683128591443672, entropy loss: 0.09078166462847444, leaf dev: 0.12230587750673294
[2026-06-26 01:45:55,155][root][INFO] - Val leaf stats: tensor([0.0000e+00, 3.2406e-03, 8.1015e-04, 8.1015e-04, 1.6959e-01, 1.2422e-01,
        1.1342e-02, 0.0000e+00, 5.9411e-03, 5.1310e-03, 4.7421e-01, 1.1423e-01,
        1.0262e-02, 2.7005e-04, 1.4853e-02, 6.5082e-02])
[2026-06-26 01:45:55,746][root][INFO] - reg loss: 4.674528974001525, entropy loss: 0.08075952786402624, leaf dev: 0.09501539170742035
[2026-06-26 01:45:55,747][root][INFO] - Val leaf stats: tensor([0.0011, 0.2363, 0.0597, 0.0005, 0.0005, 0.0084, 0.0127, 0.0005, 0.0111,
        0.0011, 0.2517, 0.0005, 0.2530, 0.0581, 0.0213, 0.0834])
[2026-06-26 01:45:55,948][root][INFO] - reg loss: 4.743336552479228, entropy loss: 0.09688304633390708, leaf dev: 0.08441275358200073
[2026-06-26 01:45:55,949][root][INFO] - Val leaf stats: tensor([0.2549, 0.0540, 0.0008, 0.1050, 0.0022, 0.0540, 0.0953, 0.0008, 0.0362,
        0.0003, 0.0224, 0.2533, 0.0003, 0.0005, 0.1113, 0.0086])
[2026-06-26 01:46:01,614][root][INFO] - Epoch: 36 | train acc: 0.9818, train loss: 0.14543303, valid acc: 0.9599, valid loss: 0.15396447, test acc: 0.9237, test loss: 0.83374093
[2026-06-26 01:46:03,680][root][INFO] - Epoch: 37 | train acc: 0.9862, train loss: 0.04710443, valid acc: 0.9612, valid loss: 0.14730986, test acc: 0.9279, test loss: 1.54554760
[2026-06-26 01:46:03,865][root][INFO] - reg loss: 5.650698750107376, entropy loss: 0.16738144233428612, leaf dev: 0.06666285544633865
[2026-06-26 01:46:03,867][root][INFO] - Val leaf stats: tensor([0.1731, 0.0820, 0.0869, 0.0021, 0.0744, 0.0093, 0.0046, 0.0107, 0.0040,
        0.0014, 0.0017, 0.1011, 0.1764, 0.0002, 0.1160, 0.1560])
[2026-06-26 01:46:06,935][root][INFO] - reg loss: 5.299558533562554, entropy loss: 0.19442443226380324, leaf dev: 0.08189687877893448
[2026-06-26 01:46:06,936][root][INFO] - Val leaf stats: tensor([0.3078, 0.0645, 0.1066, 0.0692, 0.0004, 0.0017, 0.0031, 0.0823, 0.0035,
        0.0056, 0.0007, 0.1092, 0.0045, 0.0047, 0.0925, 0.1438])
[2026-06-26 01:46:13,837][root][INFO] - Epoch: 2 | train acc: 0.3073, train loss: 1.84187374, valid acc: 0.2825, valid loss: 1.91482918, test acc: 0.2761, test loss: 1.91481403
[2026-06-26 01:46:14,464][root][INFO] - Epoch: 2 | train acc: 0.2929, train loss: 2.03229822, valid acc: 0.3033, valid loss: 1.95780952, test acc: 0.3063, test loss: 1.93898499
[2026-06-26 01:46:15,570][root][INFO] - Epoch: 2 | train acc: 0.2446, train loss: 2.00731544, valid acc: 0.2563, valid loss: 2.00356162, test acc: 0.2582, test loss: 1.95340329
[2026-06-26 01:46:17,683][root][INFO] - reg loss: 4.4272169988663475, entropy loss: 0.08156142286101326, leaf dev: 0.13481824100017548
[2026-06-26 01:46:17,684][root][INFO] - Val leaf stats: tensor([5.4010e-04, 6.1302e-02, 3.5107e-03, 6.4812e-03, 0.0000e+00, 4.5909e-03,
        3.2406e-03, 3.5107e-03, 5.4010e-04, 8.1015e-04, 4.9284e-01, 1.9714e-02,
        1.3503e-01, 2.6411e-01, 2.7005e-04, 3.5107e-03])
[2026-06-26 01:46:18,253][root][INFO] - reg loss: 4.682460448780998, entropy loss: 0.08569198138401156, leaf dev: 0.10327175259590149
[2026-06-26 01:46:18,254][root][INFO] - Val leaf stats: tensor([0.1245, 0.0367, 0.0178, 0.0643, 0.0008, 0.0024, 0.0140, 0.0000, 0.0019,
        0.2012, 0.0654, 0.3891, 0.0678, 0.0000, 0.0140, 0.0000])
[2026-06-26 01:46:19,143][root][INFO] - reg loss: 4.631343184924517, entropy loss: 0.08681872022933647, leaf dev: 0.10170525312423706
[2026-06-26 01:46:19,144][root][INFO] - Val leaf stats: tensor([1.3503e-03, 2.7005e-03, 8.1015e-04, 2.7005e-04, 1.0802e-03, 1.5933e-02,
        1.8363e-02, 5.4010e-04, 1.6041e-01, 1.8526e-01, 3.6160e-01, 1.4313e-02,
        1.3503e-02, 5.6171e-02, 1.8093e-02, 1.4961e-01])
[2026-06-26 01:46:19,348][root][INFO] - Epoch: 2 | train acc: 0.2891, train loss: 2.24273282, valid acc: 0.2906, valid loss: 1.94793667, test acc: 0.3036, test loss: 1.89276475
[2026-06-26 01:46:20,717][root][INFO] - Epoch: 3 | train acc: 0.2756, train loss: 2.09478331, valid acc: 0.2744, valid loss: 2.00140649, test acc: 0.2774, test loss: 1.96921125
[2026-06-26 01:46:21,489][root][INFO] - Epoch: 2 | train acc: 0.2489, train loss: 2.32386324, valid acc: 0.2598, valid loss: 2.01502566, test acc: 0.2604, test loss: 1.97958370
[2026-06-26 01:46:22,255][root][INFO] - Epoch: 2 | train acc: 0.3638, train loss: 1.78446351, valid acc: 0.3500, valid loss: 1.82533008, test acc: 0.3687, test loss: 1.76855984
[2026-06-26 01:46:23,404][root][INFO] - reg loss: 4.473173540146624, entropy loss: 0.04288244290185756, leaf dev: 0.10221832990646362
[2026-06-26 01:46:23,405][root][INFO] - Val leaf stats: tensor([0.0108, 0.0011, 0.0016, 0.0011, 0.0132, 0.2806, 0.0627, 0.0005, 0.0005,
        0.2871, 0.2236, 0.0246, 0.0005, 0.0138, 0.0419, 0.0365])
[2026-06-26 01:46:24,201][root][INFO] - Epoch: 2 | train acc: 0.2818, train loss: 1.97312203, valid acc: 0.2911, valid loss: 1.88169312, test acc: 0.2928, test loss: 1.92831443
[2026-06-26 01:46:24,220][root][INFO] - Epoch: 2 | train acc: 0.2955, train loss: 2.04652033, valid acc: 0.3270, valid loss: 1.84908514, test acc: 0.3348, test loss: 1.81210630
[2026-06-26 01:46:25,043][root][INFO] - reg loss: 4.321700627686547, entropy loss: 0.03341683336212987, leaf dev: 0.14574891328811646
[2026-06-26 01:46:25,045][root][INFO] - Val leaf stats: tensor([5.4010e-04, 3.5647e-02, 1.4313e-01, 2.7005e-04, 1.3503e-03, 5.4010e-04,
        2.7005e-03, 2.5115e-02, 1.3503e-03, 0.0000e+00, 5.6495e-01, 8.1015e-04,
        1.8904e-02, 1.9795e-01, 8.1015e-04, 5.9411e-03])
[2026-06-26 01:46:25,667][root][INFO] - reg loss: 4.343341655418521, entropy loss: 0.03815703600889347, leaf dev: 0.1251882016658783
[2026-06-26 01:46:25,669][root][INFO] - Val leaf stats: tensor([1.0802e-03, 4.5909e-03, 7.2914e-03, 6.2112e-03, 2.7005e-04, 2.7005e-04,
        0.0000e+00, 1.2422e-02, 1.0964e-01, 1.6203e-03, 3.4945e-01, 8.1015e-04,
        3.8806e-01, 4.3208e-03, 1.1207e-01, 1.8904e-03])
[2026-06-26 01:46:26,212][root][INFO] - reg loss: 4.484902999440178, entropy loss: 0.06542760090994053, leaf dev: 0.14682574570178986
[2026-06-26 01:46:26,214][root][INFO] - Val leaf stats: tensor([2.4305e-03, 5.6738e-01, 3.4837e-02, 6.2112e-03, 8.1015e-04, 1.6203e-03,
        2.2684e-02, 1.0802e-03, 2.7005e-03, 2.7005e-04, 2.1307e-01, 2.7005e-03,
        1.2908e-01, 4.5909e-03, 2.1604e-03, 8.3716e-03])
[2026-06-26 01:46:28,134][root][INFO] - reg loss: 4.4313404051983944, entropy loss: 0.07216754494631877, leaf dev: 0.09384557604789734
[2026-06-26 01:46:28,135][root][INFO] - Val leaf stats: tensor([2.9706e-03, 1.8093e-02, 1.6203e-03, 5.9141e-02, 1.4961e-01, 2.1037e-01,
        4.8609e-03, 2.7005e-04, 2.4305e-03, 5.9411e-03, 3.1785e-01, 4.5909e-02,
        3.2406e-03, 1.0802e-03, 1.3989e-01, 3.6727e-02])
[2026-06-26 01:46:28,388][root][INFO] - reg loss: 4.635054213101746, entropy loss: 0.08156860815208467, leaf dev: 0.08148189634084702
[2026-06-26 01:46:28,390][root][INFO] - Val leaf stats: tensor([0.1974, 0.0248, 0.0014, 0.0629, 0.0035, 0.0559, 0.0122, 0.0000, 0.1423,
        0.0230, 0.0281, 0.2177, 0.0030, 0.0043, 0.2150, 0.0086])
[2026-06-26 01:46:36,046][root][INFO] - Epoch: 37 | train acc: 0.9756, train loss: 0.16617838, valid acc: 0.9602, valid loss: 0.15983637, test acc: 0.9243, test loss: 1.00194173
[2026-06-26 01:46:38,829][root][INFO] - Epoch: 38 | train acc: 0.9873, train loss: 0.04446192, valid acc: 0.9622, valid loss: 0.14317922, test acc: 0.9292, test loss: 2.07231014
[2026-06-26 01:46:39,504][root][INFO] - reg loss: 5.4207094409478405, entropy loss: 0.16389451321786042, leaf dev: 0.06878835707902908
[2026-06-26 01:46:39,506][root][INFO] - Val leaf stats: tensor([0.2111, 0.0918, 0.1017, 0.0023, 0.1621, 0.0240, 0.0376, 0.0022, 0.0026,
        0.0007, 0.0019, 0.1236, 0.0229, 0.0003, 0.0693, 0.1458])
[2026-06-26 01:46:42,338][root][INFO] - reg loss: 5.260184308208486, entropy loss: 0.19292617979503812, leaf dev: 0.08371270447969437
[2026-06-26 01:46:42,339][root][INFO] - Val leaf stats: tensor([0.3125, 0.0615, 0.1134, 0.0473, 0.0007, 0.0010, 0.0044, 0.0876, 0.0030,
        0.0029, 0.0005, 0.1174, 0.0048, 0.0054, 0.0933, 0.1444])
[2026-06-26 01:46:45,450][root][INFO] - Epoch: 3 | train acc: 0.3249, train loss: 1.78971909, valid acc: 0.3759, valid loss: 1.71220531, test acc: 0.3621, test loss: 1.72562450
[2026-06-26 01:46:45,895][root][INFO] - Epoch: 3 | train acc: 0.2696, train loss: 2.01865525, valid acc: 0.2120, valid loss: 2.05494903, test acc: 0.2268, test loss: 2.02684148
[2026-06-26 01:46:47,057][root][INFO] - Epoch: 3 | train acc: 0.2850, train loss: 1.88891775, valid acc: 0.3076, valid loss: 1.90471971, test acc: 0.3174, test loss: 1.83844005
[2026-06-26 01:46:49,131][root][INFO] - reg loss: 4.422773314304039, entropy loss: 0.07068987838068946, leaf dev: 0.10322914272546768
[2026-06-26 01:46:49,132][root][INFO] - Val leaf stats: tensor([0.0078, 0.2042, 0.0157, 0.0178, 0.0000, 0.0043, 0.0019, 0.0127, 0.0011,
        0.0011, 0.3432, 0.0319, 0.1971, 0.1485, 0.0097, 0.0030])
[2026-06-26 01:46:49,456][root][INFO] - Epoch: 3 | train acc: 0.3205, train loss: 2.11838882, valid acc: 0.3278, valid loss: 1.85923332, test acc: 0.3287, test loss: 1.84178925
[2026-06-26 01:46:49,833][root][INFO] - reg loss: 4.473623564985932, entropy loss: 0.07328766193546232, leaf dev: 0.11644487828016281
[2026-06-26 01:46:49,834][root][INFO] - Val leaf stats: tensor([4.5342e-01, 1.9822e-01, 2.1604e-03, 9.3708e-02, 5.4010e-04, 4.4288e-02,
        7.4264e-02, 5.4010e-04, 4.0508e-03, 1.6203e-02, 1.6473e-02, 5.6711e-02,
        8.3716e-03, 5.4010e-04, 3.0246e-02, 2.7005e-04])
[2026-06-26 01:46:50,186][root][INFO] - reg loss: 4.460169307521133, entropy loss: 0.07886828885215227, leaf dev: 0.11155248433351517
[2026-06-26 01:46:50,187][root][INFO] - Val leaf stats: tensor([1.0802e-03, 2.7005e-03, 1.3503e-03, 2.7005e-04, 2.4305e-03, 2.4305e-02,
        8.6416e-03, 2.7005e-04, 3.5485e-01, 1.0856e-01, 1.9525e-01, 1.9984e-02,
        1.8904e-03, 6.2112e-03, 3.5107e-03, 2.6870e-01])
[2026-06-26 01:46:53,732][root][INFO] - reg loss: 4.40832103666712, entropy loss: 0.036123340918880996, leaf dev: 0.09351571649312973
[2026-06-26 01:46:53,733][root][INFO] - Val leaf stats: tensor([2.8355e-02, 1.6203e-03, 2.7005e-03, 8.1015e-04, 2.6195e-02, 3.4405e-01,
        8.4256e-02, 2.1604e-03, 2.7005e-04, 1.8201e-01, 1.3557e-01, 5.9411e-03,
        8.1015e-04, 1.4043e-02, 9.8029e-02, 7.3184e-02])
[2026-06-26 01:46:54,010][root][INFO] - Epoch: 4 | train acc: 0.2971, train loss: 2.02610467, valid acc: 0.3133, valid loss: 1.91252044, test acc: 0.3135, test loss: 1.85859770
[2026-06-26 01:46:54,154][root][INFO] - Epoch: 3 | train acc: 0.2804, train loss: 2.21710626, valid acc: 0.2841, valid loss: 1.97392716, test acc: 0.2909, test loss: 1.93567756
[2026-06-26 01:46:54,359][root][INFO] - Epoch: 3 | train acc: 0.3896, train loss: 1.69494356, valid acc: 0.4121, valid loss: 1.67088234, test acc: 0.3927, test loss: 1.68033817
[2026-06-26 01:46:54,784][root][INFO] - Epoch: 3 | train acc: 0.3534, train loss: 1.78971938, valid acc: 0.3935, valid loss: 1.60243067, test acc: 0.3893, test loss: 1.68491623
[2026-06-26 01:46:57,243][root][INFO] - Epoch: 3 | train acc: 0.3681, train loss: 1.85508907, valid acc: 0.3800, valid loss: 1.72787574, test acc: 0.3787, test loss: 1.68824017
[2026-06-26 01:46:58,000][root][INFO] - reg loss: 4.31881226867926, entropy loss: 0.033422679289198315, leaf dev: 0.14964942634105682
[2026-06-26 01:46:58,001][root][INFO] - Val leaf stats: tensor([8.1015e-04, 5.4820e-02, 1.6554e-01, 5.4010e-04, 2.1604e-03, 5.4010e-04,
        3.5107e-03, 4.2668e-02, 2.4305e-03, 0.0000e+00, 5.9762e-01, 2.7005e-04,
        8.5606e-02, 4.1048e-02, 1.0802e-03, 1.3503e-03])
[2026-06-26 01:46:58,379][root][INFO] - reg loss: 4.313247328898946, entropy loss: 0.03677802697801199, leaf dev: 0.11691801249980927
[2026-06-26 01:46:58,380][root][INFO] - Val leaf stats: tensor([1.0802e-03, 3.5107e-03, 1.8904e-03, 1.6203e-03, 1.3503e-03, 1.2962e-02,
        0.0000e+00, 2.1334e-02, 1.4313e-01, 4.8609e-03, 4.0508e-01, 3.7807e-03,
        2.3819e-01, 1.0802e-03, 1.5987e-01, 2.7005e-04])
[2026-06-26 01:46:58,732][root][INFO] - reg loss: 4.457816616433566, entropy loss: 0.06540986492497022, leaf dev: 0.09241906553506851
[2026-06-26 01:46:58,733][root][INFO] - Val leaf stats: tensor([0.0008, 0.0068, 0.0000, 0.0284, 0.2050, 0.2090, 0.0070, 0.0000, 0.0016,
        0.0038, 0.1531, 0.0286, 0.0049, 0.0005, 0.2709, 0.0797])
[2026-06-26 01:46:58,822][root][INFO] - reg loss: 4.388341286143318, entropy loss: 0.05711437218257638, leaf dev: 0.11600619554519653
[2026-06-26 01:46:58,823][root][INFO] - Val leaf stats: tensor([2.1874e-02, 4.0535e-01, 5.0500e-02, 1.5123e-02, 1.3503e-03, 8.1015e-04,
        1.0802e-02, 2.7005e-04, 8.1015e-04, 5.4010e-04, 2.5223e-01, 6.2112e-03,
        1.7877e-01, 1.4583e-02, 2.3224e-02, 1.7553e-02])
[2026-06-26 01:47:01,785][root][INFO] - reg loss: 4.5787127916930155, entropy loss: 0.0745590895902915, leaf dev: 0.0905577763915062
[2026-06-26 01:47:01,786][root][INFO] - Val leaf stats: tensor([0.2430, 0.0338, 0.0016, 0.0329, 0.0103, 0.0794, 0.0230, 0.0008, 0.0802,
        0.0049, 0.0221, 0.1742, 0.0035, 0.0024, 0.2827, 0.0051])
[2026-06-26 01:47:11,051][root][INFO] - Epoch: 38 | train acc: 0.9825, train loss: 0.13843921, valid acc: 0.9612, valid loss: 0.15654661, test acc: 0.9264, test loss: 1.13102553
[2026-06-26 01:47:12,964][root][INFO] - Epoch: 39 | train acc: 0.9874, train loss: 0.04390416, valid acc: 0.9606, valid loss: 0.14735386, test acc: 0.9311, test loss: 2.88023465
[2026-06-26 01:47:14,457][root][INFO] - reg loss: 5.258100123632522, entropy loss: 0.15637048432435938, leaf dev: 0.06669703125953674
[2026-06-26 01:47:14,458][root][INFO] - Val leaf stats: tensor([0.1997, 0.0764, 0.0973, 0.0023, 0.1797, 0.0572, 0.0275, 0.0038, 0.0022,
        0.0008, 0.0022, 0.1090, 0.0283, 0.0004, 0.0725, 0.1406])
[2026-06-26 01:47:15,838][root][INFO] - reg loss: 5.2034460148483355, entropy loss: 0.1901372364431462, leaf dev: 0.08671870827674866
[2026-06-26 01:47:15,839][root][INFO] - Val leaf stats: tensor([0.3251, 0.0620, 0.1127, 0.0394, 0.0007, 0.0015, 0.0049, 0.0850, 0.0031,
        0.0026, 0.0005, 0.1147, 0.0007, 0.0016, 0.1009, 0.1447])
[2026-06-26 01:47:16,478][root][INFO] - Epoch: 4 | train acc: 0.3943, train loss: 1.62855246, valid acc: 0.3891, valid loss: 1.76924184, test acc: 0.3868, test loss: 1.74147221
[2026-06-26 01:47:18,118][root][INFO] - Epoch: 4 | train acc: 0.2595, train loss: 1.98596244, valid acc: 0.2854, valid loss: 1.89878099, test acc: 0.2960, test loss: 1.86469251
[2026-06-26 01:47:18,937][root][INFO] - Epoch: 4 | train acc: 0.3423, train loss: 1.75383566, valid acc: 0.3635, valid loss: 1.75918607, test acc: 0.3667, test loss: 1.72427860
[2026-06-26 01:47:19,624][root][INFO] - reg loss: 4.452634311113202, entropy loss: 0.07224210266207086, leaf dev: 0.1187925785779953
[2026-06-26 01:47:19,626][root][INFO] - Val leaf stats: tensor([9.7218e-03, 4.5207e-01, 5.4010e-04, 3.0786e-02, 2.7005e-04, 3.5107e-03,
        3.2406e-03, 5.4550e-02, 2.7005e-03, 2.7005e-04, 1.2503e-01, 5.6711e-03,
        1.9876e-01, 1.0262e-01, 2.9706e-03, 7.2914e-03])
[2026-06-26 01:47:21,716][root][INFO] - reg loss: 4.383320276854469, entropy loss: 0.06755344252117344, leaf dev: 0.09749044477939606
[2026-06-26 01:47:21,718][root][INFO] - Val leaf stats: tensor([3.4702e-01, 2.1091e-01, 2.4575e-02, 8.5066e-02, 3.2406e-03, 3.2406e-02,
        5.7251e-02, 1.8904e-03, 1.3503e-03, 2.2414e-02, 4.9149e-02, 1.5825e-01,
        1.6203e-03, 8.1015e-04, 3.7807e-03, 2.7005e-04])
[2026-06-26 01:47:22,032][root][INFO] - Epoch: 4 | train acc: 0.3426, train loss: 2.06289275, valid acc: 0.3335, valid loss: 1.80460529, test acc: 0.3397, test loss: 1.80273739
[2026-06-26 01:47:23,232][root][INFO] - reg loss: 4.399993794863342, entropy loss: 0.07447526603937149, leaf dev: 0.10329378396272659
[2026-06-26 01:47:23,233][root][INFO] - Val leaf stats: tensor([0.0008, 0.0022, 0.0000, 0.0000, 0.0076, 0.0208, 0.0122, 0.0003, 0.1952,
        0.2525, 0.2360, 0.0111, 0.0011, 0.0022, 0.0049, 0.2533])
[2026-06-26 01:47:25,116][root][INFO] - Epoch: 5 | train acc: 0.3257, train loss: 1.96876041, valid acc: 0.3373, valid loss: 1.81710521, test acc: 0.3385, test loss: 1.78517567
[2026-06-26 01:47:26,028][root][INFO] - reg loss: 4.421265000202617, entropy loss: 0.036423495069879, leaf dev: 0.0877910703420639
[2026-06-26 01:47:26,030][root][INFO] - Val leaf stats: tensor([0.0324, 0.0019, 0.0011, 0.0008, 0.0073, 0.2636, 0.0205, 0.0003, 0.0003,
        0.1304, 0.1258, 0.0192, 0.0011, 0.0138, 0.2120, 0.1696])
[2026-06-26 01:47:26,062][root][INFO] - Epoch: 4 | train acc: 0.3089, train loss: 2.17239414, valid acc: 0.3006, valid loss: 1.92160423, test acc: 0.3000, test loss: 1.89683561
[2026-06-26 01:47:26,441][root][INFO] - Epoch: 4 | train acc: 0.3882, train loss: 1.71204682, valid acc: 0.3962, valid loss: 1.62105084, test acc: 0.4021, test loss: 1.66301457
[2026-06-26 01:47:26,677][root][INFO] - Epoch: 4 | train acc: 0.4171, train loss: 1.61869554, valid acc: 0.4102, valid loss: 1.66583884, test acc: 0.4048, test loss: 1.64749087
[2026-06-26 01:47:28,110][root][INFO] - Epoch: 4 | train acc: 0.3855, train loss: 1.80457144, valid acc: 0.3659, valid loss: 1.80778769, test acc: 0.3812, test loss: 1.73581323
[2026-06-26 01:47:28,963][root][INFO] - reg loss: 4.422247206578489, entropy loss: 0.03564682841056683, leaf dev: 0.12726296484470367
[2026-06-26 01:47:28,965][root][INFO] - Val leaf stats: tensor([1.0802e-03, 8.3176e-02, 2.1685e-01, 0.0000e+00, 1.3503e-03, 5.4010e-04,
        4.8609e-03, 8.1285e-02, 0.0000e+00, 2.7005e-04, 4.8690e-01, 2.7005e-04,
        7.5344e-02, 4.5909e-02, 8.1015e-04, 1.3503e-03])
[2026-06-26 01:47:30,391][root][INFO] - reg loss: 4.32749496522497, entropy loss: 0.034906216912337994, leaf dev: 0.12952406704425812
[2026-06-26 01:47:30,392][root][INFO] - Val leaf stats: tensor([1.3503e-03, 1.8904e-03, 8.9117e-03, 8.1015e-03, 0.0000e+00, 1.0802e-03,
        0.0000e+00, 2.9706e-03, 3.5377e-02, 2.7005e-04, 2.2441e-01, 1.2422e-02,
        4.5882e-01, 1.8904e-03, 2.2684e-01, 1.5663e-02])
[2026-06-26 01:47:30,764][root][INFO] - reg loss: 4.39332209258783, entropy loss: 0.06130978703254559, leaf dev: 0.0947796180844307
[2026-06-26 01:47:30,765][root][INFO] - Val leaf stats: tensor([5.4010e-03, 1.5933e-02, 0.0000e+00, 2.8085e-02, 2.9625e-01, 1.7472e-01,
        5.4010e-04, 0.0000e+00, 2.7005e-04, 1.0802e-03, 2.1172e-01, 1.5393e-02,
        6.7513e-03, 2.7005e-04, 1.6122e-01, 8.2366e-02])
[2026-06-26 01:47:30,899][root][INFO] - reg loss: 4.409815233261859, entropy loss: 0.0542336958231496, leaf dev: 0.1134892925620079
[2026-06-26 01:47:30,900][root][INFO] - Val leaf stats: tensor([3.7807e-03, 4.4180e-01, 3.8077e-02, 3.2136e-02, 1.0802e-03, 2.7005e-04,
        8.3716e-03, 1.4043e-02, 5.4010e-03, 8.1015e-04, 2.0092e-01, 2.1334e-02,
        1.0181e-01, 3.0246e-02, 6.7513e-02, 3.2406e-02])
[2026-06-26 01:47:32,456][root][INFO] - reg loss: 4.496448337054644, entropy loss: 0.06956900106590302, leaf dev: 0.10012158006429672
[2026-06-26 01:47:32,458][root][INFO] - Val leaf stats: tensor([0.0243, 0.0221, 0.0008, 0.3532, 0.0189, 0.0791, 0.0289, 0.0046, 0.0540,
        0.0041, 0.0149, 0.1369, 0.0078, 0.0024, 0.2398, 0.0081])
[2026-06-26 01:47:46,868][root][INFO] - Epoch: 39 | train acc: 0.9857, train loss: 0.12561592, valid acc: 0.9627, valid loss: 0.14812991, test acc: 0.9301, test loss: 1.20728906
[2026-06-26 01:47:47,203][root][INFO] - Epoch: 5 | train acc: 0.3798, train loss: 1.70090133, valid acc: 0.3989, valid loss: 1.69160604, test acc: 0.3682, test loss: 1.71083823
[2026-06-26 01:47:48,727][root][INFO] - Epoch: 40 | train acc: 0.9874, train loss: 0.04358694, valid acc: 0.9599, valid loss: 0.15052360, test acc: 0.9364, test loss: 2.28961470
[2026-06-26 01:47:49,617][root][INFO] - reg loss: 5.25828231831707, entropy loss: 0.14819143594257414, leaf dev: 0.06660295277833939
[2026-06-26 01:47:49,618][root][INFO] - Val leaf stats: tensor([0.1818, 0.0886, 0.0957, 0.0021, 0.1631, 0.0241, 0.0177, 0.0037, 0.0018,
        0.0008, 0.0020, 0.1080, 0.0364, 0.0007, 0.1140, 0.1596])
[2026-06-26 01:47:50,286][root][INFO] - Epoch: 5 | train acc: 0.3076, train loss: 1.88585070, valid acc: 0.2906, valid loss: 1.84806184, test acc: 0.3046, test loss: 1.84048186
[2026-06-26 01:47:50,651][root][INFO] - reg loss: 4.405549565299612, entropy loss: 0.07144260369851942, leaf dev: 0.11142262071371078
[2026-06-26 01:47:50,652][root][INFO] - Val leaf stats: tensor([1.7904e-01, 4.1804e-01, 2.7005e-04, 1.2692e-02, 2.7005e-04, 3.2406e-03,
        4.8609e-03, 8.6686e-02, 4.8609e-03, 5.4010e-04, 1.2422e-02, 2.4305e-03,
        1.4556e-01, 1.1261e-01, 5.6711e-03, 1.0802e-02])
[2026-06-26 01:47:50,719][root][INFO] - reg loss: 5.136319173076165, entropy loss: 0.18871810921916254, leaf dev: 0.07896669954061508
[2026-06-26 01:47:50,720][root][INFO] - Val leaf stats: tensor([0.2874, 0.0611, 0.1024, 0.0929, 0.0007, 0.0016, 0.0045, 0.0812, 0.0031,
        0.0041, 0.0007, 0.1165, 0.0007, 0.0013, 0.0973, 0.1448])
[2026-06-26 01:47:51,141][root][INFO] - Epoch: 5 | train acc: 0.3875, train loss: 1.64783609, valid acc: 0.3997, valid loss: 1.67856584, test acc: 0.3959, test loss: 1.63185085
[2026-06-26 01:47:53,941][root][INFO] - reg loss: 4.4574483105393705, entropy loss: 0.06636694556132691, leaf dev: 0.09588451683521271
[2026-06-26 01:47:53,942][root][INFO] - Val leaf stats: tensor([0.2174, 0.3524, 0.0648, 0.0778, 0.0321, 0.0335, 0.1067, 0.0046, 0.0005,
        0.0059, 0.0305, 0.0640, 0.0000, 0.0005, 0.0092, 0.0000])
[2026-06-26 01:47:54,475][root][INFO] - Epoch: 5 | train acc: 0.3660, train loss: 1.97158808, valid acc: 0.3656, valid loss: 1.78683235, test acc: 0.3606, test loss: 1.76323717
[2026-06-26 01:47:54,968][root][INFO] - reg loss: 4.378354119472816, entropy loss: 0.07197067459098629, leaf dev: 0.1044747456908226
[2026-06-26 01:47:54,969][root][INFO] - Val leaf stats: tensor([0.0003, 0.0022, 0.0000, 0.0003, 0.0200, 0.0200, 0.0051, 0.0003, 0.2241,
        0.2006, 0.2563, 0.0054, 0.0005, 0.0014, 0.0005, 0.2630])
[2026-06-26 01:47:56,441][root][INFO] - Epoch: 6 | train acc: 0.3414, train loss: 1.92090248, valid acc: 0.3846, valid loss: 1.74767851, test acc: 0.3697, test loss: 1.72116703
[2026-06-26 01:47:57,813][root][INFO] - Epoch: 5 | train acc: 0.3375, train loss: 2.09145097, valid acc: 0.3521, valid loss: 1.79172738, test acc: 0.3466, test loss: 1.84678720
[2026-06-26 01:47:58,716][root][INFO] - reg loss: 4.402146511390561, entropy loss: 0.03334498832948872, leaf dev: 0.11376438289880753
[2026-06-26 01:47:58,717][root][INFO] - Val leaf stats: tensor([1.5393e-02, 2.1604e-03, 2.4305e-03, 1.6203e-03, 2.0794e-02, 2.7275e-01,
        3.6997e-02, 1.3503e-03, 1.0802e-03, 4.0319e-01, 8.0475e-02, 9.9919e-03,
        2.7005e-04, 3.7807e-03, 8.1826e-02, 6.5893e-02])
[2026-06-26 01:47:58,807][root][INFO] - Epoch: 5 | train acc: 0.4058, train loss: 1.66120450, valid acc: 0.3900, valid loss: 1.70287684, test acc: 0.3832, test loss: 1.71399021
[2026-06-26 01:47:59,546][root][INFO] - Epoch: 5 | train acc: 0.4116, train loss: 1.62068538, valid acc: 0.4045, valid loss: 1.56391720, test acc: 0.4033, test loss: 1.62856646
[2026-06-26 01:48:00,239][root][INFO] - reg loss: 4.388741618297139, entropy loss: 0.034300875224050925, leaf dev: 0.09954243898391724
[2026-06-26 01:48:00,240][root][INFO] - Val leaf stats: tensor([5.1310e-03, 2.8301e-01, 2.2630e-01, 5.9411e-03, 2.7005e-04, 2.7005e-04,
        6.2112e-02, 1.1072e-01, 0.0000e+00, 2.7005e-04, 2.4926e-01, 0.0000e+00,
        2.4035e-02, 3.0516e-02, 2.7005e-04, 1.8904e-03])
[2026-06-26 01:48:00,611][root][INFO] - Epoch: 5 | train acc: 0.3772, train loss: 1.82403042, valid acc: 0.3467, valid loss: 1.85281962, test acc: 0.3517, test loss: 1.80692635
[2026-06-26 01:48:01,773][root][INFO] - reg loss: 4.2846834620491405, entropy loss: 0.031108529535961934, leaf dev: 0.13595861196517944
[2026-06-26 01:48:01,774][root][INFO] - Val leaf stats: tensor([0.0011, 0.0035, 0.0024, 0.0027, 0.0005, 0.0041, 0.0000, 0.0024, 0.0203,
        0.0038, 0.1196, 0.0154, 0.3521, 0.0022, 0.4475, 0.0224])
[2026-06-26 01:48:03,356][root][INFO] - reg loss: 4.325735389209185, entropy loss: 0.05575344546652231, leaf dev: 0.10419007390737534
[2026-06-26 01:48:03,358][root][INFO] - Val leaf stats: tensor([2.7005e-04, 1.6473e-02, 1.6203e-03, 1.8904e-03, 3.5566e-01, 1.4151e-01,
        5.4010e-04, 0.0000e+00, 2.7005e-04, 8.1015e-04, 1.4043e-01, 2.9166e-02,
        7.2914e-03, 5.4010e-04, 2.2873e-01, 7.4804e-02])
[2026-06-26 01:48:03,381][root][INFO] - reg loss: 4.3689680881187565, entropy loss: 0.05245396769681915, leaf dev: 0.1411220133304596
[2026-06-26 01:48:03,382][root][INFO] - Val leaf stats: tensor([1.3233e-02, 5.7980e-01, 6.4542e-02, 5.8331e-02, 3.7807e-03, 2.7005e-04,
        2.4305e-02, 6.6973e-02, 1.6203e-03, 0.0000e+00, 9.3168e-02, 1.3503e-03,
        4.6989e-02, 7.8315e-03, 3.5647e-02, 2.1604e-03])
[2026-06-26 01:48:04,289][root][INFO] - reg loss: 4.472407864742592, entropy loss: 0.06544853508716723, leaf dev: 0.10180516541004181
[2026-06-26 01:48:04,290][root][INFO] - Val leaf stats: tensor([0.1069, 0.0197, 0.0008, 0.4045, 0.0143, 0.0416, 0.0392, 0.0157, 0.0248,
        0.0022, 0.0011, 0.0697, 0.0016, 0.0000, 0.1245, 0.1334])
[2026-06-26 01:48:19,716][root][INFO] - Epoch: 6 | train acc: 0.3973, train loss: 1.62098800, valid acc: 0.3964, valid loss: 1.65049368, test acc: 0.3866, test loss: 1.68453890
[2026-06-26 01:48:20,341][root][INFO] - Epoch: 40 | train acc: 0.9852, train loss: 0.12330674, valid acc: 0.9599, valid loss: 0.15604859, test acc: 0.9297, test loss: 1.26849250
[2026-06-26 01:48:21,626][root][INFO] - Epoch: 6 | train acc: 0.3328, train loss: 1.84474176, valid acc: 0.3224, valid loss: 1.92770766, test acc: 0.3282, test loss: 1.86267607
[2026-06-26 01:48:22,457][root][INFO] - Epoch: 41 | train acc: 0.9874, train loss: 0.04291425, valid acc: 0.9625, valid loss: 0.14519587, test acc: 0.9318, test loss: 2.02264271
[2026-06-26 01:48:22,986][root][INFO] - reg loss: 5.242711183255311, entropy loss: 0.14532322511471138, leaf dev: 0.06728362292051315
[2026-06-26 01:48:22,987][root][INFO] - Val leaf stats: tensor([0.1870, 0.0874, 0.0936, 0.0021, 0.1873, 0.0389, 0.0195, 0.0043, 0.0020,
        0.0009, 0.0018, 0.0869, 0.0384, 0.0007, 0.0933, 0.1559])
[2026-06-26 01:48:23,090][root][INFO] - reg loss: 4.380878425035321, entropy loss: 0.06409937008971074, leaf dev: 0.11502030491828918
[2026-06-26 01:48:23,093][root][INFO] - Val leaf stats: tensor([1.5663e-01, 4.0967e-01, 2.7005e-04, 1.4853e-02, 1.6203e-03, 1.0802e-03,
        1.1612e-02, 1.0775e-01, 5.6711e-03, 2.7005e-04, 2.1604e-02, 2.9706e-03,
        2.2144e-02, 2.3575e-01, 2.7005e-03, 5.4010e-03])
[2026-06-26 01:48:23,977][root][INFO] - Epoch: 6 | train acc: 0.4169, train loss: 1.58733803, valid acc: 0.4278, valid loss: 1.62136202, test acc: 0.4065, test loss: 1.62096240
[2026-06-26 01:48:24,757][root][INFO] - reg loss: 5.186415372071443, entropy loss: 0.19119380926959728, leaf dev: 0.08785804361104965
[2026-06-26 01:48:24,759][root][INFO] - Val leaf stats: tensor([0.3295, 0.0445, 0.1237, 0.0423, 0.0007, 0.0016, 0.0077, 0.0815, 0.0031,
        0.0049, 0.0006, 0.1118, 0.0007, 0.0014, 0.0990, 0.1470])
[2026-06-26 01:48:25,085][root][INFO] - reg loss: 4.389247284560907, entropy loss: 0.057405171763212956, leaf dev: 0.10769340395927429
[2026-06-26 01:48:25,087][root][INFO] - Val leaf stats: tensor([1.1963e-01, 4.3748e-02, 5.8871e-02, 4.3883e-01, 6.8593e-02, 3.2136e-02,
        9.6138e-02, 4.0508e-03, 5.4010e-04, 7.2914e-03, 2.9706e-02, 9.0467e-02,
        2.7005e-04, 5.4010e-04, 9.1817e-03, 0.0000e+00])
[2026-06-26 01:48:26,334][root][INFO] - Epoch: 6 | train acc: 0.3834, train loss: 1.92377247, valid acc: 0.3705, valid loss: 1.73390727, test acc: 0.3611, test loss: 1.72017536
[2026-06-26 01:48:27,979][root][INFO] - Epoch: 6 | train acc: 0.3857, train loss: 1.96668916, valid acc: 0.3894, valid loss: 1.71877506, test acc: 0.3724, test loss: 1.79373704
[2026-06-26 01:48:28,147][root][INFO] - reg loss: 4.33999427420194, entropy loss: 0.06652994069163917, leaf dev: 0.11147736012935638
[2026-06-26 01:48:28,149][root][INFO] - Val leaf stats: tensor([2.7005e-04, 1.6203e-03, 0.0000e+00, 2.7005e-04, 9.7218e-03, 2.8625e-02,
        1.0262e-02, 2.7005e-04, 1.9093e-01, 2.6870e-01, 1.3287e-01, 5.4010e-03,
        8.1015e-04, 1.6203e-03, 0.0000e+00, 3.4864e-01])
[2026-06-26 01:48:28,792][root][INFO] - Epoch: 7 | train acc: 0.4166, train loss: 1.76038382, valid acc: 0.4234, valid loss: 1.68272839, test acc: 0.4134, test loss: 1.66187295
[2026-06-26 01:48:30,063][root][INFO] - reg loss: 4.408989968847056, entropy loss: 0.033881583113650804, leaf dev: 0.07471437007188797
[2026-06-26 01:48:30,065][root][INFO] - Val leaf stats: tensor([0.0065, 0.0022, 0.0000, 0.0022, 0.0918, 0.2325, 0.1426, 0.0016, 0.0273,
        0.1105, 0.1723, 0.0105, 0.0005, 0.0005, 0.0794, 0.1196])
[2026-06-26 01:48:31,257][root][INFO] - Epoch: 6 | train acc: 0.4246, train loss: 1.57126442, valid acc: 0.4380, valid loss: 1.54237321, test acc: 0.4298, test loss: 1.60705006
[2026-06-26 01:48:31,629][root][INFO] - Epoch: 6 | train acc: 0.3882, train loss: 1.77644789, valid acc: 0.4016, valid loss: 1.65244506, test acc: 0.4102, test loss: 1.64718294
[2026-06-26 01:48:32,134][root][INFO] - reg loss: 4.2008301469146225, entropy loss: 0.02850546125994354, leaf dev: 0.1651243418455124
[2026-06-26 01:48:32,135][root][INFO] - Val leaf stats: tensor([1.3503e-03, 3.5107e-03, 1.6203e-03, 1.6203e-03, 2.7005e-04, 2.7005e-04,
        8.1015e-04, 8.3716e-03, 1.0532e-02, 5.6711e-03, 1.1801e-01, 8.1015e-03,
        1.4016e-01, 3.2406e-03, 6.6055e-01, 3.5917e-02])
[2026-06-26 01:48:32,577][root][INFO] - Epoch: 6 | train acc: 0.4132, train loss: 1.65144669, valid acc: 0.4010, valid loss: 1.68670660, test acc: 0.3974, test loss: 1.68898852
[2026-06-26 01:48:32,831][root][INFO] - reg loss: 4.328986246077741, entropy loss: 0.03375035835826983, leaf dev: 0.13044609129428864
[2026-06-26 01:48:32,832][root][INFO] - Val leaf stats: tensor([0.0057, 0.4996, 0.1466, 0.0014, 0.0000, 0.0000, 0.0308, 0.1934, 0.0000,
        0.0014, 0.0870, 0.0000, 0.0062, 0.0259, 0.0008, 0.0014])
[2026-06-26 01:48:35,335][root][INFO] - reg loss: 4.30657121001697, entropy loss: 0.05221211727036804, leaf dev: 0.09439843893051147
[2026-06-26 01:48:35,338][root][INFO] - Val leaf stats: tensor([0.0003, 0.0262, 0.0019, 0.0027, 0.2098, 0.2430, 0.0140, 0.0003, 0.0000,
        0.0008, 0.1304, 0.0151, 0.0051, 0.0003, 0.2576, 0.0924])
[2026-06-26 01:48:35,812][root][INFO] - reg loss: 4.396870276967033, entropy loss: 0.06044983363053838, leaf dev: 0.09366719424724579
[2026-06-26 01:48:35,813][root][INFO] - Val leaf stats: tensor([0.2285, 0.0232, 0.0005, 0.1672, 0.0294, 0.0667, 0.0257, 0.0027, 0.0030,
        0.0005, 0.0000, 0.0240, 0.0014, 0.0000, 0.1253, 0.3019])
[2026-06-26 01:48:36,759][root][INFO] - reg loss: 4.347488755085429, entropy loss: 0.0502083459105648, leaf dev: 0.1476801335811615
[2026-06-26 01:48:36,760][root][INFO] - Val leaf stats: tensor([1.4583e-02, 6.0491e-01, 9.3168e-02, 3.1596e-02, 3.5107e-03, 2.7005e-04,
        2.7005e-03, 4.2668e-02, 1.6203e-03, 0.0000e+00, 7.0213e-02, 2.1604e-03,
        6.8323e-02, 1.6473e-02, 4.5909e-02, 1.8904e-03])
[2026-06-26 01:48:52,696][root][INFO] - Epoch: 7 | train acc: 0.3811, train loss: 1.67948535, valid acc: 0.4059, valid loss: 1.65314434, test acc: 0.3814, test loss: 1.72171146
[2026-06-26 01:48:53,641][root][INFO] - Epoch: 7 | train acc: 0.3673, train loss: 1.75817549, valid acc: 0.3810, valid loss: 1.69334574, test acc: 0.3922, test loss: 1.70160432
[2026-06-26 01:48:55,033][root][INFO] - Epoch: 41 | train acc: 0.9867, train loss: 0.11676970, valid acc: 0.9635, valid loss: 0.14738777, test acc: 0.9325, test loss: 1.27925504
[2026-06-26 01:48:55,625][root][INFO] - Epoch: 42 | train acc: 0.9871, train loss: 0.04482318, valid acc: 0.9591, valid loss: 0.15887445, test acc: 0.9343, test loss: 1.08289005
[2026-06-26 01:48:55,856][root][INFO] - reg loss: 4.248876946871398, entropy loss: 0.05137710303801005, leaf dev: 0.13928398489952087
[2026-06-26 01:48:55,857][root][INFO] - Val leaf stats: tensor([3.0516e-02, 5.3524e-01, 8.1015e-04, 6.7513e-03, 9.7218e-03, 0.0000e+00,
        6.7513e-03, 1.0613e-01, 5.6711e-03, 2.7005e-04, 3.0786e-02, 4.8609e-03,
        2.2954e-02, 2.3035e-01, 4.5909e-03, 4.5909e-03])
[2026-06-26 01:48:56,380][root][INFO] - Epoch: 7 | train acc: 0.3881, train loss: 1.90875475, valid acc: 0.3964, valid loss: 1.67663561, test acc: 0.3817, test loss: 1.66710248
[2026-06-26 01:48:56,985][root][INFO] - reg loss: 4.398383750290167, entropy loss: 0.057211396085922836, leaf dev: 0.08288320153951645
[2026-06-26 01:48:56,986][root][INFO] - Val leaf stats: tensor([0.1615, 0.2638, 0.0394, 0.2090, 0.0227, 0.0980, 0.0532, 0.0003, 0.0005,
        0.0073, 0.0313, 0.1026, 0.0003, 0.0005, 0.0095, 0.0000])
[2026-06-26 01:48:57,013][root][INFO] - Epoch: 7 | train acc: 0.4571, train loss: 1.51953736, valid acc: 0.4558, valid loss: 1.55193700, test acc: 0.4502, test loss: 1.53301468
[2026-06-26 01:48:57,994][root][INFO] - reg loss: 5.202487821932192, entropy loss: 0.14144085860126232, leaf dev: 0.06906892359256744
[2026-06-26 01:48:58,021][root][INFO] - Val leaf stats: tensor([0.2034, 0.0808, 0.0968, 0.0023, 0.1951, 0.0397, 0.0168, 0.0040, 0.0021,
        0.0010, 0.0016, 0.0900, 0.0363, 0.0007, 0.0910, 0.1384])
[2026-06-26 01:48:58,181][root][INFO] - reg loss: 5.127223764147077, entropy loss: 0.1912926039683125, leaf dev: 0.07657673954963684
[2026-06-26 01:48:58,182][root][INFO] - Val leaf stats: tensor([0.2688, 0.0482, 0.1220, 0.1006, 0.0013, 0.0016, 0.0038, 0.0776, 0.0031,
        0.0082, 0.0005, 0.1162, 0.0007, 0.0017, 0.0996, 0.1462])
[2026-06-26 01:49:00,192][root][INFO] - reg loss: 4.406173541897633, entropy loss: 0.03616009252603914, leaf dev: 0.07798072695732117
[2026-06-26 01:49:00,194][root][INFO] - Val leaf stats: tensor([0.0092, 0.0011, 0.0005, 0.0008, 0.0381, 0.2428, 0.0870, 0.0019, 0.0143,
        0.1583, 0.1583, 0.0200, 0.0008, 0.0027, 0.1358, 0.1285])
[2026-06-26 01:49:00,908][root][INFO] - reg loss: 4.320039624073466, entropy loss: 0.06569950685637896, leaf dev: 0.11151071637868881
[2026-06-26 01:49:00,910][root][INFO] - Val leaf stats: tensor([0.0000e+00, 1.6203e-03, 2.7005e-04, 1.8904e-03, 4.3208e-03, 3.8617e-02,
        8.9117e-03, 0.0000e+00, 1.8580e-01, 1.8580e-01, 1.6851e-01, 1.5123e-02,
        5.4010e-04, 1.6203e-03, 0.0000e+00, 3.8698e-01])
[2026-06-26 01:49:00,917][root][INFO] - Epoch: 7 | train acc: 0.4093, train loss: 1.86943662, valid acc: 0.4156, valid loss: 1.63904117, test acc: 0.4143, test loss: 1.70434587
[2026-06-26 01:49:01,821][root][INFO] - Epoch: 8 | train acc: 0.4470, train loss: 1.68002888, valid acc: 0.4324, valid loss: 1.63796917, test acc: 0.4318, test loss: 1.57398938
[2026-06-26 01:49:03,053][root][INFO] - Epoch: 7 | train acc: 0.4137, train loss: 1.67770695, valid acc: 0.4170, valid loss: 1.58276899, test acc: 0.4109, test loss: 1.59678119
[2026-06-26 01:49:03,237][root][INFO] - Epoch: 7 | train acc: 0.4355, train loss: 1.55865458, valid acc: 0.4124, valid loss: 1.59793812, test acc: 0.4094, test loss: 1.62304106
[2026-06-26 01:49:05,395][root][INFO] - reg loss: 4.178361540935079, entropy loss: 0.027216262352026878, leaf dev: 0.15327943861484528
[2026-06-26 01:49:05,397][root][INFO] - Val leaf stats: tensor([1.6203e-03, 2.7005e-03, 1.3503e-03, 8.1015e-04, 0.0000e+00, 2.4305e-03,
        2.7005e-04, 1.7013e-02, 1.2152e-02, 4.0508e-03, 1.2503e-01, 2.5115e-02,
        1.5609e-01, 4.8609e-03, 6.1032e-01, 3.6187e-02])
[2026-06-26 01:49:05,445][root][INFO] - Epoch: 7 | train acc: 0.4259, train loss: 1.62231937, valid acc: 0.4318, valid loss: 1.62070966, test acc: 0.4190, test loss: 1.64173900
[2026-06-26 01:49:06,068][root][INFO] - reg loss: 4.256298237159604, entropy loss: 0.030034955987920525, leaf dev: 0.10576698184013367
[2026-06-26 01:49:06,069][root][INFO] - Val leaf stats: tensor([1.0802e-03, 2.4467e-01, 1.3368e-01, 2.7005e-04, 0.0000e+00, 8.1015e-04,
        1.1072e-02, 1.1666e-01, 0.0000e+00, 1.0802e-03, 3.6187e-01, 2.7005e-04,
        5.6981e-02, 6.8053e-02, 1.6203e-03, 1.8904e-03])
[2026-06-26 01:49:06,846][root][INFO] - reg loss: 4.284077613080134, entropy loss: 0.053896026655298766, leaf dev: 0.11376438289880753
[2026-06-26 01:49:06,848][root][INFO] - Val leaf stats: tensor([0.2050, 0.0154, 0.0014, 0.0518, 0.0059, 0.0491, 0.0184, 0.0000, 0.0022,
        0.0005, 0.0041, 0.0394, 0.0022, 0.0011, 0.1896, 0.4140])
[2026-06-26 01:49:07,532][root][INFO] - reg loss: 4.269578222368584, entropy loss: 0.04984873179040971, leaf dev: 0.11406173557043076
[2026-06-26 01:49:07,534][root][INFO] - Val leaf stats: tensor([5.6711e-03, 3.8077e-02, 5.4010e-04, 5.1310e-03, 1.4475e-01, 4.0967e-01,
        2.7005e-04, 0.0000e+00, 0.0000e+00, 8.1015e-04, 7.5074e-02, 1.0802e-02,
        1.6203e-03, 1.6203e-03, 2.3900e-01, 6.6973e-02])
[2026-06-26 01:49:09,456][root][INFO] - reg loss: 4.309515679468874, entropy loss: 0.046426066426468675, leaf dev: 0.14302930235862732
[2026-06-26 01:49:09,457][root][INFO] - Val leaf stats: tensor([2.2684e-02, 5.8898e-01, 7.6425e-02, 5.4820e-02, 3.5107e-03, 2.7005e-04,
        5.1310e-03, 5.1310e-02, 1.6203e-03, 2.7005e-04, 6.7243e-02, 6.7513e-03,
        6.3732e-02, 1.5393e-02, 3.9427e-02, 2.4305e-03])
[2026-06-26 01:49:23,720][root][INFO] - Epoch: 8 | train acc: 0.4256, train loss: 1.58593465, valid acc: 0.4224, valid loss: 1.61815444, test acc: 0.4116, test loss: 1.65784527
[2026-06-26 01:49:23,996][root][INFO] - Epoch: 8 | train acc: 0.4146, train loss: 1.64059279, valid acc: 0.3937, valid loss: 1.64795294, test acc: 0.4035, test loss: 1.63128696
[2026-06-26 01:49:25,224][root][INFO] - Epoch: 43 | train acc: 0.9858, train loss: 0.04838221, valid acc: 0.9609, valid loss: 0.15236627, test acc: 0.9223, test loss: 2.79569690
[2026-06-26 01:49:26,897][root][INFO] - Epoch: 8 | train acc: 0.4094, train loss: 1.81854515, valid acc: 0.4067, valid loss: 1.62184477, test acc: 0.3932, test loss: 1.62625813
[2026-06-26 01:49:27,067][root][INFO] - reg loss: 4.276410399890337, entropy loss: 0.048067074452267315, leaf dev: 0.12567628920078278
[2026-06-26 01:49:27,069][root][INFO] - Val leaf stats: tensor([8.4526e-02, 4.8987e-01, 1.0802e-03, 5.4010e-04, 9.1817e-03, 0.0000e+00,
        6.4812e-03, 7.7235e-02, 5.4010e-03, 2.7005e-04, 5.7791e-02, 1.1882e-02,
        2.7815e-02, 2.0389e-01, 1.7553e-02, 6.4812e-03])
[2026-06-26 01:49:27,287][root][INFO] - reg loss: 4.400882564607214, entropy loss: 0.05768121840035329, leaf dev: 0.08291557431221008
[2026-06-26 01:49:27,288][root][INFO] - Val leaf stats: tensor([0.2287, 0.2301, 0.0359, 0.1458, 0.0100, 0.0159, 0.1331, 0.0024, 0.0005,
        0.0108, 0.0432, 0.1329, 0.0005, 0.0005, 0.0095, 0.0000])
[2026-06-26 01:49:27,618][root][INFO] - reg loss: 5.0951860569141525, entropy loss: 0.18627259710793773, leaf dev: 0.08083456009626389
[2026-06-26 01:49:27,620][root][INFO] - Val leaf stats: tensor([0.2919, 0.0536, 0.1253, 0.0748, 0.0007, 0.0012, 0.0029, 0.0747, 0.0030,
        0.0037, 0.0006, 0.1196, 0.0007, 0.0017, 0.1002, 0.1454])
[2026-06-26 01:49:27,760][root][INFO] - Epoch: 8 | train acc: 0.4753, train loss: 1.46441443, valid acc: 0.4661, valid loss: 1.49893410, test acc: 0.4674, test loss: 1.50268172
[2026-06-26 01:49:28,470][root][INFO] - Epoch: 42 | train acc: 0.9888, train loss: 0.10957219, valid acc: 0.9636, valid loss: 0.14223425, test acc: 0.9302, test loss: 1.33902537
[2026-06-26 01:49:30,543][root][INFO] - reg loss: 4.361754409602431, entropy loss: 0.0315690924276094, leaf dev: 0.08434320986270905
[2026-06-26 01:49:30,545][root][INFO] - Val leaf stats: tensor([1.6473e-02, 1.6203e-03, 1.0802e-03, 8.1015e-04, 9.3168e-02, 3.0786e-01,
        8.1555e-02, 8.1015e-04, 6.7513e-03, 1.6095e-01, 8.8847e-02, 1.8904e-02,
        2.7005e-04, 4.0508e-03, 1.3179e-01, 8.5066e-02])
[2026-06-26 01:49:30,921][root][INFO] - reg loss: 5.186901105144036, entropy loss: 0.1395781299582234, leaf dev: 0.0679268166422844
[2026-06-26 01:49:30,923][root][INFO] - Val leaf stats: tensor([0.1874, 0.0868, 0.0947, 0.0023, 0.1991, 0.0552, 0.0052, 0.0045, 0.0021,
        0.0011, 0.0013, 0.0893, 0.0395, 0.0005, 0.0919, 0.1391])
[2026-06-26 01:49:31,597][root][INFO] - reg loss: 4.284285858029225, entropy loss: 0.06203213193621792, leaf dev: 0.12116476893424988
[2026-06-26 01:49:31,598][root][INFO] - Val leaf stats: tensor([0.0000e+00, 1.6203e-03, 0.0000e+00, 1.0802e-03, 1.3503e-02, 4.6179e-02,
        2.7005e-04, 0.0000e+00, 1.4610e-01, 1.5177e-01, 1.6122e-01, 1.5393e-02,
        8.1015e-04, 4.0508e-03, 0.0000e+00, 4.5801e-01])
[2026-06-26 01:49:31,880][root][INFO] - Epoch: 9 | train acc: 0.4587, train loss: 1.62161375, valid acc: 0.4634, valid loss: 1.55341952, test acc: 0.4612, test loss: 1.49775881
[2026-06-26 01:49:32,259][root][INFO] - Epoch: 8 | train acc: 0.4453, train loss: 1.75060966, valid acc: 0.4437, valid loss: 1.54374336, test acc: 0.4381, test loss: 1.59990695
[2026-06-26 01:49:32,711][root][INFO] - Epoch: 8 | train acc: 0.4322, train loss: 1.58192724, valid acc: 0.4270, valid loss: 1.56192623, test acc: 0.4224, test loss: 1.56374206
[2026-06-26 01:49:34,573][root][INFO] - Epoch: 8 | train acc: 0.4316, train loss: 1.53088174, valid acc: 0.4321, valid loss: 1.52700032, test acc: 0.4124, test loss: 1.57640783
[2026-06-26 01:49:34,765][root][INFO] - Epoch: 8 | train acc: 0.4469, train loss: 1.58615131, valid acc: 0.4156, valid loss: 1.65052162, test acc: 0.4246, test loss: 1.65344642
[2026-06-26 01:49:35,880][root][INFO] - reg loss: 4.229231764058598, entropy loss: 0.028989985707353373, leaf dev: 0.11677920818328857
[2026-06-26 01:49:35,881][root][INFO] - Val leaf stats: tensor([0.0016, 0.4302, 0.1491, 0.0000, 0.0005, 0.0000, 0.0311, 0.1129, 0.0000,
        0.0008, 0.2104, 0.0019, 0.0340, 0.0254, 0.0005, 0.0016])
[2026-06-26 01:49:35,952][root][INFO] - reg loss: 4.18374864390639, entropy loss: 0.02672934300098263, leaf dev: 0.15331444144248962
[2026-06-26 01:49:35,954][root][INFO] - Val leaf stats: tensor([1.8904e-03, 2.9706e-03, 1.3503e-03, 1.8904e-03, 0.0000e+00, 1.6203e-03,
        2.7005e-04, 8.9117e-03, 1.1612e-02, 8.1015e-04, 1.5339e-01, 1.0262e-02,
        1.3881e-01, 8.1015e-04, 6.0708e-01, 5.8331e-02])
[2026-06-26 01:49:36,349][root][INFO] - reg loss: 4.264010882768475, entropy loss: 0.050690615274867075, leaf dev: 0.11600380390882492
[2026-06-26 01:49:36,351][root][INFO] - Val leaf stats: tensor([0.1990, 0.0130, 0.0014, 0.0448, 0.0046, 0.0554, 0.0243, 0.0000, 0.0035,
        0.0005, 0.0051, 0.0651, 0.0011, 0.0011, 0.4418, 0.1393])
[2026-06-26 01:49:38,412][root][INFO] - reg loss: 4.352330059301658, entropy loss: 0.047807806400490586, leaf dev: 0.10287931561470032
[2026-06-26 01:49:38,414][root][INFO] - Val leaf stats: tensor([2.2468e-01, 3.8320e-01, 4.5909e-02, 5.4820e-02, 8.9117e-03, 5.4010e-04,
        1.0532e-02, 4.4829e-02, 1.3503e-03, 2.7005e-04, 9.9919e-02, 5.4010e-03,
        3.8347e-02, 6.4812e-03, 7.1294e-02, 3.5107e-03])
[2026-06-26 01:49:38,996][root][INFO] - reg loss: 4.238258408718422, entropy loss: 0.046242175837520695, leaf dev: 0.10175204277038574
[2026-06-26 01:49:38,997][root][INFO] - Val leaf stats: tensor([8.6416e-03, 5.4010e-02, 5.4010e-04, 3.5107e-03, 1.8228e-01, 3.1191e-01,
        5.4010e-04, 2.7005e-04, 0.0000e+00, 5.4010e-04, 7.9665e-02, 1.2692e-02,
        2.1604e-03, 1.3503e-03, 2.6924e-01, 7.2644e-02])
[2026-06-26 01:49:54,134][root][INFO] - Epoch: 9 | train acc: 0.4360, train loss: 1.59875359, valid acc: 0.4340, valid loss: 1.59074625, test acc: 0.4399, test loss: 1.57262218
[2026-06-26 01:49:54,549][root][INFO] - Epoch: 9 | train acc: 0.4239, train loss: 1.56640804, valid acc: 0.4259, valid loss: 1.61456635, test acc: 0.4121, test loss: 1.62103842
[2026-06-26 01:49:55,336][root][INFO] - Epoch: 44 | train acc: 0.9835, train loss: 0.05805613, valid acc: 0.9598, valid loss: 0.16287687, test acc: 0.9300, test loss: 1.61959662
[2026-06-26 01:49:57,253][root][INFO] - reg loss: 4.36774851064213, entropy loss: 0.054712287837364634, leaf dev: 0.09418249875307083
[2026-06-26 01:49:57,254][root][INFO] - Val leaf stats: tensor([0.0813, 0.3511, 0.0762, 0.1815, 0.0051, 0.0165, 0.0697, 0.0011, 0.0005,
        0.0127, 0.0602, 0.1339, 0.0005, 0.0005, 0.0092, 0.0000])
[2026-06-26 01:49:57,293][root][INFO] - Epoch: 9 | train acc: 0.4885, train loss: 1.40349583, valid acc: 0.4658, valid loss: 1.52518704, test acc: 0.4482, test loss: 1.50518712
[2026-06-26 01:49:57,603][root][INFO] - reg loss: 4.306587813330478, entropy loss: 0.04782013540140918, leaf dev: 0.10051530599594116
[2026-06-26 01:49:57,604][root][INFO] - Val leaf stats: tensor([1.2530e-01, 3.9346e-01, 2.1604e-03, 1.0802e-03, 6.4812e-03, 0.0000e+00,
        2.3765e-02, 8.6957e-02, 6.4812e-03, 2.7005e-04, 7.9125e-02, 1.4583e-02,
        3.4026e-02, 1.5015e-01, 7.1564e-02, 4.5909e-03])
[2026-06-26 01:49:57,964][root][INFO] - reg loss: 5.1269403891588645, entropy loss: 0.1846187821929417, leaf dev: 0.08249139040708542
[2026-06-26 01:49:57,965][root][INFO] - Val leaf stats: tensor([0.3026, 0.0456, 0.1182, 0.0488, 0.0011, 0.0011, 0.0027, 0.0765, 0.0031,
        0.0203, 0.0000, 0.1253, 0.0013, 0.0018, 0.1041, 0.1475])
[2026-06-26 01:49:58,214][root][INFO] - Epoch: 9 | train acc: 0.3959, train loss: 1.82649959, valid acc: 0.3451, valid loss: 1.73875356, test acc: 0.3503, test loss: 1.72194491
[2026-06-26 01:49:58,743][root][INFO] - Epoch: 43 | train acc: 0.9887, train loss: 0.11019345, valid acc: 0.9636, valid loss: 0.14523500, test acc: 0.9316, test loss: 1.35751030
[2026-06-26 01:50:01,147][root][INFO] - reg loss: 4.2616383052263105, entropy loss: 0.06220069680301869, leaf dev: 0.12382999807596207
[2026-06-26 01:50:01,148][root][INFO] - Val leaf stats: tensor([0.0000, 0.0014, 0.0000, 0.0011, 0.0165, 0.0427, 0.0008, 0.0000, 0.1928,
        0.2263, 0.0602, 0.0089, 0.0011, 0.0030, 0.0000, 0.4453])
[2026-06-26 01:50:01,389][root][INFO] - reg loss: 5.18629399809257, entropy loss: 0.13987013792234754, leaf dev: 0.06661749631166458
[2026-06-26 01:50:01,391][root][INFO] - Val leaf stats: tensor([0.1899, 0.1030, 0.0949, 0.0023, 0.1813, 0.0374, 0.0114, 0.0040, 0.0021,
        0.0011, 0.0014, 0.0910, 0.0425, 0.0007, 0.0982, 0.1388])
[2026-06-26 01:50:02,214][root][INFO] - Epoch: 10 | train acc: 0.4886, train loss: 1.53062555, valid acc: 0.4915, valid loss: 1.48604287, test acc: 0.4799, test loss: 1.45598246
[2026-06-26 01:50:02,246][root][INFO] - reg loss: 4.325453758239746, entropy loss: 0.02868358934389763, leaf dev: 0.11494939029216766
[2026-06-26 01:50:02,248][root][INFO] - Val leaf stats: tensor([0.0162, 0.0038, 0.0011, 0.0022, 0.0275, 0.2306, 0.0275, 0.0011, 0.0005,
        0.0292, 0.0113, 0.0097, 0.0022, 0.0176, 0.3886, 0.2309])
[2026-06-26 01:50:02,861][root][INFO] - Epoch: 9 | train acc: 0.4504, train loss: 1.53805723, valid acc: 0.4486, valid loss: 1.53223383, test acc: 0.4413, test loss: 1.51958847
[2026-06-26 01:50:04,285][root][INFO] - Epoch: 9 | train acc: 0.4726, train loss: 1.65858510, valid acc: 0.4596, valid loss: 1.47725336, test acc: 0.4671, test loss: 1.55092359
[2026-06-26 01:50:05,225][root][INFO] - Epoch: 9 | train acc: 0.4282, train loss: 1.61516073, valid acc: 0.3573, valid loss: 1.77537651, test acc: 0.3473, test loss: 1.80383681
[2026-06-26 01:50:05,951][root][INFO] - Epoch: 9 | train acc: 0.4248, train loss: 1.57404369, valid acc: 0.4040, valid loss: 1.64187694, test acc: 0.4089, test loss: 1.62505115
[2026-06-26 01:50:06,076][root][INFO] - reg loss: 4.224551630801842, entropy loss: 0.02854922902388651, leaf dev: 0.12943413853645325
[2026-06-26 01:50:06,077][root][INFO] - Val leaf stats: tensor([4.5909e-03, 4.9932e-01, 9.5328e-02, 5.4010e-04, 5.4010e-04, 0.0000e+00,
        1.2692e-02, 1.6014e-01, 0.0000e+00, 1.0802e-03, 1.6716e-01, 2.7005e-04,
        2.9706e-02, 2.7005e-02, 5.4010e-04, 1.0802e-03])
[2026-06-26 01:50:06,824][root][INFO] - reg loss: 4.24180727317685, entropy loss: 0.049744179808214065, leaf dev: 0.11420179903507233
[2026-06-26 01:50:06,825][root][INFO] - Val leaf stats: tensor([2.2063e-01, 1.5933e-02, 1.0802e-03, 7.3184e-02, 5.9411e-03, 4.0778e-02,
        4.6179e-02, 2.7005e-04, 6.2112e-03, 2.7005e-04, 1.8904e-03, 5.8601e-02,
        1.6203e-03, 1.8904e-03, 4.3370e-01, 9.1817e-02])
[2026-06-26 01:50:07,732][root][INFO] - reg loss: 4.179638518661749, entropy loss: 0.02593106071113563, leaf dev: 0.15907078981399536
[2026-06-26 01:50:07,734][root][INFO] - Val leaf stats: tensor([1.6203e-03, 2.9706e-03, 2.7005e-03, 1.0802e-03, 0.0000e+00, 1.6203e-03,
        2.7005e-04, 1.1342e-02, 1.1612e-02, 0.0000e+00, 1.8039e-01, 1.1612e-02,
        9.2628e-02, 8.1015e-04, 6.3084e-01, 5.0500e-02])
[2026-06-26 01:50:08,981][root][INFO] - reg loss: 4.345646240672127, entropy loss: 0.046946101989902435, leaf dev: 0.0756819099187851
[2026-06-26 01:50:08,982][root][INFO] - Val leaf stats: tensor([0.2322, 0.1534, 0.1607, 0.1528, 0.0073, 0.0005, 0.0054, 0.0308, 0.0008,
        0.0005, 0.1040, 0.0049, 0.0672, 0.0051, 0.0732, 0.0011])
[2026-06-26 01:50:09,020][root][INFO] - MLFlow server is starting on LOCAL with experiment APL_MS_hard_seeded...
[2026-06-26 01:50:09,173][root][INFO] - MLFlow run ID: 2daefea080ac4023b69e0869eff87a1d, status: RUNNING
[2026-06-26 01:50:09,264][root][INFO] - Starting experiment IATrain...
[2026-06-26 01:50:09,780][root][INFO] - reg loss: 4.237681068357874, entropy loss: 0.04427322299509752, leaf dev: 0.10739810764789581
[2026-06-26 01:50:09,782][root][INFO] - Val leaf stats: tensor([1.0532e-02, 5.9951e-02, 0.0000e+00, 4.3208e-03, 3.0651e-01, 2.0011e-01,
        2.7005e-04, 0.0000e+00, 2.7005e-04, 5.4010e-04, 5.3470e-02, 1.1342e-02,
        1.6203e-03, 0.0000e+00, 4.6719e-02, 3.0435e-01])
[2026-06-26 01:50:12,755][root][INFO] - MLFlow server is starting on LOCAL with experiment APL_MS_hard_seeded...
[2026-06-26 01:50:12,788][root][INFO] - MLFlow server is starting on LOCAL with experiment APL_MS_hard_seeded...
[2026-06-26 01:50:12,914][root][INFO] - MLFlow run ID: 302deb76f7e74373b6f434f99542c11b, status: RUNNING
[2026-06-26 01:50:12,963][root][INFO] - MLFlow run ID: fd839576fd6b47e287bdb545ee80b868, status: RUNNING
[2026-06-26 01:50:13,015][root][INFO] - Starting experiment IATrain...
[2026-06-26 01:50:13,043][root][INFO] - Starting experiment IATrain...
[2026-06-26 01:50:17,640][root][INFO] - MLFlow server is starting on LOCAL with experiment APL_MS_hard_seeded...
[2026-06-26 01:50:17,803][root][INFO] - MLFlow run ID: e485d1064a1b431081a885a5f75c79d0, status: RUNNING
[2026-06-26 01:50:17,945][root][INFO] - Starting experiment IATrain...
[2026-06-26 01:50:22,159][root][INFO] - Epoch: 10 | train acc: 0.4516, train loss: 1.49573943, valid acc: 0.4486, valid loss: 1.54995824, test acc: 0.4408, test loss: 1.54176907
[2026-06-26 01:50:24,135][root][INFO] - MLFlow server is starting on LOCAL with experiment APL_MS_hard_seeded...
[2026-06-26 01:50:24,258][root][INFO] - MLFlow run ID: acbc94c3e99d4a4295f0838043cfd7ae, status: RUNNING
[2026-06-26 01:50:24,354][root][INFO] - Starting experiment IATrain...
[2026-06-26 01:50:24,509][root][INFO] - Epoch: 10 | train acc: 0.4664, train loss: 1.52091111, valid acc: 0.4459, valid loss: 1.54123549, test acc: 0.4492, test loss: 1.55185019
[2026-06-26 01:50:24,984][root][INFO] - Epoch: 45 | train acc: 0.9878, train loss: 0.04208983, valid acc: 0.9610, valid loss: 0.14718088, test acc: 0.9288, test loss: 1.72329654
[2026-06-26 01:50:25,567][root][INFO] - reg loss: 4.30613498218724, entropy loss: 0.046433133057883526, leaf dev: 0.0976630374789238
[2026-06-26 01:50:25,568][root][INFO] - Val leaf stats: tensor([0.1048, 0.3819, 0.0041, 0.0024, 0.0205, 0.0011, 0.0103, 0.0616, 0.0046,
        0.0008, 0.1177, 0.0176, 0.1445, 0.0905, 0.0343, 0.0035])
[2026-06-26 01:50:27,384][root][INFO] - reg loss: 5.101464498610723, entropy loss: 0.18781227448945323, leaf dev: 0.08348537236452103
[2026-06-26 01:50:27,385][root][INFO] - Val leaf stats: tensor([0.3080, 0.0443, 0.1150, 0.0498, 0.0015, 0.0014, 0.0043, 0.0853, 0.0031,
        0.0144, 0.0000, 0.1245, 0.0009, 0.0012, 0.0992, 0.1473])
[2026-06-26 01:50:27,583][root][INFO] - reg loss: 4.331085783536317, entropy loss: 0.05238167740038184, leaf dev: 0.10566303879022598
[2026-06-26 01:50:27,584][root][INFO] - Val leaf stats: tensor([0.1439, 0.4218, 0.0554, 0.0772, 0.0068, 0.0284, 0.0743, 0.0011, 0.0005,
        0.0100, 0.0600, 0.1102, 0.0005, 0.0005, 0.0095, 0.0000])
[2026-06-26 01:50:27,730][root][INFO] - Epoch: 10 | train acc: 0.4946, train loss: 1.38546187, valid acc: 0.4899, valid loss: 1.44264328, test acc: 0.4723, test loss: 1.48534936
[2026-06-26 01:50:27,758][root][INFO] - Epoch: 10 | train acc: 0.3848, train loss: 1.80624818, valid acc: 0.3902, valid loss: 1.66427809, test acc: 0.3819, test loss: 1.65539189
[2026-06-26 01:50:30,767][root][INFO] - Epoch: 44 | train acc: 0.9898, train loss: 0.10656611, valid acc: 0.9612, valid loss: 0.16061491, test acc: 0.9261, test loss: 1.39616210
[2026-06-26 01:50:31,411][root][INFO] - reg loss: 4.265817337348813, entropy loss: 0.06227315247791712, leaf dev: 0.10550500452518463
[2026-06-26 01:50:31,411][root][INFO] - Val leaf stats: tensor([0.0000e+00, 1.6203e-03, 0.0000e+00, 1.3503e-03, 2.0524e-02, 4.1318e-02,
        2.7005e-04, 0.0000e+00, 2.5709e-01, 1.6554e-01, 1.7283e-01, 1.2692e-02,
        1.6203e-03, 2.9706e-03, 0.0000e+00, 3.2217e-01])
[2026-06-26 01:50:31,423][root][INFO] - reg loss: 4.284933582681124, entropy loss: 0.0258081570023396, leaf dev: 0.1069587767124176
[2026-06-26 01:50:31,425][root][INFO] - Val leaf stats: tensor([9.9919e-03, 1.6203e-03, 1.6203e-03, 2.7005e-03, 3.6997e-02, 1.7040e-01,
        2.7005e-02, 2.7005e-04, 8.1015e-04, 6.3732e-02, 2.7545e-02, 5.6711e-03,
        4.3208e-03, 1.9174e-02, 3.2703e-01, 3.0111e-01])
[2026-06-26 01:50:31,520][root][INFO] - Epoch: 11 | train acc: 0.5104, train loss: 1.45779147, valid acc: 0.5126, valid loss: 1.43873702, test acc: 0.5012, test loss: 1.43043880
[2026-06-26 01:50:33,314][root][INFO] - Epoch: 10 | train acc: 0.4648, train loss: 1.48022648, valid acc: 0.4475, valid loss: 1.51002364, test acc: 0.4585, test loss: 1.48108864
[2026-06-26 01:50:33,324][root][INFO] - Epoch: 10 | train acc: 0.4906, train loss: 1.59417758, valid acc: 0.4937, valid loss: 1.42266753, test acc: 0.4772, test loss: 1.51093835
[2026-06-26 01:50:33,430][root][INFO] - MLFlow server is starting on LOCAL with experiment APL_MS_hard_seeded...
[2026-06-26 01:50:33,587][root][INFO] - MLFlow run ID: 575b2fec17be4329bccb33a1a8deae33, status: RUNNING
[2026-06-26 01:50:33,764][root][INFO] - Starting experiment IATrain...
[2026-06-26 01:50:33,782][root][INFO] - reg loss: 5.209710481936339, entropy loss: 0.13821287855269418, leaf dev: 0.06513169407844543
[2026-06-26 01:50:33,783][root][INFO] - Val leaf stats: tensor([0.1728, 0.0751, 0.0831, 0.0023, 0.2018, 0.0420, 0.0346, 0.0062, 0.0022,
        0.0011, 0.0018, 0.0921, 0.0439, 0.0007, 0.1012, 0.1391])
[2026-06-26 01:50:35,325][root][INFO] - reg loss: 4.2106222246514, entropy loss: 0.026887488780451604, leaf dev: 0.13915884494781494
[2026-06-26 01:50:35,327][root][INFO] - Val leaf stats: tensor([5.6711e-03, 5.3875e-01, 2.9166e-02, 5.4010e-04, 5.4010e-04, 0.0000e+00,
        8.9117e-03, 1.8390e-01, 2.7005e-04, 8.1015e-04, 1.6041e-01, 2.7005e-04,
        2.9436e-02, 3.6457e-02, 2.7005e-03, 2.1604e-03])
[2026-06-26 01:50:35,511][root][INFO] - MLFlow server is starting on LOCAL with experiment APL_MS_hard_seeded...
[2026-06-26 01:50:35,596][root][INFO] - MLFlow run ID: d610fee7c395407c90e87950cd18865b, status: RUNNING
[2026-06-26 01:50:35,690][root][INFO] - Starting experiment IATrain...
[2026-06-26 01:50:35,798][root][INFO] - Epoch: 10 | train acc: 0.3881, train loss: 1.70287510, valid acc: 0.3967, valid loss: 1.69435048, test acc: 0.3920, test loss: 1.70716770
[2026-06-26 01:50:35,839][root][INFO] - Epoch: 10 | train acc: 0.4303, train loss: 1.53910408, valid acc: 0.4234, valid loss: 1.53479981, test acc: 0.4170, test loss: 1.55425026
[2026-06-26 01:50:35,893][root][INFO] - Epoch: 0 | train acc: 0.7783, train loss: 4.19694690, valid acc: 0.8661, valid loss: 0.41348594, test acc: 0.8791, test loss: 0.45874153
[2026-06-26 01:50:37,432][root][INFO] - reg loss: 4.167396592312172, entropy loss: 0.02394384973239703, leaf dev: 0.14967860281467438
[2026-06-26 01:50:37,434][root][INFO] - Val leaf stats: tensor([1.3503e-03, 3.2406e-03, 1.0802e-03, 0.0000e+00, 0.0000e+00, 1.6203e-03,
        2.7005e-04, 2.2684e-02, 1.0262e-02, 1.0802e-03, 2.4224e-01, 2.1334e-02,
        7.7775e-02, 2.1604e-03, 5.7548e-01, 3.9427e-02])
[2026-06-26 01:50:37,677][root][INFO] - reg loss: 4.256488104335597, entropy loss: 0.04881245789469266, leaf dev: 0.10996344685554504
[2026-06-26 01:50:37,678][root][INFO] - Val leaf stats: tensor([0.2155, 0.0194, 0.0014, 0.0726, 0.0076, 0.0540, 0.0251, 0.0000, 0.0097,
        0.0005, 0.0016, 0.0853, 0.0011, 0.0027, 0.4161, 0.0872])
[2026-06-26 01:50:38,473][root][INFO] - reg loss: 12.861987144228012, entropy loss: 0.4426044913196059, leaf dev: 0.08191023766994476
[2026-06-26 01:50:38,474][root][INFO] - Val leaf stats: tensor([0.0238, 0.0197, 0.0123, 0.0017, 0.1171, 0.0007, 0.1466, 0.1151, 0.0053,
        0.0378, 0.0010, 0.0012, 0.0489, 0.2281, 0.2402, 0.0003])
[2026-06-26 01:50:39,454][root][INFO] - Epoch: 0 | train acc: 0.7769, train loss: 1.10296553, valid acc: 0.8601, valid loss: 0.44931545, test acc: 0.8572, test loss: 0.48874177
[2026-06-26 01:50:39,850][root][INFO] - Epoch: 0 | train acc: 0.7691, train loss: 1.62547619, valid acc: 0.8616, valid loss: 0.42104317, test acc: 0.8560, test loss: 0.45042119
[2026-06-26 01:50:40,040][root][INFO] - reg loss: 4.341898527301725, entropy loss: 0.04593015315591312, leaf dev: 0.08066723495721817
[2026-06-26 01:50:40,041][root][INFO] - Val leaf stats: tensor([0.2701, 0.1736, 0.1048, 0.1129, 0.0057, 0.0011, 0.0095, 0.0392, 0.0008,
        0.0005, 0.1248, 0.0065, 0.0232, 0.0014, 0.1245, 0.0016])
[2026-06-26 01:50:40,163][root][INFO] - reg loss: 4.221262634777632, entropy loss: 0.04306176634596997, leaf dev: 0.10649247467517853
[2026-06-26 01:50:40,165][root][INFO] - Val leaf stats: tensor([1.3503e-02, 7.9935e-02, 2.7005e-04, 4.0508e-03, 3.5269e-01, 2.0875e-01,
        2.9706e-03, 2.7005e-04, 2.7005e-04, 1.0802e-03, 2.5925e-02, 9.9919e-03,
        1.6203e-03, 8.1015e-04, 6.8593e-02, 2.2927e-01])
[2026-06-26 01:50:41,652][root][INFO] - reg loss: 12.329441161382766, entropy loss: 0.4291416252100909, leaf dev: 0.11040658503770828
[2026-06-26 01:50:41,653][root][INFO] - Val leaf stats: tensor([1.1235e-01, 2.9884e-03, 5.8928e-02, 4.2949e-01, 6.9201e-02, 1.5876e-03,
        0.0000e+00, 3.2406e-02, 1.1207e-03, 2.5215e-02, 4.7535e-02, 1.8790e-01,
        9.3388e-05, 2.6802e-02, 3.7355e-04, 4.0157e-03])
[2026-06-26 01:50:43,139][root][INFO] - reg loss: 14.052066010772867, entropy loss: 0.4713701075977749, leaf dev: 0.061366066336631775
[2026-06-26 01:50:43,141][root][INFO] - Val leaf stats: tensor([0.1135, 0.1003, 0.1004, 0.0011, 0.1518, 0.0184, 0.1021, 0.0699, 0.0224,
        0.0290, 0.0022, 0.0082, 0.0812, 0.0000, 0.1982, 0.0013])
[2026-06-26 01:50:45,574][root][INFO] - Epoch: 0 | train acc: 0.7699, train loss: 0.93107298, valid acc: 0.8458, valid loss: 0.45454398, test acc: 0.8525, test loss: 0.57508267
[2026-06-26 01:50:48,396][root][INFO] - reg loss: 12.40576018479766, entropy loss: 0.4692613282216289, leaf dev: 0.09487300366163254
[2026-06-26 01:50:48,397][root][INFO] - Val leaf stats: tensor([4.2959e-02, 4.6694e-04, 2.6709e-02, 1.9724e-01, 7.4524e-02, 2.8950e-03,
        2.8016e-04, 1.3074e-02, 2.0545e-03, 6.3784e-02, 2.2507e-01, 3.0697e-01,
        1.0273e-03, 6.5372e-03, 3.6328e-02, 9.3388e-05])
[2026-06-26 01:50:51,426][root][INFO] - Epoch: 11 | train acc: 0.4826, train loss: 1.41900754, valid acc: 0.4556, valid loss: 1.53940902, test acc: 0.4519, test loss: 1.54354961
[2026-06-26 01:50:51,878][root][INFO] - Epoch: 0 | train acc: 0.7843, train loss: 3.30521545, valid acc: 0.8662, valid loss: 0.42852223, test acc: 0.8327, test loss: 0.55240493
[2026-06-26 01:50:54,183][root][INFO] - reg loss: 10.60617298550076, entropy loss: 0.33066116028992587, leaf dev: 0.09193001687526703
[2026-06-26 01:50:54,185][root][INFO] - Val leaf stats: tensor([0.0599, 0.0004, 0.0148, 0.3043, 0.0689, 0.0031, 0.0006, 0.0051, 0.0017,
        0.0317, 0.1450, 0.2286, 0.0009, 0.1160, 0.0186, 0.0005])
[2026-06-26 01:50:55,234][root][INFO] - Epoch: 11 | train acc: 0.4914, train loss: 1.45118886, valid acc: 0.4696, valid loss: 1.51496807, test acc: 0.4737, test loss: 1.51885895
[2026-06-26 01:50:55,423][root][INFO] - reg loss: 4.3177710439338055, entropy loss: 0.04682356106941817, leaf dev: 0.09481336921453476
[2026-06-26 01:50:55,424][root][INFO] - Val leaf stats: tensor([0.0880, 0.3659, 0.0030, 0.0030, 0.0100, 0.0005, 0.0065, 0.0708, 0.0027,
        0.0011, 0.1277, 0.0084, 0.1456, 0.0737, 0.0864, 0.0068])
[2026-06-26 01:50:56,775][root][INFO] - Epoch: 46 | train acc: 0.9885, train loss: 0.03894965, valid acc: 0.9635, valid loss: 0.14563348, test acc: 0.9303, test loss: 1.78439484
[2026-06-26 01:50:57,689][root][INFO] - Epoch: 11 | train acc: 0.4195, train loss: 1.75759964, valid acc: 0.4118, valid loss: 1.61205907, test acc: 0.3969, test loss: 1.60285366
[2026-06-26 01:50:58,244][root][INFO] - reg loss: 4.317289266429964, entropy loss: 0.05004126676281945, leaf dev: 0.10200945287942886
[2026-06-26 01:50:58,245][root][INFO] - Val leaf stats: tensor([0.1067, 0.3929, 0.0953, 0.1591, 0.0019, 0.0062, 0.0338, 0.0000, 0.0008,
        0.0103, 0.0745, 0.1072, 0.0011, 0.0005, 0.0097, 0.0000])
[2026-06-26 01:50:59,149][root][INFO] - Epoch: 11 | train acc: 0.5239, train loss: 1.33252641, valid acc: 0.5196, valid loss: 1.38793097, test acc: 0.5130, test loss: 1.38172991
[2026-06-26 01:50:59,163][root][INFO] - reg loss: 5.092637561616444, entropy loss: 0.18846177865588476, leaf dev: 0.0836220383644104
[2026-06-26 01:50:59,164][root][INFO] - Val leaf stats: tensor([0.3094, 0.0506, 0.1138, 0.0470, 0.0007, 0.0007, 0.0049, 0.0868, 0.0032,
        0.0122, 0.0000, 0.1194, 0.0009, 0.0016, 0.1017, 0.1471])
[2026-06-26 01:51:01,647][root][INFO] - reg loss: 4.305083048148234, entropy loss: 0.025905107957173566, leaf dev: 0.09108565002679825
[2026-06-26 01:51:01,649][root][INFO] - Val leaf stats: tensor([0.0157, 0.0041, 0.0005, 0.0011, 0.1558, 0.2347, 0.0759, 0.0000, 0.0003,
        0.0297, 0.0254, 0.0046, 0.0027, 0.0132, 0.1701, 0.2663])
[2026-06-26 01:51:02,193][root][INFO] - Epoch: 12 | train acc: 0.5171, train loss: 1.44873320, valid acc: 0.4934, valid loss: 1.45942760, test acc: 0.4757, test loss: 1.50141504
[2026-06-26 01:51:03,150][root][INFO] - reg loss: 4.279376006517254, entropy loss: 0.06277708629848527, leaf dev: 0.1070229783654213
[2026-06-26 01:51:03,151][root][INFO] - Val leaf stats: tensor([0.0000, 0.0016, 0.0000, 0.0019, 0.0248, 0.0483, 0.0008, 0.0000, 0.1944,
        0.1493, 0.1893, 0.0176, 0.0016, 0.0027, 0.0000, 0.3675])
[2026-06-26 01:51:04,165][root][INFO] - Epoch: 11 | train acc: 0.5032, train loss: 1.55514260, valid acc: 0.4793, valid loss: 1.45147322, test acc: 0.4811, test loss: 1.48061338
[2026-06-26 01:51:04,245][root][INFO] - Epoch: 0 | train acc: 0.7850, train loss: 1.49629294, valid acc: 0.8803, valid loss: 0.37577184, test acc: 0.8663, test loss: 0.42731201
[2026-06-26 01:51:05,073][root][INFO] - Epoch: 45 | train acc: 0.9868, train loss: 0.11344485, valid acc: 0.9557, valid loss: 0.18000741, test acc: 0.9233, test loss: 1.43215151
[2026-06-26 01:51:05,626][root][INFO] - Epoch: 0 | train acc: 0.7731, train loss: 1.18056037, valid acc: 0.8594, valid loss: 0.42399238, test acc: 0.8618, test loss: 0.46384527
[2026-06-26 01:51:06,407][root][INFO] - reg loss: 4.1805840789294635, entropy loss: 0.02514022979579988, leaf dev: 0.14924941956996918
[2026-06-26 01:51:06,409][root][INFO] - Val leaf stats: tensor([5.6711e-03, 5.7116e-01, 2.8085e-02, 0.0000e+00, 5.4010e-04, 0.0000e+00,
        2.3224e-02, 2.4845e-01, 0.0000e+00, 1.0802e-03, 8.1285e-02, 1.0802e-03,
        2.0254e-02, 1.7283e-02, 0.0000e+00, 1.8904e-03])
[2026-06-26 01:51:06,477][root][INFO] - Epoch: 11 | train acc: 0.4900, train loss: 1.43236905, valid acc: 0.4812, valid loss: 1.43776894, test acc: 0.4816, test loss: 1.44488684
[2026-06-26 01:51:06,748][root][INFO] - reg loss: 12.603614247034466, entropy loss: 0.4193366121047388, leaf dev: 0.07043227553367615
[2026-06-26 01:51:06,749][root][INFO] - Val leaf stats: tensor([0.0065, 0.0000, 0.1366, 0.1882, 0.0699, 0.0053, 0.0004, 0.0154, 0.0003,
        0.0729, 0.1341, 0.0823, 0.0026, 0.0497, 0.2109, 0.0248])
[2026-06-26 01:51:06,949][root][INFO] - Epoch: 11 | train acc: 0.4433, train loss: 1.56078791, valid acc: 0.4737, valid loss: 1.53875250, test acc: 0.4502, test loss: 1.57312170
[2026-06-26 01:51:07,019][root][INFO] - Epoch: 11 | train acc: 0.4544, train loss: 1.48008521, valid acc: 0.4407, valid loss: 1.50267814, test acc: 0.4499, test loss: 1.49358759
[2026-06-26 01:51:07,118][root][INFO] - Epoch: 1 | train acc: 0.8948, train loss: 2.85545192, valid acc: 0.9050, valid loss: 0.30187514, test acc: 0.8829, test loss: 0.55163094
[2026-06-26 01:51:07,956][root][INFO] - reg loss: 5.13524451079192, entropy loss: 0.13526054176073227, leaf dev: 0.06940766423940659
[2026-06-26 01:51:07,958][root][INFO] - Val leaf stats: tensor([0.0630, 0.0879, 0.0782, 0.0021, 0.2026, 0.0290, 0.0188, 0.0062, 0.0012,
        0.0011, 0.0040, 0.0914, 0.0689, 0.0005, 0.2043, 0.1407])
[2026-06-26 01:51:08,192][root][INFO] - reg loss: 4.212622939563189, entropy loss: 0.024993029926888278, leaf dev: 0.12667489051818848
[2026-06-26 01:51:08,193][root][INFO] - Val leaf stats: tensor([1.3503e-03, 2.7005e-03, 2.4305e-02, 5.4010e-04, 2.7005e-04, 4.0508e-03,
        0.0000e+00, 7.6965e-02, 5.6711e-03, 1.8904e-03, 2.3684e-01, 2.3765e-02,
        6.4002e-02, 1.6203e-03, 4.7961e-01, 7.6425e-02])
[2026-06-26 01:51:08,312][root][INFO] - reg loss: 15.087568540421744, entropy loss: 0.514693937919758, leaf dev: 0.05014612898230553
[2026-06-26 01:51:08,314][root][INFO] - Val leaf stats: tensor([0.1208, 0.0426, 0.0281, 0.0018, 0.0701, 0.0201, 0.1436, 0.0491, 0.0761,
        0.0968, 0.0014, 0.0011, 0.0197, 0.0855, 0.0882, 0.1550])
[2026-06-26 01:51:09,845][root][INFO] - reg loss: 8.363703392170093, entropy loss: 0.31429841010658827, leaf dev: 0.09772138297557831
[2026-06-26 01:51:09,846][root][INFO] - Val leaf stats: tensor([2.1199e-02, 1.4849e-02, 6.5372e-03, 2.4281e-03, 9.2174e-02, 1.8678e-04,
        1.5941e-01, 5.8648e-02, 2.7083e-03, 9.9925e-03, 1.0273e-03, 1.4008e-03,
        5.4258e-02, 2.8474e-01, 2.8904e-01, 1.4008e-03])
[2026-06-26 01:51:10,667][root][INFO] - Epoch: 1 | train acc: 0.8862, train loss: 0.65382707, valid acc: 0.9048, valid loss: 0.30859139, test acc: 0.8702, test loss: 0.49121839
[2026-06-26 01:51:10,888][root][INFO] - reg loss: 4.271090984344482, entropy loss: 0.049145294628182394, leaf dev: 0.10203656554222107
[2026-06-26 01:51:10,890][root][INFO] - Val leaf stats: tensor([0.1855, 0.0200, 0.0014, 0.0770, 0.0065, 0.0516, 0.0527, 0.0005, 0.0197,
        0.0016, 0.0027, 0.1037, 0.0011, 0.0032, 0.3937, 0.0791])
[2026-06-26 01:51:11,317][root][INFO] - reg loss: 4.291928432026848, entropy loss: 0.04143819328947145, leaf dev: 0.1001632884144783
[2026-06-26 01:51:11,318][root][INFO] - Val leaf stats: tensor([0.0708, 0.3891, 0.0745, 0.1156, 0.0051, 0.0008, 0.0038, 0.0494, 0.0008,
        0.0008, 0.0837, 0.0043, 0.0278, 0.0027, 0.1653, 0.0054])
[2026-06-26 01:51:11,473][root][INFO] - reg loss: 4.210990553996602, entropy loss: 0.041014375073499365, leaf dev: 0.10986555367708206
[2026-06-26 01:51:11,474][root][INFO] - Val leaf stats: tensor([1.0262e-02, 6.3732e-02, 2.7005e-04, 1.6203e-03, 3.8320e-01, 1.1747e-01,
        4.0508e-03, 2.7005e-04, 2.7005e-04, 1.0802e-03, 5.5090e-02, 1.6203e-02,
        9.1817e-03, 5.4010e-04, 7.1834e-02, 2.6492e-01])
[2026-06-26 01:51:12,911][root][INFO] - MLFlow server is starting on LOCAL with experiment APL_MS_hard_seeded...
[2026-06-26 01:51:12,978][root][INFO] - reg loss: 8.779046623795121, entropy loss: 0.28683773266575324, leaf dev: 0.09839582443237305
[2026-06-26 01:51:12,979][root][INFO] - Val leaf stats: tensor([0.1733, 0.0292, 0.0203, 0.3452, 0.0692, 0.0013, 0.0021, 0.0675, 0.0009,
        0.0021, 0.0332, 0.2127, 0.0000, 0.0394, 0.0000, 0.0035])
[2026-06-26 01:51:13,033][root][INFO] - MLFlow run ID: ce71e5d0b4c04dd194192b3912ee81a7, status: RUNNING
[2026-06-26 01:51:13,190][root][INFO] - Epoch: 1 | train acc: 0.8881, train loss: 1.08536116, valid acc: 0.8939, valid loss: 0.33549427, test acc: 0.8817, test loss: 0.58392244
[2026-06-26 01:51:13,242][root][INFO] - Starting experiment IATrain...
[2026-06-26 01:51:14,971][root][INFO] - MLFlow server is starting on LOCAL with experiment APL_MS_hard_seeded...
[2026-06-26 01:51:15,191][root][INFO] - MLFlow run ID: 4882f104a1544ce3bdf9e986d2df76c2, status: RUNNING
[2026-06-26 01:51:15,393][root][INFO] - Starting experiment IATrain...
[2026-06-26 01:51:16,013][root][INFO] - reg loss: 9.343536765487105, entropy loss: 0.3640327147705845, leaf dev: 0.07027371972799301
[2026-06-26 01:51:16,014][root][INFO] - Val leaf stats: tensor([0.0809, 0.0944, 0.2167, 0.0010, 0.1287, 0.0140, 0.1303, 0.0402, 0.0189,
        0.0219, 0.0021, 0.0131, 0.0491, 0.0000, 0.1882, 0.0007])
[2026-06-26 01:51:16,648][root][INFO] - Epoch: 1 | train acc: 0.8855, train loss: 0.53237546, valid acc: 0.9035, valid loss: 0.31856627, test acc: 0.8660, test loss: 0.52092951
[2026-06-26 01:51:18,966][root][INFO] - reg loss: 8.624173444414895, entropy loss: 0.3263167440891266, leaf dev: 0.09547345340251923
[2026-06-26 01:51:18,968][root][INFO] - Val leaf stats: tensor([2.6709e-02, 1.2140e-03, 4.9216e-02, 1.5465e-01, 8.2088e-02, 3.9223e-03,
        6.5372e-04, 1.9985e-02, 3.6421e-03, 4.9963e-02, 2.0900e-01, 3.4115e-01,
        9.3388e-05, 8.4049e-03, 4.8749e-02, 5.6033e-04])
[2026-06-26 01:51:23,805][root][INFO] - Epoch: 12 | train acc: 0.4903, train loss: 1.39118567, valid acc: 0.4710, valid loss: 1.50268375, test acc: 0.4826, test loss: 1.47883624
[2026-06-26 01:51:24,759][root][INFO] - Epoch: 1 | train acc: 0.8931, train loss: 2.03808677, valid acc: 0.8936, valid loss: 0.34652280, test acc: 0.8759, test loss: 0.46548005
[2026-06-26 01:51:25,979][root][INFO] - Epoch: 12 | train acc: 0.5087, train loss: 1.40206425, valid acc: 0.4810, valid loss: 1.46432352, test acc: 0.4858, test loss: 1.46562445
[2026-06-26 01:51:27,039][root][INFO] - reg loss: 7.540553567270753, entropy loss: 0.20983428985038133, leaf dev: 0.09080789983272552
[2026-06-26 01:51:27,040][root][INFO] - Val leaf stats: tensor([0.0335, 0.0005, 0.0067, 0.1540, 0.0698, 0.0064, 0.0005, 0.0024, 0.0004,
        0.0324, 0.1573, 0.3178, 0.0004, 0.1635, 0.0536, 0.0009])
[2026-06-26 01:51:27,338][root][INFO] - reg loss: 4.317544679172704, entropy loss: 0.046858675045068146, leaf dev: 0.09941767156124115
[2026-06-26 01:51:27,339][root][INFO] - Val leaf stats: tensor([0.0986, 0.3724, 0.0030, 0.0041, 0.0124, 0.0005, 0.0078, 0.0764, 0.0030,
        0.0008, 0.1655, 0.0119, 0.1550, 0.0651, 0.0213, 0.0022])
[2026-06-26 01:51:28,213][root][INFO] - Epoch: 12 | train acc: 0.4392, train loss: 1.70512917, valid acc: 0.4461, valid loss: 1.54541269, test acc: 0.4296, test loss: 1.54019453
[2026-06-26 01:51:28,790][root][INFO] - Epoch: 47 | train acc: 0.9886, train loss: 0.04069346, valid acc: 0.9617, valid loss: 0.15423148, test acc: 0.9305, test loss: 1.57234914
[2026-06-26 01:51:29,470][root][INFO] - reg loss: 4.3129665656167955, entropy loss: 0.048461878824917995, leaf dev: 0.09168247133493423
[2026-06-26 01:51:29,471][root][INFO] - Val leaf stats: tensor([0.0816, 0.3521, 0.0516, 0.1410, 0.0132, 0.0521, 0.1423, 0.0005, 0.0011,
        0.0084, 0.0454, 0.1002, 0.0011, 0.0005, 0.0089, 0.0000])
[2026-06-26 01:51:30,152][root][INFO] - Epoch: 12 | train acc: 0.5191, train loss: 1.34385960, valid acc: 0.4958, valid loss: 1.42646730, test acc: 0.4917, test loss: 1.45904343
[2026-06-26 01:51:31,014][root][INFO] - reg loss: 5.055922023833744, entropy loss: 0.18745391386211233, leaf dev: 0.08312778174877167
[2026-06-26 01:51:31,015][root][INFO] - Val leaf stats: tensor([0.3075, 0.0621, 0.1091, 0.0420, 0.0007, 0.0009, 0.0053, 0.0881, 0.0031,
        0.0105, 0.0000, 0.1143, 0.0008, 0.0016, 0.1064, 0.1476])
[2026-06-26 01:51:32,089][root][INFO] - reg loss: 4.321524151035996, entropy loss: 0.0257614898938136, leaf dev: 0.09399833530187607
[2026-06-26 01:51:32,089][root][INFO] - Val leaf stats: tensor([0.0173, 0.0062, 0.0005, 0.0011, 0.1096, 0.2687, 0.0213, 0.0008, 0.0003,
        0.0643, 0.0332, 0.0095, 0.0008, 0.0124, 0.2544, 0.1996])
[2026-06-26 01:51:32,215][root][INFO] - MLFlow server is starting on LOCAL with experiment APL_MS_hard_seeded...
[2026-06-26 01:51:32,375][root][INFO] - MLFlow run ID: e054e3ed8fef4f82a9ce83a0a8b46b47, status: RUNNING
[2026-06-26 01:51:32,497][root][INFO] - Starting experiment IATrain...
[2026-06-26 01:51:33,865][root][INFO] - Epoch: 13 | train acc: 0.5121, train loss: 1.46519723, valid acc: 0.5120, valid loss: 1.44224001, test acc: 0.4890, test loss: 1.44129838
[2026-06-26 01:51:34,167][root][INFO] - reg loss: 4.2902016092519295, entropy loss: 0.06304756368769975, leaf dev: 0.13020072877407074
[2026-06-26 01:51:34,168][root][INFO] - Val leaf stats: tensor([0.0005, 0.0032, 0.0000, 0.0014, 0.0343, 0.0443, 0.0092, 0.0000, 0.1458,
        0.1110, 0.0875, 0.0065, 0.0035, 0.0297, 0.0022, 0.5209])
[2026-06-26 01:51:34,697][root][INFO] - Epoch: 12 | train acc: 0.5276, train loss: 1.50121501, valid acc: 0.5115, valid loss: 1.34511000, test acc: 0.5064, test loss: 1.39468695
[2026-06-26 01:51:36,611][root][INFO] - Epoch: 1 | train acc: 0.9067, train loss: 0.93756883, valid acc: 0.9117, valid loss: 0.28589009, test acc: 0.9052, test loss: 0.37232510
[2026-06-26 01:51:37,199][root][INFO] - Epoch: 12 | train acc: 0.4749, train loss: 1.40823059, valid acc: 0.4548, valid loss: 1.47172096, test acc: 0.4460, test loss: 1.47981565
[2026-06-26 01:51:37,770][root][INFO] - reg loss: 4.156335627446409, entropy loss: 0.024278343151338765, leaf dev: 0.1408979892730713
[2026-06-26 01:51:37,771][root][INFO] - Val leaf stats: tensor([4.5909e-03, 5.4496e-01, 4.0778e-02, 5.4010e-04, 2.7005e-04, 0.0000e+00,
        3.2136e-02, 2.1928e-01, 0.0000e+00, 1.3503e-03, 1.0667e-01, 8.1015e-04,
        2.5655e-02, 2.1334e-02, 0.0000e+00, 1.6203e-03])
[2026-06-26 01:51:37,989][root][INFO] - Epoch: 12 | train acc: 0.4960, train loss: 1.42681075, valid acc: 0.4888, valid loss: 1.48716001, test acc: 0.4678, test loss: 1.51984134
[2026-06-26 01:51:38,029][root][INFO] - Epoch: 1 | train acc: 0.8954, train loss: 0.75486644, valid acc: 0.8655, valid loss: 0.43494556, test acc: 0.8539, test loss: 0.47554068
[2026-06-26 01:51:38,353][root][INFO] - Epoch: 12 | train acc: 0.5010, train loss: 1.40318056, valid acc: 0.4928, valid loss: 1.39301552, test acc: 0.4983, test loss: 1.40447126
[2026-06-26 01:51:39,116][root][INFO] - reg loss: 4.218230325667585, entropy loss: 0.02473459746993956, leaf dev: 0.138187438249588
[2026-06-26 01:51:39,117][root][INFO] - Val leaf stats: tensor([0.0014, 0.0049, 0.0103, 0.0008, 0.0005, 0.0030, 0.0000, 0.0600, 0.0043,
        0.0019, 0.2455, 0.0332, 0.0797, 0.0016, 0.5261, 0.0270])
[2026-06-26 01:51:39,150][root][INFO] - reg loss: 9.676009006601163, entropy loss: 0.31334211082054825, leaf dev: 0.0708945021033287
[2026-06-26 01:51:39,151][root][INFO] - Val leaf stats: tensor([0.0015, 0.0000, 0.0945, 0.2383, 0.0685, 0.0063, 0.0000, 0.0197, 0.0010,
        0.0344, 0.0919, 0.0719, 0.0003, 0.0717, 0.1824, 0.1176])
[2026-06-26 01:51:39,317][root][INFO] - Epoch: 46 | train acc: 0.9864, train loss: 0.11460804, valid acc: 0.9653, valid loss: 0.14366147, test acc: 0.9308, test loss: 1.41718424
[2026-06-26 01:51:39,705][root][INFO] - Epoch: 2 | train acc: 0.9296, train loss: 2.20891588, valid acc: 0.9140, valid loss: 0.29507385, test acc: 0.8852, test loss: 0.54317334
[2026-06-26 01:51:41,264][root][INFO] - reg loss: 10.695832625898735, entropy loss: 0.40998477973635233, leaf dev: 0.07071118801832199
[2026-06-26 01:51:41,266][root][INFO] - Val leaf stats: tensor([0.0322, 0.0388, 0.0081, 0.0021, 0.0013, 0.0188, 0.0770, 0.0468, 0.2280,
        0.1126, 0.0012, 0.0013, 0.0155, 0.1362, 0.0968, 0.1833])
[2026-06-26 01:51:41,294][root][INFO] - reg loss: 4.195606020630383, entropy loss: 0.03917712141133723, leaf dev: 0.11246595531702042
[2026-06-26 01:51:41,295][root][INFO] - Val leaf stats: tensor([1.0532e-02, 6.1572e-02, 5.4010e-04, 8.1015e-04, 3.8995e-01, 9.1007e-02,
        3.5107e-03, 2.7005e-04, 5.4010e-04, 8.1015e-04, 5.3200e-02, 2.2954e-02,
        1.6203e-03, 1.3503e-03, 8.2366e-02, 2.7896e-01])
[2026-06-26 01:51:42,298][root][INFO] - reg loss: 4.279498631836938, entropy loss: 0.04149089607058978, leaf dev: 0.09935460984706879
[2026-06-26 01:51:42,299][root][INFO] - Val leaf stats: tensor([0.0810, 0.3932, 0.0737, 0.0880, 0.0070, 0.0005, 0.0070, 0.0473, 0.0008,
        0.0008, 0.1204, 0.0054, 0.0319, 0.0043, 0.1353, 0.0032])
[2026-06-26 01:51:42,345][root][INFO] - reg loss: 7.263346250725801, entropy loss: 0.24541817983937642, leaf dev: 0.09271318465471268
[2026-06-26 01:51:42,346][root][INFO] - Val leaf stats: tensor([0.0410, 0.0096, 0.0039, 0.0029, 0.0363, 0.0006, 0.0940, 0.0613, 0.0507,
        0.0094, 0.0010, 0.0013, 0.1297, 0.2989, 0.2586, 0.0007])
[2026-06-26 01:51:42,540][root][INFO] - reg loss: 5.11474658067895, entropy loss: 0.13591332568062675, leaf dev: 0.05780830234289169
[2026-06-26 01:51:42,541][root][INFO] - Val leaf stats: tensor([1.6455e-01, 1.0478e-01, 9.2828e-02, 2.6149e-03, 1.3831e-01, 5.3698e-02,
        5.9488e-02, 7.4710e-03, 2.7083e-03, 1.2140e-03, 1.9612e-03, 8.2835e-02,
        4.5013e-02, 9.3388e-05, 8.9186e-02, 1.5325e-01])
[2026-06-26 01:51:42,952][root][INFO] - reg loss: 4.268022115113305, entropy loss: 0.048014189803698024, leaf dev: 0.10184923559427261
[2026-06-26 01:51:42,953][root][INFO] - Val leaf stats: tensor([0.1907, 0.0154, 0.0022, 0.1037, 0.0046, 0.0554, 0.0254, 0.0046, 0.0240,
        0.0016, 0.0019, 0.0972, 0.0014, 0.0054, 0.3883, 0.0783])
[2026-06-26 01:51:43,703][root][INFO] - Epoch: 2 | train acc: 0.9179, train loss: 0.50619533, valid acc: 0.9246, valid loss: 0.25175487, test acc: 0.8926, test loss: 0.48157606
[2026-06-26 01:51:45,229][root][INFO] - Epoch: 0 | train acc: 0.7798, train loss: 2.28614203, valid acc: 0.8635, valid loss: 0.44724858, test acc: 0.8503, test loss: 0.45671860
[2026-06-26 01:51:45,305][root][INFO] - Epoch: 0 | train acc: 0.7665, train loss: 2.48594409, valid acc: 0.8549, valid loss: 0.43467475, test acc: 0.8410, test loss: 0.58514663
[2026-06-26 01:51:47,113][root][INFO] - reg loss: 7.672097849467444, entropy loss: 0.2288881700347971, leaf dev: 0.09892009198665619
[2026-06-26 01:51:47,114][root][INFO] - Val leaf stats: tensor([2.2507e-02, 3.5487e-03, 3.9036e-02, 3.5544e-01, 6.8080e-02, 3.5487e-03,
        2.8016e-04, 5.5939e-02, 1.9612e-03, 4.1091e-03, 1.5895e-01, 2.0284e-01,
        0.0000e+00, 8.1808e-02, 2.8016e-04, 1.6810e-03])
[2026-06-26 01:51:47,701][root][INFO] - Epoch: 2 | train acc: 0.9187, train loss: 0.91099418, valid acc: 0.9231, valid loss: 0.25689049, test acc: 0.8977, test loss: 0.57263291
[2026-06-26 01:51:47,752][root][INFO] - reg loss: 11.838750622259877, entropy loss: 0.4021468517326173, leaf dev: 0.09071380645036697
[2026-06-26 01:51:47,754][root][INFO] - Val leaf stats: tensor([0.1875, 0.0203, 0.0135, 0.2602, 0.0732, 0.0043, 0.0009, 0.0000, 0.0017,
        0.0003, 0.1651, 0.2193, 0.0006, 0.0399, 0.0129, 0.0004])
[2026-06-26 01:51:48,323][root][INFO] - Epoch: 2 | train acc: 0.9238, train loss: 0.39232377, valid acc: 0.9280, valid loss: 0.23481956, test acc: 0.8931, test loss: 0.42007452
[2026-06-26 01:51:48,652][root][INFO] - reg loss: 13.66633389488099, entropy loss: 0.4497948703627107, leaf dev: 0.07953859865665436
[2026-06-26 01:51:48,654][root][INFO] - Val leaf stats: tensor([8.5637e-02, 2.5812e-01, 1.7211e-01, 9.3388e-04, 7.5551e-02, 2.9884e-03,
        1.3261e-02, 6.7239e-03, 2.1759e-02, 3.4554e-03, 2.7083e-03, 1.3074e-03,
        7.0415e-02, 1.8678e-04, 1.1197e-01, 1.7286e-01])
[2026-06-26 01:51:50,491][root][INFO] - reg loss: 8.371689014333896, entropy loss: 0.31668734518939223, leaf dev: 0.06540162116289139
[2026-06-26 01:51:50,493][root][INFO] - Val leaf stats: tensor([0.1439, 0.1124, 0.1305, 0.0003, 0.1229, 0.0256, 0.1349, 0.0459, 0.0157,
        0.0125, 0.0021, 0.0071, 0.0527, 0.0003, 0.1923, 0.0009])
[2026-06-26 01:51:51,066][root][INFO] - reg loss: 7.73849464850451, entropy loss: 0.2713059079710138, leaf dev: 0.09056896716356277
[2026-06-26 01:51:51,067][root][INFO] - Val leaf stats: tensor([2.2413e-03, 1.1207e-03, 9.6377e-02, 1.6063e-01, 7.1162e-02, 5.3231e-03,
        0.0000e+00, 1.7090e-02, 2.5215e-03, 6.3691e-02, 2.0564e-01, 3.0911e-01,
        9.3388e-05, 8.9653e-03, 5.5473e-02, 5.6033e-04])
[2026-06-26 01:51:55,914][root][INFO] - Epoch: 13 | train acc: 0.4971, train loss: 1.39340733, valid acc: 0.4642, valid loss: 1.47449383, test acc: 0.4821, test loss: 1.47931889
[2026-06-26 01:51:57,961][root][INFO] - Epoch: 2 | train acc: 0.9198, train loss: 1.61617855, valid acc: 0.9280, valid loss: 0.23772848, test acc: 0.9093, test loss: 0.44800284
[2026-06-26 01:51:58,504][root][INFO] - Epoch: 13 | train acc: 0.5263, train loss: 1.35069997, valid acc: 0.5082, valid loss: 1.40615626, test acc: 0.5169, test loss: 1.40784322
[2026-06-26 01:51:59,557][root][INFO] - reg loss: 4.319263473885958, entropy loss: 0.04602457308134095, leaf dev: 0.08280713856220245
[2026-06-26 01:51:59,558][root][INFO] - Val leaf stats: tensor([0.0632, 0.2260, 0.0076, 0.0041, 0.0192, 0.0000, 0.0011, 0.1501, 0.0014,
        0.0005, 0.2371, 0.0378, 0.1599, 0.0527, 0.0359, 0.0035])
[2026-06-26 01:52:00,341][root][INFO] - Epoch: 13 | train acc: 0.4668, train loss: 1.64363877, valid acc: 0.4629, valid loss: 1.47758086, test acc: 0.4526, test loss: 1.47665703
[2026-06-26 01:52:00,381][root][INFO] - reg loss: 6.897746911124577, entropy loss: 0.1675997024017667, leaf dev: 0.0960218608379364
[2026-06-26 01:52:00,382][root][INFO] - Val leaf stats: tensor([0.0487, 0.0007, 0.0057, 0.1499, 0.0699, 0.0065, 0.0006, 0.0076, 0.0011,
        0.0340, 0.1592, 0.3581, 0.0006, 0.1228, 0.0340, 0.0007])
[2026-06-26 01:52:01,806][root][INFO] - reg loss: 4.301444006747887, entropy loss: 0.04771179614252732, leaf dev: 0.1027572751045227
[2026-06-26 01:52:01,807][root][INFO] - Val leaf stats: tensor([0.0713, 0.4118, 0.0662, 0.1361, 0.0143, 0.0502, 0.1099, 0.0000, 0.0011,
        0.0081, 0.0365, 0.0837, 0.0011, 0.0005, 0.0092, 0.0000])
[2026-06-26 01:52:03,264][root][INFO] - Epoch: 13 | train acc: 0.5265, train loss: 1.30817187, valid acc: 0.5144, valid loss: 1.38355491, test acc: 0.5088, test loss: 1.40860128
[2026-06-26 01:52:03,407][root][INFO] - Epoch: 48 | train acc: 0.9855, train loss: 0.05036477, valid acc: 0.9626, valid loss: 0.15390339, test acc: 0.9280, test loss: 1.73614171
[2026-06-26 01:52:03,771][root][INFO] - Epoch: 14 | train acc: 0.5312, train loss: 1.41477352, valid acc: 0.5288, valid loss: 1.40768509, test acc: 0.5118, test loss: 1.40699989
[2026-06-26 01:52:04,016][root][INFO] - reg loss: 4.310454767258441, entropy loss: 0.025244912834929637, leaf dev: 0.0995648056268692
[2026-06-26 01:52:04,017][root][INFO] - Val leaf stats: tensor([2.2144e-02, 6.2112e-03, 5.4010e-04, 1.0802e-03, 1.2017e-01, 3.5944e-01,
        4.0778e-02, 1.0802e-03, 2.7005e-04, 5.2120e-02, 2.8085e-02, 6.7513e-03,
        1.0802e-03, 1.0532e-02, 1.9147e-01, 1.5825e-01])
[2026-06-26 01:52:04,553][root][INFO] - Epoch: 0 | train acc: 0.7808, train loss: 0.66832185, valid acc: 0.8684, valid loss: 0.41751541, test acc: 0.8591, test loss: 0.43545307
[2026-06-26 01:52:05,983][root][INFO] - reg loss: 5.02291113737399, entropy loss: 0.17981778534631881, leaf dev: 0.07035328447818756
[2026-06-26 01:52:05,984][root][INFO] - Val leaf stats: tensor([0.1802, 0.0513, 0.1015, 0.1878, 0.0009, 0.0011, 0.0050, 0.0885, 0.0030,
        0.0103, 0.0000, 0.1197, 0.0008, 0.0017, 0.0855, 0.1626])
[2026-06-26 01:52:06,357][root][INFO] - Epoch: 13 | train acc: 0.5390, train loss: 1.46667129, valid acc: 0.5171, valid loss: 1.40166464, test acc: 0.5167, test loss: 1.42601582
[2026-06-26 01:52:07,231][root][INFO] - reg loss: 12.972904851196935, entropy loss: 0.5198939089421872, leaf dev: 0.07962103933095932
[2026-06-26 01:52:07,233][root][INFO] - Val leaf stats: tensor([0.0004, 0.0008, 0.1287, 0.2306, 0.0771, 0.0019, 0.0004, 0.0205, 0.0008,
        0.0350, 0.1669, 0.2113, 0.0014, 0.0497, 0.0727, 0.0019])
[2026-06-26 01:52:07,380][root][INFO] - reg loss: 4.2827303370491405, entropy loss: 0.0627614502779773, leaf dev: 0.12840814888477325
[2026-06-26 01:52:07,381][root][INFO] - Val leaf stats: tensor([2.7005e-04, 5.6711e-03, 7.2914e-03, 3.5107e-03, 3.2676e-02, 6.8053e-02,
        3.7807e-03, 0.0000e+00, 1.2800e-01, 8.4796e-02, 1.0856e-01, 4.0508e-03,
        1.6203e-03, 2.9976e-02, 4.3208e-03, 5.1742e-01])
[2026-06-26 01:52:07,908][root][INFO] - reg loss: 4.176878327228984, entropy loss: 0.023684045238817324, leaf dev: 0.13248567283153534
[2026-06-26 01:52:07,909][root][INFO] - Val leaf stats: tensor([4.5909e-03, 5.0311e-01, 3.8347e-02, 1.3503e-03, 1.4043e-02, 1.6203e-03,
        1.8634e-02, 2.1091e-01, 0.0000e+00, 2.7005e-04, 1.5852e-01, 1.0802e-03,
        2.5925e-02, 1.8363e-02, 2.7005e-04, 2.9706e-03])
[2026-06-26 01:52:09,408][root][INFO] - Epoch: 13 | train acc: 0.4866, train loss: 1.36933912, valid acc: 0.4693, valid loss: 1.40216876, test acc: 0.4737, test loss: 1.41409693
[2026-06-26 01:52:09,712][root][INFO] - Epoch: 13 | train acc: 0.5196, train loss: 1.35525354, valid acc: 0.5020, valid loss: 1.41519487, test acc: 0.4946, test loss: 1.39462761
[2026-06-26 01:52:09,846][root][INFO] - Epoch: 2 | train acc: 0.9188, train loss: 0.81396592, valid acc: 0.9325, valid loss: 0.23474860, test acc: 0.9094, test loss: 0.39498849
[2026-06-26 01:52:09,935][root][INFO] - Epoch: 13 | train acc: 0.5204, train loss: 1.36863576, valid acc: 0.5085, valid loss: 1.46051250, test acc: 0.4939, test loss: 1.45978701
[2026-06-26 01:52:10,642][root][INFO] - reg loss: 4.205479918933306, entropy loss: 0.024006836513271096, leaf dev: 0.13784828782081604
[2026-06-26 01:52:10,643][root][INFO] - Val leaf stats: tensor([5.4010e-04, 3.7807e-03, 5.4010e-03, 8.1015e-04, 5.4010e-04, 1.8904e-03,
        2.7005e-04, 5.4550e-02, 6.2112e-02, 1.6203e-03, 2.1550e-01, 5.1310e-03,
        6.4542e-02, 1.0802e-03, 5.3659e-01, 4.5639e-02])
[2026-06-26 01:52:12,637][root][INFO] - Epoch: 2 | train acc: 0.9171, train loss: 0.64152492, valid acc: 0.9182, valid loss: 0.27070492, test acc: 0.9066, test loss: 0.38271362
[2026-06-26 01:52:12,673][root][INFO] - reg loss: 8.140335680946471, entropy loss: 0.269295326458714, leaf dev: 0.06714241951704025
[2026-06-26 01:52:12,683][root][INFO] - Val leaf stats: tensor([2.9884e-03, 9.3388e-05, 1.1505e-01, 2.4505e-01, 7.0228e-02, 6.4438e-03,
        3.7355e-04, 3.9130e-02, 9.3388e-04, 4.3519e-02, 1.4232e-01, 8.3302e-02,
        5.6033e-04, 6.7706e-02, 8.7225e-02, 9.5069e-02])
[2026-06-26 01:52:13,761][root][INFO] - reg loss: 4.187591365126313, entropy loss: 0.03909089892614083, leaf dev: 0.1106770783662796
[2026-06-26 01:52:13,763][root][INFO] - Val leaf stats: tensor([1.1612e-02, 6.4272e-02, 2.7005e-04, 1.6203e-03, 3.7807e-01, 1.1288e-01,
        2.7005e-03, 2.7005e-04, 5.4010e-04, 1.0802e-03, 4.1858e-02, 1.8634e-02,
        1.0802e-03, 1.3503e-03, 8.6957e-02, 2.7680e-01])
[2026-06-26 01:52:13,829][root][INFO] - Epoch: 47 | train acc: 0.9899, train loss: 0.10268006, valid acc: 0.9654, valid loss: 0.14612806, test acc: 0.9269, test loss: 1.39539872
[2026-06-26 01:52:13,999][root][INFO] - reg loss: 4.281432988213711, entropy loss: 0.04795602196064152, leaf dev: 0.09807788580656052
[2026-06-26 01:52:14,000][root][INFO] - Val leaf stats: tensor([0.1569, 0.0132, 0.0022, 0.1207, 0.0057, 0.0608, 0.0413, 0.0051, 0.0240,
        0.0022, 0.0011, 0.1075, 0.0014, 0.0043, 0.3800, 0.0737])
[2026-06-26 01:52:14,094][root][INFO] - Epoch: 3 | train acc: 0.9392, train loss: 1.86500010, valid acc: 0.9424, valid loss: 0.20412384, test acc: 0.9018, test loss: 0.49919384
[2026-06-26 01:52:14,330][root][INFO] - reg loss: 4.264862498299021, entropy loss: 0.03978895896770915, leaf dev: 0.10980154573917389
[2026-06-26 01:52:14,331][root][INFO] - Val leaf stats: tensor([0.0556, 0.4283, 0.0551, 0.0662, 0.0005, 0.0000, 0.0143, 0.0637, 0.0008,
        0.0008, 0.1207, 0.0084, 0.0024, 0.0022, 0.1745, 0.0065])
[2026-06-26 01:52:15,343][root][INFO] - reg loss: 8.714931629322193, entropy loss: 0.357909094246607, leaf dev: 0.05864190682768822
[2026-06-26 01:52:15,344][root][INFO] - Val leaf stats: tensor([0.0784, 0.0785, 0.0247, 0.0011, 0.0006, 0.0192, 0.1518, 0.0270, 0.1143,
        0.0614, 0.0032, 0.0016, 0.0309, 0.1705, 0.0860, 0.1508])
[2026-06-26 01:52:16,562][root][INFO] - reg loss: 6.731654843325337, entropy loss: 0.20625426624187085, leaf dev: 0.09965173155069351
[2026-06-26 01:52:16,563][root][INFO] - Val leaf stats: tensor([0.0349, 0.0110, 0.0036, 0.0032, 0.0576, 0.0010, 0.1310, 0.0667, 0.0335,
        0.0087, 0.0011, 0.0012, 0.0441, 0.3320, 0.2679, 0.0023])
[2026-06-26 01:52:17,150][root][INFO] - Epoch: 3 | train acc: 0.9411, train loss: 0.41989538, valid acc: 0.9392, valid loss: 0.20754028, test acc: 0.9058, test loss: 0.55759197
[2026-06-26 01:52:17,297][root][INFO] - reg loss: 5.115049755762493, entropy loss: 0.13171896070399614, leaf dev: 0.05867602303624153
[2026-06-26 01:52:17,299][root][INFO] - Val leaf stats: tensor([1.6754e-01, 9.1894e-02, 8.3396e-02, 2.1479e-03, 1.4643e-01, 6.8920e-02,
        4.5106e-02, 6.1636e-03, 2.6149e-03, 1.1207e-03, 1.5876e-03, 8.7038e-02,
        4.7348e-02, 9.3388e-05, 9.5349e-02, 1.5325e-01])
[2026-06-26 01:52:17,905][root][INFO] - Epoch: 1 | train acc: 0.8886, train loss: 1.49920213, valid acc: 0.9008, valid loss: 0.32713614, test acc: 0.8979, test loss: 0.43711153
[2026-06-26 01:52:19,295][root][INFO] - Epoch: 1 | train acc: 0.8920, train loss: 1.58138609, valid acc: 0.9092, valid loss: 0.30308430, test acc: 0.8756, test loss: 0.61262365
[2026-06-26 01:52:19,565][root][INFO] - reg loss: 7.4253490009005105, entropy loss: 0.2135013788150101, leaf dev: 0.10438068956136703
[2026-06-26 01:52:19,566][root][INFO] - Val leaf stats: tensor([3.9970e-02, 6.9107e-03, 3.1098e-02, 3.9998e-01, 7.2563e-02, 1.0273e-03,
        0.0000e+00, 5.2017e-02, 1.8678e-03, 8.4049e-03, 1.5120e-01, 1.6810e-01,
        0.0000e+00, 6.4531e-02, 1.8678e-04, 2.1479e-03])
[2026-06-26 01:52:20,559][root][INFO] - reg loss: 8.735511022900779, entropy loss: 0.2834290945656085, leaf dev: 0.09842921793460846
[2026-06-26 01:52:20,561][root][INFO] - Val leaf stats: tensor([1.2617e-01, 1.1113e-02, 4.7628e-03, 1.6716e-01, 1.3411e-01, 5.0430e-03,
        4.6694e-04, 1.9612e-03, 1.3074e-03, 2.8016e-04, 1.9490e-01, 3.2789e-01,
        5.6033e-04, 9.3388e-03, 1.4755e-02, 1.8678e-04])
[2026-06-26 01:52:21,277][root][INFO] - Epoch: 3 | train acc: 0.9339, train loss: 0.34286300, valid acc: 0.9349, valid loss: 0.21544968, test acc: 0.9099, test loss: 0.52091985
[2026-06-26 01:52:21,902][root][INFO] - Epoch: 3 | train acc: 0.9384, train loss: 0.80209794, valid acc: 0.9395, valid loss: 0.20643391, test acc: 0.9130, test loss: 0.54231008
[2026-06-26 01:52:21,962][root][INFO] - reg loss: 9.139054767669194, entropy loss: 0.30912850190092017, leaf dev: 0.10758573561906815
[2026-06-26 01:52:21,963][root][INFO] - Val leaf stats: tensor([1.9612e-03, 4.0344e-01, 1.5260e-01, 9.3388e-04, 7.1909e-02, 6.0702e-03,
        1.1674e-02, 1.2140e-03, 1.5596e-02, 4.3892e-03, 2.7083e-03, 1.8678e-03,
        8.4703e-02, 2.8016e-04, 5.5846e-02, 1.8482e-01])
[2026-06-26 01:52:23,677][root][INFO] - reg loss: 7.242791725844933, entropy loss: 0.2358290613801391, leaf dev: 0.0916195958852768
[2026-06-26 01:52:23,678][root][INFO] - Val leaf stats: tensor([2.1479e-03, 7.4710e-04, 1.2196e-01, 1.8061e-01, 3.5301e-02, 4.3892e-03,
        9.3388e-05, 5.5099e-03, 1.4942e-03, 9.2828e-02, 2.7213e-01, 2.3534e-01,
        2.8016e-04, 8.2182e-03, 3.8569e-02, 3.7355e-04])
[2026-06-26 01:52:24,849][root][INFO] - reg loss: 8.043870146312411, entropy loss: 0.29360080080688317, leaf dev: 0.065210722386837
[2026-06-26 01:52:24,851][root][INFO] - Val leaf stats: tensor([1.2841e-01, 1.3401e-01, 1.2719e-01, 6.5372e-04, 1.4027e-01, 2.6335e-02,
        1.2897e-01, 2.5495e-02, 1.6530e-02, 2.4561e-02, 1.8678e-03, 1.3635e-02,
        4.4173e-02, 9.3388e-05, 1.8706e-01, 7.4710e-04])
[2026-06-26 01:52:27,432][root][INFO] - Epoch: 14 | train acc: 0.5099, train loss: 1.35317887, valid acc: 0.4810, valid loss: 1.48484629, test acc: 0.4838, test loss: 1.47775514
[2026-06-26 01:52:29,141][root][INFO] - Epoch: 14 | train acc: 0.5495, train loss: 1.30359810, valid acc: 0.5131, valid loss: 1.39486545, test acc: 0.5140, test loss: 1.40613320
[2026-06-26 01:52:30,828][root][INFO] - reg loss: 4.284023933723325, entropy loss: 0.042312537640577456, leaf dev: 0.1144811138510704
[2026-06-26 01:52:30,829][root][INFO] - Val leaf stats: tensor([0.0416, 0.4008, 0.0024, 0.0032, 0.0008, 0.0008, 0.0022, 0.0167, 0.0014,
        0.0008, 0.2538, 0.0270, 0.1677, 0.0456, 0.0327, 0.0024])
[2026-06-26 01:52:30,937][root][INFO] - Epoch: 3 | train acc: 0.9350, train loss: 1.46296000, valid acc: 0.9434, valid loss: 0.20072635, test acc: 0.9154, test loss: 0.43365375
[2026-06-26 01:52:32,069][root][INFO] - reg loss: 4.304882135547575, entropy loss: 0.04884937338408877, leaf dev: 0.11201290786266327
[2026-06-26 01:52:32,069][root][INFO] - Val leaf stats: tensor([9.5598e-02, 4.5531e-01, 5.6981e-02, 1.0343e-01, 9.7218e-03, 5.0770e-02,
        8.8307e-02, 2.7005e-04, 1.0802e-03, 8.3716e-03, 2.3224e-02, 9.5598e-02,
        1.0802e-03, 5.4010e-04, 9.7218e-03, 0.0000e+00])
[2026-06-26 01:52:32,878][root][INFO] - Epoch: 14 | train acc: 0.4929, train loss: 1.57912594, valid acc: 0.4775, valid loss: 1.43024630, test acc: 0.4696, test loss: 1.44391917
[2026-06-26 01:52:33,183][root][INFO] - reg loss: 6.69052633406624, entropy loss: 0.15416448291332002, leaf dev: 0.07339313626289368
[2026-06-26 01:52:33,184][root][INFO] - Val leaf stats: tensor([5.0149e-02, 6.5372e-04, 5.7901e-03, 1.7015e-01, 7.0788e-02, 5.6033e-03,
        0.0000e+00, 8.7785e-03, 2.6149e-03, 4.3145e-02, 1.5577e-01, 1.3298e-01,
        1.8678e-04, 1.9313e-01, 1.5988e-01, 3.7355e-04])
[2026-06-26 01:52:35,621][root][INFO] - Epoch: 14 | train acc: 0.5297, train loss: 1.31293683, valid acc: 0.4972, valid loss: 1.44576070, test acc: 0.4924, test loss: 1.47246908
[2026-06-26 01:52:35,625][root][INFO] - Epoch: 15 | train acc: 0.5489, train loss: 1.37998795, valid acc: 0.5406, valid loss: 1.38801881, test acc: 0.5074, test loss: 1.41842647
[2026-06-26 01:52:36,217][root][INFO] - reg loss: 4.303049243864466, entropy loss: 0.0247822389250896, leaf dev: 0.09284016489982605
[2026-06-26 01:52:36,219][root][INFO] - Val leaf stats: tensor([2.1334e-02, 7.8315e-03, 5.4010e-04, 1.0802e-03, 8.8037e-02, 2.8814e-01,
        3.9968e-02, 2.7005e-04, 2.7005e-04, 7.1834e-02, 3.2136e-02, 7.5614e-03,
        8.1015e-04, 9.9919e-03, 2.1253e-01, 2.1766e-01])
[2026-06-26 01:52:37,757][root][INFO] - Epoch: 14 | train acc: 0.5201, train loss: 1.53725161, valid acc: 0.5109, valid loss: 1.40773469, test acc: 0.4971, test loss: 1.42454009
[2026-06-26 01:52:37,810][root][INFO] - Epoch: 49 | train acc: 0.9889, train loss: 0.04059543, valid acc: 0.9624, valid loss: 0.15904594, test acc: 0.9253, test loss: 1.79623789
[2026-06-26 01:52:38,841][root][INFO] - Epoch: 1 | train acc: 0.8915, train loss: 0.35622885, valid acc: 0.8972, valid loss: 0.35142795, test acc: 0.8958, test loss: 0.42590243
[2026-06-26 01:52:39,499][root][INFO] - reg loss: 4.278756993715881, entropy loss: 0.05978947450391582, leaf dev: 0.1402045339345932
[2026-06-26 01:52:39,507][root][INFO] - Val leaf stats: tensor([2.7005e-04, 9.1817e-03, 1.6203e-03, 5.4010e-04, 5.9411e-03, 4.4558e-02,
        3.5107e-03, 5.4010e-04, 6.4812e-02, 1.6446e-01, 1.0397e-01, 3.2406e-03,
        2.1604e-03, 3.0786e-02, 5.6711e-03, 5.5874e-01])
[2026-06-26 01:52:39,908][root][INFO] - reg loss: 4.167720122415512, entropy loss: 0.02238448223740351, leaf dev: 0.12876375019550323
[2026-06-26 01:52:39,909][root][INFO] - Val leaf stats: tensor([1.6203e-03, 4.7313e-01, 1.9174e-02, 2.7005e-04, 7.2914e-03, 0.0000e+00,
        1.9984e-02, 2.0119e-01, 2.1604e-03, 0.0000e+00, 2.1010e-01, 5.4010e-04,
        2.9706e-02, 3.1866e-02, 8.1015e-04, 2.1604e-03])
[2026-06-26 01:52:40,955][root][INFO] - reg loss: 4.985688744398652, entropy loss: 0.1784406283860484, leaf dev: 0.06827376782894135
[2026-06-26 01:52:40,956][root][INFO] - Val leaf stats: tensor([0.1778, 0.0600, 0.1191, 0.1731, 0.0012, 0.0012, 0.0056, 0.0890, 0.0030,
        0.0114, 0.0000, 0.1124, 0.0008, 0.0016, 0.0856, 0.1580])
[2026-06-26 01:52:41,494][root][INFO] - Epoch: 14 | train acc: 0.5066, train loss: 1.32883476, valid acc: 0.4712, valid loss: 1.42399753, test acc: 0.4715, test loss: 1.45612618
[2026-06-26 01:52:41,516][root][INFO] - Epoch: 14 | train acc: 0.5180, train loss: 1.36369481, valid acc: 0.4926, valid loss: 1.46611354, test acc: 0.4831, test loss: 1.48636943
[2026-06-26 01:52:41,694][root][INFO] - reg loss: 4.219607009262335, entropy loss: 0.023218826803027608, leaf dev: 0.13963061571121216
[2026-06-26 01:52:41,695][root][INFO] - Val leaf stats: tensor([0.0000e+00, 3.7807e-03, 6.4812e-03, 1.3503e-03, 5.4010e-04, 2.1604e-03,
        0.0000e+00, 4.3478e-02, 4.0238e-02, 1.0802e-03, 2.1199e-01, 4.8609e-03,
        9.6678e-02, 1.0802e-03, 5.4334e-01, 4.2938e-02])
[2026-06-26 01:52:41,747][root][INFO] - Epoch: 14 | train acc: 0.5167, train loss: 1.35330090, valid acc: 0.5023, valid loss: 1.40091594, test acc: 0.4936, test loss: 1.39970465
[2026-06-26 01:52:41,833][root][INFO] - reg loss: 9.713240724392039, entropy loss: 0.4266708250398989, leaf dev: 0.09147515147924423
[2026-06-26 01:52:41,834][root][INFO] - Val leaf stats: tensor([6.2570e-03, 8.4049e-04, 5.9395e-02, 1.8145e-01, 7.5084e-02, 2.7083e-03,
        6.5372e-04, 1.3728e-02, 5.6033e-04, 9.5256e-02, 1.5568e-01, 3.2882e-01,
        9.3388e-04, 1.4942e-02, 6.3504e-02, 1.8678e-04])
[2026-06-26 01:52:43,129][root][INFO] - Epoch: 3 | train acc: 0.9443, train loss: 0.70148768, valid acc: 0.9416, valid loss: 0.20193158, test acc: 0.9187, test loss: 0.45801524
[2026-06-26 01:52:44,126][root][INFO] - Val leaf stats: tensor([0.1778, 0.0600, 0.1191, 0.1731, 0.0012, 0.0012, 0.0056, 0.0890, 0.0030,
        0.0114, 0.0000, 0.1124, 0.0008, 0.0016, 0.0856, 0.1580])
[2026-06-26 01:52:45,750][root][INFO] - reg loss: 7.776228072151305, entropy loss: 0.25186072676270094, leaf dev: 0.06533211469650269
[2026-06-26 01:52:45,752][root][INFO] - Val leaf stats: tensor([9.3388e-04, 9.3388e-05, 1.1674e-01, 2.2189e-01, 7.0601e-02, 6.0702e-03,
        2.8016e-04, 4.1278e-02, 1.0273e-03, 6.0235e-02, 1.4055e-01, 1.2075e-01,
        4.6694e-04, 3.1845e-02, 1.0824e-01, 7.9006e-02])
[2026-06-26 01:52:45,920][root][INFO] - reg loss: 4.186646070636686, entropy loss: 0.03740393529172804, leaf dev: 0.09809716790914536
[2026-06-26 01:52:45,921][root][INFO] - Val leaf stats: tensor([0.0108, 0.0629, 0.0000, 0.0008, 0.2622, 0.2217, 0.0032, 0.0000, 0.0003,
        0.0014, 0.0600, 0.0051, 0.0016, 0.0000, 0.1050, 0.2649])
[2026-06-26 01:52:46,154][root][INFO] - reg loss: 4.281656437232846, entropy loss: 0.03761953652882185, leaf dev: 0.08885642886161804
[2026-06-26 01:52:46,156][root][INFO] - Val leaf stats: tensor([1.3989e-01, 3.1542e-01, 7.5884e-02, 5.9411e-02, 5.4010e-04, 0.0000e+00,
        2.2414e-02, 5.8871e-02, 2.7005e-04, 5.4010e-04, 1.4691e-01, 5.4010e-03,
        2.4305e-03, 1.6203e-03, 1.6419e-01, 6.2112e-03])
[2026-06-26 01:52:46,357][root][INFO] - reg loss: 4.276422578780378, entropy loss: 0.04793554251311255, leaf dev: 0.10446655750274658
[2026-06-26 01:52:46,358][root][INFO] - Val leaf stats: tensor([2.2657e-01, 1.9714e-02, 2.7005e-04, 1.1990e-01, 5.4010e-04, 2.5655e-02,
        2.9706e-03, 2.7005e-04, 2.7275e-02, 2.4305e-03, 2.4305e-03, 1.3260e-01,
        8.1015e-04, 3.7807e-03, 3.6997e-01, 6.4812e-02])
[2026-06-26 01:52:46,445][root][INFO] - Epoch: 4 | train acc: 0.9540, train loss: 1.64363713, valid acc: 0.9502, valid loss: 0.18340797, test acc: 0.9236, test loss: 0.42418652
[2026-06-26 01:52:46,541][root][INFO] - Epoch: 3 | train acc: 0.9307, train loss: 0.58058022, valid acc: 0.9319, valid loss: 0.22695909, test acc: 0.9024, test loss: 0.39245713
[2026-06-26 01:52:48,580][root][INFO] - reg loss: 6.572952500096074, entropy loss: 0.18440521212797317, leaf dev: 0.09747432172298431
[2026-06-26 01:52:48,582][root][INFO] - Val leaf stats: tensor([0.0426, 0.0166, 0.0054, 0.0031, 0.0790, 0.0006, 0.1471, 0.0615, 0.0076,
        0.0077, 0.0009, 0.0014, 0.0409, 0.3036, 0.2779, 0.0041])
[2026-06-26 01:52:48,590][root][INFO] - Epoch: 48 | train acc: 0.9889, train loss: 0.10304363, valid acc: 0.9638, valid loss: 0.15409934, test acc: 0.9274, test loss: 1.42318841
[2026-06-26 01:52:48,671][root][INFO] - Epoch: 4 | train acc: 0.9521, train loss: 0.38010441, valid acc: 0.9429, valid loss: 0.19011993, test acc: 0.9153, test loss: 0.51845420
[2026-06-26 01:52:49,894][root][INFO] - reg loss: 7.858082143087236, entropy loss: 0.3397947368483064, leaf dev: 0.07094822078943253
[2026-06-26 01:52:49,895][root][INFO] - Val leaf stats: tensor([0.0869, 0.0782, 0.0360, 0.0011, 0.0013, 0.0329, 0.1376, 0.0359, 0.2542,
        0.1363, 0.0044, 0.0012, 0.0090, 0.0083, 0.0513, 0.1256])
[2026-06-26 01:52:50,365][root][INFO] - Test leaf std: 0.07253127545118332, Val leaf std: 0.06827376782894135
[2026-06-26 01:52:51,353][root][INFO] - reg loss: 7.406224407216229, entropy loss: 0.20980202213481622, leaf dev: 0.1030912846326828
[2026-06-26 01:52:51,354][root][INFO] - Val leaf stats: tensor([3.4647e-02, 5.5099e-03, 4.0064e-02, 3.9662e-01, 7.0975e-02, 1.2140e-03,
        0.0000e+00, 5.2764e-02, 2.0545e-03, 1.3074e-02, 1.4382e-01, 1.6819e-01,
        9.3388e-05, 6.9294e-02, 9.3388e-05, 1.5876e-03])
[2026-06-26 01:52:52,084][root][INFO] - reg loss: 5.1206325904402155, entropy loss: 0.12761530879313354, leaf dev: 0.061305198818445206
[2026-06-26 01:52:52,085][root][INFO] - Val leaf stats: tensor([0.1758, 0.0893, 0.0808, 0.0021, 0.1605, 0.0521, 0.0419, 0.0058, 0.0022,
        0.0012, 0.0011, 0.0548, 0.0703, 0.0006, 0.1078, 0.1536])
[2026-06-26 01:52:52,283][root][INFO] - Epoch: 2 | train acc: 0.9310, train loss: 1.27607299, valid acc: 0.9336, valid loss: 0.22918971, test acc: 0.8982, test loss: 0.55027071
[2026-06-26 01:52:52,566][root][INFO] - Epoch: 2 | train acc: 0.9163, train loss: 1.26844143, valid acc: 0.9174, valid loss: 0.26710684, test acc: 0.8989, test loss: 0.36025391
[2026-06-26 01:52:53,699][root][INFO] - Epoch: 4 | train acc: 0.9418, train loss: 0.31187605, valid acc: 0.9290, valid loss: 0.23819714, test acc: 0.9071, test loss: 0.47674995
[2026-06-26 01:52:54,857][root][INFO] - reg loss: 8.093782732726405, entropy loss: 0.2587456253785936, leaf dev: 0.10085169225931168
[2026-06-26 01:52:54,858][root][INFO] - Val leaf stats: tensor([1.7744e-03, 3.6627e-01, 1.2738e-01, 9.3388e-04, 7.2189e-02, 4.3892e-03,
        2.2320e-02, 1.4008e-03, 1.2327e-02, 3.7355e-03, 2.6149e-03, 1.4942e-03,
        9.0400e-02, 2.8016e-04, 8.3676e-02, 2.0882e-01])
[2026-06-26 01:52:55,258][root][INFO] - Epoch: 4 | train acc: 0.9488, train loss: 0.74020085, valid acc: 0.9414, valid loss: 0.19323353, test acc: 0.9157, test loss: 0.59231446
[2026-06-26 01:52:55,521][root][INFO] - reg loss: 7.7962236379189465, entropy loss: 0.2468160272590698, leaf dev: 0.10316666215658188
[2026-06-26 01:52:55,523][root][INFO] - Val leaf stats: tensor([1.2888e-01, 7.0041e-03, 1.1954e-02, 7.4991e-02, 1.2094e-01, 5.4165e-03,
        8.4049e-04, 1.0273e-03, 1.3074e-03, 1.1207e-03, 2.1946e-01, 3.6608e-01,
        2.8016e-04, 7.2843e-03, 5.3231e-02, 1.8678e-04])
[2026-06-26 01:52:56,565][root][INFO] - FINAL TEST | acc: 0.9253, loss: 1.7962, 
[2026-06-26 01:52:56,598][root][INFO] - reg loss: 7.289375565039418, entropy loss: 0.2225299468904576, leaf dev: 0.08876776695251465
[2026-06-26 01:52:56,599][root][INFO] - Val leaf stats: tensor([3.5487e-03, 7.4710e-04, 1.3158e-01, 9.3575e-02, 4.5013e-02, 4.6694e-03,
        9.3388e-05, 5.1363e-03, 2.4281e-03, 7.7139e-02, 1.3504e-01, 1.9882e-01,
        7.4710e-04, 3.0818e-03, 2.9800e-01, 3.7355e-04])
[2026-06-26 01:52:56,854][root][INFO] - MLFlow run ID: 6bce5dfccb1a4543ac49c7f6f2c744ae, status: FINISHED
[2026-06-26 01:52:58,262][root][INFO] - reg loss: 7.956782966694504, entropy loss: 0.27909690346667376, leaf dev: 0.06963430345058441
[2026-06-26 01:52:58,264][root][INFO] - Val leaf stats: tensor([0.1597, 0.1448, 0.1130, 0.0009, 0.1127, 0.0264, 0.1197, 0.0307, 0.0080,
        0.0198, 0.0012, 0.0224, 0.0261, 0.0000, 0.2137, 0.0007])
[2026-06-26 01:52:58,875][root][INFO] - Epoch: 15 | train acc: 0.5091, train loss: 1.35152950, valid acc: 0.4548, valid loss: 1.48768735, test acc: 0.4585, test loss: 1.50578320
[2026-06-26 01:53:02,611][root][INFO] - reg loss: 4.252058513828965, entropy loss: 0.04001509428757136, leaf dev: 0.11382894217967987
[2026-06-26 01:53:02,613][root][INFO] - Val leaf stats: tensor([0.0435, 0.3878, 0.0030, 0.0027, 0.0022, 0.0005, 0.0051, 0.0216, 0.0016,
        0.0008, 0.2679, 0.0162, 0.0570, 0.0167, 0.1688, 0.0046])
[2026-06-26 01:53:02,961][root][INFO] - Epoch: 15 | train acc: 0.5602, train loss: 1.27960731, valid acc: 0.5271, valid loss: 1.37373296, test acc: 0.5282, test loss: 1.36900982
[2026-06-26 01:53:03,721][root][INFO] - Epoch: 4 | train acc: 0.9410, train loss: 1.28127691, valid acc: 0.9437, valid loss: 0.19399151, test acc: 0.9169, test loss: 0.50517988
[2026-06-26 01:53:04,346][root][INFO] - Epoch: 15 | train acc: 0.4536, train loss: 1.65301589, valid acc: 0.4051, valid loss: 1.64825712, test acc: 0.3974, test loss: 1.64488587
[2026-06-26 01:53:05,795][root][INFO] - reg loss: 6.284293086440475, entropy loss: 0.1342533875710119, leaf dev: 0.07450291514396667
[2026-06-26 01:53:05,796][root][INFO] - Val leaf stats: tensor([0.0909, 0.0006, 0.0029, 0.1622, 0.0706, 0.0062, 0.0000, 0.0111, 0.0024,
        0.0146, 0.1361, 0.1547, 0.0000, 0.2128, 0.1344, 0.0006])
[2026-06-26 01:53:06,361][root][INFO] - reg loss: 4.306031899374039, entropy loss: 0.04996059547926559, leaf dev: 0.11965887993574142
[2026-06-26 01:53:06,362][root][INFO] - Val leaf stats: tensor([9.2358e-02, 4.8555e-01, 6.6973e-02, 1.1045e-01, 6.7513e-03, 2.4845e-02,
        5.8061e-02, 5.4010e-04, 8.1015e-04, 9.4518e-03, 2.5115e-02, 1.0694e-01,
        1.0802e-03, 5.4010e-04, 1.0262e-02, 2.7005e-04])
[2026-06-26 01:53:07,315][root][INFO] - Epoch: 15 | train acc: 0.5320, train loss: 1.30935744, valid acc: 0.5217, valid loss: 1.40200736, test acc: 0.5083, test loss: 1.42480853
[2026-06-26 01:53:07,419][root][INFO] - reg loss: 4.245879743919998, entropy loss: 0.022850967882598033, leaf dev: 0.12203466892242432
[2026-06-26 01:53:07,420][root][INFO] - Val leaf stats: tensor([0.0127, 0.0011, 0.0011, 0.0014, 0.0086, 0.0859, 0.0100, 0.0027, 0.0014,
        0.0691, 0.0481, 0.0189, 0.0049, 0.0248, 0.2587, 0.4507])
[2026-06-26 01:53:07,774][root][INFO] - Epoch: 16 | train acc: 0.5549, train loss: 1.35058228, valid acc: 0.5460, valid loss: 1.34108029, test acc: 0.5201, test loss: 1.38823833
[2026-06-26 01:53:09,146][root][INFO] - Epoch: 15 | train acc: 0.5396, train loss: 1.46709446, valid acc: 0.5220, valid loss: 1.37686947, test acc: 0.5236, test loss: 1.40173993
[2026-06-26 01:53:11,212][root][INFO] - reg loss: 4.249100974348725, entropy loss: 0.055860401909859456, leaf dev: 0.13473069667816162
[2026-06-26 01:53:11,213][root][INFO] - Val leaf stats: tensor([0.0000e+00, 1.4043e-02, 1.3503e-03, 8.1015e-04, 1.0802e-02, 5.3470e-02,
        0.0000e+00, 0.0000e+00, 9.8029e-02, 1.3206e-01, 1.2989e-01, 4.3208e-03,
        2.7005e-04, 1.0802e-03, 1.7823e-02, 5.3605e-01])
[2026-06-26 01:53:11,674][root][INFO] - reg loss: 4.170751462217237, entropy loss: 0.022136744111776352, leaf dev: 0.12751497328281403
[2026-06-26 01:53:11,675][root][INFO] - Val leaf stats: tensor([2.4305e-03, 4.7043e-01, 2.7545e-02, 2.7005e-04, 3.5107e-03, 0.0000e+00,
        3.0246e-02, 2.2765e-01, 1.6203e-03, 0.0000e+00, 1.7256e-01, 5.4010e-04,
        3.2136e-02, 2.7545e-02, 1.0802e-03, 2.4305e-03])
[2026-06-26 01:53:13,109][root][INFO] - Epoch: 15 | train acc: 0.5277, train loss: 1.34921457, valid acc: 0.5344, valid loss: 1.37899805, test acc: 0.5079, test loss: 1.41985071
[2026-06-26 01:53:13,144][root][INFO] - reg loss: 4.158664961330226, entropy loss: 0.020326737085448913, leaf dev: 0.14679139852523804
[2026-06-26 01:53:13,145][root][INFO] - Val leaf stats: tensor([0.0000, 0.0041, 0.0059, 0.0016, 0.0008, 0.0038, 0.0000, 0.0435, 0.0316,
        0.0011, 0.2196, 0.0051, 0.0751, 0.0019, 0.5725, 0.0335])
[2026-06-26 01:53:13,685][root][INFO] - Epoch: 2 | train acc: 0.9281, train loss: 0.25706046, valid acc: 0.9272, valid loss: 0.25413288, test acc: 0.9117, test loss: 0.36961924
[2026-06-26 01:53:13,861][root][INFO] - Epoch: 15 | train acc: 0.5132, train loss: 1.34586558, valid acc: 0.5085, valid loss: 1.38572124, test acc: 0.4951, test loss: 1.38041118
[2026-06-26 01:53:13,964][root][INFO] - Epoch: 15 | train acc: 0.5000, train loss: 1.36070500, valid acc: 0.4680, valid loss: 1.46037506, test acc: 0.4561, test loss: 1.48944396
[2026-06-26 01:53:16,828][root][INFO] - reg loss: 8.217267833689533, entropy loss: 0.34884982481204646, leaf dev: 0.08468256890773773
[2026-06-26 01:53:16,829][root][INFO] - Val leaf stats: tensor([2.8016e-04, 8.4049e-04, 6.0609e-02, 2.2945e-01, 8.2742e-02, 2.7083e-03,
        2.8016e-04, 3.5114e-02, 6.5372e-04, 6.7706e-02, 1.6100e-01, 2.6391e-01,
        2.2413e-03, 2.1386e-02, 7.0975e-02, 9.3388e-05])
[2026-06-26 01:53:17,522][root][INFO] - reg loss: 4.289466013673876, entropy loss: 0.038674386370866023, leaf dev: 0.10276474803686142
[2026-06-26 01:53:17,523][root][INFO] - Val leaf stats: tensor([4.9689e-02, 3.7105e-01, 5.2120e-02, 5.9141e-02, 8.1015e-04, 0.0000e+00,
        7.2914e-03, 5.2930e-02, 2.7005e-04, 5.4010e-04, 1.9633e-01, 7.5614e-03,
        3.7807e-03, 1.8904e-03, 1.8120e-01, 1.5393e-02])
[2026-06-26 01:53:18,091][root][INFO] - reg loss: 4.185724727443008, entropy loss: 0.03673135428155055, leaf dev: 0.08597318083047867
[2026-06-26 01:53:18,099][root][INFO] - Val leaf stats: tensor([0.0953, 0.0751, 0.0003, 0.0022, 0.2185, 0.2160, 0.0019, 0.0000, 0.0003,
        0.0011, 0.0559, 0.0062, 0.0016, 0.0008, 0.0980, 0.2268])
[2026-06-26 01:53:18,277][root][INFO] - Epoch: 5 | train acc: 0.9589, train loss: 1.46262444, valid acc: 0.9492, valid loss: 0.17786359, test acc: 0.9096, test loss: 0.50989377
[2026-06-26 01:53:18,300][root][INFO] - Epoch: 4 | train acc: 0.9449, train loss: 0.64237052, valid acc: 0.9446, valid loss: 0.18999215, test acc: 0.9239, test loss: 0.47381398
[2026-06-26 01:53:18,546][root][INFO] - reg loss: 4.261898752118721, entropy loss: 0.04663085650469436, leaf dev: 0.10455852746963501
[2026-06-26 01:53:18,547][root][INFO] - Val leaf stats: tensor([2.2981e-01, 2.1064e-02, 2.7005e-04, 1.1585e-01, 5.4010e-04, 2.5925e-02,
        3.5107e-03, 2.7005e-04, 2.4305e-02, 2.9706e-03, 3.7807e-03, 1.3368e-01,
        2.7005e-04, 1.3503e-03, 3.6889e-01, 6.7513e-02])
[2026-06-26 01:53:18,888][root][INFO] - Epoch: 4 | train acc: 0.9499, train loss: 0.50823841, valid acc: 0.9397, valid loss: 0.20419292, test acc: 0.9031, test loss: 0.42194514
[2026-06-26 01:53:20,841][root][INFO] - Epoch: 5 | train acc: 0.9538, train loss: 0.35471397, valid acc: 0.9468, valid loss: 0.18261696, test acc: 0.8893, test loss: 0.48442593
[2026-06-26 01:53:20,963][root][INFO] - reg loss: 7.196685339407946, entropy loss: 0.2230801798363842, leaf dev: 0.06498151272535324
[2026-06-26 01:53:20,965][root][INFO] - Val leaf stats: tensor([0.0012, 0.0003, 0.1240, 0.1803, 0.0696, 0.0064, 0.0005, 0.0331, 0.0010,
        0.0557, 0.0858, 0.2030, 0.0007, 0.1005, 0.0872, 0.0507])
[2026-06-26 01:53:21,331][root][INFO] - reg loss: 6.234795840328963, entropy loss: 0.1641931209772352, leaf dev: 0.10262711346149445
[2026-06-26 01:53:21,332][root][INFO] - Val leaf stats: tensor([0.0239, 0.0175, 0.0038, 0.0029, 0.0798, 0.0033, 0.1534, 0.0670, 0.0011,
        0.0000, 0.0007, 0.0016, 0.0368, 0.3306, 0.2730, 0.0048])
[2026-06-26 01:53:21,766][root][INFO] - reg loss: 7.806892349606469, entropy loss: 0.3312241146488795, leaf dev: 0.075469970703125
[2026-06-26 01:53:21,767][root][INFO] - Val leaf stats: tensor([0.0983, 0.0802, 0.0378, 0.0011, 0.0012, 0.0220, 0.1460, 0.0174, 0.2822,
        0.0923, 0.0042, 0.0012, 0.0095, 0.0205, 0.0590, 0.1270])
[2026-06-26 01:53:23,626][root][INFO] - reg loss: 7.288164350721571, entropy loss: 0.19139188811892555, leaf dev: 0.0990976020693779
[2026-06-26 01:53:23,627][root][INFO] - Val leaf stats: tensor([0.0662, 0.0131, 0.0521, 0.3784, 0.0711, 0.0009, 0.0000, 0.0572, 0.0007,
        0.0208, 0.1318, 0.1808, 0.0000, 0.0227, 0.0009, 0.0033])
[2026-06-26 01:53:25,241][root][INFO] - Epoch: 49 | train acc: 0.9898, train loss: 0.10038093, valid acc: 0.9650, valid loss: 0.15515449, test acc: 0.9242, test loss: 1.46049880
[2026-06-26 01:53:26,201][root][INFO] - Epoch: 5 | train acc: 0.9507, train loss: 0.27803529, valid acc: 0.9407, valid loss: 0.19702993, test acc: 0.9144, test loss: 0.46304384
[2026-06-26 01:53:26,338][root][INFO] - Epoch: 3 | train acc: 0.9362, train loss: 1.10437092, valid acc: 0.9341, valid loss: 0.22542257, test acc: 0.9114, test loss: 0.36996455
[2026-06-26 01:53:26,826][root][INFO] - Epoch: 3 | train acc: 0.9454, train loss: 1.08938269, valid acc: 0.9379, valid loss: 0.21413039, test acc: 0.9204, test loss: 0.56759126
[2026-06-26 01:53:27,639][root][INFO] - Epoch: 5 | train acc: 0.9542, train loss: 0.69049563, valid acc: 0.9481, valid loss: 0.17242255, test acc: 0.9213, test loss: 0.64765671
[2026-06-26 01:53:28,771][root][INFO] - reg loss: 7.475682606772771, entropy loss: 0.2215043072978025, leaf dev: 0.09333033859729767
[2026-06-26 01:53:28,772][root][INFO] - Val leaf stats: tensor([0.1316, 0.0082, 0.0050, 0.0591, 0.0775, 0.0049, 0.0008, 0.0013, 0.0018,
        0.0010, 0.2294, 0.2936, 0.0004, 0.0212, 0.1642, 0.0000])
[2026-06-26 01:53:28,864][root][INFO] - reg loss: 5.1180249320136175, entropy loss: 0.12875383836094034, leaf dev: 0.0603443905711174
[2026-06-26 01:53:28,865][root][INFO] - Val leaf stats: tensor([0.1701, 0.0826, 0.0852, 0.0022, 0.1644, 0.0600, 0.0441, 0.0066, 0.0022,
        0.0013, 0.0011, 0.0588, 0.0618, 0.0007, 0.1101, 0.1487])
[2026-06-26 01:53:29,019][root][INFO] - reg loss: 7.063980753459628, entropy loss: 0.20736601869895976, leaf dev: 0.07614252716302872
[2026-06-26 01:53:29,020][root][INFO] - Val leaf stats: tensor([3.1752e-03, 6.5372e-04, 1.5764e-01, 1.3084e-01, 5.2671e-02, 5.3231e-03,
        9.3388e-05, 7.6578e-03, 2.5215e-03, 1.3093e-01, 2.0321e-01, 1.3158e-01,
        8.4049e-04, 2.9884e-03, 1.6987e-01, 0.0000e+00])
[2026-06-26 01:53:29,563][root][INFO] - reg loss: 7.507211667520028, entropy loss: 0.22336955502550437, leaf dev: 0.10288801789283752
[2026-06-26 01:53:29,564][root][INFO] - Val leaf stats: tensor([1.7744e-03, 4.0204e-01, 1.1823e-01, 1.2140e-03, 7.1722e-02, 5.9768e-03,
        1.9985e-02, 4.6694e-04, 1.3915e-02, 2.0545e-02, 2.5215e-03, 1.4942e-03,
        1.1038e-01, 1.8678e-04, 9.3108e-02, 1.3644e-01])
[2026-06-26 01:53:30,448][root][INFO] - reg loss: 7.6318710973023105, entropy loss: 0.264204948036759, leaf dev: 0.06902126967906952
[2026-06-26 01:53:30,460][root][INFO] - Val leaf stats: tensor([1.3345e-01, 1.5624e-01, 1.1123e-01, 7.4710e-04, 1.3261e-01, 1.8958e-02,
        1.2122e-01, 3.4927e-02, 1.1113e-02, 1.7183e-02, 8.4049e-04, 2.4188e-02,
        2.7269e-02, 9.3388e-05, 2.0919e-01, 7.4710e-04])
[2026-06-26 01:53:30,619][root][INFO] - Epoch: 16 | train acc: 0.4987, train loss: 1.34535018, valid acc: 0.4856, valid loss: 1.46175501, test acc: 0.4806, test loss: 1.47011128
[2026-06-26 01:53:32,145][root][INFO] - Val leaf stats: tensor([0.1701, 0.0826, 0.0852, 0.0022, 0.1644, 0.0600, 0.0441, 0.0066, 0.0022,
        0.0013, 0.0011, 0.0588, 0.0618, 0.0007, 0.1101, 0.1487])
[2026-06-26 01:53:34,391][root][INFO] - Epoch: 16 | train acc: 0.5628, train loss: 1.26505706, valid acc: 0.5320, valid loss: 1.38696518, test acc: 0.5128, test loss: 1.40898830
[2026-06-26 01:53:34,431][root][INFO] - reg loss: 4.2619805335998535, entropy loss: 0.03862633128635219, leaf dev: 0.11554717272520065
[2026-06-26 01:53:34,432][root][INFO] - Val leaf stats: tensor([4.6449e-02, 3.9995e-01, 4.5909e-03, 5.9411e-03, 1.8904e-03, 2.7005e-04,
        7.0213e-03, 2.5925e-02, 1.8904e-03, 2.7005e-04, 2.8139e-01, 1.8904e-02,
        5.2930e-02, 1.6743e-02, 1.3124e-01, 4.5909e-03])
[2026-06-26 01:53:35,534][root][INFO] - Epoch: 16 | train acc: 0.4417, train loss: 1.66846669, valid acc: 0.4305, valid loss: 1.51944722, test acc: 0.4318, test loss: 1.55234462
[2026-06-26 01:53:35,855][root][INFO] - Epoch: 5 | train acc: 0.9516, train loss: 1.17600199, valid acc: 0.9427, valid loss: 0.18998029, test acc: 0.9187, test loss: 0.53717043
[2026-06-26 01:53:37,572][root][INFO] - reg loss: 4.289856394783396, entropy loss: 0.04743767566368228, leaf dev: 0.1141243726015091
[2026-06-26 01:53:37,573][root][INFO] - Val leaf stats: tensor([8.1826e-02, 4.6179e-01, 9.5058e-02, 9.2358e-02, 2.7005e-03, 6.9943e-02,
        2.5655e-02, 8.1015e-04, 1.0802e-03, 9.4518e-03, 3.1866e-02, 1.1666e-01,
        1.6203e-03, 2.7005e-04, 8.9117e-03, 0.0000e+00])
[2026-06-26 01:53:37,613][root][INFO] - Test leaf std: 0.06406931579113007, Val leaf std: 0.0603443905711174
[2026-06-26 01:53:37,826][root][INFO] - reg loss: 6.14391102866521, entropy loss: 0.12538888336962492, leaf dev: 0.08356676995754242
[2026-06-26 01:53:37,827][root][INFO] - Val leaf stats: tensor([6.9761e-02, 5.6033e-04, 3.6421e-03, 9.6750e-02, 6.9854e-02, 6.0702e-03,
        0.0000e+00, 5.2297e-03, 1.9612e-03, 1.4849e-02, 1.2346e-01, 1.4933e-01,
        9.3388e-05, 2.8157e-01, 1.7613e-01, 7.4710e-04])
[2026-06-26 01:53:38,531][root][INFO] - reg loss: 4.2040025914301635, entropy loss: 0.021778708018484663, leaf dev: 0.11274228245019913
[2026-06-26 01:53:38,532][root][INFO] - Val leaf stats: tensor([0.0086, 0.0019, 0.0030, 0.0032, 0.0076, 0.1496, 0.0097, 0.0014, 0.0014,
        0.0951, 0.0389, 0.0181, 0.0016, 0.0451, 0.1880, 0.4270])
[2026-06-26 01:53:38,811][root][INFO] - Epoch: 16 | train acc: 0.5429, train loss: 1.28666519, valid acc: 0.4953, valid loss: 1.42789090, test acc: 0.4936, test loss: 1.42957498
[2026-06-26 01:53:39,137][root][INFO] - Epoch: 17 | train acc: 0.5642, train loss: 1.32355938, valid acc: 0.5531, valid loss: 1.32428964, test acc: 0.5201, test loss: 1.37566364
[2026-06-26 01:53:40,617][root][INFO] - Epoch: 16 | train acc: 0.5448, train loss: 1.45030235, valid acc: 0.5239, valid loss: 1.37685353, test acc: 0.5130, test loss: 1.40013845
[2026-06-26 01:53:42,935][root][INFO] - reg loss: 4.167175355504771, entropy loss: 0.021977089559201333, leaf dev: 0.12462228536605835
[2026-06-26 01:53:42,937][root][INFO] - Val leaf stats: tensor([0.0019, 0.4575, 0.0370, 0.0000, 0.0032, 0.0000, 0.0251, 0.2333, 0.0008,
        0.0000, 0.1645, 0.0005, 0.0394, 0.0335, 0.0008, 0.0024])
[2026-06-26 01:53:43,039][root][INFO] - FINAL TEST | acc: 0.9242, loss: 1.4605, 
[2026-06-26 01:53:43,047][root][INFO] - reg loss: 4.260595892296463, entropy loss: 0.05440143758400542, leaf dev: 0.13325591385364532
[2026-06-26 01:53:43,048][root][INFO] - Val leaf stats: tensor([8.1015e-04, 3.8617e-02, 2.7005e-04, 2.7005e-04, 3.2406e-02, 1.5474e-01,
        8.1015e-04, 0.0000e+00, 4.0508e-02, 3.7807e-03, 2.1037e-01, 8.3716e-03,
        5.4010e-04, 1.0802e-03, 1.0802e-03, 5.0635e-01])
[2026-06-26 01:53:43,265][root][INFO] - MLFlow run ID: 7ae0f88ffec44c77b56415a1bb6aca30, status: FINISHED
[2026-06-26 01:53:44,417][root][INFO] - reg loss: 4.158929856097112, entropy loss: 0.020338763559206587, leaf dev: 0.156834676861763
[2026-06-26 01:53:44,418][root][INFO] - Val leaf stats: tensor([2.7005e-04, 1.8904e-02, 1.7553e-02, 1.3503e-03, 0.0000e+00, 3.5107e-03,
        0.0000e+00, 2.2684e-02, 2.5925e-02, 1.3503e-03, 2.2360e-01, 1.6743e-02,
        5.9411e-03, 1.6203e-03, 6.1410e-01, 4.6449e-02])
[2026-06-26 01:53:45,002][root][INFO] - Epoch: 16 | train acc: 0.5624, train loss: 1.26139978, valid acc: 0.5409, valid loss: 1.32890490, test acc: 0.5275, test loss: 1.38141003
[2026-06-26 01:53:45,441][root][INFO] - Epoch: 16 | train acc: 0.5330, train loss: 1.31039069, valid acc: 0.5277, valid loss: 1.36645559, test acc: 0.5120, test loss: 1.35986823
[2026-06-26 01:53:46,155][root][INFO] - Epoch: 16 | train acc: 0.5028, train loss: 1.35729161, valid acc: 0.4853, valid loss: 1.40820450, test acc: 0.4742, test loss: 1.44605334
[2026-06-26 01:53:47,270][root][INFO] - Epoch: 3 | train acc: 0.9436, train loss: 0.20134274, valid acc: 0.9386, valid loss: 0.20816253, test acc: 0.9169, test loss: 0.47650150
[2026-06-26 01:53:49,125][root][INFO] - reg loss: 4.218855842215116, entropy loss: 0.03554858310056514, leaf dev: 0.09838870167732239
[2026-06-26 01:53:49,126][root][INFO] - Val leaf stats: tensor([0.0567, 0.3497, 0.0670, 0.0710, 0.0000, 0.0000, 0.0097, 0.0481, 0.0005,
        0.0008, 0.1834, 0.0095, 0.0022, 0.0016, 0.1909, 0.0089])
[2026-06-26 01:53:49,427][root][INFO] - reg loss: 4.252176511483114, entropy loss: 0.0457025446364137, leaf dev: 0.10083197057247162
[2026-06-26 01:53:49,428][root][INFO] - Val leaf stats: tensor([2.2333e-01, 2.1334e-02, 2.7005e-04, 1.2341e-01, 5.4010e-04, 2.6465e-02,
        3.7807e-03, 2.7005e-04, 3.4837e-02, 2.4305e-03, 2.4305e-03, 1.4286e-01,
        2.7005e-04, 1.0802e-03, 3.5026e-01, 6.6433e-02])
[2026-06-26 01:53:50,030][root][INFO] - reg loss: 7.778062288092558, entropy loss: 0.31950483766813126, leaf dev: 0.0927988812327385
[2026-06-26 01:53:50,031][root][INFO] - Val leaf stats: tensor([8.4049e-04, 1.8678e-04, 6.2850e-02, 2.7260e-01, 7.1629e-02, 4.2959e-03,
        8.4049e-04, 2.3347e-02, 4.6694e-04, 3.6888e-02, 1.6007e-01, 2.7195e-01,
        2.3347e-03, 9.8991e-03, 8.1715e-02, 9.3388e-05])
[2026-06-26 01:53:50,318][root][INFO] - reg loss: 4.193244402525855, entropy loss: 0.03680197577007481, leaf dev: 0.10110056400299072
[2026-06-26 01:53:50,319][root][INFO] - Val leaf stats: tensor([0.0097, 0.0537, 0.0000, 0.0005, 0.2638, 0.2374, 0.0019, 0.0000, 0.0003,
        0.0011, 0.0424, 0.0054, 0.0022, 0.0011, 0.1107, 0.2698])
[2026-06-26 01:53:50,568][root][INFO] - Epoch: 6 | train acc: 0.9643, train loss: 1.31690267, valid acc: 0.9568, valid loss: 0.15735548, test acc: 0.9283, test loss: 0.48863394
[2026-06-26 01:53:51,609][root][INFO] - Epoch: 6 | train acc: 0.9566, train loss: 0.32761578, valid acc: 0.9514, valid loss: 0.16462850, test acc: 0.9066, test loss: 0.44386170
[2026-06-26 01:53:52,244][root][INFO] - Epoch: 5 | train acc: 0.9573, train loss: 0.46966357, valid acc: 0.9228, valid loss: 0.24649174, test acc: 0.8882, test loss: 0.43436264
[2026-06-26 01:53:53,847][root][INFO] - reg loss: 6.044298139198747, entropy loss: 0.14813227620389727, leaf dev: 0.1009979173541069
[2026-06-26 01:53:53,848][root][INFO] - Val leaf stats: tensor([2.9791e-02, 1.6903e-02, 3.6421e-03, 3.0818e-03, 8.5637e-02, 1.5876e-03,
        1.0581e-01, 8.0781e-02, 1.3074e-03, 9.3388e-05, 6.5372e-04, 1.4942e-03,
        5.4258e-02, 3.3741e-01, 2.6905e-01, 8.4983e-03])
[2026-06-26 01:53:53,937][root][INFO] - Epoch: 5 | train acc: 0.9521, train loss: 0.57188602, valid acc: 0.9347, valid loss: 0.22922684, test acc: 0.8933, test loss: 0.72459565
[2026-06-26 01:53:53,975][root][INFO] - reg loss: 7.036063090834038, entropy loss: 0.172818142270285, leaf dev: 0.10028994828462601
[2026-06-26 01:53:53,976][root][INFO] - Val leaf stats: tensor([5.5939e-02, 2.1573e-02, 2.3440e-02, 3.6617e-01, 7.1162e-02, 8.4049e-04,
        1.8678e-04, 6.3317e-02, 6.5372e-04, 1.8958e-02, 1.4354e-01, 2.1152e-01,
        0.0000e+00, 1.8771e-02, 5.6033e-04, 3.3620e-03])
[2026-06-26 01:53:55,321][root][INFO] - reg loss: 7.679307594501152, entropy loss: 0.31951154587130065, leaf dev: 0.07779251784086227
[2026-06-26 01:53:55,322][root][INFO] - Val leaf stats: tensor([0.2293, 0.0826, 0.0458, 0.0011, 0.0011, 0.0112, 0.0066, 0.0032, 0.2077,
        0.1550, 0.0042, 0.0011, 0.0131, 0.0331, 0.0696, 0.1353])
[2026-06-26 01:53:56,917][root][INFO] - reg loss: 6.822275209679175, entropy loss: 0.20153601152240916, leaf dev: 0.06804319471120834
[2026-06-26 01:53:56,918][root][INFO] - Val leaf stats: tensor([0.0155, 0.0008, 0.0659, 0.0904, 0.0680, 0.0064, 0.0006, 0.0508, 0.0006,
        0.0593, 0.0773, 0.1967, 0.0010, 0.0482, 0.2324, 0.0861])
[2026-06-26 01:53:57,963][root][INFO] - Epoch: 4 | train acc: 0.9339, train loss: 1.02091656, valid acc: 0.9361, valid loss: 0.21794050, test acc: 0.9163, test loss: 0.33771138
[2026-06-26 01:53:58,206][root][INFO] - Epoch: 6 | train acc: 0.9545, train loss: 0.25901891, valid acc: 0.9489, valid loss: 0.16982335, test acc: 0.9247, test loss: 0.48382001
[2026-06-26 01:53:59,325][root][INFO] - Epoch: 6 | train acc: 0.9632, train loss: 0.63922896, valid acc: 0.9533, valid loss: 0.15595951, test acc: 0.9275, test loss: 0.59105407
[2026-06-26 01:53:59,458][root][INFO] - Epoch: 4 | train acc: 0.9533, train loss: 0.97416094, valid acc: 0.9497, valid loss: 0.18005722, test acc: 0.9234, test loss: 0.58116470
[2026-06-26 01:53:59,810][root][INFO] - Epoch: 17 | train acc: 0.5197, train loss: 1.30138288, valid acc: 0.5096, valid loss: 1.40767739, test acc: 0.4939, test loss: 1.41419028
[2026-06-26 01:54:00,809][root][INFO] - reg loss: 6.446769578116281, entropy loss: 0.19870839437479695, leaf dev: 0.11858198791742325
[2026-06-26 01:54:00,811][root][INFO] - Val leaf stats: tensor([1.1674e-01, 7.3777e-03, 4.4826e-03, 5.3885e-02, 9.0120e-02, 5.3231e-03,
        8.4049e-04, 5.6033e-04, 9.3388e-04, 1.3074e-03, 2.7185e-01, 4.1716e-01,
        3.7355e-04, 1.5876e-03, 2.7083e-02, 3.7355e-04])
[2026-06-26 01:54:00,921][root][INFO] - reg loss: 6.93866243059673, entropy loss: 0.20290643804603153, leaf dev: 0.07843690365552902
[2026-06-26 01:54:00,922][root][INFO] - Val leaf stats: tensor([3.1752e-03, 1.0273e-03, 1.3289e-01, 1.3607e-01, 6.9481e-02, 4.8562e-03,
        0.0000e+00, 1.0086e-02, 2.5215e-03, 9.0493e-02, 2.4514e-01, 1.5857e-01,
        7.4710e-04, 2.7083e-03, 1.4214e-01, 9.3388e-05])
[2026-06-26 01:54:02,148][root][INFO] - reg loss: 7.009418232731088, entropy loss: 0.2012460290912598, leaf dev: 0.10221965610980988
[2026-06-26 01:54:02,149][root][INFO] - Val leaf stats: tensor([2.1479e-03, 3.9494e-01, 1.2243e-01, 1.2140e-03, 7.1629e-02, 4.6694e-03,
        1.7837e-02, 3.7355e-04, 1.5783e-02, 1.9892e-02, 2.5215e-03, 1.5876e-03,
        1.0889e-01, 9.3388e-05, 8.3115e-02, 1.5288e-01])
[2026-06-26 01:54:02,151][root][INFO] - reg loss: 7.498511619668789, entropy loss: 0.2527611933688007, leaf dev: 0.06844959408044815
[2026-06-26 01:54:02,153][root][INFO] - Val leaf stats: tensor([1.4550e-01, 1.4475e-01, 1.1524e-01, 8.4049e-04, 1.2925e-01, 2.0919e-02,
        1.2719e-01, 3.5021e-02, 7.0041e-03, 1.9051e-02, 9.3388e-04, 2.0359e-02,
        3.0538e-02, 9.3388e-05, 2.0265e-01, 6.5372e-04])
[2026-06-26 01:54:03,961][root][INFO] - reg loss: 4.262432637761851, entropy loss: 0.03810925531338473, leaf dev: 0.11345557868480682
[2026-06-26 01:54:03,963][root][INFO] - Val leaf stats: tensor([4.0508e-02, 3.6133e-01, 3.5107e-03, 5.4010e-03, 1.3503e-03, 5.4010e-04,
        5.1310e-03, 2.6735e-02, 2.7005e-03, 2.7005e-04, 3.1812e-01, 1.1882e-02,
        7.2914e-02, 1.7823e-02, 1.2476e-01, 7.0213e-03])
[2026-06-26 01:54:05,757][root][INFO] - Epoch: 17 | train acc: 0.5592, train loss: 1.27215416, valid acc: 0.5509, valid loss: 1.34044401, test acc: 0.5400, test loss: 1.38232012
[2026-06-26 01:54:07,194][root][INFO] - Epoch: 17 | train acc: 0.4792, train loss: 1.58532060, valid acc: 0.4758, valid loss: 1.44233792, test acc: 0.4723, test loss: 1.48745278
[2026-06-26 01:54:07,923][root][INFO] - Epoch: 6 | train acc: 0.9590, train loss: 1.08089465, valid acc: 0.9547, valid loss: 0.15632806, test acc: 0.9277, test loss: 0.43564264
[2026-06-26 01:54:08,781][root][INFO] - reg loss: 4.28273657501721, entropy loss: 0.04645584517570793, leaf dev: 0.10743924975395203
[2026-06-26 01:54:08,782][root][INFO] - Val leaf stats: tensor([1.1261e-01, 4.1480e-01, 1.0262e-01, 1.2989e-01, 2.9706e-03, 7.8315e-03,
        1.1342e-02, 8.1015e-04, 1.0802e-03, 1.4583e-02, 4.8069e-02, 1.4394e-01,
        1.3503e-03, 2.7005e-04, 7.8315e-03, 0.0000e+00])
[2026-06-26 01:54:10,050][root][INFO] - reg loss: 6.012458929939876, entropy loss: 0.1165786649657305, leaf dev: 0.07570181041955948
[2026-06-26 01:54:10,051][root][INFO] - Val leaf stats: tensor([7.4337e-02, 3.7355e-04, 3.2686e-03, 1.4569e-01, 6.9948e-02, 6.3504e-03,
        1.8678e-04, 8.0314e-03, 2.4281e-03, 1.7837e-02, 1.2766e-01, 1.6184e-01,
        9.3388e-05, 2.1442e-01, 1.6707e-01, 4.6694e-04])
[2026-06-26 01:54:10,104][root][INFO] - reg loss: 4.209459367345591, entropy loss: 0.021997108780702608, leaf dev: 0.1068645492196083
[2026-06-26 01:54:10,105][root][INFO] - Val leaf stats: tensor([0.0105, 0.0041, 0.0024, 0.0030, 0.0092, 0.1483, 0.0130, 0.0011, 0.0014,
        0.1453, 0.0281, 0.0078, 0.0022, 0.0348, 0.2085, 0.3805])
[2026-06-26 01:54:11,037][root][INFO] - Epoch: 17 | train acc: 0.5427, train loss: 1.27604370, valid acc: 0.5161, valid loss: 1.38881118, test acc: 0.5012, test loss: 1.43320978
[2026-06-26 01:54:12,206][root][INFO] - Epoch: 18 | train acc: 0.5685, train loss: 1.29363044, valid acc: 0.5423, valid loss: 1.35997816, test acc: 0.5299, test loss: 1.37317206
[2026-06-26 01:54:13,842][root][INFO] - Epoch: 17 | train acc: 0.5563, train loss: 1.40935401, valid acc: 0.5396, valid loss: 1.32499734, test acc: 0.5299, test loss: 1.36805318
[2026-06-26 01:54:14,653][root][INFO] - reg loss: 4.251034181626117, entropy loss: 0.054832006575631316, leaf dev: 0.12487708777189255
[2026-06-26 01:54:14,654][root][INFO] - Val leaf stats: tensor([0.0000e+00, 6.3192e-02, 0.0000e+00, 2.7005e-04, 6.3462e-02, 9.7218e-02,
        2.9706e-03, 0.0000e+00, 1.5663e-01, 5.8331e-02, 5.2120e-02, 5.6711e-03,
        5.4010e-04, 1.0802e-03, 2.7005e-04, 4.9824e-01])
[2026-06-26 01:54:15,743][root][INFO] - Epoch: 17 | train acc: 0.5402, train loss: 1.29003077, valid acc: 0.5266, valid loss: 1.35275038, test acc: 0.5106, test loss: 1.38201678
[2026-06-26 01:54:16,068][root][INFO] - reg loss: 4.16376573531354, entropy loss: 0.020201668753975728, leaf dev: 0.12380293756723404
[2026-06-26 01:54:16,070][root][INFO] - Val leaf stats: tensor([1.0802e-03, 4.4423e-01, 5.2660e-02, 0.0000e+00, 3.5107e-03, 0.0000e+00,
        2.4305e-02, 2.4764e-01, 1.3503e-03, 2.7005e-04, 1.7067e-01, 5.4010e-04,
        2.4845e-02, 2.4575e-02, 1.8904e-03, 2.4305e-03])
[2026-06-26 01:54:16,683][root][INFO] - Epoch: 17 | train acc: 0.5614, train loss: 1.24314749, valid acc: 0.5053, valid loss: 1.38649215, test acc: 0.4990, test loss: 1.42997867
[2026-06-26 01:54:17,625][root][INFO] - Epoch: 17 | train acc: 0.5192, train loss: 1.31246173, valid acc: 0.4893, valid loss: 1.40349678, test acc: 0.4838, test loss: 1.41780027
[2026-06-26 01:54:17,880][root][INFO] - reg loss: 4.139755280291448, entropy loss: 0.01844588120574834, leaf dev: 0.1445520520210266
[2026-06-26 01:54:17,882][root][INFO] - Val leaf stats: tensor([5.4010e-04, 2.2684e-02, 2.2144e-02, 1.3503e-03, 0.0000e+00, 2.9706e-03,
        0.0000e+00, 4.4829e-02, 1.4043e-02, 1.3503e-03, 2.6789e-01, 2.9706e-02,
        4.0508e-03, 2.4305e-03, 5.4631e-01, 3.9698e-02])
[2026-06-26 01:54:18,385][root][INFO] - Epoch: 4 | train acc: 0.9512, train loss: 0.17996625, valid acc: 0.9449, valid loss: 0.19044767, test acc: 0.9089, test loss: 0.38238423
[2026-06-26 01:54:19,647][root][INFO] - reg loss: 4.24670407029449, entropy loss: 0.04482684400482256, leaf dev: 0.11020427197217941
[2026-06-26 01:54:19,649][root][INFO] - Val leaf stats: tensor([2.0578e-01, 1.8634e-02, 0.0000e+00, 1.0451e-01, 2.7005e-04, 2.9436e-02,
        4.0508e-03, 2.7005e-04, 2.1874e-02, 4.0508e-03, 1.3503e-03, 1.0451e-01,
        8.1015e-04, 1.6203e-03, 4.1318e-01, 8.9657e-02])
[2026-06-26 01:54:20,683][root][INFO] - reg loss: 4.228771467677882, entropy loss: 0.03555012915710934, leaf dev: 0.08801921457052231
[2026-06-26 01:54:20,685][root][INFO] - Val leaf stats: tensor([0.1753, 0.2568, 0.0437, 0.0589, 0.0000, 0.0000, 0.0095, 0.0489, 0.0003,
        0.0014, 0.1558, 0.0095, 0.0027, 0.0019, 0.2228, 0.0127])
[2026-06-26 01:54:21,252][root][INFO] - reg loss: 7.530321545071072, entropy loss: 0.3026060510880102, leaf dev: 0.09309902042150497
[2026-06-26 01:54:21,253][root][INFO] - Val leaf stats: tensor([4.6694e-04, 9.3388e-04, 7.8820e-02, 2.8325e-01, 7.3683e-02, 2.4281e-03,
        1.8678e-04, 5.2951e-02, 6.5372e-04, 2.6242e-02, 1.6894e-01, 2.5794e-01,
        3.2686e-03, 4.8562e-03, 4.5106e-02, 2.8016e-04])
[2026-06-26 01:54:21,892][root][INFO] - reg loss: 4.172414302825928, entropy loss: 0.03606035322195194, leaf dev: 0.09818326681852341
[2026-06-26 01:54:21,893][root][INFO] - Val leaf stats: tensor([1.2152e-02, 6.3192e-02, 2.7005e-04, 5.4010e-04, 2.6708e-01, 2.0497e-01,
        4.0508e-03, 0.0000e+00, 2.7005e-04, 1.0802e-03, 5.1310e-02, 8.3716e-03,
        2.1604e-03, 8.1015e-04, 1.1045e-01, 2.7329e-01])
[2026-06-26 01:54:23,177][root][INFO] - Epoch: 7 | train acc: 0.9571, train loss: 0.31789118, valid acc: 0.9470, valid loss: 0.17919150, test acc: 0.9243, test loss: 0.43954313
[2026-06-26 01:54:23,544][root][INFO] - Epoch: 6 | train acc: 0.9531, train loss: 0.54428690, valid acc: 0.9248, valid loss: 0.26419748, test acc: 0.8948, test loss: 0.74611543
[2026-06-26 01:54:23,738][root][INFO] - Epoch: 7 | train acc: 0.9667, train loss: 1.20378130, valid acc: 0.9561, valid loss: 0.15331412, test acc: 0.9276, test loss: 0.46275079
[2026-06-26 01:54:25,105][root][INFO] - Epoch: 6 | train acc: 0.9561, train loss: 0.45597754, valid acc: 0.9498, valid loss: 0.17428113, test acc: 0.9199, test loss: 0.41481581
[2026-06-26 01:54:26,151][root][INFO] - reg loss: 6.878620859176394, entropy loss: 0.1679415517540836, leaf dev: 0.09516927599906921
[2026-06-26 01:54:26,152][root][INFO] - Val leaf stats: tensor([7.3403e-02, 5.1363e-03, 3.5954e-02, 3.7075e-01, 7.1255e-02, 9.3388e-04,
        1.8678e-04, 6.5372e-02, 4.6694e-04, 7.8072e-02, 1.4419e-01, 1.3280e-01,
        0.0000e+00, 1.7557e-02, 3.7355e-04, 3.5487e-03])
[2026-06-26 01:54:26,868][root][INFO] - reg loss: 6.6980727034271075, entropy loss: 0.19096182310391988, leaf dev: 0.08088713139295578
[2026-06-26 01:54:26,870][root][INFO] - Val leaf stats: tensor([0.0189, 0.0006, 0.0783, 0.1044, 0.0693, 0.0067, 0.0006, 0.0337, 0.0005,
        0.0532, 0.1009, 0.3030, 0.0007, 0.0236, 0.1762, 0.0296])
[2026-06-26 01:54:26,937][root][INFO] - reg loss: 5.874965264052941, entropy loss: 0.13513305393003283, leaf dev: 0.10584372282028198
[2026-06-26 01:54:26,939][root][INFO] - Val leaf stats: tensor([3.0445e-02, 2.1106e-02, 3.2686e-03, 3.1752e-03, 8.3489e-02, 1.6810e-03,
        1.1319e-01, 4.6414e-02, 1.3074e-03, 1.8678e-04, 7.4710e-04, 1.5876e-03,
        5.6126e-02, 3.5478e-01, 2.7960e-01, 2.8950e-03])
[2026-06-26 01:54:28,043][root][INFO] - reg loss: 7.1626497526017445, entropy loss: 0.29718848037972023, leaf dev: 0.07099086791276932
[2026-06-26 01:54:28,045][root][INFO] - Val leaf stats: tensor([0.2227, 0.0832, 0.0471, 0.0013, 0.0441, 0.0150, 0.0059, 0.0019, 0.1933,
        0.0958, 0.0043, 0.0012, 0.0155, 0.0370, 0.0833, 0.1484])
[2026-06-26 01:54:29,496][root][INFO] - Epoch: 5 | train acc: 0.9501, train loss: 0.90613467, valid acc: 0.9436, valid loss: 0.19011279, test acc: 0.9193, test loss: 0.35651609
[2026-06-26 01:54:29,545][root][INFO] - Epoch: 18 | train acc: 0.5480, train loss: 1.24177328, valid acc: 0.5217, valid loss: 1.37325472, test acc: 0.5091, test loss: 1.35796814
[2026-06-26 01:54:29,725][root][INFO] - Epoch: 7 | train acc: 0.9618, train loss: 0.22996767, valid acc: 0.9474, valid loss: 0.18014044, test acc: 0.9245, test loss: 0.49925947
[2026-06-26 01:54:31,160][root][INFO] - Epoch: 7 | train acc: 0.9657, train loss: 0.60354081, valid acc: 0.9512, valid loss: 0.16369174, test acc: 0.9245, test loss: 0.71757913
[2026-06-26 01:54:32,215][root][INFO] - reg loss: 6.722801372487709, entropy loss: 0.19146393152771804, leaf dev: 0.08524706214666367
[2026-06-26 01:54:32,216][root][INFO] - Val leaf stats: tensor([3.3620e-03, 1.0273e-03, 1.3121e-01, 1.1748e-01, 6.9668e-02, 4.8562e-03,
        0.0000e+00, 9.8058e-03, 2.1479e-03, 4.7908e-02, 2.5635e-01, 2.2815e-01,
        1.0273e-03, 2.7083e-03, 1.2421e-01, 9.3388e-05])
[2026-06-26 01:54:32,288][root][INFO] - reg loss: 6.1820345656581654, entropy loss: 0.18248036771855025, leaf dev: 0.12179280817508698
[2026-06-26 01:54:32,290][root][INFO] - Val leaf stats: tensor([0.1193, 0.0100, 0.0069, 0.0586, 0.0835, 0.0048, 0.0007, 0.0005, 0.0007,
        0.0014, 0.2568, 0.4405, 0.0011, 0.0010, 0.0137, 0.0005])
[2026-06-26 01:54:33,166][root][INFO] - Epoch: 5 | train acc: 0.9603, train loss: 0.89604086, valid acc: 0.9530, valid loss: 0.16428697, test acc: 0.9255, test loss: 0.60306597
[2026-06-26 01:54:33,792][root][INFO] - reg loss: 4.2483630805719095, entropy loss: 0.038025810154246505, leaf dev: 0.11263667047023773
[2026-06-26 01:54:33,793][root][INFO] - Val leaf stats: tensor([0.0389, 0.3694, 0.0032, 0.0049, 0.0022, 0.0000, 0.0068, 0.0338, 0.0035,
        0.0000, 0.3106, 0.0089, 0.1034, 0.0197, 0.0745, 0.0203])
[2026-06-26 01:54:34,084][root][INFO] - reg loss: 7.219071471501911, entropy loss: 0.23960363013403757, leaf dev: 0.06869225203990936
[2026-06-26 01:54:34,085][root][INFO] - Val leaf stats: tensor([0.1746, 0.1059, 0.1063, 0.0011, 0.1411, 0.0266, 0.1336, 0.0389, 0.0103,
        0.0219, 0.0007, 0.0172, 0.0237, 0.0000, 0.1970, 0.0008])
[2026-06-26 01:54:36,155][root][INFO] - reg loss: 6.874552300367406, entropy loss: 0.18763032878832842, leaf dev: 0.0986996665596962
[2026-06-26 01:54:36,156][root][INFO] - Val leaf stats: tensor([2.0545e-03, 3.7589e-01, 1.2785e-01, 1.1207e-03, 7.1909e-02, 3.9223e-03,
        2.1292e-02, 2.8016e-04, 2.2507e-02, 1.3728e-02, 2.7083e-03, 1.4942e-03,
        1.0908e-01, 3.7355e-04, 8.7318e-02, 1.5848e-01])
[2026-06-26 01:54:37,586][root][INFO] - Epoch: 18 | train acc: 0.5791, train loss: 1.23057315, valid acc: 0.5531, valid loss: 1.32395700, test acc: 0.5358, test loss: 1.36946665
[2026-06-26 01:54:38,323][root][INFO] - Epoch: 18 | train acc: 0.5067, train loss: 1.52081611, valid acc: 0.4934, valid loss: 1.39788383, test acc: 0.4853, test loss: 1.44440097
[2026-06-26 01:54:39,754][root][INFO] - Epoch: 7 | train acc: 0.9632, train loss: 1.04255352, valid acc: 0.9456, valid loss: 0.18494807, test acc: 0.9170, test loss: 0.46809811
[2026-06-26 01:54:40,568][root][INFO] - reg loss: 4.291687840321025, entropy loss: 0.04607008226582261, leaf dev: 0.10827583074569702
[2026-06-26 01:54:40,569][root][INFO] - Val leaf stats: tensor([1.1288e-01, 4.2452e-01, 9.3978e-02, 1.2692e-01, 3.7807e-03, 1.5123e-02,
        2.1604e-02, 2.1604e-03, 1.0802e-03, 1.2422e-02, 4.3208e-02, 1.3287e-01,
        1.3503e-03, 2.7005e-04, 7.8315e-03, 0.0000e+00])
[2026-06-26 01:54:41,479][root][INFO] - reg loss: 6.006925058112573, entropy loss: 0.11378505802343762, leaf dev: 0.0784679725766182
[2026-06-26 01:54:41,480][root][INFO] - Val leaf stats: tensor([0.1006, 0.0004, 0.0028, 0.1732, 0.0700, 0.0063, 0.0003, 0.0095, 0.0033,
        0.0675, 0.1294, 0.2622, 0.0006, 0.1344, 0.0392, 0.0003])
[2026-06-26 01:54:41,514][root][INFO] - reg loss: 4.208347594151731, entropy loss: 0.02174274037118818, leaf dev: 0.1038464829325676
[2026-06-26 01:54:41,515][root][INFO] - Val leaf stats: tensor([0.0119, 0.0024, 0.0022, 0.0032, 0.0116, 0.1688, 0.0135, 0.0011, 0.0035,
        0.1572, 0.0265, 0.0073, 0.0035, 0.0292, 0.1979, 0.3602])
[2026-06-26 01:54:42,371][root][INFO] - Epoch: 18 | train acc: 0.5665, train loss: 1.21093512, valid acc: 0.5396, valid loss: 1.33625903, test acc: 0.5275, test loss: 1.35855006
[2026-06-26 01:54:43,766][root][INFO] - Epoch: 19 | train acc: 0.5606, train loss: 1.30827143, valid acc: 0.5250, valid loss: 1.41606480, test acc: 0.5002, test loss: 1.45470032
[2026-06-26 01:54:44,872][root][INFO] - Epoch: 18 | train acc: 0.5635, train loss: 1.38418767, valid acc: 0.5498, valid loss: 1.31345905, test acc: 0.5439, test loss: 1.32283789
[2026-06-26 01:54:45,529][root][INFO] - Epoch: 18 | train acc: 0.5393, train loss: 1.32203436, valid acc: 0.5269, valid loss: 1.35583766, test acc: 0.4995, test loss: 1.41103007
[2026-06-26 01:54:45,913][root][INFO] - reg loss: 4.254415230672867, entropy loss: 0.05428140775346365, leaf dev: 0.12011899054050446
[2026-06-26 01:54:45,915][root][INFO] - Val leaf stats: tensor([6.2112e-03, 3.5647e-02, 2.7005e-04, 0.0000e+00, 5.3740e-02, 1.4745e-01,
        1.8904e-03, 0.0000e+00, 1.4664e-01, 3.1056e-02, 1.0100e-01, 5.4010e-03,
        5.4010e-04, 8.1015e-04, 0.0000e+00, 4.6935e-01])
[2026-06-26 01:54:47,438][root][INFO] - Epoch: 18 | train acc: 0.5389, train loss: 1.30041227, valid acc: 0.5220, valid loss: 1.36407211, test acc: 0.5125, test loss: 1.40215990
[2026-06-26 01:54:47,698][root][INFO] - reg loss: 4.142935463639557, entropy loss: 0.01718187124514189, leaf dev: 0.14123907685279846
[2026-06-26 01:54:47,699][root][INFO] - Val leaf stats: tensor([0.0022, 0.5234, 0.0440, 0.0005, 0.0024, 0.0008, 0.0132, 0.2547, 0.0027,
        0.0011, 0.1442, 0.0005, 0.0038, 0.0051, 0.0000, 0.0014])
[2026-06-26 01:54:48,616][root][INFO] - reg loss: 4.157680464572594, entropy loss: 0.01884298905974529, leaf dev: 0.1397344022989273
[2026-06-26 01:54:48,617][root][INFO] - Val leaf stats: tensor([0.0005, 0.0257, 0.0224, 0.0022, 0.0000, 0.0030, 0.0000, 0.0513, 0.0100,
        0.0014, 0.3103, 0.0346, 0.0041, 0.0022, 0.5031, 0.0294])
[2026-06-26 01:54:48,986][root][INFO] - Epoch: 18 | train acc: 0.5273, train loss: 1.29920726, valid acc: 0.4810, valid loss: 1.42409730, test acc: 0.4828, test loss: 1.44190478
[2026-06-26 01:54:49,729][root][INFO] - reg loss: 4.251607042844178, entropy loss: 0.043814006521076455, leaf dev: 0.10627877712249756
[2026-06-26 01:54:49,730][root][INFO] - Val leaf stats: tensor([1.7769e-01, 1.4313e-02, 0.0000e+00, 9.4248e-02, 2.7005e-04, 3.1326e-02,
        3.7807e-03, 2.7005e-04, 4.8609e-03, 2.1604e-03, 5.6711e-03, 1.8526e-01,
        1.6203e-03, 8.6416e-03, 3.8563e-01, 8.4256e-02])
[2026-06-26 01:54:51,748][root][INFO] - reg loss: 4.240097178787481, entropy loss: 0.03550326347839637, leaf dev: 0.09392435103654861
[2026-06-26 01:54:51,750][root][INFO] - Val leaf stats: tensor([0.0748, 0.3008, 0.0392, 0.0575, 0.0000, 0.0000, 0.0340, 0.0559, 0.0005,
        0.0014, 0.1318, 0.0230, 0.0014, 0.0084, 0.2676, 0.0038])
[2026-06-26 01:54:52,866][root][INFO] - Epoch: 5 | train acc: 0.9503, train loss: 0.17603188, valid acc: 0.9480, valid loss: 0.17331301, test acc: 0.9021, test loss: 0.43132257
[2026-06-26 01:54:52,916][root][INFO] - reg loss: 4.190542541566442, entropy loss: 0.03712215842526467, leaf dev: 0.09464086592197418
[2026-06-26 01:54:52,917][root][INFO] - Val leaf stats: tensor([5.1310e-02, 7.4534e-02, 0.0000e+00, 2.7005e-04, 3.0894e-01, 2.0578e-01,
        3.2406e-03, 2.7005e-04, 2.1604e-03, 5.4010e-04, 3.7807e-02, 9.4518e-03,
        0.0000e+00, 4.8609e-03, 1.0532e-01, 1.9552e-01])
[2026-06-26 01:54:55,588][root][INFO] - reg loss: 7.168345216720823, entropy loss: 0.27958268983654244, leaf dev: 0.09695418179035187
[2026-06-26 01:54:55,590][root][INFO] - Val leaf stats: tensor([3.7355e-04, 8.4049e-04, 7.2563e-02, 2.2824e-01, 6.9574e-02, 4.2025e-03,
        1.8678e-04, 1.8211e-02, 9.3388e-05, 3.7075e-02, 1.7323e-01, 3.2508e-01,
        1.6810e-03, 6.2570e-03, 6.2010e-02, 3.7355e-04])
[2026-06-26 01:54:56,122][root][INFO] - Epoch: 7 | train acc: 0.9578, train loss: 0.50788186, valid acc: 0.9512, valid loss: 0.17122061, test acc: 0.9228, test loss: 0.61981187
[2026-06-26 01:54:57,161][root][INFO] - Epoch: 8 | train acc: 0.9698, train loss: 1.10772441, valid acc: 0.9609, valid loss: 0.14211481, test acc: 0.9313, test loss: 0.50931976
[2026-06-26 01:54:57,882][root][INFO] - Epoch: 8 | train acc: 0.9632, train loss: 0.29145408, valid acc: 0.9536, valid loss: 0.15745845, test acc: 0.9138, test loss: 0.45703970
[2026-06-26 01:54:58,782][root][INFO] - reg loss: 6.425978216544661, entropy loss: 0.17753502292923196, leaf dev: 0.07862228900194168
[2026-06-26 01:54:58,784][root][INFO] - Val leaf stats: tensor([1.8304e-02, 1.8678e-04, 8.0220e-02, 1.0506e-01, 6.9201e-02, 6.9107e-03,
        4.6694e-04, 3.2499e-02, 8.4049e-04, 5.1083e-02, 7.1535e-02, 2.0405e-01,
        8.4049e-04, 3.2686e-02, 2.8119e-01, 4.4920e-02])
[2026-06-26 01:54:59,081][root][INFO] - Epoch: 7 | train acc: 0.9657, train loss: 0.41876352, valid acc: 0.9551, valid loss: 0.15689113, test acc: 0.9237, test loss: 0.48947662
[2026-06-26 01:54:59,572][root][INFO] - reg loss: 5.757825435154022, entropy loss: 0.12448209122059838, leaf dev: 0.1045181155204773
[2026-06-26 01:54:59,573][root][INFO] - Val leaf stats: tensor([0.0320, 0.0200, 0.0035, 0.0032, 0.0830, 0.0010, 0.1285, 0.0499, 0.0013,
        0.0004, 0.0007, 0.0015, 0.0492, 0.3470, 0.2760, 0.0028])
[2026-06-26 01:55:00,101][root][INFO] - Epoch: 6 | train acc: 0.9530, train loss: 0.83840529, valid acc: 0.9455, valid loss: 0.19000050, test acc: 0.9219, test loss: 0.37889329
[2026-06-26 01:55:00,716][root][INFO] - reg loss: 6.721335875294196, entropy loss: 0.16134081662647307, leaf dev: 0.09514567255973816
[2026-06-26 01:55:00,718][root][INFO] - Val leaf stats: tensor([7.7419e-02, 1.3821e-02, 1.6623e-02, 3.6468e-01, 7.1255e-02, 1.3074e-03,
        1.8678e-04, 7.5084e-02, 3.7355e-04, 5.1830e-02, 1.4419e-01, 1.5502e-01,
        0.0000e+00, 2.4468e-02, 2.8016e-04, 3.4554e-03])
[2026-06-26 01:55:00,946][root][INFO] - Epoch: 19 | train acc: 0.5657, train loss: 1.19338108, valid acc: 0.5323, valid loss: 1.37767876, test acc: 0.5241, test loss: 1.34191301
[2026-06-26 01:55:01,780][root][INFO] - reg loss: 7.4253604500382036, entropy loss: 0.29425383623314916, leaf dev: 0.05612247809767723
[2026-06-26 01:55:01,782][root][INFO] - Val leaf stats: tensor([0.0918, 0.0690, 0.0420, 0.0014, 0.0526, 0.0338, 0.1343, 0.0134, 0.1857,
        0.0879, 0.0044, 0.0012, 0.0169, 0.0327, 0.0851, 0.1477])
[2026-06-26 01:55:03,061][root][INFO] - reg loss: 6.077141335401586, entropy loss: 0.16816029157588092, leaf dev: 0.12310458719730377
[2026-06-26 01:55:03,063][root][INFO] - Val leaf stats: tensor([1.4046e-01, 1.0926e-02, 6.9107e-03, 5.9395e-02, 8.7691e-02, 4.5760e-03,
        7.4710e-04, 4.6694e-04, 6.5372e-04, 5.6033e-04, 2.0517e-01, 4.6517e-01,
        1.4942e-03, 1.0273e-03, 1.4382e-02, 3.7355e-04])
[2026-06-26 01:55:03,097][root][INFO] - Epoch: 8 | train acc: 0.9610, train loss: 0.22579726, valid acc: 0.9512, valid loss: 0.17215749, test acc: 0.9248, test loss: 0.47296964
[2026-06-26 01:55:04,184][root][INFO] - Epoch: 8 | train acc: 0.9665, train loss: 0.56937254, valid acc: 0.9522, valid loss: 0.15823181, test acc: 0.9283, test loss: 0.48049519
[2026-06-26 01:55:05,116][root][INFO] - reg loss: 4.233599404819676, entropy loss: 0.03806615639172616, leaf dev: 0.11347627639770508
[2026-06-26 01:55:05,118][root][INFO] - Val leaf stats: tensor([0.0292, 0.3427, 0.0043, 0.0057, 0.0022, 0.0000, 0.0057, 0.0375, 0.0041,
        0.0000, 0.3403, 0.0100, 0.1137, 0.0194, 0.0816, 0.0038])
[2026-06-26 01:55:06,124][root][INFO] - reg loss: 6.525314679221501, entropy loss: 0.17860959446619426, leaf dev: 0.08909963071346283
[2026-06-26 01:55:06,126][root][INFO] - Val leaf stats: tensor([2.8950e-03, 1.0273e-03, 1.0749e-01, 1.6894e-01, 7.0321e-02, 4.8562e-03,
        0.0000e+00, 9.1520e-03, 1.8678e-03, 2.7456e-02, 2.5607e-01, 2.4496e-01,
        1.0273e-03, 3.4554e-03, 1.0039e-01, 9.3388e-05])
[2026-06-26 01:55:06,827][root][INFO] - reg loss: 7.107186345196275, entropy loss: 0.22463315480915957, leaf dev: 0.06685452163219452
[2026-06-26 01:55:06,828][root][INFO] - Val leaf stats: tensor([0.1773, 0.1147, 0.1194, 0.0013, 0.1250, 0.0230, 0.1265, 0.0273, 0.0125,
        0.0183, 0.0007, 0.0115, 0.0585, 0.0000, 0.1836, 0.0003])
[2026-06-26 01:55:08,834][root][INFO] - Epoch: 6 | train acc: 0.9504, train loss: 0.85011682, valid acc: 0.9499, valid loss: 0.17532854, test acc: 0.9228, test loss: 0.59708688
[2026-06-26 01:55:09,599][root][INFO] - Epoch: 19 | train acc: 0.5234, train loss: 1.47796877, valid acc: 0.5182, valid loss: 1.35025205, test acc: 0.5081, test loss: 1.40016795
[2026-06-26 01:55:09,860][root][INFO] - Epoch: 19 | train acc: 0.5808, train loss: 1.21989054, valid acc: 0.5598, valid loss: 1.33186936, test acc: 0.5395, test loss: 1.36702567
[2026-06-26 01:55:11,078][root][INFO] - reg loss: 6.348360228160071, entropy loss: 0.17032639847861397, leaf dev: 0.1030280590057373
[2026-06-26 01:55:11,079][root][INFO] - Val leaf stats: tensor([8.4049e-04, 4.1137e-01, 1.2430e-01, 6.5372e-04, 7.0975e-02, 2.1946e-02,
        6.2570e-02, 9.3388e-05, 1.7370e-02, 2.1946e-02, 3.3620e-03, 1.7744e-03,
        7.6298e-02, 3.7355e-04, 5.0243e-02, 1.3588e-01])
[2026-06-26 01:55:11,629][root][INFO] - Epoch: 8 | train acc: 0.9654, train loss: 1.03314475, valid acc: 0.9569, valid loss: 0.15193099, test acc: 0.9153, test loss: 0.49204303
[2026-06-26 01:55:12,934][root][INFO] - reg loss: 4.208080057237969, entropy loss: 0.021325784659043688, leaf dev: 0.1000128984451294
[2026-06-26 01:55:12,935][root][INFO] - Val leaf stats: tensor([1.1882e-02, 7.8315e-03, 1.8904e-03, 2.7005e-03, 1.6743e-02, 1.8904e-01,
        1.5663e-02, 2.7005e-04, 2.4305e-03, 1.4907e-01, 2.6465e-02, 6.2112e-03,
        2.4305e-03, 3.5107e-02, 1.9471e-01, 3.3756e-01])
[2026-06-26 01:55:13,544][root][INFO] - reg loss: 4.282269907779381, entropy loss: 0.044358904610891814, leaf dev: 0.10584872215986252
[2026-06-26 01:55:13,545][root][INFO] - Val leaf stats: tensor([9.5058e-02, 4.1912e-01, 9.9649e-02, 1.3935e-01, 3.2406e-03, 2.5385e-02,
        3.5647e-02, 1.6203e-03, 1.6203e-03, 1.2422e-02, 5.1580e-02, 1.0829e-01,
        2.7005e-04, 2.7005e-04, 6.4812e-03, 0.0000e+00])
[2026-06-26 01:55:13,665][root][INFO] - reg loss: 6.073632199928244, entropy loss: 0.11337223053766937, leaf dev: 0.07535111159086227
[2026-06-26 01:55:13,666][root][INFO] - Val leaf stats: tensor([0.0765, 0.0005, 0.0032, 0.1955, 0.0700, 0.0058, 0.0003, 0.0084, 0.0025,
        0.0265, 0.1236, 0.2005, 0.0006, 0.1708, 0.1150, 0.0004])
[2026-06-26 01:55:14,221][root][INFO] - Epoch: 19 | train acc: 0.5680, train loss: 1.19422438, valid acc: 0.5077, valid loss: 1.41276988, test acc: 0.4958, test loss: 1.43445785
[2026-06-26 01:55:16,494][root][INFO] - Epoch: 19 | train acc: 0.5493, train loss: 1.26995508, valid acc: 0.5409, valid loss: 1.29276513, test acc: 0.5162, test loss: 1.35642175
[2026-06-26 01:55:16,666][root][INFO] - Epoch: 20 | train acc: 0.5455, train loss: 1.34114655, valid acc: 0.5382, valid loss: 1.37127528, test acc: 0.5108, test loss: 1.40638509
[2026-06-26 01:55:17,213][root][INFO] - Epoch: 19 | train acc: 0.5724, train loss: 1.34361528, valid acc: 0.5593, valid loss: 1.30370765, test acc: 0.5491, test loss: 1.31751074
[2026-06-26 01:55:18,104][root][INFO] - reg loss: 4.231079578399658, entropy loss: 0.049608576859607074, leaf dev: 0.12153325229883194
[2026-06-26 01:55:18,105][root][INFO] - Val leaf stats: tensor([3.5107e-03, 4.1858e-02, 2.7005e-04, 0.0000e+00, 7.6695e-02, 1.1936e-01,
        2.4305e-03, 0.0000e+00, 2.1685e-01, 6.2382e-02, 1.5123e-02, 5.4010e-04,
        5.4010e-04, 8.1015e-04, 2.7005e-04, 4.5936e-01])
[2026-06-26 01:55:18,726][root][INFO] - Epoch: 19 | train acc: 0.5639, train loss: 1.24656869, valid acc: 0.5398, valid loss: 1.34160692, test acc: 0.5238, test loss: 1.41663440
[2026-06-26 01:55:19,793][root][INFO] - Epoch: 19 | train acc: 0.5273, train loss: 1.30178339, valid acc: 0.4926, valid loss: 1.41071236, test acc: 0.4909, test loss: 1.41677882
[2026-06-26 01:55:20,311][root][INFO] - reg loss: 4.243866005881888, entropy loss: 0.0427740072739906, leaf dev: 0.10594931244850159
[2026-06-26 01:55:20,312][root][INFO] - Val leaf stats: tensor([1.8634e-01, 1.5933e-02, 0.0000e+00, 9.8029e-02, 2.7005e-04, 3.2406e-02,
        4.0508e-03, 2.7005e-04, 4.8609e-03, 1.3503e-03, 4.3208e-03, 1.5798e-01,
        1.3503e-03, 1.0532e-02, 3.8914e-01, 9.3168e-02])
[2026-06-26 01:55:20,323][root][INFO] - reg loss: 4.123739492697794, entropy loss: 0.016673800749246213, leaf dev: 0.14146417379379272
[2026-06-26 01:55:20,324][root][INFO] - Val leaf stats: tensor([0.0030, 0.5225, 0.0389, 0.0005, 0.0032, 0.0011, 0.0159, 0.2671, 0.0022,
        0.0005, 0.1280, 0.0008, 0.0057, 0.0089, 0.0000, 0.0016])
[2026-06-26 01:55:21,267][root][INFO] - reg loss: 4.156788607112697, entropy loss: 0.01854792168577675, leaf dev: 0.1392195224761963
[2026-06-26 01:55:21,269][root][INFO] - Val leaf stats: tensor([0.0011, 0.0329, 0.0143, 0.0016, 0.0000, 0.0032, 0.0005, 0.0556, 0.0084,
        0.0014, 0.3000, 0.0351, 0.0041, 0.0022, 0.5063, 0.0332])
[2026-06-26 01:55:22,623][root][INFO] - reg loss: 4.231731375709909, entropy loss: 0.034480112162036974, leaf dev: 0.09256403893232346
[2026-06-26 01:55:22,624][root][INFO] - Val leaf stats: tensor([0.1285, 0.2819, 0.0435, 0.0567, 0.0000, 0.0000, 0.0062, 0.0483, 0.0011,
        0.0019, 0.1445, 0.0122, 0.0027, 0.0100, 0.2576, 0.0049])
[2026-06-26 01:55:23,726][root][INFO] - reg loss: 4.202572830387803, entropy loss: 0.03672634419359145, leaf dev: 0.09789986163377762
[2026-06-26 01:55:23,728][root][INFO] - Val leaf stats: tensor([3.5107e-03, 2.1334e-02, 0.0000e+00, 1.8904e-03, 2.6978e-01, 1.8634e-01,
        5.9411e-03, 2.7005e-04, 1.3503e-03, 8.1015e-04, 8.0745e-02, 1.3773e-02,
        9.9919e-03, 6.2112e-03, 1.2098e-01, 2.7707e-01])
[2026-06-26 01:55:25,950][root][INFO] - Epoch: 6 | train acc: 0.9555, train loss: 0.15965582, valid acc: 0.9508, valid loss: 0.16772272, test acc: 0.9126, test loss: 0.37145332
[2026-06-26 01:55:28,560][root][INFO] - Epoch: 8 | train acc: 0.9658, train loss: 0.47327393, valid acc: 0.9536, valid loss: 0.16104476, test acc: 0.9264, test loss: 0.59977782
[2026-06-26 01:55:28,939][root][INFO] - reg loss: 7.159031522337091, entropy loss: 0.27020605373634865, leaf dev: 0.09236659109592438
[2026-06-26 01:55:28,940][root][INFO] - Val leaf stats: tensor([1.8678e-04, 1.3074e-03, 7.4150e-02, 2.6774e-01, 7.0695e-02, 3.7355e-03,
        9.3388e-05, 3.2779e-02, 2.8016e-04, 2.5495e-02, 1.8650e-01, 2.5915e-01,
        2.2413e-03, 7.6578e-03, 6.7426e-02, 5.6033e-04])
[2026-06-26 01:55:30,528][root][INFO] - Epoch: 9 | train acc: 0.9714, train loss: 1.05277165, valid acc: 0.9586, valid loss: 0.14550692, test acc: 0.9308, test loss: 0.53247920
[2026-06-26 01:55:30,914][root][INFO] - Epoch: 9 | train acc: 0.9657, train loss: 0.27820892, valid acc: 0.9505, valid loss: 0.16378891, test acc: 0.9299, test loss: 0.49230543
[2026-06-26 01:55:31,189][root][INFO] - reg loss: 6.45006659674266, entropy loss: 0.17497571080765395, leaf dev: 0.06935909390449524
[2026-06-26 01:55:31,190][root][INFO] - Val leaf stats: tensor([1.8304e-02, 1.8678e-04, 7.7325e-02, 1.0338e-01, 6.9668e-02, 7.0041e-03,
        4.6694e-04, 3.8009e-02, 8.4049e-04, 6.6959e-02, 6.9014e-02, 1.9285e-01,
        8.4049e-04, 3.3713e-02, 2.3842e-01, 8.3022e-02])
[2026-06-26 01:55:31,257][root][INFO] - Epoch: 20 | train acc: 0.5808, train loss: 1.15900150, valid acc: 0.5398, valid loss: 1.31591856, test acc: 0.5285, test loss: 1.31409661
[2026-06-26 01:55:31,757][root][INFO] - Epoch: 7 | train acc: 0.9588, train loss: 0.80620166, valid acc: 0.9495, valid loss: 0.17277344, test acc: 0.9282, test loss: 0.39173709
[2026-06-26 01:55:33,524][root][INFO] - Epoch: 8 | train acc: 0.9667, train loss: 0.40291388, valid acc: 0.9573, valid loss: 0.15372021, test acc: 0.9254, test loss: 0.44221469
[2026-06-26 01:55:33,633][root][INFO] - reg loss: 5.777982605828179, entropy loss: 0.11859171246252363, leaf dev: 0.10196544975042343
[2026-06-26 01:55:33,634][root][INFO] - Val leaf stats: tensor([0.0390, 0.0283, 0.0028, 0.0030, 0.0838, 0.0017, 0.1094, 0.0538, 0.0016,
        0.0004, 0.0010, 0.0015, 0.0523, 0.3333, 0.2835, 0.0047])
[2026-06-26 01:55:34,021][root][INFO] - reg loss: 6.486126680222768, entropy loss: 0.1547654380716344, leaf dev: 0.11167468875646591
[2026-06-26 01:55:34,022][root][INFO] - Val leaf stats: tensor([2.4094e-02, 1.2140e-03, 3.1565e-02, 4.3425e-01, 7.1349e-02, 1.2140e-03,
        1.8678e-04, 5.9021e-02, 3.7355e-04, 4.3892e-02, 1.4484e-01, 1.6614e-01,
        0.0000e+00, 1.7744e-02, 3.7355e-04, 3.7355e-03])
[2026-06-26 01:55:34,542][root][INFO] - reg loss: 6.266377020134497, entropy loss: 0.16426915852796464, leaf dev: 0.11885170638561249
[2026-06-26 01:55:34,543][root][INFO] - Val leaf stats: tensor([1.3803e-01, 1.2140e-02, 6.1636e-03, 5.9862e-02, 9.1614e-02, 4.8562e-03,
        7.4710e-04, 7.4710e-04, 1.4942e-03, 1.9612e-03, 1.7688e-01, 4.5807e-01,
        1.8678e-04, 1.5876e-03, 4.5013e-02, 6.5372e-04])
[2026-06-26 01:55:35,958][root][INFO] - reg loss: 4.227418102201868, entropy loss: 0.03707043392980685, leaf dev: 0.11158373206853867
[2026-06-26 01:55:35,959][root][INFO] - Val leaf stats: tensor([3.0786e-02, 3.4378e-01, 3.7807e-03, 4.8609e-03, 2.1604e-03, 2.7005e-04,
        0.0000e+00, 4.7529e-02, 4.8609e-03, 0.0000e+00, 3.2163e-01, 7.2914e-03,
        1.4016e-01, 2.4035e-02, 6.3732e-02, 5.1310e-03])
[2026-06-26 01:55:36,387][root][INFO] - reg loss: 7.196575270758735, entropy loss: 0.2861301654545718, leaf dev: 0.0650111511349678
[2026-06-26 01:55:36,388][root][INFO] - Val leaf stats: tensor([0.0711, 0.0435, 0.0405, 0.0012, 0.0007, 0.0705, 0.1526, 0.0141, 0.2272,
        0.0906, 0.0049, 0.0013, 0.0205, 0.0301, 0.0937, 0.1375])
[2026-06-26 01:55:37,878][root][INFO] - Epoch: 9 | train acc: 0.9692, train loss: 0.53977181, valid acc: 0.9477, valid loss: 0.18457692, test acc: 0.9215, test loss: 0.52657320
[2026-06-26 01:55:37,997][root][INFO] - Epoch: 9 | train acc: 0.9648, train loss: 0.20942849, valid acc: 0.9506, valid loss: 0.17242969, test acc: 0.9264, test loss: 0.51712799
[2026-06-26 01:55:40,342][root][INFO] - reg loss: 6.968214907974162, entropy loss: 0.21472350220200875, leaf dev: 0.07798558473587036
[2026-06-26 01:55:40,344][root][INFO] - Val leaf stats: tensor([0.1944, 0.1263, 0.1145, 0.0010, 0.2181, 0.0484, 0.0165, 0.0106, 0.0087,
        0.0154, 0.0010, 0.0100, 0.0517, 0.0000, 0.1830, 0.0004])
[2026-06-26 01:55:40,519][root][INFO] - reg loss: 6.4653023033545765, entropy loss: 0.17183516817118125, leaf dev: 0.09740347415208817
[2026-06-26 01:55:40,520][root][INFO] - Val leaf stats: tensor([0.0045, 0.0011, 0.1352, 0.0462, 0.0689, 0.0048, 0.0000, 0.0083, 0.0020,
        0.0338, 0.2657, 0.3088, 0.0011, 0.0052, 0.1112, 0.0031])
[2026-06-26 01:55:40,754][root][INFO] - Epoch: 20 | train acc: 0.5407, train loss: 1.44853504, valid acc: 0.5228, valid loss: 1.33162666, test acc: 0.5223, test loss: 1.36172505
[2026-06-26 01:55:42,102][root][INFO] - Epoch: 20 | train acc: 0.5628, train loss: 1.26554959, valid acc: 0.5558, valid loss: 1.30810975, test acc: 0.5393, test loss: 1.36345465
[2026-06-26 01:55:42,996][root][INFO] - Epoch: 7 | train acc: 0.9612, train loss: 0.77044698, valid acc: 0.9539, valid loss: 0.16129381, test acc: 0.9246, test loss: 0.54607409
[2026-06-26 01:55:44,107][root][INFO] - Epoch: 9 | train acc: 0.9678, train loss: 0.95450866, valid acc: 0.9609, valid loss: 0.14440836, test acc: 0.9266, test loss: 0.53033138
[2026-06-26 01:55:44,145][root][INFO] - reg loss: 4.212283306434506, entropy loss: 0.021526699488768813, leaf dev: 0.09957550466060638
[2026-06-26 01:55:44,147][root][INFO] - Val leaf stats: tensor([0.0127, 0.0084, 0.0014, 0.0027, 0.0192, 0.1901, 0.0211, 0.0008, 0.0065,
        0.2171, 0.0286, 0.0070, 0.0014, 0.0270, 0.1250, 0.3311])
[2026-06-26 01:55:45,417][root][INFO] - reg loss: 6.08255735780827, entropy loss: 0.1587801338345916, leaf dev: 0.10328168421983719
[2026-06-26 01:55:45,418][root][INFO] - Val leaf stats: tensor([1.4008e-03, 4.0465e-01, 1.2841e-01, 1.2140e-03, 7.2749e-02, 1.3448e-02,
        3.4927e-02, 9.3388e-05, 1.7277e-02, 3.1378e-02, 2.9884e-03, 1.7744e-03,
        5.2111e-02, 0.0000e+00, 7.7886e-02, 1.5969e-01])
[2026-06-26 01:55:45,748][root][INFO] - reg loss: 4.290254475640469, entropy loss: 0.04178940938388715, leaf dev: 0.10116541385650635
[2026-06-26 01:55:45,749][root][INFO] - Val leaf stats: tensor([5.6171e-02, 4.0238e-01, 3.8617e-02, 1.3962e-01, 1.2152e-02, 8.0475e-02,
        1.2098e-01, 8.9117e-03, 1.3503e-03, 8.6416e-03, 3.9157e-02, 8.3446e-02,
        2.7005e-04, 2.7005e-04, 7.5614e-03, 0.0000e+00])
[2026-06-26 01:55:46,551][root][INFO] - Epoch: 20 | train acc: 0.5471, train loss: 1.23466111, valid acc: 0.5350, valid loss: 1.34229902, test acc: 0.5250, test loss: 1.34092516
[2026-06-26 01:55:46,613][root][INFO] - reg loss: 5.878747763457121, entropy loss: 0.10489019617517159, leaf dev: 0.07106003910303116
[2026-06-26 01:55:46,614][root][INFO] - Val leaf stats: tensor([0.1321, 0.0007, 0.0005, 0.1327, 0.0702, 0.0055, 0.0003, 0.0118, 0.0026,
        0.0242, 0.1260, 0.1702, 0.0003, 0.1789, 0.1436, 0.0005])
[2026-06-26 01:55:48,841][root][INFO] - Epoch: 20 | train acc: 0.5624, train loss: 1.24268798, valid acc: 0.5398, valid loss: 1.27805132, test acc: 0.5241, test loss: 1.33629031
[2026-06-26 01:55:48,941][root][INFO] - Epoch: 21 | train acc: 0.5598, train loss: 1.29958021, valid acc: 0.5504, valid loss: 1.35948294, test acc: 0.5297, test loss: 1.37243880
[2026-06-26 01:55:50,260][root][INFO] - Epoch: 20 | train acc: 0.5746, train loss: 1.20534583, valid acc: 0.5598, valid loss: 1.27202962, test acc: 0.5481, test loss: 1.31698716
[2026-06-26 01:55:50,317][root][INFO] - reg loss: 4.214206898798708, entropy loss: 0.04698074633469347, leaf dev: 0.12046823650598526
[2026-06-26 01:55:50,318][root][INFO] - Val leaf stats: tensor([3.7807e-03, 4.9689e-02, 2.7005e-04, 0.0000e+00, 9.7218e-02, 1.2503e-01,
        2.1604e-03, 0.0000e+00, 1.6500e-01, 3.4837e-02, 4.8609e-02, 1.0802e-03,
        5.4010e-04, 5.4010e-04, 2.7005e-04, 4.7097e-01])
[2026-06-26 01:55:50,358][root][INFO] - Epoch: 20 | train acc: 0.5811, train loss: 1.31138760, valid acc: 0.5525, valid loss: 1.30538139, test acc: 0.5444, test loss: 1.33040535
[2026-06-26 01:55:52,276][root][INFO] - reg loss: 4.244680561003138, entropy loss: 0.04243023546992755, leaf dev: 0.10619452595710754
[2026-06-26 01:55:52,277][root][INFO] - Val leaf stats: tensor([1.7715e-01, 1.3503e-02, 2.7005e-04, 1.0019e-01, 2.7005e-04, 3.1866e-02,
        4.3208e-03, 2.7005e-04, 7.0213e-03, 1.0802e-03, 3.2406e-03, 1.8282e-01,
        1.3503e-03, 3.7807e-03, 3.8428e-01, 8.8577e-02])
[2026-06-26 01:55:52,477][root][INFO] - reg loss: 4.1257464455776525, entropy loss: 0.016697758014817706, leaf dev: 0.13552634418010712
[2026-06-26 01:55:52,478][root][INFO] - Val leaf stats: tensor([3.7807e-03, 4.9824e-01, 4.5909e-02, 5.4010e-04, 2.9706e-03, 8.1015e-04,
        1.8634e-02, 2.5871e-01, 8.1015e-04, 1.0802e-03, 1.4151e-01, 5.4010e-04,
        8.9117e-03, 1.5663e-02, 2.7005e-04, 1.6203e-03])
[2026-06-26 01:55:52,507][root][INFO] - Epoch: 20 | train acc: 0.5318, train loss: 1.29553835, valid acc: 0.4999, valid loss: 1.38599251, test acc: 0.4885, test loss: 1.41891854
[2026-06-26 01:55:53,819][root][INFO] - reg loss: 4.2267981513601836, entropy loss: 0.03415323549606761, leaf dev: 0.09248485416173935
[2026-06-26 01:55:53,821][root][INFO] - Val leaf stats: tensor([0.0789, 0.2957, 0.0494, 0.0629, 0.0000, 0.0000, 0.0149, 0.0467, 0.0011,
        0.0019, 0.1985, 0.0108, 0.0032, 0.0100, 0.2206, 0.0054])
[2026-06-26 01:55:54,236][root][INFO] - reg loss: 4.136549144494729, entropy loss: 0.016003350834133196, leaf dev: 0.14116716384887695
[2026-06-26 01:55:54,237][root][INFO] - Val leaf stats: tensor([0.0019, 0.0041, 0.0014, 0.0027, 0.0000, 0.0030, 0.0008, 0.0524, 0.0092,
        0.0005, 0.3170, 0.0554, 0.0032, 0.0024, 0.5031, 0.0429])
[2026-06-26 01:55:56,369][root][INFO] - reg loss: 4.201663181430003, entropy loss: 0.03561583863662892, leaf dev: 0.09910522401332855
[2026-06-26 01:55:56,370][root][INFO] - Val leaf stats: tensor([0.0073, 0.0383, 0.0000, 0.0016, 0.2487, 0.1820, 0.0049, 0.0000, 0.0005,
        0.0011, 0.0600, 0.0135, 0.0035, 0.0019, 0.1342, 0.3025])
[2026-06-26 01:56:00,257][root][INFO] - Epoch: 7 | train acc: 0.9638, train loss: 0.13074332, valid acc: 0.9534, valid loss: 0.15858768, test acc: 0.9218, test loss: 0.38391912
[2026-06-26 01:56:01,675][root][INFO] - Epoch: 9 | train acc: 0.9672, train loss: 0.46395668, valid acc: 0.9558, valid loss: 0.15232255, test acc: 0.9217, test loss: 0.67245298
[2026-06-26 01:56:03,075][root][INFO] - Epoch: 21 | train acc: 0.5875, train loss: 1.13851169, valid acc: 0.5479, valid loss: 1.29281341, test acc: 0.5523, test loss: 1.26955674
[2026-06-26 01:56:03,430][root][INFO] - reg loss: 7.0003549989569125, entropy loss: 0.2634443002087729, leaf dev: 0.09118324518203735
[2026-06-26 01:56:03,439][root][INFO] - Val leaf stats: tensor([1.8678e-04, 1.4942e-03, 7.1068e-02, 2.4328e-01, 7.0601e-02, 4.5760e-03,
        0.0000e+00, 3.2219e-02, 9.3388e-05, 3.0631e-02, 1.8313e-01, 2.7727e-01,
        2.0545e-03, 8.8719e-03, 7.4150e-02, 3.7355e-04])
[2026-06-26 01:56:04,121][root][INFO] - Epoch: 10 | train acc: 0.9723, train loss: 0.97798640, valid acc: 0.9561, valid loss: 0.15707161, test acc: 0.9298, test loss: 0.38914685
[2026-06-26 01:56:04,230][root][INFO] - Epoch: 10 | train acc: 0.9668, train loss: 0.26524075, valid acc: 0.9518, valid loss: 0.17307886, test acc: 0.9264, test loss: 0.52305330
[2026-06-26 01:56:05,011][root][INFO] - reg loss: 6.396561703353963, entropy loss: 0.1733658453301778, leaf dev: 0.06592334061861038
[2026-06-26 01:56:05,012][root][INFO] - Val leaf stats: tensor([1.9051e-02, 1.8678e-04, 8.8532e-02, 9.0493e-02, 6.9574e-02, 7.0041e-03,
        4.6694e-04, 3.9597e-02, 1.2140e-03, 9.5162e-02, 6.6586e-02, 1.6165e-01,
        9.3388e-04, 3.7168e-02, 2.3823e-01, 8.4143e-02])
[2026-06-26 01:56:06,038][root][INFO] - Epoch: 8 | train acc: 0.9638, train loss: 0.77052229, valid acc: 0.9528, valid loss: 0.15981281, test acc: 0.9291, test loss: 0.39007127
[2026-06-26 01:56:06,996][root][INFO] - reg loss: 5.622759304349384, entropy loss: 0.10962001908393133, leaf dev: 0.10040925443172455
[2026-06-26 01:56:06,997][root][INFO] - Val leaf stats: tensor([0.0092, 0.0129, 0.0020, 0.0027, 0.0931, 0.0064, 0.2126, 0.0467, 0.0017,
        0.0006, 0.0010, 0.0015, 0.0481, 0.2797, 0.2772, 0.0047])
[2026-06-26 01:56:07,010][root][INFO] - reg loss: 6.19009602006781, entropy loss: 0.14675562343900167, leaf dev: 0.09663446247577667
[2026-06-26 01:56:07,012][root][INFO] - Val leaf stats: tensor([3.8756e-02, 1.8678e-03, 7.5458e-02, 3.7355e-01, 7.1909e-02, 1.2140e-03,
        2.8016e-04, 7.6952e-02, 3.7355e-04, 4.7068e-02, 1.4372e-01, 1.4671e-01,
        0.0000e+00, 1.8117e-02, 3.7355e-04, 3.6421e-03])
[2026-06-26 01:56:07,260][root][INFO] - reg loss: 4.231780403950175, entropy loss: 0.03688444942235947, leaf dev: 0.10918696224689484
[2026-06-26 01:56:07,261][root][INFO] - Val leaf stats: tensor([2.6465e-02, 3.2433e-01, 3.2406e-03, 5.4010e-03, 1.0802e-03, 4.0508e-03,
        0.0000e+00, 5.3200e-02, 1.3503e-03, 2.7005e-04, 3.2811e-01, 8.3716e-03,
        1.3854e-01, 3.2136e-02, 6.7513e-02, 5.9411e-03])
[2026-06-26 01:56:07,424][root][INFO] - Epoch: 9 | train acc: 0.9712, train loss: 0.38428945, valid acc: 0.9594, valid loss: 0.14287377, test acc: 0.9263, test loss: 0.35655065
[2026-06-26 01:56:08,875][root][INFO] - reg loss: 6.224209714818884, entropy loss: 0.15941084740023134, leaf dev: 0.12086115032434464
[2026-06-26 01:56:08,876][root][INFO] - Val leaf stats: tensor([1.3102e-01, 1.5316e-02, 5.9768e-03, 6.2570e-02, 7.8820e-02, 4.5760e-03,
        6.5372e-04, 2.8016e-04, 1.5876e-03, 3.4554e-03, 1.8295e-01, 4.6769e-01,
        2.8016e-04, 1.6810e-03, 4.2492e-02, 6.5372e-04])
[2026-06-26 01:56:10,224][root][INFO] - Epoch: 10 | train acc: 0.9669, train loss: 0.20126255, valid acc: 0.9553, valid loss: 0.15519798, test acc: 0.9289, test loss: 0.48845713
[2026-06-26 01:56:10,442][root][INFO] - Epoch: 10 | train acc: 0.9635, train loss: 0.52368376, valid acc: 0.9527, valid loss: 0.16071706, test acc: 0.9269, test loss: 0.49353335
[2026-06-26 01:56:10,471][root][INFO] - reg loss: 6.9209428287687755, entropy loss: 0.27937132750869426, leaf dev: 0.06730357557535172
[2026-06-26 01:56:10,482][root][INFO] - Val leaf stats: tensor([0.0772, 0.0512, 0.0443, 0.0012, 0.0006, 0.0513, 0.1543, 0.0112, 0.2391,
        0.0853, 0.0049, 0.0012, 0.0177, 0.0293, 0.0937, 0.1377])
[2026-06-26 01:56:12,458][root][INFO] - reg loss: 6.704759983789353, entropy loss: 0.17087693039386992, leaf dev: 0.0951564610004425
[2026-06-26 01:56:12,459][root][INFO] - Val leaf stats: tensor([0.0017, 0.0011, 0.1495, 0.0696, 0.0703, 0.0047, 0.0000, 0.0101, 0.0019,
        0.0332, 0.2683, 0.2904, 0.0011, 0.0051, 0.0926, 0.0004])
[2026-06-26 01:56:12,698][root][INFO] - Epoch: 21 | train acc: 0.5525, train loss: 1.41510341, valid acc: 0.5296, valid loss: 1.31446527, test acc: 0.5204, test loss: 1.35795845
[2026-06-26 01:56:12,764][root][INFO] - reg loss: 6.2207677780635775, entropy loss: 0.19708046238258403, leaf dev: 0.08076278865337372
[2026-06-26 01:56:12,765][root][INFO] - Val leaf stats: tensor([1.9257e-01, 1.2103e-01, 1.3046e-01, 1.4008e-03, 2.2058e-01, 3.2873e-02,
        1.7744e-03, 6.7239e-03, 1.0179e-02, 2.5962e-02, 7.4710e-04, 1.8397e-02,
        3.9036e-02, 9.3388e-05, 1.9789e-01, 2.8016e-04])
[2026-06-26 01:56:14,822][root][INFO] - Epoch: 21 | train acc: 0.5854, train loss: 1.19669265, valid acc: 0.5566, valid loss: 1.30425194, test acc: 0.5373, test loss: 1.35300239
[2026-06-26 01:56:15,166][root][INFO] - Epoch: 10 | train acc: 0.9713, train loss: 0.89415582, valid acc: 0.9603, valid loss: 0.14398339, test acc: 0.9264, test loss: 0.54026976
[2026-06-26 01:56:16,181][root][INFO] - Epoch: 8 | train acc: 0.9636, train loss: 0.73685419, valid acc: 0.9439, valid loss: 0.18954957, test acc: 0.9232, test loss: 0.61793274
[2026-06-26 01:56:16,222][root][INFO] - reg loss: 4.209250973873451, entropy loss: 0.02103889993101847, leaf dev: 0.10019250214099884
[2026-06-26 01:56:16,223][root][INFO] - Val leaf stats: tensor([0.0132, 0.0157, 0.0008, 0.0027, 0.0135, 0.2055, 0.0232, 0.0008, 0.0000,
        0.2025, 0.0262, 0.0057, 0.0011, 0.0216, 0.1383, 0.3292])
[2026-06-26 01:56:17,518][root][INFO] - reg loss: 5.73881756817853, entropy loss: 0.09862877676884334, leaf dev: 0.07205238938331604
[2026-06-26 01:56:17,518][root][INFO] - Val leaf stats: tensor([0.1244, 0.0007, 0.0011, 0.1460, 0.0702, 0.0054, 0.0005, 0.0115, 0.0025,
        0.0256, 0.1231, 0.2069, 0.0005, 0.1533, 0.1278, 0.0005])
[2026-06-26 01:56:18,281][root][INFO] - reg loss: 4.270655092645864, entropy loss: 0.039142385552652544, leaf dev: 0.08701922744512558
[2026-06-26 01:56:18,282][root][INFO] - Val leaf stats: tensor([1.4124e-01, 3.2298e-01, 1.0154e-01, 1.4394e-01, 4.5909e-03, 3.4567e-02,
        9.8569e-02, 5.6711e-03, 1.0802e-03, 9.7218e-03, 3.5917e-02, 9.1547e-02,
        2.7005e-04, 5.4010e-04, 7.8315e-03, 0.0000e+00])
[2026-06-26 01:56:18,772][root][INFO] - reg loss: 6.168344598598581, entropy loss: 0.1514000833507568, leaf dev: 0.08143274486064911
[2026-06-26 01:56:18,774][root][INFO] - Val leaf stats: tensor([0.0000, 0.2444, 0.1309, 0.0014, 0.0735, 0.0036, 0.0429, 0.0007, 0.0162,
        0.0236, 0.0014, 0.0017, 0.1362, 0.0000, 0.1065, 0.2171])
[2026-06-26 01:56:19,625][root][INFO] - Epoch: 21 | train acc: 0.5779, train loss: 1.16688484, valid acc: 0.5606, valid loss: 1.26907559, test acc: 0.5454, test loss: 1.29022213
[2026-06-26 01:56:21,138][root][INFO] - Epoch: 21 | train acc: 0.5689, train loss: 1.23129518, valid acc: 0.5458, valid loss: 1.26630224, test acc: 0.5272, test loss: 1.33498609
[2026-06-26 01:56:21,186][root][INFO] - Epoch: 22 | train acc: 0.5760, train loss: 1.26336991, valid acc: 0.5590, valid loss: 1.30562700, test acc: 0.5368, test loss: 1.35094921
[2026-06-26 01:56:22,332][root][INFO] - Epoch: 21 | train acc: 0.5944, train loss: 1.14872236, valid acc: 0.5676, valid loss: 1.25862010, test acc: 0.5562, test loss: 1.31437924
[2026-06-26 01:56:22,589][root][INFO] - Epoch: 21 | train acc: 0.5843, train loss: 1.28447858, valid acc: 0.5574, valid loss: 1.30289729, test acc: 0.5542, test loss: 1.30810428
[2026-06-26 01:56:23,784][root][INFO] - reg loss: 4.21834086590126, entropy loss: 0.04661984021057848, leaf dev: 0.11165978014469147
[2026-06-26 01:56:23,785][root][INFO] - Val leaf stats: tensor([3.2406e-03, 5.5631e-02, 1.6203e-03, 2.7005e-04, 8.8307e-02, 1.2638e-01,
        1.8904e-03, 0.0000e+00, 1.1450e-01, 2.2684e-02, 1.5015e-01, 1.8904e-03,
        5.4010e-04, 8.1015e-04, 2.7005e-04, 4.3181e-01])
[2026-06-26 01:56:24,205][root][INFO] - Epoch: 21 | train acc: 0.5377, train loss: 1.26106915, valid acc: 0.5074, valid loss: 1.36433444, test acc: 0.4983, test loss: 1.38278738
[2026-06-26 01:56:24,888][root][INFO] - reg loss: 4.235317527270708, entropy loss: 0.04135636710485474, leaf dev: 0.11052875965833664
[2026-06-26 01:56:24,890][root][INFO] - Val leaf stats: tensor([1.7715e-01, 1.7283e-02, 2.7005e-04, 9.3978e-02, 0.0000e+00, 3.2136e-02,
        4.8609e-03, 2.7005e-04, 8.9117e-03, 1.6203e-03, 5.6711e-03, 2.1442e-01,
        8.1015e-04, 8.1015e-04, 3.9482e-01, 4.6989e-02])
[2026-06-26 01:56:25,040][root][INFO] - reg loss: 4.126330313135366, entropy loss: 0.016510130944432783, leaf dev: 0.12782743573188782
[2026-06-26 01:56:25,041][root][INFO] - Val leaf stats: tensor([2.1604e-03, 4.6017e-01, 5.9141e-02, 8.1015e-04, 3.2406e-03, 5.4010e-04,
        2.4575e-02, 2.6330e-01, 2.7005e-04, 2.7005e-04, 1.4745e-01, 1.0802e-03,
        1.1072e-02, 2.2954e-02, 2.7005e-04, 2.7005e-03])
[2026-06-26 01:56:25,670][root][INFO] - reg loss: 4.132420055201797, entropy loss: 0.01496874999071731, leaf dev: 0.14216621220111847
[2026-06-26 01:56:25,671][root][INFO] - Val leaf stats: tensor([1.8904e-03, 4.3208e-03, 1.6203e-03, 4.0508e-03, 0.0000e+00, 8.1015e-04,
        1.0802e-03, 4.2398e-02, 4.8609e-03, 2.7005e-04, 3.1326e-01, 5.3740e-02,
        2.7005e-03, 1.6203e-03, 5.0932e-01, 5.8061e-02])
[2026-06-26 01:56:25,916][root][INFO] - reg loss: 4.232240692513888, entropy loss: 0.03498300757320201, leaf dev: 0.09147059917449951
[2026-06-26 01:56:25,917][root][INFO] - Val leaf stats: tensor([7.0483e-02, 3.0381e-01, 5.0770e-02, 6.2382e-02, 2.7005e-04, 0.0000e+00,
        2.1604e-02, 5.1310e-02, 1.0802e-03, 1.8904e-03, 1.9795e-01, 9.1817e-03,
        4.3208e-03, 1.7013e-02, 2.0389e-01, 4.0508e-03])
[2026-06-26 01:56:28,136][root][INFO] - reg loss: 4.190299534406818, entropy loss: 0.03534141109615076, leaf dev: 0.09613052755594254
[2026-06-26 01:56:28,137][root][INFO] - Val leaf stats: tensor([0.0103, 0.0473, 0.0000, 0.0022, 0.2436, 0.1685, 0.0068, 0.0000, 0.0008,
        0.0011, 0.0618, 0.0181, 0.0024, 0.0014, 0.1410, 0.2949])
[2026-06-26 01:56:34,030][root][INFO] - Epoch: 22 | train acc: 0.5902, train loss: 1.11039152, valid acc: 0.5577, valid loss: 1.28473794, test acc: 0.5484, test loss: 1.28410187
[2026-06-26 01:56:35,774][root][INFO] - Epoch: 11 | train acc: 0.9651, train loss: 0.27945927, valid acc: 0.9583, valid loss: 0.14528507, test acc: 0.9248, test loss: 0.55535312
[2026-06-26 01:56:36,040][root][INFO] - Epoch: 10 | train acc: 0.9715, train loss: 0.44551198, valid acc: 0.9588, valid loss: 0.14779949, test acc: 0.9191, test loss: 0.70972078
[2026-06-26 01:56:36,721][root][INFO] - Epoch: 8 | train acc: 0.9651, train loss: 0.12649117, valid acc: 0.9339, valid loss: 0.22060071, test acc: 0.9143, test loss: 0.42213989
[2026-06-26 01:56:37,668][root][INFO] - Epoch: 11 | train acc: 0.9712, train loss: 0.90043186, valid acc: 0.9650, valid loss: 0.13934625, test acc: 0.9345, test loss: 0.52551429
[2026-06-26 01:56:38,601][root][INFO] - reg loss: 4.228102684020996, entropy loss: 0.03725420836298192, leaf dev: 0.10603650659322739
[2026-06-26 01:56:38,602][root][INFO] - Val leaf stats: tensor([3.2136e-02, 3.4486e-01, 2.1604e-03, 5.4010e-04, 1.0802e-03, 2.1604e-03,
        0.0000e+00, 5.9681e-02, 1.3503e-03, 2.7005e-04, 2.8355e-01, 1.1342e-02,
        1.3692e-01, 3.1056e-02, 8.5606e-02, 7.2914e-03])
[2026-06-26 01:56:38,740][root][INFO] - reg loss: 6.295693791101849, entropy loss: 0.15406067858612726, leaf dev: 0.09120723605155945
[2026-06-26 01:56:38,741][root][INFO] - Val leaf stats: tensor([0.0646, 0.0101, 0.0583, 0.3489, 0.0717, 0.0012, 0.0000, 0.0781, 0.0004,
        0.0450, 0.1445, 0.1527, 0.0000, 0.0203, 0.0007, 0.0036])
[2026-06-26 01:56:38,982][root][INFO] - reg loss: 6.448523640001892, entropy loss: 0.17105511177784552, leaf dev: 0.05982194095849991
[2026-06-26 01:56:38,983][root][INFO] - Val leaf stats: tensor([2.3160e-02, 1.8678e-04, 9.0493e-02, 9.0493e-02, 6.9854e-02, 6.8173e-03,
        7.4710e-04, 4.1651e-02, 1.3074e-03, 8.1715e-02, 6.3504e-02, 1.7417e-01,
        9.3388e-04, 5.0056e-02, 1.8827e-01, 1.1664e-01])
[2026-06-26 01:56:39,507][root][INFO] - Epoch: 9 | train acc: 0.9626, train loss: 0.74093905, valid acc: 0.9519, valid loss: 0.17417849, test acc: 0.9207, test loss: 0.47345048
[2026-06-26 01:56:39,929][root][INFO] - reg loss: 6.983615630518192, entropy loss: 0.25988851621668174, leaf dev: 0.10527309030294418
[2026-06-26 01:56:39,930][root][INFO] - Val leaf stats: tensor([2.9884e-03, 1.0273e-03, 6.2570e-02, 1.2122e-01, 7.3963e-02, 4.7628e-03,
        0.0000e+00, 2.1946e-02, 4.6694e-04, 2.7363e-02, 1.9313e-01, 3.9886e-01,
        8.4049e-04, 7.0975e-03, 8.3396e-02, 3.7355e-04])
[2026-06-26 01:56:40,441][root][INFO] - reg loss: 5.418569148532928, entropy loss: 0.099783224521806, leaf dev: 0.10188525915145874
[2026-06-26 01:56:40,442][root][INFO] - Val leaf stats: tensor([0.0119, 0.0118, 0.0014, 0.0029, 0.0917, 0.0043, 0.1870, 0.0534, 0.0014,
        0.0006, 0.0008, 0.0015, 0.0487, 0.3033, 0.2780, 0.0013])
[2026-06-26 01:56:41,301][root][INFO] - Epoch: 11 | train acc: 0.9641, train loss: 0.20454935, valid acc: 0.9588, valid loss: 0.15120584, test acc: 0.9320, test loss: 0.49974329
[2026-06-26 01:56:41,770][root][INFO] - Epoch: 10 | train acc: 0.9670, train loss: 0.38029046, valid acc: 0.9595, valid loss: 0.14600757, test acc: 0.9268, test loss: 0.46188898
[2026-06-26 01:56:42,417][root][INFO] - reg loss: 6.1240448497590565, entropy loss: 0.1515828896136511, leaf dev: 0.11547397822141647
[2026-06-26 01:56:42,418][root][INFO] - Val leaf stats: tensor([0.0756, 0.0072, 0.0179, 0.1098, 0.0848, 0.0047, 0.0007, 0.0007, 0.0012,
        0.0035, 0.1782, 0.4486, 0.0005, 0.0017, 0.0642, 0.0007])
[2026-06-26 01:56:43,272][root][INFO] - Epoch: 22 | train acc: 0.5583, train loss: 1.38795090, valid acc: 0.5301, valid loss: 1.29659840, test acc: 0.5361, test loss: 1.32218716
[2026-06-26 01:56:43,931][root][INFO] - reg loss: 6.554526349224111, entropy loss: 0.16207948271875028, leaf dev: 0.0876501053571701
[2026-06-26 01:56:43,932][root][INFO] - Val leaf stats: tensor([1.7744e-03, 1.3074e-03, 1.5708e-01, 1.2458e-01, 7.1068e-02, 4.7628e-03,
        0.0000e+00, 1.2888e-02, 2.0545e-03, 3.2873e-02, 3.0043e-01, 1.2561e-01,
        1.0273e-03, 5.7901e-03, 1.5857e-01, 1.8678e-04])
[2026-06-26 01:56:44,605][root][INFO] - reg loss: 6.526821656201882, entropy loss: 0.26509171787393154, leaf dev: 0.06965719163417816
[2026-06-26 01:56:44,606][root][INFO] - Val leaf stats: tensor([0.0742, 0.0443, 0.0365, 0.0018, 0.0004, 0.0308, 0.0871, 0.0083, 0.2549,
        0.1015, 0.0044, 0.0012, 0.0028, 0.1008, 0.1045, 0.1465])
[2026-06-26 01:56:44,694][root][INFO] - Epoch: 11 | train acc: 0.9695, train loss: 0.49014177, valid acc: 0.9543, valid loss: 0.15366957, test acc: 0.9222, test loss: 0.52141432
[2026-06-26 01:56:47,048][root][INFO] - reg loss: 4.209634562007716, entropy loss: 0.02092379575870076, leaf dev: 0.10017342865467072
[2026-06-26 01:56:47,049][root][INFO] - Val leaf stats: tensor([0.0132, 0.0132, 0.0005, 0.0008, 0.0197, 0.1904, 0.0124, 0.0014, 0.0000,
        0.2139, 0.0286, 0.0068, 0.0011, 0.0359, 0.1280, 0.3341])
[2026-06-26 01:56:47,114][root][INFO] - reg loss: 6.095383790434983, entropy loss: 0.1907934001671574, leaf dev: 0.08235681056976318
[2026-06-26 01:56:47,115][root][INFO] - Val leaf stats: tensor([0.1714, 0.1115, 0.1065, 0.0012, 0.2346, 0.0274, 0.0027, 0.0142, 0.0113,
        0.0248, 0.0007, 0.0126, 0.0544, 0.0000, 0.2264, 0.0003])
[2026-06-26 01:56:47,248][root][INFO] - Epoch: 22 | train acc: 0.5807, train loss: 1.20378409, valid acc: 0.5466, valid loss: 1.33172511, test acc: 0.5339, test loss: 1.37397995
[2026-06-26 01:56:47,770][root][INFO] - Epoch: 11 | train acc: 0.9731, train loss: 0.86341233, valid acc: 0.9618, valid loss: 0.13819730, test acc: 0.9288, test loss: 0.54382637
[2026-06-26 01:56:50,505][root][INFO] - reg loss: 5.647763809829793, entropy loss: 0.09565625316093838, leaf dev: 0.07083289325237274
[2026-06-26 01:56:50,506][root][INFO] - Val leaf stats: tensor([1.2196e-01, 6.5372e-04, 1.0273e-03, 1.4765e-01, 7.0321e-02, 5.4165e-03,
        2.8016e-04, 1.2514e-02, 2.7083e-03, 2.1853e-02, 1.5820e-01, 1.3168e-01,
        9.3388e-05, 1.7333e-01, 1.5185e-01, 4.6694e-04])
[2026-06-26 01:56:50,526][root][INFO] - Epoch: 9 | train acc: 0.9652, train loss: 0.69883029, valid acc: 0.9582, valid loss: 0.14545782, test acc: 0.9329, test loss: 0.64914126
[2026-06-26 01:56:51,274][root][INFO] - reg loss: 4.247317704998079, entropy loss: 0.03776505485665603, leaf dev: 0.1110495775938034
[2026-06-26 01:56:51,276][root][INFO] - Val leaf stats: tensor([1.5231e-01, 4.4450e-01, 6.5352e-02, 6.2382e-02, 3.2406e-03, 4.2398e-02,
        8.5066e-02, 1.0802e-03, 8.1015e-04, 1.0802e-02, 3.1866e-02, 9.1007e-02,
        2.7005e-04, 2.7005e-04, 8.6416e-03, 0.0000e+00])
[2026-06-26 01:56:51,657][root][INFO] - Epoch: 22 | train acc: 0.5779, train loss: 1.19696301, valid acc: 0.5547, valid loss: 1.29121684, test acc: 0.5523, test loss: 1.27720846
[2026-06-26 01:56:53,196][root][INFO] - reg loss: 6.157716180912401, entropy loss: 0.1433299163346568, leaf dev: 0.08436760306358337
[2026-06-26 01:56:53,198][root][INFO] - Val leaf stats: tensor([9.3388e-05, 2.9230e-01, 1.5652e-01, 1.4008e-03, 7.2096e-02, 6.6306e-03,
        3.9690e-02, 7.4710e-04, 1.7277e-02, 2.3160e-02, 2.2413e-03, 1.6810e-03,
        1.1832e-01, 0.0000e+00, 1.0394e-01, 1.6390e-01])
[2026-06-26 01:56:53,781][root][INFO] - Epoch: 22 | train acc: 0.5734, train loss: 1.21720255, valid acc: 0.5568, valid loss: 1.24278352, test acc: 0.5277, test loss: 1.32570606
[2026-06-26 01:56:54,069][root][INFO] - Epoch: 22 | train acc: 0.5930, train loss: 1.25824650, valid acc: 0.5690, valid loss: 1.28719185, test acc: 0.5577, test loss: 1.29890162
[2026-06-26 01:56:54,517][root][INFO] - Epoch: 23 | train acc: 0.5849, train loss: 1.23397758, valid acc: 0.5741, valid loss: 1.30007507, test acc: 0.5395, test loss: 1.34296805
[2026-06-26 01:56:54,801][root][INFO] - Epoch: 22 | train acc: 0.6025, train loss: 1.13137864, valid acc: 0.5763, valid loss: 1.25025752, test acc: 0.5601, test loss: 1.31134304
[2026-06-26 01:56:55,551][root][INFO] - reg loss: 4.228159583982874, entropy loss: 0.04134718426426903, leaf dev: 0.10137266665697098
[2026-06-26 01:56:55,552][root][INFO] - Val leaf stats: tensor([2.7005e-04, 5.7791e-02, 0.0000e+00, 0.0000e+00, 8.8307e-02, 1.2719e-01,
        1.0802e-03, 0.0000e+00, 1.7337e-01, 2.4575e-02, 1.5798e-01, 2.9706e-03,
        0.0000e+00, 8.1015e-04, 0.0000e+00, 3.6565e-01])
[2026-06-26 01:56:55,795][root][INFO] - Epoch: 22 | train acc: 0.5442, train loss: 1.24356392, valid acc: 0.5117, valid loss: 1.38134413, test acc: 0.4980, test loss: 1.39711282
[2026-06-26 01:56:57,381][root][INFO] - reg loss: 4.230627161557557, entropy loss: 0.040746439065112446, leaf dev: 0.10566078871488571
[2026-06-26 01:56:57,383][root][INFO] - Val leaf stats: tensor([1.5771e-01, 1.7283e-02, 5.4010e-04, 1.4367e-01, 2.7005e-04, 3.2136e-02,
        4.5909e-03, 2.7005e-04, 1.2152e-02, 8.1015e-04, 3.5107e-03, 1.9552e-01,
        8.1015e-04, 2.9706e-03, 3.7699e-01, 5.0770e-02])
[2026-06-26 01:56:57,989][root][INFO] - reg loss: 4.126548016657595, entropy loss: 0.014743673294538358, leaf dev: 0.14251062273979187
[2026-06-26 01:56:57,990][root][INFO] - Val leaf stats: tensor([1.8904e-03, 4.8609e-03, 1.6203e-03, 4.0508e-03, 0.0000e+00, 8.1015e-04,
        1.0802e-03, 4.8069e-02, 4.5909e-03, 2.7005e-04, 3.3054e-01, 6.1302e-02,
        2.4305e-03, 1.6203e-03, 5.0041e-01, 3.6457e-02])
[2026-06-26 01:56:58,005][root][INFO] - reg loss: 4.130963325500488, entropy loss: 0.01645536543648751, leaf dev: 0.12530303001403809
[2026-06-26 01:56:58,006][root][INFO] - Val leaf stats: tensor([5.4010e-04, 4.4018e-01, 7.4264e-02, 5.4010e-04, 1.8904e-03, 2.7005e-04,
        2.0254e-02, 2.7599e-01, 5.4010e-04, 5.4010e-04, 1.4664e-01, 8.1015e-04,
        1.2692e-02, 2.1874e-02, 5.4010e-04, 2.4305e-03])
[2026-06-26 01:56:58,503][root][INFO] - reg loss: 4.226041598398178, entropy loss: 0.034384221143898414, leaf dev: 0.0890834778547287
[2026-06-26 01:56:58,505][root][INFO] - Val leaf stats: tensor([0.0656, 0.2898, 0.0724, 0.0672, 0.0000, 0.0000, 0.0205, 0.0456, 0.0016,
        0.0019, 0.1782, 0.0086, 0.0046, 0.0176, 0.2209, 0.0054])
[2026-06-26 01:56:59,220][root][INFO] - reg loss: 4.19729175723967, entropy loss: 0.03541115622539989, leaf dev: 0.09761792421340942
[2026-06-26 01:56:59,221][root][INFO] - Val leaf stats: tensor([2.1874e-02, 5.6711e-02, 0.0000e+00, 8.1015e-04, 2.9949e-01, 1.9498e-01,
        2.4305e-03, 0.0000e+00, 3.2406e-03, 8.1015e-04, 3.8347e-02, 1.5393e-02,
        2.7005e-04, 2.4305e-03, 1.2530e-01, 2.3792e-01])
[2026-06-26 01:57:05,437][root][INFO] - Epoch: 23 | train acc: 0.6006, train loss: 1.09515887, valid acc: 0.5385, valid loss: 1.38908352, test acc: 0.5331, test loss: 1.35573158
[2026-06-26 01:57:09,010][root][INFO] - Epoch: 11 | train acc: 0.9675, train loss: 0.43523647, valid acc: 0.9555, valid loss: 0.15638045, test acc: 0.9209, test loss: 0.45581141
[2026-06-26 01:57:09,795][root][INFO] - reg loss: 4.227874646421339, entropy loss: 0.03740149504337154, leaf dev: 0.11161788552999496
[2026-06-26 01:57:09,796][root][INFO] - Val leaf stats: tensor([0.0313, 0.2954, 0.0022, 0.0005, 0.0000, 0.0000, 0.0000, 0.0497, 0.0024,
        0.0005, 0.3781, 0.0392, 0.0959, 0.0421, 0.0562, 0.0065])
[2026-06-26 01:57:10,494][root][INFO] - Epoch: 12 | train acc: 0.9724, train loss: 0.25293130, valid acc: 0.9574, valid loss: 0.14661034, test acc: 0.9292, test loss: 0.55215690
[2026-06-26 01:57:11,369][root][INFO] - Epoch: 9 | train acc: 0.9611, train loss: 0.13484377, valid acc: 0.9492, valid loss: 0.16813933, test acc: 0.9288, test loss: 0.34393893
[2026-06-26 01:57:11,487][root][INFO] - Epoch: 10 | train acc: 0.9662, train loss: 0.70135388, valid acc: 0.9553, valid loss: 0.15193066, test acc: 0.9276, test loss: 0.47118647
[2026-06-26 01:57:11,661][root][INFO] - Epoch: 12 | train acc: 0.9727, train loss: 0.88441589, valid acc: 0.9603, valid loss: 0.14153431, test acc: 0.9329, test loss: 0.53014488
[2026-06-26 01:57:12,009][root][INFO] - reg loss: 6.242422346084837, entropy loss: 0.16110779904814623, leaf dev: 0.06955011934041977
[2026-06-26 01:57:12,010][root][INFO] - Val leaf stats: tensor([2.3160e-02, 1.8678e-04, 8.3676e-02, 9.9365e-02, 6.9574e-02, 6.9107e-03,
        7.4710e-04, 4.1091e-02, 1.2140e-03, 4.2025e-02, 6.4531e-02, 1.2225e-01,
        1.2140e-03, 9.3295e-02, 2.7531e-01, 7.5458e-02])
[2026-06-26 01:57:13,272][root][INFO] - reg loss: 6.281438895634243, entropy loss: 0.1509551953071009, leaf dev: 0.0839587152004242
[2026-06-26 01:57:13,274][root][INFO] - Val leaf stats: tensor([8.4796e-02, 8.5917e-03, 6.0702e-02, 3.0641e-01, 7.1722e-02, 1.4008e-03,
        9.3388e-05, 7.8539e-02, 3.7355e-04, 4.7908e-02, 1.4475e-01, 1.6829e-01,
        0.0000e+00, 2.2507e-02, 3.7355e-04, 3.5487e-03])
[2026-06-26 01:57:14,162][root][INFO] - Epoch: 12 | train acc: 0.9694, train loss: 0.18720053, valid acc: 0.9580, valid loss: 0.14912532, test acc: 0.9329, test loss: 0.51570477
[2026-06-26 01:57:14,490][root][INFO] - Epoch: 23 | train acc: 0.5664, train loss: 1.38142621, valid acc: 0.5242, valid loss: 1.33534977, test acc: 0.5118, test loss: 1.40053448
[2026-06-26 01:57:14,518][root][INFO] - reg loss: 5.344120540316143, entropy loss: 0.09836654089115283, leaf dev: 0.10536502301692963
[2026-06-26 01:57:14,519][root][INFO] - Val leaf stats: tensor([0.0151, 0.0130, 0.0015, 0.0029, 0.0876, 0.0044, 0.0877, 0.1010, 0.0015,
        0.0006, 0.0008, 0.0015, 0.0512, 0.3472, 0.2826, 0.0015])
[2026-06-26 01:57:14,589][root][INFO] - reg loss: 5.923235259989582, entropy loss: 0.144626820686633, leaf dev: 0.11596834659576416
[2026-06-26 01:57:14,590][root][INFO] - Val leaf stats: tensor([1.0123e-01, 1.5129e-02, 1.2140e-03, 9.2828e-02, 8.4890e-02, 4.6694e-03,
        8.4049e-04, 6.5372e-04, 1.2140e-03, 3.9223e-03, 1.8332e-01, 4.4808e-01,
        3.7355e-04, 1.8678e-03, 5.9208e-02, 5.6033e-04])
[2026-06-26 01:57:14,744][root][INFO] - reg loss: 6.524995682731507, entropy loss: 0.24848123099753466, leaf dev: 0.09646718949079514
[2026-06-26 01:57:14,746][root][INFO] - Val leaf stats: tensor([4.3892e-03, 1.2140e-03, 4.2678e-02, 1.9210e-01, 7.3123e-02, 3.7355e-03,
        9.3388e-05, 3.2686e-02, 5.6033e-04, 4.4640e-02, 1.7632e-01, 3.4404e-01,
        1.6810e-03, 8.8719e-03, 7.3403e-02, 4.6694e-04])
[2026-06-26 01:57:16,782][root][INFO] - reg loss: 6.440074448863035, entropy loss: 0.15772924111002967, leaf dev: 0.09274020045995712
[2026-06-26 01:57:16,783][root][INFO] - Val leaf stats: tensor([0.0018, 0.0015, 0.1463, 0.1175, 0.0735, 0.0048, 0.0000, 0.0156, 0.0021,
        0.0335, 0.3347, 0.1655, 0.0009, 0.0011, 0.1004, 0.0007])
[2026-06-26 01:57:16,973][root][INFO] - Epoch: 11 | train acc: 0.9700, train loss: 0.36364239, valid acc: 0.9599, valid loss: 0.14303331, test acc: 0.9291, test loss: 0.37449644
[2026-06-26 01:57:17,277][root][INFO] - Epoch: 12 | train acc: 0.9627, train loss: 0.47802928, valid acc: 0.9539, valid loss: 0.16291986, test acc: 0.9214, test loss: 0.37844463
[2026-06-26 01:57:18,496][root][INFO] - reg loss: 4.209661053829506, entropy loss: 0.02140724561253532, leaf dev: 0.10070715099573135
[2026-06-26 01:57:18,498][root][INFO] - Val leaf stats: tensor([0.0108, 0.0059, 0.0005, 0.0011, 0.0516, 0.3465, 0.0157, 0.0005, 0.0000,
        0.1923, 0.0189, 0.0068, 0.0032, 0.0451, 0.0924, 0.2087])
[2026-06-26 01:57:18,889][root][INFO] - Epoch: 23 | train acc: 0.5831, train loss: 1.18737948, valid acc: 0.5628, valid loss: 1.29977541, test acc: 0.5525, test loss: 1.32183671
[2026-06-26 01:57:19,372][root][INFO] - reg loss: 6.394446128259891, entropy loss: 0.25937739834583623, leaf dev: 0.0770065188407898
[2026-06-26 01:57:19,373][root][INFO] - Val leaf stats: tensor([7.0508e-02, 3.9130e-02, 3.1285e-02, 2.1479e-03, 1.8678e-04, 3.5487e-02,
        6.5372e-02, 5.1363e-03, 2.9137e-01, 7.7325e-02, 4.1091e-03, 1.2140e-03,
        2.5215e-03, 1.1814e-01, 1.0852e-01, 1.4755e-01])
[2026-06-26 01:57:19,648][root][INFO] - reg loss: 5.902548613371672, entropy loss: 0.17520823995903057, leaf dev: 0.08003688603639603
[2026-06-26 01:57:19,649][root][INFO] - Val leaf stats: tensor([0.1452, 0.0781, 0.0885, 0.0015, 0.2645, 0.0455, 0.0393, 0.0549, 0.0108,
        0.0335, 0.0010, 0.0199, 0.0035, 0.0003, 0.2129, 0.0005])
[2026-06-26 01:57:20,552][root][INFO] - Epoch: 12 | train acc: 0.9731, train loss: 0.84541747, valid acc: 0.9634, valid loss: 0.13519559, test acc: 0.9305, test loss: 0.52878581
[2026-06-26 01:57:22,713][root][INFO] - reg loss: 4.2400559988178195, entropy loss: 0.03746292892782414, leaf dev: 0.0989341139793396
[2026-06-26 01:57:22,714][root][INFO] - Val leaf stats: tensor([1.0721e-01, 3.9103e-01, 6.6973e-02, 1.2503e-01, 4.5909e-03, 4.2398e-02,
        1.0667e-01, 1.6203e-03, 8.1015e-04, 1.2962e-02, 2.7275e-02, 1.0289e-01,
        2.7005e-04, 2.7005e-04, 9.9919e-03, 0.0000e+00])
[2026-06-26 01:57:23,022][root][INFO] - reg loss: 5.579413782351862, entropy loss: 0.09348015601515139, leaf dev: 0.07536186277866364
[2026-06-26 01:57:23,023][root][INFO] - Val leaf stats: tensor([0.1201, 0.0007, 0.0010, 0.1578, 0.0702, 0.0055, 0.0004, 0.0120, 0.0020,
        0.0319, 0.1236, 0.2480, 0.0005, 0.1137, 0.1117, 0.0007])
[2026-06-26 01:57:23,742][root][INFO] - Epoch: 23 | train acc: 0.5949, train loss: 1.12526278, valid acc: 0.5652, valid loss: 1.23717032, test acc: 0.5665, test loss: 1.24130006
[2026-06-26 01:57:25,130][root][INFO] - Epoch: 10 | train acc: 0.9712, train loss: 0.66177419, valid acc: 0.9589, valid loss: 0.13893259, test acc: 0.9337, test loss: 0.69588619
[2026-06-26 01:57:25,132][root][INFO] - Epoch: 23 | train acc: 0.5809, train loss: 1.20171266, valid acc: 0.5555, valid loss: 1.25032795, test acc: 0.5304, test loss: 1.34233683
[2026-06-26 01:57:25,905][root][INFO] - Epoch: 24 | train acc: 0.5897, train loss: 1.21254830, valid acc: 0.5703, valid loss: 1.31854334, test acc: 0.5439, test loss: 1.32414547
[2026-06-26 01:57:26,004][root][INFO] - Epoch: 23 | train acc: 0.5992, train loss: 1.24573187, valid acc: 0.5695, valid loss: 1.27412817, test acc: 0.5592, test loss: 1.29623471
[2026-06-26 01:57:27,442][root][INFO] - reg loss: 4.215566635131836, entropy loss: 0.04117557333141077, leaf dev: 0.10605283081531525
[2026-06-26 01:57:27,443][root][INFO] - Val leaf stats: tensor([0.0000e+00, 5.5090e-02, 2.7005e-04, 0.0000e+00, 1.0100e-01, 1.2476e-01,
        2.7005e-04, 0.0000e+00, 1.4691e-01, 2.2954e-02, 1.4853e-01, 1.6203e-03,
        0.0000e+00, 8.1015e-04, 0.0000e+00, 3.9779e-01])
[2026-06-26 01:57:27,898][root][INFO] - reg loss: 6.063280087930185, entropy loss: 0.13898482461455008, leaf dev: 0.08958439528942108
[2026-06-26 01:57:27,899][root][INFO] - Val leaf stats: tensor([9.3388e-05, 3.3526e-01, 1.4008e-01, 1.4008e-03, 7.2002e-02, 5.1363e-03,
        3.9783e-02, 6.5372e-04, 1.7090e-02, 3.1659e-02, 2.3347e-03, 1.7744e-03,
        1.0058e-01, 1.8678e-04, 1.0478e-01, 1.4718e-01])
[2026-06-26 01:57:27,907][root][INFO] - Epoch: 23 | train acc: 0.5953, train loss: 1.16477172, valid acc: 0.5061, valid loss: 1.42595556, test acc: 0.5010, test loss: 1.46021007
[2026-06-26 01:57:27,918][root][INFO] - Epoch: 23 | train acc: 0.5546, train loss: 1.22578528, valid acc: 0.5204, valid loss: 1.34965868, test acc: 0.5071, test loss: 1.35956164
[2026-06-26 01:57:28,588][root][INFO] - reg loss: 4.236048119967101, entropy loss: 0.04036735328005963, leaf dev: 0.10504008084535599
[2026-06-26 01:57:28,589][root][INFO] - Val leaf stats: tensor([1.1963e-01, 1.1612e-02, 5.4010e-04, 1.3422e-01, 5.4010e-04, 3.2946e-02,
        5.4010e-03, 2.7005e-04, 1.5663e-02, 1.8904e-03, 5.1310e-03, 2.5817e-01,
        1.3503e-03, 9.7218e-03, 3.5350e-01, 4.9419e-02])
[2026-06-26 01:57:29,110][root][INFO] - reg loss: 4.121717374832904, entropy loss: 0.014321671844628013, leaf dev: 0.14038994908332825
[2026-06-26 01:57:29,111][root][INFO] - Val leaf stats: tensor([0.0014, 0.0051, 0.0008, 0.0032, 0.0000, 0.0000, 0.0011, 0.0621, 0.0046,
        0.0011, 0.3570, 0.0578, 0.0032, 0.0019, 0.4718, 0.0289])
[2026-06-26 01:57:29,490][root][INFO] - reg loss: 4.132810350324287, entropy loss: 0.016425005877848533, leaf dev: 0.12118066102266312
[2026-06-26 01:57:29,491][root][INFO] - Val leaf stats: tensor([0.0008, 0.4216, 0.0562, 0.0005, 0.0192, 0.0078, 0.0211, 0.2817, 0.0005,
        0.0011, 0.1442, 0.0008, 0.0184, 0.0238, 0.0005, 0.0019])
[2026-06-26 01:57:32,076][root][INFO] - reg loss: 4.226741853307505, entropy loss: 0.03384196193369686, leaf dev: 0.11077862977981567
[2026-06-26 01:57:32,077][root][INFO] - Val leaf stats: tensor([6.7783e-02, 3.0003e-01, 6.2112e-02, 8.2366e-02, 0.0000e+00, 2.7005e-04,
        1.3503e-03, 1.9714e-02, 3.5107e-03, 1.3503e-03, 4.1048e-02, 4.8609e-03,
        8.6416e-03, 2.2414e-02, 3.7213e-01, 1.2422e-02])
[2026-06-26 01:57:32,160][root][INFO] - reg loss: 4.185914446095952, entropy loss: 0.03581230030929456, leaf dev: 0.09943922609090805
[2026-06-26 01:57:32,162][root][INFO] - Val leaf stats: tensor([1.3233e-02, 5.4280e-02, 0.0000e+00, 5.4010e-04, 3.0300e-01, 1.6986e-01,
        2.1604e-03, 0.0000e+00, 2.9706e-03, 8.1015e-04, 4.2668e-02, 1.8093e-02,
        2.7005e-04, 2.9706e-03, 1.2692e-01, 2.6222e-01])
[2026-06-26 01:57:37,630][root][INFO] - Epoch: 24 | train acc: 0.5808, train loss: 1.16340015, valid acc: 0.5436, valid loss: 1.34137539, test acc: 0.5403, test loss: 1.28815383
[2026-06-26 01:57:42,160][root][INFO] - reg loss: 4.239678523579582, entropy loss: 0.03757139179305952, leaf dev: 0.10527928918600082
[2026-06-26 01:57:42,162][root][INFO] - Val leaf stats: tensor([0.0319, 0.3114, 0.0076, 0.0041, 0.0008, 0.0000, 0.0000, 0.0575, 0.0030,
        0.0000, 0.3238, 0.0095, 0.1250, 0.0513, 0.0640, 0.0103])
[2026-06-26 01:57:42,273][root][INFO] - Epoch: 12 | train acc: 0.9681, train loss: 0.42614230, valid acc: 0.9528, valid loss: 0.16674098, test acc: 0.9107, test loss: 0.53075092
[2026-06-26 01:57:44,376][root][INFO] - Epoch: 13 | train acc: 0.9746, train loss: 0.24362107, valid acc: 0.9586, valid loss: 0.14645604, test acc: 0.9268, test loss: 0.58068702
[2026-06-26 01:57:44,789][root][INFO] - Epoch: 13 | train acc: 0.9738, train loss: 0.85161607, valid acc: 0.9644, valid loss: 0.13025933, test acc: 0.9341, test loss: 0.54003702
[2026-06-26 01:57:44,847][root][INFO] - reg loss: 6.153621724042943, entropy loss: 0.15662692305902956, leaf dev: 0.06451692432165146
[2026-06-26 01:57:44,848][root][INFO] - Val leaf stats: tensor([0.0238, 0.0004, 0.1383, 0.0255, 0.0699, 0.0065, 0.0004, 0.0613, 0.0013,
        0.0508, 0.0657, 0.1829, 0.0009, 0.0532, 0.1896, 0.1295])
[2026-06-26 01:57:45,829][root][INFO] - Epoch: 10 | train acc: 0.9657, train loss: 0.12095026, valid acc: 0.9544, valid loss: 0.15181075, test acc: 0.9289, test loss: 0.46113674
[2026-06-26 01:57:46,282][root][INFO] - Epoch: 11 | train acc: 0.9584, train loss: 0.69241420, valid acc: 0.9498, valid loss: 0.17505175, test acc: 0.9204, test loss: 0.42868117
[2026-06-26 01:57:46,451][root][INFO] - Epoch: 24 | train acc: 0.5559, train loss: 1.41994709, valid acc: 0.5471, valid loss: 1.29153094, test acc: 0.5304, test loss: 1.32334074
[2026-06-26 01:57:47,011][root][INFO] - reg loss: 6.341117195351414, entropy loss: 0.15142055573286833, leaf dev: 0.08822233974933624
[2026-06-26 01:57:47,012][root][INFO] - Val leaf stats: tensor([7.9940e-02, 1.3261e-02, 5.6593e-02, 3.3302e-01, 7.1535e-02, 1.2140e-03,
        9.3388e-05, 7.6391e-02, 3.7355e-04, 3.8943e-02, 1.4466e-01, 1.5699e-01,
        0.0000e+00, 2.2787e-02, 4.6694e-04, 3.7355e-03])
[2026-06-26 01:57:47,470][root][INFO] - Epoch: 13 | train acc: 0.9706, train loss: 0.17832666, valid acc: 0.9555, valid loss: 0.15681201, test acc: 0.9325, test loss: 0.45278720
[2026-06-26 01:57:47,536][root][INFO] - reg loss: 5.279636610121954, entropy loss: 0.09497327696551722, leaf dev: 0.10639303177595139
[2026-06-26 01:57:47,537][root][INFO] - Val leaf stats: tensor([0.0171, 0.0134, 0.0014, 0.0029, 0.0882, 0.0041, 0.0851, 0.0947, 0.0014,
        0.0007, 0.0009, 0.0015, 0.0497, 0.3508, 0.2869, 0.0014])
[2026-06-26 01:57:48,611][root][INFO] - reg loss: 6.479257018477829, entropy loss: 0.24089363430227553, leaf dev: 0.09014969319105148
[2026-06-26 01:57:48,612][root][INFO] - Val leaf stats: tensor([1.1207e-03, 1.2140e-03, 1.0058e-01, 1.5624e-01, 7.2469e-02, 4.2025e-03,
        9.3388e-05, 3.0538e-02, 5.6033e-04, 4.1838e-02, 1.7277e-01, 3.2424e-01,
        1.6810e-03, 9.5256e-03, 8.2742e-02, 1.8678e-04])
[2026-06-26 01:57:48,855][root][INFO] - reg loss: 5.854342874395784, entropy loss: 0.13698519198667436, leaf dev: 0.08893977850675583
[2026-06-26 01:57:48,856][root][INFO] - Val leaf stats: tensor([0.1618, 0.0128, 0.0017, 0.1846, 0.1636, 0.0057, 0.0004, 0.0009, 0.0010,
        0.0024, 0.2426, 0.1836, 0.0010, 0.0005, 0.0363, 0.0009])
[2026-06-26 01:57:49,959][root][INFO] - reg loss: 6.503252359925124, entropy loss: 0.15069505564434818, leaf dev: 0.0990227535367012
[2026-06-26 01:57:49,960][root][INFO] - Val leaf stats: tensor([0.0030, 0.0014, 0.1716, 0.1608, 0.0131, 0.0030, 0.0000, 0.0232, 0.0022,
        0.0375, 0.3392, 0.1832, 0.0009, 0.0008, 0.0594, 0.0007])
[2026-06-26 01:57:50,274][root][INFO] - reg loss: 4.212873951333468, entropy loss: 0.02268577620509218, leaf dev: 0.08888498693704605
[2026-06-26 01:57:50,275][root][INFO] - Val leaf stats: tensor([0.0113, 0.0022, 0.0003, 0.0005, 0.0999, 0.2490, 0.0159, 0.0000, 0.0000,
        0.1961, 0.0227, 0.0084, 0.0041, 0.0654, 0.0824, 0.2420])
[2026-06-26 01:57:50,565][root][INFO] - Epoch: 12 | train acc: 0.9725, train loss: 0.34732786, valid acc: 0.9603, valid loss: 0.14008253, test acc: 0.9317, test loss: 0.38261656
[2026-06-26 01:57:50,697][root][INFO] - Epoch: 24 | train acc: 0.5672, train loss: 1.21090212, valid acc: 0.5439, valid loss: 1.32157470, test acc: 0.5302, test loss: 1.34896857
[2026-06-26 01:57:52,442][root][INFO] - Epoch: 13 | train acc: 0.9675, train loss: 0.46607625, valid acc: 0.9537, valid loss: 0.15986801, test acc: 0.9232, test loss: 0.41181616
[2026-06-26 01:57:52,786][root][INFO] - Epoch: 13 | train acc: 0.9733, train loss: 0.80347107, valid acc: 0.9611, valid loss: 0.13986606, test acc: 0.9233, test loss: 0.63706514
[2026-06-26 01:57:53,028][root][INFO] - reg loss: 6.220260511630427, entropy loss: 0.25017386548733583, leaf dev: 0.07209822535514832
[2026-06-26 01:57:53,029][root][INFO] - Val leaf stats: tensor([0.0823, 0.0449, 0.0351, 0.0015, 0.0006, 0.0526, 0.1209, 0.0063, 0.2688,
        0.0894, 0.0048, 0.0010, 0.0029, 0.0445, 0.1011, 0.1434])
[2026-06-26 01:57:54,539][root][INFO] - reg loss: 4.219931422686968, entropy loss: 0.035727935919507604, leaf dev: 0.11609911173582077
[2026-06-26 01:57:54,540][root][INFO] - Val leaf stats: tensor([3.0786e-02, 4.7016e-01, 6.9403e-02, 1.0748e-01, 6.2112e-03, 5.0770e-02,
        1.0343e-01, 2.4305e-03, 5.4010e-04, 1.2692e-02, 2.5925e-02, 1.0991e-01,
        8.1015e-04, 2.7005e-04, 9.1817e-03, 0.0000e+00])
[2026-06-26 01:57:54,819][root][INFO] - reg loss: 6.0454265503656295, entropy loss: 0.17765838727749214, leaf dev: 0.0753072127699852
[2026-06-26 01:57:54,820][root][INFO] - Val leaf stats: tensor([1.4186e-01, 8.3115e-02, 1.1038e-01, 1.8678e-03, 2.1321e-01, 5.6780e-02,
        4.0811e-02, 4.0344e-02, 1.4569e-02, 4.0437e-02, 7.4710e-04, 2.0078e-02,
        2.5215e-03, 9.3388e-05, 2.3263e-01, 5.6033e-04])
[2026-06-26 01:57:55,137][root][INFO] - Epoch: 24 | train acc: 0.5970, train loss: 1.10999295, valid acc: 0.5201, valid loss: 1.33294791, test acc: 0.5299, test loss: 1.32615133
[2026-06-26 01:57:55,651][root][INFO] - reg loss: 5.600708330749835, entropy loss: 0.08840822964591324, leaf dev: 0.07079113274812698
[2026-06-26 01:57:55,652][root][INFO] - Val leaf stats: tensor([0.1137, 0.0005, 0.0007, 0.1212, 0.0704, 0.0055, 0.0003, 0.0183, 0.0025,
        0.0271, 0.1348, 0.1840, 0.0005, 0.1798, 0.1402, 0.0006])
[2026-06-26 01:57:57,189][root][INFO] - Epoch: 25 | train acc: 0.5963, train loss: 1.19584422, valid acc: 0.5639, valid loss: 1.31373327, test acc: 0.5366, test loss: 1.32113000
[2026-06-26 01:57:57,195][root][INFO] - Epoch: 24 | train acc: 0.5666, train loss: 1.22386826, valid acc: 0.5404, valid loss: 1.27492613, test acc: 0.5231, test loss: 1.33052405
[2026-06-26 01:57:57,662][root][INFO] - Epoch: 24 | train acc: 0.5983, train loss: 1.23667536, valid acc: 0.5639, valid loss: 1.27710646, test acc: 0.5569, test loss: 1.31023790
[2026-06-26 01:57:58,341][root][INFO] - Epoch: 11 | train acc: 0.9730, train loss: 0.63386166, valid acc: 0.9570, valid loss: 0.14429966, test acc: 0.9336, test loss: 0.72415583
[2026-06-26 01:57:58,603][root][INFO] - reg loss: 4.207852934227615, entropy loss: 0.041239081775067285, leaf dev: 0.11493243277072906
[2026-06-26 01:57:58,605][root][INFO] - Val leaf stats: tensor([8.1015e-04, 6.7783e-02, 2.7005e-04, 0.0000e+00, 1.4718e-01, 5.1580e-02,
        2.7005e-04, 0.0000e+00, 6.2382e-02, 1.6743e-02, 2.3170e-01, 3.2406e-03,
        2.7005e-04, 8.1015e-04, 0.0000e+00, 4.1696e-01])
[2026-06-26 01:57:59,822][root][INFO] - Epoch: 24 | train acc: 0.5417, train loss: 1.28786531, valid acc: 0.5280, valid loss: 1.37419891, test acc: 0.5270, test loss: 1.38225710
[2026-06-26 01:58:00,805][root][INFO] - reg loss: 4.25364167573022, entropy loss: 0.040428914557226366, leaf dev: 0.10108969360589981
[2026-06-26 01:58:00,807][root][INFO] - Val leaf stats: tensor([2.6033e-01, 1.5663e-02, 5.4010e-04, 1.3773e-01, 2.4305e-03, 4.0778e-02,
        4.0508e-03, 2.7005e-04, 1.8363e-02, 1.8904e-03, 2.1604e-03, 1.2665e-01,
        1.0802e-03, 1.4043e-02, 3.2946e-01, 4.4558e-02])
[2026-06-26 01:58:00,967][root][INFO] - reg loss: 4.127540463306865, entropy loss: 0.0158856205764364, leaf dev: 0.12462618947029114
[2026-06-26 01:58:00,968][root][INFO] - Val leaf stats: tensor([0.0005, 0.4275, 0.0489, 0.0005, 0.0070, 0.0000, 0.0243, 0.3027, 0.0005,
        0.0011, 0.1280, 0.0008, 0.0203, 0.0354, 0.0005, 0.0019])
[2026-06-26 01:58:01,030][root][INFO] - Epoch: 24 | train acc: 0.5592, train loss: 1.20586304, valid acc: 0.5212, valid loss: 1.33094016, test acc: 0.5123, test loss: 1.37268462
[2026-06-26 01:58:01,146][root][INFO] - reg loss: 5.968969854728255, entropy loss: 0.1341176446546953, leaf dev: 0.09509702771902084
[2026-06-26 01:58:01,147][root][INFO] - Val leaf stats: tensor([1.8678e-04, 3.5562e-01, 1.4550e-01, 1.2140e-03, 7.1722e-02, 4.4826e-03,
        3.1845e-02, 2.8016e-04, 1.8117e-02, 2.4374e-02, 2.3347e-03, 1.7744e-03,
        7.8726e-02, 2.8016e-04, 9.6563e-02, 1.6698e-01])
[2026-06-26 01:58:01,276][root][INFO] - reg loss: 4.117703132942075, entropy loss: 0.014031685323866665, leaf dev: 0.1450486034154892
[2026-06-26 01:58:01,277][root][INFO] - Val leaf stats: tensor([1.3503e-03, 5.4010e-03, 1.3503e-03, 3.7807e-03, 0.0000e+00, 0.0000e+00,
        5.4010e-04, 4.6719e-02, 4.0508e-03, 2.7005e-04, 3.6565e-01, 6.6163e-02,
        3.5107e-03, 1.6203e-03, 4.8744e-01, 1.2152e-02])
[2026-06-26 01:58:03,701][root][INFO] - reg loss: 4.199287187857706, entropy loss: 0.030248388922849638, leaf dev: 0.10095099359750748
[2026-06-26 01:58:03,702][root][INFO] - Val leaf stats: tensor([7.5614e-02, 3.2460e-01, 3.8887e-02, 9.5868e-02, 2.7005e-04, 5.4010e-04,
        0.0000e+00, 9.1817e-03, 6.7513e-03, 0.0000e+00, 8.7497e-02, 9.4518e-03,
        3.0516e-02, 1.9174e-02, 2.9031e-01, 1.1342e-02])
[2026-06-26 01:58:05,084][root][INFO] - reg loss: 4.199928182070373, entropy loss: 0.035332796698222396, leaf dev: 0.0964449942111969
[2026-06-26 01:58:05,085][root][INFO] - Val leaf stats: tensor([2.5385e-02, 6.2652e-02, 2.7005e-04, 5.4010e-04, 3.1434e-01, 1.7067e-01,
        1.3503e-03, 0.0000e+00, 3.2406e-03, 1.3503e-03, 4.3208e-02, 2.2414e-02,
        2.7005e-04, 2.9706e-03, 1.2368e-01, 2.2765e-01])
[2026-06-26 01:58:09,562][root][INFO] - Epoch: 25 | train acc: 0.5829, train loss: 1.14195489, valid acc: 0.5493, valid loss: 1.34941496, test acc: 0.5422, test loss: 1.31677038
[2026-06-26 01:58:14,046][root][INFO] - reg loss: 4.229871921851987, entropy loss: 0.03663848291655056, leaf dev: 0.1080809086561203
[2026-06-26 01:58:14,051][root][INFO] - Val leaf stats: tensor([0.0332, 0.3108, 0.0030, 0.0027, 0.0008, 0.0000, 0.0000, 0.0840, 0.0011,
        0.0008, 0.3357, 0.0167, 0.0494, 0.0194, 0.1304, 0.0119])
[2026-06-26 01:58:14,897][root][INFO] - Epoch: 13 | train acc: 0.9684, train loss: 0.41015996, valid acc: 0.9558, valid loss: 0.15416733, test acc: 0.9206, test loss: 0.52061731
[2026-06-26 01:58:17,073][root][INFO] - Epoch: 14 | train acc: 0.9745, train loss: 0.23761589, valid acc: 0.9584, valid loss: 0.14478369, test acc: 0.9239, test loss: 0.58076461
[2026-06-26 01:58:17,856][root][INFO] - reg loss: 6.033492383502779, entropy loss: 0.14967400340176135, leaf dev: 0.08278221637010574
[2026-06-26 01:58:17,857][root][INFO] - Val leaf stats: tensor([0.0274, 0.0004, 0.1177, 0.0546, 0.0694, 0.0066, 0.0005, 0.0539, 0.0014,
        0.0529, 0.0546, 0.2097, 0.0008, 0.0484, 0.2963, 0.0054])
[2026-06-26 01:58:17,890][root][INFO] - Epoch: 14 | train acc: 0.9767, train loss: 0.81747826, valid acc: 0.9642, valid loss: 0.13241894, test acc: 0.9351, test loss: 0.54320261
[2026-06-26 01:58:18,532][root][INFO] - Epoch: 11 | train acc: 0.9682, train loss: 0.11233048, valid acc: 0.9501, valid loss: 0.17480076, test acc: 0.9253, test loss: 0.44248041
[2026-06-26 01:58:18,534][root][INFO] - Epoch: 12 | train acc: 0.9584, train loss: 0.68310615, valid acc: 0.9523, valid loss: 0.16582327, test acc: 0.9154, test loss: 0.47114150
[2026-06-26 01:58:18,717][root][INFO] - Epoch: 25 | train acc: 0.5728, train loss: 1.34697699, valid acc: 0.5431, valid loss: 1.27198602, test acc: 0.5285, test loss: 1.31807633
[2026-06-26 01:58:20,123][root][INFO] - reg loss: 6.1946298760711835, entropy loss: 0.14744740219974012, leaf dev: 0.08688989281654358
[2026-06-26 01:58:20,125][root][INFO] - Val leaf stats: tensor([0.0689, 0.0131, 0.0564, 0.3131, 0.0713, 0.0017, 0.0000, 0.0632, 0.0004,
        0.0445, 0.1453, 0.1915, 0.0000, 0.0267, 0.0005, 0.0034])
[2026-06-26 01:58:20,203][root][INFO] - reg loss: 5.310769878367267, entropy loss: 0.0918134120958192, leaf dev: 0.100852832198143
[2026-06-26 01:58:20,204][root][INFO] - Val leaf stats: tensor([0.0247, 0.0127, 0.0011, 0.0029, 0.0898, 0.0037, 0.1186, 0.0874, 0.0014,
        0.0007, 0.0008, 0.0015, 0.0499, 0.3137, 0.2891, 0.0019])
[2026-06-26 01:58:20,880][root][INFO] - reg loss: 6.396134901299048, entropy loss: 0.23710189720310232, leaf dev: 0.08501017093658447
[2026-06-26 01:58:20,882][root][INFO] - Val leaf stats: tensor([0.0037, 0.0011, 0.1172, 0.2279, 0.0740, 0.0037, 0.0004, 0.0489, 0.0008,
        0.0227, 0.1734, 0.2496, 0.0018, 0.0082, 0.0661, 0.0004])
[2026-06-26 01:58:20,910][root][INFO] - reg loss: 5.862486264062306, entropy loss: 0.1336632521537246, leaf dev: 0.08679720014333725
[2026-06-26 01:58:20,911][root][INFO] - Val leaf stats: tensor([2.1619e-01, 3.5021e-02, 2.3347e-03, 1.8967e-01, 1.7893e-01, 3.3620e-03,
        1.8678e-04, 4.1091e-03, 1.3074e-03, 3.2686e-03, 2.0041e-01, 1.3672e-01,
        2.0545e-03, 2.8016e-04, 2.5308e-02, 8.4049e-04])
[2026-06-26 01:58:21,426][root][INFO] - Epoch: 25 | train acc: 0.5889, train loss: 1.15898063, valid acc: 0.5614, valid loss: 1.29362877, test acc: 0.5464, test loss: 1.33123879
[2026-06-26 01:58:21,664][root][INFO] - Epoch: 14 | train acc: 0.9726, train loss: 0.17244413, valid acc: 0.9605, valid loss: 0.14153034, test acc: 0.9342, test loss: 0.42337598
[2026-06-26 01:58:22,398][root][INFO] - reg loss: 4.205040454864502, entropy loss: 0.02090661612446191, leaf dev: 0.08841464668512344
[2026-06-26 01:58:22,399][root][INFO] - Val leaf stats: tensor([0.0057, 0.0027, 0.0000, 0.0008, 0.1045, 0.2649, 0.0257, 0.0011, 0.0000,
        0.2131, 0.0230, 0.0086, 0.0068, 0.0386, 0.1075, 0.1971])
[2026-06-26 01:58:23,373][root][INFO] - Epoch: 13 | train acc: 0.9752, train loss: 0.33016136, valid acc: 0.9606, valid loss: 0.14558876, test acc: 0.9287, test loss: 0.52604896
[2026-06-26 01:58:24,227][root][INFO] - Epoch: 14 | train acc: 0.9725, train loss: 0.77378597, valid acc: 0.9455, valid loss: 0.18988324, test acc: 0.9171, test loss: 0.51549743
[2026-06-26 01:58:24,281][root][INFO] - reg loss: 6.603643061622741, entropy loss: 0.15110511123818696, leaf dev: 0.0951763167977333
[2026-06-26 01:58:24,282][root][INFO] - Val leaf stats: tensor([0.0029, 0.0012, 0.1472, 0.1717, 0.0162, 0.0035, 0.0000, 0.0201, 0.0022,
        0.0396, 0.2750, 0.2558, 0.0007, 0.0009, 0.0624, 0.0007])
[2026-06-26 01:58:25,148][root][INFO] - reg loss: 4.243426784140165, entropy loss: 0.035952839511828344, leaf dev: 0.11430269479751587
[2026-06-26 01:58:25,149][root][INFO] - Val leaf stats: tensor([4.4829e-02, 4.6503e-01, 6.0491e-02, 9.9379e-02, 7.2914e-03, 4.7259e-02,
        9.8839e-02, 2.7005e-03, 5.4010e-04, 1.5393e-02, 3.2406e-02, 1.1504e-01,
        8.1015e-04, 2.7005e-04, 9.7218e-03, 0.0000e+00])
[2026-06-26 01:58:26,169][root][INFO] - reg loss: 6.217626760876368, entropy loss: 0.24076783010568567, leaf dev: 0.06882310658693314
[2026-06-26 01:58:26,170][root][INFO] - Val leaf stats: tensor([0.0669, 0.0395, 0.0350, 0.0016, 0.0007, 0.0599, 0.1181, 0.0232, 0.2567,
        0.0773, 0.0046, 0.0010, 0.0034, 0.0581, 0.1089, 0.1451])
[2026-06-26 01:58:26,834][root][INFO] - reg loss: 5.4289625460508635, entropy loss: 0.0844609283659824, leaf dev: 0.09378363937139511
[2026-06-26 01:58:26,835][root][INFO] - Val leaf stats: tensor([1.4288e-01, 1.8678e-04, 1.0273e-03, 2.2254e-01, 6.9854e-02, 5.3231e-03,
        1.8678e-04, 7.6578e-03, 2.5215e-03, 3.9877e-02, 1.5120e-01, 3.0463e-01,
        8.4049e-04, 4.7441e-02, 3.5487e-03, 2.8016e-04])
[2026-06-26 01:58:27,165][root][INFO] - Epoch: 25 | train acc: 0.5834, train loss: 1.14751436, valid acc: 0.5528, valid loss: 1.26338232, test acc: 0.5587, test loss: 1.24758243
[2026-06-26 01:58:27,676][root][INFO] - Epoch: 14 | train acc: 0.9735, train loss: 0.43710323, valid acc: 0.9578, valid loss: 0.15208171, test acc: 0.9256, test loss: 0.38613216
[2026-06-26 01:58:29,080][root][INFO] - Epoch: 25 | train acc: 0.6054, train loss: 1.22252312, valid acc: 0.5674, valid loss: 1.31100840, test acc: 0.5653, test loss: 1.28126693
[2026-06-26 01:58:29,914][root][INFO] - Epoch: 25 | train acc: 0.5762, train loss: 1.19676199, valid acc: 0.5517, valid loss: 1.25627059, test acc: 0.5363, test loss: 1.30133824
[2026-06-26 01:58:29,994][root][INFO] - Epoch: 26 | train acc: 0.5954, train loss: 1.20500379, valid acc: 0.5698, valid loss: 1.27008596, test acc: 0.5412, test loss: 1.30846231
[2026-06-26 01:58:30,381][root][INFO] - Epoch: 25 | train acc: 0.5809, train loss: 1.17774897, valid acc: 0.5533, valid loss: 1.32458609, test acc: 0.5454, test loss: 1.32801916
[2026-06-26 01:58:30,463][root][INFO] - reg loss: 5.949082089479639, entropy loss: 0.17172178105702476, leaf dev: 0.07831592857837677
[2026-06-26 01:58:30,464][root][INFO] - Val leaf stats: tensor([0.0983, 0.0853, 0.1423, 0.0017, 0.2284, 0.0394, 0.0449, 0.0406, 0.0149,
        0.0318, 0.0007, 0.0261, 0.0041, 0.0000, 0.2408, 0.0005])
[2026-06-26 01:58:30,948][root][INFO] - reg loss: 4.195547033528813, entropy loss: 0.0396306676576372, leaf dev: 0.10897771269083023
[2026-06-26 01:58:30,949][root][INFO] - Val leaf stats: tensor([2.7005e-04, 6.8323e-02, 0.0000e+00, 2.7005e-04, 1.1072e-01, 9.1007e-02,
        5.4010e-04, 0.0000e+00, 6.7783e-02, 5.1580e-02, 1.9120e-01, 3.2406e-03,
        5.4010e-04, 2.7005e-04, 0.0000e+00, 4.1426e-01])
[2026-06-26 01:58:32,442][root][INFO] - Epoch: 12 | train acc: 0.9737, train loss: 0.59132214, valid acc: 0.9593, valid loss: 0.13638971, test acc: 0.9323, test loss: 0.80056821
[2026-06-26 01:58:32,573][root][INFO] - reg loss: 4.115460864833144, entropy loss: 0.01364445771838798, leaf dev: 0.14271919429302216
[2026-06-26 01:58:32,575][root][INFO] - Val leaf stats: tensor([0.0016, 0.0059, 0.0014, 0.0032, 0.0000, 0.0000, 0.0000, 0.0608, 0.0041,
        0.0005, 0.3627, 0.0637, 0.0027, 0.0016, 0.4780, 0.0138])
[2026-06-26 01:58:33,553][root][INFO] - reg loss: 4.219939224055556, entropy loss: 0.037563201345381186, leaf dev: 0.10967293381690979
[2026-06-26 01:58:33,554][root][INFO] - Val leaf stats: tensor([2.7572e-01, 1.7553e-02, 8.1015e-04, 6.1572e-02, 8.1015e-04, 3.9968e-02,
        4.3208e-03, 2.7005e-04, 1.4853e-02, 5.4010e-04, 2.4305e-03, 1.1990e-01,
        8.1015e-04, 1.7823e-02, 3.7672e-01, 6.5893e-02])
[2026-06-26 01:58:33,738][root][INFO] - Epoch: 25 | train acc: 0.5660, train loss: 1.18177059, valid acc: 0.5304, valid loss: 1.31320857, test acc: 0.5201, test loss: 1.36586516
[2026-06-26 01:58:34,145][root][INFO] - reg loss: 4.131966372005275, entropy loss: 0.01631819009475532, leaf dev: 0.1219608262181282
[2026-06-26 01:58:34,146][root][INFO] - Val leaf stats: tensor([8.1015e-04, 4.3721e-01, 4.3208e-02, 2.4305e-03, 6.4812e-03, 0.0000e+00,
        5.3470e-02, 2.6843e-01, 8.1015e-04, 2.7005e-04, 1.2638e-01, 8.1015e-04,
        1.9174e-02, 3.5647e-02, 5.4010e-04, 4.3208e-03])
[2026-06-26 01:58:34,331][root][INFO] - reg loss: 4.200450006078501, entropy loss: 0.030215665759121785, leaf dev: 0.09968315064907074
[2026-06-26 01:58:34,332][root][INFO] - Val leaf stats: tensor([8.5066e-02, 3.3270e-01, 4.2668e-02, 8.7227e-02, 2.7005e-04, 8.1015e-04,
        0.0000e+00, 1.2152e-02, 6.4812e-03, 0.0000e+00, 1.0424e-01, 1.3773e-02,
        2.6195e-02, 8.1015e-03, 2.6843e-01, 1.1882e-02])
[2026-06-26 01:58:35,080][root][INFO] - reg loss: 5.764423824491955, entropy loss: 0.12421224092837994, leaf dev: 0.09577340632677078
[2026-06-26 01:58:35,081][root][INFO] - Val leaf stats: tensor([9.3388e-05, 3.5889e-01, 1.4214e-01, 1.4008e-03, 7.2096e-02, 7.3777e-03,
        4.0064e-02, 4.6694e-04, 1.6343e-02, 1.6250e-02, 2.2413e-03, 1.8678e-03,
        8.1808e-02, 2.8016e-04, 8.7318e-02, 1.7137e-01])
[2026-06-26 01:58:38,093][root][INFO] - reg loss: 4.19532500720415, entropy loss: 0.0359157884462935, leaf dev: 0.09763326495885849
[2026-06-26 01:58:38,094][root][INFO] - Val leaf stats: tensor([1.8904e-02, 6.6973e-02, 2.7005e-04, 1.3503e-03, 3.1596e-01, 1.6797e-01,
        2.9706e-03, 0.0000e+00, 2.9706e-03, 8.1015e-04, 2.9976e-02, 2.5925e-02,
        2.7005e-04, 2.1604e-03, 1.3206e-01, 2.3143e-01])
[2026-06-26 01:58:42,137][root][INFO] - Epoch: 26 | train acc: 0.5468, train loss: 1.24405034, valid acc: 0.4542, valid loss: 1.57276525, test acc: 0.4546, test loss: 1.55262202
[2026-06-26 01:58:46,804][root][INFO] - reg loss: 4.2072413006766896, entropy loss: 0.035760054914433445, leaf dev: 0.1420580893754959
[2026-06-26 01:58:46,805][root][INFO] - Val leaf stats: tensor([1.3773e-02, 1.8120e-01, 2.1604e-03, 2.7005e-03, 1.0802e-03, 0.0000e+00,
        0.0000e+00, 3.4837e-02, 1.4583e-02, 5.4010e-04, 5.5009e-01, 1.6689e-01,
        1.1882e-02, 6.4812e-03, 4.8609e-03, 8.9117e-03])
[2026-06-26 01:58:48,393][root][INFO] - Epoch: 14 | train acc: 0.9731, train loss: 0.38758775, valid acc: 0.9600, valid loss: 0.14657772, test acc: 0.9202, test loss: 0.55136132
[2026-06-26 01:58:49,745][root][INFO] - Epoch: 15 | train acc: 0.9768, train loss: 0.77171831, valid acc: 0.9625, valid loss: 0.13657156, test acc: 0.9326, test loss: 0.58696826
[2026-06-26 01:58:50,003][root][INFO] - Epoch: 13 | train acc: 0.9611, train loss: 0.62210361, valid acc: 0.9468, valid loss: 0.17972694, test acc: 0.9217, test loss: 0.47795348
[2026-06-26 01:58:50,077][root][INFO] - Epoch: 15 | train acc: 0.9765, train loss: 0.23024786, valid acc: 0.9599, valid loss: 0.14030940, test acc: 0.9260, test loss: 0.54959565
[2026-06-26 01:58:50,732][root][INFO] - Epoch: 26 | train acc: 0.5711, train loss: 1.36164563, valid acc: 0.5474, valid loss: 1.28727372, test acc: 0.5255, test loss: 1.32291172
[2026-06-26 01:58:51,134][root][INFO] - reg loss: 5.964104687726056, entropy loss: 0.14596469014409988, leaf dev: 0.0809505507349968
[2026-06-26 01:58:51,135][root][INFO] - Val leaf stats: tensor([0.0249, 0.0005, 0.1087, 0.0598, 0.0702, 0.0066, 0.0004, 0.0539, 0.0014,
        0.0573, 0.0551, 0.1960, 0.0008, 0.0603, 0.2974, 0.0065])
[2026-06-26 01:58:52,175][root][INFO] - reg loss: 5.24027890755386, entropy loss: 0.08616315857285545, leaf dev: 0.1058124452829361
[2026-06-26 01:58:52,177][root][INFO] - Val leaf stats: tensor([0.0095, 0.0075, 0.0018, 0.0027, 0.0918, 0.0068, 0.1119, 0.0822, 0.0012,
        0.0007, 0.0013, 0.0014, 0.0497, 0.3461, 0.2833, 0.0021])
[2026-06-26 01:58:52,285][root][INFO] - Epoch: 12 | train acc: 0.9673, train loss: 0.11506030, valid acc: 0.9512, valid loss: 0.17218529, test acc: 0.9244, test loss: 0.42415276
[2026-06-26 01:58:52,530][root][INFO] - reg loss: 6.225343860646404, entropy loss: 0.14669157872124325, leaf dev: 0.08671008050441742
[2026-06-26 01:58:52,531][root][INFO] - Val leaf stats: tensor([0.0676, 0.0099, 0.0495, 0.3144, 0.0711, 0.0018, 0.0000, 0.0718, 0.0004,
        0.0481, 0.1443, 0.1871, 0.0000, 0.0302, 0.0005, 0.0034])
[2026-06-26 01:58:52,663][root][INFO] - reg loss: 5.603163711608402, entropy loss: 0.12121088254861731, leaf dev: 0.09387608617544174
[2026-06-26 01:58:52,665][root][INFO] - Val leaf stats: tensor([3.0080e-01, 4.1371e-02, 9.3388e-04, 1.4643e-01, 9.0960e-02, 3.2686e-03,
        0.0000e+00, 2.7083e-03, 1.3074e-03, 3.4554e-03, 2.0928e-01, 1.6773e-01,
        2.2413e-03, 2.8016e-04, 2.8483e-02, 7.4710e-04])
[2026-06-26 01:58:52,746][root][INFO] - Epoch: 26 | train acc: 0.5955, train loss: 1.14696955, valid acc: 0.5668, valid loss: 1.30682800, test acc: 0.5378, test loss: 1.32609513
[2026-06-26 01:58:54,721][root][INFO] - reg loss: 4.217055688138868, entropy loss: 0.02018670978971192, leaf dev: 0.09209068864583969
[2026-06-26 01:58:54,722][root][INFO] - Val leaf stats: tensor([0.0035, 0.0011, 0.0000, 0.0008, 0.1113, 0.3003, 0.0500, 0.0005, 0.0000,
        0.2193, 0.0205, 0.0065, 0.0057, 0.0297, 0.0824, 0.1685])
[2026-06-26 01:58:54,772][root][INFO] - reg loss: 6.2244722098900525, entropy loss: 0.2318123504125252, leaf dev: 0.08319941908121109
[2026-06-26 01:58:54,773][root][INFO] - Val leaf stats: tensor([0.0035, 0.0014, 0.2101, 0.1150, 0.0737, 0.0037, 0.0000, 0.0408, 0.0008,
        0.0317, 0.2397, 0.1953, 0.0021, 0.0101, 0.0716, 0.0005])
[2026-06-26 01:58:55,146][root][INFO] - Epoch: 15 | train acc: 0.9740, train loss: 0.16293797, valid acc: 0.9589, valid loss: 0.14276198, test acc: 0.9306, test loss: 0.46364724
[2026-06-26 01:58:56,636][root][INFO] - reg loss: 4.255632580303755, entropy loss: 0.0357209961311739, leaf dev: 0.11416956782341003
[2026-06-26 01:58:56,637][root][INFO] - Val leaf stats: tensor([0.0524, 0.4607, 0.0783, 0.0907, 0.0076, 0.0481, 0.1134, 0.0030, 0.0000,
        0.0122, 0.0076, 0.1145, 0.0008, 0.0008, 0.0100, 0.0000])
[2026-06-26 01:58:57,177][root][INFO] - Epoch: 14 | train acc: 0.9732, train loss: 0.32092358, valid acc: 0.9589, valid loss: 0.15297142, test acc: 0.9264, test loss: 0.51041287
[2026-06-26 01:58:57,241][root][INFO] - reg loss: 6.372062410627093, entropy loss: 0.14469528742252835, leaf dev: 0.09445822983980179
[2026-06-26 01:58:57,242][root][INFO] - Val leaf stats: tensor([0.0021, 0.0013, 0.1419, 0.1603, 0.0228, 0.0035, 0.0000, 0.0202, 0.0019,
        0.0356, 0.2480, 0.2846, 0.0009, 0.0004, 0.0763, 0.0004])
[2026-06-26 01:58:58,311][root][INFO] - Epoch: 15 | train acc: 0.9618, train loss: 0.71734395, valid acc: 0.9535, valid loss: 0.15601256, test acc: 0.9203, test loss: 0.47724421
[2026-06-26 01:58:59,442][root][INFO] - Epoch: 26 | train acc: 0.6094, train loss: 1.07810215, valid acc: 0.5703, valid loss: 1.23461857, test acc: 0.5739, test loss: 1.22527121
[2026-06-26 01:59:00,058][root][INFO] - reg loss: 5.996989608441711, entropy loss: 0.2265125834752643, leaf dev: 0.07607680559158325
[2026-06-26 01:59:00,059][root][INFO] - Val leaf stats: tensor([0.0711, 0.0410, 0.0372, 0.0017, 0.0000, 0.0523, 0.1213, 0.0093, 0.2895,
        0.0826, 0.0049, 0.0009, 0.0035, 0.0378, 0.1002, 0.1467])
[2026-06-26 01:59:00,160][root][INFO] - Epoch: 26 | train acc: 0.6090, train loss: 1.20919481, valid acc: 0.5820, valid loss: 1.27417187, test acc: 0.5655, test loss: 1.28067436
[2026-06-26 01:59:00,873][root][INFO] - reg loss: 5.104769350990416, entropy loss: 0.07312514159887556, leaf dev: 0.109242282807827
[2026-06-26 01:59:00,874][root][INFO] - Val leaf stats: tensor([1.2860e-01, 2.8016e-04, 7.3777e-03, 1.6259e-01, 7.0788e-02, 5.9768e-03,
        1.8678e-04, 1.4569e-02, 1.9612e-03, 3.9410e-02, 6.8360e-02, 4.2697e-01,
        6.5372e-04, 6.8360e-02, 3.9223e-03, 0.0000e+00])
[2026-06-26 01:59:01,176][root][INFO] - Epoch: 26 | train acc: 0.5897, train loss: 1.17219041, valid acc: 0.5725, valid loss: 1.19341761, test acc: 0.5501, test loss: 1.28804160
[2026-06-26 01:59:01,408][root][INFO] - Epoch: 15 | train acc: 0.9743, train loss: 0.40985514, valid acc: 0.9595, valid loss: 0.14513183, test acc: 0.9230, test loss: 0.40227540
[2026-06-26 01:59:01,830][root][INFO] - Epoch: 27 | train acc: 0.5988, train loss: 1.18965874, valid acc: 0.5571, valid loss: 1.29575350, test acc: 0.5425, test loss: 1.32444662
[2026-06-26 01:59:02,476][root][INFO] - Epoch: 26 | train acc: 0.5988, train loss: 1.14172411, valid acc: 0.5550, valid loss: 1.32447356, test acc: 0.5449, test loss: 1.31760603
[2026-06-26 01:59:03,384][root][INFO] - reg loss: 4.198095118413206, entropy loss: 0.03934732311573185, leaf dev: 0.11020904034376144
[2026-06-26 01:59:03,385][root][INFO] - Val leaf stats: tensor([2.7005e-04, 6.8593e-02, 2.7005e-04, 2.7005e-04, 9.5328e-02, 1.0478e-01,
        2.7005e-04, 0.0000e+00, 1.1018e-01, 1.5123e-02, 1.8228e-01, 4.0508e-03,
        5.4010e-04, 5.4010e-04, 0.0000e+00, 4.1750e-01])
[2026-06-26 01:59:03,638][root][INFO] - reg loss: 5.802318842953475, entropy loss: 0.15976609376372483, leaf dev: 0.07543811202049255
[2026-06-26 01:59:03,639][root][INFO] - Val leaf stats: tensor([1.5755e-01, 9.6563e-02, 1.1057e-01, 1.2140e-03, 2.1545e-01, 4.7161e-02,
        6.4344e-02, 4.5013e-02, 8.8719e-03, 2.0078e-02, 9.3388e-04, 8.3115e-03,
        8.6851e-03, 9.3388e-05, 2.1461e-01, 5.6033e-04])
[2026-06-26 01:59:03,684][root][INFO] - reg loss: 4.110005753939269, entropy loss: 0.013461366540095845, leaf dev: 0.14114949107170105
[2026-06-26 01:59:03,685][root][INFO] - Val leaf stats: tensor([0.0014, 0.0054, 0.0011, 0.0024, 0.0000, 0.0000, 0.0000, 0.0564, 0.0030,
        0.0008, 0.3751, 0.0716, 0.0035, 0.0024, 0.4604, 0.0165])
[2026-06-26 01:59:04,652][root][INFO] - reg loss: 4.199454925099357, entropy loss: 0.03542281739169457, leaf dev: 0.10243166238069534
[2026-06-26 01:59:04,654][root][INFO] - Val leaf stats: tensor([2.3738e-01, 2.1334e-02, 8.1015e-04, 6.2652e-02, 2.7005e-04, 3.7807e-02,
        6.4812e-03, 2.7005e-04, 2.2144e-02, 2.4305e-03, 6.2112e-03, 2.2549e-01,
        5.4010e-04, 1.2152e-02, 3.2325e-01, 4.0778e-02])
[2026-06-26 01:59:05,953][root][INFO] - Epoch: 26 | train acc: 0.5738, train loss: 1.16864861, valid acc: 0.5363, valid loss: 1.34017947, test acc: 0.5228, test loss: 1.32303196
[2026-06-26 01:59:05,957][root][INFO] - reg loss: 4.1302315368026985, entropy loss: 0.01570872025045215, leaf dev: 0.12991181015968323
[2026-06-26 01:59:05,958][root][INFO] - Val leaf stats: tensor([3.2406e-03, 4.4018e-01, 3.1056e-02, 1.3503e-03, 6.2112e-03, 0.0000e+00,
        3.2406e-02, 3.2784e-01, 8.1015e-04, 5.4010e-04, 1.0613e-01, 2.7005e-04,
        1.5663e-02, 2.8625e-02, 1.6203e-03, 4.0508e-03])
[2026-06-26 01:59:05,977][root][INFO] - reg loss: 4.195261556594098, entropy loss: 0.029951349328287313, leaf dev: 0.11441628634929657
[2026-06-26 01:59:05,979][root][INFO] - Val leaf stats: tensor([2.3224e-02, 4.1993e-01, 3.9698e-02, 7.8045e-02, 5.4010e-04, 5.4010e-04,
        2.7005e-04, 1.9444e-02, 4.5909e-03, 2.7005e-04, 1.2368e-01, 1.7013e-02,
        1.7823e-02, 4.3208e-03, 2.4062e-01, 9.9919e-03])
[2026-06-26 01:59:07,705][root][INFO] - Epoch: 13 | train acc: 0.9697, train loss: 0.58631052, valid acc: 0.9499, valid loss: 0.16684173, test acc: 0.9203, test loss: 0.81233766
[2026-06-26 01:59:10,631][root][INFO] - reg loss: 5.749585401444208, entropy loss: 0.11958257751490073, leaf dev: 0.08239356428384781
[2026-06-26 01:59:10,632][root][INFO] - Val leaf stats: tensor([0.0000, 0.2045, 0.1309, 0.0022, 0.0746, 0.0080, 0.0345, 0.0003, 0.0163,
        0.0172, 0.0007, 0.0018, 0.1000, 0.0005, 0.1566, 0.2519])
[2026-06-26 01:59:10,888][root][INFO] - reg loss: 4.1950481836913065, entropy loss: 0.03726990691951064, leaf dev: 0.09536199271678925
[2026-06-26 01:59:10,890][root][INFO] - Val leaf stats: tensor([1.8634e-02, 6.7783e-02, 2.7005e-04, 2.4305e-03, 2.9517e-01, 1.4988e-01,
        3.5107e-03, 0.0000e+00, 1.3503e-03, 1.3503e-03, 3.6727e-02, 3.2406e-02,
        8.1015e-04, 1.3503e-03, 1.3692e-01, 2.5142e-01])
[2026-06-26 01:59:14,671][root][INFO] - Epoch: 27 | train acc: 0.4851, train loss: 1.40261358, valid acc: 0.4799, valid loss: 1.51683210, test acc: 0.4782, test loss: 1.47493383
[2026-06-26 01:59:19,365][root][INFO] - reg loss: 4.204490958667193, entropy loss: 0.03252433701494678, leaf dev: 0.12570911645889282
[2026-06-26 01:59:19,366][root][INFO] - Val leaf stats: tensor([1.8363e-02, 2.4845e-01, 2.4305e-03, 2.1604e-03, 1.0802e-03, 2.7005e-04,
        0.0000e+00, 4.6989e-02, 8.1015e-03, 2.7005e-04, 4.4342e-01, 1.9552e-01,
        1.5393e-02, 6.7513e-03, 5.6711e-03, 5.1310e-03])
[2026-06-26 01:59:22,030][root][INFO] - Epoch: 14 | train acc: 0.9661, train loss: 0.57984575, valid acc: 0.9546, valid loss: 0.15836541, test acc: 0.9235, test loss: 0.54552179
[2026-06-26 01:59:22,822][root][INFO] - Epoch: 15 | train acc: 0.9739, train loss: 0.37650246, valid acc: 0.9596, valid loss: 0.14427365, test acc: 0.9174, test loss: 0.60714571
[2026-06-26 01:59:22,828][root][INFO] - Epoch: 16 | train acc: 0.9780, train loss: 0.74809784, valid acc: 0.9640, valid loss: 0.13104294, test acc: 0.9344, test loss: 0.56228562
[2026-06-26 01:59:22,844][root][INFO] - Epoch: 27 | train acc: 0.5803, train loss: 1.33055476, valid acc: 0.5447, valid loss: 1.30353826, test acc: 0.5324, test loss: 1.32507046
[2026-06-26 01:59:23,497][root][INFO] - Epoch: 16 | train acc: 0.9781, train loss: 0.22195871, valid acc: 0.9622, valid loss: 0.13778630, test acc: 0.9292, test loss: 0.54216144
[2026-06-26 01:59:23,817][root][INFO] - Epoch: 27 | train acc: 0.5990, train loss: 1.15454295, valid acc: 0.5544, valid loss: 1.34167559, test acc: 0.5341, test loss: 1.38346576
[2026-06-26 01:59:24,720][root][INFO] - reg loss: 5.556781027052137, entropy loss: 0.11556228368528305, leaf dev: 0.09212566167116165
[2026-06-26 01:59:24,721][root][INFO] - Val leaf stats: tensor([0.2359, 0.0307, 0.0009, 0.0841, 0.1969, 0.0039, 0.0000, 0.0071, 0.0012,
        0.0026, 0.2262, 0.1893, 0.0024, 0.0006, 0.0175, 0.0007])
[2026-06-26 01:59:25,291][root][INFO] - reg loss: 5.191712609043828, entropy loss: 0.0837776476822833, leaf dev: 0.10457273572683334
[2026-06-26 01:59:25,293][root][INFO] - Val leaf stats: tensor([0.0104, 0.0085, 0.0012, 0.0029, 0.0937, 0.0099, 0.1072, 0.0847, 0.0016,
        0.0007, 0.0010, 0.0014, 0.0495, 0.3411, 0.2829, 0.0035])
[2026-06-26 01:59:25,681][root][INFO] - reg loss: 5.886248545671897, entropy loss: 0.14243621233279113, leaf dev: 0.07252731919288635
[2026-06-26 01:59:25,682][root][INFO] - Val leaf stats: tensor([0.0255, 0.0005, 0.1092, 0.0641, 0.0704, 0.0065, 0.0008, 0.0485, 0.0013,
        0.0652, 0.0532, 0.1864, 0.0009, 0.1058, 0.2535, 0.0081])
[2026-06-26 01:59:26,150][root][INFO] - reg loss: 6.1385755690317305, entropy loss: 0.14320162451141094, leaf dev: 0.08752080798149109
[2026-06-26 01:59:26,164][root][INFO] - Val leaf stats: tensor([6.9481e-02, 1.1580e-02, 4.6787e-02, 3.2695e-01, 7.2096e-02, 1.4942e-03,
        0.0000e+00, 7.3870e-02, 2.8016e-04, 5.0149e-02, 1.4428e-01, 1.6857e-01,
        0.0000e+00, 3.0538e-02, 2.8016e-04, 3.6421e-03])
[2026-06-26 01:59:27,238][root][INFO] - reg loss: 4.206714575407935, entropy loss: 0.020282387947205636, leaf dev: 0.09518349170684814
[2026-06-26 01:59:27,239][root][INFO] - Val leaf stats: tensor([3.2406e-03, 1.3503e-03, 2.7005e-04, 1.0802e-03, 9.0737e-02, 3.0651e-01,
        2.8895e-02, 2.7005e-04, 0.0000e+00, 2.1820e-01, 1.7553e-02, 7.0213e-03,
        1.8904e-03, 4.2938e-02, 8.3716e-02, 1.9633e-01])
[2026-06-26 01:59:27,483][root][INFO] - Epoch: 13 | train acc: 0.9695, train loss: 0.10753345, valid acc: 0.9559, valid loss: 0.15589305, test acc: 0.9220, test loss: 0.55277231
[2026-06-26 01:59:28,074][root][INFO] - reg loss: 4.245037829289671, entropy loss: 0.0358800042848118, leaf dev: 0.09127995371818542
[2026-06-26 01:59:28,075][root][INFO] - Val leaf stats: tensor([4.5639e-02, 3.0894e-01, 1.5528e-01, 2.1199e-01, 8.1015e-03, 4.8069e-02,
        8.9657e-02, 1.8904e-03, 2.1604e-03, 9.9919e-03, 7.0213e-03, 1.0127e-01,
        2.7005e-04, 5.4010e-04, 8.6416e-03, 5.4010e-04])
[2026-06-26 01:59:29,230][root][INFO] - Epoch: 16 | train acc: 0.9761, train loss: 0.15593474, valid acc: 0.9602, valid loss: 0.14197987, test acc: 0.9300, test loss: 0.48310188
[2026-06-26 01:59:29,585][root][INFO] - Epoch: 15 | train acc: 0.9677, train loss: 0.33316675, valid acc: 0.9572, valid loss: 0.15486525, test acc: 0.9247, test loss: 0.51871684
[2026-06-26 01:59:30,010][root][INFO] - reg loss: 6.520247593127861, entropy loss: 0.23010424741361507, leaf dev: 0.08637725561857224
[2026-06-26 01:59:30,011][root][INFO] - Val leaf stats: tensor([0.0052, 0.0015, 0.1220, 0.1262, 0.0694, 0.0024, 0.0004, 0.0444, 0.0007,
        0.0391, 0.1533, 0.3198, 0.0033, 0.0151, 0.0963, 0.0010])
[2026-06-26 01:59:31,160][root][INFO] - Epoch: 27 | train acc: 0.6118, train loss: 1.18944106, valid acc: 0.5728, valid loss: 1.28979182, test acc: 0.5687, test loss: 1.29204503
[2026-06-26 01:59:31,362][root][INFO] - Epoch: 27 | train acc: 0.6149, train loss: 1.05791028, valid acc: 0.5763, valid loss: 1.21801992, test acc: 0.5646, test loss: 1.24955316
[2026-06-26 01:59:31,645][root][INFO] - Epoch: 16 | train acc: 0.9695, train loss: 0.72077331, valid acc: 0.9592, valid loss: 0.14587771, test acc: 0.9294, test loss: 0.44076618
[2026-06-26 01:59:31,698][root][INFO] - reg loss: 6.281139825386976, entropy loss: 0.14204186011874487, leaf dev: 0.09433481842279434
[2026-06-26 01:59:31,701][root][INFO] - Val leaf stats: tensor([2.9884e-03, 1.2140e-03, 1.3439e-01, 1.6670e-01, 2.2040e-02, 3.7355e-03,
        0.0000e+00, 2.1853e-02, 1.7744e-03, 3.3806e-02, 2.5616e-01, 2.7634e-01,
        8.4049e-04, 1.8678e-04, 7.7606e-02, 3.7355e-04])
[2026-06-26 01:59:31,889][root][INFO] - reg loss: 5.847031383918076, entropy loss: 0.2236741960994781, leaf dev: 0.08224944025278091
[2026-06-26 01:59:31,891][root][INFO] - Val leaf stats: tensor([0.0809, 0.0485, 0.0433, 0.0007, 0.0000, 0.0779, 0.2581, 0.0154, 0.2596,
        0.0598, 0.0050, 0.0011, 0.0035, 0.0117, 0.0737, 0.0608])
[2026-06-26 01:59:32,557][root][INFO] - Epoch: 27 | train acc: 0.6001, train loss: 1.13942370, valid acc: 0.5774, valid loss: 1.19893092, test acc: 0.5616, test loss: 1.26997402
[2026-06-26 01:59:33,517][root][INFO] - Epoch: 16 | train acc: 0.9768, train loss: 0.39248500, valid acc: 0.9607, valid loss: 0.14059835, test acc: 0.9250, test loss: 0.43588098
[2026-06-26 01:59:33,743][root][INFO] - Epoch: 27 | train acc: 0.5955, train loss: 1.15279503, valid acc: 0.5625, valid loss: 1.30933943, test acc: 0.5496, test loss: 1.30830127
[2026-06-26 01:59:34,096][root][INFO] - Epoch: 28 | train acc: 0.6018, train loss: 1.19714189, valid acc: 0.5760, valid loss: 1.28746606, test acc: 0.5422, test loss: 1.33636665
[2026-06-26 01:59:34,317][root][INFO] - reg loss: 5.112813934447273, entropy loss: 0.07661008030649215, leaf dev: 0.10072734951972961
[2026-06-26 01:59:34,318][root][INFO] - Val leaf stats: tensor([1.3364e-01, 2.8016e-04, 7.4710e-03, 1.7081e-01, 7.0508e-02, 5.6033e-03,
        2.8016e-04, 1.1393e-02, 1.8678e-03, 5.9955e-02, 7.0415e-02, 3.8448e-01,
        7.4710e-04, 7.7886e-02, 4.4826e-03, 1.8678e-04])
[2026-06-26 01:59:34,952][root][INFO] - reg loss: 4.109555197543785, entropy loss: 0.0131479092247662, leaf dev: 0.13731269538402557
[2026-06-26 01:59:34,953][root][INFO] - Val leaf stats: tensor([0.0011, 0.0057, 0.0011, 0.0024, 0.0000, 0.0005, 0.0000, 0.0681, 0.0035,
        0.0008, 0.4048, 0.0789, 0.0022, 0.0019, 0.4126, 0.0165])
[2026-06-26 01:59:35,609][root][INFO] - reg loss: 4.199423453846916, entropy loss: 0.03842928004069406, leaf dev: 0.11021212488412857
[2026-06-26 01:59:35,611][root][INFO] - Val leaf stats: tensor([0.0000e+00, 3.6727e-02, 0.0000e+00, 2.7005e-04, 9.0197e-02, 1.2881e-01,
        5.4010e-04, 2.7005e-04, 1.2908e-01, 1.9714e-02, 1.7364e-01, 5.6711e-03,
        5.4010e-04, 5.4010e-04, 0.0000e+00, 4.1399e-01])
[2026-06-26 01:59:36,005][root][INFO] - reg loss: 5.749174554511984, entropy loss: 0.15456631598333834, leaf dev: 0.07644723355770111
[2026-06-26 01:59:36,006][root][INFO] - Val leaf stats: tensor([1.6016e-01, 9.7591e-02, 1.1029e-01, 1.1207e-03, 2.1330e-01, 4.6414e-02,
        5.8087e-02, 3.6608e-02, 8.5917e-03, 1.7557e-02, 8.4049e-04, 8.5917e-03,
        1.7557e-02, 9.3388e-05, 2.2292e-01, 2.8016e-04])
[2026-06-26 01:59:36,362][root][INFO] - reg loss: 4.205373779672091, entropy loss: 0.035306303838237386, leaf dev: 0.10103504359722137
[2026-06-26 01:59:36,363][root][INFO] - Val leaf stats: tensor([2.1631e-01, 2.0794e-02, 8.1015e-04, 5.9681e-02, 5.4010e-04, 4.0508e-02,
        4.0508e-03, 2.7005e-04, 2.9706e-02, 2.7005e-03, 1.2152e-02, 2.6600e-01,
        2.7005e-04, 1.0802e-02, 3.0003e-01, 3.5377e-02])
[2026-06-26 01:59:37,747][root][INFO] - Epoch: 27 | train acc: 0.5718, train loss: 1.17499172, valid acc: 0.5266, valid loss: 1.37486877, test acc: 0.5182, test loss: 1.37733030
[2026-06-26 01:59:37,776][root][INFO] - reg loss: 4.169859479685298, entropy loss: 0.02810370155655947, leaf dev: 0.11124216765165329
[2026-06-26 01:59:37,777][root][INFO] - Val leaf stats: tensor([2.6465e-02, 3.8752e-01, 3.2676e-02, 7.2104e-02, 5.4010e-04, 5.4010e-04,
        2.7005e-04, 2.0524e-02, 4.5909e-03, 2.7005e-04, 1.6041e-01, 8.3716e-03,
        1.6203e-02, 3.2406e-03, 2.5358e-01, 1.2692e-02])
[2026-06-26 01:59:38,439][root][INFO] - reg loss: 4.126846149319508, entropy loss: 0.015426418224929786, leaf dev: 0.12231382727622986
[2026-06-26 01:59:38,440][root][INFO] - Val leaf stats: tensor([0.0024, 0.4229, 0.0329, 0.0049, 0.0059, 0.0000, 0.0270, 0.2900, 0.0008,
        0.0005, 0.1404, 0.0005, 0.0340, 0.0343, 0.0000, 0.0032])
[2026-06-26 01:59:41,781][root][INFO] - reg loss: 4.186145375986568, entropy loss: 0.0383955751408319, leaf dev: 0.10493221879005432
[2026-06-26 01:59:41,783][root][INFO] - Val leaf stats: tensor([1.9984e-02, 6.0221e-02, 2.7005e-04, 1.0802e-03, 3.0732e-01, 1.6365e-01,
        4.8609e-03, 0.0000e+00, 1.0802e-03, 8.1015e-04, 2.4575e-02, 3.3486e-02,
        1.0802e-03, 1.3503e-03, 7.1023e-02, 3.0921e-01])
[2026-06-26 01:59:42,980][root][INFO] - Epoch: 14 | train acc: 0.9642, train loss: 0.58580111, valid acc: 0.9539, valid loss: 0.15460558, test acc: 0.9165, test loss: 0.81568554
[2026-06-26 01:59:44,769][root][INFO] - Epoch: 28 | train acc: 0.5397, train loss: 1.25416017, valid acc: 0.5153, valid loss: 1.42153204, test acc: 0.5113, test loss: 1.39198233
[2026-06-26 01:59:46,104][root][INFO] - reg loss: 5.581010301277121, entropy loss: 0.11587610556965783, leaf dev: 0.08403653651475906
[2026-06-26 01:59:46,105][root][INFO] - Val leaf stats: tensor([0.0000, 0.2531, 0.1426, 0.0024, 0.0739, 0.0072, 0.0382, 0.0003, 0.0162,
        0.0179, 0.0013, 0.0018, 0.1756, 0.0007, 0.0655, 0.2034])
[2026-06-26 01:59:48,669][root][INFO] - reg loss: 4.207233116274974, entropy loss: 0.031433067055510695, leaf dev: 0.1257249414920807
[2026-06-26 01:59:48,670][root][INFO] - Val leaf stats: tensor([0.0192, 0.3038, 0.0022, 0.0027, 0.0011, 0.0000, 0.0000, 0.0600, 0.0024,
        0.0005, 0.4294, 0.1356, 0.0194, 0.0100, 0.0078, 0.0059])
[2026-06-26 01:59:54,968][root][INFO] - Epoch: 15 | train acc: 0.9703, train loss: 0.54571211, valid acc: 0.9569, valid loss: 0.14904329, test acc: 0.9264, test loss: 0.57481953
[2026-06-26 01:59:55,249][root][INFO] - Epoch: 28 | train acc: 0.5889, train loss: 1.29260441, valid acc: 0.5660, valid loss: 1.24627361, test acc: 0.5565, test loss: 1.26617464
[2026-06-26 01:59:56,508][root][INFO] - Epoch: 17 | train acc: 0.9732, train loss: 0.72880816, valid acc: 0.9538, valid loss: 0.16606585, test acc: 0.9257, test loss: 0.56598400
[2026-06-26 01:59:56,557][root][INFO] - Epoch: 28 | train acc: 0.5715, train loss: 1.22780342, valid acc: 0.5722, valid loss: 1.27740178, test acc: 0.5454, test loss: 1.33476682
[2026-06-26 01:59:57,087][root][INFO] - Epoch: 16 | train acc: 0.9734, train loss: 0.36644265, valid acc: 0.9617, valid loss: 0.13935409, test acc: 0.9145, test loss: 0.60953444
[2026-06-26 01:59:57,591][root][INFO] - reg loss: 5.453142786782886, entropy loss: 0.11023068455634294, leaf dev: 0.09182346612215042
[2026-06-26 01:59:57,599][root][INFO] - Val leaf stats: tensor([0.2459, 0.0142, 0.0009, 0.0923, 0.1820, 0.0042, 0.0000, 0.0046, 0.0018,
        0.0033, 0.2127, 0.2003, 0.0013, 0.0008, 0.0350, 0.0007])
[2026-06-26 01:59:57,837][root][INFO] - Epoch: 17 | train acc: 0.9763, train loss: 0.22389824, valid acc: 0.9593, valid loss: 0.14210884, test acc: 0.9332, test loss: 0.58785465
[2026-06-26 01:59:58,860][root][INFO] - reg loss: 5.111953407368332, entropy loss: 0.07933565741651273, leaf dev: 0.1171102300286293
[2026-06-26 01:59:58,861][root][INFO] - Val leaf stats: tensor([0.0151, 0.0031, 0.0015, 0.0029, 0.0716, 0.0063, 0.0535, 0.0706, 0.0016,
        0.0008, 0.0010, 0.0012, 0.0704, 0.4111, 0.2846, 0.0047])
[2026-06-26 01:59:59,190][root][INFO] - reg loss: 4.195166877058686, entropy loss: 0.01949775444923854, leaf dev: 0.09252516180276871
[2026-06-26 01:59:59,191][root][INFO] - Val leaf stats: tensor([0.0030, 0.0014, 0.0003, 0.0011, 0.0753, 0.2544, 0.0224, 0.0005, 0.0000,
        0.2187, 0.0286, 0.0065, 0.0030, 0.0410, 0.0994, 0.2444])
[2026-06-26 01:59:59,843][root][INFO] - reg loss: 5.794294993082683, entropy loss: 0.1367877058724247, leaf dev: 0.08201383054256439
[2026-06-26 01:59:59,844][root][INFO] - Val leaf stats: tensor([0.0300, 0.0005, 0.1235, 0.0695, 0.0699, 0.0056, 0.0000, 0.0289, 0.0014,
        0.0626, 0.0515, 0.1870, 0.0007, 0.0558, 0.3032, 0.0102])
[2026-06-26 01:59:59,853][root][INFO] - Epoch: 14 | train acc: 0.9710, train loss: 0.10195833, valid acc: 0.9560, valid loss: 0.14948213, test acc: 0.9221, test loss: 0.58570357
[2026-06-26 02:00:00,268][root][INFO] - reg loss: 6.026175070061255, entropy loss: 0.13941797164697495, leaf dev: 0.090870700776577
[2026-06-26 02:00:00,269][root][INFO] - Val leaf stats: tensor([6.4438e-02, 1.3168e-02, 3.0445e-02, 3.2667e-01, 7.1722e-02, 1.6810e-03,
        0.0000e+00, 6.2477e-02, 2.8016e-04, 4.6601e-02, 1.4447e-01, 2.0331e-01,
        0.0000e+00, 3.0911e-02, 2.8016e-04, 3.5487e-03])
[2026-06-26 02:00:00,529][root][INFO] - reg loss: 4.245763137692311, entropy loss: 0.034610080486926875, leaf dev: 0.0948232114315033
[2026-06-26 02:00:00,531][root][INFO] - Val leaf stats: tensor([0.0421, 0.3608, 0.0840, 0.1647, 0.0176, 0.0748, 0.1269, 0.0027, 0.0011,
        0.0138, 0.0070, 0.0942, 0.0005, 0.0000, 0.0097, 0.0000])
[2026-06-26 02:00:01,772][root][INFO] - Epoch: 17 | train acc: 0.9765, train loss: 0.15136932, valid acc: 0.9618, valid loss: 0.13814036, test acc: 0.9336, test loss: 0.47758601
[2026-06-26 02:00:02,750][root][INFO] - reg loss: 6.535452280095015, entropy loss: 0.22228573380954683, leaf dev: 0.08595190197229385
[2026-06-26 02:00:02,751][root][INFO] - Val leaf stats: tensor([0.0035, 0.0011, 0.1216, 0.2668, 0.0697, 0.0035, 0.0009, 0.0396, 0.0014,
        0.0382, 0.1633, 0.2230, 0.0018, 0.0112, 0.0538, 0.0006])
[2026-06-26 02:00:02,842][root][INFO] - Epoch: 16 | train acc: 0.9759, train loss: 0.30628942, valid acc: 0.9604, valid loss: 0.14526066, test acc: 0.9283, test loss: 0.54323738
[2026-06-26 02:00:03,195][root][INFO] - Epoch: 28 | train acc: 0.6149, train loss: 1.18579882, valid acc: 0.5887, valid loss: 1.25855047, test acc: 0.5754, test loss: 1.27402039
[2026-06-26 02:00:03,401][root][INFO] - Epoch: 28 | train acc: 0.6183, train loss: 1.04038606, valid acc: 0.5798, valid loss: 1.21634907, test acc: 0.5785, test loss: 1.21375267
[2026-06-26 02:00:03,660][root][INFO] - Epoch: 28 | train acc: 0.6105, train loss: 1.11419216, valid acc: 0.5887, valid loss: 1.17853387, test acc: 0.5589, test loss: 1.26272634
[2026-06-26 02:00:04,355][root][INFO] - reg loss: 6.159779311487914, entropy loss: 0.13703407504886547, leaf dev: 0.09537322074174881
[2026-06-26 02:00:04,358][root][INFO] - Val leaf stats: tensor([2.7083e-03, 1.4008e-03, 1.4718e-01, 1.4839e-01, 2.3907e-02, 3.7355e-03,
        0.0000e+00, 2.1853e-02, 1.8678e-03, 3.2779e-02, 2.8708e-01, 2.5598e-01,
        8.4049e-04, 1.8678e-04, 7.1909e-02, 1.8678e-04])
[2026-06-26 02:00:05,091][root][INFO] - reg loss: 5.868306593920188, entropy loss: 0.22195799428003807, leaf dev: 0.0782182589173317
[2026-06-26 02:00:05,092][root][INFO] - Val leaf stats: tensor([0.0907, 0.0455, 0.0455, 0.0011, 0.0000, 0.0685, 0.2299, 0.0109, 0.2580,
        0.0802, 0.0049, 0.0011, 0.0025, 0.0128, 0.0783, 0.0699])
[2026-06-26 02:00:05,416][root][INFO] - Epoch: 17 | train acc: 0.9737, train loss: 0.70333154, valid acc: 0.9603, valid loss: 0.13747642, test acc: 0.9304, test loss: 0.41857552
[2026-06-26 02:00:05,913][root][INFO] - Epoch: 28 | train acc: 0.6045, train loss: 1.12109145, valid acc: 0.5593, valid loss: 1.28288139, test acc: 0.5442, test loss: 1.33989119
[2026-06-26 02:00:06,080][root][INFO] - Epoch: 17 | train acc: 0.9783, train loss: 0.38349408, valid acc: 0.9600, valid loss: 0.14114057, test acc: 0.9149, test loss: 0.47791617
[2026-06-26 02:00:06,926][root][INFO] - Epoch: 29 | train acc: 0.6012, train loss: 1.18144555, valid acc: 0.5825, valid loss: 1.24389218, test acc: 0.5520, test loss: 1.28632436
[2026-06-26 02:00:07,306][root][INFO] - reg loss: 4.200885241148902, entropy loss: 0.03829171245948213, leaf dev: 0.10861560702323914
[2026-06-26 02:00:07,307][root][INFO] - Val leaf stats: tensor([5.4010e-04, 5.0770e-02, 0.0000e+00, 2.7005e-04, 1.1045e-01, 1.1369e-01,
        0.0000e+00, 0.0000e+00, 1.3287e-01, 1.5123e-02, 1.6203e-01, 3.7807e-03,
        5.4010e-04, 2.7005e-04, 2.7005e-04, 4.0940e-01])
[2026-06-26 02:00:07,470][root][INFO] - reg loss: 4.113000822848961, entropy loss: 0.012887934146479506, leaf dev: 0.13332365453243256
[2026-06-26 02:00:07,472][root][INFO] - Val leaf stats: tensor([0.0016, 0.0057, 0.0022, 0.0038, 0.0000, 0.0014, 0.0000, 0.0767, 0.0035,
        0.0000, 0.3835, 0.0942, 0.0008, 0.0008, 0.4086, 0.0173])
[2026-06-26 02:00:07,578][root][INFO] - reg loss: 4.1944962485891875, entropy loss: 0.034733362312688205, leaf dev: 0.10419665277004242
[2026-06-26 02:00:07,579][root][INFO] - Val leaf stats: tensor([2.1010e-01, 2.5655e-02, 5.4010e-04, 5.8871e-02, 2.7005e-04, 3.7537e-02,
        5.9411e-03, 2.7005e-04, 2.2684e-02, 1.3503e-03, 1.0262e-02, 2.1712e-01,
        2.7005e-04, 1.6203e-03, 3.5350e-01, 5.4010e-02])
[2026-06-26 02:00:07,734][root][INFO] - reg loss: 5.143206371832147, entropy loss: 0.07615527755053586, leaf dev: 0.09034626930952072
[2026-06-26 02:00:07,735][root][INFO] - Val leaf stats: tensor([1.3803e-01, 5.6033e-04, 6.5372e-03, 1.6903e-01, 7.0041e-02, 5.4165e-03,
        2.8016e-04, 1.3261e-02, 2.1479e-03, 5.9021e-02, 1.2719e-01, 3.2667e-01,
        5.6033e-04, 7.5831e-02, 5.2297e-03, 1.8678e-04])
[2026-06-26 02:00:08,877][root][INFO] - reg loss: 5.742785930633545, entropy loss: 0.15334507957022026, leaf dev: 0.07513431459665298
[2026-06-26 02:00:08,878][root][INFO] - Val leaf stats: tensor([0.1592, 0.0953, 0.1077, 0.0011, 0.2282, 0.0850, 0.0419, 0.0325, 0.0084,
        0.0168, 0.0007, 0.0114, 0.0150, 0.0004, 0.1957, 0.0006])
[2026-06-26 02:00:08,994][root][INFO] - Epoch: 28 | train acc: 0.5711, train loss: 1.18227420, valid acc: 0.5339, valid loss: 1.32202140, test acc: 0.5223, test loss: 1.33314005
[2026-06-26 02:00:10,002][root][INFO] - reg loss: 4.168013572692871, entropy loss: 0.028540134887959135, leaf dev: 0.11132155358791351
[2026-06-26 02:00:10,003][root][INFO] - Val leaf stats: tensor([6.3192e-02, 3.7996e-01, 1.4043e-02, 3.8347e-02, 5.4010e-04, 2.7005e-04,
        5.4010e-04, 2.5385e-02, 2.7005e-04, 2.7005e-04, 1.7202e-01, 1.5663e-02,
        1.2152e-02, 2.4305e-03, 2.5979e-01, 1.5123e-02])
[2026-06-26 02:00:11,172][root][INFO] - reg loss: 4.125549363308266, entropy loss: 0.015219062520954453, leaf dev: 0.12400952726602554
[2026-06-26 02:00:11,173][root][INFO] - Val leaf stats: tensor([1.3503e-03, 4.3451e-01, 5.6981e-02, 1.1072e-02, 5.9411e-03, 0.0000e+00,
        2.6465e-02, 2.9004e-01, 5.4010e-04, 2.7005e-04, 1.2287e-01, 8.1015e-04,
        1.8904e-02, 2.5925e-02, 0.0000e+00, 4.3208e-03])
[2026-06-26 02:00:12,949][root][INFO] - reg loss: 4.178467203359135, entropy loss: 0.03843197660123716, leaf dev: 0.10372736304998398
[2026-06-26 02:00:12,950][root][INFO] - Val leaf stats: tensor([3.0516e-02, 5.6441e-02, 2.7005e-04, 5.4010e-04, 3.0219e-01, 1.6041e-01,
        3.7807e-03, 0.0000e+00, 1.6203e-03, 2.7005e-04, 2.6195e-02, 3.4837e-02,
        5.4010e-04, 2.9706e-03, 6.9673e-02, 3.0975e-01])
[2026-06-26 02:00:15,794][root][INFO] - Epoch: 29 | train acc: 0.5642, train loss: 1.19952033, valid acc: 0.5307, valid loss: 1.33068780, test acc: 0.5177, test loss: 1.34888542
[2026-06-26 02:00:18,173][root][INFO] - Epoch: 15 | train acc: 0.9714, train loss: 0.55500346, valid acc: 0.9595, valid loss: 0.14220248, test acc: 0.9340, test loss: 0.86194080
[2026-06-26 02:00:19,955][root][INFO] - reg loss: 4.197060827349053, entropy loss: 0.031400699992893175, leaf dev: 0.11841179430484772
[2026-06-26 02:00:19,956][root][INFO] - Val leaf stats: tensor([0.0246, 0.3746, 0.0030, 0.0032, 0.0014, 0.0000, 0.0000, 0.0961, 0.0046,
        0.0019, 0.3308, 0.1115, 0.0221, 0.0124, 0.0097, 0.0041])
[2026-06-26 02:00:21,661][root][INFO] - reg loss: 5.4694945774381125, entropy loss: 0.1137747425172064, leaf dev: 0.08719071745872498
[2026-06-26 02:00:21,662][root][INFO] - Val leaf stats: tensor([9.3388e-05, 2.7652e-01, 1.4055e-01, 2.2413e-03, 7.3870e-02, 1.0740e-02,
        3.6421e-02, 9.3388e-05, 2.9884e-03, 1.0366e-02, 1.4008e-03, 1.7744e-03,
        1.8743e-01, 7.4710e-04, 7.3963e-02, 1.8080e-01])
[2026-06-26 02:00:27,033][root][INFO] - Epoch: 29 | train acc: 0.5955, train loss: 1.26627326, valid acc: 0.5703, valid loss: 1.27239466, test acc: 0.5496, test loss: 1.25747699
[2026-06-26 02:00:28,026][root][INFO] - Epoch: 29 | train acc: 0.6047, train loss: 1.12818456, valid acc: 0.5812, valid loss: 1.24637622, test acc: 0.5520, test loss: 1.29613268
[2026-06-26 02:00:29,554][root][INFO] - Epoch: 16 | train acc: 0.9718, train loss: 0.52383272, valid acc: 0.9569, valid loss: 0.14496885, test acc: 0.9226, test loss: 0.63487463
[2026-06-26 02:00:30,357][root][INFO] - Epoch: 18 | train acc: 0.9726, train loss: 0.65114771, valid acc: 0.9611, valid loss: 0.13671063, test acc: 0.9329, test loss: 0.58113940
[2026-06-26 02:00:30,606][root][INFO] - reg loss: 4.197497446028913, entropy loss: 0.019407784169326064, leaf dev: 0.0959155410528183
[2026-06-26 02:00:30,607][root][INFO] - Val leaf stats: tensor([2.7005e-03, 1.0802e-03, 5.4010e-04, 1.3503e-03, 6.0491e-02, 2.2765e-01,
        2.9166e-02, 5.4010e-04, 2.7005e-04, 1.9525e-01, 1.9174e-02, 4.0508e-03,
        3.5107e-03, 4.1048e-02, 1.1018e-01, 3.0300e-01])
[2026-06-26 02:00:30,963][root][INFO] - Epoch: 17 | train acc: 0.9780, train loss: 0.34894497, valid acc: 0.9641, valid loss: 0.13149237, test acc: 0.9134, test loss: 0.68951122
[2026-06-26 02:00:31,009][root][INFO] - Epoch: 18 | train acc: 0.9788, train loss: 0.21554069, valid acc: 0.9616, valid loss: 0.13980346, test acc: 0.9335, test loss: 0.58765472
[2026-06-26 02:00:32,027][root][INFO] - reg loss: 5.409884394792022, entropy loss: 0.10606345837866818, leaf dev: 0.09076105803251266
[2026-06-26 02:00:32,028][root][INFO] - Val leaf stats: tensor([0.2422, 0.0138, 0.0010, 0.1192, 0.1408, 0.0045, 0.0000, 0.0048, 0.0018,
        0.0034, 0.2144, 0.2138, 0.0009, 0.0009, 0.0377, 0.0007])
[2026-06-26 02:00:32,073][root][INFO] - reg loss: 4.237854011723252, entropy loss: 0.034252577140683034, leaf dev: 0.09347780793905258
[2026-06-26 02:00:32,074][root][INFO] - Val leaf stats: tensor([4.2128e-02, 3.5647e-01, 7.5074e-02, 1.6149e-01, 1.8363e-02, 7.5614e-02,
        1.1774e-01, 2.7005e-03, 5.4010e-04, 1.4853e-02, 1.1072e-02, 1.1234e-01,
        2.7005e-04, 2.7005e-04, 1.1072e-02, 0.0000e+00])
[2026-06-26 02:00:33,013][root][INFO] - reg loss: 4.842848747495621, entropy loss: 0.06967424061247911, leaf dev: 0.11352447420358658
[2026-06-26 02:00:33,014][root][INFO] - Val leaf stats: tensor([0.0095, 0.0042, 0.0016, 0.0026, 0.0848, 0.0071, 0.0747, 0.0739, 0.0014,
        0.0009, 0.0014, 0.0011, 0.0536, 0.3848, 0.2941, 0.0043])
[2026-06-26 02:00:33,094][root][INFO] - reg loss: 5.831090768178304, entropy loss: 0.1351081639055222, leaf dev: 0.0792057067155838
[2026-06-26 02:00:33,096][root][INFO] - Val leaf stats: tensor([0.0286, 0.0006, 0.1154, 0.0700, 0.0699, 0.0062, 0.0000, 0.0372, 0.0013,
        0.0633, 0.0515, 0.1924, 0.0007, 0.0626, 0.2890, 0.0115])
[2026-06-26 02:00:33,521][root][INFO] - reg loss: 6.043750142294263, entropy loss: 0.14127668888165207, leaf dev: 0.0841822549700737
[2026-06-26 02:00:33,522][root][INFO] - Val leaf stats: tensor([6.8453e-02, 1.7183e-02, 5.8835e-02, 3.0893e-01, 7.1629e-02, 1.4942e-03,
        0.0000e+00, 7.1535e-02, 2.8016e-04, 4.7908e-02, 1.4466e-01, 1.7464e-01,
        0.0000e+00, 3.0631e-02, 1.8678e-04, 3.6421e-03])
[2026-06-26 02:00:33,685][root][INFO] - Epoch: 15 | train acc: 0.9689, train loss: 0.10675357, valid acc: 0.9453, valid loss: 0.18769297, test acc: 0.9210, test loss: 0.68138675
[2026-06-26 02:00:35,081][root][INFO] - Epoch: 29 | train acc: 0.6262, train loss: 1.02011165, valid acc: 0.5847, valid loss: 1.21022829, test acc: 0.5822, test loss: 1.20349000
[2026-06-26 02:00:36,276][root][INFO] - Epoch: 29 | train acc: 0.6170, train loss: 1.09550914, valid acc: 0.5882, valid loss: 1.15403768, test acc: 0.5724, test loss: 1.24937892
[2026-06-26 02:00:36,315][root][INFO] - Epoch: 17 | train acc: 0.9794, train loss: 0.29179976, valid acc: 0.9622, valid loss: 0.13749607, test acc: 0.9275, test loss: 0.55527090
[2026-06-26 02:00:36,600][root][INFO] - reg loss: 6.187958248077877, entropy loss: 0.21425521121453986, leaf dev: 0.0898883119225502
[2026-06-26 02:00:36,601][root][INFO] - Val leaf stats: tensor([0.0154, 0.0008, 0.1546, 0.3280, 0.0778, 0.0035, 0.0008, 0.0631, 0.0012,
        0.0231, 0.1391, 0.1432, 0.0023, 0.0078, 0.0387, 0.0007])
[2026-06-26 02:00:36,610][root][INFO] - Epoch: 29 | train acc: 0.6230, train loss: 1.17261350, valid acc: 0.5895, valid loss: 1.22339948, test acc: 0.5714, test loss: 1.25449875
[2026-06-26 02:00:36,893][root][INFO] - Epoch: 18 | train acc: 0.9722, train loss: 0.16528088, valid acc: 0.9590, valid loss: 0.14440130, test acc: 0.9318, test loss: 0.50044685
[2026-06-26 02:00:37,286][root][INFO] - Epoch: 29 | train acc: 0.5892, train loss: 1.17666267, valid acc: 0.5428, valid loss: 1.32845403, test acc: 0.5103, test loss: 1.45025107
[2026-06-26 02:00:38,587][root][INFO] - reg loss: 4.19369800755235, entropy loss: 0.03786299621961156, leaf dev: 0.10801098495721817
[2026-06-26 02:00:38,589][root][INFO] - Val leaf stats: tensor([5.4010e-04, 5.9681e-02, 0.0000e+00, 2.7005e-04, 1.0829e-01, 1.1720e-01,
        0.0000e+00, 0.0000e+00, 1.3233e-01, 1.1342e-02, 1.5663e-01, 3.7807e-03,
        1.0802e-03, 2.7005e-04, 8.1015e-04, 4.0778e-01])
[2026-06-26 02:00:39,032][root][INFO] - reg loss: 5.871867422073606, entropy loss: 0.21861755579867692, leaf dev: 0.07895418256521225
[2026-06-26 02:00:39,033][root][INFO] - Val leaf stats: tensor([0.0842, 0.0459, 0.0448, 0.0011, 0.0000, 0.0739, 0.2327, 0.0114, 0.2608,
        0.0830, 0.0049, 0.0011, 0.0034, 0.0127, 0.0781, 0.0618])
[2026-06-26 02:00:39,051][root][INFO] - Epoch: 30 | train acc: 0.6066, train loss: 1.16809590, valid acc: 0.5730, valid loss: 1.25955926, test acc: 0.5525, test loss: 1.29404958
[2026-06-26 02:00:39,245][root][INFO] - reg loss: 6.053351409851559, entropy loss: 0.1344943260231977, leaf dev: 0.10572414100170135
[2026-06-26 02:00:39,246][root][INFO] - Val leaf stats: tensor([3.4554e-03, 1.3074e-03, 1.2832e-01, 6.6492e-02, 2.9791e-02, 4.0157e-03,
        0.0000e+00, 2.0826e-02, 1.8678e-03, 3.9690e-02, 2.6504e-01, 3.6095e-01,
        6.5372e-04, 1.0273e-03, 7.6298e-02, 2.8016e-04])
[2026-06-26 02:00:39,818][root][INFO] - reg loss: 4.203478516125288, entropy loss: 0.035060353393926, leaf dev: 0.10078252851963043
[2026-06-26 02:00:39,819][root][INFO] - Val leaf stats: tensor([2.0119e-01, 2.5925e-02, 2.7005e-04, 5.9141e-02, 5.4010e-04, 3.5917e-02,
        6.7513e-03, 2.7005e-04, 4.2938e-02, 2.7005e-03, 4.8609e-03, 2.4089e-01,
        2.7005e-04, 1.6203e-03, 3.2622e-01, 5.0500e-02])
[2026-06-26 02:00:39,865][root][INFO] - Epoch: 18 | train acc: 0.9784, train loss: 0.37663992, valid acc: 0.9602, valid loss: 0.13844874, test acc: 0.9089, test loss: 0.55626578
[2026-06-26 02:00:40,273][root][INFO] - Epoch: 29 | train acc: 0.5746, train loss: 1.16198783, valid acc: 0.5433, valid loss: 1.33007498, test acc: 0.5221, test loss: 1.34170480
[2026-06-26 02:00:40,339][root][INFO] - reg loss: 4.117289730759918, entropy loss: 0.013455216330094416, leaf dev: 0.1346457451581955
[2026-06-26 02:00:40,340][root][INFO] - Val leaf stats: tensor([1.6203e-03, 8.6416e-03, 4.5909e-03, 1.0802e-03, 0.0000e+00, 2.7005e-04,
        0.0000e+00, 8.2636e-02, 3.5107e-03, 0.0000e+00, 3.7969e-01, 7.7235e-02,
        8.1015e-04, 5.4010e-04, 4.2074e-01, 1.8634e-02])
[2026-06-26 02:00:40,606][root][INFO] - Epoch: 18 | train acc: 0.9762, train loss: 0.68895719, valid acc: 0.9609, valid loss: 0.13647546, test acc: 0.9312, test loss: 0.42746838
[2026-06-26 02:00:41,280][root][INFO] - reg loss: 4.173916519665327, entropy loss: 0.028415453635522576, leaf dev: 0.11136447638273239
[2026-06-26 02:00:41,281][root][INFO] - Val leaf stats: tensor([9.9379e-02, 3.3459e-01, 1.3773e-02, 4.1048e-02, 2.7005e-04, 5.4010e-04,
        1.8904e-03, 2.8895e-02, 1.3503e-03, 2.7005e-04, 3.3864e-01, 3.6457e-02,
        8.1015e-03, 2.7005e-03, 8.8847e-02, 3.2406e-03])
[2026-06-26 02:00:42,520][root][INFO] - reg loss: 5.688900331971507, entropy loss: 0.15039089385163848, leaf dev: 0.07416895031929016
[2026-06-26 02:00:42,521][root][INFO] - Val leaf stats: tensor([0.1501, 0.0980, 0.1118, 0.0009, 0.2222, 0.0498, 0.0630, 0.0351, 0.0083,
        0.0203, 0.0008, 0.0157, 0.0174, 0.0005, 0.2057, 0.0005])
[2026-06-26 02:00:42,794][root][INFO] - reg loss: 5.12832951419568, entropy loss: 0.07537866655796294, leaf dev: 0.08916856348514557
[2026-06-26 02:00:42,795][root][INFO] - Val leaf stats: tensor([1.2215e-01, 6.5372e-04, 8.4049e-03, 1.7678e-01, 7.0041e-02, 5.3231e-03,
        2.8016e-04, 1.3821e-02, 2.1479e-03, 5.8648e-02, 1.3681e-01, 3.1911e-01,
        5.6033e-04, 7.9847e-02, 5.3231e-03, 9.3388e-05])
[2026-06-26 02:00:43,014][root][INFO] - reg loss: 4.1284951069315925, entropy loss: 0.014783563626716371, leaf dev: 0.11577332019805908
[2026-06-26 02:00:43,015][root][INFO] - Val leaf stats: tensor([0.0014, 0.3981, 0.0980, 0.0113, 0.0059, 0.0000, 0.0262, 0.2779, 0.0008,
        0.0005, 0.1275, 0.0005, 0.0211, 0.0267, 0.0000, 0.0041])
[2026-06-26 02:00:44,199][root][INFO] - reg loss: 4.17297450831679, entropy loss: 0.03782601245358342, leaf dev: 0.10513927042484283
[2026-06-26 02:00:44,200][root][INFO] - Val leaf stats: tensor([1.8093e-02, 5.6171e-02, 2.7005e-04, 1.6203e-03, 2.8652e-01, 1.6338e-01,
        4.5909e-03, 0.0000e+00, 1.0802e-03, 1.3503e-03, 2.7815e-02, 3.0786e-02,
        1.0802e-03, 1.0802e-03, 7.6965e-02, 3.2919e-01])
[2026-06-26 02:00:48,038][root][INFO] - Epoch: 30 | train acc: 0.5791, train loss: 1.15416252, valid acc: 0.5471, valid loss: 1.32349665, test acc: 0.5324, test loss: 1.34503083
[2026-06-26 02:00:52,104][root][INFO] - reg loss: 4.196014513734911, entropy loss: 0.030352271116170726, leaf dev: 0.11930592358112335
[2026-06-26 02:00:52,106][root][INFO] - Val leaf stats: tensor([0.0184, 0.3227, 0.0022, 0.0032, 0.0011, 0.0000, 0.0000, 0.0910, 0.0011,
        0.0000, 0.3886, 0.1029, 0.0335, 0.0149, 0.0165, 0.0041])
[2026-06-26 02:00:53,248][root][INFO] - Epoch: 16 | train acc: 0.9750, train loss: 0.51726781, valid acc: 0.9597, valid loss: 0.13699777, test acc: 0.9341, test loss: 0.93898688
[2026-06-26 02:00:56,127][root][INFO] - reg loss: 5.442880794484779, entropy loss: 0.10706220350410572, leaf dev: 0.08752371370792389
[2026-06-26 02:00:56,128][root][INFO] - Val leaf stats: tensor([9.3388e-05, 2.9100e-01, 1.4186e-01, 2.1479e-03, 7.3403e-02, 9.2454e-03,
        3.6235e-02, 3.7355e-04, 3.2686e-03, 1.0459e-02, 1.7744e-03, 1.7744e-03,
        1.6007e-01, 1.1207e-03, 8.6851e-02, 1.8033e-01])
[2026-06-26 02:00:57,735][root][INFO] - Epoch: 30 | train acc: 0.6016, train loss: 1.24509932, valid acc: 0.5730, valid loss: 1.25645527, test acc: 0.5555, test loss: 1.24974305
[2026-06-26 02:01:00,604][root][INFO] - Epoch: 30 | train acc: 0.6212, train loss: 1.08258358, valid acc: 0.5987, valid loss: 1.22799812, test acc: 0.5609, test loss: 1.28738204
[2026-06-26 02:01:01,520][root][INFO] - reg loss: 4.189696257231666, entropy loss: 0.018468572941349178, leaf dev: 0.10017129778862
[2026-06-26 02:01:01,521][root][INFO] - Val leaf stats: tensor([0.0027, 0.0011, 0.0005, 0.0014, 0.0311, 0.2647, 0.0370, 0.0005, 0.0000,
        0.2009, 0.0216, 0.0041, 0.0027, 0.0216, 0.1180, 0.2922])
[2026-06-26 02:01:01,688][root][INFO] - Epoch: 17 | train acc: 0.9673, train loss: 0.50839569, valid acc: 0.9568, valid loss: 0.15678989, test acc: 0.9239, test loss: 0.61575844
[2026-06-26 02:01:03,630][root][INFO] - Epoch: 18 | train acc: 0.9728, train loss: 0.35903443, valid acc: 0.9604, valid loss: 0.14333130, test acc: 0.9152, test loss: 0.70664655
[2026-06-26 02:01:04,004][root][INFO] - reg loss: 5.28486959770243, entropy loss: 0.09897072309697116, leaf dev: 0.09080839157104492
[2026-06-26 02:01:04,017][root][INFO] - Val leaf stats: tensor([0.2620, 0.0173, 0.0011, 0.1372, 0.1868, 0.0047, 0.0000, 0.0036, 0.0018,
        0.0019, 0.2097, 0.1353, 0.0019, 0.0005, 0.0348, 0.0015])
[2026-06-26 02:01:04,611][root][INFO] - Epoch: 19 | train acc: 0.9798, train loss: 0.21080086, valid acc: 0.9604, valid loss: 0.14060796, test acc: 0.9340, test loss: 0.55472841
[2026-06-26 02:01:04,836][root][INFO] - reg loss: 4.2384248092526295, entropy loss: 0.034328493152241235, leaf dev: 0.09052926301956177
[2026-06-26 02:01:04,837][root][INFO] - Val leaf stats: tensor([5.0230e-02, 3.4134e-01, 9.1007e-02, 1.6932e-01, 1.6743e-02, 5.7251e-02,
        1.1558e-01, 1.0802e-03, 1.0802e-03, 1.4853e-02, 1.8634e-02, 1.0856e-01,
        2.7005e-04, 2.7005e-04, 1.2962e-02, 8.1015e-04])
[2026-06-26 02:01:05,490][root][INFO] - Epoch: 19 | train acc: 0.9781, train loss: 0.61208251, valid acc: 0.9638, valid loss: 0.12904737, test acc: 0.9362, test loss: 0.57036520
[2026-06-26 02:01:06,515][root][INFO] - reg loss: 5.770377683891821, entropy loss: 0.1324966136740629, leaf dev: 0.07578656077384949
[2026-06-26 02:01:06,517][root][INFO] - Val leaf stats: tensor([0.0287, 0.0004, 0.1172, 0.0646, 0.0720, 0.0066, 0.0000, 0.0381, 0.0015,
        0.0469, 0.0455, 0.0818, 0.0015, 0.1077, 0.3069, 0.0807])
[2026-06-26 02:01:06,992][root][INFO] - Epoch: 30 | train acc: 0.6289, train loss: 1.01870861, valid acc: 0.5857, valid loss: 1.19511312, test acc: 0.5869, test loss: 1.19096388
[2026-06-26 02:01:07,195][root][INFO] - reg loss: 6.005102980073798, entropy loss: 0.13907752292496817, leaf dev: 0.08992814272642136
[2026-06-26 02:01:07,196][root][INFO] - Val leaf stats: tensor([7.5084e-02, 8.3115e-03, 3.9877e-02, 3.4068e-01, 7.0975e-02, 1.4008e-03,
        0.0000e+00, 7.6858e-02, 2.8016e-04, 4.8375e-02, 1.4456e-01, 1.5923e-01,
        6.5372e-04, 2.9884e-02, 9.3388e-05, 3.7355e-03])
[2026-06-26 02:01:07,460][root][INFO] - Epoch: 16 | train acc: 0.9607, train loss: 0.13445654, valid acc: 0.9527, valid loss: 0.16852901, test acc: 0.9260, test loss: 1.04855775
[2026-06-26 02:01:08,154][root][INFO] - reg loss: 4.8047936177127575, entropy loss: 0.06695519557232579, leaf dev: 0.11154541373252869
[2026-06-26 02:01:08,155][root][INFO] - Val leaf stats: tensor([0.0095, 0.0045, 0.0014, 0.0027, 0.0871, 0.0076, 0.0823, 0.0740, 0.0018,
        0.0008, 0.0013, 0.0011, 0.0543, 0.3757, 0.2916, 0.0044])
[2026-06-26 02:01:08,235][root][INFO] - Epoch: 30 | train acc: 0.6227, train loss: 1.08072347, valid acc: 0.6003, valid loss: 1.16863435, test acc: 0.5739, test loss: 1.23149715
[2026-06-26 02:01:08,274][root][INFO] - Epoch: 19 | train acc: 0.9762, train loss: 0.15346219, valid acc: 0.9623, valid loss: 0.13861946, test acc: 0.9311, test loss: 0.51478759
[2026-06-26 02:01:08,694][root][INFO] - Epoch: 30 | train acc: 0.6259, train loss: 1.16301198, valid acc: 0.5793, valid loss: 1.27783976, test acc: 0.5709, test loss: 1.24609044
[2026-06-26 02:01:09,038][root][INFO] - Epoch: 30 | train acc: 0.5913, train loss: 1.16791010, valid acc: 0.5755, valid loss: 1.26917896, test acc: 0.5493, test loss: 1.34919219
[2026-06-26 02:01:10,093][root][INFO] - reg loss: 6.060852477159449, entropy loss: 0.2092151082855053, leaf dev: 0.09557701647281647
[2026-06-26 02:01:10,094][root][INFO] - Val leaf stats: tensor([0.0150, 0.0008, 0.0855, 0.3615, 0.0756, 0.0034, 0.0004, 0.0498, 0.0013,
        0.0311, 0.1402, 0.1727, 0.0022, 0.0092, 0.0507, 0.0006])
[2026-06-26 02:01:10,363][root][INFO] - Epoch: 31 | train acc: 0.5993, train loss: 1.18638253, valid acc: 0.5620, valid loss: 1.30891178, test acc: 0.5459, test loss: 1.30711722
[2026-06-26 02:01:10,475][root][INFO] - Epoch: 18 | train acc: 0.9795, train loss: 0.28532529, valid acc: 0.9617, valid loss: 0.13999821, test acc: 0.9289, test loss: 0.60393267
[2026-06-26 02:01:10,834][root][INFO] - reg loss: 6.182802598943155, entropy loss: 0.13591323501218563, leaf dev: 0.09900695085525513
[2026-06-26 02:01:10,835][root][INFO] - Val leaf stats: tensor([2.8016e-03, 1.2140e-03, 1.2710e-01, 6.8267e-02, 3.2873e-02, 4.3892e-03,
        9.3388e-05, 2.2133e-02, 2.1479e-03, 4.0344e-02, 3.0454e-01, 2.8483e-01,
        4.6694e-04, 7.4710e-04, 1.0777e-01, 2.8016e-04])
[2026-06-26 02:01:11,097][root][INFO] - reg loss: 4.192664036985303, entropy loss: 0.037065697314797856, leaf dev: 0.10639674216508865
[2026-06-26 02:01:11,098][root][INFO] - Val leaf stats: tensor([2.1604e-03, 6.0221e-02, 3.2406e-03, 5.4010e-04, 1.1477e-01, 1.2908e-01,
        2.7005e-04, 0.0000e+00, 1.2341e-01, 6.2112e-03, 1.5636e-01, 3.7807e-03,
        5.4010e-04, 2.7005e-04, 2.7005e-04, 3.9887e-01])
[2026-06-26 02:01:11,887][root][INFO] - Epoch: 30 | train acc: 0.5838, train loss: 1.14359369, valid acc: 0.5479, valid loss: 1.30363795, test acc: 0.5295, test loss: 1.31024042
[2026-06-26 02:01:12,161][root][INFO] - reg loss: 4.203427736876441, entropy loss: 0.03453453966095799, leaf dev: 0.10119102150201797
[2026-06-26 02:01:12,163][root][INFO] - Val leaf stats: tensor([2.3792e-01, 3.2136e-02, 8.1015e-04, 6.8053e-02, 2.7005e-04, 3.4297e-02,
        8.3716e-03, 2.7005e-04, 3.4297e-02, 2.1604e-03, 4.5909e-03, 1.8255e-01,
        0.0000e+00, 2.7005e-04, 3.3918e-01, 5.4820e-02])
[2026-06-26 02:01:12,409][root][INFO] - Epoch: 19 | train acc: 0.9813, train loss: 0.36229476, valid acc: 0.9626, valid loss: 0.13104689, test acc: 0.9127, test loss: 0.56240213
[2026-06-26 02:01:12,664][root][INFO] - reg loss: 4.1266092472389095, entropy loss: 0.01457941590151826, leaf dev: 0.13477401435375214
[2026-06-26 02:01:12,665][root][INFO] - Val leaf stats: tensor([5.4010e-04, 1.4313e-02, 6.2112e-03, 2.1604e-03, 0.0000e+00, 5.4010e-04,
        8.1015e-04, 8.8577e-02, 8.1015e-04, 2.7005e-04, 3.3837e-01, 6.1842e-02,
        1.0802e-03, 1.3503e-03, 4.5585e-01, 2.7275e-02])
[2026-06-26 02:01:12,785][root][INFO] - reg loss: 4.176352751059611, entropy loss: 0.02915363700785598, leaf dev: 0.10968844592571259
[2026-06-26 02:01:12,787][root][INFO] - Val leaf stats: tensor([6.4272e-02, 3.8563e-01, 1.9984e-02, 4.2938e-02, 8.1015e-04, 5.4010e-04,
        1.2692e-02, 3.8617e-02, 1.3503e-03, 2.7005e-04, 2.6222e-01, 2.6195e-02,
        1.0532e-02, 2.1604e-03, 1.2908e-01, 2.7005e-03])
[2026-06-26 02:01:13,321][root][INFO] - reg loss: 5.8480077950412, entropy loss: 0.21386782036571905, leaf dev: 0.07475844025611877
[2026-06-26 02:01:13,322][root][INFO] - Val leaf stats: tensor([0.0914, 0.0414, 0.0423, 0.0011, 0.0000, 0.0823, 0.2074, 0.0134, 0.2505,
        0.0804, 0.0049, 0.0011, 0.0023, 0.0070, 0.0840, 0.0904])
[2026-06-26 02:01:13,811][root][INFO] - Epoch: 19 | train acc: 0.9774, train loss: 0.66067209, valid acc: 0.9611, valid loss: 0.13553066, test acc: 0.9273, test loss: 0.46159991
[2026-06-26 02:01:14,449][root][INFO] - reg loss: 4.130915360372574, entropy loss: 0.014582353369256512, leaf dev: 0.12382430583238602
[2026-06-26 02:01:14,450][root][INFO] - Val leaf stats: tensor([0.0011, 0.4750, 0.1029, 0.0103, 0.0043, 0.0000, 0.0167, 0.1958, 0.0005,
        0.0008, 0.1231, 0.0005, 0.0248, 0.0416, 0.0000, 0.0024])
[2026-06-26 02:01:14,954][root][INFO] - reg loss: 5.698833301584557, entropy loss: 0.1475276637171942, leaf dev: 0.07318901270627975
[2026-06-26 02:01:14,955][root][INFO] - Val leaf stats: tensor([0.1430, 0.1055, 0.1114, 0.0012, 0.2112, 0.0415, 0.0719, 0.0342, 0.0082,
        0.0196, 0.0009, 0.0186, 0.0199, 0.0004, 0.2121, 0.0004])
[2026-06-26 02:01:15,807][root][INFO] - reg loss: 4.17604064159706, entropy loss: 0.03739007177655814, leaf dev: 0.10473651438951492
[2026-06-26 02:01:15,808][root][INFO] - Val leaf stats: tensor([1.7283e-02, 5.8061e-02, 2.7005e-04, 1.8904e-03, 2.7761e-01, 1.5501e-01,
        4.3208e-03, 0.0000e+00, 1.0802e-03, 1.3503e-03, 2.7275e-02, 2.7005e-02,
        1.3503e-03, 1.0802e-03, 9.1007e-02, 3.3540e-01])
[2026-06-26 02:01:16,903][root][INFO] - reg loss: 5.083014831341133, entropy loss: 0.07248119528962191, leaf dev: 0.10489088296890259
[2026-06-26 02:01:16,905][root][INFO] - Val leaf stats: tensor([1.2066e-01, 6.5372e-04, 7.0975e-03, 1.4961e-01, 6.9948e-02, 5.4165e-03,
        2.8016e-04, 1.2047e-02, 1.9612e-03, 5.8181e-02, 6.3971e-02, 4.1194e-01,
        6.5372e-04, 9.0867e-02, 6.6306e-03, 9.3388e-05])
[2026-06-26 02:01:18,857][root][INFO] - Epoch: 31 | train acc: 0.5927, train loss: 1.11605690, valid acc: 0.5442, valid loss: 1.30618392, test acc: 0.5378, test loss: 1.32932678
[2026-06-26 02:01:22,776][root][INFO] - reg loss: 4.190532692143174, entropy loss: 0.029311204512344032, leaf dev: 0.11750441044569016
[2026-06-26 02:01:22,777][root][INFO] - Val leaf stats: tensor([0.0178, 0.3160, 0.0019, 0.0027, 0.0011, 0.0000, 0.0000, 0.0894, 0.0030,
        0.0000, 0.3864, 0.0986, 0.0410, 0.0165, 0.0203, 0.0054])
[2026-06-26 02:01:27,741][root][INFO] - Epoch: 17 | train acc: 0.9722, train loss: 0.49708877, valid acc: 0.9597, valid loss: 0.14652744, test acc: 0.9322, test loss: 0.94128102
[2026-06-26 02:01:29,835][root][INFO] - Epoch: 31 | train acc: 0.6028, train loss: 1.23627194, valid acc: 0.5544, valid loss: 1.29243455, test acc: 0.5476, test loss: 1.27975172
[2026-06-26 02:01:30,341][root][INFO] - reg loss: 5.282788203506874, entropy loss: 0.10044378073757919, leaf dev: 0.09559419006109238
[2026-06-26 02:01:30,342][root][INFO] - Val leaf stats: tensor([1.8678e-04, 3.5712e-01, 1.4232e-01, 1.4942e-03, 7.3683e-02, 1.8584e-02,
        4.9963e-02, 3.7355e-04, 2.1479e-03, 1.0459e-02, 2.2413e-03, 1.8678e-03,
        1.1916e-01, 2.8016e-04, 6.0235e-02, 1.5988e-01])
[2026-06-26 02:01:32,473][root][INFO] - Epoch: 31 | train acc: 0.6301, train loss: 1.05889723, valid acc: 0.5957, valid loss: 1.19895013, test acc: 0.5643, test loss: 1.27330066
[2026-06-26 02:01:33,595][root][INFO] - reg loss: 4.182357272163767, entropy loss: 0.018063782027266065, leaf dev: 0.09301815181970596
[2026-06-26 02:01:33,596][root][INFO] - Val leaf stats: tensor([0.0289, 0.0046, 0.0005, 0.0019, 0.0257, 0.2287, 0.0343, 0.0005, 0.0000,
        0.1985, 0.0211, 0.0043, 0.0022, 0.0338, 0.1364, 0.2787])
[2026-06-26 02:01:35,209][root][INFO] - Epoch: 18 | train acc: 0.9715, train loss: 0.48278499, valid acc: 0.9600, valid loss: 0.14404208, test acc: 0.9279, test loss: 0.63133939
[2026-06-26 02:01:36,104][root][INFO] - reg loss: 4.252568862477287, entropy loss: 0.03424055492658107, leaf dev: 0.08309468626976013
[2026-06-26 02:01:36,106][root][INFO] - Val leaf stats: tensor([0.0408, 0.2971, 0.1064, 0.1734, 0.0211, 0.0883, 0.1253, 0.0008, 0.0005,
        0.0165, 0.0149, 0.1010, 0.0014, 0.0005, 0.0122, 0.0000])
[2026-06-26 02:01:37,430][root][INFO] - Epoch: 20 | train acc: 0.9799, train loss: 0.20585860, valid acc: 0.9633, valid loss: 0.13876220, test acc: 0.9317, test loss: 0.62666416
[2026-06-26 02:01:37,910][root][INFO] - reg loss: 5.240770259231486, entropy loss: 0.09547105940088393, leaf dev: 0.09021367132663727
[2026-06-26 02:01:37,911][root][INFO] - Val leaf stats: tensor([0.2387, 0.0167, 0.0008, 0.1324, 0.2018, 0.0047, 0.0000, 0.0021, 0.0018,
        0.0020, 0.2213, 0.1365, 0.0018, 0.0007, 0.0373, 0.0013])
[2026-06-26 02:01:38,037][root][INFO] - Epoch: 19 | train acc: 0.9778, train loss: 0.34142512, valid acc: 0.9627, valid loss: 0.13664564, test acc: 0.9134, test loss: 0.76286575
[2026-06-26 02:01:39,032][root][INFO] - Epoch: 31 | train acc: 0.6265, train loss: 1.16203873, valid acc: 0.5809, valid loss: 1.26619198, test acc: 0.5741, test loss: 1.22758278
[2026-06-26 02:01:39,352][root][INFO] - Epoch: 31 | train acc: 0.6338, train loss: 1.00438455, valid acc: 0.5841, valid loss: 1.21945613, test acc: 0.5837, test loss: 1.20235494
[2026-06-26 02:01:39,721][root][INFO] - Epoch: 20 | train acc: 0.9786, train loss: 0.59668748, valid acc: 0.9630, valid loss: 0.13415914, test acc: 0.9354, test loss: 0.58618824
[2026-06-26 02:01:40,016][root][INFO] - reg loss: 5.938709937706196, entropy loss: 0.13472306610099852, leaf dev: 0.0867992416024208
[2026-06-26 02:01:40,018][root][INFO] - Val leaf stats: tensor([8.9933e-02, 1.3821e-02, 4.7815e-02, 3.2695e-01, 7.1535e-02, 1.3074e-03,
        0.0000e+00, 7.3683e-02, 2.8016e-04, 4.2492e-02, 1.4456e-01, 1.5484e-01,
        1.8678e-04, 2.8390e-02, 2.8016e-04, 3.9223e-03])
[2026-06-26 02:01:40,060][root][INFO] - Epoch: 31 | train acc: 0.6171, train loss: 1.08786460, valid acc: 0.5998, valid loss: 1.19482090, test acc: 0.5795, test loss: 1.25225756
[2026-06-26 02:01:40,306][root][INFO] - reg loss: 5.824637607291892, entropy loss: 0.1313366233987152, leaf dev: 0.07122378051280975
[2026-06-26 02:01:40,307][root][INFO] - Val leaf stats: tensor([0.0295, 0.0004, 0.1164, 0.0618, 0.0713, 0.0067, 0.0000, 0.0418, 0.0017,
        0.0552, 0.0503, 0.1348, 0.0011, 0.0902, 0.2794, 0.0593])
[2026-06-26 02:01:41,468][root][INFO] - Epoch: 17 | train acc: 0.9693, train loss: 0.10799883, valid acc: 0.9572, valid loss: 0.14917273, test acc: 0.9279, test loss: 1.14260815
[2026-06-26 02:01:41,586][root][INFO] - Epoch: 31 | train acc: 0.6245, train loss: 1.10392482, valid acc: 0.5901, valid loss: 1.19158291, test acc: 0.5690, test loss: 1.27244542
[2026-06-26 02:01:42,237][root][INFO] - Epoch: 20 | train acc: 0.9775, train loss: 0.14693392, valid acc: 0.9627, valid loss: 0.13488674, test acc: 0.9281, test loss: 0.54092099
[2026-06-26 02:01:42,329][root][INFO] - reg loss: 4.802376108825522, entropy loss: 0.06512901728982648, leaf dev: 0.1103697344660759
[2026-06-26 02:01:42,330][root][INFO] - Val leaf stats: tensor([0.0096, 0.0049, 0.0013, 0.0028, 0.0892, 0.0075, 0.0966, 0.0727, 0.0014,
        0.0011, 0.0011, 0.0012, 0.0528, 0.3816, 0.2721, 0.0040])
[2026-06-26 02:01:42,423][root][INFO] - Epoch: 32 | train acc: 0.6023, train loss: 1.19223111, valid acc: 0.5676, valid loss: 1.29567614, test acc: 0.5422, test loss: 1.31019644
[2026-06-26 02:01:43,150][root][INFO] - reg loss: 4.127113123409083, entropy loss: 0.014412032531910255, leaf dev: 0.13379691541194916
[2026-06-26 02:01:43,151][root][INFO] - Val leaf stats: tensor([8.1015e-04, 1.5663e-02, 4.0508e-03, 2.7005e-03, 0.0000e+00, 1.3503e-03,
        8.1015e-04, 1.0235e-01, 5.4010e-04, 2.7005e-04, 2.9922e-01, 7.0483e-02,
        1.0802e-03, 8.1015e-04, 4.7448e-01, 2.5385e-02])
[2026-06-26 02:01:43,541][root][INFO] - Epoch: 31 | train acc: 0.5710, train loss: 1.18092931, valid acc: 0.5393, valid loss: 1.31704231, test acc: 0.5258, test loss: 1.34452921
[2026-06-26 02:01:43,631][root][INFO] - reg loss: 4.188741363462855, entropy loss: 0.03424323893717078, leaf dev: 0.10658825933933258
[2026-06-26 02:01:43,632][root][INFO] - Val leaf stats: tensor([2.7005e-04, 6.1572e-02, 1.8904e-03, 8.1015e-04, 1.0856e-01, 1.2260e-01,
        0.0000e+00, 0.0000e+00, 1.4961e-01, 9.4518e-03, 1.4016e-01, 3.7807e-03,
        5.4010e-04, 2.7005e-04, 2.7005e-04, 4.0022e-01])
[2026-06-26 02:01:44,040][root][INFO] - reg loss: 5.676153054313054, entropy loss: 0.19323049667020323, leaf dev: 0.09348414093255997
[2026-06-26 02:01:44,041][root][INFO] - Val leaf stats: tensor([0.0144, 0.0021, 0.0907, 0.3468, 0.0810, 0.0026, 0.0000, 0.0393, 0.0014,
        0.0318, 0.1422, 0.1800, 0.0021, 0.0101, 0.0549, 0.0007])
[2026-06-26 02:01:44,271][root][INFO] - reg loss: 4.189759324808589, entropy loss: 0.029701214222634425, leaf dev: 0.10003005713224411
[2026-06-26 02:01:44,272][root][INFO] - Val leaf stats: tensor([8.1555e-02, 3.6295e-01, 2.2144e-02, 5.1580e-02, 2.7005e-04, 5.4010e-04,
        2.1604e-02, 3.5377e-02, 8.1015e-04, 5.4010e-04, 2.0146e-01, 3.4567e-02,
        1.4853e-02, 3.2406e-03, 1.6527e-01, 3.2406e-03])
[2026-06-26 02:01:44,900][root][INFO] - reg loss: 6.221455778394427, entropy loss: 0.13631094329886967, leaf dev: 0.089154914021492
[2026-06-26 02:01:44,901][root][INFO] - Val leaf stats: tensor([5.3231e-03, 1.1207e-03, 1.4176e-01, 1.4905e-01, 4.9216e-02, 4.2025e-03,
        9.3388e-05, 2.7549e-02, 2.3347e-03, 3.5581e-02, 2.5700e-01, 2.5205e-01,
        7.4710e-04, 8.4049e-04, 7.3030e-02, 9.3388e-05])
[2026-06-26 02:01:45,951][root][INFO] - reg loss: 4.20868480400961, entropy loss: 0.03382733140568264, leaf dev: 0.10810542106628418
[2026-06-26 02:01:45,953][root][INFO] - Val leaf stats: tensor([0.1750, 0.0143, 0.0000, 0.0559, 0.0005, 0.0410, 0.0092, 0.0000, 0.0167,
        0.0054, 0.0049, 0.1869, 0.0005, 0.0019, 0.3986, 0.0891])
[2026-06-26 02:01:46,139][root][INFO] - reg loss: 4.141185252392878, entropy loss: 0.015299454316130428, leaf dev: 0.12073280662298203
[2026-06-26 02:01:46,142][root][INFO] - Val leaf stats: tensor([5.4010e-04, 4.4964e-01, 6.8593e-02, 1.0532e-02, 4.0508e-03, 2.7005e-04,
        1.8634e-02, 1.9660e-01, 1.0802e-03, 5.4010e-04, 1.8147e-01, 8.1015e-04,
        2.4575e-02, 3.9968e-02, 0.0000e+00, 2.7005e-03])
[2026-06-26 02:01:46,412][root][INFO] - Epoch: 19 | train acc: 0.9817, train loss: 0.27153164, valid acc: 0.9628, valid loss: 0.13914434, test acc: 0.9294, test loss: 0.63232754
[2026-06-26 02:01:46,808][root][INFO] - Epoch: 20 | train acc: 0.9812, train loss: 0.36072136, valid acc: 0.9605, valid loss: 0.14026467, test acc: 0.9129, test loss: 0.56032975
[2026-06-26 02:01:47,293][root][INFO] - Epoch: 20 | train acc: 0.9779, train loss: 0.65195083, valid acc: 0.9620, valid loss: 0.13378311, test acc: 0.9284, test loss: 0.45503077
[2026-06-26 02:01:47,752][root][INFO] - reg loss: 4.1796853894093, entropy loss: 0.036890277516890745, leaf dev: 0.09347089380025864
[2026-06-26 02:01:47,754][root][INFO] - Val leaf stats: tensor([0.0451, 0.0770, 0.0000, 0.0062, 0.2417, 0.1242, 0.0000, 0.0005, 0.0011,
        0.0014, 0.0454, 0.0600, 0.0005, 0.0014, 0.0799, 0.3157])
[2026-06-26 02:01:49,372][root][INFO] - reg loss: 5.7961349411616245, entropy loss: 0.20634357646974938, leaf dev: 0.07401038706302643
[2026-06-26 02:01:49,373][root][INFO] - Val leaf stats: tensor([0.0891, 0.0349, 0.0465, 0.0010, 0.0000, 0.0863, 0.2096, 0.0150, 0.2434,
        0.0787, 0.0050, 0.0010, 0.0026, 0.0067, 0.0856, 0.0944])
[2026-06-26 02:01:49,593][root][INFO] - reg loss: 5.6391631989252, entropy loss: 0.14726460492484783, leaf dev: 0.08006365597248077
[2026-06-26 02:01:49,595][root][INFO] - Val leaf stats: tensor([1.6530e-01, 1.1347e-01, 1.2140e-01, 1.4942e-03, 2.3543e-01, 5.1270e-02,
        1.7277e-02, 1.7557e-02, 7.2843e-03, 2.1292e-02, 9.3388e-04, 1.8771e-02,
        1.8771e-02, 1.8678e-04, 2.0938e-01, 1.8678e-04])
[2026-06-26 02:01:50,517][root][INFO] - reg loss: 5.127743458621716, entropy loss: 0.07169304725038943, leaf dev: 0.10334638506174088
[2026-06-26 02:01:50,519][root][INFO] - Val leaf stats: tensor([1.2309e-01, 5.6033e-04, 6.8173e-03, 1.4709e-01, 6.9948e-02, 5.4165e-03,
        1.8678e-04, 1.5876e-02, 2.0545e-03, 5.8087e-02, 6.4811e-02, 4.0549e-01,
        5.6033e-04, 9.3015e-02, 6.9107e-03, 9.3388e-05])
[2026-06-26 02:01:51,468][root][INFO] - Epoch: 32 | train acc: 0.6035, train loss: 1.08738138, valid acc: 0.5577, valid loss: 1.29887135, test acc: 0.5420, test loss: 1.32274844
[2026-06-26 02:01:55,752][root][INFO] - reg loss: 4.185203888377205, entropy loss: 0.02961867806486419, leaf dev: 0.11817266792058945
[2026-06-26 02:01:55,753][root][INFO] - Val leaf stats: tensor([0.0165, 0.2965, 0.0024, 0.0027, 0.0011, 0.0000, 0.0000, 0.0891, 0.0027,
        0.0000, 0.4056, 0.0907, 0.0467, 0.0176, 0.0232, 0.0051])
[2026-06-26 02:02:01,379][root][INFO] - Epoch: 18 | train acc: 0.9746, train loss: 0.47024888, valid acc: 0.9611, valid loss: 0.13433806, test acc: 0.9346, test loss: 0.97548883
[2026-06-26 02:02:02,027][root][INFO] - Epoch: 32 | train acc: 0.5868, train loss: 1.28692352, valid acc: 0.5069, valid loss: 1.48875530, test acc: 0.5012, test loss: 1.50542185
[2026-06-26 02:02:03,885][root][INFO] - Epoch: 32 | train acc: 0.6054, train loss: 1.12797933, valid acc: 0.5914, valid loss: 1.24615217, test acc: 0.5648, test loss: 1.29011855
[2026-06-26 02:02:03,975][root][INFO] - reg loss: 5.249234005256936, entropy loss: 0.09551444819206914, leaf dev: 0.09304572641849518
[2026-06-26 02:02:03,976][root][INFO] - Val leaf stats: tensor([2.8016e-04, 3.4124e-01, 1.3943e-01, 1.5876e-03, 7.3777e-02, 1.5502e-02,
        5.1737e-02, 1.8678e-04, 2.2413e-03, 1.0553e-02, 2.1479e-03, 1.8678e-03,
        1.1944e-01, 3.7355e-04, 6.9761e-02, 1.6987e-01])
[2026-06-26 02:02:05,484][root][INFO] - reg loss: 4.199926384159776, entropy loss: 0.018647358615378865, leaf dev: 0.12644504010677338
[2026-06-26 02:02:05,485][root][INFO] - Val leaf stats: tensor([0.0046, 0.0008, 0.0005, 0.0032, 0.0065, 0.0500, 0.0162, 0.0016, 0.0000,
        0.2142, 0.0316, 0.0032, 0.0059, 0.0478, 0.1310, 0.4829])
[2026-06-26 02:02:07,864][root][INFO] - reg loss: 4.262669516391441, entropy loss: 0.03268363415339931, leaf dev: 0.09340637177228928
[2026-06-26 02:02:07,865][root][INFO] - Val leaf stats: tensor([0.0543, 0.3551, 0.1302, 0.1599, 0.0070, 0.0470, 0.0629, 0.0000, 0.0008,
        0.0267, 0.0257, 0.1188, 0.0008, 0.0005, 0.0103, 0.0000])
[2026-06-26 02:02:09,310][root][INFO] - Epoch: 19 | train acc: 0.9735, train loss: 0.46200256, valid acc: 0.9615, valid loss: 0.14190798, test acc: 0.9288, test loss: 0.71881805
[2026-06-26 02:02:10,214][root][INFO] - Epoch: 32 | train acc: 0.6361, train loss: 1.13428570, valid acc: 0.5920, valid loss: 1.24353344, test acc: 0.5815, test loss: 1.23417737
[2026-06-26 02:02:11,002][root][INFO] - Epoch: 32 | train acc: 0.6268, train loss: 1.01200508, valid acc: 0.5817, valid loss: 1.23535601, test acc: 0.5744, test loss: 1.21991301
[2026-06-26 02:02:11,241][root][INFO] - Epoch: 20 | train acc: 0.9772, train loss: 0.32554569, valid acc: 0.9626, valid loss: 0.13692456, test acc: 0.9022, test loss: 0.82107206
[2026-06-26 02:02:11,378][root][INFO] - reg loss: 5.147197266735097, entropy loss: 0.09215785775865827, leaf dev: 0.09480753540992737
[2026-06-26 02:02:11,379][root][INFO] - Val leaf stats: tensor([0.2617, 0.0183, 0.0007, 0.0823, 0.2410, 0.0046, 0.0000, 0.0012, 0.0018,
        0.0008, 0.2080, 0.1374, 0.0018, 0.0005, 0.0387, 0.0013])
[2026-06-26 02:02:11,622][root][INFO] - Epoch: 32 | train acc: 0.6306, train loss: 1.04997032, valid acc: 0.5895, valid loss: 1.22231881, test acc: 0.5808, test loss: 1.24498469
[2026-06-26 02:02:11,625][root][INFO] - Epoch: 21 | train acc: 0.9805, train loss: 0.20602951, valid acc: 0.9597, valid loss: 0.13988446, test acc: 0.9326, test loss: 0.59431536
[2026-06-26 02:02:12,178][root][INFO] - Epoch: 32 | train acc: 0.6239, train loss: 1.10180428, valid acc: 0.5857, valid loss: 1.21324572, test acc: 0.5641, test loss: 1.26957591
[2026-06-26 02:02:12,717][root][INFO] - Epoch: 21 | train acc: 0.9796, train loss: 0.59628975, valid acc: 0.9625, valid loss: 0.13694941, test acc: 0.9336, test loss: 0.60881995
[2026-06-26 02:02:13,983][root][INFO] - reg loss: 5.739321988726419, entropy loss: 0.12233452443723325, leaf dev: 0.06711385399103165
[2026-06-26 02:02:13,984][root][INFO] - Val leaf stats: tensor([0.0304, 0.0004, 0.1339, 0.0629, 0.0713, 0.0067, 0.0000, 0.0414, 0.0014,
        0.0544, 0.0501, 0.1441, 0.0005, 0.0833, 0.2498, 0.0696])
[2026-06-26 02:02:14,266][root][INFO] - reg loss: 5.962044650284701, entropy loss: 0.1362476177789547, leaf dev: 0.08620291948318481
[2026-06-26 02:02:14,267][root][INFO] - Val leaf stats: tensor([7.5458e-02, 1.0646e-02, 5.3044e-02, 3.2452e-01, 7.1442e-02, 1.4008e-03,
        0.0000e+00, 7.0882e-02, 3.7355e-04, 5.3605e-02, 1.4456e-01, 1.5848e-01,
        3.7355e-04, 3.1565e-02, 9.3388e-05, 3.5487e-03])
[2026-06-26 02:02:14,308][root][INFO] - reg loss: 4.130358563094843, entropy loss: 0.014325225603629331, leaf dev: 0.1326880156993866
[2026-06-26 02:02:14,309][root][INFO] - Val leaf stats: tensor([0.0016, 0.0143, 0.0046, 0.0014, 0.0000, 0.0005, 0.0005, 0.0791, 0.0011,
        0.0008, 0.3373, 0.0894, 0.0011, 0.0008, 0.4448, 0.0227])
[2026-06-26 02:02:14,438][root][INFO] - Epoch: 33 | train acc: 0.5997, train loss: 1.19796610, valid acc: 0.4883, valid loss: 1.48053738, test acc: 0.4813, test loss: 1.49180375
[2026-06-26 02:02:15,073][root][INFO] - reg loss: 4.84584470526882, entropy loss: 0.06539484113454819, leaf dev: 0.11016753315925598
[2026-06-26 02:02:15,074][root][INFO] - Val leaf stats: tensor([0.0111, 0.0053, 0.0011, 0.0028, 0.0897, 0.0075, 0.0904, 0.0781, 0.0018,
        0.0010, 0.0010, 0.0013, 0.0505, 0.3689, 0.2888, 0.0007])
[2026-06-26 02:02:15,345][root][INFO] - Epoch: 32 | train acc: 0.5592, train loss: 1.22644482, valid acc: 0.5274, valid loss: 1.36695509, test acc: 0.5142, test loss: 1.37901434
[2026-06-26 02:02:15,445][root][INFO] - reg loss: 4.187322124105985, entropy loss: 0.03394182954655319, leaf dev: 0.10954930633306503
[2026-06-26 02:02:15,447][root][INFO] - Val leaf stats: tensor([1.3503e-03, 5.8601e-02, 2.1604e-03, 1.6203e-03, 1.4097e-01, 7.7505e-02,
        0.0000e+00, 2.7005e-04, 1.0019e-01, 1.1072e-02, 1.9336e-01, 4.8609e-03,
        5.4010e-04, 0.0000e+00, 5.4010e-04, 4.0697e-01])
[2026-06-26 02:02:15,642][root][INFO] - Epoch: 21 | train acc: 0.9787, train loss: 0.14395057, valid acc: 0.9597, valid loss: 0.14500777, test acc: 0.9306, test loss: 0.60354148
[2026-06-26 02:02:16,010][root][INFO] - reg loss: 4.186093979194516, entropy loss: 0.02820357701695356, leaf dev: 0.09856367111206055
[2026-06-26 02:02:16,011][root][INFO] - Val leaf stats: tensor([8.1015e-02, 3.5458e-01, 2.4845e-02, 9.0197e-02, 2.7005e-04, 2.7005e-04,
        9.7218e-03, 2.5925e-02, 2.7005e-04, 5.4010e-04, 1.8174e-01, 2.4845e-02,
        1.6743e-02, 4.8609e-03, 1.8012e-01, 4.0508e-03])
[2026-06-26 02:02:16,201][root][INFO] - Epoch: 18 | train acc: 0.9725, train loss: 0.09725652, valid acc: 0.9583, valid loss: 0.14999130, test acc: 0.9325, test loss: 1.20804086
[2026-06-26 02:02:16,581][root][INFO] - reg loss: 4.203131308321093, entropy loss: 0.03263515945462907, leaf dev: 0.10426764190196991
[2026-06-26 02:02:16,583][root][INFO] - Val leaf stats: tensor([1.3530e-01, 9.1817e-03, 2.7005e-04, 4.9959e-02, 3.7807e-03, 5.0770e-02,
        8.1015e-04, 0.0000e+00, 3.5107e-02, 1.1072e-02, 1.3233e-02, 2.7815e-01,
        5.4010e-04, 1.6203e-03, 3.4486e-01, 6.5352e-02])
[2026-06-26 02:02:18,542][root][INFO] - reg loss: 4.1498252055684075, entropy loss: 0.015816879993090865, leaf dev: 0.111376091837883
[2026-06-26 02:02:18,543][root][INFO] - Val leaf stats: tensor([8.1015e-04, 2.0848e-01, 1.2449e-01, 1.1342e-02, 2.7005e-03, 2.7005e-04,
        1.6473e-02, 1.2611e-01, 2.7005e-03, 2.7005e-04, 4.1156e-01, 4.0508e-03,
        4.9689e-02, 3.7537e-02, 0.0000e+00, 3.5107e-03])
[2026-06-26 02:02:18,593][root][INFO] - reg loss: 6.357880683172317, entropy loss: 0.13858421296669693, leaf dev: 0.09933444112539291
[2026-06-26 02:02:18,595][root][INFO] - Val leaf stats: tensor([5.6967e-03, 1.1207e-03, 1.4522e-01, 8.5450e-02, 5.3511e-02, 4.2025e-03,
        1.8678e-04, 2.4094e-02, 2.3347e-03, 3.8289e-02, 1.9527e-01, 3.6459e-01,
        8.4049e-04, 9.3388e-04, 7.8072e-02, 1.8678e-04])
[2026-06-26 02:02:19,130][root][INFO] - reg loss: 5.66122600262758, entropy loss: 0.19084832072257996, leaf dev: 0.087203249335289
[2026-06-26 02:02:19,131][root][INFO] - Val leaf stats: tensor([1.3728e-02, 9.3388e-04, 5.7154e-02, 2.9464e-01, 7.8633e-02, 3.6421e-03,
        9.3388e-05, 5.4258e-02, 8.4049e-04, 3.3620e-02, 1.5288e-01, 2.1414e-01,
        1.8678e-03, 1.1580e-02, 8.1621e-02, 3.7355e-04])
[2026-06-26 02:02:19,641][root][INFO] - reg loss: 4.189823455497867, entropy loss: 0.03659629724064811, leaf dev: 0.1007232740521431
[2026-06-26 02:02:19,643][root][INFO] - Val leaf stats: tensor([4.7529e-02, 6.5352e-02, 0.0000e+00, 3.7807e-03, 3.3648e-01, 1.5069e-01,
        5.4010e-04, 2.7005e-04, 5.4010e-04, 5.4010e-04, 5.7521e-02, 2.4305e-03,
        2.7005e-04, 3.7807e-03, 8.0475e-02, 2.4980e-01])
[2026-06-26 02:02:20,323][root][INFO] - Epoch: 21 | train acc: 0.9829, train loss: 0.35085854, valid acc: 0.9638, valid loss: 0.13251154, test acc: 0.9052, test loss: 0.58130655
[2026-06-26 02:02:20,802][root][INFO] - Epoch: 21 | train acc: 0.9782, train loss: 0.62164145, valid acc: 0.9613, valid loss: 0.13853602, test acc: 0.9299, test loss: 0.51341685
[2026-06-26 02:02:22,270][root][INFO] - Epoch: 20 | train acc: 0.9829, train loss: 0.26402808, valid acc: 0.9626, valid loss: 0.14163526, test acc: 0.9267, test loss: 0.65431047
[2026-06-26 02:02:23,311][root][INFO] - reg loss: 5.647398406235629, entropy loss: 0.1448201969975517, leaf dev: 0.07669418305158615
[2026-06-26 02:02:23,312][root][INFO] - Val leaf stats: tensor([1.6390e-01, 1.1954e-01, 1.1758e-01, 1.4008e-03, 2.1545e-01, 3.6421e-02,
        4.1931e-02, 2.4281e-02, 7.1909e-03, 2.1759e-02, 9.3388e-04, 1.8864e-02,
        1.9798e-02, 9.3388e-05, 2.1068e-01, 1.8678e-04])
[2026-06-26 02:02:23,676][root][INFO] - reg loss: 4.977057315685131, entropy loss: 0.06796229382356007, leaf dev: 0.09470522403717041
[2026-06-26 02:02:23,678][root][INFO] - Val leaf stats: tensor([1.3186e-01, 6.5372e-04, 7.3777e-03, 1.7548e-01, 7.0134e-02, 4.7628e-03,
        1.8678e-04, 1.4475e-02, 2.1479e-03, 5.7620e-02, 8.8158e-02, 3.5347e-01,
        7.4710e-04, 8.7038e-02, 5.7901e-03, 9.3388e-05])
[2026-06-26 02:02:24,069][root][INFO] - Epoch: 33 | train acc: 0.6131, train loss: 1.06692520, valid acc: 0.5685, valid loss: 1.26708947, test acc: 0.5614, test loss: 1.29470199
[2026-06-26 02:02:24,991][root][INFO] - reg loss: 5.783733304846224, entropy loss: 0.2032495845877935, leaf dev: 0.07094177603721619
[2026-06-26 02:02:24,992][root][INFO] - Val leaf stats: tensor([0.0753, 0.0388, 0.0457, 0.0009, 0.0000, 0.0905, 0.1982, 0.0227, 0.2346,
        0.0781, 0.0052, 0.0008, 0.0031, 0.0092, 0.0915, 0.1055])
[2026-06-26 02:02:28,348][root][INFO] - reg loss: 4.1816243734516085, entropy loss: 0.02930759211055568, leaf dev: 0.1182691901922226
[2026-06-26 02:02:28,349][root][INFO] - Val leaf stats: tensor([0.0170, 0.3062, 0.0022, 0.0030, 0.0011, 0.0000, 0.0000, 0.0891, 0.0019,
        0.0000, 0.4005, 0.0794, 0.0505, 0.0173, 0.0267, 0.0051])
[2026-06-26 02:02:33,585][root][INFO] - Epoch: 33 | train acc: 0.5063, train loss: 1.49963816, valid acc: 0.4791, valid loss: 1.49134737, test acc: 0.4737, test loss: 1.52808179
[2026-06-26 02:02:34,297][root][INFO] - Epoch: 19 | train acc: 0.9774, train loss: 0.45166559, valid acc: 0.9603, valid loss: 0.14160659, test acc: 0.9352, test loss: 0.97280600
[2026-06-26 02:02:36,498][root][INFO] - Epoch: 33 | train acc: 0.6291, train loss: 1.07118444, valid acc: 0.5982, valid loss: 1.21859130, test acc: 0.5763, test loss: 1.26137234
[2026-06-26 02:02:36,918][root][INFO] - reg loss: 5.251738245525058, entropy loss: 0.09295330973213943, leaf dev: 0.09132174402475357
[2026-06-26 02:02:36,919][root][INFO] - Val leaf stats: tensor([9.3388e-05, 3.2985e-01, 1.3364e-01, 1.3074e-03, 7.4991e-02, 1.5502e-02,
        4.0717e-02, 3.7355e-04, 2.4281e-03, 1.0646e-02, 2.0545e-03, 1.8678e-03,
        9.6657e-02, 2.8016e-04, 1.1309e-01, 1.7650e-01])
[2026-06-26 02:02:37,074][root][INFO] - reg loss: 4.155710587736036, entropy loss: 0.016260830624425997, leaf dev: 0.13854661583900452
[2026-06-26 02:02:37,075][root][INFO] - Val leaf stats: tensor([0.0051, 0.0008, 0.0011, 0.0051, 0.0043, 0.0262, 0.0181, 0.0008, 0.0000,
        0.2803, 0.0602, 0.0054, 0.0051, 0.0170, 0.0570, 0.5134])
[2026-06-26 02:02:40,798][root][INFO] - reg loss: 4.239189147949219, entropy loss: 0.03232824503154051, leaf dev: 0.09466090053319931
[2026-06-26 02:02:40,799][root][INFO] - Val leaf stats: tensor([0.0656, 0.3775, 0.1107, 0.1172, 0.0143, 0.0570, 0.0959, 0.0011, 0.0005,
        0.0273, 0.0205, 0.1007, 0.0005, 0.0000, 0.0111, 0.0000])
[2026-06-26 02:02:41,536][root][INFO] - Epoch: 20 | train acc: 0.9761, train loss: 0.44967460, valid acc: 0.9628, valid loss: 0.13327896, test acc: 0.9290, test loss: 0.74002841
[2026-06-26 02:02:42,298][root][INFO] - Epoch: 33 | train acc: 0.6414, train loss: 1.12121125, valid acc: 0.5936, valid loss: 1.21967648, test acc: 0.5854, test loss: 1.21845506
[2026-06-26 02:02:42,316][root][INFO] - Epoch: 33 | train acc: 0.6387, train loss: 0.99753146, valid acc: 0.5928, valid loss: 1.23426257, test acc: 0.5884, test loss: 1.20083652
[2026-06-26 02:02:43,285][root][INFO] - Epoch: 33 | train acc: 0.6366, train loss: 1.03112201, valid acc: 0.6090, valid loss: 1.20855990, test acc: 0.5891, test loss: 1.24401565
[2026-06-26 02:02:44,346][root][INFO] - reg loss: 5.15059852095508, entropy loss: 0.09110614566733598, leaf dev: 0.09030406922101974
[2026-06-26 02:02:44,347][root][INFO] - Val leaf stats: tensor([0.2279, 0.0253, 0.0007, 0.0891, 0.2357, 0.0049, 0.0000, 0.0008, 0.0014,
        0.0013, 0.2041, 0.1575, 0.0018, 0.0007, 0.0476, 0.0012])
[2026-06-26 02:02:44,506][root][INFO] - Epoch: 34 | train acc: 0.5441, train loss: 1.35492383, valid acc: 0.5541, valid loss: 1.31472631, test acc: 0.5427, test loss: 1.32732584
[2026-06-26 02:02:44,517][root][INFO] - Epoch: 22 | train acc: 0.9825, train loss: 0.19516105, valid acc: 0.9613, valid loss: 0.13330804, test acc: 0.9351, test loss: 0.60522687
[2026-06-26 02:02:45,163][root][INFO] - Epoch: 33 | train acc: 0.6240, train loss: 1.09836334, valid acc: 0.5971, valid loss: 1.20520764, test acc: 0.5709, test loss: 1.27659549
[2026-06-26 02:02:45,281][root][INFO] - Epoch: 22 | train acc: 0.9816, train loss: 0.56832180, valid acc: 0.9633, valid loss: 0.13899592, test acc: 0.9300, test loss: 0.63639621
[2026-06-26 02:02:45,953][root][INFO] - Epoch: 21 | train acc: 0.9804, train loss: 0.30965180, valid acc: 0.9651, valid loss: 0.13481547, test acc: 0.9082, test loss: 0.83691165
[2026-06-26 02:02:46,150][root][INFO] - Epoch: 33 | train acc: 0.5721, train loss: 1.18225157, valid acc: 0.5307, valid loss: 1.31274322, test acc: 0.5206, test loss: 1.34756075
[2026-06-26 02:02:46,179][root][INFO] - reg loss: 4.192582396210217, entropy loss: 0.03299745276081757, leaf dev: 0.10543457418680191
[2026-06-26 02:02:46,180][root][INFO] - Val leaf stats: tensor([1.0802e-03, 6.5082e-02, 1.6203e-03, 1.8904e-03, 1.1477e-01, 8.6957e-02,
        0.0000e+00, 5.4010e-04, 1.4718e-01, 1.6203e-02, 1.6392e-01, 4.5909e-03,
        1.0802e-03, 2.7005e-04, 5.4010e-04, 3.9427e-01])
[2026-06-26 02:02:46,416][root][INFO] - reg loss: 4.120821178936567, entropy loss: 0.013779888647135164, leaf dev: 0.13142052292823792
[2026-06-26 02:02:46,417][root][INFO] - Val leaf stats: tensor([0.0022, 0.0111, 0.0030, 0.0011, 0.0000, 0.0011, 0.0005, 0.0907, 0.0008,
        0.0008, 0.3292, 0.0932, 0.0011, 0.0011, 0.4423, 0.0219])
[2026-06-26 02:02:46,961][root][INFO] - reg loss: 5.909282843271892, entropy loss: 0.1334737297246065, leaf dev: 0.08649074286222458
[2026-06-26 02:02:46,962][root][INFO] - Val leaf stats: tensor([6.3411e-02, 8.0314e-03, 6.0329e-02, 3.1845e-01, 7.1535e-02, 1.4942e-03,
        0.0000e+00, 7.7979e-02, 2.8016e-04, 4.2959e-02, 1.4541e-01, 1.7426e-01,
        2.8016e-04, 3.1659e-02, 1.8678e-04, 3.7355e-03])
[2026-06-26 02:02:47,071][root][INFO] - reg loss: 4.178376541763056, entropy loss: 0.02744097784772271, leaf dev: 0.1019703596830368
[2026-06-26 02:02:47,072][root][INFO] - Val leaf stats: tensor([9.9649e-02, 3.6619e-01, 2.2144e-02, 5.0770e-02, 0.0000e+00, 5.4010e-04,
        5.4010e-03, 2.4305e-02, 2.7005e-04, 5.4010e-04, 1.8309e-01, 2.5115e-02,
        1.9444e-02, 7.2914e-03, 1.9012e-01, 5.1310e-03])
[2026-06-26 02:02:48,191][root][INFO] - reg loss: 4.8168236994869496, entropy loss: 0.06288918383695462, leaf dev: 0.10806503146886826
[2026-06-26 02:02:48,192][root][INFO] - Val leaf stats: tensor([0.0121, 0.0056, 0.0012, 0.0027, 0.0955, 0.0088, 0.0979, 0.0660, 0.0019,
        0.0009, 0.0010, 0.0013, 0.0609, 0.3639, 0.2796, 0.0006])
[2026-06-26 02:02:48,810][root][INFO] - reg loss: 5.677920727502732, entropy loss: 0.11881887573729116, leaf dev: 0.06727883964776993
[2026-06-26 02:02:48,811][root][INFO] - Val leaf stats: tensor([3.0258e-02, 3.7355e-04, 1.3121e-01, 6.1636e-02, 7.1255e-02, 6.8173e-03,
        9.3388e-05, 4.7068e-02, 1.5876e-03, 5.8181e-02, 5.0149e-02, 1.6539e-01,
        4.6694e-04, 7.6672e-02, 2.4253e-01, 5.6313e-02])
[2026-06-26 02:02:48,934][root][INFO] - reg loss: 4.164251444769687, entropy loss: 0.016173923693475176, leaf dev: 0.10366078466176987
[2026-06-26 02:02:48,936][root][INFO] - Val leaf stats: tensor([1.0802e-03, 3.1218e-01, 1.3692e-01, 1.1882e-02, 3.2406e-03, 2.7005e-04,
        1.8634e-02, 1.9876e-01, 2.4305e-03, 2.7005e-04, 2.5682e-01, 8.1015e-04,
        3.2406e-02, 2.1334e-02, 0.0000e+00, 2.9706e-03])
[2026-06-26 02:02:49,425][root][INFO] - Epoch: 22 | train acc: 0.9785, train loss: 0.14055882, valid acc: 0.9586, valid loss: 0.15065700, test acc: 0.9312, test loss: 0.59598642
[2026-06-26 02:02:49,942][root][INFO] - reg loss: 4.2105276623710255, entropy loss: 0.03136388429242079, leaf dev: 0.10524847358465195
[2026-06-26 02:02:49,949][root][INFO] - Val leaf stats: tensor([1.6878e-01, 1.1342e-02, 0.0000e+00, 5.3470e-02, 2.4305e-03, 4.8339e-02,
        5.4010e-03, 0.0000e+00, 2.8895e-02, 3.2406e-03, 8.9117e-03, 2.4737e-01,
        2.7005e-04, 1.6203e-03, 3.5917e-01, 6.0762e-02])
[2026-06-26 02:02:50,888][root][INFO] - reg loss: 4.160217855797439, entropy loss: 0.029090089143299667, leaf dev: 0.10077254474163055
[2026-06-26 02:02:50,889][root][INFO] - Val leaf stats: tensor([2.7275e-02, 6.1842e-02, 0.0000e+00, 3.2406e-03, 3.2028e-01, 1.4016e-01,
        0.0000e+00, 8.1015e-04, 5.4010e-04, 1.0802e-03, 6.2652e-02, 2.7005e-03,
        2.7005e-04, 3.5107e-03, 1.0559e-01, 2.7005e-01])
[2026-06-26 02:02:51,522][root][INFO] - reg loss: 6.085100330372967, entropy loss: 0.1317580449912283, leaf dev: 0.09708261489868164
[2026-06-26 02:02:51,524][root][INFO] - Val leaf stats: tensor([3.8289e-03, 1.4942e-03, 1.3336e-01, 3.4927e-02, 5.0897e-02, 3.7355e-03,
        9.3388e-05, 3.1565e-02, 2.4281e-03, 4.2865e-02, 2.2385e-01, 3.3246e-01,
        6.5372e-04, 6.5372e-04, 1.3700e-01, 1.8678e-04])
[2026-06-26 02:02:53,364][root][INFO] - Epoch: 19 | train acc: 0.9709, train loss: 0.10234219, valid acc: 0.9579, valid loss: 0.15295306, test acc: 0.9189, test loss: 1.19859287
[2026-06-26 02:02:53,825][root][INFO] - Epoch: 22 | train acc: 0.9815, train loss: 0.35221810, valid acc: 0.9588, valid loss: 0.14735068, test acc: 0.9164, test loss: 0.58015505
[2026-06-26 02:02:55,490][root][INFO] - Epoch: 22 | train acc: 0.9761, train loss: 0.62034410, valid acc: 0.9562, valid loss: 0.14613410, test acc: 0.9241, test loss: 0.60121489
[2026-06-26 02:02:55,548][root][INFO] - Epoch: 34 | train acc: 0.6065, train loss: 1.07684551, valid acc: 0.5655, valid loss: 1.31062225, test acc: 0.5550, test loss: 1.32602688
[2026-06-26 02:02:56,442][root][INFO] - reg loss: 5.689828501807319, entropy loss: 0.18534228079533452, leaf dev: 0.08302053809165955
[2026-06-26 02:02:56,443][root][INFO] - Val leaf stats: tensor([7.1909e-03, 1.4008e-03, 6.5745e-02, 2.6233e-01, 8.1341e-02, 3.2686e-03,
        9.3388e-05, 6.0049e-02, 7.4710e-04, 3.4927e-02, 2.0433e-01, 1.7893e-01,
        2.1479e-03, 1.0833e-02, 8.5730e-02, 9.3388e-04])
[2026-06-26 02:02:56,618][root][INFO] - reg loss: 5.725545015284624, entropy loss: 0.1439231072784101, leaf dev: 0.06867337971925735
[2026-06-26 02:02:56,619][root][INFO] - Val leaf stats: tensor([1.8145e-01, 1.1477e-01, 1.1617e-01, 1.4008e-03, 1.2047e-01, 3.2032e-02,
        1.1702e-01, 4.2865e-02, 7.2843e-03, 2.0452e-02, 9.3388e-04, 1.8491e-02,
        2.3254e-02, 1.8678e-04, 2.0303e-01, 1.8678e-04])
[2026-06-26 02:02:57,122][root][INFO] - Epoch: 21 | train acc: 0.9798, train loss: 0.27165008, valid acc: 0.9588, valid loss: 0.15221228, test acc: 0.9258, test loss: 0.45780247
[2026-06-26 02:02:57,862][root][INFO] - reg loss: 4.9732502074468705, entropy loss: 0.06662524304298496, leaf dev: 0.0930386334657669
[2026-06-26 02:02:57,886][root][INFO] - Val leaf stats: tensor([1.1982e-01, 3.7355e-04, 5.5099e-03, 1.1860e-01, 6.9574e-02, 4.4826e-03,
        0.0000e+00, 1.1393e-02, 2.0545e-03, 4.8468e-02, 9.4789e-02, 3.5217e-01,
        6.5372e-04, 1.5213e-01, 1.9892e-02, 9.3388e-05])
[2026-06-26 02:03:00,087][root][INFO] - reg loss: 4.1728978782403665, entropy loss: 0.029317935776026524, leaf dev: 0.11954989284276962
[2026-06-26 02:03:00,088][root][INFO] - Val leaf stats: tensor([0.0135, 0.2482, 0.0014, 0.0032, 0.0014, 0.0000, 0.0000, 0.1069, 0.0024,
        0.0000, 0.4405, 0.0705, 0.0570, 0.0159, 0.0340, 0.0051])
[2026-06-26 02:03:00,105][root][INFO] - reg loss: 5.759426886442477, entropy loss: 0.1990593674952391, leaf dev: 0.0698508471250534
[2026-06-26 02:03:00,106][root][INFO] - Val leaf stats: tensor([0.0650, 0.0399, 0.0371, 0.0008, 0.0000, 0.1081, 0.1576, 0.0259, 0.2431,
        0.0885, 0.0051, 0.0007, 0.0028, 0.0088, 0.0882, 0.1284])
[2026-06-26 02:03:05,549][root][INFO] - Epoch: 34 | train acc: 0.5148, train loss: 1.48485753, valid acc: 0.4896, valid loss: 1.42456616, test acc: 0.4838, test loss: 1.45585385
[2026-06-26 02:03:07,301][root][INFO] - Epoch: 20 | train acc: 0.9762, train loss: 0.43700210, valid acc: 0.9584, valid loss: 0.13926029, test acc: 0.9345, test loss: 0.99020160
[2026-06-26 02:03:08,611][root][INFO] - reg loss: 4.132450987081059, entropy loss: 0.016044339500978343, leaf dev: 0.13093432784080505
[2026-06-26 02:03:08,612][root][INFO] - Val leaf stats: tensor([0.0051, 0.0008, 0.0014, 0.0049, 0.0038, 0.0300, 0.0151, 0.0016, 0.0005,
        0.3084, 0.0610, 0.0092, 0.0194, 0.0224, 0.0516, 0.4648])
[2026-06-26 02:03:09,495][root][INFO] - Epoch: 34 | train acc: 0.6347, train loss: 1.04908736, valid acc: 0.5911, valid loss: 1.24740703, test acc: 0.5616, test loss: 1.29433137
[2026-06-26 02:03:09,589][root][INFO] - reg loss: 5.14034291171523, entropy loss: 0.08849314178423907, leaf dev: 0.09051965922117233
[2026-06-26 02:03:09,590][root][INFO] - Val leaf stats: tensor([0.0000e+00, 3.1827e-01, 1.4690e-01, 1.4942e-03, 7.2749e-02, 1.2794e-02,
        3.7262e-02, 9.3388e-05, 2.5215e-03, 1.0646e-02, 2.0545e-03, 1.8678e-03,
        1.4139e-01, 4.6694e-04, 8.1341e-02, 1.7015e-01])
[2026-06-26 02:03:13,390][root][INFO] - reg loss: 4.244199455761518, entropy loss: 0.03300329422975173, leaf dev: 0.09259738773107529
[2026-06-26 02:03:13,392][root][INFO] - Val leaf stats: tensor([0.0667, 0.3662, 0.0999, 0.1288, 0.0135, 0.1050, 0.0643, 0.0000, 0.0008,
        0.0243, 0.0221, 0.0972, 0.0005, 0.0000, 0.0105, 0.0000])
[2026-06-26 02:03:13,742][root][INFO] - Epoch: 34 | train acc: 0.6413, train loss: 0.98792933, valid acc: 0.5747, valid loss: 1.28970379, test acc: 0.5709, test loss: 1.23542807
[2026-06-26 02:03:13,790][root][INFO] - Epoch: 34 | train acc: 0.6442, train loss: 1.00222259, valid acc: 0.6171, valid loss: 1.18247786, test acc: 0.5979, test loss: 1.20721827
[2026-06-26 02:03:13,803][root][INFO] - Epoch: 34 | train acc: 0.6214, train loss: 1.17910199, valid acc: 0.5663, valid loss: 1.30841482, test acc: 0.5668, test loss: 1.28354635
[2026-06-26 02:03:15,385][root][INFO] - Epoch: 21 | train acc: 0.9781, train loss: 0.43368947, valid acc: 0.9631, valid loss: 0.13229691, test acc: 0.9293, test loss: 0.78334485
[2026-06-26 02:03:17,278][root][INFO] - Epoch: 34 | train acc: 0.6321, train loss: 1.07713462, valid acc: 0.5947, valid loss: 1.17794555, test acc: 0.5687, test loss: 1.23510118
[2026-06-26 02:03:17,468][root][INFO] - Epoch: 35 | train acc: 0.5974, train loss: 1.19320535, valid acc: 0.5822, valid loss: 1.24737725, test acc: 0.5621, test loss: 1.26582816
[2026-06-26 02:03:17,613][root][INFO] - reg loss: 4.174059383204726, entropy loss: 0.027875835717212957, leaf dev: 0.10071159154176712
[2026-06-26 02:03:17,614][root][INFO] - Val leaf stats: tensor([8.5606e-02, 3.5701e-01, 2.1604e-02, 5.3470e-02, 0.0000e+00, 2.7005e-04,
        9.1817e-03, 2.8085e-02, 2.7005e-04, 5.4010e-04, 1.7499e-01, 2.3224e-02,
        2.1874e-02, 8.1015e-03, 2.0956e-01, 6.2112e-03])
[2026-06-26 02:03:17,683][root][INFO] - reg loss: 4.193435231193167, entropy loss: 0.03343704495517934, leaf dev: 0.11022540181875229
[2026-06-26 02:03:17,684][root][INFO] - Val leaf stats: tensor([1.3503e-03, 6.6703e-02, 8.1015e-04, 1.3503e-03, 4.8069e-02, 1.3043e-01,
        0.0000e+00, 0.0000e+00, 9.6948e-02, 1.7823e-02, 2.3251e-01, 4.8609e-03,
        1.3503e-03, 2.7005e-04, 1.0802e-03, 3.9644e-01])
[2026-06-26 02:03:17,702][root][INFO] - reg loss: 5.1530054006627, entropy loss: 0.08885769329216114, leaf dev: 0.08933725953102112
[2026-06-26 02:03:17,703][root][INFO] - Val leaf stats: tensor([0.2140, 0.0249, 0.0006, 0.0955, 0.2283, 0.0049, 0.0000, 0.0008, 0.0014,
        0.0015, 0.2072, 0.1717, 0.0019, 0.0008, 0.0452, 0.0010])
[2026-06-26 02:03:17,743][root][INFO] - reg loss: 4.116720543533075, entropy loss: 0.01363947334103897, leaf dev: 0.1425957828760147
[2026-06-26 02:03:17,744][root][INFO] - Val leaf stats: tensor([2.7005e-03, 4.8609e-03, 3.5107e-03, 0.0000e+00, 0.0000e+00, 8.1015e-04,
        2.7005e-04, 2.6195e-02, 2.1604e-03, 1.3503e-03, 2.6168e-01, 1.2773e-01,
        3.2406e-03, 5.4010e-04, 5.2984e-01, 3.5107e-02])
[2026-06-26 02:03:17,766][root][INFO] - Epoch: 34 | train acc: 0.5795, train loss: 1.16772091, valid acc: 0.5406, valid loss: 1.29786281, test acc: 0.5059, test loss: 1.37167226
[2026-06-26 02:03:17,920][root][INFO] - Epoch: 23 | train acc: 0.9822, train loss: 0.19633639, valid acc: 0.9555, valid loss: 0.15664204, test acc: 0.9289, test loss: 0.66493793
[2026-06-26 02:03:18,329][root][INFO] - Epoch: 22 | train acc: 0.9816, train loss: 0.30381262, valid acc: 0.9626, valid loss: 0.13298808, test acc: 0.9060, test loss: 0.90873509
[2026-06-26 02:03:19,661][root][INFO] - Epoch: 23 | train acc: 0.9740, train loss: 0.15338045, valid acc: 0.9570, valid loss: 0.15918301, test acc: 0.9280, test loss: 0.67365519
[2026-06-26 02:03:20,024][root][INFO] - Epoch: 23 | train acc: 0.9819, train loss: 0.55402920, valid acc: 0.9646, valid loss: 0.13097037, test acc: 0.9361, test loss: 0.65284376
[2026-06-26 02:03:20,620][root][INFO] - reg loss: 5.900086965510454, entropy loss: 0.13258110775203302, leaf dev: 0.08155252784490585
[2026-06-26 02:03:20,621][root][INFO] - Val leaf stats: tensor([7.9380e-02, 1.5783e-02, 4.6974e-02, 2.6877e-01, 7.1815e-02, 2.0545e-03,
        0.0000e+00, 6.0142e-02, 3.7355e-04, 5.3325e-02, 1.4569e-01, 2.1722e-01,
        9.3388e-05, 3.5021e-02, 2.8016e-04, 3.0818e-03])
[2026-06-26 02:03:21,176][root][INFO] - reg loss: 4.1899468234327975, entropy loss: 0.02991590569498109, leaf dev: 0.10237786918878555
[2026-06-26 02:03:21,178][root][INFO] - Val leaf stats: tensor([2.1064e-01, 1.3773e-02, 2.7005e-04, 2.4575e-02, 1.8904e-03, 4.9149e-02,
        4.5909e-03, 0.0000e+00, 4.3478e-02, 1.1072e-02, 8.1015e-03, 2.2603e-01,
        2.7005e-04, 0.0000e+00, 3.3810e-01, 6.8053e-02])
[2026-06-26 02:03:21,527][root][INFO] - reg loss: 5.674441847220931, entropy loss: 0.11807732110616391, leaf dev: 0.06914066523313522
[2026-06-26 02:03:21,528][root][INFO] - Val leaf stats: tensor([3.0071e-02, 4.6694e-04, 1.1748e-01, 6.2290e-02, 7.1162e-02, 6.5372e-03,
        9.3388e-05, 4.7628e-02, 1.8678e-03, 4.8095e-02, 5.1083e-02, 1.7987e-01,
        4.6694e-04, 8.1341e-02, 2.4795e-01, 5.3605e-02])
[2026-06-26 02:03:22,224][root][INFO] - reg loss: 4.142873435723977, entropy loss: 0.01517266972509564, leaf dev: 0.10756402462720871
[2026-06-26 02:03:22,226][root][INFO] - Val leaf stats: tensor([1.6203e-03, 3.5782e-01, 1.1909e-01, 9.4518e-03, 3.2406e-03, 0.0000e+00,
        2.0524e-02, 2.4305e-01, 8.1015e-04, 2.7005e-04, 1.7985e-01, 5.4010e-04,
        3.6997e-02, 2.2414e-02, 0.0000e+00, 4.3208e-03])
[2026-06-26 02:03:22,481][root][INFO] - reg loss: 6.030349090616539, entropy loss: 0.12908757044367059, leaf dev: 0.09118570387363434
[2026-06-26 02:03:22,482][root][INFO] - Val leaf stats: tensor([3.2126e-02, 6.5372e-04, 1.1814e-01, 7.1535e-02, 4.7068e-02, 4.2025e-03,
        9.3388e-05, 2.5962e-02, 2.0545e-03, 3.9410e-02, 1.4092e-01, 1.8930e-01,
        5.6033e-04, 6.5372e-04, 3.2705e-01, 2.8016e-04])
[2026-06-26 02:03:22,552][root][INFO] - reg loss: 4.161862271731017, entropy loss: 0.02947753902952202, leaf dev: 0.09127441048622131
[2026-06-26 02:03:22,553][root][INFO] - Val leaf stats: tensor([0.0926, 0.0699, 0.0000, 0.0014, 0.2647, 0.1221, 0.0000, 0.0014, 0.0005,
        0.0011, 0.0551, 0.0035, 0.0005, 0.0049, 0.1110, 0.2714])
[2026-06-26 02:03:22,806][root][INFO] - reg loss: 4.776895709769436, entropy loss: 0.061261198074413985, leaf dev: 0.10922139883041382
[2026-06-26 02:03:22,807][root][INFO] - Val leaf stats: tensor([0.0121, 0.0062, 0.0012, 0.0028, 0.0911, 0.0077, 0.0968, 0.0716, 0.0022,
        0.0011, 0.0009, 0.0013, 0.0531, 0.3667, 0.2847, 0.0004])
[2026-06-26 02:03:26,932][root][INFO] - Epoch: 35 | train acc: 0.6085, train loss: 1.07532380, valid acc: 0.5717, valid loss: 1.27236042, test acc: 0.5626, test loss: 1.27451396
[2026-06-26 02:03:27,792][root][INFO] - Epoch: 23 | train acc: 0.9822, train loss: 0.34732169, valid acc: 0.9628, valid loss: 0.13999722, test acc: 0.9312, test loss: 0.52987390
[2026-06-26 02:03:27,949][root][INFO] - Epoch: 23 | train acc: 0.9788, train loss: 0.58355286, valid acc: 0.9600, valid loss: 0.13790828, test acc: 0.9244, test loss: 0.62030223
[2026-06-26 02:03:28,977][root][INFO] - Epoch: 20 | train acc: 0.9747, train loss: 0.08880755, valid acc: 0.9582, valid loss: 0.15043268, test acc: 0.9153, test loss: 1.16807363
[2026-06-26 02:03:30,661][root][INFO] - reg loss: 4.913652324171924, entropy loss: 0.06348261266710266, leaf dev: 0.09471093118190765
[2026-06-26 02:03:30,662][root][INFO] - Val leaf stats: tensor([0.1219, 0.0004, 0.0067, 0.1236, 0.0697, 0.0047, 0.0000, 0.0118, 0.0021,
        0.0523, 0.0930, 0.3637, 0.0008, 0.1339, 0.0154, 0.0000])
[2026-06-26 02:03:30,865][root][INFO] - reg loss: 5.76398701894851, entropy loss: 0.14302799413128506, leaf dev: 0.07194522768259048
[2026-06-26 02:03:30,866][root][INFO] - Val leaf stats: tensor([1.7389e-01, 1.1954e-01, 1.2243e-01, 1.4942e-03, 1.6595e-01, 3.0258e-02,
        7.9287e-02, 2.6896e-02, 1.3541e-02, 1.4382e-02, 1.0273e-03, 1.4102e-02,
        2.7736e-02, 0.0000e+00, 2.0928e-01, 1.8678e-04])
[2026-06-26 02:03:31,268][root][INFO] - reg loss: 4.168366056973817, entropy loss: 0.029258076315287682, leaf dev: 0.11601080000400543
[2026-06-26 02:03:31,270][root][INFO] - Val leaf stats: tensor([0.0151, 0.2647, 0.0014, 0.0046, 0.0011, 0.0000, 0.0000, 0.0978, 0.0022,
        0.0000, 0.4167, 0.0627, 0.0708, 0.0170, 0.0405, 0.0057])
[2026-06-26 02:03:31,764][root][INFO] - Epoch: 22 | train acc: 0.9786, train loss: 0.26551605, valid acc: 0.9570, valid loss: 0.16117688, test acc: 0.9101, test loss: 0.47516959
[2026-06-26 02:03:31,922][root][INFO] - reg loss: 5.664239835486841, entropy loss: 0.18357344933603176, leaf dev: 0.08404110372066498
[2026-06-26 02:03:31,924][root][INFO] - Val leaf stats: tensor([6.3504e-03, 1.4942e-03, 5.7901e-02, 2.7017e-01, 7.2749e-02, 3.9223e-03,
        9.3388e-05, 6.0329e-02, 1.0273e-03, 2.7549e-02, 1.6623e-01, 2.1050e-01,
        2.0545e-03, 1.8491e-02, 1.0030e-01, 8.4049e-04])
[2026-06-26 02:03:34,599][root][INFO] - reg loss: 5.720314051108385, entropy loss: 0.19149828777111397, leaf dev: 0.07504109293222427
[2026-06-26 02:03:34,601][root][INFO] - Val leaf stats: tensor([0.0736, 0.0552, 0.0474, 0.0007, 0.0000, 0.1206, 0.2762, 0.0255, 0.1689,
        0.0638, 0.0051, 0.0009, 0.0013, 0.0053, 0.0746, 0.0808])
[2026-06-26 02:03:36,274][root][INFO] - Epoch: 35 | train acc: 0.5341, train loss: 1.41789902, valid acc: 0.5012, valid loss: 1.39071687, test acc: 0.4968, test loss: 1.42236628
[2026-06-26 02:03:39,477][root][INFO] - reg loss: 4.123852018450127, entropy loss: 0.015443876263548116, leaf dev: 0.13233843445777893
[2026-06-26 02:03:39,479][root][INFO] - Val leaf stats: tensor([0.0043, 0.0014, 0.0014, 0.0051, 0.0038, 0.0319, 0.0159, 0.0008, 0.0008,
        0.3046, 0.0591, 0.0132, 0.0146, 0.0113, 0.0589, 0.4729])
[2026-06-26 02:03:42,008][root][INFO] - Epoch: 21 | train acc: 0.9788, train loss: 0.42109338, valid acc: 0.9607, valid loss: 0.13785045, test acc: 0.9336, test loss: 0.99930186
[2026-06-26 02:03:42,229][root][INFO] - Epoch: 35 | train acc: 0.6421, train loss: 1.02595329, valid acc: 0.6079, valid loss: 1.20573757, test acc: 0.5827, test loss: 1.25379214
[2026-06-26 02:03:44,787][root][INFO] - reg loss: 5.1375407415723044, entropy loss: 0.0865968092093392, leaf dev: 0.08882792294025421
[2026-06-26 02:03:44,788][root][INFO] - Val leaf stats: tensor([1.8678e-04, 3.0304e-01, 1.4148e-01, 1.4942e-03, 7.3310e-02, 1.2701e-02,
        3.4087e-02, 1.8678e-04, 3.0818e-03, 1.0926e-02, 1.8678e-03, 1.8678e-03,
        1.4148e-01, 4.6694e-04, 8.8625e-02, 1.8519e-01])
[2026-06-26 02:03:46,033][root][INFO] - Epoch: 35 | train acc: 0.6365, train loss: 0.99032780, valid acc: 0.5944, valid loss: 1.20187993, test acc: 0.5898, test loss: 1.17633709
[2026-06-26 02:03:46,054][root][INFO] - Epoch: 35 | train acc: 0.6235, train loss: 1.19769571, valid acc: 0.5744, valid loss: 1.29687071, test acc: 0.5614, test loss: 1.29249009
[2026-06-26 02:03:46,074][root][INFO] - reg loss: 4.244074774570152, entropy loss: 0.03247583758269177, leaf dev: 0.08857385814189911
[2026-06-26 02:03:46,075][root][INFO] - Val leaf stats: tensor([0.0640, 0.3373, 0.0864, 0.1528, 0.0165, 0.0813, 0.1288, 0.0005, 0.0008,
        0.0192, 0.0124, 0.0856, 0.0011, 0.0005, 0.0127, 0.0000])
[2026-06-26 02:03:46,313][root][INFO] - Epoch: 35 | train acc: 0.6315, train loss: 1.07078135, valid acc: 0.5957, valid loss: 1.20266102, test acc: 0.5623, test loss: 1.27093965
[2026-06-26 02:03:46,440][root][INFO] - Epoch: 35 | train acc: 0.6517, train loss: 0.98624454, valid acc: 0.5992, valid loss: 1.21657339, test acc: 0.5889, test loss: 1.21830517
[2026-06-26 02:03:48,826][root][INFO] - Epoch: 22 | train acc: 0.9784, train loss: 0.42730373, valid acc: 0.9623, valid loss: 0.13508128, test acc: 0.9268, test loss: 0.80237620
[2026-06-26 02:03:49,743][root][INFO] - reg loss: 4.111036957287397, entropy loss: 0.014850493093005946, leaf dev: 0.13255637884140015
[2026-06-26 02:03:49,744][root][INFO] - Val leaf stats: tensor([5.9411e-03, 5.1310e-03, 8.1015e-04, 8.1015e-04, 2.7005e-04, 5.4010e-04,
        5.4010e-04, 4.2128e-02, 2.4305e-03, 8.1015e-04, 2.9220e-01, 1.0262e-01,
        2.1604e-03, 5.4010e-04, 4.7259e-01, 7.0483e-02])
[2026-06-26 02:03:50,141][root][INFO] - Epoch: 35 | train acc: 0.5499, train loss: 1.22651766, valid acc: 0.5252, valid loss: 1.35710628, test acc: 0.4890, test loss: 1.41790423
[2026-06-26 02:03:50,165][root][INFO] - Epoch: 36 | train acc: 0.6067, train loss: 1.15207364, valid acc: 0.5847, valid loss: 1.23908214, test acc: 0.5616, test loss: 1.28211460
[2026-06-26 02:03:50,397][root][INFO] - reg loss: 4.1825951670036945, entropy loss: 0.030047548110367823, leaf dev: 0.10418732464313507
[2026-06-26 02:03:50,398][root][INFO] - Val leaf stats: tensor([2.8382e-01, 2.0794e-02, 2.7005e-04, 3.6187e-02, 3.7807e-03, 5.2120e-02,
        5.6711e-03, 0.0000e+00, 2.4575e-02, 9.7218e-03, 6.7513e-03, 1.5717e-01,
        0.0000e+00, 0.0000e+00, 3.3216e-01, 6.6973e-02])
[2026-06-26 02:03:50,405][root][INFO] - reg loss: 4.193020633009613, entropy loss: 0.03455829089049433, leaf dev: 0.10720594972372055
[2026-06-26 02:03:50,407][root][INFO] - Val leaf stats: tensor([1.3503e-03, 6.9673e-02, 5.4010e-04, 8.1015e-04, 8.2636e-02, 1.1666e-01,
        0.0000e+00, 0.0000e+00, 1.3746e-01, 1.5663e-02, 1.6635e-01, 2.9706e-03,
        1.0802e-03, 2.7005e-04, 1.0802e-03, 4.0346e-01])
[2026-06-26 02:03:50,524][root][INFO] - reg loss: 4.17698124588513, entropy loss: 0.028402520374196473, leaf dev: 0.09498729556798935
[2026-06-26 02:03:50,525][root][INFO] - Val leaf stats: tensor([9.8839e-02, 3.3000e-01, 2.4845e-02, 5.4010e-02, 2.7005e-04, 5.4010e-04,
        1.2962e-02, 2.9976e-02, 2.7005e-04, 2.7005e-04, 1.7769e-01, 2.7275e-02,
        2.3224e-02, 1.0262e-02, 2.0389e-01, 5.6711e-03])
[2026-06-26 02:03:50,743][root][INFO] - reg loss: 5.13605981402927, entropy loss: 0.08814557432812989, leaf dev: 0.09033887833356857
[2026-06-26 02:03:50,744][root][INFO] - Val leaf stats: tensor([0.1897, 0.0223, 0.0006, 0.0913, 0.2379, 0.0056, 0.0000, 0.0007, 0.0014,
        0.0016, 0.2191, 0.1833, 0.0014, 0.0008, 0.0433, 0.0010])
[2026-06-26 02:03:51,805][root][INFO] - Epoch: 24 | train acc: 0.9714, train loss: 0.22230626, valid acc: 0.9539, valid loss: 0.16922070, test acc: 0.9440, test loss: 0.64419111
[2026-06-26 02:03:52,027][root][INFO] - Epoch: 23 | train acc: 0.9821, train loss: 0.29600883, valid acc: 0.9637, valid loss: 0.13792458, test acc: 0.9047, test loss: 0.96257934
[2026-06-26 02:03:53,365][root][INFO] - Epoch: 24 | train acc: 0.9790, train loss: 0.13832569, valid acc: 0.9612, valid loss: 0.13863209, test acc: 0.9340, test loss: 0.64159766
[2026-06-26 02:03:54,311][root][INFO] - Epoch: 24 | train acc: 0.9839, train loss: 0.53375390, valid acc: 0.9642, valid loss: 0.13502251, test acc: 0.9343, test loss: 0.68260538
[2026-06-26 02:03:54,560][root][INFO] - reg loss: 5.541797105597441, entropy loss: 0.12056810255088503, leaf dev: 0.08888454735279083
[2026-06-26 02:03:54,561][root][INFO] - Val leaf stats: tensor([2.8390e-02, 5.4165e-03, 1.4382e-02, 2.9669e-01, 6.9948e-02, 1.0273e-03,
        0.0000e+00, 1.9107e-01, 4.6694e-04, 5.2391e-02, 1.4559e-01, 1.6025e-01,
        6.5372e-04, 2.9978e-02, 1.8678e-04, 3.5487e-03])
[2026-06-26 02:03:54,680][root][INFO] - reg loss: 4.1679242868892485, entropy loss: 0.02929857767141256, leaf dev: 0.09314315021038055
[2026-06-26 02:03:54,681][root][INFO] - Val leaf stats: tensor([0.0818, 0.1261, 0.0000, 0.0019, 0.2177, 0.1231, 0.0000, 0.0011, 0.0005,
        0.0038, 0.0046, 0.0024, 0.0005, 0.0011, 0.1380, 0.2973])
[2026-06-26 02:03:54,728][root][INFO] - reg loss: 4.126648488591929, entropy loss: 0.0148731386747028, leaf dev: 0.11073078215122223
[2026-06-26 02:03:54,730][root][INFO] - Val leaf stats: tensor([5.4010e-04, 3.6916e-01, 1.0964e-01, 9.4518e-03, 3.2406e-03, 0.0000e+00,
        2.1334e-02, 2.6519e-01, 8.1015e-04, 2.7005e-04, 1.5987e-01, 0.0000e+00,
        3.3756e-02, 2.2954e-02, 2.7005e-04, 3.5107e-03])
[2026-06-26 02:03:55,199][root][INFO] - reg loss: 5.650044875170188, entropy loss: 0.1162839058057341, leaf dev: 0.06589760631322861
[2026-06-26 02:03:55,200][root][INFO] - Val leaf stats: tensor([2.9511e-02, 5.6033e-04, 1.1720e-01, 6.4905e-02, 7.1162e-02, 6.5372e-03,
        9.3388e-05, 4.6974e-02, 1.9612e-03, 5.1550e-02, 5.0710e-02, 1.7818e-01,
        4.6694e-04, 9.5816e-02, 2.2852e-01, 5.5846e-02])
[2026-06-26 02:03:56,032][root][INFO] - reg loss: 6.017716127728659, entropy loss: 0.12848968910319464, leaf dev: 0.08128669112920761
[2026-06-26 02:03:56,034][root][INFO] - Val leaf stats: tensor([1.8397e-02, 7.4710e-04, 1.3616e-01, 1.0908e-01, 5.2484e-02, 3.8289e-03,
        9.3388e-05, 2.7549e-02, 2.2413e-03, 4.0717e-02, 2.3851e-01, 2.0340e-01,
        5.6033e-04, 4.6694e-04, 1.6548e-01, 2.8016e-04])
[2026-06-26 02:03:57,131][root][INFO] - reg loss: 4.762121049184648, entropy loss: 0.05943759262719482, leaf dev: 0.10843326896429062
[2026-06-26 02:03:57,132][root][INFO] - Val leaf stats: tensor([0.0137, 0.0064, 0.0012, 0.0028, 0.0900, 0.0070, 0.1024, 0.0725, 0.0021,
        0.0010, 0.0010, 0.0013, 0.0522, 0.3646, 0.2812, 0.0004])
[2026-06-26 02:03:58,057][root][INFO] - Epoch: 36 | train acc: 0.6242, train loss: 1.03494911, valid acc: 0.5836, valid loss: 1.24524304, test acc: 0.5641, test loss: 1.27338078
[2026-06-26 02:04:02,424][root][INFO] - reg loss: 4.1697441867140475, entropy loss: 0.0293360174801506, leaf dev: 0.11314442753791809
[2026-06-26 02:04:02,425][root][INFO] - Val leaf stats: tensor([0.0170, 0.3014, 0.0016, 0.0054, 0.0011, 0.0000, 0.0000, 0.0940, 0.0022,
        0.0000, 0.3789, 0.0613, 0.0710, 0.0176, 0.0429, 0.0057])
[2026-06-26 02:04:02,546][root][INFO] - Epoch: 24 | train acc: 0.9791, train loss: 0.58112703, valid acc: 0.9615, valid loss: 0.13602319, test acc: 0.9289, test loss: 0.56059071
[2026-06-26 02:04:03,330][root][INFO] - Epoch: 24 | train acc: 0.9839, train loss: 0.33978131, valid acc: 0.9500, valid loss: 0.18055911, test acc: 0.9083, test loss: 0.59492179
[2026-06-26 02:04:03,509][root][INFO] - Epoch: 21 | train acc: 0.9726, train loss: 0.09590123, valid acc: 0.9545, valid loss: 0.15794223, test acc: 0.9141, test loss: 0.99335405
[2026-06-26 02:04:05,368][root][INFO] - reg loss: 4.8964667067956675, entropy loss: 0.06350692874067045, leaf dev: 0.0922328382730484
[2026-06-26 02:04:05,369][root][INFO] - Val leaf stats: tensor([1.2897e-01, 0.0000e+00, 7.9380e-03, 1.8257e-01, 6.9854e-02, 5.1363e-03,
        1.8678e-04, 9.9925e-03, 2.1479e-03, 5.0897e-02, 8.4703e-02, 3.3816e-01,
        9.3388e-04, 1.0357e-01, 1.4849e-02, 9.3388e-05])
[2026-06-26 02:04:05,852][root][INFO] - Epoch: 23 | train acc: 0.9753, train loss: 0.27145504, valid acc: 0.9600, valid loss: 0.15198194, test acc: 0.9144, test loss: 0.49024398
[2026-06-26 02:04:06,362][root][INFO] - reg loss: 5.6831279911061445, entropy loss: 0.14138473649188954, leaf dev: 0.07208410650491714
[2026-06-26 02:04:06,364][root][INFO] - Val leaf stats: tensor([1.0945e-01, 8.4329e-02, 7.7232e-02, 1.5876e-03, 2.3609e-01, 6.3971e-02,
        8.1621e-02, 6.1356e-02, 1.0926e-02, 2.0359e-02, 9.3388e-04, 1.7744e-02,
        2.5215e-02, 9.3388e-05, 2.0891e-01, 1.8678e-04])
[2026-06-26 02:04:07,005][root][INFO] - Epoch: 36 | train acc: 0.5372, train loss: 1.39989157, valid acc: 0.5139, valid loss: 1.40062392, test acc: 0.5044, test loss: 1.40867060
[2026-06-26 02:04:07,208][root][INFO] - reg loss: 5.62389785019809, entropy loss: 0.17780913562370987, leaf dev: 0.0823739543557167
[2026-06-26 02:04:07,209][root][INFO] - Val leaf stats: tensor([0.0139, 0.0018, 0.0784, 0.2788, 0.0918, 0.0037, 0.0003, 0.0473, 0.0012,
        0.0236, 0.1477, 0.1926, 0.0023, 0.0170, 0.0990, 0.0007])
[2026-06-26 02:04:08,629][root][INFO] - reg loss: 5.846882050630277, entropy loss: 0.18660683740699102, leaf dev: 0.07286563515663147
[2026-06-26 02:04:08,631][root][INFO] - Val leaf stats: tensor([1.0450e-01, 7.2189e-02, 3.8663e-02, 1.0273e-03, 1.8678e-04, 6.5558e-02,
        2.1787e-01, 1.0179e-02, 2.3001e-01, 6.9854e-02, 5.4165e-03, 5.6033e-04,
        2.5215e-03, 1.1580e-02, 9.6283e-02, 7.3590e-02])
[2026-06-26 02:04:10,808][root][INFO] - reg loss: 4.118268052085501, entropy loss: 0.014645370593691458, leaf dev: 0.12554819881916046
[2026-06-26 02:04:10,809][root][INFO] - Val leaf stats: tensor([0.0046, 0.0011, 0.0008, 0.0054, 0.0046, 0.0359, 0.0162, 0.0011, 0.0011,
        0.3057, 0.0602, 0.0146, 0.0027, 0.0024, 0.1102, 0.4334])
[2026-06-26 02:04:13,467][root][INFO] - Epoch: 36 | train acc: 0.6457, train loss: 1.02474547, valid acc: 0.6063, valid loss: 1.22325055, test acc: 0.5837, test loss: 1.24607007
[2026-06-26 02:04:16,204][root][INFO] - Epoch: 22 | train acc: 0.9792, train loss: 0.40601034, valid acc: 0.9603, valid loss: 0.13605270, test acc: 0.9315, test loss: 1.01662492
[2026-06-26 02:04:17,364][root][INFO] - reg loss: 4.243803985783311, entropy loss: 0.031880067478193615, leaf dev: 0.07997488975524902
[2026-06-26 02:04:17,365][root][INFO] - Val leaf stats: tensor([5.3200e-02, 2.8544e-01, 1.0127e-01, 1.7067e-01, 2.1874e-02, 9.0737e-02,
        1.2260e-01, 2.7005e-04, 2.7005e-04, 2.1334e-02, 1.7283e-02, 1.0046e-01,
        1.6203e-03, 5.4010e-04, 1.2422e-02, 0.0000e+00])
[2026-06-26 02:04:17,649][root][INFO] - Epoch: 36 | train acc: 0.6304, train loss: 1.16118868, valid acc: 0.5965, valid loss: 1.25881991, test acc: 0.5660, test loss: 1.30979189
[2026-06-26 02:04:18,649][root][INFO] - reg loss: 5.130561021269944, entropy loss: 0.08319433951977069, leaf dev: 0.09121125936508179
[2026-06-26 02:04:18,650][root][INFO] - Val leaf stats: tensor([2.8016e-04, 3.2938e-01, 1.4148e-01, 1.4008e-03, 7.2563e-02, 9.9925e-03,
        4.2678e-02, 1.0273e-03, 3.0818e-03, 1.1020e-02, 2.2413e-03, 1.8678e-03,
        1.2439e-01, 4.6694e-04, 9.2548e-02, 1.6558e-01])
[2026-06-26 02:04:19,081][root][INFO] - Epoch: 36 | train acc: 0.6274, train loss: 1.08491579, valid acc: 0.5971, valid loss: 1.19640186, test acc: 0.5675, test loss: 1.26554257
[2026-06-26 02:04:19,126][root][INFO] - Epoch: 36 | train acc: 0.6551, train loss: 0.98338370, valid acc: 0.6092, valid loss: 1.22360040, test acc: 0.5977, test loss: 1.24526540
[2026-06-26 02:04:19,400][root][INFO] - Epoch: 36 | train acc: 0.6493, train loss: 0.96584331, valid acc: 0.5909, valid loss: 1.20871475, test acc: 0.5874, test loss: 1.20727183
[2026-06-26 02:04:21,289][root][INFO] - Epoch: 37 | train acc: 0.6184, train loss: 1.13011715, valid acc: 0.5893, valid loss: 1.23090982, test acc: 0.5648, test loss: 1.28082269
[2026-06-26 02:04:21,372][root][INFO] - reg loss: 4.1181932355536786, entropy loss: 0.014668057428398093, leaf dev: 0.12066703289747238
[2026-06-26 02:04:21,373][root][INFO] - Val leaf stats: tensor([4.0508e-03, 6.7513e-03, 1.8904e-03, 5.4010e-04, 2.7005e-04, 2.7005e-04,
        8.1015e-04, 7.6154e-02, 7.2914e-03, 1.0802e-03, 3.3918e-01, 1.6095e-01,
        1.8904e-03, 8.1015e-04, 3.6457e-01, 3.3486e-02])
[2026-06-26 02:04:22,287][root][INFO] - Epoch: 23 | train acc: 0.9804, train loss: 0.42195997, valid acc: 0.9641, valid loss: 0.13205211, test acc: 0.9204, test loss: 0.71665381
[2026-06-26 02:04:22,457][root][INFO] - Epoch: 36 | train acc: 0.5285, train loss: 1.29356007, valid acc: 0.4861, valid loss: 1.47319423, test acc: 0.4607, test loss: 1.46795301
[2026-06-26 02:04:22,932][root][INFO] - reg loss: 4.170551651813945, entropy loss: 0.029940098401952962, leaf dev: 0.10689897835254669
[2026-06-26 02:04:22,933][root][INFO] - Val leaf stats: tensor([2.8355e-01, 1.9714e-02, 2.7005e-04, 3.6727e-02, 4.0508e-03, 5.1850e-02,
        5.9411e-03, 0.0000e+00, 2.2684e-02, 7.8315e-03, 5.4010e-04, 1.3422e-01,
        0.0000e+00, 2.7005e-04, 3.5215e-01, 8.0205e-02])
[2026-06-26 02:04:23,155][root][INFO] - reg loss: 4.187352633867108, entropy loss: 0.029266055826036655, leaf dev: 0.09162868559360504
[2026-06-26 02:04:23,156][root][INFO] - Val leaf stats: tensor([6.9673e-02, 2.9976e-01, 2.6195e-02, 7.8855e-02, 5.4010e-04, 1.0802e-03,
        1.2422e-02, 2.3765e-02, 2.7005e-04, 2.7005e-04, 1.8688e-01, 3.2136e-02,
        2.5655e-02, 1.1612e-02, 2.2198e-01, 8.9117e-03])
[2026-06-26 02:04:23,494][root][INFO] - reg loss: 4.197960079693403, entropy loss: 0.035524239610941685, leaf dev: 0.10775604099035263
[2026-06-26 02:04:23,496][root][INFO] - Val leaf stats: tensor([1.3503e-03, 6.6973e-02, 2.7005e-04, 2.1604e-03, 8.4256e-02, 1.0991e-01,
        0.0000e+00, 0.0000e+00, 1.8174e-01, 2.6465e-02, 1.1774e-01, 5.4010e-04,
        8.1015e-04, 2.7005e-04, 8.1015e-04, 4.0670e-01])
[2026-06-26 02:04:24,287][root][INFO] - reg loss: 5.146934357900468, entropy loss: 0.08793453517414275, leaf dev: 0.08975819498300552
[2026-06-26 02:04:24,288][root][INFO] - Val leaf stats: tensor([1.7753e-01, 2.3160e-02, 6.5372e-04, 9.1334e-02, 2.2320e-01, 5.7901e-03,
        0.0000e+00, 1.8678e-04, 1.3074e-03, 1.8678e-03, 2.1937e-01, 2.0723e-01,
        1.2140e-03, 1.3074e-03, 4.5013e-02, 8.4049e-04])
[2026-06-26 02:04:25,574][root][INFO] - Epoch: 24 | train acc: 0.9838, train loss: 0.28960916, valid acc: 0.9643, valid loss: 0.13205263, test acc: 0.9135, test loss: 0.95154439
[2026-06-26 02:04:25,647][root][INFO] - reg loss: 4.12356671348947, entropy loss: 0.014691902996330965, leaf dev: 0.11594633013010025
[2026-06-26 02:04:25,648][root][INFO] - Val leaf stats: tensor([2.7005e-04, 3.9400e-01, 8.9387e-02, 1.0262e-02, 0.0000e+00, 0.0000e+00,
        2.9436e-02, 2.8247e-01, 8.1015e-04, 5.4010e-04, 1.3692e-01, 0.0000e+00,
        2.9976e-02, 2.2414e-02, 0.0000e+00, 3.5107e-03])
[2026-06-26 02:04:26,478][root][INFO] - reg loss: 4.174039551469146, entropy loss: 0.0275844647320079, leaf dev: 0.10544586926698685
[2026-06-26 02:04:26,479][root][INFO] - Val leaf stats: tensor([2.2144e-02, 7.3184e-02, 2.7005e-04, 2.7005e-04, 1.8120e-01, 6.3462e-02,
        1.0802e-03, 1.6203e-03, 1.3503e-03, 9.7218e-03, 2.7005e-02, 3.3486e-02,
        8.6416e-03, 1.3503e-03, 1.8985e-01, 3.8536e-01])
[2026-06-26 02:04:26,944][root][INFO] - Epoch: 25 | train acc: 0.9814, train loss: 0.12841709, valid acc: 0.9584, valid loss: 0.15088980, test acc: 0.9305, test loss: 0.83547241
[2026-06-26 02:04:27,058][root][INFO] - Epoch: 25 | train acc: 0.9764, train loss: 0.19606910, valid acc: 0.9589, valid loss: 0.14030348, test acc: 0.9305, test loss: 0.70956733
[2026-06-26 02:04:28,189][root][INFO] - reg loss: 5.639450772098764, entropy loss: 0.11480841616158763, leaf dev: 0.06380787491798401
[2026-06-26 02:04:28,190][root][INFO] - Val leaf stats: tensor([2.9324e-02, 4.6694e-04, 1.1552e-01, 6.6025e-02, 7.1162e-02, 6.5372e-03,
        1.8678e-04, 4.5947e-02, 1.9612e-03, 6.0422e-02, 5.1550e-02, 1.7828e-01,
        4.6694e-04, 9.2454e-02, 2.1741e-01, 6.2290e-02])
[2026-06-26 02:04:28,961][root][INFO] - Epoch: 25 | train acc: 0.9837, train loss: 0.52855053, valid acc: 0.9615, valid loss: 0.14054890, test acc: 0.9333, test loss: 0.68945943
[2026-06-26 02:04:29,932][root][INFO] - reg loss: 5.997113023485456, entropy loss: 0.12579344910761667, leaf dev: 0.08829770982265472
[2026-06-26 02:04:29,933][root][INFO] - Val leaf stats: tensor([1.9705e-02, 1.3074e-03, 1.3373e-01, 1.1104e-01, 7.2376e-02, 3.9223e-03,
        9.3388e-05, 2.3160e-02, 1.7744e-03, 4.2211e-02, 2.4776e-01, 2.7475e-01,
        9.3388e-04, 6.5372e-04, 6.6306e-02, 2.8016e-04])
[2026-06-26 02:04:29,969][root][INFO] - reg loss: 5.421222532867755, entropy loss: 0.11359310922799287, leaf dev: 0.09320221841335297
[2026-06-26 02:04:29,971][root][INFO] - Val leaf stats: tensor([4.4733e-02, 7.5644e-03, 1.9985e-02, 3.4628e-01, 7.1255e-02, 1.4008e-03,
        0.0000e+00, 1.0002e-01, 3.7355e-04, 5.0523e-02, 1.4578e-01, 1.7436e-01,
        3.7355e-04, 3.3620e-02, 1.8678e-04, 3.5487e-03])
[2026-06-26 02:04:30,013][root][INFO] - Epoch: 37 | train acc: 0.6251, train loss: 1.02667658, valid acc: 0.5714, valid loss: 1.28383807, test acc: 0.5623, test loss: 1.29221448
[2026-06-26 02:04:32,484][root][INFO] - reg loss: 4.802471254237745, entropy loss: 0.05872350422635911, leaf dev: 0.10684656351804733
[2026-06-26 02:04:32,486][root][INFO] - Val leaf stats: tensor([0.0147, 0.0065, 0.0010, 0.0028, 0.0895, 0.0062, 0.1030, 0.0753, 0.0021,
        0.0009, 0.0011, 0.0013, 0.0597, 0.3602, 0.2754, 0.0004])
[2026-06-26 02:04:35,064][root][INFO] - reg loss: 4.167982023270404, entropy loss: 0.029755222626396866, leaf dev: 0.11456891149282455
[2026-06-26 02:04:35,065][root][INFO] - Val leaf stats: tensor([0.0146, 0.2592, 0.0014, 0.0035, 0.0011, 0.0000, 0.0068, 0.0816, 0.0019,
        0.0000, 0.4178, 0.0400, 0.0718, 0.0324, 0.0513, 0.0167])
[2026-06-26 02:04:35,964][root][INFO] - Epoch: 25 | train acc: 0.9802, train loss: 0.55950396, valid acc: 0.9620, valid loss: 0.13239063, test acc: 0.9257, test loss: 0.57814669
[2026-06-26 02:04:36,173][root][INFO] - Epoch: 25 | train acc: 0.9801, train loss: 0.33700165, valid acc: 0.9612, valid loss: 0.14355297, test acc: 0.9104, test loss: 0.58987494
[2026-06-26 02:04:36,977][root][INFO] - Epoch: 22 | train acc: 0.9773, train loss: 0.08204903, valid acc: 0.9597, valid loss: 0.14741714, test acc: 0.9170, test loss: 0.99821178
[2026-06-26 02:04:38,647][root][INFO] - reg loss: 4.84950375935388, entropy loss: 0.06124152422503189, leaf dev: 0.09888878464698792
[2026-06-26 02:04:38,648][root][INFO] - Val leaf stats: tensor([1.3532e-01, 4.6694e-04, 7.0041e-03, 1.6913e-01, 7.0228e-02, 4.6694e-03,
        3.7355e-04, 1.2421e-02, 2.0545e-03, 5.1270e-02, 5.7714e-02, 3.7309e-01,
        9.3388e-04, 1.0917e-01, 6.0702e-03, 9.3388e-05])
[2026-06-26 02:04:38,976][root][INFO] - reg loss: 5.562160075656951, entropy loss: 0.13402125373403861, leaf dev: 0.0690004900097847
[2026-06-26 02:04:38,977][root][INFO] - Val leaf stats: tensor([1.3980e-01, 8.7878e-02, 1.0656e-01, 1.5876e-03, 1.8005e-01, 3.4460e-02,
        1.1123e-01, 5.2297e-02, 9.6190e-03, 2.1573e-02, 8.4049e-04, 1.6716e-02,
        2.4561e-02, 1.8678e-04, 2.1246e-01, 1.8678e-04])
[2026-06-26 02:04:38,979][root][INFO] - Epoch: 37 | train acc: 0.5471, train loss: 1.36773343, valid acc: 0.5120, valid loss: 1.40366863, test acc: 0.5042, test loss: 1.40152730
[2026-06-26 02:04:39,760][root][INFO] - Epoch: 24 | train acc: 0.9819, train loss: 0.24508315, valid acc: 0.9617, valid loss: 0.14454085, test acc: 0.9192, test loss: 0.50896444
[2026-06-26 02:04:40,241][root][INFO] - reg loss: 5.504314006321014, entropy loss: 0.17904336553402048, leaf dev: 0.08487264066934586
[2026-06-26 02:04:40,243][root][INFO] - Val leaf stats: tensor([6.2570e-03, 1.6810e-03, 7.9100e-02, 2.9287e-01, 8.2088e-02, 3.9223e-03,
        2.8016e-04, 3.7822e-02, 1.2140e-03, 2.8577e-02, 1.5213e-01, 1.9182e-01,
        2.0545e-03, 2.1199e-02, 9.5256e-02, 3.7355e-03])
[2026-06-26 02:04:42,618][root][INFO] - reg loss: 5.6523277444183515, entropy loss: 0.18070284777848178, leaf dev: 0.07278890907764435
[2026-06-26 02:04:42,620][root][INFO] - Val leaf stats: tensor([9.0586e-02, 6.5372e-02, 4.3986e-02, 1.1207e-03, 9.3388e-05, 5.8087e-02,
        2.1638e-01, 1.4008e-02, 2.3216e-01, 7.8726e-02, 5.3231e-03, 6.5372e-04,
        2.7083e-03, 9.8991e-03, 1.0740e-01, 7.3496e-02])
[2026-06-26 02:04:43,208][root][INFO] - reg loss: 4.119131416570945, entropy loss: 0.013423729993280818, leaf dev: 0.11913447827100754
[2026-06-26 02:04:43,209][root][INFO] - Val leaf stats: tensor([0.0035, 0.0011, 0.0005, 0.0068, 0.0049, 0.0386, 0.0165, 0.0014, 0.0014,
        0.2468, 0.0937, 0.0259, 0.0027, 0.0027, 0.1188, 0.4348])
[2026-06-26 02:04:45,374][root][INFO] - Epoch: 37 | train acc: 0.6463, train loss: 1.02519205, valid acc: 0.5922, valid loss: 1.25708852, test acc: 0.5685, test loss: 1.29199828
[2026-06-26 02:04:48,943][root][INFO] - reg loss: 4.239876129588143, entropy loss: 0.030992504453561345, leaf dev: 0.10584812611341476
[2026-06-26 02:04:48,944][root][INFO] - Val leaf stats: tensor([7.0483e-02, 4.2884e-01, 3.8077e-02, 9.2087e-02, 1.8363e-02, 7.3184e-02,
        1.1990e-01, 1.6203e-03, 2.7005e-04, 2.1064e-02, 1.7553e-02, 1.0370e-01,
        1.0802e-03, 5.4010e-04, 1.3233e-02, 0.0000e+00])
[2026-06-26 02:04:49,272][root][INFO] - Epoch: 37 | train acc: 0.6330, train loss: 1.15464843, valid acc: 0.6125, valid loss: 1.18875579, test acc: 0.5808, test loss: 1.21426209
[2026-06-26 02:04:49,284][root][INFO] - Epoch: 37 | train acc: 0.6511, train loss: 0.99023175, valid acc: 0.6133, valid loss: 1.20420854, test acc: 0.6055, test loss: 1.19362741
[2026-06-26 02:04:50,416][root][INFO] - Epoch: 23 | train acc: 0.9799, train loss: 0.39891318, valid acc: 0.9554, valid loss: 0.15564501, test acc: 0.9323, test loss: 1.04041712
[2026-06-26 02:04:51,101][root][INFO] - Epoch: 37 | train acc: 0.6545, train loss: 0.95100504, valid acc: 0.6052, valid loss: 1.20248907, test acc: 0.5925, test loss: 1.20706926
[2026-06-26 02:04:51,751][root][INFO] - Epoch: 37 | train acc: 0.6319, train loss: 1.06583546, valid acc: 0.6082, valid loss: 1.16060714, test acc: 0.5768, test loss: 1.23651824
[2026-06-26 02:04:52,356][root][INFO] - Epoch: 38 | train acc: 0.6211, train loss: 1.11739811, valid acc: 0.5820, valid loss: 1.21427280, test acc: 0.5727, test loss: 1.26181133
[2026-06-26 02:04:52,800][root][INFO] - reg loss: 4.129403825666084, entropy loss: 0.014453915986003445, leaf dev: 0.11816757172346115
[2026-06-26 02:04:52,800][root][INFO] - Val leaf stats: tensor([1.0802e-03, 1.2422e-02, 2.1604e-03, 5.4010e-04, 2.7005e-04, 0.0000e+00,
        1.3503e-03, 1.2557e-01, 6.7513e-03, 1.8904e-03, 3.3675e-01, 1.4421e-01,
        1.3503e-03, 2.1604e-03, 3.4864e-01, 1.4853e-02])
[2026-06-26 02:04:52,821][root][INFO] - reg loss: 5.114408730199098, entropy loss: 0.08221235682093908, leaf dev: 0.1004430428147316
[2026-06-26 02:04:52,822][root][INFO] - Val leaf stats: tensor([4.6694e-04, 3.7645e-01, 1.3625e-01, 1.1207e-03, 7.2749e-02, 1.3821e-02,
        1.8584e-02, 3.7355e-04, 2.1479e-03, 1.0740e-02, 2.1479e-03, 1.8678e-03,
        1.3121e-01, 2.8016e-04, 7.3963e-02, 1.5783e-01])
[2026-06-26 02:04:52,997][root][INFO] - reg loss: 4.180703757239169, entropy loss: 0.028781855784234454, leaf dev: 0.09463804215192795
[2026-06-26 02:04:52,998][root][INFO] - Val leaf stats: tensor([5.6441e-02, 3.1893e-01, 2.7275e-02, 8.9117e-02, 8.1015e-04, 8.1015e-04,
        1.4853e-02, 3.2136e-02, 2.7005e-04, 2.7005e-04, 1.8769e-01, 2.3494e-02,
        1.9174e-02, 8.3716e-03, 2.1388e-01, 6.4812e-03])
[2026-06-26 02:04:54,064][root][INFO] - Epoch: 24 | train acc: 0.9807, train loss: 0.41050720, valid acc: 0.9566, valid loss: 0.16089889, test acc: 0.9263, test loss: 0.66625668
[2026-06-26 02:04:54,948][root][INFO] - Epoch: 37 | train acc: 0.5208, train loss: 1.31149270, valid acc: 0.5166, valid loss: 1.37782601, test acc: 0.4919, test loss: 1.40296279
[2026-06-26 02:04:55,172][root][INFO] - reg loss: 4.194731024445081, entropy loss: 0.034647205936127023, leaf dev: 0.11041631549596786
[2026-06-26 02:04:55,173][root][INFO] - Val leaf stats: tensor([8.1015e-04, 6.7243e-02, 1.0802e-03, 1.8904e-03, 8.1826e-02, 1.1315e-01,
        0.0000e+00, 2.7005e-04, 1.2179e-01, 2.3765e-02, 1.6041e-01, 1.0802e-03,
        1.0802e-03, 2.7005e-04, 8.1015e-04, 4.2452e-01])
[2026-06-26 02:04:56,339][root][INFO] - reg loss: 4.1687254280340476, entropy loss: 0.02711631418740163, leaf dev: 0.1023774966597557
[2026-06-26 02:04:56,340][root][INFO] - Val leaf stats: tensor([2.6141e-01, 1.8093e-02, 2.7005e-04, 3.8617e-02, 2.9706e-03, 5.0230e-02,
        6.2112e-03, 0.0000e+00, 3.3486e-02, 9.9919e-03, 1.0802e-03, 1.7256e-01,
        0.0000e+00, 5.4010e-04, 3.3297e-01, 7.1564e-02])
[2026-06-26 02:04:56,473][root][INFO] - reg loss: 4.1190598675462065, entropy loss: 0.014664139461199769, leaf dev: 0.11997846513986588
[2026-06-26 02:04:56,474][root][INFO] - Val leaf stats: tensor([2.7005e-04, 4.1372e-01, 5.8871e-02, 9.9919e-03, 0.0000e+00, 2.7005e-04,
        2.6195e-02, 2.8193e-01, 5.4010e-04, 5.4010e-04, 1.4772e-01, 0.0000e+00,
        3.4297e-02, 2.2684e-02, 0.0000e+00, 2.9706e-03])
[2026-06-26 02:04:56,785][root][INFO] - reg loss: 5.125163408814284, entropy loss: 0.08560591699585082, leaf dev: 0.09546183049678802
[2026-06-26 02:04:56,786][root][INFO] - Val leaf stats: tensor([1.6997e-01, 2.3254e-02, 6.5372e-04, 9.2734e-02, 2.2441e-01, 5.7901e-03,
        0.0000e+00, 2.8016e-04, 1.3074e-03, 1.9612e-03, 3.0127e-01, 1.3579e-01,
        1.1207e-03, 1.0273e-03, 3.9503e-02, 9.3388e-04])
[2026-06-26 02:04:59,002][root][INFO] - reg loss: 4.1818354559726405, entropy loss: 0.02827529505383773, leaf dev: 0.09828625619411469
[2026-06-26 02:04:59,003][root][INFO] - Val leaf stats: tensor([4.6719e-02, 6.4002e-02, 5.4010e-04, 2.7005e-04, 2.0416e-01, 8.6146e-02,
        0.0000e+00, 2.7005e-03, 5.4010e-04, 3.7807e-03, 3.8617e-02, 3.3756e-02,
        4.8609e-03, 1.6203e-03, 1.6095e-01, 3.5134e-01])
[2026-06-26 02:05:00,172][root][INFO] - Epoch: 25 | train acc: 0.9843, train loss: 0.28429520, valid acc: 0.9649, valid loss: 0.13451541, test acc: 0.9036, test loss: 0.96075978
[2026-06-26 02:05:00,193][root][INFO] - Epoch: 26 | train acc: 0.9772, train loss: 0.13687286, valid acc: 0.9592, valid loss: 0.15157369, test acc: 0.9153, test loss: 1.05488718
[2026-06-26 02:05:01,617][root][INFO] - Epoch: 38 | train acc: 0.6207, train loss: 1.04119450, valid acc: 0.5806, valid loss: 1.24624909, test acc: 0.5756, test loss: 1.25695691
[2026-06-26 02:05:01,798][root][INFO] - Epoch: 26 | train acc: 0.9813, train loss: 0.17614077, valid acc: 0.9621, valid loss: 0.13259919, test acc: 0.9333, test loss: 0.72103997
[2026-06-26 02:05:03,065][root][INFO] - reg loss: 5.660099208670318, entropy loss: 0.1136424249363324, leaf dev: 0.06840115785598755
[2026-06-26 02:05:03,066][root][INFO] - Val leaf stats: tensor([0.0186, 0.0005, 0.1325, 0.0742, 0.0712, 0.0064, 0.0005, 0.0455, 0.0019,
        0.0558, 0.0537, 0.1900, 0.0005, 0.0677, 0.2297, 0.0514])
[2026-06-26 02:05:03,220][root][INFO] - reg loss: 5.7030094868291625, entropy loss: 0.11653564070109967, leaf dev: 0.09847907721996307
[2026-06-26 02:05:03,221][root][INFO] - Val leaf stats: tensor([0.0129, 0.0015, 0.1645, 0.0223, 0.0049, 0.0024, 0.0000, 0.0214, 0.0021,
        0.1109, 0.2394, 0.3180, 0.0021, 0.0019, 0.0950, 0.0007])
[2026-06-26 02:05:04,084][root][INFO] - Epoch: 26 | train acc: 0.9846, train loss: 0.50398415, valid acc: 0.9634, valid loss: 0.13834896, test acc: 0.9317, test loss: 0.69733155
[2026-06-26 02:05:04,506][root][INFO] - reg loss: 5.370035338023352, entropy loss: 0.10974960466698995, leaf dev: 0.09209214895963669
[2026-06-26 02:05:04,508][root][INFO] - Val leaf stats: tensor([6.5558e-02, 1.4475e-02, 1.9331e-02, 3.4451e-01, 7.1442e-02, 1.5876e-03,
        0.0000e+00, 7.1442e-02, 2.8016e-04, 5.1830e-02, 1.4634e-01, 1.7510e-01,
        3.7355e-04, 3.4087e-02, 1.8678e-04, 3.4554e-03])
[2026-06-26 02:05:06,332][root][INFO] - reg loss: 4.164357615298912, entropy loss: 0.029459318634672244, leaf dev: 0.11243084818124771
[2026-06-26 02:05:06,333][root][INFO] - Val leaf stats: tensor([0.0149, 0.2649, 0.0014, 0.0032, 0.0011, 0.0000, 0.0014, 0.0848, 0.0019,
        0.0000, 0.4002, 0.0232, 0.0861, 0.0365, 0.0702, 0.0103])
[2026-06-26 02:05:07,178][root][INFO] - reg loss: 4.738858621587198, entropy loss: 0.05613132509053069, leaf dev: 0.112281933426857
[2026-06-26 02:05:07,180][root][INFO] - Val leaf stats: tensor([1.3635e-02, 6.0702e-03, 7.4710e-04, 2.8950e-03, 8.9933e-02, 6.8173e-03,
        9.6096e-02, 7.4617e-02, 2.1479e-03, 9.3388e-04, 9.3388e-04, 1.3074e-03,
        3.6795e-02, 3.8252e-01, 2.8418e-01, 3.7355e-04])
[2026-06-26 02:05:09,788][root][INFO] - Epoch: 26 | train acc: 0.9805, train loss: 0.52958009, valid acc: 0.9617, valid loss: 0.13551441, test acc: 0.9275, test loss: 0.77199171
[2026-06-26 02:05:10,070][root][INFO] - Epoch: 26 | train acc: 0.9847, train loss: 0.31542125, valid acc: 0.9584, valid loss: 0.15095085, test acc: 0.9034, test loss: 0.61101459
[2026-06-26 02:05:11,358][root][INFO] - Epoch: 23 | train acc: 0.9783, train loss: 0.07797085, valid acc: 0.9594, valid loss: 0.14452009, test acc: 0.9170, test loss: 0.94794497
[2026-06-26 02:05:12,065][root][INFO] - Epoch: 38 | train acc: 0.5406, train loss: 1.37051757, valid acc: 0.5334, valid loss: 1.36258626, test acc: 0.5179, test loss: 1.38238569
[2026-06-26 02:05:12,631][root][INFO] - reg loss: 4.839287924388098, entropy loss: 0.05766886111999315, leaf dev: 0.09458552300930023
[2026-06-26 02:05:12,632][root][INFO] - Val leaf stats: tensor([1.3962e-01, 4.6694e-04, 7.3777e-03, 1.7688e-01, 6.9761e-02, 4.6694e-03,
        1.8678e-04, 1.2701e-02, 2.1479e-03, 4.7068e-02, 6.7333e-02, 3.4666e-01,
        8.4049e-04, 1.1767e-01, 6.5372e-03, 9.3388e-05])
[2026-06-26 02:05:12,749][root][INFO] - reg loss: 5.500068619137719, entropy loss: 0.1309414170485325, leaf dev: 0.06859289109706879
[2026-06-26 02:05:12,750][root][INFO] - Val leaf stats: tensor([1.4783e-01, 9.1520e-02, 1.0413e-01, 1.6810e-03, 1.8220e-01, 2.9604e-02,
        9.1053e-02, 6.3037e-02, 9.9925e-03, 2.2693e-02, 9.3388e-04, 1.9145e-02,
        2.6149e-02, 9.3388e-05, 2.0975e-01, 1.8678e-04])
[2026-06-26 02:05:13,672][root][INFO] - reg loss: 5.485729757440153, entropy loss: 0.17447569083284448, leaf dev: 0.08571705222129822
[2026-06-26 02:05:13,673][root][INFO] - Val leaf stats: tensor([6.1636e-03, 1.5876e-03, 8.4890e-02, 2.8521e-01, 8.0687e-02, 3.9223e-03,
        2.8016e-04, 3.3340e-02, 8.4049e-04, 3.3246e-02, 1.6025e-01, 2.0555e-01,
        2.1479e-03, 1.4008e-02, 8.5077e-02, 2.8016e-03])
[2026-06-26 02:05:13,978][root][INFO] - Epoch: 25 | train acc: 0.9821, train loss: 0.24206588, valid acc: 0.9636, valid loss: 0.14346491, test acc: 0.9243, test loss: 0.49552670
[2026-06-26 02:05:15,649][root][INFO] - reg loss: 4.126246389795522, entropy loss: 0.013295161171404064, leaf dev: 0.11869119852781296
[2026-06-26 02:05:15,650][root][INFO] - Val leaf stats: tensor([1.3503e-03, 4.8609e-03, 2.7005e-04, 1.8904e-03, 5.6711e-03, 4.6719e-02,
        1.5663e-02, 2.4305e-03, 3.5107e-03, 2.4143e-01, 9.7218e-02, 1.9984e-02,
        2.7005e-03, 2.7005e-03, 1.1882e-01, 4.3478e-01])
[2026-06-26 02:05:16,400][root][INFO] - reg loss: 5.58200358587598, entropy loss: 0.17991892441555304, leaf dev: 0.07180038839578629
[2026-06-26 02:05:16,401][root][INFO] - Val leaf stats: tensor([5.5379e-02, 5.0056e-02, 5.7060e-02, 1.2140e-03, 9.3388e-05, 6.9481e-02,
        2.1573e-01, 2.7643e-02, 2.3207e-01, 8.6291e-02, 5.3231e-03, 6.5372e-04,
        1.4008e-03, 1.1020e-02, 9.5256e-02, 9.1334e-02])
[2026-06-26 02:05:17,328][root][INFO] - Epoch: 38 | train acc: 0.6398, train loss: 1.03206332, valid acc: 0.5982, valid loss: 1.23167314, test acc: 0.5692, test loss: 1.29151677
[2026-06-26 02:05:21,312][root][INFO] - reg loss: 4.226509680513476, entropy loss: 0.030548168254680323, leaf dev: 0.09522296488285065
[2026-06-26 02:05:21,314][root][INFO] - Val leaf stats: tensor([0.0383, 0.3619, 0.0348, 0.1747, 0.0151, 0.0918, 0.1010, 0.0005, 0.0005,
        0.0246, 0.0286, 0.1183, 0.0005, 0.0005, 0.0086, 0.0000])
[2026-06-26 02:05:21,509][root][INFO] - Epoch: 38 | train acc: 0.6548, train loss: 0.97696004, valid acc: 0.6049, valid loss: 1.23431662, test acc: 0.5815, test loss: 1.27717738
[2026-06-26 02:05:22,313][root][INFO] - Epoch: 38 | train acc: 0.6441, train loss: 1.11904419, valid acc: 0.6154, valid loss: 1.17492427, test acc: 0.5866, test loss: 1.20149049
[2026-06-26 02:05:22,968][root][INFO] - Epoch: 38 | train acc: 0.6599, train loss: 0.93067320, valid acc: 0.6011, valid loss: 1.19912658, test acc: 0.5920, test loss: 1.20723096
[2026-06-26 02:05:23,081][root][INFO] - Epoch: 39 | train acc: 0.6256, train loss: 1.11650065, valid acc: 0.5925, valid loss: 1.22352903, test acc: 0.5685, test loss: 1.24903227
[2026-06-26 02:05:23,719][root][INFO] - Epoch: 38 | train acc: 0.6458, train loss: 1.02350985, valid acc: 0.6152, valid loss: 1.17230361, test acc: 0.5800, test loss: 1.24164210
[2026-06-26 02:05:24,822][root][INFO] - Epoch: 24 | train acc: 0.9784, train loss: 0.39112630, valid acc: 0.9623, valid loss: 0.13738521, test acc: 0.9190, test loss: 1.22927916
[2026-06-26 02:05:25,382][root][INFO] - reg loss: 4.172910698124619, entropy loss: 0.028022716768452378, leaf dev: 0.10920558124780655
[2026-06-26 02:05:25,384][root][INFO] - Val leaf stats: tensor([5.4820e-02, 3.7240e-01, 1.2422e-02, 3.9968e-02, 0.0000e+00, 5.4010e-04,
        9.7218e-03, 3.3486e-02, 2.7005e-04, 2.7005e-04, 2.1172e-01, 1.7823e-02,
        6.4812e-03, 5.6711e-03, 2.2684e-01, 7.5614e-03])
[2026-06-26 02:05:25,791][root][INFO] - Epoch: 38 | train acc: 0.5544, train loss: 1.22089548, valid acc: 0.5255, valid loss: 1.36051091, test acc: 0.5103, test loss: 1.40100656
[2026-06-26 02:05:25,952][root][INFO] - Epoch: 25 | train acc: 0.9775, train loss: 0.43007629, valid acc: 0.9628, valid loss: 0.13401902, test acc: 0.9254, test loss: 0.68770535
[2026-06-26 02:05:26,109][root][INFO] - reg loss: 4.119022087972672, entropy loss: 0.013805414824822887, leaf dev: 0.1201355904340744
[2026-06-26 02:05:26,110][root][INFO] - Val leaf stats: tensor([0.0032, 0.0057, 0.0068, 0.0005, 0.0000, 0.0005, 0.0011, 0.1434, 0.0043,
        0.0005, 0.3548, 0.1294, 0.0008, 0.0005, 0.3400, 0.0084])
[2026-06-26 02:05:26,286][root][INFO] - reg loss: 4.19007872753456, entropy loss: 0.03452918000641416, leaf dev: 0.10767525434494019
[2026-06-26 02:05:26,287][root][INFO] - Val leaf stats: tensor([0.0011, 0.0694, 0.0016, 0.0014, 0.0851, 0.1132, 0.0000, 0.0000, 0.1348,
        0.0227, 0.1583, 0.0008, 0.0011, 0.0000, 0.0011, 0.4097])
[2026-06-26 02:05:26,907][root][INFO] - reg loss: 4.121853914417204, entropy loss: 0.014932439235023787, leaf dev: 0.11770466715097427
[2026-06-26 02:05:26,908][root][INFO] - Val leaf stats: tensor([2.7005e-04, 4.0751e-01, 5.2660e-02, 8.3716e-03, 0.0000e+00, 0.0000e+00,
        3.0786e-02, 2.6060e-01, 5.4010e-04, 5.4010e-04, 1.7499e-01, 2.7005e-04,
        3.6457e-02, 2.4305e-02, 0.0000e+00, 2.7005e-03])
[2026-06-26 02:05:27,553][root][INFO] - reg loss: 4.171660657788887, entropy loss: 0.026921717327882032, leaf dev: 0.10012537240982056
[2026-06-26 02:05:27,554][root][INFO] - Val leaf stats: tensor([0.2538, 0.0192, 0.0005, 0.0483, 0.0016, 0.0486, 0.0081, 0.0000, 0.0413,
        0.0051, 0.0014, 0.1790, 0.0000, 0.0008, 0.3238, 0.0683])
[2026-06-26 02:05:27,773][root][INFO] - reg loss: 5.064684121066301, entropy loss: 0.0791837496180383, leaf dev: 0.09098930656909943
[2026-06-26 02:05:27,774][root][INFO] - Val leaf stats: tensor([2.8016e-04, 3.2882e-01, 1.3597e-01, 1.4008e-03, 7.2843e-02, 1.7557e-02,
        3.7916e-02, 4.6694e-04, 2.2413e-03, 1.1020e-02, 1.9612e-03, 1.8678e-03,
        1.0422e-01, 3.7355e-04, 1.1020e-01, 1.7286e-01])
[2026-06-26 02:05:29,153][root][INFO] - reg loss: 5.173328470300745, entropy loss: 0.08743237901143927, leaf dev: 0.08421862870454788
[2026-06-26 02:05:29,155][root][INFO] - Val leaf stats: tensor([1.8341e-01, 2.3814e-02, 6.5372e-04, 9.7217e-02, 2.2086e-01, 5.4165e-03,
        0.0000e+00, 1.8678e-04, 1.8678e-03, 2.6149e-03, 2.0844e-01, 1.5138e-01,
        9.3388e-04, 2.1479e-03, 1.0021e-01, 8.4049e-04])
[2026-06-26 02:05:30,055][root][INFO] - reg loss: 4.170688042875196, entropy loss: 0.029338020556530016, leaf dev: 0.09131477773189545
[2026-06-26 02:05:30,056][root][INFO] - Val leaf stats: tensor([0.0980, 0.0910, 0.0005, 0.0005, 0.2890, 0.1237, 0.0000, 0.0062, 0.0005,
        0.0035, 0.0170, 0.0162, 0.0008, 0.0014, 0.1107, 0.2409])
[2026-06-26 02:05:32,685][root][INFO] - Epoch: 39 | train acc: 0.6326, train loss: 1.01002342, valid acc: 0.5866, valid loss: 1.22715535, test acc: 0.5847, test loss: 1.22799944
[2026-06-26 02:05:32,964][root][INFO] - Epoch: 26 | train acc: 0.9837, train loss: 0.27525599, valid acc: 0.9632, valid loss: 0.13842386, test acc: 0.9149, test loss: 0.93273299
[2026-06-26 02:05:33,757][root][INFO] - Epoch: 27 | train acc: 0.9791, train loss: 0.13006223, valid acc: 0.9614, valid loss: 0.14176192, test acc: 0.9302, test loss: 0.91398794
[2026-06-26 02:05:35,221][root][INFO] - Epoch: 27 | train acc: 0.9830, train loss: 0.17177941, valid acc: 0.9636, valid loss: 0.12763371, test acc: 0.9317, test loss: 0.73732593
[2026-06-26 02:05:35,804][root][INFO] - reg loss: 5.5598926014370385, entropy loss: 0.10878866851802856, leaf dev: 0.07116370648145676
[2026-06-26 02:05:35,805][root][INFO] - Val leaf stats: tensor([1.6530e-02, 1.8678e-04, 1.1664e-01, 7.9380e-02, 7.1068e-02, 6.8173e-03,
        5.6033e-04, 5.0803e-02, 1.8678e-03, 4.8188e-02, 5.2764e-02, 1.5736e-01,
        6.5372e-04, 6.0609e-02, 2.6933e-01, 6.7239e-02])
[2026-06-26 02:05:36,396][root][INFO] - reg loss: 5.8490240687415715, entropy loss: 0.11555199561611054, leaf dev: 0.09959236532449722
[2026-06-26 02:05:36,397][root][INFO] - Val leaf stats: tensor([0.0138, 0.0012, 0.1452, 0.0317, 0.0471, 0.0038, 0.0000, 0.0199, 0.0020,
        0.0537, 0.2447, 0.3433, 0.0007, 0.0007, 0.0736, 0.0187])
[2026-06-26 02:05:36,547][root][INFO] - Epoch: 27 | train acc: 0.9809, train loss: 0.52353280, valid acc: 0.9571, valid loss: 0.16337812, test acc: 0.9307, test loss: 1.17569282
[2026-06-26 02:05:37,481][root][INFO] - reg loss: 4.163695843493352, entropy loss: 0.028647757852908042, leaf dev: 0.10850139707326889
[2026-06-26 02:05:37,482][root][INFO] - Val leaf stats: tensor([0.0165, 0.2811, 0.0014, 0.0043, 0.0011, 0.0000, 0.0030, 0.0886, 0.0014,
        0.0000, 0.3675, 0.0116, 0.0915, 0.0383, 0.0818, 0.0119])
[2026-06-26 02:05:37,741][root][INFO] - reg loss: 5.423975422268822, entropy loss: 0.11015410082680839, leaf dev: 0.08995901048183441
[2026-06-26 02:05:37,742][root][INFO] - Val leaf stats: tensor([0.0636, 0.0162, 0.0208, 0.3373, 0.0714, 0.0014, 0.0000, 0.0793, 0.0004,
        0.0558, 0.1491, 0.1656, 0.0004, 0.0346, 0.0007, 0.0035])
[2026-06-26 02:05:39,166][root][INFO] - reg loss: 4.791584877740769, entropy loss: 0.05679519381866884, leaf dev: 0.09474584460258484
[2026-06-26 02:05:39,167][root][INFO] - Val leaf stats: tensor([0.0285, 0.0196, 0.0008, 0.0021, 0.1026, 0.0081, 0.2610, 0.0691, 0.0020,
        0.0008, 0.0017, 0.0013, 0.0409, 0.1832, 0.2778, 0.0004])
[2026-06-26 02:05:41,998][root][INFO] - Epoch: 27 | train acc: 0.9858, train loss: 0.30637827, valid acc: 0.9634, valid loss: 0.14387965, test acc: 0.9068, test loss: 0.60744867
[2026-06-26 02:05:42,787][root][INFO] - Epoch: 39 | train acc: 0.5546, train loss: 1.33738423, valid acc: 0.5377, valid loss: 1.35030925, test acc: 0.5226, test loss: 1.38671088
[2026-06-26 02:05:44,731][root][INFO] - reg loss: 5.473175767868284, entropy loss: 0.12854356295059596, leaf dev: 0.07046986371278763
[2026-06-26 02:05:44,732][root][INFO] - Val leaf stats: tensor([1.5026e-01, 9.8058e-02, 1.1468e-01, 1.4942e-03, 1.9191e-01, 3.2499e-02,
        8.6851e-02, 3.9503e-02, 8.9653e-03, 2.2693e-02, 9.3388e-04, 1.9705e-02,
        2.4654e-02, 9.3388e-05, 2.0751e-01, 1.8678e-04])
[2026-06-26 02:05:44,961][root][INFO] - Epoch: 27 | train acc: 0.9813, train loss: 0.51449280, valid acc: 0.9613, valid loss: 0.13591990, test acc: 0.9283, test loss: 0.58464781
[2026-06-26 02:05:45,041][root][INFO] - Epoch: 24 | train acc: 0.9789, train loss: 0.07654161, valid acc: 0.9601, valid loss: 0.14541922, test acc: 0.9196, test loss: 0.97964543
[2026-06-26 02:05:46,377][root][INFO] - Epoch: 26 | train acc: 0.9846, train loss: 0.23595878, valid acc: 0.9622, valid loss: 0.13914407, test acc: 0.9272, test loss: 0.51160537
[2026-06-26 02:05:46,784][root][INFO] - reg loss: 4.125543672530378, entropy loss: 0.013539248924763476, leaf dev: 0.12121471762657166
[2026-06-26 02:05:46,785][root][INFO] - Val leaf stats: tensor([1.8904e-03, 5.1310e-03, 2.7005e-04, 1.6203e-03, 7.0213e-03, 5.0500e-02,
        1.6473e-02, 2.1604e-03, 5.4010e-04, 2.5034e-01, 9.1007e-02, 1.8093e-02,
        2.7005e-03, 3.2406e-03, 1.0424e-01, 4.4477e-01])
[2026-06-26 02:05:47,288][root][INFO] - reg loss: 4.810637494243642, entropy loss: 0.05616797757132974, leaf dev: 0.0943046286702156
[2026-06-26 02:05:47,289][root][INFO] - Val leaf stats: tensor([1.3924e-01, 2.8016e-04, 7.9380e-03, 1.9546e-01, 7.0321e-02, 4.8562e-03,
        4.6694e-04, 1.5129e-02, 2.0545e-03, 4.9122e-02, 6.7706e-02, 3.4096e-01,
        8.4049e-04, 9.8711e-02, 6.8173e-03, 9.3388e-05])
[2026-06-26 02:05:47,570][root][INFO] - reg loss: 5.527474749025214, entropy loss: 0.17281599295517755, leaf dev: 0.09028661251068115
[2026-06-26 02:05:47,571][root][INFO] - Val leaf stats: tensor([1.3821e-02, 1.5876e-03, 1.0590e-01, 3.5021e-01, 7.9847e-02, 2.7083e-03,
        2.8016e-04, 4.2772e-02, 6.5372e-04, 3.5114e-02, 1.2710e-01, 1.3112e-01,
        3.2686e-03, 1.6623e-02, 8.7411e-02, 1.5876e-03])
[2026-06-26 02:05:48,761][root][INFO] - reg loss: 5.578567689058011, entropy loss: 0.18018598641668046, leaf dev: 0.07140008360147476
[2026-06-26 02:05:48,762][root][INFO] - Val leaf stats: tensor([6.3130e-02, 5.0056e-02, 5.3044e-02, 1.1207e-03, 9.3388e-05, 7.0788e-02,
        2.0573e-01, 2.4748e-02, 2.3618e-01, 8.2088e-02, 5.4165e-03, 8.4049e-04,
        1.2140e-03, 1.0833e-02, 1.0403e-01, 9.0680e-02])
[2026-06-26 02:05:49,230][root][INFO] - Epoch: 39 | train acc: 0.6451, train loss: 1.02845168, valid acc: 0.5836, valid loss: 1.25407869, test acc: 0.5619, test loss: 1.29725596
[2026-06-26 02:05:52,901][root][INFO] - reg loss: 4.2097608769526245, entropy loss: 0.029035650651718748, leaf dev: 0.1059318259358406
[2026-06-26 02:05:52,903][root][INFO] - Val leaf stats: tensor([0.0491, 0.4151, 0.0694, 0.1626, 0.0116, 0.0929, 0.1099, 0.0000, 0.0011,
        0.0149, 0.0051, 0.0613, 0.0008, 0.0011, 0.0051, 0.0000])
[2026-06-26 02:05:54,434][root][INFO] - Epoch: 39 | train acc: 0.6623, train loss: 0.92726911, valid acc: 0.6068, valid loss: 1.20051563, test acc: 0.5925, test loss: 1.20737354
[2026-06-26 02:05:54,632][root][INFO] - Epoch: 39 | train acc: 0.6481, train loss: 1.00883984, valid acc: 0.6109, valid loss: 1.19989896, test acc: 0.5933, test loss: 1.24478586
[2026-06-26 02:05:54,642][root][INFO] - Epoch: 39 | train acc: 0.6169, train loss: 1.18522554, valid acc: 0.5739, valid loss: 1.27819113, test acc: 0.5560, test loss: 1.27871805
[2026-06-26 02:05:54,674][root][INFO] - Epoch: 40 | train acc: 0.6277, train loss: 1.11178492, valid acc: 0.5974, valid loss: 1.22685608, test acc: 0.5751, test loss: 1.26861318
[2026-06-26 02:05:56,866][root][INFO] - Epoch: 39 | train acc: 0.6507, train loss: 1.01553865, valid acc: 0.6087, valid loss: 1.19168549, test acc: 0.5709, test loss: 1.24407461
[2026-06-26 02:05:57,346][root][INFO] - Epoch: 25 | train acc: 0.9821, train loss: 0.37109221, valid acc: 0.9626, valid loss: 0.13433915, test acc: 0.9330, test loss: 1.08409501
[2026-06-26 02:05:57,942][root][INFO] - Epoch: 39 | train acc: 0.5781, train loss: 1.16750534, valid acc: 0.5622, valid loss: 1.26753073, test acc: 0.5339, test loss: 1.32713033
[2026-06-26 02:05:58,140][root][INFO] - reg loss: 4.193930829157595, entropy loss: 0.03494377684642057, leaf dev: 0.1059592217206955
[2026-06-26 02:05:58,141][root][INFO] - Val leaf stats: tensor([1.0802e-03, 6.6703e-02, 0.0000e+00, 2.1604e-03, 6.4002e-02, 1.2206e-01,
        0.0000e+00, 2.7005e-04, 1.6770e-01, 2.2144e-02, 1.5906e-01, 8.1015e-04,
        1.0802e-03, 0.0000e+00, 1.0802e-03, 3.9184e-01])
[2026-06-26 02:05:58,566][root][INFO] - reg loss: 4.160691878834709, entropy loss: 0.02670488701980622, leaf dev: 0.10238556563854218
[2026-06-26 02:05:58,567][root][INFO] - Val leaf stats: tensor([8.3446e-02, 3.4540e-01, 1.3233e-02, 3.5917e-02, 0.0000e+00, 2.7005e-04,
        2.1874e-02, 3.8617e-02, 5.4010e-04, 5.4010e-04, 2.0092e-01, 1.5663e-02,
        7.2914e-03, 7.0213e-03, 2.2198e-01, 7.2914e-03])
[2026-06-26 02:05:58,589][root][INFO] - reg loss: 4.106302097195485, entropy loss: 0.0131447863322301, leaf dev: 0.1352689415216446
[2026-06-26 02:05:58,590][root][INFO] - Val leaf stats: tensor([2.4305e-03, 6.4812e-03, 5.6711e-03, 5.4010e-04, 0.0000e+00, 0.0000e+00,
        1.0802e-03, 1.2989e-01, 1.8904e-03, 1.6203e-03, 2.3900e-01, 7.2644e-02,
        1.0802e-03, 2.7005e-04, 5.0662e-01, 3.0786e-02])
[2026-06-26 02:05:58,671][root][INFO] - reg loss: 4.12151092779441, entropy loss: 0.014834031630612787, leaf dev: 0.11737047880887985
[2026-06-26 02:05:58,673][root][INFO] - Val leaf stats: tensor([2.7005e-04, 4.1588e-01, 6.1572e-02, 8.1015e-03, 0.0000e+00, 2.7005e-04,
        2.7005e-02, 2.5223e-01, 5.4010e-04, 2.7005e-04, 1.5879e-01, 0.0000e+00,
        4.4829e-02, 2.7275e-02, 0.0000e+00, 2.9706e-03])
[2026-06-26 02:06:00,114][root][INFO] - reg loss: 5.082793026374131, entropy loss: 0.07684634338137965, leaf dev: 0.08888331055641174
[2026-06-26 02:06:00,127][root][INFO] - Val leaf stats: tensor([2.8016e-04, 3.1575e-01, 1.4064e-01, 1.4008e-03, 7.2936e-02, 1.5596e-02,
        4.0904e-02, 4.6694e-04, 2.5215e-03, 1.1020e-02, 1.9612e-03, 1.8678e-03,
        1.2383e-01, 3.7355e-04, 1.0170e-01, 1.6875e-01])
[2026-06-26 02:06:00,175][root][INFO] - reg loss: 4.1722517795250065, entropy loss: 0.027709929272532463, leaf dev: 0.09981928020715714
[2026-06-26 02:06:00,176][root][INFO] - Val leaf stats: tensor([2.4980e-01, 2.2414e-02, 8.1015e-04, 8.1285e-02, 4.0508e-03, 5.2120e-02,
        8.6416e-03, 2.7005e-04, 3.0516e-02, 4.0508e-03, 5.4010e-04, 1.3070e-01,
        2.7005e-04, 8.1015e-04, 3.4107e-01, 7.2644e-02])
[2026-06-26 02:06:00,845][root][INFO] - Epoch: 26 | train acc: 0.9790, train loss: 0.41280018, valid acc: 0.9586, valid loss: 0.13920159, test acc: 0.9305, test loss: 0.69899276
[2026-06-26 02:06:01,985][root][INFO] - reg loss: 4.1541908295428165, entropy loss: 0.02916460081202085, leaf dev: 0.09694423526525497
[2026-06-26 02:06:01,987][root][INFO] - Val leaf stats: tensor([5.6981e-02, 9.1277e-02, 5.4010e-04, 5.4010e-04, 2.9166e-01, 1.2260e-01,
        0.0000e+00, 5.1310e-03, 2.7005e-04, 3.7807e-03, 1.9174e-02, 1.2692e-02,
        8.1015e-04, 1.3503e-03, 1.1315e-01, 2.8004e-01])
[2026-06-26 02:06:04,180][root][INFO] - reg loss: 5.177698337211811, entropy loss: 0.08482265113680451, leaf dev: 0.08662878721952438
[2026-06-26 02:06:04,181][root][INFO] - Val leaf stats: tensor([0.2098, 0.0404, 0.0010, 0.0650, 0.2156, 0.0051, 0.0000, 0.0006, 0.0016,
        0.0023, 0.2155, 0.1613, 0.0012, 0.0011, 0.0785, 0.0007])
[2026-06-26 02:06:04,497][root][INFO] - Epoch: 40 | train acc: 0.6344, train loss: 0.99980189, valid acc: 0.5944, valid loss: 1.25854847, test acc: 0.5849, test loss: 1.24761587
[2026-06-26 02:06:05,938][root][INFO] - Epoch: 27 | train acc: 0.9842, train loss: 0.26887468, valid acc: 0.9642, valid loss: 0.13676235, test acc: 0.9145, test loss: 0.97740715
[2026-06-26 02:06:06,822][root][INFO] - Epoch: 28 | train acc: 0.9814, train loss: 0.12228799, valid acc: 0.9612, valid loss: 0.14279797, test acc: 0.9332, test loss: 0.90006145
[2026-06-26 02:06:07,673][root][INFO] - Epoch: 28 | train acc: 0.9836, train loss: 0.16817551, valid acc: 0.9637, valid loss: 0.13126753, test acc: 0.9339, test loss: 0.76643962
[2026-06-26 02:06:09,037][root][INFO] - reg loss: 5.457489576289262, entropy loss: 0.10615340127516046, leaf dev: 0.07369930297136307
[2026-06-26 02:06:09,038][root][INFO] - Val leaf stats: tensor([1.6156e-02, 9.3388e-05, 1.1291e-01, 8.3676e-02, 7.0882e-02, 6.7239e-03,
        3.7355e-04, 4.9402e-02, 1.9612e-03, 4.4733e-02, 5.1177e-02, 1.7837e-01,
        6.5372e-04, 5.2111e-02, 2.7167e-01, 5.9115e-02])
[2026-06-26 02:06:09,100][root][INFO] - reg loss: 4.164417384100742, entropy loss: 0.028668223345865967, leaf dev: 0.11099251359701157
[2026-06-26 02:06:09,102][root][INFO] - Val leaf stats: tensor([0.0178, 0.2852, 0.0014, 0.0043, 0.0032, 0.0000, 0.0016, 0.0856, 0.0011,
        0.0000, 0.3808, 0.0338, 0.0767, 0.0243, 0.0748, 0.0095])
[2026-06-26 02:06:09,428][root][INFO] - reg loss: 5.916904378820349, entropy loss: 0.11695574921747995, leaf dev: 0.104979008436203
[2026-06-26 02:06:09,429][root][INFO] - Val leaf stats: tensor([0.0082, 0.0013, 0.1515, 0.0326, 0.0727, 0.0037, 0.0000, 0.0246, 0.0020,
        0.0448, 0.3910, 0.1946, 0.0008, 0.0006, 0.0710, 0.0006])
[2026-06-26 02:06:10,245][root][INFO] - Epoch: 28 | train acc: 0.9806, train loss: 0.52630097, valid acc: 0.9617, valid loss: 0.14805078, test acc: 0.9301, test loss: 1.25268784
[2026-06-26 02:06:10,420][root][INFO] - reg loss: 5.3787964714898004, entropy loss: 0.10918896046107408, leaf dev: 0.08900245279073715
[2026-06-26 02:06:10,421][root][INFO] - Val leaf stats: tensor([7.1535e-02, 1.4475e-02, 3.5021e-02, 3.3386e-01, 7.1629e-02, 1.4942e-03,
        0.0000e+00, 8.4236e-02, 3.7355e-04, 3.8476e-02, 1.4923e-01, 1.6184e-01,
        1.8678e-04, 3.3433e-02, 5.6033e-04, 3.6421e-03])
[2026-06-26 02:06:13,120][root][INFO] - reg loss: 4.87389901832298, entropy loss: 0.057389638273331225, leaf dev: 0.09634939581155777
[2026-06-26 02:06:13,122][root][INFO] - Val leaf stats: tensor([0.0239, 0.0162, 0.0009, 0.0024, 0.0963, 0.0088, 0.1846, 0.0640, 0.0018,
        0.0007, 0.0013, 0.0013, 0.0456, 0.2772, 0.2729, 0.0021])
[2026-06-26 02:06:13,478][root][INFO] - Epoch: 40 | train acc: 0.5629, train loss: 1.31321906, valid acc: 0.5377, valid loss: 1.31278099, test acc: 0.5248, test loss: 1.37597489
[2026-06-26 02:06:16,925][root][INFO] - Epoch: 28 | train acc: 0.9828, train loss: 0.49846830, valid acc: 0.9619, valid loss: 0.13576839, test acc: 0.9269, test loss: 0.60375398
[2026-06-26 02:06:17,109][root][INFO] - Epoch: 28 | train acc: 0.9864, train loss: 0.29305107, valid acc: 0.9616, valid loss: 0.14695806, test acc: 0.9188, test loss: 0.46571403
[2026-06-26 02:06:17,499][root][INFO] - reg loss: 4.117225521900615, entropy loss: 0.013159833451519247, leaf dev: 0.1236463412642479
[2026-06-26 02:06:17,501][root][INFO] - Val leaf stats: tensor([2.1604e-03, 5.1310e-03, 2.7005e-04, 1.6203e-03, 7.5614e-03, 5.3740e-02,
        1.7013e-02, 2.1604e-03, 5.4010e-04, 2.5196e-01, 8.6146e-02, 1.6203e-02,
        2.7005e-03, 4.3208e-03, 9.1277e-02, 4.5720e-01])
[2026-06-26 02:06:18,949][root][INFO] - reg loss: 4.777209017011854, entropy loss: 0.05474706683997755, leaf dev: 0.09550857543945312
[2026-06-26 02:06:18,950][root][INFO] - Val leaf stats: tensor([1.4643e-01, 4.6694e-04, 6.5372e-03, 1.7183e-01, 7.0041e-02, 4.8562e-03,
        3.7355e-04, 1.4662e-02, 2.1479e-03, 5.1083e-02, 6.6679e-02, 3.5450e-01,
        7.4710e-04, 1.0189e-01, 7.6578e-03, 9.3388e-05])
[2026-06-26 02:06:19,379][root][INFO] - Epoch: 27 | train acc: 0.9868, train loss: 0.22572908, valid acc: 0.9645, valid loss: 0.13749629, test acc: 0.9281, test loss: 0.51478132
[2026-06-26 02:06:19,546][root][INFO] - Epoch: 40 | train acc: 0.6422, train loss: 1.04408506, valid acc: 0.6033, valid loss: 1.20931570, test acc: 0.5702, test loss: 1.29535660
[2026-06-26 02:06:19,723][root][INFO] - reg loss: 5.4101635816866755, entropy loss: 0.12246749904893693, leaf dev: 0.06844165176153183
[2026-06-26 02:06:19,724][root][INFO] - Val leaf stats: tensor([1.5512e-01, 1.0114e-01, 1.2000e-01, 2.1479e-03, 1.7165e-01, 3.4367e-02,
        1.1375e-01, 3.4180e-02, 8.2182e-03, 2.6055e-02, 9.3388e-04, 2.2040e-02,
        1.5596e-02, 9.3388e-05, 1.9453e-01, 1.8678e-04])
[2026-06-26 02:06:20,250][root][INFO] - Epoch: 25 | train acc: 0.9800, train loss: 0.07032252, valid acc: 0.9581, valid loss: 0.14443248, test acc: 0.9171, test loss: 1.02059598
[2026-06-26 02:06:22,043][root][INFO] - reg loss: 5.535255752543293, entropy loss: 0.17770232283879842, leaf dev: 0.07051626592874527
[2026-06-26 02:06:22,044][root][INFO] - Val leaf stats: tensor([6.2757e-02, 4.5760e-02, 5.4539e-02, 1.4008e-03, 9.3388e-05, 6.9668e-02,
        1.9462e-01, 2.4935e-02, 2.3795e-01, 7.9940e-02, 5.4165e-03, 8.4049e-04,
        1.4942e-03, 1.3541e-02, 1.0926e-01, 9.7777e-02])
[2026-06-26 02:06:23,056][root][INFO] - reg loss: 4.1952130677270105, entropy loss: 0.028600637510907453, leaf dev: 0.10370110720396042
[2026-06-26 02:06:23,057][root][INFO] - Val leaf stats: tensor([0.0775, 0.4159, 0.0556, 0.1075, 0.0270, 0.0983, 0.1261, 0.0000, 0.0011,
        0.0143, 0.0049, 0.0600, 0.0008, 0.0019, 0.0086, 0.0005])
[2026-06-26 02:06:23,631][root][INFO] - reg loss: 5.583217815116599, entropy loss: 0.17396409178852404, leaf dev: 0.08520455658435822
[2026-06-26 02:06:23,648][root][INFO] - Val leaf stats: tensor([0.0139, 0.0019, 0.0994, 0.3191, 0.0812, 0.0029, 0.0004, 0.0467, 0.0007,
        0.0353, 0.1314, 0.1518, 0.0028, 0.0171, 0.0942, 0.0014])
[2026-06-26 02:06:26,009][root][INFO] - Epoch: 40 | train acc: 0.6545, train loss: 0.98319275, valid acc: 0.6114, valid loss: 1.18413349, test acc: 0.5943, test loss: 1.24044441
[2026-06-26 02:06:26,685][root][INFO] - Epoch: 40 | train acc: 0.6487, train loss: 0.97683377, valid acc: 0.5822, valid loss: 1.22693393, test acc: 0.5785, test loss: 1.23056299
[2026-06-26 02:06:26,930][root][INFO] - Epoch: 41 | train acc: 0.6299, train loss: 1.09575042, valid acc: 0.5968, valid loss: 1.21069134, test acc: 0.5744, test loss: 1.25526151
[2026-06-26 02:06:27,482][root][INFO] - Epoch: 40 | train acc: 0.6283, train loss: 1.15408090, valid acc: 0.5806, valid loss: 1.27556629, test acc: 0.5670, test loss: 1.25581041
[2026-06-26 02:06:28,803][root][INFO] - Epoch: 40 | train acc: 0.5962, train loss: 1.12095014, valid acc: 0.5687, valid loss: 1.24877896, test acc: 0.5403, test loss: 1.31348412
[2026-06-26 02:06:29,004][root][INFO] - Epoch: 40 | train acc: 0.6498, train loss: 1.02150321, valid acc: 0.6181, valid loss: 1.17158148, test acc: 0.5793, test loss: 1.22997457
[2026-06-26 02:06:30,286][root][INFO] - reg loss: 4.17060347854114, entropy loss: 0.027271791407075086, leaf dev: 0.09697937965393066
[2026-06-26 02:06:30,287][root][INFO] - Val leaf stats: tensor([1.1531e-01, 2.9922e-01, 1.4583e-02, 3.4567e-02, 0.0000e+00, 2.7005e-04,
        1.3773e-02, 3.6727e-02, 2.7005e-04, 5.4010e-04, 2.0902e-01, 1.6473e-02,
        1.2962e-02, 7.8315e-03, 2.3143e-01, 7.0213e-03])
[2026-06-26 02:06:30,498][root][INFO] - reg loss: 4.126695374973485, entropy loss: 0.014791789663131119, leaf dev: 0.11742254346609116
[2026-06-26 02:06:30,498][root][INFO] - Val leaf stats: tensor([2.7005e-04, 4.0454e-01, 5.7521e-02, 7.8315e-03, 0.0000e+00, 0.0000e+00,
        2.3765e-02, 2.7707e-01, 8.1015e-04, 2.7005e-04, 1.4799e-01, 0.0000e+00,
        4.5369e-02, 3.1596e-02, 0.0000e+00, 2.9706e-03])
[2026-06-26 02:06:30,731][root][INFO] - reg loss: 4.1905706280567605, entropy loss: 0.03520760196642798, leaf dev: 0.10676126927137375
[2026-06-26 02:06:30,732][root][INFO] - Val leaf stats: tensor([0.0011, 0.0875, 0.0005, 0.0016, 0.0448, 0.1572, 0.0000, 0.0000, 0.1331,
        0.0111, 0.1677, 0.0024, 0.0008, 0.0000, 0.0008, 0.3913])
[2026-06-26 02:06:30,959][root][INFO] - reg loss: 4.110079374469694, entropy loss: 0.013270302477185844, leaf dev: 0.133137509226799
[2026-06-26 02:06:30,960][root][INFO] - Val leaf stats: tensor([1.6203e-03, 7.5614e-03, 4.3208e-03, 5.4010e-04, 2.7005e-04, 0.0000e+00,
        0.0000e+00, 1.3449e-01, 2.4305e-03, 2.7005e-03, 2.5196e-01, 8.4796e-02,
        1.6203e-03, 0.0000e+00, 4.8906e-01, 1.8634e-02])
[2026-06-26 02:06:32,468][root][INFO] - reg loss: 4.14830415756976, entropy loss: 0.02911631414880518, leaf dev: 0.10238086432218552
[2026-06-26 02:06:32,469][root][INFO] - Val leaf stats: tensor([3.7267e-02, 8.8577e-02, 5.4010e-04, 5.4010e-04, 3.1920e-01, 1.1018e-01,
        0.0000e+00, 5.1310e-03, 2.7005e-04, 2.9706e-03, 1.3233e-02, 8.3716e-03,
        8.1015e-04, 2.4305e-03, 1.2800e-01, 2.8247e-01])
[2026-06-26 02:06:32,787][root][INFO] - reg loss: 4.181030851895692, entropy loss: 0.028177589758253487, leaf dev: 0.09475884586572647
[2026-06-26 02:06:32,789][root][INFO] - Val leaf stats: tensor([2.3765e-01, 2.2684e-02, 8.1015e-04, 9.5868e-02, 4.3208e-03, 5.0500e-02,
        8.1015e-03, 2.7005e-04, 5.0770e-02, 4.5909e-03, 1.0802e-03, 1.4826e-01,
        2.7005e-04, 5.4010e-04, 3.1704e-01, 5.7251e-02])
[2026-06-26 02:06:34,162][root][INFO] - Epoch: 26 | train acc: 0.9825, train loss: 0.36601848, valid acc: 0.9621, valid loss: 0.13400269, test acc: 0.9370, test loss: 1.09563717
[2026-06-26 02:06:35,176][root][INFO] - Epoch: 27 | train acc: 0.9757, train loss: 0.40159693, valid acc: 0.9543, valid loss: 0.16524790, test acc: 0.9281, test loss: 0.71484299
[2026-06-26 02:06:36,056][root][INFO] - Epoch: 41 | train acc: 0.6404, train loss: 0.97776586, valid acc: 0.5965, valid loss: 1.21846902, test acc: 0.5903, test loss: 1.21227614
[2026-06-26 02:06:37,296][root][INFO] - reg loss: 5.076694357332099, entropy loss: 0.07617840159033971, leaf dev: 0.09051304310560226
[2026-06-26 02:06:37,298][root][INFO] - Val leaf stats: tensor([0.0019, 0.3251, 0.1363, 0.0014, 0.0731, 0.0162, 0.0417, 0.0006, 0.0023,
        0.0105, 0.0020, 0.0019, 0.1266, 0.0004, 0.0866, 0.1736])
[2026-06-26 02:06:38,011][root][INFO] - reg loss: 5.006492463369218, entropy loss: 0.07955220617629864, leaf dev: 0.10578750818967819
[2026-06-26 02:06:38,013][root][INFO] - Val leaf stats: tensor([0.3620, 0.0318, 0.0010, 0.1004, 0.2439, 0.0038, 0.0000, 0.0049, 0.0024,
        0.0026, 0.1514, 0.0737, 0.0020, 0.0006, 0.0187, 0.0008])
[2026-06-26 02:06:39,341][root][INFO] - Epoch: 29 | train acc: 0.9831, train loss: 0.12170810, valid acc: 0.9633, valid loss: 0.13921766, test acc: 0.9341, test loss: 0.86146635
[2026-06-26 02:06:39,841][root][INFO] - Epoch: 28 | train acc: 0.9860, train loss: 0.26182705, valid acc: 0.9642, valid loss: 0.13546231, test acc: 0.9065, test loss: 0.97350826
[2026-06-26 02:06:39,993][root][INFO] - Epoch: 29 | train acc: 0.9657, train loss: 0.22923838, valid acc: 0.9557, valid loss: 0.15447513, test acc: 0.9274, test loss: 1.12857126
[2026-06-26 02:06:40,603][root][INFO] - reg loss: 4.159633980422724, entropy loss: 0.028542437605926247, leaf dev: 0.10853635519742966
[2026-06-26 02:06:40,605][root][INFO] - Val leaf stats: tensor([0.0178, 0.2790, 0.0014, 0.0035, 0.0014, 0.0000, 0.0011, 0.0953, 0.0011,
        0.0000, 0.3702, 0.0354, 0.0794, 0.0246, 0.0816, 0.0084])
[2026-06-26 02:06:42,131][root][INFO] - reg loss: 5.467717993196357, entropy loss: 0.1054141492282272, leaf dev: 0.07434254139661789
[2026-06-26 02:06:42,133][root][INFO] - Val leaf stats: tensor([0.0165, 0.0003, 0.1058, 0.0877, 0.0708, 0.0067, 0.0006, 0.0605, 0.0020,
        0.0495, 0.0384, 0.1929, 0.0007, 0.0450, 0.2669, 0.0558])
[2026-06-26 02:06:42,252][root][INFO] - reg loss: 6.03838642816695, entropy loss: 0.11959503851239643, leaf dev: 0.09641388058662415
[2026-06-26 02:06:42,254][root][INFO] - Val leaf stats: tensor([1.0179e-02, 1.3074e-03, 1.4895e-01, 3.6888e-02, 7.2096e-02, 3.3620e-03,
        1.8678e-04, 2.3160e-02, 1.8678e-03, 4.6507e-02, 2.6905e-01, 3.0211e-01,
        9.3388e-04, 5.6033e-04, 8.1901e-02, 9.3388e-04])
[2026-06-26 02:06:42,858][root][INFO] - Epoch: 29 | train acc: 0.9828, train loss: 0.50502639, valid acc: 0.9637, valid loss: 0.14099837, test acc: 0.9355, test loss: 1.27855336
[2026-06-26 02:06:42,926][root][INFO] - reg loss: 5.564837208500615, entropy loss: 0.1086962427648287, leaf dev: 0.09100683778524399
[2026-06-26 02:06:42,927][root][INFO] - Val leaf stats: tensor([0.0891, 0.0102, 0.0334, 0.1483, 0.0016, 0.0022, 0.0000, 0.0587, 0.0009,
        0.0791, 0.1347, 0.3522, 0.0419, 0.0441, 0.0007, 0.0029])
[2026-06-26 02:06:45,539][root][INFO] - reg loss: 4.818212494017586, entropy loss: 0.055476636719451376, leaf dev: 0.09804153442382812
[2026-06-26 02:06:45,540][root][INFO] - Val leaf stats: tensor([0.0227, 0.0149, 0.0008, 0.0024, 0.0956, 0.0080, 0.1635, 0.0704, 0.0017,
        0.0007, 0.0011, 0.0014, 0.0431, 0.2809, 0.2903, 0.0023])
[2026-06-26 02:06:45,616][root][INFO] - Epoch: 41 | train acc: 0.5689, train loss: 1.29048973, valid acc: 0.5415, valid loss: 1.29833984, test acc: 0.5299, test loss: 1.35822862
[2026-06-26 02:06:49,910][root][INFO] - reg loss: 4.116930390967697, entropy loss: 0.013111118563130254, leaf dev: 0.12372566759586334
[2026-06-26 02:06:49,911][root][INFO] - Val leaf stats: tensor([2.1604e-03, 4.8609e-03, 2.7005e-04, 1.6203e-03, 8.9117e-03, 5.8331e-02,
        1.8093e-02, 2.1604e-03, 5.4010e-04, 2.4791e-01, 8.0745e-02, 1.8093e-02,
        2.1604e-03, 4.5909e-03, 8.9117e-02, 4.6044e-01])
[2026-06-26 02:06:50,146][root][INFO] - Epoch: 29 | train acc: 0.9839, train loss: 0.48761397, valid acc: 0.9629, valid loss: 0.13264431, test acc: 0.9277, test loss: 0.63151127
[2026-06-26 02:06:51,425][root][INFO] - Epoch: 28 | train acc: 0.9878, train loss: 0.22046525, valid acc: 0.9621, valid loss: 0.14554170, test acc: 0.9236, test loss: 0.54208410
[2026-06-26 02:06:51,561][root][INFO] - Epoch: 41 | train acc: 0.6522, train loss: 1.01734960, valid acc: 0.5506, valid loss: 1.36673624, test acc: 0.5307, test loss: 1.41238452
[2026-06-26 02:06:51,650][root][INFO] - Epoch: 29 | train acc: 0.9851, train loss: 0.29138494, valid acc: 0.9636, valid loss: 0.14654486, test acc: 0.9183, test loss: 0.70731141
[2026-06-26 02:06:52,829][root][INFO] - reg loss: 4.777686479861144, entropy loss: 0.053883541296556516, leaf dev: 0.09678346663713455
[2026-06-26 02:06:52,830][root][INFO] - Val leaf stats: tensor([1.4083e-01, 3.7355e-04, 6.8173e-03, 1.7025e-01, 7.0415e-02, 4.9496e-03,
        2.8016e-04, 1.4662e-02, 2.1479e-03, 5.1550e-02, 6.2290e-02, 3.6263e-01,
        7.4710e-04, 1.0413e-01, 7.8446e-03, 9.3388e-05])
[2026-06-26 02:06:53,514][root][INFO] - reg loss: 5.543096623092732, entropy loss: 0.1760401892914343, leaf dev: 0.0706709548830986
[2026-06-26 02:06:53,515][root][INFO] - Val leaf stats: tensor([6.2944e-02, 4.9122e-02, 5.9768e-02, 1.0273e-03, 9.3388e-05, 6.8360e-02,
        2.1554e-01, 2.6429e-02, 2.2572e-01, 8.1154e-02, 5.3231e-03, 8.4049e-04,
        1.3074e-03, 1.3168e-02, 9.4882e-02, 9.4322e-02])
[2026-06-26 02:06:53,903][root][INFO] - Epoch: 26 | train acc: 0.9808, train loss: 0.06770720, valid acc: 0.9604, valid loss: 0.13847571, test acc: 0.9179, test loss: 1.05833326
[2026-06-26 02:06:54,260][root][INFO] - reg loss: 5.373870191119966, entropy loss: 0.11963606562721667, leaf dev: 0.07153983414173126
[2026-06-26 02:06:54,262][root][INFO] - Val leaf stats: tensor([1.5652e-01, 1.0768e-01, 1.0740e-01, 1.6810e-03, 1.8892e-01, 3.0351e-02,
        8.5077e-02, 3.4740e-02, 8.6851e-03, 2.5028e-02, 9.3388e-04, 1.9145e-02,
        2.1292e-02, 9.3388e-05, 2.1227e-01, 1.8678e-04])
[2026-06-26 02:06:55,153][root][INFO] - reg loss: 4.198552295809886, entropy loss: 0.02838880584010335, leaf dev: 0.08953624218702316
[2026-06-26 02:06:55,154][root][INFO] - Val leaf stats: tensor([5.3740e-02, 1.2071e-01, 1.3908e-01, 3.3756e-01, 1.4583e-02, 8.4526e-02,
        1.3179e-01, 2.7005e-04, 1.3503e-03, 1.9174e-02, 5.9411e-03, 8.2636e-02,
        2.7005e-04, 1.6203e-03, 6.2112e-03, 5.4010e-04])
[2026-06-26 02:06:56,739][root][INFO] - reg loss: 5.580115954081218, entropy loss: 0.17495292906092588, leaf dev: 0.08638691902160645
[2026-06-26 02:06:56,752][root][INFO] - Val leaf stats: tensor([1.3915e-02, 1.7744e-03, 1.0534e-01, 3.2406e-01, 8.2835e-02, 2.7083e-03,
        1.8678e-04, 5.0056e-02, 9.3388e-04, 3.2686e-02, 1.4008e-01, 1.4839e-01,
        3.3620e-03, 1.7277e-02, 7.5738e-02, 6.5372e-04])
[2026-06-26 02:06:58,082][root][INFO] - Epoch: 41 | train acc: 0.6485, train loss: 0.96672740, valid acc: 0.5952, valid loss: 1.20389822, test acc: 0.5889, test loss: 1.19959701
[2026-06-26 02:06:58,309][root][INFO] - Epoch: 41 | train acc: 0.6418, train loss: 1.11096531, valid acc: 0.5984, valid loss: 1.24829086, test acc: 0.5717, test loss: 1.25925107
[2026-06-26 02:06:58,520][root][INFO] - Epoch: 41 | train acc: 0.6530, train loss: 0.98070242, valid acc: 0.6092, valid loss: 1.22115898, test acc: 0.5876, test loss: 1.25182538
[2026-06-26 02:06:58,594][root][INFO] - Epoch: 42 | train acc: 0.6314, train loss: 1.09365041, valid acc: 0.5984, valid loss: 1.20997261, test acc: 0.5614, test loss: 1.26402313
[2026-06-26 02:07:00,871][root][INFO] - Epoch: 41 | train acc: 0.6048, train loss: 1.10110663, valid acc: 0.5814, valid loss: 1.23194223, test acc: 0.5461, test loss: 1.28843018
[2026-06-26 02:07:01,868][root][INFO] - reg loss: 4.1866431627117215, entropy loss: 0.0362483846237425, leaf dev: 0.10679633170366287
[2026-06-26 02:07:01,869][root][INFO] - Val leaf stats: tensor([5.4010e-04, 6.6703e-02, 2.7005e-04, 1.3503e-03, 6.9673e-02, 1.3773e-01,
        2.7005e-04, 0.0000e+00, 1.0586e-01, 1.9714e-02, 2.0092e-01, 3.5107e-03,
        5.4010e-04, 2.7005e-04, 1.0802e-03, 3.9157e-01])
[2026-06-26 02:07:01,870][root][INFO] - Epoch: 41 | train acc: 0.6549, train loss: 1.00266523, valid acc: 0.6133, valid loss: 1.21794121, test acc: 0.5832, test loss: 1.26963186
[2026-06-26 02:07:02,102][root][INFO] - reg loss: 4.164578140759077, entropy loss: 0.026545367768553436, leaf dev: 0.11351367086172104
[2026-06-26 02:07:02,103][root][INFO] - Val leaf stats: tensor([6.1572e-02, 4.1183e-01, 3.0516e-02, 4.2938e-02, 2.7005e-04, 8.1015e-04,
        5.1310e-03, 1.6743e-02, 2.7005e-04, 2.7005e-04, 1.7391e-01, 1.0532e-02,
        1.4853e-02, 5.6711e-03, 2.2063e-01, 4.0508e-03])
[2026-06-26 02:07:02,115][root][INFO] - reg loss: 4.112533248838831, entropy loss: 0.013374379515403607, leaf dev: 0.12869468331336975
[2026-06-26 02:07:02,116][root][INFO] - Val leaf stats: tensor([2.1604e-03, 7.8315e-03, 5.9411e-03, 5.4010e-04, 2.7005e-04, 0.0000e+00,
        0.0000e+00, 1.2125e-01, 3.2406e-03, 2.7005e-04, 2.7734e-01, 1.0532e-01,
        2.1604e-03, 2.7005e-04, 4.5585e-01, 1.7553e-02])
[2026-06-26 02:07:02,391][root][INFO] - reg loss: 4.126765774898842, entropy loss: 0.01424997583886639, leaf dev: 0.1178569346666336
[2026-06-26 02:07:02,392][root][INFO] - Val leaf stats: tensor([2.7005e-04, 4.0373e-01, 4.7799e-02, 7.5614e-03, 0.0000e+00, 2.7005e-04,
        2.8355e-02, 2.8436e-01, 5.4010e-04, 5.4010e-04, 1.4394e-01, 0.0000e+00,
        4.3208e-02, 3.5377e-02, 5.4010e-04, 3.5107e-03])
[2026-06-26 02:07:04,945][root][INFO] - reg loss: 4.150893969613998, entropy loss: 0.029020616143453318, leaf dev: 0.1010131910443306
[2026-06-26 02:07:04,946][root][INFO] - Val leaf stats: tensor([0.0308, 0.0883, 0.0005, 0.0008, 0.2998, 0.1226, 0.0000, 0.0049, 0.0000,
        0.0030, 0.0181, 0.0073, 0.0005, 0.0032, 0.1288, 0.2914])
[2026-06-26 02:07:05,645][root][INFO] - reg loss: 4.183375022450432, entropy loss: 0.02843134450252916, leaf dev: 0.09479408711194992
[2026-06-26 02:07:05,646][root][INFO] - Val leaf stats: tensor([2.2630e-01, 2.1064e-02, 8.1015e-04, 9.2087e-02, 2.9706e-03, 5.0230e-02,
        6.4812e-03, 2.7005e-04, 4.5369e-02, 7.2914e-03, 1.8904e-03, 1.6500e-01,
        2.7005e-04, 5.4010e-04, 3.1866e-01, 6.0762e-02])
[2026-06-26 02:07:07,448][root][INFO] - Epoch: 42 | train acc: 0.6489, train loss: 0.96314741, valid acc: 0.5898, valid loss: 1.23064809, test acc: 0.5886, test loss: 1.24165133
[2026-06-26 02:07:09,801][root][INFO] - Epoch: 27 | train acc: 0.9826, train loss: 0.36199851, valid acc: 0.9623, valid loss: 0.13629267, test acc: 0.9336, test loss: 1.10982727
[2026-06-26 02:07:10,402][root][INFO] - Epoch: 28 | train acc: 0.9747, train loss: 0.38561073, valid acc: 0.9578, valid loss: 0.14597580, test acc: 0.9302, test loss: 0.72084803
[2026-06-26 02:07:11,620][root][INFO] - reg loss: 4.164793757141614, entropy loss: 0.02832307083318468, leaf dev: 0.10779812932014465
[2026-06-26 02:07:11,621][root][INFO] - Val leaf stats: tensor([0.0178, 0.2830, 0.0016, 0.0032, 0.0014, 0.0000, 0.0011, 0.0951, 0.0011,
        0.0000, 0.3635, 0.0286, 0.0840, 0.0278, 0.0802, 0.0116])
[2026-06-26 02:07:12,610][root][INFO] - Epoch: 30 | train acc: 0.9839, train loss: 0.11477405, valid acc: 0.9595, valid loss: 0.15313019, test acc: 0.9268, test loss: 0.93568266
[2026-06-26 02:07:12,789][root][INFO] - Epoch: 29 | train acc: 0.9855, train loss: 0.25842808, valid acc: 0.9650, valid loss: 0.13518015, test acc: 0.9119, test loss: 0.97507756
[2026-06-26 02:07:12,991][root][INFO] - reg loss: 5.104554204082993, entropy loss: 0.07529509993930342, leaf dev: 0.08528073132038116
[2026-06-26 02:07:12,992][root][INFO] - Val leaf stats: tensor([1.2140e-03, 2.8642e-01, 1.3056e-01, 1.1207e-03, 7.3777e-02, 1.6997e-02,
        4.4546e-02, 3.7355e-04, 2.6149e-03, 1.0366e-02, 1.4942e-03, 1.8678e-03,
        1.2047e-01, 2.8016e-04, 1.1683e-01, 1.9107e-01])
[2026-06-26 02:07:13,361][root][INFO] - reg loss: 4.870728681957911, entropy loss: 0.0743658297434055, leaf dev: 0.10627895593643188
[2026-06-26 02:07:13,363][root][INFO] - Val leaf stats: tensor([0.3664, 0.0307, 0.0011, 0.0883, 0.2392, 0.0037, 0.0000, 0.0029, 0.0022,
        0.0025, 0.1564, 0.0826, 0.0020, 0.0006, 0.0205, 0.0008])
[2026-06-26 02:07:14,936][root][INFO] - Epoch: 30 | train acc: 0.9748, train loss: 0.19877138, valid acc: 0.9576, valid loss: 0.15022851, test acc: 0.9134, test loss: 1.20301692
[2026-06-26 02:07:15,504][root][INFO] - reg loss: 5.882683700985378, entropy loss: 0.11700540587857917, leaf dev: 0.09995264559984207
[2026-06-26 02:07:15,506][root][INFO] - Val leaf stats: tensor([1.3635e-02, 1.3074e-03, 1.2701e-01, 4.3799e-02, 7.2656e-02, 3.5487e-03,
        9.3388e-05, 2.0639e-02, 2.1479e-03, 5.0523e-02, 3.4087e-01, 2.5579e-01,
        9.3388e-04, 1.0273e-03, 6.4998e-02, 1.0273e-03])
[2026-06-26 02:07:15,623][root][INFO] - Epoch: 30 | train acc: 0.9857, train loss: 0.48220248, valid acc: 0.9643, valid loss: 0.13855438, test acc: 0.9345, test loss: 0.81397774
[2026-06-26 02:07:15,873][root][INFO] - reg loss: 5.475607924991184, entropy loss: 0.10322088775811372, leaf dev: 0.07714150100946426
[2026-06-26 02:07:15,875][root][INFO] - Val leaf stats: tensor([0.0165, 0.0004, 0.1385, 0.0563, 0.0707, 0.0065, 0.0005, 0.0566, 0.0020,
        0.0523, 0.0324, 0.2149, 0.0007, 0.0411, 0.2578, 0.0530])
[2026-06-26 02:07:17,943][root][INFO] - reg loss: 4.773161315413379, entropy loss: 0.05394082638637099, leaf dev: 0.10315968841314316
[2026-06-26 02:07:17,945][root][INFO] - Val leaf stats: tensor([0.0213, 0.0138, 0.0004, 0.0028, 0.0960, 0.0085, 0.1113, 0.0744, 0.0021,
        0.0007, 0.0010, 0.0013, 0.0440, 0.3238, 0.2958, 0.0029])
[2026-06-26 02:07:18,021][root][INFO] - reg loss: 5.64161869836232, entropy loss: 0.11085847792802034, leaf dev: 0.08888597786426544
[2026-06-26 02:07:18,023][root][INFO] - Val leaf stats: tensor([6.4438e-02, 4.1091e-03, 3.4927e-02, 1.2981e-01, 1.4008e-03, 1.8678e-03,
        1.8678e-04, 1.1879e-01, 1.0273e-03, 6.5932e-02, 1.4130e-01, 3.3947e-01,
        2.6896e-02, 6.6119e-02, 6.5372e-04, 3.0818e-03])
[2026-06-26 02:07:18,564][root][INFO] - Epoch: 42 | train acc: 0.5755, train loss: 1.27323497, valid acc: 0.5396, valid loss: 1.29889384, test acc: 0.5353, test loss: 1.34496035
[2026-06-26 02:07:22,694][root][INFO] - reg loss: 4.121701858082756, entropy loss: 0.013182859165502376, leaf dev: 0.12172999233007431
[2026-06-26 02:07:22,695][root][INFO] - Val leaf stats: tensor([2.7005e-03, 5.9411e-03, 2.7005e-04, 1.6203e-03, 8.3716e-03, 6.2112e-02,
        1.9714e-02, 2.1604e-03, 5.4010e-04, 2.4575e-01, 7.6695e-02, 1.8904e-02,
        2.7005e-03, 4.5909e-03, 9.5598e-02, 4.5234e-01])
[2026-06-26 02:07:22,866][root][INFO] - Epoch: 42 | train acc: 0.5791, train loss: 1.21503389, valid acc: 0.5496, valid loss: 1.32865723, test acc: 0.5226, test loss: 1.40348512
[2026-06-26 02:07:24,257][root][INFO] - Epoch: 30 | train acc: 0.9828, train loss: 0.47103351, valid acc: 0.9601, valid loss: 0.14032456, test acc: 0.9271, test loss: 1.17736314
[2026-06-26 02:07:25,551][root][INFO] - Epoch: 30 | train acc: 0.9857, train loss: 0.28735829, valid acc: 0.9611, valid loss: 0.15338286, test acc: 0.9125, test loss: 0.63276889
[2026-06-26 02:07:25,617][root][INFO] - Epoch: 29 | train acc: 0.9865, train loss: 0.21891648, valid acc: 0.9647, valid loss: 0.14053365, test acc: 0.9288, test loss: 0.54546568
[2026-06-26 02:07:26,642][root][INFO] - reg loss: 4.209282961048063, entropy loss: 0.027749872415280732, leaf dev: 0.08512972295284271
[2026-06-26 02:07:26,643][root][INFO] - Val leaf stats: tensor([3.9698e-02, 1.0829e-01, 1.1153e-01, 2.8679e-01, 3.1596e-02, 7.7775e-02,
        2.2198e-01, 5.6711e-03, 8.1015e-04, 1.8904e-02, 6.7513e-03, 7.9935e-02,
        2.7005e-04, 1.6203e-03, 7.8315e-03, 5.4010e-04])
[2026-06-26 02:07:26,660][root][INFO] - reg loss: 4.7133356780602185, entropy loss: 0.051248929290859786, leaf dev: 0.1014985516667366
[2026-06-26 02:07:26,661][root][INFO] - Val leaf stats: tensor([1.3513e-01, 4.6694e-04, 8.0314e-03, 1.8668e-01, 7.0134e-02, 5.0430e-03,
        5.6033e-04, 1.2888e-02, 2.0545e-03, 7.0415e-02, 6.5652e-02, 3.8252e-01,
        9.3388e-04, 5.6033e-02, 3.0818e-03, 3.7355e-04])
[2026-06-26 02:07:28,290][root][INFO] - reg loss: 5.53514404397793, entropy loss: 0.17074066164001586, leaf dev: 0.07480777055025101
[2026-06-26 02:07:28,291][root][INFO] - Val leaf stats: tensor([0.0562, 0.0446, 0.0503, 0.0013, 0.0000, 0.0711, 0.2277, 0.0129, 0.2347,
        0.0829, 0.0054, 0.0007, 0.0017, 0.0127, 0.1009, 0.0968])
[2026-06-26 02:07:28,541][root][INFO] - reg loss: 5.343291746876227, entropy loss: 0.1189215597179201, leaf dev: 0.07068463414907455
[2026-06-26 02:07:28,542][root][INFO] - Val leaf stats: tensor([1.5643e-01, 1.1776e-01, 1.2122e-01, 1.4942e-03, 1.7828e-01, 3.4180e-02,
        8.3302e-02, 2.1106e-02, 8.1248e-03, 2.2413e-02, 9.3388e-04, 2.0826e-02,
        2.8016e-02, 9.3388e-05, 2.0564e-01, 1.8678e-04])
[2026-06-26 02:07:28,586][root][INFO] - Epoch: 27 | train acc: 0.9819, train loss: 0.06465614, valid acc: 0.9621, valid loss: 0.13563304, test acc: 0.9200, test loss: 1.08280591
[2026-06-26 02:07:28,770][root][INFO] - Epoch: 42 | train acc: 0.6519, train loss: 0.96208383, valid acc: 0.5995, valid loss: 1.20639670, test acc: 0.5923, test loss: 1.20010011
[2026-06-26 02:07:30,381][root][INFO] - Epoch: 43 | train acc: 0.6352, train loss: 1.08177709, valid acc: 0.6025, valid loss: 1.20312094, test acc: 0.5724, test loss: 1.25062085
[2026-06-26 02:07:30,689][root][INFO] - Epoch: 42 | train acc: 0.6578, train loss: 0.98444010, valid acc: 0.6154, valid loss: 1.16563728, test acc: 0.5930, test loss: 1.22686007
[2026-06-26 02:07:31,082][root][INFO] - Epoch: 42 | train acc: 0.6535, train loss: 1.08496223, valid acc: 0.6117, valid loss: 1.20962995, test acc: 0.5820, test loss: 1.21347149
[2026-06-26 02:07:31,366][root][INFO] - reg loss: 5.474634632231697, entropy loss: 0.1738078303280331, leaf dev: 0.0894942581653595
[2026-06-26 02:07:31,367][root][INFO] - Val leaf stats: tensor([1.3915e-02, 1.9612e-03, 7.2282e-02, 3.4572e-01, 8.2742e-02, 2.7083e-03,
        1.8678e-04, 5.4165e-02, 9.3388e-04, 3.9223e-02, 1.3532e-01, 1.4251e-01,
        3.3620e-03, 1.8304e-02, 8.6010e-02, 6.5372e-04])
[2026-06-26 02:07:32,760][root][INFO] - reg loss: 4.20710940439193, entropy loss: 0.03618957535898099, leaf dev: 0.10711965709924698
[2026-06-26 02:07:32,762][root][INFO] - Val leaf stats: tensor([0.0000e+00, 2.1874e-02, 5.4010e-04, 2.1604e-03, 8.8847e-02, 1.2773e-01,
        1.8904e-03, 2.7005e-04, 1.4286e-01, 3.2946e-02, 1.8390e-01, 2.1604e-03,
        5.4010e-04, 2.7005e-04, 8.1015e-04, 3.9319e-01])
[2026-06-26 02:07:33,257][root][INFO] - Epoch: 42 | train acc: 0.6034, train loss: 1.16780915, valid acc: 0.5066, valid loss: 1.48343885, test acc: 0.4887, test loss: 1.48193172
[2026-06-26 02:07:33,477][root][INFO] - Epoch: 42 | train acc: 0.6152, train loss: 1.07192292, valid acc: 0.5817, valid loss: 1.23550639, test acc: 0.5506, test loss: 1.28779222
[2026-06-26 02:07:33,568][root][INFO] - reg loss: 4.125416669689241, entropy loss: 0.014796706924184423, leaf dev: 0.11683927476406097
[2026-06-26 02:07:33,569][root][INFO] - Val leaf stats: tensor([2.7005e-04, 3.9482e-01, 4.6179e-02, 1.1612e-02, 0.0000e+00, 0.0000e+00,
        2.8625e-02, 2.9382e-01, 5.4010e-04, 2.7005e-04, 1.3503e-01, 2.7005e-04,
        4.8879e-02, 3.6727e-02, 2.7005e-04, 2.7005e-03])
[2026-06-26 02:07:34,213][root][INFO] - reg loss: 4.150876944182349, entropy loss: 0.02468109045360909, leaf dev: 0.10426447540521622
[2026-06-26 02:07:34,214][root][INFO] - Val leaf stats: tensor([9.3708e-02, 3.6430e-01, 2.7815e-02, 4.8069e-02, 0.0000e+00, 8.1015e-04,
        8.1015e-04, 1.9174e-02, 2.7005e-04, 2.7005e-04, 1.5528e-01, 3.3756e-02,
        1.0802e-02, 4.3208e-03, 2.3494e-01, 5.6711e-03])
[2026-06-26 02:07:34,467][root][INFO] - reg loss: 4.116174260123831, entropy loss: 0.013771380847472637, leaf dev: 0.1270890235900879
[2026-06-26 02:07:34,468][root][INFO] - Val leaf stats: tensor([2.1604e-03, 1.4313e-02, 6.4812e-03, 5.4010e-04, 0.0000e+00, 2.7005e-04,
        0.0000e+00, 1.1477e-01, 5.1310e-03, 2.7005e-04, 3.0327e-01, 1.0667e-01,
        2.1604e-03, 2.7005e-04, 4.3343e-01, 1.0262e-02])
[2026-06-26 02:07:37,216][root][INFO] - reg loss: 4.177002039112028, entropy loss: 0.02829616364152705, leaf dev: 0.10365285724401474
[2026-06-26 02:07:37,217][root][INFO] - Val leaf stats: tensor([3.8293e-01, 1.1261e-01, 8.1015e-04, 1.4448e-01, 1.3773e-02, 5.1040e-02,
        1.0532e-02, 5.4010e-04, 3.4837e-02, 1.0802e-03, 4.3208e-03, 3.9427e-02,
        2.7005e-04, 8.1015e-04, 1.9417e-01, 8.3716e-03])
[2026-06-26 02:07:37,683][root][INFO] - reg loss: 4.148477601223305, entropy loss: 0.029078085738860192, leaf dev: 0.10355275869369507
[2026-06-26 02:07:37,685][root][INFO] - Val leaf stats: tensor([3.1866e-02, 8.6146e-02, 2.7005e-04, 8.1015e-04, 3.0516e-01, 1.0559e-01,
        0.0000e+00, 4.0508e-03, 0.0000e+00, 2.7005e-03, 2.6465e-02, 5.9411e-03,
        2.7005e-04, 2.9706e-03, 1.1801e-01, 3.0975e-01])
[2026-06-26 02:07:38,049][root][INFO] - Epoch: 43 | train acc: 0.6494, train loss: 0.95499865, valid acc: 0.5895, valid loss: 1.26305574, test acc: 0.5746, test loss: 1.24514299
[2026-06-26 02:07:42,868][root][INFO] - reg loss: 4.160546310612412, entropy loss: 0.02785404359341645, leaf dev: 0.11207977682352066
[2026-06-26 02:07:42,869][root][INFO] - Val leaf stats: tensor([0.0143, 0.2614, 0.0008, 0.0030, 0.0005, 0.0005, 0.0014, 0.0651, 0.0011,
        0.0000, 0.4013, 0.0354, 0.0853, 0.0305, 0.0864, 0.0130])
[2026-06-26 02:07:44,871][root][INFO] - Epoch: 29 | train acc: 0.9792, train loss: 0.36960558, valid acc: 0.9616, valid loss: 0.13764299, test acc: 0.9319, test loss: 0.92749797
[2026-06-26 02:07:45,714][root][INFO] - Epoch: 31 | train acc: 0.9825, train loss: 0.11764086, valid acc: 0.9621, valid loss: 0.13755298, test acc: 0.9299, test loss: 0.90145582
[2026-06-26 02:07:45,901][root][INFO] - Epoch: 28 | train acc: 0.9830, train loss: 0.34056556, valid acc: 0.9618, valid loss: 0.13571735, test acc: 0.9348, test loss: 1.18313915
[2026-06-26 02:07:46,498][root][INFO] - Epoch: 30 | train acc: 0.9859, train loss: 0.25377468, valid acc: 0.9628, valid loss: 0.13995503, test acc: 0.9145, test loss: 0.97328976
[2026-06-26 02:07:48,149][root][INFO] - reg loss: 4.885516365999898, entropy loss: 0.07386751776492154, leaf dev: 0.10310432314872742
[2026-06-26 02:07:48,151][root][INFO] - Val leaf stats: tensor([0.3534, 0.0298, 0.0013, 0.1043, 0.2274, 0.0040, 0.0000, 0.0047, 0.0022,
        0.0020, 0.1602, 0.0863, 0.0018, 0.0005, 0.0212, 0.0010])
[2026-06-26 02:07:48,484][root][INFO] - reg loss: 5.926660767307988, entropy loss: 0.11641386080355871, leaf dev: 0.08549719303846359
[2026-06-26 02:07:48,485][root][INFO] - Val leaf stats: tensor([1.4008e-02, 1.3074e-03, 1.3924e-01, 5.0430e-02, 7.3030e-02, 3.5487e-03,
        9.3388e-05, 2.4374e-02, 1.8678e-03, 5.0149e-02, 1.9145e-01, 2.7157e-01,
        1.1207e-03, 6.5372e-04, 1.7650e-01, 6.5372e-04])
[2026-06-26 02:07:48,527][root][INFO] - Epoch: 31 | train acc: 0.9864, train loss: 0.46990845, valid acc: 0.9646, valid loss: 0.13622437, test acc: 0.9355, test loss: 0.83465533
[2026-06-26 02:07:48,613][root][INFO] - Epoch: 31 | train acc: 0.9786, train loss: 0.18667193, valid acc: 0.9607, valid loss: 0.14082938, test acc: 0.9306, test loss: 1.18786730
[2026-06-26 02:07:48,685][root][INFO] - reg loss: 5.04730990071776, entropy loss: 0.07075775950831711, leaf dev: 0.08919727802276611
[2026-06-26 02:07:48,687][root][INFO] - Val leaf stats: tensor([0.0016, 0.3130, 0.1339, 0.0012, 0.0731, 0.0158, 0.0424, 0.0007, 0.0029,
        0.0091, 0.0021, 0.0020, 0.1164, 0.0005, 0.0971, 0.1883])
[2026-06-26 02:07:48,812][root][INFO] - Epoch: 43 | train acc: 0.5857, train loss: 1.25589610, valid acc: 0.5547, valid loss: 1.28200599, test acc: 0.5437, test loss: 1.32303198
[2026-06-26 02:07:48,820][root][INFO] - reg loss: 5.461849182371109, entropy loss: 0.10175775669554554, leaf dev: 0.07733026146888733
[2026-06-26 02:07:48,822][root][INFO] - Val leaf stats: tensor([2.0732e-02, 9.3388e-05, 1.4541e-01, 6.1076e-02, 7.0788e-02, 6.8173e-03,
        4.6694e-04, 5.0056e-02, 1.9612e-03, 6.2010e-02, 3.1192e-02, 2.2310e-01,
        6.5372e-04, 3.3900e-02, 2.4841e-01, 4.3332e-02])
[2026-06-26 02:07:51,147][root][INFO] - reg loss: 5.671293122427804, entropy loss: 0.11142353256228109, leaf dev: 0.08682002872228622
[2026-06-26 02:07:51,161][root][INFO] - Val leaf stats: tensor([6.8360e-02, 4.2959e-03, 3.5674e-02, 1.4298e-01, 1.4942e-03, 1.8678e-03,
        1.8678e-04, 1.0973e-01, 8.4049e-04, 5.5006e-02, 1.4186e-01, 3.2667e-01,
        2.6989e-02, 8.0687e-02, 2.8016e-04, 3.0818e-03])
[2026-06-26 02:07:51,565][root][INFO] - reg loss: 4.744704738495842, entropy loss: 0.05260152740295602, leaf dev: 0.10347150266170502
[2026-06-26 02:07:51,567][root][INFO] - Val leaf stats: tensor([2.1946e-02, 1.3635e-02, 1.8678e-04, 2.8016e-03, 9.3948e-02, 8.0314e-03,
        1.0403e-01, 8.0874e-02, 2.1479e-03, 6.5372e-04, 9.3388e-04, 1.3074e-03,
        4.4920e-02, 3.3312e-01, 2.8838e-01, 3.0818e-03])
[2026-06-26 02:07:53,272][root][INFO] - reg loss: 4.123086561922167, entropy loss: 0.013127181617940058, leaf dev: 0.12033635377883911
[2026-06-26 02:07:53,273][root][INFO] - Val leaf stats: tensor([2.4305e-03, 4.3208e-03, 2.7005e-04, 1.6203e-03, 1.0262e-02, 6.7513e-02,
        2.2414e-02, 2.7005e-04, 5.4010e-04, 2.4764e-01, 7.2374e-02, 1.7283e-02,
        2.1604e-03, 4.3208e-03, 1.0262e-01, 4.4396e-01])
[2026-06-26 02:07:54,098][root][INFO] - Epoch: 43 | train acc: 0.6213, train loss: 1.10087955, valid acc: 0.5990, valid loss: 1.20153944, test acc: 0.5756, test loss: 1.27793294
[2026-06-26 02:07:57,459][root][INFO] - reg loss: 4.220095626643447, entropy loss: 0.028518900580582072, leaf dev: 0.07334187626838684
[2026-06-26 02:07:57,460][root][INFO] - Val leaf stats: tensor([0.0721, 0.2255, 0.1169, 0.1977, 0.0213, 0.0556, 0.1396, 0.0216, 0.0008,
        0.0243, 0.0135, 0.1002, 0.0003, 0.0016, 0.0081, 0.0008])
[2026-06-26 02:07:57,593][root][INFO] - Epoch: 31 | train acc: 0.9824, train loss: 0.47006015, valid acc: 0.9614, valid loss: 0.13451827, test acc: 0.9260, test loss: 1.30840337
[2026-06-26 02:07:59,120][root][INFO] - Epoch: 30 | train acc: 0.9876, train loss: 0.20996160, valid acc: 0.9657, valid loss: 0.13617828, test acc: 0.9292, test loss: 0.56431253
[2026-06-26 02:07:59,209][root][INFO] - Epoch: 31 | train acc: 0.9830, train loss: 0.29550248, valid acc: 0.9569, valid loss: 0.17066507, test acc: 0.9103, test loss: 0.64549335
[2026-06-26 02:08:00,241][root][INFO] - reg loss: 4.728403661616896, entropy loss: 0.05111032249356704, leaf dev: 0.10234789550304413
[2026-06-26 02:08:00,242][root][INFO] - Val leaf stats: tensor([1.3214e-01, 5.6033e-04, 8.3115e-03, 1.6081e-01, 7.0601e-02, 5.0430e-03,
        3.7355e-04, 1.5129e-02, 1.9612e-03, 6.7987e-02, 7.0321e-02, 3.9643e-01,
        9.3388e-04, 6.5185e-02, 3.8289e-03, 3.7355e-04])
[2026-06-26 02:08:01,447][root][INFO] - reg loss: 5.43476745060512, entropy loss: 0.16474563025292896, leaf dev: 0.07420460134744644
[2026-06-26 02:08:01,448][root][INFO] - Val leaf stats: tensor([0.0593, 0.0475, 0.0515, 0.0012, 0.0000, 0.0688, 0.2239, 0.0103, 0.2339,
        0.0821, 0.0054, 0.0007, 0.0016, 0.0138, 0.1028, 0.0970])
[2026-06-26 02:08:01,769][root][INFO] - Epoch: 28 | train acc: 0.9775, train loss: 0.07860689, valid acc: 0.9569, valid loss: 0.14763477, test acc: 0.9162, test loss: 0.76211788
[2026-06-26 02:08:01,827][root][INFO] - reg loss: 5.374450451482541, entropy loss: 0.11759382001464329, leaf dev: 0.07017644494771957
[2026-06-26 02:08:01,828][root][INFO] - Val leaf stats: tensor([8.3956e-02, 1.1842e-01, 9.2361e-02, 1.4942e-03, 1.4914e-01, 2.7549e-02,
        1.4270e-01, 6.0609e-02, 7.3777e-03, 2.4654e-02, 8.4049e-04, 2.1479e-02,
        2.8670e-02, 1.8678e-04, 2.4038e-01, 1.8678e-04])
[2026-06-26 02:08:01,981][root][INFO] - Epoch: 43 | train acc: 0.6416, train loss: 1.00829932, valid acc: 0.5660, valid loss: 1.29790888, test acc: 0.5584, test loss: 1.30649242
[2026-06-26 02:08:02,793][root][INFO] - Epoch: 43 | train acc: 0.6629, train loss: 0.95451733, valid acc: 0.6276, valid loss: 1.16362067, test acc: 0.6006, test loss: 1.19932876
[2026-06-26 02:08:03,084][root][INFO] - Epoch: 44 | train acc: 0.6359, train loss: 1.07792281, valid acc: 0.6003, valid loss: 1.20769279, test acc: 0.5793, test loss: 1.25593627
[2026-06-26 02:08:04,346][root][INFO] - reg loss: 5.613600816676225, entropy loss: 0.17386392121592525, leaf dev: 0.07881063222885132
[2026-06-26 02:08:04,347][root][INFO] - Val leaf stats: tensor([1.3821e-02, 1.9612e-03, 1.0693e-01, 3.0473e-01, 7.8633e-02, 2.7083e-03,
        9.3388e-05, 6.2850e-02, 8.4049e-04, 9.1334e-02, 1.1786e-01, 9.2267e-02,
        3.3620e-03, 2.2787e-02, 9.8805e-02, 1.0273e-03])
[2026-06-26 02:08:04,981][root][INFO] - Epoch: 43 | train acc: 0.6171, train loss: 1.06563500, valid acc: 0.5803, valid loss: 1.23175755, test acc: 0.5530, test loss: 1.29362893
[2026-06-26 02:08:05,198][root][INFO] - Epoch: 43 | train acc: 0.6577, train loss: 1.09302451, valid acc: 0.6001, valid loss: 1.25572247, test acc: 0.5783, test loss: 1.25975917
[2026-06-26 02:08:05,218][root][INFO] - Epoch: 43 | train acc: 0.5729, train loss: 1.25399605, valid acc: 0.5247, valid loss: 1.40183479, test acc: 0.5145, test loss: 1.40133497
[2026-06-26 02:08:06,048][root][INFO] - reg loss: 4.198759774692723, entropy loss: 0.03471709363406799, leaf dev: 0.11476941406726837
[2026-06-26 02:08:06,049][root][INFO] - Val leaf stats: tensor([0.0000e+00, 2.8355e-02, 2.7005e-04, 2.1604e-03, 1.0802e-01, 1.3962e-01,
        0.0000e+00, 1.0802e-03, 2.5250e-01, 3.6187e-02, 2.6465e-02, 5.4010e-04,
        2.7005e-04, 2.7005e-04, 1.3503e-03, 4.0292e-01])
[2026-06-26 02:08:06,759][root][INFO] - reg loss: 4.151916457004234, entropy loss: 0.02467864177754668, leaf dev: 0.10100992023944855
[2026-06-26 02:08:06,761][root][INFO] - Val leaf stats: tensor([1.0127e-01, 3.4864e-01, 2.1604e-02, 4.7259e-02, 0.0000e+00, 8.1015e-04,
        1.6203e-03, 2.2414e-02, 2.7005e-04, 2.7005e-04, 1.7553e-01, 2.7815e-02,
        2.1064e-02, 4.5909e-03, 2.2009e-01, 6.7513e-03])
[2026-06-26 02:08:07,139][root][INFO] - reg loss: 4.129453713776635, entropy loss: 0.015421402121542907, leaf dev: 0.11469538509845734
[2026-06-26 02:08:07,141][root][INFO] - Val leaf stats: tensor([2.7005e-04, 3.8023e-01, 5.1040e-02, 1.1072e-02, 0.0000e+00, 2.7005e-04,
        2.7815e-02, 2.9436e-01, 5.4010e-04, 5.4010e-04, 1.4637e-01, 2.7005e-04,
        5.1310e-02, 3.2136e-02, 2.7005e-04, 3.5107e-03])
[2026-06-26 02:08:08,433][root][INFO] - reg loss: 4.1443010627246295, entropy loss: 0.02851705018003456, leaf dev: 0.102012500166893
[2026-06-26 02:08:08,435][root][INFO] - Val leaf stats: tensor([2.7545e-02, 9.0197e-02, 2.7005e-04, 5.4010e-04, 2.8679e-01, 1.0586e-01,
        0.0000e+00, 3.5107e-03, 0.0000e+00, 2.4305e-03, 2.9436e-02, 6.2112e-03,
        2.7005e-04, 2.9706e-03, 1.3043e-01, 3.1353e-01])
[2026-06-26 02:08:08,831][root][INFO] - reg loss: 4.116191097947418, entropy loss: 0.013824534541392913, leaf dev: 0.13083049654960632
[2026-06-26 02:08:08,833][root][INFO] - Val leaf stats: tensor([2.1604e-03, 1.6743e-02, 1.4853e-02, 0.0000e+00, 5.4010e-04, 0.0000e+00,
        2.7005e-04, 7.2374e-02, 4.8609e-03, 0.0000e+00, 3.2136e-01, 1.0505e-01,
        3.2406e-03, 8.1015e-04, 4.4612e-01, 1.1612e-02])
[2026-06-26 02:08:08,889][root][INFO] - Epoch: 44 | train acc: 0.6197, train loss: 1.05082698, valid acc: 0.5803, valid loss: 1.32280418, test acc: 0.5638, test loss: 1.28856173
[2026-06-26 02:08:08,895][root][INFO] - reg loss: 4.164534514067603, entropy loss: 0.028232710130634855, leaf dev: 0.11312887072563171
[2026-06-26 02:08:08,896][root][INFO] - Val leaf stats: tensor([0.3694, 0.0805, 0.0019, 0.1218, 0.0122, 0.0554, 0.0027, 0.0005, 0.0059,
        0.0005, 0.0035, 0.0078, 0.0005, 0.0011, 0.3038, 0.0324])
[2026-06-26 02:08:13,115][root][INFO] - reg loss: 4.1463930489587, entropy loss: 0.026983407921478398, leaf dev: 0.1157822236418724
[2026-06-26 02:08:13,116][root][INFO] - Val leaf stats: tensor([1.4583e-02, 2.8652e-01, 1.3503e-03, 3.2406e-03, 8.1015e-04, 5.4010e-04,
        2.7005e-04, 3.9698e-02, 1.0802e-03, 0.0000e+00, 4.0427e-01, 3.5647e-02,
        8.5606e-02, 3.0786e-02, 8.0475e-02, 1.5123e-02])
[2026-06-26 02:08:19,321][root][INFO] - Epoch: 29 | train acc: 0.9828, train loss: 0.33781908, valid acc: 0.9591, valid loss: 0.15272053, test acc: 0.9298, test loss: 1.24476295
[2026-06-26 02:08:19,545][root][INFO] - Epoch: 30 | train acc: 0.9786, train loss: 0.35148431, valid acc: 0.9604, valid loss: 0.14529833, test acc: 0.9325, test loss: 0.97963851
[2026-06-26 02:08:19,948][root][INFO] - Epoch: 31 | train acc: 0.9858, train loss: 0.25018790, valid acc: 0.9636, valid loss: 0.13675062, test acc: 0.9161, test loss: 0.99826484
[2026-06-26 02:08:19,979][root][INFO] - Epoch: 44 | train acc: 0.5885, train loss: 1.23637725, valid acc: 0.5501, valid loss: 1.29013924, test acc: 0.5538, test loss: 1.31124916
[2026-06-26 02:08:20,516][root][INFO] - Epoch: 32 | train acc: 0.9849, train loss: 0.11057120, valid acc: 0.9623, valid loss: 0.14009236, test acc: 0.9315, test loss: 0.81982701
[2026-06-26 02:08:20,846][root][INFO] - Epoch: 32 | train acc: 0.9860, train loss: 0.44953430, valid acc: 0.9647, valid loss: 0.13497331, test acc: 0.9348, test loss: 1.34691860
[2026-06-26 02:08:21,029][root][INFO] - Epoch: 32 | train acc: 0.9820, train loss: 0.17279933, valid acc: 0.9622, valid loss: 0.14032797, test acc: 0.9313, test loss: 1.22033609
[2026-06-26 02:08:21,649][root][INFO] - reg loss: 4.985321319923199, entropy loss: 0.06941823716516848, leaf dev: 0.08312384784221649
[2026-06-26 02:08:21,650][root][INFO] - Val leaf stats: tensor([0.0009, 0.2545, 0.1201, 0.0011, 0.0743, 0.0150, 0.0446, 0.0006, 0.0031,
        0.0092, 0.0011, 0.0019, 0.1575, 0.0004, 0.1106, 0.2052])
[2026-06-26 02:08:22,099][root][INFO] - reg loss: 4.853502745350832, entropy loss: 0.06862699137951331, leaf dev: 0.10703778266906738
[2026-06-26 02:08:22,100][root][INFO] - Val leaf stats: tensor([0.3752, 0.0272, 0.0013, 0.0700, 0.2289, 0.0041, 0.0000, 0.0042, 0.0022,
        0.0024, 0.1585, 0.0989, 0.0017, 0.0005, 0.0239, 0.0009])
[2026-06-26 02:08:22,995][root][INFO] - reg loss: 5.417990825794361, entropy loss: 0.09957721596830106, leaf dev: 0.07669266313314438
[2026-06-26 02:08:22,996][root][INFO] - Val leaf stats: tensor([1.7931e-02, 1.8678e-04, 1.3756e-01, 6.9107e-02, 7.0601e-02, 6.8173e-03,
        2.8016e-04, 4.9309e-02, 2.0545e-03, 6.0235e-02, 2.9978e-02, 2.2142e-01,
        6.5372e-04, 3.7168e-02, 2.4907e-01, 4.7628e-02])
[2026-06-26 02:08:23,520][root][INFO] - reg loss: 5.925594027080233, entropy loss: 0.11636209326288688, leaf dev: 0.08679910749197006
[2026-06-26 02:08:23,521][root][INFO] - Val leaf stats: tensor([0.0131, 0.0015, 0.1450, 0.0390, 0.0737, 0.0030, 0.0000, 0.0283, 0.0020,
        0.0512, 0.2113, 0.2736, 0.0011, 0.0005, 0.1561, 0.0006])
[2026-06-26 02:08:23,615][root][INFO] - reg loss: 4.708350701306863, entropy loss: 0.04992219332664732, leaf dev: 0.09972752630710602
[2026-06-26 02:08:23,616][root][INFO] - Val leaf stats: tensor([2.0919e-02, 1.4008e-02, 2.8016e-04, 2.8950e-03, 9.4415e-02, 7.9380e-03,
        1.4522e-01, 7.2749e-02, 2.1479e-03, 1.0273e-03, 9.3388e-04, 1.3074e-03,
        4.4359e-02, 3.0080e-01, 2.8848e-01, 2.5215e-03])
[2026-06-26 02:08:24,376][root][INFO] - reg loss: 5.671849467766979, entropy loss: 0.1096394284771233, leaf dev: 0.085202157497406
[2026-06-26 02:08:24,377][root][INFO] - Val leaf stats: tensor([7.5644e-02, 6.9107e-03, 3.7168e-02, 1.6025e-01, 2.0545e-03, 2.0545e-03,
        1.8678e-04, 9.2081e-02, 7.4710e-04, 4.7628e-02, 1.4195e-01, 3.1472e-01,
        2.6616e-02, 8.8812e-02, 1.8678e-04, 2.9884e-03])
[2026-06-26 02:08:24,643][root][INFO] - reg loss: 4.120224061559458, entropy loss: 0.01310799283082368, leaf dev: 0.12011153995990753
[2026-06-26 02:08:24,644][root][INFO] - Val leaf stats: tensor([2.7005e-03, 4.0508e-03, 2.7005e-04, 1.6203e-03, 1.1072e-02, 7.1294e-02,
        2.1334e-02, 2.1604e-03, 5.4010e-04, 2.4899e-01, 6.8323e-02, 1.6473e-02,
        1.6203e-03, 4.3208e-03, 1.0289e-01, 4.4234e-01])
[2026-06-26 02:08:26,497][root][INFO] - Epoch: 44 | train acc: 0.6427, train loss: 1.03818971, valid acc: 0.5971, valid loss: 1.28267261, test acc: 0.5766, test loss: 1.29100312
[2026-06-26 02:08:30,234][root][INFO] - reg loss: 4.223575138654865, entropy loss: 0.02938503805609023, leaf dev: 0.07379291951656342
[2026-06-26 02:08:30,235][root][INFO] - Val leaf stats: tensor([0.0686, 0.2412, 0.1064, 0.2109, 0.0284, 0.0624, 0.0964, 0.0367, 0.0014,
        0.0265, 0.0119, 0.0961, 0.0011, 0.0022, 0.0092, 0.0008])
[2026-06-26 02:08:31,793][root][INFO] - Epoch: 32 | train acc: 0.9826, train loss: 0.48026250, valid acc: 0.9589, valid loss: 0.14752652, test acc: 0.9282, test loss: 1.40398371
[2026-06-26 02:08:32,509][root][INFO] - Epoch: 31 | train acc: 0.9844, train loss: 0.21967328, valid acc: 0.9610, valid loss: 0.14692492, test acc: 0.9252, test loss: 0.58467935
[2026-06-26 02:08:33,554][root][INFO] - Epoch: 32 | train acc: 0.9819, train loss: 0.29637771, valid acc: 0.9591, valid loss: 0.16734105, test acc: 0.9129, test loss: 0.55648045
[2026-06-26 02:08:33,887][root][INFO] - reg loss: 4.752489546619395, entropy loss: 0.05231621352926133, leaf dev: 0.08825565129518509
[2026-06-26 02:08:33,888][root][INFO] - Val leaf stats: tensor([0.1374, 0.0006, 0.0094, 0.1712, 0.0706, 0.0050, 0.0004, 0.0177, 0.0021,
        0.0650, 0.1378, 0.3140, 0.0009, 0.0626, 0.0049, 0.0004])
[2026-06-26 02:08:34,339][root][INFO] - Epoch: 44 | train acc: 0.6685, train loss: 0.93608452, valid acc: 0.6249, valid loss: 1.17864311, test acc: 0.5984, test loss: 1.20752028
[2026-06-26 02:08:34,593][root][INFO] - Epoch: 45 | train acc: 0.6406, train loss: 1.07543179, valid acc: 0.6076, valid loss: 1.20210591, test acc: 0.5790, test loss: 1.23657808
[2026-06-26 02:08:35,114][root][INFO] - Epoch: 29 | train acc: 0.9785, train loss: 0.07396588, valid acc: 0.9596, valid loss: 0.14291795, test acc: 0.9178, test loss: 0.84913619
[2026-06-26 02:08:35,452][root][INFO] - reg loss: 5.560531048547654, entropy loss: 0.16314937040288613, leaf dev: 0.06792989373207092
[2026-06-26 02:08:35,453][root][INFO] - Val leaf stats: tensor([0.0674, 0.0540, 0.0539, 0.0013, 0.0000, 0.0685, 0.2283, 0.0160, 0.1831,
        0.0547, 0.0055, 0.0009, 0.0129, 0.0236, 0.1320, 0.0978])
[2026-06-26 02:08:35,828][root][INFO] - Epoch: 44 | train acc: 0.6293, train loss: 1.03285165, valid acc: 0.5925, valid loss: 1.22222475, test acc: 0.5839, test loss: 1.23296509
[2026-06-26 02:08:36,199][root][INFO] - reg loss: 5.342111721240654, entropy loss: 0.11759235899126719, leaf dev: 0.07301441580057144
[2026-06-26 02:08:36,200][root][INFO] - Val leaf stats: tensor([1.4606e-01, 9.0586e-02, 1.1309e-01, 1.6810e-03, 2.1787e-01, 6.3037e-02,
        6.8640e-02, 4.3332e-02, 7.3777e-03, 1.5222e-02, 1.0273e-03, 1.2981e-02,
        1.5409e-02, 0.0000e+00, 2.0349e-01, 1.8678e-04])
[2026-06-26 02:08:36,358][root][INFO] - Epoch: 44 | train acc: 0.6235, train loss: 1.05131792, valid acc: 0.5976, valid loss: 1.21706246, test acc: 0.5611, test loss: 1.27019572
[2026-06-26 02:08:36,811][root][INFO] - Epoch: 44 | train acc: 0.5809, train loss: 1.21425711, valid acc: 0.5574, valid loss: 1.30768019, test acc: 0.5432, test loss: 1.34323277
[2026-06-26 02:08:37,141][root][INFO] - Epoch: 44 | train acc: 0.6571, train loss: 1.10073439, valid acc: 0.6163, valid loss: 1.19884133, test acc: 0.5751, test loss: 1.26945673
[2026-06-26 02:08:37,650][root][INFO] - reg loss: 5.6353940080713345, entropy loss: 0.17405853684617098, leaf dev: 0.08529407531023026
[2026-06-26 02:08:37,651][root][INFO] - Val leaf stats: tensor([1.4849e-02, 1.2140e-03, 1.0235e-01, 3.3340e-01, 7.7886e-02, 2.8016e-03,
        9.3388e-05, 5.6967e-02, 6.5372e-04, 6.3784e-02, 1.1664e-01, 9.8058e-02,
        3.4554e-03, 1.3168e-02, 1.1393e-01, 7.4710e-04])
[2026-06-26 02:08:38,277][root][INFO] - reg loss: 4.12948205822804, entropy loss: 0.015587926216301371, leaf dev: 0.11648290604352951
[2026-06-26 02:08:38,278][root][INFO] - Val leaf stats: tensor([2.7005e-04, 3.9130e-01, 5.2930e-02, 1.1612e-02, 0.0000e+00, 2.7005e-04,
        3.0246e-02, 2.9193e-01, 5.4010e-04, 5.4010e-04, 1.4556e-01, 2.7005e-04,
        4.2668e-02, 2.8625e-02, 1.3503e-03, 1.8904e-03])
[2026-06-26 02:08:38,311][root][INFO] - reg loss: 4.155108146980161, entropy loss: 0.024883193467728427, leaf dev: 0.09451646357774734
[2026-06-26 02:08:38,312][root][INFO] - Val leaf stats: tensor([1.4016e-01, 3.0840e-01, 1.9174e-02, 5.3470e-02, 0.0000e+00, 5.4010e-04,
        4.5909e-03, 2.5385e-02, 2.7005e-04, 5.4010e-04, 1.7067e-01, 2.0524e-02,
        2.7275e-02, 4.0508e-03, 2.1793e-01, 7.0213e-03])
[2026-06-26 02:08:39,470][root][INFO] - reg loss: 4.194110198099105, entropy loss: 0.03317674359337228, leaf dev: 0.11054780334234238
[2026-06-26 02:08:39,471][root][INFO] - Val leaf stats: tensor([5.4010e-04, 4.1318e-02, 2.7005e-04, 2.1604e-03, 7.9935e-02, 1.5150e-01,
        0.0000e+00, 3.2406e-03, 2.2522e-01, 3.1866e-02, 6.0762e-02, 1.6203e-03,
        8.1015e-04, 0.0000e+00, 1.6203e-03, 3.9914e-01])
[2026-06-26 02:08:40,255][root][INFO] - reg loss: 4.144895569222872, entropy loss: 0.028265503372569552, leaf dev: 0.09879519045352936
[2026-06-26 02:08:40,256][root][INFO] - Val leaf stats: tensor([2.6735e-02, 9.3168e-02, 2.7005e-04, 5.4010e-04, 2.8220e-01, 1.2260e-01,
        0.0000e+00, 3.5107e-03, 0.0000e+00, 2.4305e-03, 3.6187e-02, 6.7513e-03,
        2.7005e-04, 2.7005e-03, 1.2719e-01, 2.9544e-01])
[2026-06-26 02:08:40,652][root][INFO] - Epoch: 45 | train acc: 0.6325, train loss: 1.00490098, valid acc: 0.5955, valid loss: 1.25057953, test acc: 0.5731, test loss: 1.24372403
[2026-06-26 02:08:40,800][root][INFO] - reg loss: 4.125091138433238, entropy loss: 0.02515027287309287, leaf dev: 0.1199851855635643
[2026-06-26 02:08:40,801][root][INFO] - Val leaf stats: tensor([0.3457, 0.0292, 0.0014, 0.1110, 0.0113, 0.0600, 0.0027, 0.0005, 0.0078,
        0.0000, 0.0035, 0.0030, 0.0011, 0.0014, 0.3738, 0.0478])
[2026-06-26 02:08:41,150][root][INFO] - reg loss: 4.114558579491788, entropy loss: 0.014751858337492239, leaf dev: 0.12564454972743988
[2026-06-26 02:08:41,151][root][INFO] - Val leaf stats: tensor([2.1604e-03, 1.7013e-02, 1.7283e-02, 0.0000e+00, 5.4010e-04, 0.0000e+00,
        2.7005e-04, 7.7235e-02, 8.3716e-03, 0.0000e+00, 3.3648e-01, 1.3070e-01,
        3.5107e-03, 2.7005e-04, 4.0292e-01, 3.2406e-03])
[2026-06-26 02:08:45,103][root][INFO] - reg loss: 4.158780731138636, entropy loss: 0.027761436143859487, leaf dev: 0.1099771037697792
[2026-06-26 02:08:45,104][root][INFO] - Val leaf stats: tensor([0.0173, 0.2722, 0.0032, 0.0103, 0.0022, 0.0005, 0.0016, 0.0546, 0.0014,
        0.0000, 0.3875, 0.0324, 0.0864, 0.0335, 0.0794, 0.0176])
[2026-06-26 02:08:51,880][root][INFO] - Epoch: 45 | train acc: 0.5925, train loss: 1.22075973, valid acc: 0.5639, valid loss: 1.27890999, test acc: 0.5503, test loss: 1.31638302
[2026-06-26 02:08:52,134][root][INFO] - Epoch: 33 | train acc: 0.9874, train loss: 0.44432514, valid acc: 0.9641, valid loss: 0.13900073, test acc: 0.9341, test loss: 0.90851693
[2026-06-26 02:08:52,301][root][INFO] - Epoch: 31 | train acc: 0.9812, train loss: 0.34053274, valid acc: 0.9627, valid loss: 0.13866800, test acc: 0.9325, test loss: 1.03390869
[2026-06-26 02:08:53,443][root][INFO] - Epoch: 33 | train acc: 0.9830, train loss: 0.17135420, valid acc: 0.9610, valid loss: 0.14297309, test acc: 0.9307, test loss: 1.25743298
[2026-06-26 02:08:54,027][root][INFO] - Epoch: 33 | train acc: 0.9823, train loss: 0.11807681, valid acc: 0.9603, valid loss: 0.14941034, test acc: 0.9267, test loss: 0.95644226
[2026-06-26 02:08:54,489][root][INFO] - reg loss: 4.713744367871966, entropy loss: 0.0498351927393328, leaf dev: 0.09969589859247208
[2026-06-26 02:08:54,491][root][INFO] - Val leaf stats: tensor([2.6335e-02, 1.8397e-02, 1.8678e-04, 2.8950e-03, 9.0773e-02, 6.4438e-03,
        1.3831e-01, 6.9761e-02, 2.3347e-03, 1.1207e-03, 1.0273e-03, 1.3074e-03,
        4.4920e-02, 3.0753e-01, 2.8577e-01, 2.8950e-03])
[2026-06-26 02:08:54,701][root][INFO] - Epoch: 30 | train acc: 0.9825, train loss: 0.31996929, valid acc: 0.9608, valid loss: 0.14051085, test acc: 0.9353, test loss: 1.24367159
[2026-06-26 02:08:54,810][root][INFO] - Epoch: 32 | train acc: 0.9876, train loss: 0.23910532, valid acc: 0.9646, valid loss: 0.13675743, test acc: 0.9128, test loss: 1.04665940
[2026-06-26 02:08:55,285][root][INFO] - reg loss: 4.845574770024214, entropy loss: 0.06822745679389863, leaf dev: 0.10429368168115616
[2026-06-26 02:08:55,286][root][INFO] - Val leaf stats: tensor([0.3597, 0.0275, 0.0012, 0.0787, 0.2287, 0.0041, 0.0000, 0.0038, 0.0024,
        0.0026, 0.1610, 0.1019, 0.0015, 0.0005, 0.0252, 0.0010])
[2026-06-26 02:08:56,184][root][INFO] - reg loss: 5.650246862381223, entropy loss: 0.1096240655376167, leaf dev: 0.0877436026930809
[2026-06-26 02:08:56,185][root][INFO] - Val leaf stats: tensor([7.5364e-02, 1.1113e-02, 3.6421e-02, 1.8173e-01, 3.6328e-02, 2.0545e-03,
        1.8678e-04, 7.8166e-02, 5.6033e-04, 2.3814e-02, 1.4951e-01, 3.2013e-01,
        1.1580e-02, 6.9574e-02, 1.8678e-04, 3.2686e-03])
[2026-06-26 02:08:56,506][root][INFO] - reg loss: 4.125349576355981, entropy loss: 0.01310396243314274, leaf dev: 0.11736281961202621
[2026-06-26 02:08:56,507][root][INFO] - Val leaf stats: tensor([2.7005e-03, 5.6711e-03, 2.7005e-04, 1.6203e-03, 1.4313e-02, 7.8315e-02,
        3.3216e-02, 1.6203e-03, 5.4010e-04, 2.3765e-01, 6.5893e-02, 1.7553e-02,
        1.3503e-03, 4.5909e-03, 9.7759e-02, 4.3694e-01])
[2026-06-26 02:08:56,716][root][INFO] - reg loss: 5.818845799360326, entropy loss: 0.1106636571505713, leaf dev: 0.08666863292455673
[2026-06-26 02:08:56,718][root][INFO] - Val leaf stats: tensor([0.0130, 0.0010, 0.1656, 0.0630, 0.0699, 0.0045, 0.0000, 0.0065, 0.0017,
        0.0542, 0.2776, 0.1859, 0.0010, 0.0005, 0.1551, 0.0004])
[2026-06-26 02:08:57,336][root][INFO] - reg loss: 5.383131779060162, entropy loss: 0.09704652909563963, leaf dev: 0.0768643319606781
[2026-06-26 02:08:57,337][root][INFO] - Val leaf stats: tensor([1.7090e-02, 1.8678e-04, 1.3298e-01, 6.9201e-02, 7.0788e-02, 6.8173e-03,
        2.8016e-04, 5.2204e-02, 1.9612e-03, 6.3224e-02, 2.9978e-02, 2.0882e-01,
        5.6033e-04, 4.0157e-02, 2.6177e-01, 4.3986e-02])
[2026-06-26 02:08:58,018][root][INFO] - reg loss: 4.966627027622606, entropy loss: 0.06466874300881668, leaf dev: 0.08694063872098923
[2026-06-26 02:08:58,020][root][INFO] - Val leaf stats: tensor([0.0014, 0.2980, 0.1332, 0.0012, 0.0736, 0.0145, 0.0484, 0.0005, 0.0030,
        0.0089, 0.0018, 0.0020, 0.1365, 0.0004, 0.0919, 0.1849])
[2026-06-26 02:08:59,178][root][INFO] - Epoch: 45 | train acc: 0.6566, train loss: 0.99226913, valid acc: 0.6203, valid loss: 1.19458254, test acc: 0.5957, test loss: 1.23924859
[2026-06-26 02:09:02,855][root][INFO] - reg loss: 4.223195670080966, entropy loss: 0.028966530699466097, leaf dev: 0.07942257076501846
[2026-06-26 02:09:02,856][root][INFO] - Val leaf stats: tensor([0.0794, 0.2830, 0.1056, 0.1842, 0.0176, 0.0586, 0.1013, 0.0073, 0.0011,
        0.0289, 0.0170, 0.1018, 0.0011, 0.0024, 0.0100, 0.0008])
[2026-06-26 02:09:04,815][root][INFO] - Epoch: 33 | train acc: 0.9822, train loss: 0.47264494, valid acc: 0.9623, valid loss: 0.13558526, test acc: 0.9300, test loss: 1.38055718
[2026-06-26 02:09:05,437][root][INFO] - Epoch: 45 | train acc: 0.6677, train loss: 0.93110868, valid acc: 0.6200, valid loss: 1.18296637, test acc: 0.6038, test loss: 1.20855603
[2026-06-26 02:09:05,473][root][INFO] - Epoch: 32 | train acc: 0.9866, train loss: 0.21568419, valid acc: 0.9666, valid loss: 0.13926700, test acc: 0.9265, test loss: 0.52066415
[2026-06-26 02:09:06,138][root][INFO] - Epoch: 46 | train acc: 0.6387, train loss: 1.07396629, valid acc: 0.6028, valid loss: 1.21582391, test acc: 0.5773, test loss: 1.27831251
[2026-06-26 02:09:07,350][root][INFO] - reg loss: 4.756138995841697, entropy loss: 0.051468765826294664, leaf dev: 0.10043840110301971
[2026-06-26 02:09:07,351][root][INFO] - Val leaf stats: tensor([1.5166e-01, 4.6694e-04, 6.6306e-03, 1.5876e-01, 7.0321e-02, 5.1363e-03,
        4.6694e-04, 1.5316e-02, 1.8678e-03, 4.4733e-02, 9.4042e-02, 3.8130e-01,
        9.3388e-04, 6.4064e-02, 3.9223e-03, 3.7355e-04])
[2026-06-26 02:09:07,585][root][INFO] - Epoch: 33 | train acc: 0.9839, train loss: 0.28119872, valid acc: 0.9633, valid loss: 0.14811128, test acc: 0.9153, test loss: 0.74964031
[2026-06-26 02:09:07,777][root][INFO] - reg loss: 5.519751213215016, entropy loss: 0.16597802913378154, leaf dev: 0.07526442408561707
[2026-06-26 02:09:07,778][root][INFO] - Val leaf stats: tensor([0.0728, 0.0453, 0.0562, 0.0011, 0.0000, 0.0672, 0.2531, 0.0187, 0.2196,
        0.0623, 0.0055, 0.0007, 0.0096, 0.0148, 0.1041, 0.0690])
[2026-06-26 02:09:07,942][root][INFO] - Epoch: 45 | train acc: 0.6292, train loss: 1.03471705, valid acc: 0.5984, valid loss: 1.20579813, test acc: 0.5589, test loss: 1.26745215
[2026-06-26 02:09:08,225][root][INFO] - Epoch: 45 | train acc: 0.6457, train loss: 0.98228109, valid acc: 0.5606, valid loss: 1.37104717, test acc: 0.5479, test loss: 1.32977857
[2026-06-26 02:09:08,775][root][INFO] - Epoch: 45 | train acc: 0.6009, train loss: 1.15676747, valid acc: 0.5628, valid loss: 1.29527335, test acc: 0.5457, test loss: 1.33733055
[2026-06-26 02:09:08,781][root][INFO] - Epoch: 45 | train acc: 0.6572, train loss: 1.10040094, valid acc: 0.6117, valid loss: 1.22467839, test acc: 0.5746, test loss: 1.26863099
[2026-06-26 02:09:09,225][root][INFO] - Epoch: 30 | train acc: 0.9811, train loss: 0.06595521, valid acc: 0.9619, valid loss: 0.13356608, test acc: 0.9191, test loss: 0.86038500
[2026-06-26 02:09:09,823][root][INFO] - reg loss: 4.157132836638904, entropy loss: 0.025135688819601886, leaf dev: 0.10948791354894638
[2026-06-26 02:09:09,824][root][INFO] - Val leaf stats: tensor([7.1564e-02, 3.7915e-01, 2.0254e-02, 4.3478e-02, 0.0000e+00, 5.4010e-04,
        8.1015e-03, 1.9444e-02, 5.4010e-04, 2.7005e-04, 1.6365e-01, 1.9444e-02,
        9.9919e-03, 3.2406e-03, 2.5169e-01, 8.6416e-03])
[2026-06-26 02:09:09,916][root][INFO] - reg loss: 4.129608990716153, entropy loss: 0.015303235485783367, leaf dev: 0.11700821667909622
[2026-06-26 02:09:09,917][root][INFO] - Val leaf stats: tensor([2.7005e-04, 3.8320e-01, 5.6441e-02, 8.1015e-03, 0.0000e+00, 0.0000e+00,
        1.9714e-02, 3.1056e-01, 5.4010e-04, 5.4010e-04, 1.2881e-01, 5.4010e-04,
        5.8601e-02, 2.9976e-02, 2.4305e-03, 2.7005e-04])
[2026-06-26 02:09:10,119][root][INFO] - reg loss: 5.277536003677933, entropy loss: 0.11230716558675917, leaf dev: 0.07010778784751892
[2026-06-26 02:09:10,120][root][INFO] - Val leaf stats: tensor([1.6053e-01, 9.5256e-02, 1.1748e-01, 1.6810e-03, 2.0938e-01, 5.5473e-02,
        7.2936e-02, 3.7168e-02, 6.8173e-03, 1.6623e-02, 1.1207e-03, 8.3115e-03,
        3.7635e-02, 1.8678e-04, 1.7931e-01, 9.3388e-05])
[2026-06-26 02:09:11,830][root][INFO] - reg loss: 5.459505696776052, entropy loss: 0.16608196623110896, leaf dev: 0.08213824778795242
[2026-06-26 02:09:11,832][root][INFO] - Val leaf stats: tensor([0.0152, 0.0014, 0.0894, 0.3116, 0.0796, 0.0031, 0.0000, 0.0504, 0.0006,
        0.0644, 0.1309, 0.1361, 0.0033, 0.0162, 0.0969, 0.0009])
[2026-06-26 02:09:11,953][root][INFO] - reg loss: 4.146703290157631, entropy loss: 0.0283752193094277, leaf dev: 0.09659283608198166
[2026-06-26 02:09:11,955][root][INFO] - Val leaf stats: tensor([2.5385e-02, 9.3708e-02, 2.7005e-04, 5.4010e-04, 2.7815e-01, 1.2773e-01,
        0.0000e+00, 2.9706e-03, 0.0000e+00, 2.4305e-03, 3.5107e-02, 4.0508e-03,
        2.7005e-04, 2.9706e-03, 1.5339e-01, 2.7302e-01])
[2026-06-26 02:09:12,121][root][INFO] - reg loss: 4.196723078117996, entropy loss: 0.03394979247670682, leaf dev: 0.10132704675197601
[2026-06-26 02:09:12,123][root][INFO] - Val leaf stats: tensor([2.7005e-04, 5.2390e-02, 5.4010e-04, 1.6203e-03, 4.6989e-02, 1.6365e-01,
        0.0000e+00, 2.7005e-04, 3.1893e-01, 4.2128e-02, 9.8839e-02, 5.6711e-03,
        5.4010e-04, 0.0000e+00, 8.1015e-04, 2.6735e-01])
[2026-06-26 02:09:12,618][root][INFO] - reg loss: 4.112779054485384, entropy loss: 0.014115187736441855, leaf dev: 0.13349255919456482
[2026-06-26 02:09:12,619][root][INFO] - Val leaf stats: tensor([2.1604e-03, 1.5663e-02, 1.2692e-02, 0.0000e+00, 5.4010e-04, 0.0000e+00,
        2.7005e-04, 8.4796e-02, 6.2112e-03, 0.0000e+00, 2.9760e-01, 9.7218e-02,
        3.7807e-03, 5.4010e-04, 4.7340e-01, 5.1310e-03])
[2026-06-26 02:09:12,720][root][INFO] - reg loss: 4.123541120622979, entropy loss: 0.025256238114394126, leaf dev: 0.11557286977767944
[2026-06-26 02:09:12,721][root][INFO] - Val leaf stats: tensor([3.3918e-01, 4.4288e-02, 1.0802e-03, 1.0667e-01, 1.1072e-02, 6.1572e-02,
        3.2406e-03, 8.1015e-04, 7.0213e-03, 2.7005e-04, 3.5107e-03, 5.6711e-03,
        1.0802e-03, 1.3503e-03, 3.5674e-01, 5.6441e-02])
[2026-06-26 02:09:13,153][root][INFO] - Epoch: 46 | train acc: 0.6394, train loss: 0.99241557, valid acc: 0.5955, valid loss: 1.25625470, test acc: 0.5859, test loss: 1.26672555
[2026-06-26 02:09:17,912][root][INFO] - reg loss: 4.162529828118497, entropy loss: 0.028468409125677874, leaf dev: 0.11030635237693787
[2026-06-26 02:09:17,913][root][INFO] - Val leaf stats: tensor([0.0184, 0.2741, 0.0032, 0.0149, 0.0024, 0.0005, 0.0008, 0.0651, 0.0014,
        0.0000, 0.3856, 0.0124, 0.0883, 0.0332, 0.0840, 0.0157])
[2026-06-26 02:09:23,185][root][INFO] - Epoch: 46 | train acc: 0.5859, train loss: 1.25165282, valid acc: 0.5396, valid loss: 1.31602865, test acc: 0.5314, test loss: 1.35665318
[2026-06-26 02:09:24,737][root][INFO] - Epoch: 34 | train acc: 0.9820, train loss: 0.17316859, valid acc: 0.9638, valid loss: 0.13844132, test acc: 0.9323, test loss: 1.31128593
[2026-06-26 02:09:25,364][root][INFO] - Epoch: 32 | train acc: 0.9797, train loss: 0.33702225, valid acc: 0.9602, valid loss: 0.14860992, test acc: 0.9305, test loss: 1.00272769
[2026-06-26 02:09:25,372][root][INFO] - Epoch: 34 | train acc: 0.9867, train loss: 0.42956912, valid acc: 0.9624, valid loss: 0.14620253, test acc: 0.9330, test loss: 1.44732767
[2026-06-26 02:09:26,626][root][INFO] - Epoch: 33 | train acc: 0.9886, train loss: 0.23671315, valid acc: 0.9639, valid loss: 0.13336412, test acc: 0.9132, test loss: 1.00193654
[2026-06-26 02:09:27,412][root][INFO] - reg loss: 4.133493102964808, entropy loss: 0.01342556790494528, leaf dev: 0.09882943332195282
[2026-06-26 02:09:27,414][root][INFO] - Val leaf stats: tensor([2.9706e-03, 5.9411e-03, 2.7005e-04, 1.8904e-03, 1.3503e-02, 8.2096e-02,
        3.1056e-02, 4.5909e-03, 5.4010e-04, 2.3981e-01, 6.8053e-02, 2.0524e-02,
        8.1015e-04, 5.1310e-03, 2.3143e-01, 2.9139e-01])
[2026-06-26 02:09:27,814][root][INFO] - reg loss: 5.672130503982463, entropy loss: 0.1107776278146991, leaf dev: 0.08099380880594254
[2026-06-26 02:09:27,815][root][INFO] - Val leaf stats: tensor([6.7893e-02, 7.8446e-03, 4.1278e-02, 2.1115e-01, 4.6321e-02, 2.0545e-03,
        1.8678e-04, 7.9847e-02, 1.0273e-03, 2.9791e-02, 1.4858e-01, 2.6709e-01,
        9.2454e-03, 8.3769e-02, 7.4710e-04, 3.1752e-03])
[2026-06-26 02:09:28,058][root][INFO] - reg loss: 4.854313275170704, entropy loss: 0.06634715556231126, leaf dev: 0.10493815690279007
[2026-06-26 02:09:28,059][root][INFO] - Val leaf stats: tensor([3.8429e-01, 3.1378e-02, 1.0273e-03, 9.7964e-02, 1.5288e-01, 3.9223e-03,
        1.8678e-04, 8.4049e-04, 2.1479e-03, 2.7083e-03, 1.7893e-01, 1.1561e-01,
        1.5876e-03, 4.6694e-04, 2.5121e-02, 9.3388e-04])
[2026-06-26 02:09:28,327][root][INFO] - reg loss: 4.672213251628573, entropy loss: 0.04786369297160673, leaf dev: 0.11009295284748077
[2026-06-26 02:09:28,329][root][INFO] - Val leaf stats: tensor([1.4755e-02, 4.2025e-03, 9.3388e-05, 3.4554e-03, 9.5256e-02, 9.5256e-03,
        1.1141e-01, 6.6586e-02, 2.3347e-03, 1.1207e-03, 8.4049e-04, 1.3074e-03,
        3.0258e-02, 3.5852e-01, 2.9763e-01, 2.7083e-03])
[2026-06-26 02:09:28,428][root][INFO] - Epoch: 34 | train acc: 0.9812, train loss: 0.11335776, valid acc: 0.9599, valid loss: 0.15380727, test acc: 0.9296, test loss: 0.65641811
[2026-06-26 02:09:29,498][root][INFO] - reg loss: 5.425337440753109, entropy loss: 0.09726345976666799, leaf dev: 0.07521616667509079
[2026-06-26 02:09:29,500][root][INFO] - Val leaf stats: tensor([1.7650e-02, 1.8678e-04, 1.4055e-01, 6.9481e-02, 7.0601e-02, 6.8173e-03,
        2.8016e-04, 5.1083e-02, 1.7744e-03, 5.8087e-02, 2.9230e-02, 2.1993e-01,
        4.6694e-04, 4.5480e-02, 2.4057e-01, 4.7815e-02])
[2026-06-26 02:09:30,725][root][INFO] - Epoch: 46 | train acc: 0.6329, train loss: 1.04680316, valid acc: 0.5439, valid loss: 1.34738541, test acc: 0.5307, test loss: 1.37294693
[2026-06-26 02:09:30,810][root][INFO] - reg loss: 5.560226082171082, entropy loss: 0.09914552447972474, leaf dev: 0.08519072830677032
[2026-06-26 02:09:30,811][root][INFO] - Val leaf stats: tensor([2.1106e-02, 7.4710e-04, 1.3186e-01, 9.0493e-02, 7.0134e-02, 5.4165e-03,
        9.3388e-05, 6.5372e-03, 1.6810e-03, 5.4912e-02, 2.2012e-01, 2.7055e-01,
        4.6694e-04, 4.6694e-04, 1.2523e-01, 1.8678e-04])
[2026-06-26 02:09:31,363][root][INFO] - Epoch: 31 | train acc: 0.9842, train loss: 0.31632284, valid acc: 0.9634, valid loss: 0.13451657, test acc: 0.9326, test loss: 1.24832924
[2026-06-26 02:09:33,834][root][INFO] - reg loss: 4.968638692583356, entropy loss: 0.06540818453308135, leaf dev: 0.08935296535491943
[2026-06-26 02:09:33,835][root][INFO] - Val leaf stats: tensor([0.0019, 0.3114, 0.1394, 0.0013, 0.0735, 0.0148, 0.0436, 0.0004, 0.0030,
        0.0087, 0.0020, 0.0019, 0.1373, 0.0006, 0.0778, 0.1825])
[2026-06-26 02:09:34,602][root][INFO] - reg loss: 4.220409338591529, entropy loss: 0.028691546258623482, leaf dev: 0.09446357190608978
[2026-06-26 02:09:34,603][root][INFO] - Val leaf stats: tensor([0.0332, 0.0427, 0.1731, 0.3640, 0.0235, 0.0694, 0.1129, 0.0076, 0.0011,
        0.0305, 0.0232, 0.1059, 0.0014, 0.0014, 0.0097, 0.0005])
[2026-06-26 02:09:36,906][root][INFO] - Epoch: 33 | train acc: 0.9888, train loss: 0.20437622, valid acc: 0.9649, valid loss: 0.13744782, test acc: 0.9278, test loss: 0.54804027
[2026-06-26 02:09:38,535][root][INFO] - Epoch: 46 | train acc: 0.6562, train loss: 0.97906760, valid acc: 0.6219, valid loss: 1.16129263, test acc: 0.6058, test loss: 1.19734206
[2026-06-26 02:09:38,573][root][INFO] - Epoch: 47 | train acc: 0.6049, train loss: 1.17619110, valid acc: 0.5874, valid loss: 1.25107378, test acc: 0.5682, test loss: 1.27106568
[2026-06-26 02:09:38,741][root][INFO] - Epoch: 34 | train acc: 0.9829, train loss: 0.45345383, valid acc: 0.9631, valid loss: 0.13417202, test acc: 0.9308, test loss: 1.36699211
[2026-06-26 02:09:39,717][root][INFO] - reg loss: 5.446301858891886, entropy loss: 0.16416094605884854, leaf dev: 0.07267151027917862
[2026-06-26 02:09:39,718][root][INFO] - Val leaf stats: tensor([0.0602, 0.0486, 0.0555, 0.0012, 0.0000, 0.0663, 0.2264, 0.0192, 0.2307,
        0.0677, 0.0055, 0.0007, 0.0119, 0.0165, 0.1093, 0.0804])
[2026-06-26 02:09:40,016][root][INFO] - Epoch: 34 | train acc: 0.9866, train loss: 0.26849871, valid acc: 0.9657, valid loss: 0.14441036, test acc: 0.9240, test loss: 0.73374069
[2026-06-26 02:09:40,111][root][INFO] - Epoch: 46 | train acc: 0.6567, train loss: 1.09273106, valid acc: 0.6114, valid loss: 1.20678020, test acc: 0.5788, test loss: 1.23159733
[2026-06-26 02:09:40,547][root][INFO] - Epoch: 46 | train acc: 0.6062, train loss: 1.13436623, valid acc: 0.5655, valid loss: 1.32397348, test acc: 0.5457, test loss: 1.32568794
[2026-06-26 02:09:40,871][root][INFO] - Epoch: 46 | train acc: 0.6311, train loss: 1.03482056, valid acc: 0.5909, valid loss: 1.21874137, test acc: 0.5744, test loss: 1.26722909
[2026-06-26 02:09:41,175][root][INFO] - reg loss: 4.735837383875771, entropy loss: 0.04920472545677392, leaf dev: 0.10324207693338394
[2026-06-26 02:09:41,176][root][INFO] - Val leaf stats: tensor([1.3990e-01, 5.6033e-04, 8.1248e-03, 1.8603e-01, 7.0228e-02, 4.9496e-03,
        4.6694e-04, 1.7464e-02, 1.8678e-03, 4.6040e-02, 6.4998e-02, 3.9018e-01,
        9.3388e-04, 6.5465e-02, 2.6149e-03, 1.8678e-04])
[2026-06-26 02:09:41,801][root][INFO] - Epoch: 46 | train acc: 0.6233, train loss: 1.05310252, valid acc: 0.5803, valid loss: 1.22075850, test acc: 0.5700, test loss: 1.23668298
[2026-06-26 02:09:42,303][root][INFO] - reg loss: 4.147317065567266, entropy loss: 0.02488634671221991, leaf dev: 0.10184436291456223
[2026-06-26 02:09:42,304][root][INFO] - Val leaf stats: tensor([0.0872, 0.3346, 0.0197, 0.0546, 0.0014, 0.0008, 0.0132, 0.0221, 0.0051,
        0.0000, 0.1669, 0.0200, 0.0043, 0.0038, 0.2571, 0.0092])
[2026-06-26 02:09:42,415][root][INFO] - reg loss: 5.277627190584859, entropy loss: 0.1107243395277432, leaf dev: 0.06659259647130966
[2026-06-26 02:09:42,416][root][INFO] - Val leaf stats: tensor([1.5923e-01, 9.5816e-02, 1.1739e-01, 1.6810e-03, 1.8248e-01, 5.9582e-02,
        9.0960e-02, 4.3052e-02, 7.5644e-03, 1.8958e-02, 9.3388e-04, 1.0366e-02,
        3.2406e-02, 9.3388e-05, 1.7931e-01, 1.8678e-04])
[2026-06-26 02:09:42,586][root][INFO] - reg loss: 4.135727053782979, entropy loss: 0.015399078227823874, leaf dev: 0.1072537824511528
[2026-06-26 02:09:42,587][root][INFO] - Val leaf stats: tensor([0.0000e+00, 3.2595e-01, 5.8331e-02, 5.1310e-03, 0.0000e+00, 5.4010e-04,
        2.7005e-02, 2.6249e-01, 2.9706e-03, 2.7005e-04, 2.2738e-01, 1.6203e-03,
        5.5361e-02, 3.1056e-02, 1.6203e-03, 2.7005e-04])
[2026-06-26 02:09:43,610][root][INFO] - Epoch: 31 | train acc: 0.9822, train loss: 0.06239604, valid acc: 0.9618, valid loss: 0.14032218, test acc: 0.9327, test loss: 0.84594680
[2026-06-26 02:09:43,882][root][INFO] - reg loss: 4.110700529129779, entropy loss: 0.013989832114855775, leaf dev: 0.12730051577091217
[2026-06-26 02:09:43,883][root][INFO] - Val leaf stats: tensor([2.4305e-03, 9.9919e-03, 6.7513e-03, 0.0000e+00, 5.4010e-04, 0.0000e+00,
        2.7005e-04, 1.1612e-01, 7.2914e-03, 0.0000e+00, 3.0219e-01, 1.1045e-01,
        4.0508e-03, 8.1015e-04, 4.3397e-01, 5.1310e-03])
[2026-06-26 02:09:44,921][root][INFO] - reg loss: 4.127559231930092, entropy loss: 0.025321407610031425, leaf dev: 0.11313115060329437
[2026-06-26 02:09:44,922][root][INFO] - Val leaf stats: tensor([3.5404e-01, 5.4280e-02, 1.3503e-03, 8.6146e-02, 1.1612e-02, 6.1842e-02,
        2.4305e-03, 8.1015e-04, 1.2422e-02, 2.7005e-04, 2.9706e-03, 1.5123e-02,
        2.4305e-03, 1.8904e-03, 3.3297e-01, 5.9411e-02])
[2026-06-26 02:09:44,964][root][INFO] - Epoch: 47 | train acc: 0.6469, train loss: 0.98721608, valid acc: 0.5995, valid loss: 1.23659709, test acc: 0.5916, test loss: 1.23371676
[2026-06-26 02:09:45,030][root][INFO] - reg loss: 4.154882618638336, entropy loss: 0.028577339881267705, leaf dev: 0.09389178454875946
[2026-06-26 02:09:45,031][root][INFO] - Val leaf stats: tensor([0.0243, 0.0948, 0.0003, 0.0008, 0.2517, 0.1574, 0.0000, 0.0035, 0.0000,
        0.0027, 0.0351, 0.0038, 0.0003, 0.0030, 0.1539, 0.2684])
[2026-06-26 02:09:45,507][root][INFO] - reg loss: 4.208874913512683, entropy loss: 0.03461922515855461, leaf dev: 0.09458382427692413
[2026-06-26 02:09:45,508][root][INFO] - Val leaf stats: tensor([2.9706e-03, 7.6425e-02, 2.1604e-03, 5.4010e-03, 8.9927e-02, 1.1288e-01,
        2.7005e-04, 8.1015e-04, 2.7356e-01, 3.6457e-02, 1.0208e-01, 7.2914e-03,
        2.7005e-04, 0.0000e+00, 8.1015e-04, 2.8868e-01])
[2026-06-26 02:09:45,991][root][INFO] - reg loss: 5.548443488973789, entropy loss: 0.16448109395920285, leaf dev: 0.07472512871026993
[2026-06-26 02:09:45,993][root][INFO] - Val leaf stats: tensor([0.0096, 0.0007, 0.0914, 0.2322, 0.0787, 0.0031, 0.0000, 0.0544, 0.0005,
        0.0672, 0.1416, 0.1984, 0.0028, 0.0156, 0.1028, 0.0010])
[2026-06-26 02:09:49,093][root][INFO] - reg loss: 4.163477342636859, entropy loss: 0.028742335736751556, leaf dev: 0.10697532445192337
[2026-06-26 02:09:49,094][root][INFO] - Val leaf stats: tensor([0.0197, 0.2935, 0.0024, 0.0130, 0.0022, 0.0005, 0.0005, 0.0743, 0.0014,
        0.0000, 0.3535, 0.0108, 0.0853, 0.0402, 0.0878, 0.0149])
[2026-06-26 02:09:51,823][root][INFO] - Epoch: 47 | train acc: 0.5793, train loss: 1.25364297, valid acc: 0.5512, valid loss: 1.25238755, test acc: 0.5415, test loss: 1.31982861
[2026-06-26 02:09:56,105][root][INFO] - reg loss: 4.137484886607186, entropy loss: 0.013708009918937917, leaf dev: 0.09735030680894852
[2026-06-26 02:09:56,107][root][INFO] - Val leaf stats: tensor([4.5909e-03, 7.2914e-03, 2.7005e-04, 1.8904e-03, 1.2692e-02, 9.4788e-02,
        3.3216e-02, 3.5107e-03, 8.1015e-04, 2.2981e-01, 5.9681e-02, 3.1596e-02,
        5.4010e-04, 5.1310e-03, 2.0848e-01, 3.0570e-01])
[2026-06-26 02:09:56,834][root][INFO] - Epoch: 35 | train acc: 0.9830, train loss: 0.16836042, valid acc: 0.9662, valid loss: 0.13182982, test acc: 0.9317, test loss: 1.32930667
[2026-06-26 02:09:57,337][root][INFO] - Epoch: 35 | train acc: 0.9851, train loss: 0.41702407, valid acc: 0.9644, valid loss: 0.13973992, test acc: 0.9347, test loss: 1.47505852
[2026-06-26 02:09:58,469][root][INFO] - Epoch: 33 | train acc: 0.9808, train loss: 0.32846338, valid acc: 0.9601, valid loss: 0.13916638, test acc: 0.9329, test loss: 0.80005279
[2026-06-26 02:09:59,078][root][INFO] - reg loss: 5.703465095903508, entropy loss: 0.11072282658682929, leaf dev: 0.08088163286447525
[2026-06-26 02:09:59,079][root][INFO] - Val leaf stats: tensor([7.2843e-02, 1.0086e-02, 4.1744e-02, 2.1825e-01, 6.6679e-02, 2.0545e-03,
        9.3388e-05, 8.1715e-02, 9.3388e-04, 3.5021e-02, 1.4905e-01, 2.6093e-01,
        6.5372e-04, 5.6406e-02, 3.7355e-04, 3.1752e-03])
[2026-06-26 02:09:59,402][root][INFO] - Epoch: 34 | train acc: 0.9798, train loss: 0.27413001, valid acc: 0.9589, valid loss: 0.16309678, test acc: 0.9005, test loss: 1.08004242
[2026-06-26 02:10:00,370][root][INFO] - reg loss: 4.62792602417961, entropy loss: 0.045682498426349076, leaf dev: 0.10801289975643158
[2026-06-26 02:10:00,371][root][INFO] - Val leaf stats: tensor([1.6716e-02, 6.2570e-03, 9.3388e-05, 3.7355e-03, 9.5816e-02, 8.6851e-03,
        1.1216e-01, 6.8547e-02, 2.0545e-03, 1.2140e-03, 8.4049e-04, 1.3074e-03,
        3.5394e-02, 3.5226e-01, 2.9202e-01, 2.8950e-03])
[2026-06-26 02:10:01,741][root][INFO] - reg loss: 4.828644512822389, entropy loss: 0.06503083765822112, leaf dev: 0.09554795175790787
[2026-06-26 02:10:01,742][root][INFO] - Val leaf stats: tensor([0.2789, 0.0283, 0.0012, 0.0907, 0.2518, 0.0041, 0.0000, 0.0027, 0.0021,
        0.0027, 0.1809, 0.1253, 0.0017, 0.0004, 0.0282, 0.0010])
[2026-06-26 02:10:01,936][root][INFO] - Epoch: 35 | train acc: 0.9823, train loss: 0.10909659, valid acc: 0.9612, valid loss: 0.14246108, test acc: 0.9294, test loss: 0.90554631
[2026-06-26 02:10:02,337][root][INFO] - reg loss: 5.506145908719017, entropy loss: 0.10133808591063061, leaf dev: 0.0766148716211319
[2026-06-26 02:10:02,338][root][INFO] - Val leaf stats: tensor([0.0158, 0.0005, 0.1282, 0.0531, 0.0708, 0.0065, 0.0003, 0.0664, 0.0013,
        0.0752, 0.0304, 0.2408, 0.0005, 0.0406, 0.2323, 0.0374])
[2026-06-26 02:10:02,393][root][INFO] - Epoch: 47 | train acc: 0.6005, train loss: 1.12555910, valid acc: 0.5812, valid loss: 1.24694004, test acc: 0.5493, test loss: 1.31857873
[2026-06-26 02:10:04,080][root][INFO] - reg loss: 5.4299719018280195, entropy loss: 0.09563708305358887, leaf dev: 0.09028343856334686
[2026-06-26 02:10:04,081][root][INFO] - Val leaf stats: tensor([3.6421e-03, 6.5372e-04, 1.4970e-01, 8.6851e-02, 7.0228e-02, 5.3231e-03,
        0.0000e+00, 7.0975e-03, 1.8678e-03, 5.5566e-02, 1.0291e-01, 2.1451e-01,
        8.4049e-04, 5.6033e-04, 3.0015e-01, 9.3388e-05])
[2026-06-26 02:10:05,120][root][INFO] - Epoch: 32 | train acc: 0.9849, train loss: 0.30184893, valid acc: 0.9645, valid loss: 0.13501158, test acc: 0.9355, test loss: 1.24131376
[2026-06-26 02:10:05,692][root][INFO] - reg loss: 4.214107263283651, entropy loss: 0.027529497157599104, leaf dev: 0.08160400390625
[2026-06-26 02:10:05,693][root][INFO] - Val leaf stats: tensor([3.9157e-02, 8.8577e-02, 1.5339e-01, 3.0489e-01, 2.3765e-02, 7.8585e-02,
        1.3043e-01, 8.3716e-03, 1.6203e-03, 3.2406e-02, 1.9714e-02, 1.0559e-01,
        1.3503e-03, 1.6203e-03, 1.0262e-02, 2.7005e-04])
[2026-06-26 02:10:07,833][root][INFO] - reg loss: 4.9539534503189975, entropy loss: 0.06191538270346071, leaf dev: 0.08546923100948334
[2026-06-26 02:10:07,834][root][INFO] - Val leaf stats: tensor([0.0012, 0.2828, 0.1312, 0.0013, 0.0737, 0.0156, 0.0439, 0.0004, 0.0032,
        0.0083, 0.0018, 0.0019, 0.1137, 0.0006, 0.1222, 0.1984])
[2026-06-26 02:10:09,721][root][INFO] - Epoch: 35 | train acc: 0.9823, train loss: 0.45960599, valid acc: 0.9630, valid loss: 0.13602117, test acc: 0.9311, test loss: 1.06330755
[2026-06-26 02:10:10,142][root][INFO] - Epoch: 34 | train acc: 0.9907, train loss: 0.20098231, valid acc: 0.9660, valid loss: 0.13672007, test acc: 0.9278, test loss: 0.50620336
[2026-06-26 02:10:10,607][root][INFO] - Epoch: 47 | train acc: 0.6743, train loss: 0.91827607, valid acc: 0.6138, valid loss: 1.16772298, test acc: 0.6055, test loss: 1.20405030
[2026-06-26 02:10:11,690][root][INFO] - Epoch: 47 | train acc: 0.6623, train loss: 1.07705180, valid acc: 0.6138, valid loss: 1.17000660, test acc: 0.5859, test loss: 1.22616476
[2026-06-26 02:10:12,018][root][INFO] - reg loss: 4.791732687168021, entropy loss: 0.04956388329623868, leaf dev: 0.10473514348268509
[2026-06-26 02:10:12,020][root][INFO] - Val leaf stats: tensor([1.4718e-01, 7.4710e-04, 9.0586e-03, 1.4718e-01, 7.0321e-02, 4.9496e-03,
        2.8016e-04, 1.2981e-02, 2.1479e-03, 4.9589e-02, 6.7893e-02, 4.0671e-01,
        9.3388e-04, 7.7512e-02, 2.4281e-03, 9.3388e-05])
[2026-06-26 02:10:12,261][root][INFO] - Epoch: 48 | train acc: 0.6232, train loss: 1.12143586, valid acc: 0.6022, valid loss: 1.18669243, test acc: 0.5817, test loss: 1.24256692
[2026-06-26 02:10:12,358][root][INFO] - reg loss: 5.469584303558188, entropy loss: 0.16573968411438048, leaf dev: 0.07109438627958298
[2026-06-26 02:10:12,359][root][INFO] - Val leaf stats: tensor([0.0693, 0.0504, 0.0546, 0.0012, 0.0000, 0.0672, 0.2197, 0.0205, 0.2261,
        0.0718, 0.0055, 0.0007, 0.0093, 0.0140, 0.1048, 0.0848])
[2026-06-26 02:10:13,522][root][INFO] - Epoch: 47 | train acc: 0.6203, train loss: 1.10492193, valid acc: 0.5822, valid loss: 1.29674287, test acc: 0.5619, test loss: 1.28721228
[2026-06-26 02:10:13,629][root][INFO] - Epoch: 47 | train acc: 0.6463, train loss: 0.98047533, valid acc: 0.5911, valid loss: 1.19497146, test acc: 0.5810, test loss: 1.18935610
[2026-06-26 02:10:13,664][root][INFO] - Epoch: 47 | train acc: 0.6368, train loss: 1.02253082, valid acc: 0.5952, valid loss: 1.20361817, test acc: 0.5731, test loss: 1.24814478
[2026-06-26 02:10:13,987][root][INFO] - Epoch: 35 | train acc: 0.9882, train loss: 0.26306888, valid acc: 0.9647, valid loss: 0.14905890, test acc: 0.9251, test loss: 0.80159537
[2026-06-26 02:10:14,415][root][INFO] - reg loss: 4.156673282873435, entropy loss: 0.025116020386091998, leaf dev: 0.09577259421348572
[2026-06-26 02:10:14,417][root][INFO] - Val leaf stats: tensor([0.0988, 0.3019, 0.0186, 0.0621, 0.0014, 0.0008, 0.0135, 0.0281, 0.0005,
        0.0000, 0.1826, 0.0208, 0.0086, 0.0068, 0.2449, 0.0105])
[2026-06-26 02:10:15,237][root][INFO] - reg loss: 4.109978324077169, entropy loss: 0.013642380136202593, leaf dev: 0.12380172312259674
[2026-06-26 02:10:15,238][root][INFO] - Val leaf stats: tensor([1.8904e-03, 5.6711e-03, 5.9411e-03, 2.7005e-04, 2.7005e-04, 0.0000e+00,
        5.4010e-04, 1.1774e-01, 8.3716e-03, 0.0000e+00, 3.2973e-01, 1.2935e-01,
        3.7807e-03, 1.0802e-03, 3.9103e-01, 4.3208e-03])
[2026-06-26 02:10:15,876][root][INFO] - reg loss: 4.118470825132777, entropy loss: 0.014111800134548397, leaf dev: 0.11898437142372131
[2026-06-26 02:10:15,877][root][INFO] - Val leaf stats: tensor([0.0000e+00, 4.0913e-01, 4.8339e-02, 6.4812e-03, 0.0000e+00, 5.4010e-04,
        2.9976e-02, 2.7653e-01, 2.7005e-04, 2.7005e-04, 1.5960e-01, 1.0802e-03,
        3.5647e-02, 3.1326e-02, 5.4010e-04, 2.7005e-04])
[2026-06-26 02:10:16,234][root][INFO] - Epoch: 48 | train acc: 0.6527, train loss: 0.96158120, valid acc: 0.5987, valid loss: 1.22578576, test acc: 0.5979, test loss: 1.22143386
[2026-06-26 02:10:16,513][root][INFO] - reg loss: 5.245912958074499, entropy loss: 0.11024698812179465, leaf dev: 0.07281462848186493
[2026-06-26 02:10:16,514][root][INFO] - Val leaf stats: tensor([1.6436e-01, 9.1240e-02, 1.1440e-01, 1.8678e-03, 2.2637e-01, 5.0523e-02,
        5.0336e-02, 4.6787e-02, 6.8173e-03, 2.1292e-02, 9.3388e-04, 1.1393e-02,
        3.0164e-02, 1.8678e-04, 1.8313e-01, 1.8678e-04])
[2026-06-26 02:10:16,678][root][INFO] - reg loss: 4.129422930420422, entropy loss: 0.024627873093866912, leaf dev: 0.10557917505502701
[2026-06-26 02:10:16,679][root][INFO] - Val leaf stats: tensor([3.4188e-01, 4.8069e-02, 1.6203e-03, 8.8037e-02, 1.0532e-02, 6.1572e-02,
        2.7005e-03, 8.1015e-04, 1.9444e-02, 2.7005e-04, 2.9706e-03, 3.3486e-02,
        4.3208e-03, 8.3716e-03, 3.0327e-01, 7.2644e-02])
[2026-06-26 02:10:17,267][root][INFO] - reg loss: 4.202170223486228, entropy loss: 0.033857230860434594, leaf dev: 0.09538161754608154
[2026-06-26 02:10:17,268][root][INFO] - Val leaf stats: tensor([9.4518e-03, 6.8593e-02, 1.8904e-03, 3.7807e-03, 7.5614e-02, 1.2449e-01,
        2.7005e-04, 1.3503e-03, 2.4008e-01, 3.0246e-02, 1.2044e-01, 6.7513e-03,
        5.4010e-04, 0.0000e+00, 5.4010e-04, 3.1596e-01])
[2026-06-26 02:10:17,462][root][INFO] - Epoch: 32 | train acc: 0.9775, train loss: 0.07594774, valid acc: 0.9568, valid loss: 0.15870936, test acc: 0.9110, test loss: 0.64158936
[2026-06-26 02:10:17,492][root][INFO] - reg loss: 4.14468698814267, entropy loss: 0.02835572196445504, leaf dev: 0.10843909531831741
[2026-06-26 02:10:17,492][root][INFO] - Val leaf stats: tensor([2.2414e-02, 8.8847e-02, 0.0000e+00, 8.1015e-04, 3.0489e-01, 1.0424e-01,
        0.0000e+00, 3.7807e-03, 5.4010e-04, 2.1604e-03, 3.3216e-02, 3.5107e-03,
        2.7005e-04, 3.5107e-03, 8.8847e-02, 3.4297e-01])
[2026-06-26 02:10:20,176][root][INFO] - reg loss: 4.157302223268102, entropy loss: 0.02848206011608976, leaf dev: 0.1091998741030693
[2026-06-26 02:10:20,177][root][INFO] - Val leaf stats: tensor([0.0197, 0.2962, 0.0030, 0.0124, 0.0008, 0.0005, 0.0005, 0.0627, 0.0014,
        0.0000, 0.3638, 0.0122, 0.0872, 0.0367, 0.0861, 0.0167])
[2026-06-26 02:10:20,779][root][INFO] - reg loss: 5.55250987804756, entropy loss: 0.1623965590876877, leaf dev: 0.06947895884513855
[2026-06-26 02:10:20,780][root][INFO] - Val leaf stats: tensor([9.6190e-03, 1.0273e-03, 9.4415e-02, 2.0639e-01, 8.0781e-02, 3.2686e-03,
        9.3388e-05, 1.1365e-01, 6.5372e-04, 7.3777e-02, 1.4139e-01, 1.7230e-01,
        2.6149e-03, 6.0702e-03, 9.3201e-02, 7.4710e-04])
[2026-06-26 02:10:24,350][root][INFO] - Epoch: 48 | train acc: 0.5921, train loss: 1.21710468, valid acc: 0.5568, valid loss: 1.24947400, test acc: 0.5488, test loss: 1.31483001
[2026-06-26 02:10:28,933][root][INFO] - reg loss: 4.131343872820745, entropy loss: 0.013422143218092254, leaf dev: 0.10313395410776138
[2026-06-26 02:10:28,935][root][INFO] - Val leaf stats: tensor([4.0508e-03, 4.8609e-03, 2.7005e-04, 1.8904e-03, 1.3773e-02, 9.6408e-02,
        3.4567e-02, 2.4305e-03, 2.1604e-03, 2.6924e-01, 4.2668e-02, 8.6416e-03,
        5.4010e-04, 4.5909e-03, 2.0767e-01, 3.0624e-01])
[2026-06-26 02:10:30,038][root][INFO] - Epoch: 36 | train acc: 0.9854, train loss: 0.16026718, valid acc: 0.9644, valid loss: 0.13592796, test acc: 0.9150, test loss: 1.51685408
[2026-06-26 02:10:30,742][root][INFO] - Epoch: 36 | train acc: 0.9772, train loss: 0.43810121, valid acc: 0.9534, valid loss: 0.16982573, test acc: 0.9278, test loss: 2.44687005
[2026-06-26 02:10:31,346][root][INFO] - Epoch: 35 | train acc: 0.9855, train loss: 0.24979202, valid acc: 0.9613, valid loss: 0.14701990, test acc: 0.9114, test loss: 1.17449070
[2026-06-26 02:10:32,448][root][INFO] - Epoch: 34 | train acc: 0.9831, train loss: 0.32401058, valid acc: 0.9640, valid loss: 0.13267961, test acc: 0.9348, test loss: 0.81408217
[2026-06-26 02:10:32,531][root][INFO] - reg loss: 5.664228070980657, entropy loss: 0.10903329532297831, leaf dev: 0.07820083200931549
[2026-06-26 02:10:32,532][root][INFO] - Val leaf stats: tensor([7.1815e-02, 9.1520e-03, 4.1278e-02, 2.4365e-01, 6.9668e-02, 2.0545e-03,
        9.3388e-05, 8.3302e-02, 8.4049e-04, 5.2858e-02, 1.4914e-01, 2.1993e-01,
        4.6694e-04, 5.2017e-02, 4.6694e-04, 3.2686e-03])
[2026-06-26 02:10:33,396][root][INFO] - Epoch: 48 | train acc: 0.5956, train loss: 1.14429552, valid acc: 0.5590, valid loss: 1.31055034, test acc: 0.5417, test loss: 1.33707559
[2026-06-26 02:10:33,529][root][INFO] - reg loss: 4.620966320946103, entropy loss: 0.04469663084105209, leaf dev: 0.08978615701198578
[2026-06-26 02:10:33,530][root][INFO] - Val leaf stats: tensor([2.5869e-02, 1.6250e-02, 9.3388e-05, 3.3620e-03, 1.0263e-01, 7.9380e-03,
        2.0956e-01, 1.3457e-01, 1.2140e-03, 1.1207e-03, 1.1207e-03, 1.3074e-03,
        3.7822e-02, 1.7744e-01, 2.7736e-01, 2.3347e-03])
[2026-06-26 02:10:33,935][root][INFO] - Epoch: 36 | train acc: 0.9842, train loss: 0.09983901, valid acc: 0.9587, valid loss: 0.16073789, test acc: 0.9287, test loss: 0.97263725
[2026-06-26 02:10:34,187][root][INFO] - reg loss: 5.400541128935637, entropy loss: 0.09951406145695026, leaf dev: 0.07482478767633438
[2026-06-26 02:10:34,189][root][INFO] - Val leaf stats: tensor([1.7370e-02, 1.8678e-04, 1.4279e-01, 5.7994e-02, 7.0508e-02, 6.9107e-03,
        2.8016e-04, 5.2017e-02, 1.0273e-03, 6.8734e-02, 2.5028e-02, 2.1731e-01,
        5.6033e-04, 4.1464e-02, 2.3851e-01, 5.9301e-02])
[2026-06-26 02:10:35,174][root][INFO] - reg loss: 4.817124439925744, entropy loss: 0.06592790240412036, leaf dev: 0.09509725123643875
[2026-06-26 02:10:35,175][root][INFO] - Val leaf stats: tensor([2.8549e-01, 2.8577e-02, 1.4008e-03, 9.0586e-02, 2.3506e-01, 4.2959e-03,
        9.3388e-05, 2.8950e-03, 2.0545e-03, 2.1479e-03, 1.8622e-01, 1.2981e-01,
        1.6810e-03, 2.8016e-04, 2.8390e-02, 1.0273e-03])
[2026-06-26 02:10:36,160][root][INFO] - reg loss: 5.446543940791377, entropy loss: 0.09081362246993989, leaf dev: 0.08083703368902206
[2026-06-26 02:10:36,161][root][INFO] - Val leaf stats: tensor([0.0073, 0.0008, 0.2090, 0.1268, 0.0701, 0.0038, 0.0000, 0.0081, 0.0022,
        0.0504, 0.1334, 0.1716, 0.0008, 0.0008, 0.2143, 0.0004])
[2026-06-26 02:10:37,524][root][INFO] - reg loss: 4.2120599434024, entropy loss: 0.027980401134881816, leaf dev: 0.076080821454525
[2026-06-26 02:10:37,526][root][INFO] - Val leaf stats: tensor([0.0392, 0.1223, 0.0953, 0.2385, 0.0424, 0.0702, 0.0227, 0.0092, 0.0008,
        0.0446, 0.0794, 0.2263, 0.0014, 0.0003, 0.0068, 0.0008])
[2026-06-26 02:10:39,321][root][INFO] - Epoch: 33 | train acc: 0.9839, train loss: 0.28397558, valid acc: 0.9622, valid loss: 0.14153587, test acc: 0.9306, test loss: 1.42117019
[2026-06-26 02:10:42,004][root][INFO] - Epoch: 48 | train acc: 0.6472, train loss: 0.99924439, valid acc: 0.5244, valid loss: 1.39863786, test acc: 0.5356, test loss: 1.39028944
[2026-06-26 02:10:42,034][root][INFO] - reg loss: 4.892506495985405, entropy loss: 0.0567071710629438, leaf dev: 0.08718281984329224
[2026-06-26 02:10:42,035][root][INFO] - Val leaf stats: tensor([0.0012, 0.2888, 0.1362, 0.0014, 0.0736, 0.0142, 0.0444, 0.0004, 0.0092,
        0.0006, 0.0020, 0.0018, 0.1050, 0.0006, 0.1136, 0.2072])
[2026-06-26 02:10:42,821][root][INFO] - Epoch: 36 | train acc: 0.9812, train loss: 0.50669311, valid acc: 0.9629, valid loss: 0.13225324, test acc: 0.9290, test loss: 1.21368192
[2026-06-26 02:10:42,903][root][INFO] - Epoch: 48 | train acc: 0.6406, train loss: 1.13151583, valid acc: 0.5439, valid loss: 1.39229553, test acc: 0.5113, test loss: 1.41245844
[2026-06-26 02:10:42,951][root][INFO] - Epoch: 35 | train acc: 0.9916, train loss: 0.19474975, valid acc: 0.9671, valid loss: 0.13355882, test acc: 0.9282, test loss: 0.63272778
[2026-06-26 02:10:45,180][root][INFO] - Epoch: 49 | train acc: 0.6252, train loss: 1.11943380, valid acc: 0.5857, valid loss: 1.23313210, test acc: 0.5746, test loss: 1.28092647
[2026-06-26 02:10:45,192][root][INFO] - reg loss: 4.848842199517305, entropy loss: 0.05535806234551485, leaf dev: 0.08284542709589005
[2026-06-26 02:10:45,193][root][INFO] - Val leaf stats: tensor([0.1461, 0.0007, 0.0087, 0.1751, 0.0706, 0.0049, 0.0005, 0.0183, 0.0013,
        0.0315, 0.0333, 0.2822, 0.0013, 0.1342, 0.0910, 0.0004])
[2026-06-26 02:10:45,738][root][INFO] - Epoch: 48 | train acc: 0.6270, train loss: 1.07762093, valid acc: 0.5855, valid loss: 1.25557201, test acc: 0.5579, test loss: 1.28963102
[2026-06-26 02:10:45,799][root][INFO] - reg loss: 4.167985048450407, entropy loss: 0.0257520605428297, leaf dev: 0.08543898910284042
[2026-06-26 02:10:45,800][root][INFO] - Val leaf stats: tensor([0.0529, 0.1188, 0.0086, 0.0481, 0.0062, 0.0003, 0.2063, 0.0454, 0.0005,
        0.0000, 0.2101, 0.0230, 0.0108, 0.0070, 0.2511, 0.0108])
[2026-06-26 02:10:46,037][root][INFO] - reg loss: 5.426931161729116, entropy loss: 0.1628489655950082, leaf dev: 0.07218794524669647
[2026-06-26 02:10:46,038][root][INFO] - Val leaf stats: tensor([0.0614, 0.0502, 0.0538, 0.0012, 0.0000, 0.0691, 0.2216, 0.0192, 0.2315,
        0.0730, 0.0055, 0.0007, 0.0054, 0.0192, 0.1035, 0.0846])
[2026-06-26 02:10:46,297][root][INFO] - Epoch: 48 | train acc: 0.6366, train loss: 1.01951369, valid acc: 0.5976, valid loss: 1.20085667, test acc: 0.5619, test loss: 1.27073156
[2026-06-26 02:10:46,412][root][INFO] - Epoch: 48 | train acc: 0.6268, train loss: 1.05514792, valid acc: 0.5728, valid loss: 1.25476345, test acc: 0.5761, test loss: 1.25868761
[2026-06-26 02:10:46,752][root][INFO] - reg loss: 4.121815947235608, entropy loss: 0.013651027130421068, leaf dev: 0.1042042076587677
[2026-06-26 02:10:46,753][root][INFO] - Val leaf stats: tensor([8.1015e-04, 1.6473e-02, 6.7513e-03, 2.7005e-04, 5.4010e-04, 0.0000e+00,
        2.7005e-04, 1.7148e-01, 1.3287e-01, 0.0000e+00, 1.6527e-01, 1.3016e-01,
        8.1015e-04, 2.7005e-03, 3.6565e-01, 5.9411e-03])
[2026-06-26 02:10:48,197][root][INFO] - Epoch: 49 | train acc: 0.6522, train loss: 0.96635400, valid acc: 0.5893, valid loss: 1.23912105, test acc: 0.5933, test loss: 1.24026028
[2026-06-26 02:10:48,701][root][INFO] - Epoch: 36 | train acc: 0.9873, train loss: 0.25710778, valid acc: 0.9658, valid loss: 0.14262083, test acc: 0.9290, test loss: 1.26975782
[2026-06-26 02:10:48,945][root][INFO] - reg loss: 4.103235252567979, entropy loss: 0.012855151408642043, leaf dev: 0.1299133002758026
[2026-06-26 02:10:48,946][root][INFO] - Val leaf stats: tensor([5.4010e-04, 4.5990e-01, 6.4812e-03, 5.4010e-03, 0.0000e+00, 2.7005e-04,
        2.2954e-02, 2.8301e-01, 5.4010e-04, 8.1015e-04, 1.4448e-01, 1.6203e-03,
        4.1858e-02, 2.8625e-02, 3.5107e-03, 0.0000e+00])
[2026-06-26 02:10:49,571][root][INFO] - reg loss: 4.142847655249423, entropy loss: 0.02448991832674527, leaf dev: 0.09995780140161514
[2026-06-26 02:10:49,573][root][INFO] - Val leaf stats: tensor([0.3332, 0.0451, 0.0016, 0.0837, 0.0100, 0.0610, 0.0030, 0.0008, 0.0311,
        0.0000, 0.0030, 0.0597, 0.0051, 0.0178, 0.2822, 0.0627])
[2026-06-26 02:10:50,268][root][INFO] - reg loss: 4.138192794362053, entropy loss: 0.028063692793738645, leaf dev: 0.10039570927619934
[2026-06-26 02:10:50,269][root][INFO] - Val leaf stats: tensor([1.9714e-02, 8.6416e-02, 0.0000e+00, 8.1015e-04, 2.4386e-01, 1.7796e-01,
        0.0000e+00, 3.2406e-03, 1.0802e-03, 2.1604e-03, 3.8617e-02, 3.7807e-03,
        2.7005e-04, 3.7807e-03, 9.5868e-02, 3.2244e-01])
[2026-06-26 02:10:50,519][root][INFO] - reg loss: 4.21445053131854, entropy loss: 0.03367591997394796, leaf dev: 0.09217032045125961
[2026-06-26 02:10:50,520][root][INFO] - Val leaf stats: tensor([0.0092, 0.0370, 0.0062, 0.0014, 0.0508, 0.0907, 0.0011, 0.0046, 0.1874,
        0.0651, 0.1958, 0.0356, 0.0000, 0.0005, 0.0005, 0.3141])
[2026-06-26 02:10:50,577][root][INFO] - Epoch: 33 | train acc: 0.9816, train loss: 0.06346747, valid acc: 0.9607, valid loss: 0.14430060, test acc: 0.9205, test loss: 0.68053698
[2026-06-26 02:10:51,180][root][INFO] - reg loss: 5.186570470295255, entropy loss: 0.1060691464830328, leaf dev: 0.06494351476430893
[2026-06-26 02:10:51,181][root][INFO] - Val leaf stats: tensor([1.5633e-01, 9.3948e-02, 1.1720e-01, 1.6810e-03, 1.4419e-01, 3.9597e-02,
        1.2607e-01, 5.4819e-02, 7.1909e-03, 2.5308e-02, 1.0273e-03, 1.3261e-02,
        3.0071e-02, 1.8678e-04, 1.8902e-01, 9.3388e-05])
[2026-06-26 02:10:52,039][root][INFO] - reg loss: 4.168051375717413, entropy loss: 0.028102858541686027, leaf dev: 0.10492313653230667
[2026-06-26 02:10:52,040][root][INFO] - Val leaf stats: tensor([0.0248, 0.3062, 0.0057, 0.0189, 0.0011, 0.0005, 0.0011, 0.0694, 0.0014,
        0.0000, 0.3359, 0.0095, 0.0667, 0.0597, 0.0824, 0.0167])
[2026-06-26 02:10:53,085][root][INFO] - Val leaf stats: tensor([5.4010e-04, 4.5990e-01, 6.4812e-03, 5.4010e-03, 0.0000e+00, 2.7005e-04,
        2.2954e-02, 2.8301e-01, 5.4010e-04, 8.1015e-04, 1.4448e-01, 1.6203e-03,
        4.1858e-02, 2.8625e-02, 3.5107e-03, 0.0000e+00])
[2026-06-26 02:10:53,349][root][INFO] - reg loss: 5.495321228390648, entropy loss: 0.15961589029541723, leaf dev: 0.07500921189785004
[2026-06-26 02:10:53,351][root][INFO] - Val leaf stats: tensor([0.0019, 0.0007, 0.1078, 0.2323, 0.0784, 0.0036, 0.0003, 0.0567, 0.0015,
        0.0723, 0.1462, 0.1875, 0.0024, 0.0072, 0.1006, 0.0006])
[2026-06-26 02:10:54,230][root][INFO] - Epoch: 49 | train acc: 0.5926, train loss: 1.21665430, valid acc: 0.5090, valid loss: 1.38411161, test acc: 0.5194, test loss: 1.38110843
[2026-06-26 02:10:56,587][root][INFO] - Val leaf stats: tensor([0.0248, 0.3062, 0.0057, 0.0189, 0.0011, 0.0005, 0.0011, 0.0694, 0.0014,
        0.0000, 0.3359, 0.0095, 0.0667, 0.0597, 0.0824, 0.0167])
[2026-06-26 02:10:57,729][root][INFO] - Test leaf std: 0.12520214915275574, Val leaf std: 0.1299133002758026
[2026-06-26 02:10:58,607][root][INFO] - reg loss: 4.129136609249428, entropy loss: 0.013234266324243585, leaf dev: 0.09310649335384369
[2026-06-26 02:10:58,608][root][INFO] - Val leaf stats: tensor([4.3208e-03, 4.8609e-03, 2.7005e-04, 1.3503e-03, 1.5663e-02, 1.0316e-01,
        3.6727e-02, 2.7005e-03, 1.6203e-03, 3.0030e-01, 1.9471e-01, 8.6416e-03,
        2.7005e-04, 4.0508e-03, 1.4610e-01, 1.7526e-01])
[2026-06-26 02:11:01,358][root][INFO] - Test leaf std: 0.1048772931098938, Val leaf std: 0.10492313653230667
[2026-06-26 02:11:02,334][root][INFO] - FINAL TEST | acc: 0.5746, loss: 1.2809, 
[2026-06-26 02:11:02,474][root][INFO] - MLFlow run ID: 93ea19a89a8e497c8174d003ca538dff, status: FINISHED
[2026-06-26 02:11:02,814][root][INFO] - Epoch: 37 | train acc: 0.9826, train loss: 0.16636257, valid acc: 0.9583, valid loss: 0.15409356, test acc: 0.9268, test loss: 1.47966233
[2026-06-26 02:11:02,856][root][INFO] - Val leaf stats: tensor([4.3208e-03, 4.8609e-03, 2.7005e-04, 1.3503e-03, 1.5663e-02, 1.0316e-01,
        3.6727e-02, 2.7005e-03, 1.6203e-03, 3.0030e-01, 1.9471e-01, 8.6416e-03,
        2.7005e-04, 4.0508e-03, 1.4610e-01, 1.7526e-01])
[2026-06-26 02:11:03,241][root][INFO] - Epoch: 37 | train acc: 0.9801, train loss: 0.45542694, valid acc: 0.9612, valid loss: 0.14616959, test acc: 0.9324, test loss: 1.51978889
[2026-06-26 02:11:03,491][root][INFO] - Epoch: 49 | train acc: 0.6115, train loss: 1.11020924, valid acc: 0.5355, valid loss: 1.37316015, test acc: 0.5346, test loss: 1.35621986
[2026-06-26 02:11:03,541][root][INFO] - Epoch: 36 | train acc: 0.9876, train loss: 0.23703743, valid acc: 0.9602, valid loss: 0.15635245, test acc: 0.9127, test loss: 1.14554740
[2026-06-26 02:11:04,518][root][INFO] - Epoch: 35 | train acc: 0.9841, train loss: 0.31450111, valid acc: 0.9651, valid loss: 0.12887851, test acc: 0.9342, test loss: 0.84352707
[2026-06-26 02:11:04,791][root][INFO] - reg loss: 5.5660195956154475, entropy loss: 0.10680574403395729, leaf dev: 0.09149833768606186
[2026-06-26 02:11:04,792][root][INFO] - Val leaf stats: tensor([1.5465e-01, 8.4983e-03, 4.5760e-02, 3.5656e-01, 2.7083e-03, 1.4008e-03,
        2.8016e-04, 1.0338e-01, 1.1207e-03, 6.0142e-02, 4.8282e-02, 9.8711e-02,
        2.6896e-02, 8.7972e-02, 2.8016e-04, 3.3620e-03])
[2026-06-26 02:11:05,226][root][INFO] - FINAL TEST | acc: 0.5933, loss: 1.2403, 
[2026-06-26 02:11:05,231][root][INFO] - reg loss: 4.67473327041303, entropy loss: 0.04853879313462626, leaf dev: 0.09012078493833542
[2026-06-26 02:11:05,236][root][INFO] - Val leaf stats: tensor([2.6802e-02, 1.4382e-02, 1.8678e-04, 3.2686e-03, 9.9365e-02, 7.6578e-03,
        1.9668e-01, 1.2626e-01, 1.9612e-03, 6.5372e-04, 1.2140e-03, 1.2140e-03,
        4.2118e-02, 1.9257e-01, 2.8278e-01, 2.8950e-03])
