[2026-06-25 23:09:29,428][root][INFO] - MLFlow server is starting on LOCAL with experiment STM_MNIST_hard_seeded...
[2026-06-25 23:09:29,522][root][INFO] - MLFlow run ID: 4a2fc9f4c333430489897e2d371f7472, status: RUNNING
[2026-06-25 23:09:29,607][root][INFO] - Starting experiment IATrain...
[2026-06-25 23:09:35,919][root][INFO] - MLFlow server is starting on LOCAL with experiment STM_MNIST_hard_seeded...
[2026-06-25 23:09:35,974][root][INFO] - MLFlow run ID: d66a2fb7818a469bbf2244a04c4d1c28, status: RUNNING
[2026-06-25 23:09:36,066][root][INFO] - Starting experiment IATrain...
[2026-06-25 23:09:36,962][root][INFO] - MLFlow server is starting on LOCAL with experiment STM_MNIST_hard_seeded...
[2026-06-25 23:09:37,013][root][INFO] - MLFlow run ID: 7bb1197859234f29816d31c54bf4628f, status: RUNNING
[2026-06-25 23:09:37,102][root][INFO] - Starting experiment IATrain...
[2026-06-25 23:09:40,020][root][INFO] - MLFlow server is starting on LOCAL with experiment STM_MNIST_hard_seeded...
[2026-06-25 23:09:40,086][root][INFO] - MLFlow run ID: 213900297dc7442dbde30e24b2dcc118, status: RUNNING
[2026-06-25 23:09:40,166][root][INFO] - Starting experiment IATrain...
[2026-06-25 23:09:42,094][root][INFO] - MLFlow server is starting on LOCAL with experiment STM_MNIST_hard_seeded...
[2026-06-25 23:09:42,138][root][INFO] - MLFlow run ID: f9f7ec311bbc4d0bb3a0994ed4b0d234, status: RUNNING
[2026-06-25 23:09:42,236][root][INFO] - Starting experiment IATrain...
[2026-06-25 23:09:53,061][root][INFO] - Epoch: 0 | train acc: 0.6100, train loss: 1.32996965, valid acc: 0.7288, valid loss: 1.05609001, test acc: 0.7416, test loss: 1.04758612
[2026-06-25 23:09:56,967][root][INFO] - reg loss: 18.535437817843455, entropy loss: 0.6019577299648861, leaf dev: 0.059636183083057404
[2026-06-25 23:09:56,968][root][INFO] - Val leaf stats: tensor([0.1412, 0.0170, 0.2062, 0.0518, 0.0135, 0.0132, 0.1143, 0.0860, 0.0025,
        0.0923, 0.0098, 0.0723, 0.0800, 0.0967, 0.0032, 0.0000])
[2026-06-25 23:10:02,513][root][INFO] - Epoch: 0 | train acc: 0.5797, train loss: 2.85440323, valid acc: 0.6952, valid loss: 1.05888916, test acc: 0.7131, test loss: 1.02753151
[2026-06-25 23:10:03,877][root][INFO] - Epoch: 0 | train acc: 0.5833, train loss: 1.87911509, valid acc: 0.6723, valid loss: 1.00618626, test acc: 0.6763, test loss: 0.98948508
[2026-06-25 23:10:06,009][root][INFO] - reg loss: 12.468699275322681, entropy loss: 0.3717583426327076, leaf dev: 0.09211651235818863
[2026-06-25 23:10:06,010][root][INFO] - Val leaf stats: tensor([0.1493, 0.0000, 0.1967, 0.0152, 0.1330, 0.0000, 0.0210, 0.0768, 0.0000,
        0.0448, 0.0000, 0.0000, 0.0000, 0.3168, 0.0000, 0.0463])
[2026-06-25 23:10:06,338][root][INFO] - Epoch: 0 | train acc: 0.5911, train loss: 1.82459488, valid acc: 0.7223, valid loss: 0.92283233, test acc: 0.7401, test loss: 0.86408549
[2026-06-25 23:10:07,128][root][INFO] - reg loss: 15.713951263787612, entropy loss: 0.5183651385442266, leaf dev: 0.0771440714597702
[2026-06-25 23:10:07,129][root][INFO] - Val leaf stats: tensor([0.0045, 0.1300, 0.2212, 0.2035, 0.0872, 0.0000, 0.0000, 0.0032, 0.0477,
        0.0163, 0.0477, 0.0155, 0.0000, 0.1705, 0.0000, 0.0528])
[2026-06-25 23:10:08,781][root][INFO] - Epoch: 0 | train acc: 0.5894, train loss: 2.18807118, valid acc: 0.7448, valid loss: 0.85346833, test acc: 0.7290, test loss: 0.88978973
[2026-06-25 23:10:10,557][root][INFO] - reg loss: 16.147756405596464, entropy loss: 0.4823318407782968, leaf dev: 0.0751950591802597
[2026-06-25 23:10:10,558][root][INFO] - Val leaf stats: tensor([2.1033e-01, 1.0917e-01, 2.2900e-01, 6.3333e-02, 1.1550e-01, 3.2667e-02,
        2.3667e-02, 5.8167e-02, 0.0000e+00, 0.0000e+00, 0.0000e+00, 1.6667e-04,
        3.5000e-02, 1.2300e-01, 0.0000e+00, 0.0000e+00])
[2026-06-25 23:10:12,979][root][INFO] - reg loss: 14.682404842016831, entropy loss: 0.4534466384716754, leaf dev: 0.08593165129423141
[2026-06-25 23:10:12,981][root][INFO] - Val leaf stats: tensor([0.0000, 0.0637, 0.0217, 0.0000, 0.0357, 0.0000, 0.0000, 0.0473, 0.0003,
        0.1132, 0.2413, 0.2430, 0.0000, 0.1793, 0.0000, 0.0545])
[2026-06-25 23:10:23,105][root][INFO] - Epoch: 1 | train acc: 0.8132, train loss: 0.66209636, valid acc: 0.8063, valid loss: 0.65672409, test acc: 0.8103, test loss: 0.63565704
[2026-06-25 23:10:26,448][root][INFO] - reg loss: 12.989477661420715, entropy loss: 0.5171234995689032, leaf dev: 0.07239744067192078
[2026-06-25 23:10:26,449][root][INFO] - Val leaf stats: tensor([0.1780, 0.0425, 0.1642, 0.0000, 0.0292, 0.0320, 0.0313, 0.0470, 0.0005,
        0.0240, 0.0318, 0.0390, 0.1720, 0.2072, 0.0013, 0.0000])
[2026-06-25 23:10:33,170][root][INFO] - Epoch: 1 | train acc: 0.7712, train loss: 1.19277056, valid acc: 0.7695, valid loss: 0.74988289, test acc: 0.7632, test loss: 0.76321906
[2026-06-25 23:10:33,905][root][INFO] - Epoch: 1 | train acc: 0.7740, train loss: 1.88662320, valid acc: 0.8000, valid loss: 0.68398551, test acc: 0.8111, test loss: 0.67805489
[2026-06-25 23:10:36,577][root][INFO] - reg loss: 11.215935176273561, entropy loss: 0.4254970275006204, leaf dev: 0.08435878157615662
[2026-06-25 23:10:36,578][root][INFO] - Val leaf stats: tensor([0.0175, 0.0747, 0.0263, 0.0022, 0.0785, 0.0000, 0.0000, 0.0005, 0.1560,
        0.1065, 0.2250, 0.0527, 0.0000, 0.2597, 0.0000, 0.0005])
[2026-06-25 23:10:37,607][root][INFO] - Epoch: 1 | train acc: 0.7881, train loss: 1.07248971, valid acc: 0.8027, valid loss: 0.67291255, test acc: 0.8167, test loss: 0.62709374
[2026-06-25 23:10:37,614][root][INFO] - reg loss: 8.632112444571728, entropy loss: 0.27380138973020157, leaf dev: 0.08389431238174438
[2026-06-25 23:10:37,615][root][INFO] - Val leaf stats: tensor([0.2978, 0.0000, 0.1678, 0.0653, 0.0295, 0.0000, 0.0193, 0.0818, 0.0000,
        0.0095, 0.0000, 0.0000, 0.1330, 0.1298, 0.0000, 0.0660])
[2026-06-25 23:10:39,170][root][INFO] - Epoch: 1 | train acc: 0.7913, train loss: 1.36640624, valid acc: 0.7680, valid loss: 0.74554169, test acc: 0.7740, test loss: 0.75511895
[2026-06-25 23:10:41,764][root][INFO] - reg loss: 10.320376405176127, entropy loss: 0.36454361424131215, leaf dev: 0.07797537744045258
[2026-06-25 23:10:41,765][root][INFO] - Val leaf stats: tensor([0.1507, 0.0752, 0.1125, 0.0033, 0.0818, 0.1183, 0.0007, 0.0042, 0.0000,
        0.0043, 0.0000, 0.0225, 0.1685, 0.2510, 0.0070, 0.0000])
[2026-06-25 23:10:42,828][root][INFO] - reg loss: 10.768108259956792, entropy loss: 0.3426223748697425, leaf dev: 0.09184496104717255
[2026-06-25 23:10:42,829][root][INFO] - Val leaf stats: tensor([0.0000, 0.0492, 0.0250, 0.0000, 0.0850, 0.0000, 0.0000, 0.1257, 0.0012,
        0.3173, 0.0840, 0.0967, 0.0000, 0.2142, 0.0000, 0.0018])
[2026-06-25 23:10:53,124][root][INFO] - Epoch: 2 | train acc: 0.8599, train loss: 0.48868873, valid acc: 0.8323, valid loss: 0.54578005, test acc: 0.8486, test loss: 0.49895677
[2026-06-25 23:10:56,622][root][INFO] - reg loss: 11.21129737710053, entropy loss: 0.47899346728369874, leaf dev: 0.05500141531229019
[2026-06-25 23:10:56,623][root][INFO] - Val leaf stats: tensor([0.1532, 0.0387, 0.0640, 0.0000, 0.0408, 0.0155, 0.0367, 0.0508, 0.0168,
        0.0968, 0.0710, 0.0953, 0.1255, 0.1825, 0.0120, 0.0003])
[2026-06-25 23:11:02,057][root][INFO] - Epoch: 2 | train acc: 0.8392, train loss: 0.92762272, valid acc: 0.7798, valid loss: 0.71277816, test acc: 0.7895, test loss: 0.69787817
[2026-06-25 23:11:04,292][root][INFO] - Epoch: 2 | train acc: 0.8370, train loss: 1.57041374, valid acc: 0.8203, valid loss: 0.59576893, test acc: 0.8231, test loss: 0.59107782
[2026-06-25 23:11:05,112][root][INFO] - reg loss: 9.834224889863211, entropy loss: 0.37476943320823164, leaf dev: 0.10334462672472
[2026-06-25 23:11:05,113][root][INFO] - Val leaf stats: tensor([1.6667e-04, 3.1833e-02, 2.9167e-02, 6.6667e-03, 8.2667e-02, 0.0000e+00,
        0.0000e+00, 2.3333e-03, 3.4000e-02, 1.4500e-01, 1.7000e-01, 9.6833e-02,
        0.0000e+00, 3.9167e-01, 0.0000e+00, 9.6667e-03])
[2026-06-25 23:11:08,098][root][INFO] - Epoch: 2 | train acc: 0.8186, train loss: 0.93125120, valid acc: 0.8030, valid loss: 0.64457958, test acc: 0.8246, test loss: 0.58634700
[2026-06-25 23:11:08,106][root][INFO] - reg loss: 8.122737128779573, entropy loss: 0.2528758143197815, leaf dev: 0.07373561710119247
[2026-06-25 23:11:08,107][root][INFO] - Val leaf stats: tensor([0.2327, 0.0000, 0.1057, 0.0317, 0.0482, 0.0000, 0.0635, 0.0767, 0.0000,
        0.0078, 0.0000, 0.0000, 0.1658, 0.1660, 0.0000, 0.1020])
[2026-06-25 23:11:08,593][root][INFO] - Epoch: 2 | train acc: 0.8211, train loss: 1.18988690, valid acc: 0.8373, valid loss: 0.54613785, test acc: 0.8352, test loss: 0.56165828
[2026-06-25 23:11:12,116][root][INFO] - reg loss: 9.567784201424077, entropy loss: 0.3494625954695468, leaf dev: 0.07806277275085449
[2026-06-25 23:11:12,117][root][INFO] - Val leaf stats: tensor([0.1948, 0.1365, 0.0352, 0.0338, 0.0612, 0.0492, 0.0017, 0.0170, 0.0010,
        0.0028, 0.0000, 0.0138, 0.1682, 0.2410, 0.0438, 0.0000])
[2026-06-25 23:11:12,476][root][INFO] - reg loss: 9.7435431570377, entropy loss: 0.30196063951501306, leaf dev: 0.08686963468790054
[2026-06-25 23:11:12,477][root][INFO] - Val leaf stats: tensor([0.0000, 0.0298, 0.0168, 0.0000, 0.0723, 0.0000, 0.0000, 0.0832, 0.0000,
        0.1498, 0.2318, 0.1822, 0.0000, 0.2302, 0.0000, 0.0038])
[2026-06-25 23:11:22,623][root][INFO] - Epoch: 3 | train acc: 0.8769, train loss: 0.41232826, valid acc: 0.8790, valid loss: 0.41374853, test acc: 0.8878, test loss: 0.40445894
[2026-06-25 23:11:26,261][root][INFO] - reg loss: 11.041584212824983, entropy loss: 0.46694467427595604, leaf dev: 0.045233674347400665
[2026-06-25 23:11:26,262][root][INFO] - Val leaf stats: tensor([0.1462, 0.0713, 0.0863, 0.0000, 0.0890, 0.0877, 0.0488, 0.0542, 0.0105,
        0.0532, 0.0423, 0.0730, 0.1092, 0.1280, 0.0003, 0.0000])
[2026-06-25 23:11:31,544][root][INFO] - Epoch: 3 | train acc: 0.8565, train loss: 0.83528150, valid acc: 0.8132, valid loss: 0.65338743, test acc: 0.8179, test loss: 0.66035857
[2026-06-25 23:11:34,784][root][INFO] - Epoch: 3 | train acc: 0.8502, train loss: 1.46337286, valid acc: 0.8412, valid loss: 0.50902643, test acc: 0.8448, test loss: 0.52519964
[2026-06-25 23:11:35,259][root][INFO] - reg loss: 9.049715644908401, entropy loss: 0.34584414621569076, leaf dev: 0.09192218631505966
[2026-06-25 23:11:35,261][root][INFO] - Val leaf stats: tensor([1.6667e-04, 8.4167e-02, 1.3583e-01, 4.1667e-02, 8.1000e-02, 0.0000e+00,
        0.0000e+00, 2.1667e-03, 0.0000e+00, 1.0833e-02, 3.1833e-01, 1.3217e-01,
        2.5000e-03, 1.9100e-01, 0.0000e+00, 1.6667e-04])
[2026-06-25 23:11:38,612][root][INFO] - reg loss: 7.586063083612694, entropy loss: 0.239435095269725, leaf dev: 0.08135762065649033
[2026-06-25 23:11:38,613][root][INFO] - Val leaf stats: tensor([0.2465, 0.0000, 0.1393, 0.0207, 0.0060, 0.0000, 0.0490, 0.0853, 0.0000,
        0.0078, 0.0000, 0.0000, 0.1653, 0.1893, 0.0000, 0.0907])
[2026-06-25 23:11:39,814][root][INFO] - Epoch: 3 | train acc: 0.8440, train loss: 1.11175455, valid acc: 0.7810, valid loss: 0.80482527, test acc: 0.7754, test loss: 0.81908338
[2026-06-25 23:11:40,315][root][INFO] - Epoch: 3 | train acc: 0.8388, train loss: 0.87329321, valid acc: 0.8335, valid loss: 0.54193369, test acc: 0.8389, test loss: 0.52208243
[2026-06-25 23:11:43,663][root][INFO] - reg loss: 9.084887333636013, entropy loss: 0.2770026930660572, leaf dev: 0.08581310510635376
[2026-06-25 23:11:43,665][root][INFO] - Val leaf stats: tensor([0.0000, 0.0580, 0.0280, 0.0000, 0.0932, 0.0000, 0.0000, 0.0982, 0.0000,
        0.1083, 0.1768, 0.1337, 0.0000, 0.2993, 0.0000, 0.0045])
[2026-06-25 23:11:44,397][root][INFO] - reg loss: 9.119095415439245, entropy loss: 0.33051073241908596, leaf dev: 0.08338147401809692
[2026-06-25 23:11:44,398][root][INFO] - Val leaf stats: tensor([0.2430, 0.1908, 0.0210, 0.0178, 0.1800, 0.0297, 0.0023, 0.0435, 0.0020,
        0.0018, 0.0000, 0.0080, 0.1025, 0.1575, 0.0000, 0.0000])
[2026-06-25 23:11:52,824][root][INFO] - Epoch: 4 | train acc: 0.8782, train loss: 0.41271035, valid acc: 0.8212, valid loss: 0.56475688, test acc: 0.8384, test loss: 0.55575064
[2026-06-25 23:11:57,059][root][INFO] - reg loss: 9.751571344879439, entropy loss: 0.4424693486038244, leaf dev: 0.08936800807714462
[2026-06-25 23:11:57,061][root][INFO] - Val leaf stats: tensor([2.3333e-03, 1.6667e-04, 1.7500e-02, 0.0000e+00, 4.3333e-03, 4.0000e-03,
        2.5000e-03, 4.2000e-02, 1.3983e-01, 2.9650e-01, 5.2000e-02, 1.2833e-01,
        2.1383e-01, 8.8000e-02, 8.6667e-03, 0.0000e+00])
[2026-06-25 23:12:03,117][root][INFO] - Epoch: 4 | train acc: 0.8652, train loss: 0.75804156, valid acc: 0.7488, valid loss: 0.70126881, test acc: 0.7439, test loss: 0.70336689
[2026-06-25 23:12:05,045][root][INFO] - Epoch: 4 | train acc: 0.8721, train loss: 1.32294773, valid acc: 0.8560, valid loss: 0.47763363, test acc: 0.8593, test loss: 0.48773959
[2026-06-25 23:12:07,149][root][INFO] - reg loss: 7.831511938347007, entropy loss: 0.2953876852989197, leaf dev: 0.1298937350511551
[2026-06-25 23:12:07,150][root][INFO] - Val leaf stats: tensor([0.0000e+00, 3.4167e-02, 8.0000e-03, 0.0000e+00, 1.7667e-02, 0.0000e+00,
        0.0000e+00, 1.6667e-04, 0.0000e+00, 2.8333e-03, 4.1883e-01, 1.8983e-01,
        0.0000e+00, 3.2017e-01, 0.0000e+00, 8.3333e-03])
[2026-06-25 23:12:08,430][root][INFO] - reg loss: 7.427818635724625, entropy loss: 0.22091221710983314, leaf dev: 0.073186494410038
[2026-06-25 23:12:08,431][root][INFO] - Val leaf stats: tensor([0.1978, 0.0000, 0.0415, 0.0000, 0.0708, 0.0000, 0.1322, 0.1113, 0.0000,
        0.0138, 0.0000, 0.0000, 0.1750, 0.1683, 0.0000, 0.0892])
[2026-06-25 23:12:09,989][root][INFO] - Epoch: 4 | train acc: 0.8597, train loss: 1.00857405, valid acc: 0.8757, valid loss: 0.42390727, test acc: 0.8742, test loss: 0.42506456
[2026-06-25 23:12:11,927][root][INFO] - Epoch: 4 | train acc: 0.8711, train loss: 0.72380060, valid acc: 0.8588, valid loss: 0.45124302, test acc: 0.8716, test loss: 0.42995384
[2026-06-25 23:12:13,799][root][INFO] - reg loss: 8.828453864691392, entropy loss: 0.26896004688065006, leaf dev: 0.06951906532049179
[2026-06-25 23:12:13,800][root][INFO] - Val leaf stats: tensor([0.0000, 0.1237, 0.0638, 0.0000, 0.0932, 0.0000, 0.0000, 0.1388, 0.0000,
        0.1438, 0.1750, 0.0935, 0.0000, 0.1662, 0.0000, 0.0020])
[2026-06-25 23:12:14,888][root][INFO] - reg loss: 8.304593635055253, entropy loss: 0.2998548965409117, leaf dev: 0.07468947768211365
[2026-06-25 23:12:14,889][root][INFO] - Val leaf stats: tensor([1.5683e-01, 9.1000e-02, 1.1283e-01, 4.0000e-02, 1.0833e-01, 1.2667e-02,
        4.8333e-03, 4.2000e-02, 1.6667e-04, 1.5000e-03, 0.0000e+00, 1.9333e-02,
        1.8617e-01, 2.2417e-01, 1.6667e-04, 0.0000e+00])
[2026-06-25 23:12:24,501][root][INFO] - Epoch: 5 | train acc: 0.8831, train loss: 0.39628548, valid acc: 0.8663, valid loss: 0.43925735, test acc: 0.8807, test loss: 0.39478949
[2026-06-25 23:12:28,264][root][INFO] - reg loss: 8.258775382671717, entropy loss: 0.41526117077413593, leaf dev: 0.08427368849515915
[2026-06-25 23:12:28,265][root][INFO] - Val leaf stats: tensor([1.3167e-02, 2.6667e-03, 6.0667e-02, 0.0000e+00, 3.0000e-03, 8.3333e-04,
        9.1667e-03, 7.0667e-02, 1.0133e-01, 3.0817e-01, 4.2167e-02, 1.5850e-01,
        1.5850e-01, 4.7833e-02, 2.3167e-02, 1.6667e-04])
[2026-06-25 23:12:33,162][root][INFO] - Epoch: 5 | train acc: 0.8797, train loss: 1.27513561, valid acc: 0.8663, valid loss: 0.45678653, test acc: 0.8667, test loss: 0.45144071
[2026-06-25 23:12:33,691][root][INFO] - Epoch: 5 | train acc: 0.8561, train loss: 0.77857199, valid acc: 0.8585, valid loss: 0.45643653, test acc: 0.8573, test loss: 0.46057154
[2026-06-25 23:12:36,726][root][INFO] - reg loss: 7.331213150384291, entropy loss: 0.21478154707067418, leaf dev: 0.07888263463973999
[2026-06-25 23:12:36,727][root][INFO] - Val leaf stats: tensor([1.9150e-01, 0.0000e+00, 9.8333e-02, 1.6667e-04, 7.5000e-03, 0.0000e+00,
        8.6833e-02, 9.1667e-02, 0.0000e+00, 1.8667e-02, 0.0000e+00, 0.0000e+00,
        2.0717e-01, 2.0283e-01, 0.0000e+00, 9.5333e-02])
[2026-06-25 23:12:36,829][root][INFO] - reg loss: 7.47867635061156, entropy loss: 0.27717125415802, leaf dev: 0.08513446897268295
[2026-06-25 23:12:36,831][root][INFO] - Val leaf stats: tensor([0.0110, 0.1700, 0.2987, 0.0553, 0.0485, 0.0000, 0.0000, 0.0675, 0.0000,
        0.0038, 0.1592, 0.1103, 0.0000, 0.0742, 0.0000, 0.0015])
[2026-06-25 23:12:38,520][root][INFO] - Epoch: 5 | train acc: 0.8803, train loss: 0.93091721, valid acc: 0.8695, valid loss: 0.43170442, test acc: 0.8782, test loss: 0.40919441
[2026-06-25 23:12:39,783][root][INFO] - Epoch: 5 | train acc: 0.8836, train loss: 0.68566087, valid acc: 0.7823, valid loss: 0.66759605, test acc: 0.7852, test loss: 0.65328621
[2026-06-25 23:12:41,935][root][INFO] - reg loss: 8.546058375880403, entropy loss: 0.26471417804933944, leaf dev: 0.07562247663736343
[2026-06-25 23:12:41,936][root][INFO] - Val leaf stats: tensor([0.0000, 0.1170, 0.0393, 0.0000, 0.0550, 0.0000, 0.0000, 0.0767, 0.0000,
        0.1575, 0.1610, 0.1638, 0.0000, 0.2153, 0.0000, 0.0143])
[2026-06-25 23:12:43,670][root][INFO] - reg loss: 7.936623172939949, entropy loss: 0.2971260868153482, leaf dev: 0.09658998996019363
[2026-06-25 23:12:43,672][root][INFO] - Val leaf stats: tensor([1.6250e-01, 7.5667e-02, 8.0667e-02, 2.8667e-02, 3.1167e-02, 7.8333e-03,
        2.5000e-03, 2.5000e-02, 3.0000e-03, 1.1667e-02, 0.0000e+00, 7.2500e-02,
        3.7500e-01, 1.2367e-01, 1.6667e-04, 0.0000e+00])
[2026-06-25 23:12:51,791][root][INFO] - Epoch: 6 | train acc: 0.8982, train loss: 0.34737439, valid acc: 0.8878, valid loss: 0.37973853, test acc: 0.8967, test loss: 0.36395118
[2026-06-25 23:12:55,321][root][INFO] - reg loss: 8.273782482687032, entropy loss: 0.4077371474144594, leaf dev: 0.07317578792572021
[2026-06-25 23:12:55,322][root][INFO] - Val leaf stats: tensor([0.0128, 0.0023, 0.0412, 0.0000, 0.0115, 0.0022, 0.0120, 0.0892, 0.1070,
        0.2583, 0.0613, 0.1508, 0.1517, 0.0552, 0.0445, 0.0000])
[2026-06-25 23:13:00,003][root][INFO] - Epoch: 6 | train acc: 0.8860, train loss: 0.66862509, valid acc: 0.8753, valid loss: 0.42137258, test acc: 0.8781, test loss: 0.41636718
[2026-06-25 23:13:00,426][root][INFO] - Epoch: 6 | train acc: 0.8916, train loss: 1.22625467, valid acc: 0.8568, valid loss: 0.46923100, test acc: 0.8681, test loss: 0.44839274
[2026-06-25 23:13:03,092][root][INFO] - reg loss: 7.329574589459401, entropy loss: 0.27289709729968376, leaf dev: 0.079004667699337
[2026-06-25 23:13:03,094][root][INFO] - Val leaf stats: tensor([0.0027, 0.0698, 0.2587, 0.1462, 0.0462, 0.0000, 0.0018, 0.0933, 0.0000,
        0.0047, 0.1850, 0.1013, 0.0000, 0.0872, 0.0000, 0.0032])
[2026-06-25 23:13:03,791][root][INFO] - reg loss: 7.155476241741541, entropy loss: 0.2155384432594731, leaf dev: 0.08500993251800537
[2026-06-25 23:13:03,792][root][INFO] - Val leaf stats: tensor([0.2303, 0.0085, 0.0862, 0.0003, 0.0062, 0.0000, 0.1587, 0.0660, 0.0000,
        0.0178, 0.0000, 0.0000, 0.2027, 0.1967, 0.0000, 0.0267])
[2026-06-25 23:13:04,166][root][INFO] - Epoch: 6 | train acc: 0.9024, train loss: 0.85603689, valid acc: 0.8475, valid loss: 0.46522407, test acc: 0.8542, test loss: 0.47678849
[2026-06-25 23:13:06,279][root][INFO] - Epoch: 6 | train acc: 0.8852, train loss: 0.68737956, valid acc: 0.8777, valid loss: 0.41017172, test acc: 0.8865, test loss: 0.38725138
[2026-06-25 23:13:07,531][root][INFO] - reg loss: 8.443632296796116, entropy loss: 0.25757217941419136, leaf dev: 0.07486892491579056
[2026-06-25 23:13:07,532][root][INFO] - Val leaf stats: tensor([0.0000, 0.1632, 0.0572, 0.0000, 0.1177, 0.0000, 0.0000, 0.1012, 0.0000,
        0.0440, 0.2140, 0.1597, 0.0000, 0.1392, 0.0000, 0.0040])
[2026-06-25 23:13:09,685][root][INFO] - reg loss: 8.04223944106192, entropy loss: 0.29754312364560254, leaf dev: 0.06372129917144775
[2026-06-25 23:13:09,686][root][INFO] - Val leaf stats: tensor([1.6450e-01, 1.2950e-01, 1.1033e-01, 4.1667e-02, 9.6000e-02, 1.8333e-02,
        2.6667e-03, 4.5500e-02, 1.0000e-02, 1.7500e-02, 0.0000e+00, 5.1333e-02,
        1.2333e-01, 1.8917e-01, 1.6667e-04, 0.0000e+00])
[2026-06-25 23:13:18,977][root][INFO] - Epoch: 7 | train acc: 0.8827, train loss: 0.42463302, valid acc: 0.8463, valid loss: 0.51030973, test acc: 0.8606, test loss: 0.50858327
[2026-06-25 23:13:22,287][root][INFO] - reg loss: 7.83039701209878, entropy loss: 0.38411423142226236, leaf dev: 0.07997015863656998
[2026-06-25 23:13:22,288][root][INFO] - Val leaf stats: tensor([3.7833e-02, 3.5167e-02, 1.1767e-01, 0.0000e+00, 0.0000e+00, 0.0000e+00,
        1.6667e-04, 7.1667e-03, 1.5600e-01, 6.8333e-03, 4.3000e-02, 8.5500e-02,
        2.7100e-01, 1.7533e-01, 6.4333e-02, 0.0000e+00])
[2026-06-25 23:13:27,331][root][INFO] - Epoch: 7 | train acc: 0.8796, train loss: 0.68426051, valid acc: 0.8212, valid loss: 0.53646322, test acc: 0.8205, test loss: 0.54179600
[2026-06-25 23:13:28,193][root][INFO] - Epoch: 7 | train acc: 0.8983, train loss: 1.16371178, valid acc: 0.8603, valid loss: 0.44713620, test acc: 0.8783, test loss: 0.42395796
[2026-06-25 23:13:31,000][root][INFO] - reg loss: 7.1418448844045965, entropy loss: 0.27241669595241547, leaf dev: 0.09630943834781647
[2026-06-25 23:13:31,001][root][INFO] - Val leaf stats: tensor([0.0008, 0.0323, 0.0135, 0.0033, 0.0487, 0.0000, 0.0000, 0.0275, 0.0000,
        0.0098, 0.3495, 0.1837, 0.0670, 0.1635, 0.0000, 0.1003])
[2026-06-25 23:13:31,601][root][INFO] - reg loss: 6.952704946949797, entropy loss: 0.20306380514828665, leaf dev: 0.09103212505578995
[2026-06-25 23:13:31,602][root][INFO] - Val leaf stats: tensor([0.2965, 0.0025, 0.0210, 0.0000, 0.0145, 0.0000, 0.1745, 0.0490, 0.0000,
        0.0180, 0.0000, 0.0000, 0.1935, 0.1382, 0.0000, 0.0923])
[2026-06-25 23:13:31,684][root][INFO] - Epoch: 7 | train acc: 0.9041, train loss: 0.80626173, valid acc: 0.8927, valid loss: 0.38364255, test acc: 0.8916, test loss: 0.37636331
[2026-06-25 23:13:33,542][root][INFO] - Epoch: 7 | train acc: 0.9036, train loss: 0.61922775, valid acc: 0.8635, valid loss: 0.42668318, test acc: 0.8802, test loss: 0.39330827
[2026-06-25 23:13:35,193][root][INFO] - reg loss: 8.040152446278986, entropy loss: 0.23612463952235455, leaf dev: 0.06782898306846619
[2026-06-25 23:13:35,194][root][INFO] - Val leaf stats: tensor([0.0000, 0.1570, 0.0612, 0.0000, 0.1062, 0.0000, 0.0000, 0.1262, 0.0000,
        0.1268, 0.1587, 0.1060, 0.0000, 0.1530, 0.0000, 0.0050])
[2026-06-25 23:13:36,836][root][INFO] - reg loss: 7.947373741077927, entropy loss: 0.2980715275373099, leaf dev: 0.07390592247247696
[2026-06-25 23:13:36,837][root][INFO] - Val leaf stats: tensor([0.1813, 0.1175, 0.1088, 0.0508, 0.1008, 0.0202, 0.0010, 0.0492, 0.0003,
        0.0018, 0.0007, 0.0202, 0.1038, 0.2432, 0.0003, 0.0000])
[2026-06-25 23:13:46,890][root][INFO] - Epoch: 8 | train acc: 0.8683, train loss: 0.46846882, valid acc: 0.8463, valid loss: 0.51432791, test acc: 0.8601, test loss: 0.49150490
[2026-06-25 23:13:51,104][root][INFO] - reg loss: 7.801346104100065, entropy loss: 0.37268332996458375, leaf dev: 0.10382962971925735
[2026-06-25 23:13:51,105][root][INFO] - Val leaf stats: tensor([5.5000e-02, 3.7000e-02, 1.1550e-01, 0.0000e+00, 3.3333e-04, 0.0000e+00,
        3.3333e-04, 8.0000e-03, 1.6667e-04, 0.0000e+00, 5.8333e-03, 1.3167e-02,
        2.4450e-01, 3.4217e-01, 1.7117e-01, 6.8333e-03])
[2026-06-25 23:13:56,536][root][INFO] - Epoch: 8 | train acc: 0.8915, train loss: 0.63868908, valid acc: 0.8823, valid loss: 0.41022301, test acc: 0.8817, test loss: 0.39990491
[2026-06-25 23:13:57,859][root][INFO] - Epoch: 8 | train acc: 0.9003, train loss: 1.10870179, valid acc: 0.8860, valid loss: 0.39313448, test acc: 0.8989, test loss: 0.37665085
[2026-06-25 23:14:00,757][root][INFO] - reg loss: 7.0855839747302936, entropy loss: 0.2740022289865422, leaf dev: 0.09284786134958267
[2026-06-25 23:14:00,758][root][INFO] - Val leaf stats: tensor([0.0012, 0.0400, 0.0215, 0.0043, 0.0502, 0.0000, 0.0000, 0.0352, 0.0000,
        0.0428, 0.3055, 0.1813, 0.0532, 0.2325, 0.0000, 0.0323])
[2026-06-25 23:14:01,064][root][INFO] - Epoch: 8 | train acc: 0.8819, train loss: 0.86810217, valid acc: 0.8683, valid loss: 0.45002013, test acc: 0.8700, test loss: 0.44308581
[2026-06-25 23:14:01,530][root][INFO] - reg loss: 6.6404786154908955, entropy loss: 0.19147826337589408, leaf dev: 0.08476569503545761
[2026-06-25 23:14:01,531][root][INFO] - Val leaf stats: tensor([2.6917e-01, 2.1000e-02, 2.1167e-02, 1.6667e-04, 4.1667e-03, 0.0000e+00,
        1.4917e-01, 4.6333e-02, 0.0000e+00, 5.0333e-02, 0.0000e+00, 0.0000e+00,
        2.0250e-01, 1.4183e-01, 0.0000e+00, 9.4167e-02])
[2026-06-25 23:14:02,479][root][INFO] - Epoch: 8 | train acc: 0.9063, train loss: 0.59577237, valid acc: 0.8803, valid loss: 0.38659106, test acc: 0.8916, test loss: 0.35858792
[2026-06-25 23:14:05,006][root][INFO] - reg loss: 7.6664160647482245, entropy loss: 0.23482717812623619, leaf dev: 0.07320144772529602
[2026-06-25 23:14:05,007][root][INFO] - Val leaf stats: tensor([0.0000, 0.1283, 0.0850, 0.0000, 0.1372, 0.0000, 0.0000, 0.1782, 0.0000,
        0.1420, 0.1977, 0.0877, 0.0000, 0.0412, 0.0000, 0.0028])
[2026-06-25 23:14:06,137][root][INFO] - reg loss: 7.86775774775811, entropy loss: 0.2846220647389034, leaf dev: 0.0680987611413002
[2026-06-25 23:14:06,138][root][INFO] - Val leaf stats: tensor([1.6550e-01, 1.8250e-01, 1.1783e-01, 5.5333e-02, 1.6767e-01, 2.8500e-02,
        1.3333e-03, 5.6667e-02, 1.3333e-03, 8.0000e-03, 0.0000e+00, 1.9167e-02,
        6.1667e-02, 1.3433e-01, 1.6667e-04, 0.0000e+00])
[2026-06-25 23:14:16,586][root][INFO] - Epoch: 9 | train acc: 0.8870, train loss: 0.41391712, valid acc: 0.8708, valid loss: 0.44546687, test acc: 0.8845, test loss: 0.42899830
[2026-06-25 23:14:20,561][root][INFO] - reg loss: 7.577750669335419, entropy loss: 0.3716623212368983, leaf dev: 0.0920797735452652
[2026-06-25 23:14:20,562][root][INFO] - Val leaf stats: tensor([9.7000e-02, 4.3833e-02, 1.5133e-01, 1.6667e-04, 6.6667e-04, 0.0000e+00,
        3.3333e-04, 1.2833e-02, 0.0000e+00, 0.0000e+00, 1.0000e-02, 3.3833e-02,
        2.5583e-01, 2.7133e-01, 1.2233e-01, 5.0000e-04])
[2026-06-25 23:14:27,748][root][INFO] - Epoch: 9 | train acc: 0.8572, train loss: 0.77639384, valid acc: 0.8572, valid loss: 0.55164971, test acc: 0.8568, test loss: 0.54168262
[2026-06-25 23:14:28,330][root][INFO] - Epoch: 9 | train acc: 0.9134, train loss: 1.05464819, valid acc: 0.8940, valid loss: 0.35978474, test acc: 0.9082, test loss: 0.33271341
[2026-06-25 23:14:31,699][root][INFO] - reg loss: 6.736354441012976, entropy loss: 0.2684084784309819, leaf dev: 0.08598143607378006
[2026-06-25 23:14:31,700][root][INFO] - Val leaf stats: tensor([0.0025, 0.0592, 0.0775, 0.0137, 0.0608, 0.0000, 0.0000, 0.0422, 0.0000,
        0.0223, 0.0600, 0.1212, 0.0152, 0.2390, 0.0000, 0.2865])
[2026-06-25 23:14:32,479][root][INFO] - reg loss: 6.4955334888314304, entropy loss: 0.18739383681765143, leaf dev: 0.0870521143078804
[2026-06-25 23:14:32,479][root][INFO] - Val leaf stats: tensor([0.2497, 0.0072, 0.0302, 0.0000, 0.0007, 0.0000, 0.1880, 0.0622, 0.0000,
        0.0202, 0.0000, 0.0000, 0.2163, 0.1352, 0.0000, 0.0905])
[2026-06-25 23:14:32,510][root][INFO] - Epoch: 9 | train acc: 0.8948, train loss: 0.80310090, valid acc: 0.8892, valid loss: 0.37077356, test acc: 0.8907, test loss: 0.36107538
[2026-06-25 23:14:34,787][root][INFO] - Epoch: 9 | train acc: 0.9125, train loss: 0.57156505, valid acc: 0.8880, valid loss: 0.37041735, test acc: 0.8992, test loss: 0.34811625
[2026-06-25 23:14:36,407][root][INFO] - reg loss: 7.616733092182088, entropy loss: 0.225409929904173, leaf dev: 0.0712941512465477
[2026-06-25 23:14:36,416][root][INFO] - Val leaf stats: tensor([0.0000, 0.1127, 0.1055, 0.0000, 0.0970, 0.0000, 0.0000, 0.1230, 0.0000,
        0.1542, 0.2253, 0.1013, 0.0000, 0.0743, 0.0000, 0.0067])
[2026-06-25 23:14:38,761][root][INFO] - reg loss: 7.790749563361114, entropy loss: 0.2734272629022598, leaf dev: 0.06870239228010178
[2026-06-25 23:14:38,762][root][INFO] - Val leaf stats: tensor([0.1693, 0.1710, 0.1048, 0.0352, 0.1290, 0.0008, 0.0083, 0.0530, 0.0042,
        0.0165, 0.0000, 0.0373, 0.0828, 0.1873, 0.0003, 0.0000])
[2026-06-25 23:14:46,561][root][INFO] - Epoch: 10 | train acc: 0.9063, train loss: 0.33509298, valid acc: 0.8875, valid loss: 0.39095779, test acc: 0.8930, test loss: 0.38451767
[2026-06-25 23:14:50,012][root][INFO] - reg loss: 7.498223309246999, entropy loss: 0.3651003472085269, leaf dev: 0.09055855870246887
[2026-06-25 23:14:50,013][root][INFO] - Val leaf stats: tensor([0.0608, 0.0345, 0.1305, 0.0005, 0.0025, 0.0000, 0.0015, 0.0227, 0.0003,
        0.0000, 0.0172, 0.0497, 0.2450, 0.2720, 0.1622, 0.0007])
[2026-06-25 23:14:58,733][root][INFO] - Epoch: 10 | train acc: 0.8985, train loss: 0.61480404, valid acc: 0.8992, valid loss: 0.35367307, test acc: 0.8945, test loss: 0.35530115
[2026-06-25 23:14:59,109][root][INFO] - Epoch: 10 | train acc: 0.9155, train loss: 1.02833803, valid acc: 0.8843, valid loss: 0.38185807, test acc: 0.9011, test loss: 0.35640518
[2026-06-25 23:15:02,888][root][INFO] - reg loss: 6.461424976024988, entropy loss: 0.18546334724381286, leaf dev: 0.08574184030294418
[2026-06-25 23:15:02,890][root][INFO] - Val leaf stats: tensor([0.2788, 0.0342, 0.0492, 0.0000, 0.0013, 0.0000, 0.1937, 0.0752, 0.0000,
        0.0210, 0.0000, 0.0000, 0.1872, 0.0730, 0.0000, 0.0865])
[2026-06-25 23:15:03,073][root][INFO] - reg loss: 6.770023935246018, entropy loss: 0.2682013061811339, leaf dev: 0.07973093539476395
[2026-06-25 23:15:03,074][root][INFO] - Val leaf stats: tensor([0.0032, 0.0658, 0.1363, 0.0260, 0.0770, 0.0000, 0.0000, 0.0160, 0.0000,
        0.0322, 0.1025, 0.1530, 0.0237, 0.2980, 0.0053, 0.0610])
[2026-06-25 23:15:03,800][root][INFO] - Epoch: 10 | train acc: 0.9122, train loss: 0.74746784, valid acc: 0.8938, valid loss: 0.35964846, test acc: 0.8987, test loss: 0.34775940
[2026-06-25 23:15:04,917][root][INFO] - Epoch: 10 | train acc: 0.9177, train loss: 0.54628266, valid acc: 0.8908, valid loss: 0.35569807, test acc: 0.9005, test loss: 0.33133060
[2026-06-25 23:15:07,521][root][INFO] - reg loss: 7.650254060637276, entropy loss: 0.22326634219794902, leaf dev: 0.07024676352739334
[2026-06-25 23:15:07,522][root][INFO] - Val leaf stats: tensor([0.0000, 0.1242, 0.0995, 0.0000, 0.1230, 0.0000, 0.0000, 0.1760, 0.0000,
        0.1247, 0.1930, 0.0818, 0.0000, 0.0748, 0.0000, 0.0030])
[2026-06-25 23:15:08,905][root][INFO] - reg loss: 7.704530338071427, entropy loss: 0.27207778506683855, leaf dev: 0.06653553992509842
[2026-06-25 23:15:08,906][root][INFO] - Val leaf stats: tensor([0.1692, 0.1573, 0.0967, 0.0263, 0.1270, 0.0000, 0.0125, 0.0628, 0.0062,
        0.0108, 0.0020, 0.0375, 0.1168, 0.1733, 0.0015, 0.0000])
[2026-06-25 23:15:15,842][root][INFO] - Epoch: 11 | train acc: 0.9110, train loss: 0.31842576, valid acc: 0.8893, valid loss: 0.38885890, test acc: 0.8941, test loss: 0.37437296
[2026-06-25 23:15:20,328][root][INFO] - reg loss: 7.919424227948459, entropy loss: 0.38162023560056146, leaf dev: 0.06749375909566879
[2026-06-25 23:15:20,329][root][INFO] - Val leaf stats: tensor([0.0787, 0.0482, 0.1175, 0.0033, 0.0188, 0.0005, 0.0082, 0.0558, 0.0060,
        0.0027, 0.0508, 0.1877, 0.2130, 0.1070, 0.1015, 0.0003])
[2026-06-25 23:15:28,973][root][INFO] - Epoch: 11 | train acc: 0.8993, train loss: 1.08567838, valid acc: 0.8613, valid loss: 0.46073904, test acc: 0.8633, test loss: 0.47383621
[2026-06-25 23:15:29,036][root][INFO] - Epoch: 11 | train acc: 0.9154, train loss: 0.56466137, valid acc: 0.9077, valid loss: 0.33493960, test acc: 0.9083, test loss: 0.32248860
[2026-06-25 23:15:32,348][root][INFO] - reg loss: 6.910501408127119, entropy loss: 0.2790158809918278, leaf dev: 0.0755079835653305
[2026-06-25 23:15:32,349][root][INFO] - Val leaf stats: tensor([0.0022, 0.0627, 0.0887, 0.0125, 0.0883, 0.0000, 0.0000, 0.0185, 0.0000,
        0.0400, 0.1162, 0.1707, 0.0350, 0.2723, 0.0018, 0.0912])
[2026-06-25 23:15:32,663][root][INFO] - reg loss: 6.348957772524852, entropy loss: 0.18680894866866884, leaf dev: 0.10637456178665161
[2026-06-25 23:15:32,664][root][INFO] - Val leaf stats: tensor([2.1517e-01, 2.6167e-02, 1.5500e-02, 5.0000e-04, 1.6667e-04, 0.0000e+00,
        9.2500e-02, 3.1000e-02, 0.0000e+00, 3.3500e-02, 0.0000e+00, 0.0000e+00,
        3.9533e-01, 9.4167e-02, 0.0000e+00, 9.6000e-02])
[2026-06-25 23:15:33,480][root][INFO] - Epoch: 11 | train acc: 0.9148, train loss: 0.73159495, valid acc: 0.9053, valid loss: 0.33479609, test acc: 0.9091, test loss: 0.32458049
[2026-06-25 23:15:36,337][root][INFO] - Epoch: 11 | train acc: 0.9201, train loss: 0.54498061, valid acc: 0.9003, valid loss: 0.33757152, test acc: 0.9058, test loss: 0.31971621
[2026-06-25 23:15:37,059][root][INFO] - reg loss: 7.629072778629807, entropy loss: 0.2201530916510888, leaf dev: 0.0695795863866806
[2026-06-25 23:15:37,060][root][INFO] - Val leaf stats: tensor([0.0000, 0.1277, 0.1222, 0.0000, 0.1193, 0.0000, 0.0000, 0.1198, 0.0000,
        0.1517, 0.2002, 0.0747, 0.0000, 0.0815, 0.0000, 0.0030])
[2026-06-25 23:15:40,249][root][INFO] - reg loss: 7.731844902038574, entropy loss: 0.2739610587650875, leaf dev: 0.06232498213648796
[2026-06-25 23:15:40,250][root][INFO] - Val leaf stats: tensor([1.4250e-01, 1.1983e-01, 1.0133e-01, 1.6667e-02, 1.1800e-01, 0.0000e+00,
        3.0500e-02, 6.9500e-02, 1.1833e-02, 2.2000e-02, 0.0000e+00, 4.8333e-02,
        1.2867e-01, 1.9067e-01, 1.6667e-04, 0.0000e+00])
[2026-06-25 23:15:46,940][root][INFO] - Epoch: 12 | train acc: 0.9131, train loss: 0.30547142, valid acc: 0.8742, valid loss: 0.44471359, test acc: 0.8819, test loss: 0.41377816
[2026-06-25 23:15:50,925][root][INFO] - reg loss: 7.86523448296313, entropy loss: 0.37757654038240324, leaf dev: 0.08210036903619766
[2026-06-25 23:15:50,926][root][INFO] - Val leaf stats: tensor([0.1068, 0.0815, 0.0075, 0.0000, 0.0007, 0.0000, 0.0008, 0.0205, 0.0095,
        0.0030, 0.0887, 0.1825, 0.2838, 0.0938, 0.1202, 0.0007])
[2026-06-25 23:15:58,075][root][INFO] - MLFlow server is starting on LOCAL with experiment STM_MS_hard_seeded...
[2026-06-25 23:15:58,179][root][INFO] - MLFlow run ID: 734117eb16164782b0e0dd04a193a8e3, status: RUNNING
[2026-06-25 23:15:58,311][root][INFO] - Starting experiment IATrain...
[2026-06-25 23:15:59,085][root][INFO] - Epoch: 12 | train acc: 0.8977, train loss: 1.06812845, valid acc: 0.8950, valid loss: 0.37060835, test acc: 0.9053, test loss: 0.36331699
[2026-06-25 23:15:59,293][root][INFO] - Epoch: 12 | train acc: 0.8956, train loss: 0.61387429, valid acc: 0.8747, valid loss: 0.41962759, test acc: 0.8687, test loss: 0.43850340
[2026-06-25 23:16:02,692][root][INFO] - reg loss: 6.2503357878271135, entropy loss: 0.17664830358523242, leaf dev: 0.09429579228162766
[2026-06-25 23:16:02,694][root][INFO] - Val leaf stats: tensor([0.2625, 0.0122, 0.0378, 0.0003, 0.0082, 0.0000, 0.1710, 0.0453, 0.0000,
        0.0180, 0.0000, 0.0000, 0.2833, 0.0663, 0.0000, 0.0950])
[2026-06-25 23:16:02,829][root][INFO] - reg loss: 6.645022873608571, entropy loss: 0.2624361739968354, leaf dev: 0.09701971709728241
[2026-06-25 23:16:02,830][root][INFO] - Val leaf stats: tensor([6.0000e-03, 8.1833e-02, 1.1450e-01, 1.0667e-02, 8.9833e-02, 0.0000e+00,
        0.0000e+00, 2.0000e-02, 1.6667e-04, 1.0667e-02, 6.3333e-03, 1.7333e-02,
        3.6000e-02, 3.5250e-01, 3.5000e-02, 2.1917e-01])
[2026-06-25 23:16:03,487][root][INFO] - Epoch: 12 | train acc: 0.9025, train loss: 0.74997632, valid acc: 0.9005, valid loss: 0.35639390, test acc: 0.9021, test loss: 0.35257814
[2026-06-25 23:16:05,797][root][INFO] - Epoch: 12 | train acc: 0.9272, train loss: 0.51564991, valid acc: 0.8947, valid loss: 0.34088672, test acc: 0.9036, test loss: 0.32445882
[2026-06-25 23:16:07,427][root][INFO] - reg loss: 6.865603707871347, entropy loss: 0.20722513688060473, leaf dev: 0.08724826574325562
[2026-06-25 23:16:07,428][root][INFO] - Val leaf stats: tensor([0.0000, 0.0312, 0.0188, 0.0000, 0.0567, 0.0000, 0.0000, 0.0912, 0.0000,
        0.2110, 0.2423, 0.1913, 0.0000, 0.1548, 0.0000, 0.0027])
[2026-06-25 23:16:09,505][root][INFO] - reg loss: 7.5590165875992685, entropy loss: 0.27010643819593033, leaf dev: 0.06539469957351685
[2026-06-25 23:16:09,506][root][INFO] - Val leaf stats: tensor([1.4117e-01, 7.3500e-02, 1.5717e-01, 4.1167e-02, 9.9667e-02, 0.0000e+00,
        4.0000e-03, 5.0333e-02, 1.0833e-02, 2.5500e-02, 0.0000e+00, 5.9333e-02,
        1.4300e-01, 1.9417e-01, 1.6667e-04, 0.0000e+00])
[2026-06-25 23:16:16,342][root][INFO] - Epoch: 13 | train acc: 0.9086, train loss: 0.31797030, valid acc: 0.8943, valid loss: 0.37810958, test acc: 0.8929, test loss: 0.38085193
[2026-06-25 23:16:19,966][root][INFO] - reg loss: 7.109110179937111, entropy loss: 0.3468516266570901, leaf dev: 0.08668901771306992
[2026-06-25 23:16:19,967][root][INFO] - Val leaf stats: tensor([1.9050e-01, 1.0333e-01, 1.5000e-02, 0.0000e+00, 2.3333e-03, 1.6667e-04,
        2.6667e-03, 3.3833e-02, 5.0000e-04, 3.3333e-04, 1.7167e-02, 3.4500e-02,
        2.5167e-01, 2.0350e-01, 1.4367e-01, 8.3333e-04])
[2026-06-25 23:16:29,212][root][INFO] - Epoch: 0 | train acc: 0.6488, train loss: 2.49425076, valid acc: 0.7249, valid loss: 0.80450235, test acc: 0.7224, test loss: 0.86888163
[2026-06-25 23:16:29,485][root][INFO] - Epoch: 13 | train acc: 0.9174, train loss: 0.97065001, valid acc: 0.8990, valid loss: 0.35094807, test acc: 0.9114, test loss: 0.33280739
[2026-06-25 23:16:29,898][root][INFO] - Epoch: 13 | train acc: 0.8749, train loss: 0.67789582, valid acc: 0.8495, valid loss: 0.52051168, test acc: 0.8549, test loss: 0.49763275
[2026-06-25 23:16:31,712][root][INFO] - reg loss: 10.960621742975144, entropy loss: 0.3671946561841107, leaf dev: 0.11354465037584305
[2026-06-25 23:16:31,713][root][INFO] - Val leaf stats: tensor([1.8771e-02, 4.0288e-01, 4.0157e-03, 2.6980e-01, 6.5372e-04, 9.3388e-05,
        1.4475e-02, 1.3168e-02, 9.3388e-05, 2.4841e-02, 7.9380e-03, 8.6197e-02,
        7.8166e-02, 7.6205e-02, 1.8678e-04, 2.5215e-03])
[2026-06-25 23:16:33,541][root][INFO] - reg loss: 6.013350540736936, entropy loss: 0.1710154335453825, leaf dev: 0.08640085160732269
[2026-06-25 23:16:33,542][root][INFO] - Val leaf stats: tensor([2.3600e-01, 3.9000e-02, 3.3167e-02, 1.6667e-04, 7.6667e-03, 0.0000e+00,
        1.7600e-01, 5.5167e-02, 0.0000e+00, 3.0000e-02, 0.0000e+00, 0.0000e+00,
        2.6017e-01, 6.9833e-02, 0.0000e+00, 9.2833e-02])
[2026-06-25 23:16:33,616][root][INFO] - reg loss: 6.646900361438967, entropy loss: 0.2515452055717414, leaf dev: 0.09434844553470612
[2026-06-25 23:16:33,617][root][INFO] - Val leaf stats: tensor([0.2205, 0.1112, 0.3318, 0.1108, 0.0832, 0.0000, 0.0008, 0.0178, 0.0000,
        0.0007, 0.0005, 0.0030, 0.0068, 0.0565, 0.0112, 0.0452])
[2026-06-25 23:16:33,860][root][INFO] - Epoch: 13 | train acc: 0.9109, train loss: 0.69932370, valid acc: 0.8823, valid loss: 0.40866629, test acc: 0.8878, test loss: 0.38304477
[2026-06-25 23:16:36,106][root][INFO] - Epoch: 13 | train acc: 0.9021, train loss: 0.57800889, valid acc: 0.8690, valid loss: 0.42385783, test acc: 0.8839, test loss: 0.38685128
[2026-06-25 23:16:37,542][root][INFO] - reg loss: 6.938188147994707, entropy loss: 0.19890487250292077, leaf dev: 0.08558905124664307
[2026-06-25 23:16:37,544][root][INFO] - Val leaf stats: tensor([0.0000, 0.0628, 0.0345, 0.0000, 0.0703, 0.0000, 0.0000, 0.0915, 0.0000,
        0.2890, 0.1865, 0.1130, 0.0000, 0.1512, 0.0000, 0.0012])
[2026-06-25 23:16:40,512][root][INFO] - reg loss: 7.240961002853681, entropy loss: 0.2544207955306431, leaf dev: 0.07788146287202835
[2026-06-25 23:16:40,513][root][INFO] - Val leaf stats: tensor([0.1607, 0.1715, 0.1512, 0.0440, 0.2368, 0.0000, 0.0892, 0.0900, 0.0003,
        0.0013, 0.0000, 0.0123, 0.0098, 0.0328, 0.0000, 0.0000])
[2026-06-25 23:16:45,453][root][INFO] - Epoch: 14 | train acc: 0.9147, train loss: 0.30248101, valid acc: 0.9005, valid loss: 0.36188225, test acc: 0.8971, test loss: 0.37135415
[2026-06-25 23:16:49,651][root][INFO] - reg loss: 6.813293987849973, entropy loss: 0.3320578783750534, leaf dev: 0.08649147301912308
[2026-06-25 23:16:49,652][root][INFO] - Val leaf stats: tensor([1.7900e-01, 7.0167e-02, 1.1333e-02, 0.0000e+00, 4.8333e-03, 3.3333e-04,
        4.3333e-03, 4.7667e-02, 1.6667e-04, 3.3333e-04, 1.7500e-02, 3.5500e-02,
        2.4600e-01, 2.0667e-01, 1.7467e-01, 1.5000e-03])
[2026-06-25 23:16:59,285][root][INFO] - Epoch: 14 | train acc: 0.9188, train loss: 0.94533857, valid acc: 0.9028, valid loss: 0.33738466, test acc: 0.9100, test loss: 0.32400256
[2026-06-25 23:17:00,614][root][INFO] - Epoch: 14 | train acc: 0.8845, train loss: 0.67119279, valid acc: 0.8527, valid loss: 0.50560135, test acc: 0.8564, test loss: 0.48756569
[2026-06-25 23:17:03,085][root][INFO] - reg loss: 6.084508823898603, entropy loss: 0.16445177638868116, leaf dev: 0.08290811628103256
[2026-06-25 23:17:03,086][root][INFO] - Val leaf stats: tensor([2.3650e-01, 4.1000e-02, 3.0333e-02, 1.6667e-04, 0.0000e+00, 0.0000e+00,
        1.7567e-01, 5.1167e-02, 0.0000e+00, 6.1500e-02, 0.0000e+00, 3.3333e-04,
        2.3600e-01, 7.6000e-02, 0.0000e+00, 9.1333e-02])
[2026-06-25 23:17:03,237][root][INFO] - Epoch: 1 | train acc: 0.7839, train loss: 1.59442980, valid acc: 0.8042, valid loss: 0.56657281, test acc: 0.8277, test loss: 0.76357440
[2026-06-25 23:17:03,672][root][INFO] - reg loss: 6.426232185003893, entropy loss: 0.24962538874374246, leaf dev: 0.07622505724430084
[2026-06-25 23:17:03,674][root][INFO] - Val leaf stats: tensor([1.6000e-01, 1.5617e-01, 1.2917e-01, 2.2183e-01, 1.0200e-01, 0.0000e+00,
        8.3333e-03, 1.4283e-01, 0.0000e+00, 1.6667e-04, 0.0000e+00, 6.6667e-04,
        5.8333e-03, 5.0000e-02, 4.5000e-03, 1.8500e-02])
[2026-06-25 23:17:04,535][root][INFO] - Epoch: 14 | train acc: 0.8947, train loss: 0.76540931, valid acc: 0.9022, valid loss: 0.35884099, test acc: 0.8988, test loss: 0.35827267
[2026-06-25 23:17:06,279][root][INFO] - reg loss: 8.0704298221245, entropy loss: 0.2402025473023218, leaf dev: 0.09434708207845688
[2026-06-25 23:17:06,286][root][INFO] - Val leaf stats: tensor([1.2579e-01, 3.7084e-01, 5.0430e-03, 1.4419e-01, 6.5372e-04, 0.0000e+00,
        3.2126e-02, 4.4079e-02, 9.3388e-05, 2.5775e-02, 1.7370e-02, 8.3302e-02,
        7.3870e-02, 7.4244e-02, 4.6694e-04, 2.1479e-03])
[2026-06-25 23:17:07,349][root][INFO] - Epoch: 14 | train acc: 0.8620, train loss: 0.68138315, valid acc: 0.8682, valid loss: 0.44115986, test acc: 0.8747, test loss: 0.43508915
[2026-06-25 23:17:08,440][root][INFO] - reg loss: 6.837736233225408, entropy loss: 0.19961958884630562, leaf dev: 0.08829965442419052
[2026-06-25 23:17:08,441][root][INFO] - Val leaf stats: tensor([0.0000, 0.0867, 0.0313, 0.0000, 0.0778, 0.0000, 0.0000, 0.0877, 0.0000,
        0.3200, 0.1140, 0.1072, 0.0000, 0.1742, 0.0000, 0.0012])
[2026-06-25 23:17:11,277][root][INFO] - reg loss: 6.3723090009869265, entropy loss: 0.22183140873346688, leaf dev: 0.0890636071562767
[2026-06-25 23:17:11,278][root][INFO] - Val leaf stats: tensor([0.1770, 0.3335, 0.0285, 0.0190, 0.0707, 0.0000, 0.0157, 0.0440, 0.0097,
        0.0205, 0.0000, 0.0673, 0.0710, 0.1432, 0.0000, 0.0000])
[2026-06-25 23:17:15,556][root][INFO] - Epoch: 15 | train acc: 0.9204, train loss: 0.27908079, valid acc: 0.9025, valid loss: 0.34873377, test acc: 0.9061, test loss: 0.34930051
[2026-06-25 23:17:19,993][root][INFO] - reg loss: 6.7471086664019895, entropy loss: 0.3314810909752576, leaf dev: 0.09442843496799469
[2026-06-25 23:17:19,994][root][INFO] - Val leaf stats: tensor([0.1465, 0.0385, 0.0078, 0.0000, 0.0097, 0.0003, 0.0027, 0.0562, 0.0003,
        0.0003, 0.0207, 0.0272, 0.2673, 0.2757, 0.1462, 0.0007])
[2026-06-25 23:17:29,785][root][INFO] - Epoch: 15 | train acc: 0.9244, train loss: 0.87496687, valid acc: 0.9010, valid loss: 0.34557452, test acc: 0.9140, test loss: 0.31622400
[2026-06-25 23:17:31,116][root][INFO] - Epoch: 15 | train acc: 0.8858, train loss: 0.61083384, valid acc: 0.8838, valid loss: 0.39057369, test acc: 0.8833, test loss: 0.39396735
[2026-06-25 23:17:33,405][root][INFO] - reg loss: 5.921995198951577, entropy loss: 0.15322673728443542, leaf dev: 0.08577586710453033
[2026-06-25 23:17:33,407][root][INFO] - Val leaf stats: tensor([2.4283e-01, 4.2000e-02, 3.4000e-02, 1.6667e-04, 0.0000e+00, 0.0000e+00,
        1.8183e-01, 5.5000e-02, 0.0000e+00, 3.4500e-02, 0.0000e+00, 1.6667e-04,
        2.4417e-01, 6.8333e-02, 0.0000e+00, 9.7000e-02])
[2026-06-25 23:17:34,309][root][INFO] - reg loss: 6.362099134697105, entropy loss: 0.2287744905026454, leaf dev: 0.09205171465873718
[2026-06-25 23:17:34,310][root][INFO] - Val leaf stats: tensor([2.5233e-01, 3.1667e-03, 2.7150e-01, 1.2900e-01, 9.9333e-02, 1.6667e-04,
        3.5000e-03, 1.5000e-01, 0.0000e+00, 1.6667e-04, 0.0000e+00, 1.0000e-03,
        9.5000e-03, 4.9500e-02, 6.1667e-03, 2.4667e-02])
[2026-06-25 23:17:35,890][root][INFO] - Epoch: 15 | train acc: 0.9118, train loss: 0.70513238, valid acc: 0.9122, valid loss: 0.32708619, test acc: 0.9115, test loss: 0.31931426
[2026-06-25 23:17:36,146][root][INFO] - Epoch: 2 | train acc: 0.8424, train loss: 1.32388116, valid acc: 0.8338, valid loss: 0.48349922, test acc: 0.8585, test loss: 0.75292593
[2026-06-25 23:17:37,026][root][INFO] - Epoch: 15 | train acc: 0.8895, train loss: 0.59507148, valid acc: 0.8668, valid loss: 0.44745167, test acc: 0.8784, test loss: 0.40935538
[2026-06-25 23:17:39,074][root][INFO] - reg loss: 7.908554864308191, entropy loss: 0.2094602928590522, leaf dev: 0.10911048203706741
[2026-06-25 23:17:39,075][root][INFO] - Val leaf stats: tensor([9.0213e-02, 4.3538e-01, 2.3160e-02, 1.6614e-01, 5.6033e-04, 0.0000e+00,
        2.1573e-02, 4.7441e-02, 1.8678e-04, 1.3541e-02, 9.3388e-03, 6.2663e-02,
        5.5006e-02, 7.2843e-02, 2.8016e-04, 1.6810e-03])
[2026-06-25 23:17:39,551][root][INFO] - reg loss: 7.0043629835236745, entropy loss: 0.19940153804590116, leaf dev: 0.06948237121105194
[2026-06-25 23:17:39,552][root][INFO] - Val leaf stats: tensor([0.0000e+00, 1.5050e-01, 1.2517e-01, 0.0000e+00, 1.6067e-01, 0.0000e+00,
        0.0000e+00, 1.3167e-01, 0.0000e+00, 1.7300e-01, 8.8167e-02, 6.1000e-02,
        0.0000e+00, 1.0967e-01, 0.0000e+00, 1.6667e-04])
[2026-06-25 23:17:40,744][root][INFO] - reg loss: 6.3676392762166145, entropy loss: 0.22681742569185653, leaf dev: 0.06267964094877243
[2026-06-25 23:17:40,745][root][INFO] - Val leaf stats: tensor([0.1283, 0.1190, 0.0095, 0.0020, 0.0377, 0.0000, 0.0755, 0.0125, 0.0582,
        0.1437, 0.0000, 0.1302, 0.1080, 0.1755, 0.0000, 0.0000])
[2026-06-25 23:17:46,653][root][INFO] - Epoch: 16 | train acc: 0.9206, train loss: 0.27947821, valid acc: 0.9013, valid loss: 0.35800737, test acc: 0.9036, test loss: 0.35389364
[2026-06-25 23:17:50,868][root][INFO] - reg loss: 6.872867224351415, entropy loss: 0.32579989112773033, leaf dev: 0.0863521620631218
[2026-06-25 23:17:50,869][root][INFO] - Val leaf stats: tensor([0.1393, 0.0650, 0.0088, 0.0000, 0.0190, 0.0523, 0.0000, 0.0023, 0.0003,
        0.0003, 0.0208, 0.0303, 0.2380, 0.2332, 0.1875, 0.0027])
[2026-06-25 23:18:00,683][root][INFO] - Epoch: 16 | train acc: 0.9214, train loss: 0.87419939, valid acc: 0.8945, valid loss: 0.35816890, test acc: 0.9101, test loss: 0.32689774
[2026-06-25 23:18:00,842][root][INFO] - Epoch: 16 | train acc: 0.9025, train loss: 0.55483883, valid acc: 0.8963, valid loss: 0.34664738, test acc: 0.8961, test loss: 0.36312134
[2026-06-25 23:18:04,148][root][INFO] - reg loss: 5.954614778734603, entropy loss: 0.1521666906071159, leaf dev: 0.07851722836494446
[2026-06-25 23:18:04,149][root][INFO] - Val leaf stats: tensor([0.2618, 0.0897, 0.0530, 0.0005, 0.0000, 0.0000, 0.1380, 0.0623, 0.0000,
        0.0467, 0.0000, 0.0000, 0.1968, 0.0635, 0.0000, 0.0877])
[2026-06-25 23:18:04,642][root][INFO] - reg loss: 6.229723813398829, entropy loss: 0.22188809963892092, leaf dev: 0.09508911520242691
[2026-06-25 23:18:04,643][root][INFO] - Val leaf stats: tensor([2.6900e-01, 5.8333e-03, 2.8967e-01, 9.9167e-02, 8.9333e-02, 2.3333e-03,
        1.6667e-03, 1.4033e-01, 0.0000e+00, 1.6667e-04, 0.0000e+00, 1.3333e-03,
        1.0000e-02, 5.9667e-02, 7.0000e-03, 2.4500e-02])
[2026-06-25 23:18:06,255][root][INFO] - Epoch: 16 | train acc: 0.9290, train loss: 0.64171219, valid acc: 0.9143, valid loss: 0.29574230, test acc: 0.9169, test loss: 0.30368230
[2026-06-25 23:18:07,095][root][INFO] - Epoch: 16 | train acc: 0.9000, train loss: 0.55730062, valid acc: 0.8825, valid loss: 0.37806045, test acc: 0.8931, test loss: 0.35471640
[2026-06-25 23:18:09,821][root][INFO] - Epoch: 3 | train acc: 0.8197, train loss: 1.33407576, valid acc: 0.8538, valid loss: 0.45028786, test acc: 0.8618, test loss: 0.56777546
[2026-06-25 23:18:10,198][root][INFO] - reg loss: 7.036002955346738, entropy loss: 0.19551516802243465, leaf dev: 0.06593546271324158
[2026-06-25 23:18:10,199][root][INFO] - Val leaf stats: tensor([0.0000, 0.0858, 0.0970, 0.0043, 0.1465, 0.0000, 0.0000, 0.1182, 0.0000,
        0.1500, 0.1370, 0.1215, 0.0000, 0.1395, 0.0000, 0.0002])
[2026-06-25 23:18:10,507][root][INFO] - reg loss: 6.517825900383715, entropy loss: 0.22806823801881862, leaf dev: 0.07284419983625412
[2026-06-25 23:18:10,508][root][INFO] - Val leaf stats: tensor([0.1318, 0.1295, 0.0127, 0.0040, 0.0415, 0.0000, 0.0728, 0.0130, 0.0327,
        0.0747, 0.0010, 0.0613, 0.2065, 0.2180, 0.0005, 0.0000])
[2026-06-25 23:18:12,220][root][INFO] - reg loss: 7.506961333057868, entropy loss: 0.2008271732973674, leaf dev: 0.07164669036865234
[2026-06-25 23:18:12,220][root][INFO] - Val leaf stats: tensor([0.0294, 0.2544, 0.0115, 0.1476, 0.0007, 0.0683, 0.0423, 0.0306, 0.0003,
        0.0310, 0.0717, 0.1536, 0.1164, 0.0043, 0.0365, 0.0013])
[2026-06-25 23:18:16,573][root][INFO] - Epoch: 17 | train acc: 0.9276, train loss: 0.25569536, valid acc: 0.9002, valid loss: 0.35782335, test acc: 0.9061, test loss: 0.34573609
[2026-06-25 23:18:20,536][root][INFO] - reg loss: 6.780422278170316, entropy loss: 0.3055316395354721, leaf dev: 0.08922038972377777
[2026-06-25 23:18:20,537][root][INFO] - Val leaf stats: tensor([0.1483, 0.0527, 0.0128, 0.0000, 0.0172, 0.0450, 0.0000, 0.0008, 0.0005,
        0.0003, 0.0298, 0.0245, 0.2595, 0.2435, 0.1628, 0.0022])
[2026-06-25 23:18:30,313][root][INFO] - Epoch: 17 | train acc: 0.9270, train loss: 0.85905109, valid acc: 0.9013, valid loss: 0.32801143, test acc: 0.9177, test loss: 0.30684623
[2026-06-25 23:18:32,042][root][INFO] - Epoch: 17 | train acc: 0.9139, train loss: 0.51389047, valid acc: 0.9030, valid loss: 0.33600276, test acc: 0.9002, test loss: 0.34315191
[2026-06-25 23:18:33,631][root][INFO] - reg loss: 5.975540903379333, entropy loss: 0.15210752484371076, leaf dev: 0.07834888994693756
[2026-06-25 23:18:33,633][root][INFO] - Val leaf stats: tensor([2.3983e-01, 4.8667e-02, 4.5667e-02, 1.6667e-04, 0.0000e+00, 0.0000e+00,
        1.5733e-01, 5.8667e-02, 0.0000e+00, 7.5000e-02, 0.0000e+00, 0.0000e+00,
        2.1383e-01, 7.2500e-02, 0.0000e+00, 8.8333e-02])
[2026-06-25 23:18:36,005][root][INFO] - reg loss: 6.235589202844872, entropy loss: 0.21966292793458364, leaf dev: 0.0878075361251831
[2026-06-25 23:18:36,006][root][INFO] - Val leaf stats: tensor([0.2570, 0.0070, 0.2515, 0.0780, 0.1053, 0.0000, 0.0022, 0.1477, 0.0000,
        0.0007, 0.0007, 0.0037, 0.0055, 0.0910, 0.0138, 0.0360])
[2026-06-25 23:18:36,966][root][INFO] - Epoch: 17 | train acc: 0.9307, train loss: 0.62314294, valid acc: 0.9118, valid loss: 0.30260502, test acc: 0.9116, test loss: 0.30373511
[2026-06-25 23:18:38,445][root][INFO] - Epoch: 17 | train acc: 0.9186, train loss: 0.49760640, valid acc: 0.8942, valid loss: 0.35482785, test acc: 0.9014, test loss: 0.32813813
[2026-06-25 23:18:40,757][root][INFO] - reg loss: 6.842772384859481, entropy loss: 0.1897069309961121, leaf dev: 0.06566551327705383
[2026-06-25 23:18:40,758][root][INFO] - Val leaf stats: tensor([0.0000, 0.1417, 0.1403, 0.0012, 0.1515, 0.0000, 0.0000, 0.1112, 0.0000,
        0.1308, 0.1155, 0.0973, 0.0000, 0.1103, 0.0000, 0.0002])
[2026-06-25 23:18:41,966][root][INFO] - Epoch: 4 | train acc: 0.8826, train loss: 1.18956834, valid acc: 0.8750, valid loss: 0.38116935, test acc: 0.8211, test loss: 0.65341656
[2026-06-25 23:18:41,979][root][INFO] - reg loss: 6.490894223159215, entropy loss: 0.2254127560640281, leaf dev: 0.06868856400251389
[2026-06-25 23:18:41,980][root][INFO] - Val leaf stats: tensor([0.1383, 0.1372, 0.0165, 0.0067, 0.0478, 0.0000, 0.0740, 0.0152, 0.0322,
        0.0740, 0.0017, 0.0615, 0.1948, 0.1968, 0.0033, 0.0000])
[2026-06-25 23:18:45,167][root][INFO] - reg loss: 7.620144654834081, entropy loss: 0.20585227808939716, leaf dev: 0.07118352502584457
[2026-06-25 23:18:45,168][root][INFO] - Val leaf stats: tensor([0.0341, 0.2413, 0.0127, 0.1762, 0.0109, 0.0581, 0.0487, 0.0531, 0.0013,
        0.0353, 0.0349, 0.1541, 0.1116, 0.0033, 0.0229, 0.0014])
[2026-06-25 23:18:47,325][root][INFO] - Epoch: 18 | train acc: 0.9288, train loss: 0.24964021, valid acc: 0.9037, valid loss: 0.35279693, test acc: 0.9058, test loss: 0.34782432
[2026-06-25 23:18:51,587][root][INFO] - reg loss: 6.7928941429785965, entropy loss: 0.30514578408790083, leaf dev: 0.08255130797624588
[2026-06-25 23:18:51,588][root][INFO] - Val leaf stats: tensor([0.1805, 0.0858, 0.0205, 0.0000, 0.0250, 0.0607, 0.0000, 0.0015, 0.0000,
        0.0003, 0.0173, 0.0338, 0.2125, 0.2450, 0.1158, 0.0012])
[2026-06-25 23:19:01,363][root][INFO] - Epoch: 18 | train acc: 0.9151, train loss: 0.91497547, valid acc: 0.8900, valid loss: 0.36834052, test acc: 0.9028, test loss: 0.34855191
[2026-06-25 23:19:03,542][root][INFO] - Epoch: 18 | train acc: 0.9180, train loss: 0.50129619, valid acc: 0.9070, valid loss: 0.32948679, test acc: 0.9000, test loss: 0.34622117
[2026-06-25 23:19:04,998][root][INFO] - reg loss: 6.010068151186097, entropy loss: 0.15629652536140298, leaf dev: 0.08018972724676132
[2026-06-25 23:19:05,000][root][INFO] - Val leaf stats: tensor([2.6617e-01, 5.7333e-02, 2.2000e-02, 0.0000e+00, 0.0000e+00, 0.0000e+00,
        1.6733e-01, 6.5167e-02, 0.0000e+00, 7.2333e-02, 0.0000e+00, 1.6667e-04,
        1.7133e-01, 6.0500e-02, 0.0000e+00, 1.1767e-01])
[2026-06-25 23:19:07,141][root][INFO] - reg loss: 6.265676363459173, entropy loss: 0.21766140002687023, leaf dev: 0.09113049507141113
[2026-06-25 23:19:07,142][root][INFO] - Val leaf stats: tensor([0.2903, 0.0095, 0.2482, 0.0437, 0.1162, 0.0000, 0.0017, 0.1230, 0.0000,
        0.0012, 0.0008, 0.0050, 0.0115, 0.0927, 0.0173, 0.0390])
[2026-06-25 23:19:07,605][root][INFO] - Epoch: 18 | train acc: 0.9339, train loss: 0.60583513, valid acc: 0.9215, valid loss: 0.26833877, test acc: 0.9190, test loss: 0.28188224
[2026-06-25 23:19:08,471][root][INFO] - Epoch: 18 | train acc: 0.9228, train loss: 0.49428638, valid acc: 0.9020, valid loss: 0.33275005, test acc: 0.9089, test loss: 0.31362471
[2026-06-25 23:19:11,353][root][INFO] - reg loss: 6.852231605997625, entropy loss: 0.18812381982241036, leaf dev: 0.06596405059099197
[2026-06-25 23:19:11,354][root][INFO] - Val leaf stats: tensor([0.0000, 0.1367, 0.1110, 0.0015, 0.1168, 0.0000, 0.0000, 0.0852, 0.0000,
        0.1558, 0.1200, 0.1382, 0.0000, 0.1345, 0.0000, 0.0003])
[2026-06-25 23:19:12,514][root][INFO] - reg loss: 6.5563796961082605, entropy loss: 0.23136360479413337, leaf dev: 0.06385890394449234
[2026-06-25 23:19:12,515][root][INFO] - Val leaf stats: tensor([0.1395, 0.1217, 0.0167, 0.0060, 0.0262, 0.0000, 0.0577, 0.0168, 0.0362,
        0.1102, 0.0017, 0.0773, 0.1773, 0.1815, 0.0313, 0.0000])
[2026-06-25 23:19:16,645][root][INFO] - Epoch: 5 | train acc: 0.8915, train loss: 1.15307458, valid acc: 0.8792, valid loss: 0.39223785, test acc: 0.8480, test loss: 0.65413413
[2026-06-25 23:19:18,985][root][INFO] - Epoch: 19 | train acc: 0.8803, train loss: 0.38469517, valid acc: 0.7998, valid loss: 0.57894103, test acc: 0.8097, test loss: 0.55033123
[2026-06-25 23:19:19,917][root][INFO] - reg loss: 7.642386262378995, entropy loss: 0.20268351564962397, leaf dev: 0.06543143838644028
[2026-06-25 23:19:19,918][root][INFO] - Val leaf stats: tensor([0.0352, 0.2233, 0.0152, 0.1627, 0.0110, 0.0586, 0.0621, 0.0524, 0.0019,
        0.0288, 0.0226, 0.1340, 0.1242, 0.0032, 0.0634, 0.0014])
[2026-06-25 23:19:23,208][root][INFO] - reg loss: 6.62480705189255, entropy loss: 0.2885730885109811, leaf dev: 0.11510994285345078
[2026-06-25 23:19:23,209][root][INFO] - Val leaf stats: tensor([0.4377, 0.1913, 0.1302, 0.0007, 0.0823, 0.0892, 0.0000, 0.0170, 0.0000,
        0.0000, 0.0000, 0.0048, 0.0312, 0.0052, 0.0105, 0.0000])
[2026-06-25 23:19:31,376][root][INFO] - Epoch: 19 | train acc: 0.9250, train loss: 0.85230184, valid acc: 0.8993, valid loss: 0.33970643, test acc: 0.9101, test loss: 0.31359333
[2026-06-25 23:19:33,359][root][INFO] - Epoch: 19 | train acc: 0.9227, train loss: 0.48670764, valid acc: 0.9105, valid loss: 0.31591667, test acc: 0.9074, test loss: 0.31734893
[2026-06-25 23:19:35,210][root][INFO] - reg loss: 5.868359709685704, entropy loss: 0.14839723284514444, leaf dev: 0.07817704975605011
[2026-06-25 23:19:35,211][root][INFO] - Val leaf stats: tensor([2.2233e-01, 4.2000e-02, 3.7333e-02, 0.0000e+00, 0.0000e+00, 0.0000e+00,
        1.6683e-01, 5.4667e-02, 0.0000e+00, 6.7000e-02, 0.0000e+00, 1.6667e-04,
        2.1883e-01, 8.6000e-02, 0.0000e+00, 1.0483e-01])
[2026-06-25 23:19:36,847][root][INFO] - reg loss: 6.28460105410162, entropy loss: 0.2214091640879523, leaf dev: 0.08813218027353287
[2026-06-25 23:19:36,848][root][INFO] - Val leaf stats: tensor([0.2640, 0.0140, 0.2605, 0.0592, 0.1073, 0.0000, 0.0020, 0.1105, 0.0000,
        0.0012, 0.0012, 0.0058, 0.0113, 0.1103, 0.0142, 0.0385])
[2026-06-25 23:19:39,730][root][INFO] - Epoch: 19 | train acc: 0.9290, train loss: 0.47863939, valid acc: 0.9017, valid loss: 0.34256415, test acc: 0.9093, test loss: 0.31229745
[2026-06-25 23:19:40,186][root][INFO] - Epoch: 19 | train acc: 0.9369, train loss: 0.58737226, valid acc: 0.9182, valid loss: 0.28977860, test acc: 0.9168, test loss: 0.28723648
[2026-06-25 23:19:43,286][root][INFO] - reg loss: 6.5734297554447965, entropy loss: 0.23741974049019363, leaf dev: 0.06536294519901276
[2026-06-25 23:19:43,287][root][INFO] - Val leaf stats: tensor([0.1595, 0.0935, 0.0195, 0.0067, 0.0203, 0.0000, 0.0518, 0.0135, 0.0358,
        0.1637, 0.0012, 0.0862, 0.1475, 0.1755, 0.0253, 0.0000])
[2026-06-25 23:19:44,092][root][INFO] - reg loss: 6.7417455844159395, entropy loss: 0.18464536107373689, leaf dev: 0.06715934723615646
[2026-06-25 23:19:44,093][root][INFO] - Val leaf stats: tensor([0.0000, 0.0777, 0.1373, 0.0027, 0.1143, 0.0000, 0.0000, 0.0857, 0.0000,
        0.1465, 0.1358, 0.1538, 0.0000, 0.1458, 0.0000, 0.0003])
[2026-06-25 23:19:50,223][root][INFO] - Epoch: 20 | train acc: 0.8867, train loss: 0.37787349, valid acc: 0.8785, valid loss: 0.40828966, test acc: 0.8842, test loss: 0.38905959
[2026-06-25 23:19:52,584][root][INFO] - Epoch: 6 | train acc: 0.8437, train loss: 1.18676237, valid acc: 0.7945, valid loss: 0.54782938, test acc: 0.8108, test loss: 0.63191695
[2026-06-25 23:19:53,618][root][INFO] - reg loss: 6.512689842368072, entropy loss: 0.27532421361725284, leaf dev: 0.09232905507087708
[2026-06-25 23:19:53,620][root][INFO] - Val leaf stats: tensor([0.3328, 0.1070, 0.0662, 0.0003, 0.1883, 0.1320, 0.0000, 0.0025, 0.0000,
        0.0000, 0.0003, 0.0128, 0.0923, 0.0372, 0.0282, 0.0000])
[2026-06-25 23:19:54,786][root][INFO] - reg loss: 7.1051116166291415, entropy loss: 0.18987604510531855, leaf dev: 0.0624518096446991
[2026-06-25 23:19:54,787][root][INFO] - Val leaf stats: tensor([0.0199, 0.0342, 0.0103, 0.1413, 0.0118, 0.0588, 0.2041, 0.1089, 0.0009,
        0.0443, 0.0432, 0.1560, 0.1032, 0.0031, 0.0588, 0.0013])
[2026-06-25 23:20:02,374][root][INFO] - Epoch: 20 | train acc: 0.9300, train loss: 0.81651308, valid acc: 0.8983, valid loss: 0.33900680, test acc: 0.9121, test loss: 0.31006662
[2026-06-25 23:20:02,689][root][INFO] - Epoch: 20 | train acc: 0.9256, train loss: 0.48118751, valid acc: 0.9072, valid loss: 0.32492989, test acc: 0.9078, test loss: 0.32001391
[2026-06-25 23:20:06,157][root][INFO] - reg loss: 5.783565255830872, entropy loss: 0.14414209956830404, leaf dev: 0.07827605307102203
[2026-06-25 23:20:06,158][root][INFO] - Val leaf stats: tensor([0.2442, 0.0523, 0.0585, 0.0000, 0.0000, 0.0000, 0.1912, 0.0677, 0.0000,
        0.0517, 0.0000, 0.0000, 0.1813, 0.0660, 0.0000, 0.0872])
[2026-06-25 23:20:06,244][root][INFO] - reg loss: 6.310885528348527, entropy loss: 0.22117374331321357, leaf dev: 0.08894132077693939
[2026-06-25 23:20:06,245][root][INFO] - Val leaf stats: tensor([0.2968, 0.0208, 0.2223, 0.0237, 0.1087, 0.0000, 0.0028, 0.1363, 0.0000,
        0.0015, 0.0012, 0.0063, 0.0107, 0.0903, 0.0190, 0.0595])
[2026-06-25 23:20:10,961][root][INFO] - Epoch: 20 | train acc: 0.9304, train loss: 0.47541227, valid acc: 0.8980, valid loss: 0.36058264, test acc: 0.9089, test loss: 0.31509476
[2026-06-25 23:20:11,749][root][INFO] - Epoch: 20 | train acc: 0.9378, train loss: 0.57613685, valid acc: 0.9045, valid loss: 0.35036795, test acc: 0.8990, test loss: 0.37002535
[2026-06-25 23:20:14,207][root][INFO] - reg loss: 6.548272492750636, entropy loss: 0.23520854396640128, leaf dev: 0.061500076204538345
[2026-06-25 23:20:14,208][root][INFO] - Val leaf stats: tensor([0.1680, 0.0997, 0.0290, 0.0097, 0.0222, 0.0000, 0.0697, 0.0167, 0.0550,
        0.1532, 0.0020, 0.0800, 0.0710, 0.1878, 0.0362, 0.0000])
[2026-06-25 23:20:15,245][root][INFO] - reg loss: 6.709813869224404, entropy loss: 0.1805736965165948, leaf dev: 0.08467075228691101
[2026-06-25 23:20:15,246][root][INFO] - Val leaf stats: tensor([0.0000, 0.1002, 0.0842, 0.0033, 0.1002, 0.0000, 0.0000, 0.0715, 0.0000,
        0.3110, 0.0590, 0.1120, 0.0000, 0.1582, 0.0000, 0.0005])
[2026-06-25 23:20:19,669][root][INFO] - Epoch: 21 | train acc: 0.9126, train loss: 0.29601563, valid acc: 0.8990, valid loss: 0.35234697, test acc: 0.9027, test loss: 0.33946513
[2026-06-25 23:20:23,416][root][INFO] - reg loss: 6.525878631843711, entropy loss: 0.2741100290473902, leaf dev: 0.07937566190958023
[2026-06-25 23:20:23,417][root][INFO] - Val leaf stats: tensor([0.2550, 0.1088, 0.0507, 0.0005, 0.1718, 0.1630, 0.0000, 0.0030, 0.0000,
        0.0000, 0.0015, 0.0157, 0.1230, 0.0670, 0.0400, 0.0000])
[2026-06-25 23:20:26,597][root][INFO] - Epoch: 7 | train acc: 0.8802, train loss: 1.14454836, valid acc: 0.8559, valid loss: 0.46280509, test acc: 0.8661, test loss: 1.18579325
[2026-06-25 23:20:29,651][root][INFO] - reg loss: 6.797744897307542, entropy loss: 0.18902487674402813, leaf dev: 0.08336637914180756
[2026-06-25 23:20:29,652][root][INFO] - Val leaf stats: tensor([0.0053, 0.0113, 0.0106, 0.0722, 0.0006, 0.0007, 0.2964, 0.0386, 0.0014,
        0.0476, 0.0496, 0.1514, 0.1914, 0.0719, 0.0499, 0.0012])
[2026-06-25 23:20:33,192][root][INFO] - Epoch: 21 | train acc: 0.9267, train loss: 0.47456009, valid acc: 0.9005, valid loss: 0.32876402, test acc: 0.8953, test loss: 0.34441118
[2026-06-25 23:20:33,445][root][INFO] - Epoch: 21 | train acc: 0.9161, train loss: 0.83947550, valid acc: 0.9033, valid loss: 0.33139558, test acc: 0.9158, test loss: 0.29596395
[2026-06-25 23:20:36,893][root][INFO] - reg loss: 6.295571736569674, entropy loss: 0.22218327870908774, leaf dev: 0.09054069966077805
[2026-06-25 23:20:36,894][root][INFO] - Val leaf stats: tensor([0.3145, 0.0252, 0.2045, 0.0048, 0.1120, 0.0000, 0.0023, 0.1297, 0.0000,
        0.0015, 0.0012, 0.0075, 0.0135, 0.1020, 0.0212, 0.0602])
[2026-06-25 23:20:36,904][root][INFO] - reg loss: 5.766251653995154, entropy loss: 0.1391981082423678, leaf dev: 0.07699708640575409
[2026-06-25 23:20:36,905][root][INFO] - Val leaf stats: tensor([0.2330, 0.0647, 0.0602, 0.0000, 0.0000, 0.0000, 0.1593, 0.0483, 0.0000,
        0.0487, 0.0000, 0.0000, 0.2085, 0.0837, 0.0000, 0.0937])
[2026-06-25 23:20:41,298][root][INFO] - Epoch: 21 | train acc: 0.9344, train loss: 0.46454147, valid acc: 0.9080, valid loss: 0.33980486, test acc: 0.9117, test loss: 0.32774701
[2026-06-25 23:20:43,043][root][INFO] - Epoch: 21 | train acc: 0.9234, train loss: 0.62639159, valid acc: 0.9178, valid loss: 0.29333943, test acc: 0.9126, test loss: 0.30700352
[2026-06-25 23:20:45,115][root][INFO] - reg loss: 6.5725427888474375, entropy loss: 0.23453389164411798, leaf dev: 0.052421439439058304
[2026-06-25 23:20:45,116][root][INFO] - Val leaf stats: tensor([0.1703, 0.0958, 0.0313, 0.0103, 0.0378, 0.0000, 0.0648, 0.0175, 0.0440,
        0.1168, 0.0030, 0.0762, 0.0953, 0.1172, 0.1195, 0.0000])
[2026-06-25 23:20:46,225][root][INFO] - reg loss: 6.527297888162001, entropy loss: 0.18121465885976576, leaf dev: 0.07674862444400787
[2026-06-25 23:20:46,226][root][INFO] - Val leaf stats: tensor([0.0000, 0.0930, 0.0925, 0.0052, 0.1432, 0.0000, 0.0000, 0.1063, 0.0000,
        0.2615, 0.0645, 0.0850, 0.0000, 0.1485, 0.0000, 0.0003])
[2026-06-25 23:20:48,766][root][INFO] - Epoch: 22 | train acc: 0.8849, train loss: 0.39139814, valid acc: 0.8742, valid loss: 0.41385626, test acc: 0.8764, test loss: 0.40461189
[2026-06-25 23:20:52,810][root][INFO] - reg loss: 6.437036752700806, entropy loss: 0.27921386147445104, leaf dev: 0.08011836558580399
[2026-06-25 23:20:52,812][root][INFO] - Val leaf stats: tensor([2.5817e-01, 1.1200e-01, 1.8500e-02, 1.9500e-02, 1.5000e-01, 1.9083e-01,
        0.0000e+00, 5.6667e-03, 0.0000e+00, 0.0000e+00, 2.0000e-03, 1.7667e-02,
        8.8333e-02, 3.4000e-02, 1.0317e-01, 1.6667e-04])
[2026-06-25 23:20:59,165][root][INFO] - Epoch: 8 | train acc: 0.8844, train loss: 1.04797526, valid acc: 0.8800, valid loss: 0.38077381, test acc: 0.8750, test loss: 1.43955997
[2026-06-25 23:21:02,535][root][INFO] - reg loss: 6.093906962682331, entropy loss: 0.16685005139421533, leaf dev: 0.06989850103855133
[2026-06-25 23:21:02,536][root][INFO] - Val leaf stats: tensor([0.0021, 0.0064, 0.0140, 0.0648, 0.0010, 0.0000, 0.1412, 0.0090, 0.0017,
        0.0597, 0.1773, 0.1555, 0.1884, 0.0708, 0.1081, 0.0003])
[2026-06-25 23:21:04,038][root][INFO] - Epoch: 22 | train acc: 0.9297, train loss: 0.46225299, valid acc: 0.9140, valid loss: 0.30573199, test acc: 0.9121, test loss: 0.31024842
[2026-06-25 23:21:04,040][root][INFO] - Epoch: 22 | train acc: 0.9293, train loss: 0.80097854, valid acc: 0.8992, valid loss: 0.34259261, test acc: 0.9130, test loss: 0.30807570
[2026-06-25 23:21:07,534][root][INFO] - reg loss: 6.216824689001407, entropy loss: 0.22148614503302663, leaf dev: 0.08690612018108368
[2026-06-25 23:21:07,535][root][INFO] - Val leaf stats: tensor([0.2105, 0.0415, 0.3128, 0.0532, 0.0757, 0.0000, 0.0010, 0.0782, 0.0000,
        0.0017, 0.0015, 0.0085, 0.0183, 0.1100, 0.0222, 0.0650])
[2026-06-25 23:21:07,863][root][INFO] - reg loss: 5.731958533233067, entropy loss: 0.1394947978123179, leaf dev: 0.07053866982460022
[2026-06-25 23:21:07,864][root][INFO] - Val leaf stats: tensor([0.2140, 0.1032, 0.0733, 0.0000, 0.0000, 0.0000, 0.1550, 0.0615, 0.0000,
        0.0547, 0.0000, 0.0000, 0.1772, 0.0720, 0.0000, 0.0892])
[2026-06-25 23:21:12,332][root][INFO] - Epoch: 22 | train acc: 0.9386, train loss: 0.44978169, valid acc: 0.9068, valid loss: 0.32617645, test acc: 0.9188, test loss: 0.29346835
[2026-06-25 23:21:13,193][root][INFO] - Epoch: 22 | train acc: 0.9348, train loss: 0.58169394, valid acc: 0.9272, valid loss: 0.26353179, test acc: 0.9247, test loss: 0.27575472
[2026-06-25 23:21:16,288][root][INFO] - reg loss: 6.5710016916382985, entropy loss: 0.2360813079296418, leaf dev: 0.05306917056441307
[2026-06-25 23:21:16,289][root][INFO] - Val leaf stats: tensor([0.1652, 0.1000, 0.0377, 0.0133, 0.0768, 0.0000, 0.0333, 0.0155, 0.0553,
        0.1132, 0.0055, 0.0883, 0.1118, 0.1443, 0.0397, 0.0000])
[2026-06-25 23:21:16,856][root][INFO] - reg loss: 6.592206981946838, entropy loss: 0.17886537552442192, leaf dev: 0.06659835577011108
[2026-06-25 23:21:16,856][root][INFO] - Val leaf stats: tensor([0.0000, 0.0938, 0.1062, 0.0048, 0.1325, 0.0000, 0.0000, 0.0945, 0.0000,
        0.1707, 0.1118, 0.1355, 0.0000, 0.1498, 0.0000, 0.0003])
[2026-06-25 23:21:18,679][root][INFO] - Epoch: 23 | train acc: 0.9175, train loss: 0.28499539, valid acc: 0.9048, valid loss: 0.34060147, test acc: 0.9058, test loss: 0.33748696
[2026-06-25 23:21:22,633][root][INFO] - reg loss: 6.333427397709973, entropy loss: 0.2721139887031519, leaf dev: 0.08306151628494263
[2026-06-25 23:21:22,634][root][INFO] - Val leaf stats: tensor([0.0955, 0.0523, 0.0087, 0.0017, 0.0458, 0.0982, 0.0000, 0.0028, 0.0007,
        0.0005, 0.0222, 0.0303, 0.2532, 0.2240, 0.1632, 0.0010])
[2026-06-25 23:21:33,013][root][INFO] - Epoch: 9 | train acc: 0.8985, train loss: 1.00036011, valid acc: 0.8963, valid loss: 0.35016903, test acc: 0.8800, test loss: 1.59610619
[2026-06-25 23:21:34,774][root][INFO] - Epoch: 23 | train acc: 0.9298, train loss: 0.79173848, valid acc: 0.9080, valid loss: 0.31495681, test acc: 0.9176, test loss: 0.28661870
[2026-06-25 23:21:35,043][root][INFO] - reg loss: 6.175450799326417, entropy loss: 0.16693741067376716, leaf dev: 0.06062633544206619
[2026-06-25 23:21:35,044][root][INFO] - Val leaf stats: tensor([0.0130, 0.0580, 0.0395, 0.0700, 0.0005, 0.0000, 0.1674, 0.0271, 0.0022,
        0.0634, 0.0562, 0.1473, 0.1904, 0.0709, 0.0933, 0.0007])
[2026-06-25 23:21:36,452][root][INFO] - Epoch: 23 | train acc: 0.9329, train loss: 0.45614706, valid acc: 0.9175, valid loss: 0.29477393, test acc: 0.9122, test loss: 0.30488626
[2026-06-25 23:21:38,490][root][INFO] - reg loss: 5.711672360042356, entropy loss: 0.13785478514882754, leaf dev: 0.07842028141021729
[2026-06-25 23:21:38,491][root][INFO] - Val leaf stats: tensor([0.2178, 0.0632, 0.0662, 0.0000, 0.0000, 0.0000, 0.1767, 0.0635, 0.0000,
        0.0387, 0.0000, 0.0000, 0.2247, 0.0570, 0.0003, 0.0920])
[2026-06-25 23:21:39,819][root][INFO] - reg loss: 6.2131574198884785, entropy loss: 0.22083411323574353, leaf dev: 0.07608523219823837
[2026-06-25 23:21:39,820][root][INFO] - Val leaf stats: tensor([0.2037, 0.0503, 0.2367, 0.0252, 0.1168, 0.0000, 0.0018, 0.1313, 0.0000,
        0.0022, 0.0018, 0.0103, 0.0288, 0.1170, 0.0228, 0.0512])
[2026-06-25 23:21:43,009][root][INFO] - Epoch: 23 | train acc: 0.9379, train loss: 0.56320502, valid acc: 0.9113, valid loss: 0.31434837, test acc: 0.9128, test loss: 0.30985192
[2026-06-25 23:21:43,397][root][INFO] - Epoch: 23 | train acc: 0.9297, train loss: 0.47203303, valid acc: 0.8943, valid loss: 0.36741584, test acc: 0.9037, test loss: 0.33364766
[2026-06-25 23:21:46,409][root][INFO] - reg loss: 6.669639043088229, entropy loss: 0.17175010380879888, leaf dev: 0.0666290745139122
[2026-06-25 23:21:46,410][root][INFO] - Val leaf stats: tensor([0.0000, 0.1453, 0.1633, 0.0080, 0.1417, 0.0000, 0.0000, 0.0998, 0.0000,
        0.1278, 0.1008, 0.0742, 0.0002, 0.1385, 0.0000, 0.0003])
[2026-06-25 23:21:47,205][root][INFO] - reg loss: 6.5511886308778005, entropy loss: 0.22839543616996622, leaf dev: 0.056696366518735886
[2026-06-25 23:21:47,206][root][INFO] - Val leaf stats: tensor([0.1365, 0.1462, 0.0498, 0.0187, 0.0540, 0.0000, 0.0500, 0.0250, 0.0490,
        0.1372, 0.0107, 0.0642, 0.0073, 0.1743, 0.0772, 0.0000])
[2026-06-25 23:21:48,673][root][INFO] - Epoch: 24 | train acc: 0.9270, train loss: 0.25519797, valid acc: 0.9113, valid loss: 0.32513772, test acc: 0.9106, test loss: 0.32307482
[2026-06-25 23:21:52,816][root][INFO] - reg loss: 6.181306933456996, entropy loss: 0.27030431633850316, leaf dev: 0.08679228276014328
[2026-06-25 23:21:52,817][root][INFO] - Val leaf stats: tensor([1.2717e-01, 7.0333e-02, 1.3000e-02, 6.6667e-04, 3.4167e-02, 7.9167e-02,
        0.0000e+00, 3.0000e-03, 1.6667e-04, 3.3333e-04, 6.1667e-03, 1.7667e-02,
        2.5867e-01, 2.3833e-01, 1.5067e-01, 5.0000e-04])
[2026-06-25 23:22:05,602][root][INFO] - Epoch: 24 | train acc: 0.9294, train loss: 0.75093218, valid acc: 0.8855, valid loss: 0.37558966, test acc: 0.8956, test loss: 0.34323501
[2026-06-25 23:22:06,326][root][INFO] - Epoch: 10 | train acc: 0.9121, train loss: 0.94907040, valid acc: 0.9070, valid loss: 0.30917447, test acc: 0.8866, test loss: 1.75626901
[2026-06-25 23:22:07,509][root][INFO] - Epoch: 24 | train acc: 0.9351, train loss: 0.45253312, valid acc: 0.9222, valid loss: 0.28575169, test acc: 0.9179, test loss: 0.28454508
[2026-06-25 23:22:09,092][root][INFO] - reg loss: 5.612618860208763, entropy loss: 0.12793174625005363, leaf dev: 0.08453090488910675
[2026-06-25 23:22:09,093][root][INFO] - Val leaf stats: tensor([2.9500e-01, 8.1500e-02, 6.1667e-02, 0.0000e+00, 0.0000e+00, 0.0000e+00,
        2.0300e-01, 9.1333e-02, 0.0000e+00, 3.2667e-02, 0.0000e+00, 0.0000e+00,
        1.2033e-01, 4.0167e-02, 1.6667e-04, 7.4167e-02])
[2026-06-25 23:22:09,228][root][INFO] - reg loss: 6.4468978775872126, entropy loss: 0.16433408304497046, leaf dev: 0.056606724858284
[2026-06-25 23:22:09,229][root][INFO] - Val leaf stats: tensor([0.0221, 0.1037, 0.0180, 0.1008, 0.0003, 0.0004, 0.1470, 0.0328, 0.0023,
        0.0528, 0.0682, 0.1167, 0.1835, 0.0709, 0.0800, 0.0006])
[2026-06-25 23:22:11,244][root][INFO] - reg loss: 6.243329916360243, entropy loss: 0.22668932912484654, leaf dev: 0.07844734191894531
[2026-06-25 23:22:11,245][root][INFO] - Val leaf stats: tensor([0.1810, 0.0635, 0.2778, 0.0422, 0.0912, 0.0000, 0.0025, 0.0985, 0.0000,
        0.0023, 0.0022, 0.0117, 0.0107, 0.1253, 0.0243, 0.0668])
[2026-06-25 23:22:12,661][root][INFO] - Epoch: 24 | train acc: 0.9188, train loss: 0.59299837, valid acc: 0.8967, valid loss: 0.35901836, test acc: 0.8942, test loss: 0.38204269
[2026-06-25 23:22:13,795][root][INFO] - Epoch: 24 | train acc: 0.9218, train loss: 0.48198842, valid acc: 0.9017, valid loss: 0.35541999, test acc: 0.9131, test loss: 0.30990017
[2026-06-25 23:22:16,370][root][INFO] - reg loss: 5.921411878657791, entropy loss: 0.15600001938500493, leaf dev: 0.1138705238699913
[2026-06-25 23:22:16,372][root][INFO] - Val leaf stats: tensor([0.0000, 0.0070, 0.0005, 0.0000, 0.0025, 0.0000, 0.0000, 0.0035, 0.0000,
        0.2303, 0.1487, 0.2960, 0.0030, 0.3068, 0.0000, 0.0017])
[2026-06-25 23:22:17,252][root][INFO] - reg loss: 6.3093703827768, entropy loss: 0.20147503645352596, leaf dev: 0.06065879017114639
[2026-06-25 23:22:17,253][root][INFO] - Val leaf stats: tensor([0.1372, 0.1048, 0.1035, 0.0345, 0.0635, 0.0000, 0.0275, 0.0448, 0.0520,
        0.1347, 0.0083, 0.0700, 0.0107, 0.2080, 0.0005, 0.0000])
[2026-06-25 23:22:18,469][root][INFO] - Epoch: 25 | train acc: 0.9313, train loss: 0.24265342, valid acc: 0.8782, valid loss: 0.43577339, test acc: 0.8780, test loss: 0.43533263
[2026-06-25 23:22:22,185][root][INFO] - reg loss: 6.0707982216241225, entropy loss: 0.2617422162361865, leaf dev: 0.09320461750030518
[2026-06-25 23:22:22,186][root][INFO] - Val leaf stats: tensor([1.2267e-01, 6.0667e-02, 1.3000e-02, 6.6667e-04, 3.5333e-02, 8.2667e-02,
        0.0000e+00, 2.6667e-03, 1.6667e-04, 3.3333e-04, 7.1667e-03, 2.0500e-02,
        1.4833e-01, 1.6417e-01, 3.4117e-01, 5.0000e-04])
[2026-06-25 23:22:35,264][root][INFO] - Epoch: 25 | train acc: 0.9295, train loss: 0.73857946, valid acc: 0.9115, valid loss: 0.30656446, test acc: 0.9182, test loss: 0.27851100
[2026-06-25 23:22:38,613][root][INFO] - Epoch: 25 | train acc: 0.9224, train loss: 0.47701075, valid acc: 0.9072, valid loss: 0.32129685, test acc: 0.9052, test loss: 0.32242748
[2026-06-25 23:22:38,788][root][INFO] - reg loss: 5.56304000008781, entropy loss: 0.12308502886092888, leaf dev: 0.08234552294015884
[2026-06-25 23:22:38,789][root][INFO] - Val leaf stats: tensor([0.2252, 0.0650, 0.0653, 0.0000, 0.0000, 0.0000, 0.1713, 0.0775, 0.0000,
        0.0077, 0.0000, 0.0000, 0.2412, 0.0537, 0.0007, 0.0925])
[2026-06-25 23:22:41,265][root][INFO] - Epoch: 11 | train acc: 0.9237, train loss: 0.91149444, valid acc: 0.9140, valid loss: 0.27684019, test acc: 0.8977, test loss: 1.83988352
[2026-06-25 23:22:42,734][root][INFO] - reg loss: 6.07033673772272, entropy loss: 0.21385589213866107, leaf dev: 0.09145303815603256
[2026-06-25 23:22:42,735][root][INFO] - Val leaf stats: tensor([1.8533e-01, 7.2333e-02, 3.3650e-01, 5.1167e-02, 7.8000e-02, 0.0000e+00,
        3.3333e-04, 5.9667e-02, 0.0000e+00, 1.8333e-03, 2.0000e-03, 1.1333e-02,
        1.7667e-02, 1.4733e-01, 1.2833e-02, 2.3667e-02])
[2026-06-25 23:22:43,895][root][INFO] - Epoch: 25 | train acc: 0.8918, train loss: 0.66350140, valid acc: 0.9000, valid loss: 0.34500003, test acc: 0.9018, test loss: 0.34298093
[2026-06-25 23:22:44,042][root][INFO] - reg loss: 6.523453470260378, entropy loss: 0.16379002714283253, leaf dev: 0.057358965277671814
[2026-06-25 23:22:44,043][root][INFO] - Val leaf stats: tensor([0.0162, 0.0833, 0.0230, 0.1019, 0.0005, 0.0004, 0.1192, 0.0333, 0.0025,
        0.0771, 0.0634, 0.1380, 0.1982, 0.0719, 0.0704, 0.0007])
[2026-06-25 23:22:44,464][root][INFO] - Epoch: 25 | train acc: 0.9326, train loss: 0.43334813, valid acc: 0.9157, valid loss: 0.31711521, test acc: 0.9216, test loss: 0.28982355
[2026-06-25 23:22:47,647][root][INFO] - reg loss: 5.486313545478965, entropy loss: 0.14938570783948, leaf dev: 0.11271782219409943
[2026-06-25 23:22:47,648][root][INFO] - Val leaf stats: tensor([0.0000e+00, 1.0000e-02, 6.6667e-04, 1.6667e-04, 3.1667e-03, 0.0000e+00,
        0.0000e+00, 4.5000e-03, 0.0000e+00, 2.3700e-01, 1.4433e-01, 2.5900e-01,
        3.1667e-03, 3.2983e-01, 0.0000e+00, 8.1667e-03])
[2026-06-25 23:22:47,784][root][INFO] - reg loss: 6.202045278729133, entropy loss: 0.19718387793257552, leaf dev: 0.06474880129098892
[2026-06-25 23:22:47,785][root][INFO] - Val leaf stats: tensor([1.3083e-01, 7.6000e-02, 1.0117e-01, 1.0333e-02, 3.9833e-02, 0.0000e+00,
        4.9167e-02, 2.1667e-02, 7.0000e-02, 1.9267e-01, 1.2333e-02, 1.0150e-01,
        6.8333e-03, 1.8750e-01, 1.6667e-04, 0.0000e+00])
[2026-06-25 23:22:48,128][root][INFO] - Epoch: 26 | train acc: 0.9215, train loss: 0.27101589, valid acc: 0.9133, valid loss: 0.31222413, test acc: 0.9119, test loss: 0.31048586
[2026-06-25 23:22:52,376][root][INFO] - reg loss: 6.050390702373576, entropy loss: 0.25947594558292963, leaf dev: 0.07909127324819565
[2026-06-25 23:22:52,377][root][INFO] - Val leaf stats: tensor([2.0750e-01, 6.6500e-02, 1.6500e-02, 8.3333e-04, 6.1500e-02, 9.6667e-02,
        0.0000e+00, 3.6667e-03, 0.0000e+00, 3.3333e-04, 6.1667e-03, 2.2500e-02,
        2.0100e-01, 2.0500e-01, 1.1167e-01, 1.6667e-04])
[2026-06-25 23:23:06,653][root][INFO] - Epoch: 26 | train acc: 0.9351, train loss: 0.72062432, valid acc: 0.8978, valid loss: 0.37015620, test acc: 0.9113, test loss: 0.33239447
[2026-06-25 23:23:08,067][root][INFO] - Epoch: 26 | train acc: 0.9307, train loss: 0.44856050, valid acc: 0.9167, valid loss: 0.29174602, test acc: 0.9135, test loss: 0.30114848
[2026-06-25 23:23:10,267][root][INFO] - reg loss: 5.484160234343331, entropy loss: 0.12360729424739783, leaf dev: 0.08823424577713013
[2026-06-25 23:23:10,268][root][INFO] - Val leaf stats: tensor([0.2795, 0.0950, 0.0580, 0.0000, 0.0000, 0.0000, 0.0830, 0.0637, 0.0000,
        0.0103, 0.0000, 0.0000, 0.2548, 0.0575, 0.0008, 0.0973])
[2026-06-25 23:23:11,567][root][INFO] - reg loss: 5.918891789778224, entropy loss: 0.20971956820982807, leaf dev: 0.08783979713916779
[2026-06-25 23:23:11,568][root][INFO] - Val leaf stats: tensor([0.2173, 0.0833, 0.3025, 0.0308, 0.0865, 0.0000, 0.0005, 0.0805, 0.0000,
        0.0013, 0.0020, 0.0117, 0.0088, 0.1272, 0.0160, 0.0315])
[2026-06-25 23:23:13,391][root][INFO] - Epoch: 12 | train acc: 0.9080, train loss: 0.93580910, valid acc: 0.8852, valid loss: 0.38368374, test acc: 0.8799, test loss: 0.52428730
[2026-06-25 23:23:14,002][root][INFO] - Epoch: 26 | train acc: 0.9194, train loss: 0.56939864, valid acc: 0.9103, valid loss: 0.32073234, test acc: 0.9119, test loss: 0.31647735
[2026-06-25 23:23:14,804][root][INFO] - Epoch: 26 | train acc: 0.9354, train loss: 0.41861990, valid acc: 0.9158, valid loss: 0.30992011, test acc: 0.9193, test loss: 0.29853988
[2026-06-25 23:23:16,796][root][INFO] - reg loss: 6.229842506388508, entropy loss: 0.15675476721670262, leaf dev: 0.0658838301897049
[2026-06-25 23:23:16,797][root][INFO] - Val leaf stats: tensor([0.0480, 0.1136, 0.0241, 0.1234, 0.0010, 0.0695, 0.2464, 0.0546, 0.0017,
        0.0365, 0.0512, 0.1328, 0.0149, 0.0012, 0.0793, 0.0019])
[2026-06-25 23:23:18,074][root][INFO] - reg loss: 5.401444466608875, entropy loss: 0.14614286428352571, leaf dev: 0.11314518749713898
[2026-06-25 23:23:18,076][root][INFO] - Val leaf stats: tensor([0.0000e+00, 1.4167e-02, 1.0000e-03, 1.6667e-04, 5.0000e-03, 0.0000e+00,
        0.0000e+00, 5.8333e-03, 0.0000e+00, 2.3650e-01, 1.2717e-01, 2.8350e-01,
        4.3333e-03, 3.1900e-01, 0.0000e+00, 3.3333e-03])
[2026-06-25 23:23:18,576][root][INFO] - reg loss: 6.04214638584065, entropy loss: 0.18959590989463734, leaf dev: 0.06494809687137604
[2026-06-25 23:23:18,577][root][INFO] - Val leaf stats: tensor([1.3417e-01, 8.5667e-02, 9.8000e-02, 9.3333e-03, 7.2333e-02, 1.0000e-03,
        1.9833e-02, 1.3833e-02, 6.3333e-02, 1.9450e-01, 1.3333e-02, 1.1233e-01,
        8.3333e-03, 1.7383e-01, 1.6667e-04, 0.0000e+00])
[2026-06-25 23:23:19,193][root][INFO] - Epoch: 27 | train acc: 0.9313, train loss: 0.23618591, valid acc: 0.9083, valid loss: 0.32044897, test acc: 0.9087, test loss: 0.31794023
[2026-06-25 23:23:23,382][root][INFO] - reg loss: 6.09182896704044, entropy loss: 0.2576410821023977, leaf dev: 0.0742611289024353
[2026-06-25 23:23:23,383][root][INFO] - Val leaf stats: tensor([1.3567e-01, 9.0500e-02, 1.5500e-02, 8.3333e-04, 9.3000e-02, 1.0500e-01,
        0.0000e+00, 4.8333e-03, 1.6667e-04, 3.3333e-04, 6.8333e-03, 2.6667e-02,
        2.1450e-01, 2.0350e-01, 1.0250e-01, 1.6667e-04])
[2026-06-25 23:23:36,710][root][INFO] - Epoch: 27 | train acc: 0.9350, train loss: 0.69986742, valid acc: 0.9102, valid loss: 0.30668165, test acc: 0.9221, test loss: 0.28117069
[2026-06-25 23:23:39,126][root][INFO] - Epoch: 27 | train acc: 0.9368, train loss: 0.43328619, valid acc: 0.9210, valid loss: 0.28367568, test acc: 0.9194, test loss: 0.28891246
[2026-06-25 23:23:40,437][root][INFO] - reg loss: 5.425797111583206, entropy loss: 0.11774499292643566, leaf dev: 0.08258017152547836
[2026-06-25 23:23:40,438][root][INFO] - Val leaf stats: tensor([0.2373, 0.0758, 0.0607, 0.0000, 0.0000, 0.0000, 0.1398, 0.0635, 0.0000,
        0.0158, 0.0000, 0.0000, 0.2490, 0.0588, 0.0005, 0.0987])
[2026-06-25 23:23:43,048][root][INFO] - reg loss: 5.946693753296474, entropy loss: 0.21294816864548988, leaf dev: 0.08375117182731628
[2026-06-25 23:23:43,049][root][INFO] - Val leaf stats: tensor([0.1780, 0.0758, 0.3072, 0.0488, 0.0968, 0.0000, 0.0018, 0.1045, 0.0000,
        0.0012, 0.0022, 0.0128, 0.0128, 0.1072, 0.0173, 0.0335])
[2026-06-25 23:23:44,725][root][INFO] - Epoch: 27 | train acc: 0.9258, train loss: 0.55351080, valid acc: 0.9150, valid loss: 0.31031471, test acc: 0.9132, test loss: 0.30345650
[2026-06-25 23:23:44,855][root][INFO] - Epoch: 27 | train acc: 0.9401, train loss: 0.39940890, valid acc: 0.9195, valid loss: 0.29969371, test acc: 0.9268, test loss: 0.27927155
[2026-06-25 23:23:47,766][root][INFO] - Epoch: 13 | train acc: 0.9037, train loss: 0.89013900, valid acc: 0.8859, valid loss: 0.37097665, test acc: 0.8746, test loss: 0.55960497
[2026-06-25 23:23:48,274][root][INFO] - reg loss: 5.458336749166812, entropy loss: 0.1482452613846311, leaf dev: 0.10451510548591614
[2026-06-25 23:23:48,276][root][INFO] - Val leaf stats: tensor([0.0000, 0.0303, 0.0090, 0.0003, 0.0217, 0.0000, 0.0000, 0.0148, 0.0000,
        0.2352, 0.1280, 0.2620, 0.0048, 0.2903, 0.0000, 0.0035])
[2026-06-25 23:23:48,281][root][INFO] - reg loss: 6.084221052673628, entropy loss: 0.192612942237899, leaf dev: 0.05897221714258194
[2026-06-25 23:23:48,282][root][INFO] - Val leaf stats: tensor([1.3950e-01, 9.0833e-02, 8.2167e-02, 2.4833e-02, 6.1000e-02, 1.6667e-04,
        4.4167e-02, 1.8000e-02, 7.0833e-02, 1.7617e-01, 1.5667e-02, 1.2317e-01,
        4.6667e-03, 1.4867e-01, 1.6667e-04, 0.0000e+00])
[2026-06-25 23:23:48,999][root][INFO] - Epoch: 28 | train acc: 0.9365, train loss: 0.22063380, valid acc: 0.9160, valid loss: 0.30720588, test acc: 0.9151, test loss: 0.30451272
[2026-06-25 23:23:50,638][root][INFO] - reg loss: 5.827506411012519, entropy loss: 0.14379306437161865, leaf dev: 0.06718689948320389
[2026-06-25 23:23:50,639][root][INFO] - Val leaf stats: tensor([0.0188, 0.1407, 0.0244, 0.1349, 0.0010, 0.0704, 0.2363, 0.0540, 0.0014,
        0.0363, 0.0702, 0.1342, 0.0166, 0.0016, 0.0549, 0.0043])
[2026-06-25 23:23:52,621][root][INFO] - reg loss: 6.0429279039490895, entropy loss: 0.25616989383157696, leaf dev: 0.0741453543305397
[2026-06-25 23:23:52,622][root][INFO] - Val leaf stats: tensor([1.5400e-01, 1.0733e-01, 1.1000e-02, 8.3333e-04, 8.2500e-02, 1.1350e-01,
        0.0000e+00, 7.1667e-03, 0.0000e+00, 3.3333e-04, 8.8333e-03, 2.4833e-02,
        2.1650e-01, 1.8667e-01, 8.6333e-02, 1.6667e-04])
[2026-06-25 23:24:07,423][root][INFO] - Epoch: 28 | train acc: 0.9378, train loss: 0.69501295, valid acc: 0.9050, valid loss: 0.31301218, test acc: 0.9141, test loss: 0.31234886
[2026-06-25 23:24:10,752][root][INFO] - Epoch: 28 | train acc: 0.9404, train loss: 0.43685899, valid acc: 0.9200, valid loss: 0.28878311, test acc: 0.9214, test loss: 0.29303838
[2026-06-25 23:24:10,779][root][INFO] - reg loss: 5.49120491405703, entropy loss: 0.12022210207750213, leaf dev: 0.08850228786468506
[2026-06-25 23:24:10,780][root][INFO] - Val leaf stats: tensor([0.1992, 0.0702, 0.0425, 0.0000, 0.0000, 0.0000, 0.1355, 0.0613, 0.0000,
        0.0188, 0.0000, 0.0000, 0.3142, 0.0743, 0.0010, 0.0830])
[2026-06-25 23:24:14,329][root][INFO] - Epoch: 28 | train acc: 0.9329, train loss: 0.54410964, valid acc: 0.9188, valid loss: 0.29417638, test acc: 0.9187, test loss: 0.28774645
[2026-06-25 23:24:14,820][root][INFO] - reg loss: 6.050615729026075, entropy loss: 0.223447711119112, leaf dev: 0.08047065138816833
[2026-06-25 23:24:14,821][root][INFO] - Val leaf stats: tensor([0.2308, 0.0602, 0.2638, 0.0297, 0.1062, 0.0000, 0.0067, 0.0893, 0.0000,
        0.0013, 0.0028, 0.0152, 0.0192, 0.0883, 0.0233, 0.0632])
[2026-06-25 23:24:15,201][root][INFO] - Epoch: 28 | train acc: 0.9433, train loss: 0.39240061, valid acc: 0.9168, valid loss: 0.28997693, test acc: 0.9288, test loss: 0.26761942
[2026-06-25 23:24:18,270][root][INFO] - reg loss: 5.7488820372887375, entropy loss: 0.15618814865373215, leaf dev: 0.09534955024719238
[2026-06-25 23:24:18,271][root][INFO] - Val leaf stats: tensor([0.0000, 0.0383, 0.0212, 0.0010, 0.0473, 0.0000, 0.0000, 0.0308, 0.0000,
        0.2265, 0.1198, 0.2450, 0.0043, 0.2608, 0.0000, 0.0048])
[2026-06-25 23:24:18,637][root][INFO] - reg loss: 6.0960801997274725, entropy loss: 0.19463532277435627, leaf dev: 0.06051485985517502
[2026-06-25 23:24:18,638][root][INFO] - Val leaf stats: tensor([1.4117e-01, 9.5500e-02, 1.0850e-01, 6.0000e-03, 6.2167e-02, 0.0000e+00,
        5.2167e-02, 2.3333e-02, 5.0833e-02, 1.5817e-01, 1.2833e-02, 1.1183e-01,
        6.6667e-03, 1.7067e-01, 1.6667e-04, 0.0000e+00])
[2026-06-25 23:24:19,659][root][INFO] - Epoch: 29 | train acc: 0.9379, train loss: 0.21466643, valid acc: 0.9183, valid loss: 0.29711348, test acc: 0.9181, test loss: 0.29405494
[2026-06-25 23:24:21,804][root][INFO] - Epoch: 14 | train acc: 0.9112, train loss: 0.84993193, valid acc: 0.8987, valid loss: 0.33717937, test acc: 0.8854, test loss: 0.56327200
[2026-06-25 23:24:23,508][root][INFO] - reg loss: 6.069504220530672, entropy loss: 0.25908041900058965, leaf dev: 0.07719875872135162
[2026-06-25 23:24:23,509][root][INFO] - Val leaf stats: tensor([1.1950e-01, 8.7667e-02, 1.1333e-02, 6.6667e-04, 6.7333e-02, 1.0350e-01,
        0.0000e+00, 8.1667e-03, 1.6667e-04, 5.0000e-04, 1.0167e-02, 3.0333e-02,
        2.2517e-01, 2.2517e-01, 1.0983e-01, 5.0000e-04])
[2026-06-25 23:24:24,463][root][INFO] - reg loss: 5.839815626699457, entropy loss: 0.13920870644074898, leaf dev: 0.06634504348039627
[2026-06-25 23:24:24,464][root][INFO] - Val leaf stats: tensor([0.0154, 0.1287, 0.0374, 0.1256, 0.0011, 0.0695, 0.2419, 0.0629, 0.0016,
        0.0437, 0.0671, 0.1337, 0.0173, 0.0012, 0.0516, 0.0013])
[2026-06-25 23:24:38,416][root][INFO] - Epoch: 29 | train acc: 0.9364, train loss: 0.69122900, valid acc: 0.9135, valid loss: 0.29818324, test acc: 0.9275, test loss: 0.26969192
[2026-06-25 23:24:41,400][root][INFO] - reg loss: 5.465293479415606, entropy loss: 0.11674620471191856, leaf dev: 0.07963878661394119
[2026-06-25 23:24:41,401][root][INFO] - Val leaf stats: tensor([0.2422, 0.0788, 0.0658, 0.0000, 0.0000, 0.0000, 0.1602, 0.0813, 0.0000,
        0.0163, 0.0000, 0.0000, 0.2135, 0.0562, 0.0010, 0.0847])
[2026-06-25 23:24:41,629][root][INFO] - Epoch: 29 | train acc: 0.9419, train loss: 0.42972909, valid acc: 0.9300, valid loss: 0.26249441, test acc: 0.9260, test loss: 0.27228784
[2026-06-25 23:24:45,171][root][INFO] - reg loss: 6.130798146409808, entropy loss: 0.22592338905581888, leaf dev: 0.0725225880742073
[2026-06-25 23:24:45,172][root][INFO] - Val leaf stats: tensor([1.7233e-01, 9.4500e-02, 2.5483e-01, 4.2833e-02, 1.0767e-01, 1.6667e-04,
        5.5000e-03, 9.2667e-02, 0.0000e+00, 1.6667e-03, 3.3333e-03, 1.6500e-02,
        1.8500e-02, 1.0650e-01, 2.8000e-02, 5.5000e-02])
[2026-06-25 23:24:45,692][root][INFO] - Epoch: 29 | train acc: 0.9378, train loss: 0.53569430, valid acc: 0.9203, valid loss: 0.28583408, test acc: 0.9222, test loss: 0.28252360
[2026-06-25 23:24:46,085][root][INFO] - Epoch: 29 | train acc: 0.9408, train loss: 0.38746649, valid acc: 0.9185, valid loss: 0.29532871, test acc: 0.9265, test loss: 0.26438755
[2026-06-25 23:24:48,741][root][INFO] - Epoch: 30 | train acc: 0.9411, train loss: 0.20676616, valid acc: 0.9123, valid loss: 0.30074390, test acc: 0.9182, test loss: 0.29307712
[2026-06-25 23:24:49,236][root][INFO] - reg loss: 5.940963452717043, entropy loss: 0.16057723212354588, leaf dev: 0.08004054427146912
[2026-06-25 23:24:49,237][root][INFO] - Val leaf stats: tensor([0.0000, 0.0453, 0.0380, 0.0010, 0.0977, 0.0000, 0.0000, 0.0727, 0.0000,
        0.2080, 0.1242, 0.1958, 0.0030, 0.2078, 0.0000, 0.0065])
[2026-06-25 23:24:50,318][root][INFO] - reg loss: 6.07329121175802, entropy loss: 0.18746194398065782, leaf dev: 0.056342341005802155
[2026-06-25 23:24:50,319][root][INFO] - Val leaf stats: tensor([0.1363, 0.1125, 0.1080, 0.0090, 0.0488, 0.0000, 0.0740, 0.0285, 0.0602,
        0.1353, 0.0173, 0.1052, 0.0062, 0.1585, 0.0002, 0.0000])
[2026-06-25 23:24:52,578][root][INFO] - reg loss: 6.060174366213241, entropy loss: 0.25952259774477976, leaf dev: 0.07793154567480087
[2026-06-25 23:24:52,580][root][INFO] - Val leaf stats: tensor([0.1207, 0.0763, 0.0178, 0.0010, 0.0732, 0.0940, 0.0000, 0.0087, 0.0005,
        0.0005, 0.0110, 0.0393, 0.2350, 0.2313, 0.0907, 0.0000])
[2026-06-25 23:24:56,466][root][INFO] - Epoch: 15 | train acc: 0.9137, train loss: 0.84369339, valid acc: 0.9018, valid loss: 0.31563139, test acc: 0.8908, test loss: 0.55450275
[2026-06-25 23:24:59,822][root][INFO] - reg loss: 5.856391175083383, entropy loss: 0.14072447021802267, leaf dev: 0.06571327894926071
[2026-06-25 23:24:59,823][root][INFO] - Val leaf stats: tensor([0.0138, 0.1227, 0.0184, 0.1519, 0.0010, 0.0705, 0.2239, 0.0790, 0.0015,
        0.0506, 0.0587, 0.1346, 0.0177, 0.0014, 0.0529, 0.0013])
[2026-06-25 23:25:09,408][root][INFO] - Epoch: 30 | train acc: 0.9326, train loss: 0.69658829, valid acc: 0.9130, valid loss: 0.29916966, test acc: 0.9193, test loss: 0.29105853
[2026-06-25 23:25:12,666][root][INFO] - Epoch: 30 | train acc: 0.9432, train loss: 0.42141028, valid acc: 0.9247, valid loss: 0.26774469, test acc: 0.9250, test loss: 0.27519341
[2026-06-25 23:25:12,889][root][INFO] - reg loss: 5.391915667731807, entropy loss: 0.11712362448561867, leaf dev: 0.08685948699712753
[2026-06-25 23:25:12,889][root][INFO] - Val leaf stats: tensor([0.2032, 0.0598, 0.0313, 0.0000, 0.0000, 0.0000, 0.1510, 0.0622, 0.0000,
        0.0267, 0.0000, 0.0000, 0.2973, 0.0808, 0.0010, 0.0867])
[2026-06-25 23:25:16,211][root][INFO] - reg loss: 6.121547532531451, entropy loss: 0.223282386812399, leaf dev: 0.0750405341386795
[2026-06-25 23:25:16,218][root][INFO] - Val leaf stats: tensor([0.1995, 0.0868, 0.2537, 0.0378, 0.0962, 0.0000, 0.0043, 0.0883, 0.0000,
        0.0025, 0.0028, 0.0160, 0.0193, 0.1112, 0.0257, 0.0558])
[2026-06-25 23:25:16,617][root][INFO] - Epoch: 30 | train acc: 0.9392, train loss: 0.53197271, valid acc: 0.9257, valid loss: 0.27266421, test acc: 0.9243, test loss: 0.26910116
[2026-06-25 23:25:17,859][root][INFO] - Epoch: 30 | train acc: 0.9466, train loss: 0.37017361, valid acc: 0.9215, valid loss: 0.28335903, test acc: 0.9280, test loss: 0.26334613
[2026-06-25 23:25:20,142][root][INFO] - Epoch: 31 | train acc: 0.9415, train loss: 0.20475166, valid acc: 0.9185, valid loss: 0.28324964, test acc: 0.9173, test loss: 0.29358946
[2026-06-25 23:25:20,149][root][INFO] - reg loss: 6.028559405848665, entropy loss: 0.1628388779343299, leaf dev: 0.0757528617978096
[2026-06-25 23:25:20,150][root][INFO] - Val leaf stats: tensor([0.0000, 0.0613, 0.0610, 0.0017, 0.1063, 0.0000, 0.0000, 0.0647, 0.0000,
        0.2032, 0.1182, 0.1745, 0.0040, 0.1997, 0.0000, 0.0055])
[2026-06-25 23:25:21,544][root][INFO] - reg loss: 6.035081894892566, entropy loss: 0.1869319386358531, leaf dev: 0.05956583470106125
[2026-06-25 23:25:21,545][root][INFO] - Val leaf stats: tensor([1.4267e-01, 1.1217e-01, 8.1000e-02, 6.8333e-03, 6.4833e-02, 3.3333e-04,
        5.4000e-02, 2.4500e-02, 5.3333e-02, 1.5917e-01, 1.9833e-02, 1.0517e-01,
        6.3333e-03, 1.6967e-01, 1.6667e-04, 0.0000e+00])
[2026-06-25 23:25:24,145][root][INFO] - reg loss: 6.085939731238024, entropy loss: 0.25943185670195884, leaf dev: 0.07571166008710861
[2026-06-25 23:25:24,147][root][INFO] - Val leaf stats: tensor([0.1427, 0.0637, 0.0218, 0.0015, 0.0677, 0.0840, 0.0000, 0.0193, 0.0007,
        0.0005, 0.0080, 0.0442, 0.2337, 0.2118, 0.1005, 0.0000])
[2026-06-25 23:25:31,425][root][INFO] - Epoch: 16 | train acc: 0.9232, train loss: 0.80749559, valid acc: 0.9053, valid loss: 0.30918518, test acc: 0.8915, test loss: 0.54732875
[2026-06-25 23:25:34,473][root][INFO] - reg loss: 5.849551776098827, entropy loss: 0.13766991477164012, leaf dev: 0.06308120489120483
[2026-06-25 23:25:34,474][root][INFO] - Val leaf stats: tensor([0.0206, 0.1369, 0.0173, 0.1536, 0.0009, 0.0708, 0.2010, 0.0785, 0.0013,
        0.0519, 0.0567, 0.1354, 0.0177, 0.0014, 0.0546, 0.0012])
[2026-06-25 23:25:40,000][root][INFO] - Epoch: 31 | train acc: 0.9217, train loss: 0.72702688, valid acc: 0.9097, valid loss: 0.30285757, test acc: 0.9230, test loss: 0.27557591
[2026-06-25 23:25:42,985][root][INFO] - Epoch: 31 | train acc: 0.9452, train loss: 0.42060200, valid acc: 0.9262, valid loss: 0.27594920, test acc: 0.9271, test loss: 0.27840856
[2026-06-25 23:25:43,491][root][INFO] - reg loss: 5.360501739214051, entropy loss: 0.1179524135055407, leaf dev: 0.07994342595338821
[2026-06-25 23:25:43,494][root][INFO] - Val leaf stats: tensor([0.2378, 0.0738, 0.0418, 0.0000, 0.0000, 0.0000, 0.1552, 0.0715, 0.0000,
        0.0325, 0.0000, 0.0000, 0.2268, 0.0682, 0.0015, 0.0908])
[2026-06-25 23:25:46,902][root][INFO] - reg loss: 6.1956087148414465, entropy loss: 0.22724587653043135, leaf dev: 0.06891180574893951
[2026-06-25 23:25:46,903][root][INFO] - Val leaf stats: tensor([0.1595, 0.0877, 0.2430, 0.0430, 0.0862, 0.0000, 0.0035, 0.0797, 0.0000,
        0.0035, 0.0035, 0.0195, 0.0255, 0.1320, 0.0343, 0.0792])
[2026-06-25 23:25:47,198][root][INFO] - Epoch: 31 | train acc: 0.9428, train loss: 0.52125427, valid acc: 0.9262, valid loss: 0.26726093, test acc: 0.9270, test loss: 0.26221644
[2026-06-25 23:25:48,523][root][INFO] - Epoch: 31 | train acc: 0.9306, train loss: 0.42134509, valid acc: 0.9212, valid loss: 0.29649918, test acc: 0.9307, test loss: 0.26261740
[2026-06-25 23:25:50,275][root][INFO] - Epoch: 32 | train acc: 0.9460, train loss: 0.19406738, valid acc: 0.9247, valid loss: 0.27643789, test acc: 0.9206, test loss: 0.28245010
[2026-06-25 23:25:51,048][root][INFO] - reg loss: 6.090891352239645, entropy loss: 0.16406366566442093, leaf dev: 0.0720219612121582
[2026-06-25 23:25:51,049][root][INFO] - Val leaf stats: tensor([0.0000, 0.0828, 0.0620, 0.0033, 0.1130, 0.0000, 0.0000, 0.0678, 0.0000,
        0.1958, 0.1103, 0.1680, 0.0055, 0.1827, 0.0000, 0.0087])
[2026-06-25 23:25:52,171][root][INFO] - reg loss: 5.79875813340241, entropy loss: 0.185868575466129, leaf dev: 0.060760367661714554
[2026-06-25 23:25:52,172][root][INFO] - Val leaf stats: tensor([1.3867e-01, 1.0350e-01, 6.8833e-02, 8.1667e-03, 5.2333e-02, 0.0000e+00,
        5.4833e-02, 2.6500e-02, 6.3667e-02, 1.9267e-01, 2.6000e-02, 1.0200e-01,
        6.5000e-03, 1.5617e-01, 1.6667e-04, 0.0000e+00])
[2026-06-25 23:25:54,290][root][INFO] - reg loss: 6.130998480994746, entropy loss: 0.26269888315560685, leaf dev: 0.07828033715486526
[2026-06-25 23:25:54,291][root][INFO] - Val leaf stats: tensor([0.1228, 0.0658, 0.0170, 0.0012, 0.0542, 0.0793, 0.0000, 0.0202, 0.0005,
        0.0005, 0.0102, 0.0472, 0.2320, 0.2377, 0.1115, 0.0000])
[2026-06-25 23:26:05,435][root][INFO] - Epoch: 17 | train acc: 0.9268, train loss: 0.78468230, valid acc: 0.9059, valid loss: 0.30753625, test acc: 0.8808, test loss: 0.66178264
[2026-06-25 23:26:07,686][root][INFO] - reg loss: 6.023482100673453, entropy loss: 0.1355202022210631, leaf dev: 0.058163758367300034
[2026-06-25 23:26:07,686][root][INFO] - Val leaf stats: tensor([0.0369, 0.1739, 0.0269, 0.1351, 0.0013, 0.0689, 0.1549, 0.0723, 0.0012,
        0.0551, 0.0669, 0.1334, 0.0139, 0.0019, 0.0565, 0.0009])
[2026-06-25 23:26:09,439][root][INFO] - Epoch: 32 | train acc: 0.9268, train loss: 0.72556395, valid acc: 0.8917, valid loss: 0.34674299, test acc: 0.9012, test loss: 0.31980687
[2026-06-25 23:26:12,769][root][INFO] - reg loss: 5.491870007424985, entropy loss: 0.11972639491816736, leaf dev: 0.0757666751742363
[2026-06-25 23:26:12,770][root][INFO] - Val leaf stats: tensor([0.2430, 0.0642, 0.0568, 0.0000, 0.0000, 0.0000, 0.1570, 0.0582, 0.0000,
        0.0525, 0.0000, 0.0000, 0.1792, 0.0600, 0.0038, 0.1253])
[2026-06-25 23:26:15,224][root][INFO] - Epoch: 32 | train acc: 0.9438, train loss: 0.41851496, valid acc: 0.9292, valid loss: 0.26885073, test acc: 0.9234, test loss: 0.27547216
[2026-06-25 23:26:18,744][root][INFO] - reg loss: 6.162491721926995, entropy loss: 0.22354892093055653, leaf dev: 0.07426733523607254
[2026-06-25 23:26:18,745][root][INFO] - Val leaf stats: tensor([1.7767e-01, 8.5833e-02, 2.6833e-01, 4.9833e-02, 8.5500e-02, 1.6667e-04,
        2.5000e-03, 8.5000e-02, 0.0000e+00, 1.3333e-03, 2.8333e-03, 1.6167e-02,
        2.4333e-02, 1.0000e-01, 2.4167e-02, 7.6333e-02])
[2026-06-25 23:26:18,983][root][INFO] - Epoch: 32 | train acc: 0.9474, train loss: 0.36613266, valid acc: 0.9200, valid loss: 0.29123130, test acc: 0.9300, test loss: 0.26398728
[2026-06-25 23:26:19,585][root][INFO] - Epoch: 32 | train acc: 0.9329, train loss: 0.55728569, valid acc: 0.9125, valid loss: 0.31093000, test acc: 0.9218, test loss: 0.28833768
[2026-06-25 23:26:20,694][root][INFO] - Epoch: 33 | train acc: 0.9482, train loss: 0.18469899, valid acc: 0.9227, valid loss: 0.27479189, test acc: 0.9224, test loss: 0.27368906
[2026-06-25 23:26:22,473][root][INFO] - reg loss: 5.8962222720092194, entropy loss: 0.18456680749384863, leaf dev: 0.055986836552619934
[2026-06-25 23:26:22,474][root][INFO] - Val leaf stats: tensor([0.1347, 0.0800, 0.0980, 0.0120, 0.0552, 0.0000, 0.0620, 0.0277, 0.0860,
        0.1915, 0.0407, 0.0998, 0.0035, 0.1090, 0.0000, 0.0000])
[2026-06-25 23:26:22,881][root][INFO] - reg loss: 6.164146373856743, entropy loss: 0.16258233715340775, leaf dev: 0.06940727680921555
[2026-06-25 23:26:22,882][root][INFO] - Val leaf stats: tensor([0.0000, 0.1192, 0.1518, 0.0038, 0.1417, 0.0000, 0.0000, 0.0778, 0.0000,
        0.1718, 0.0423, 0.1437, 0.0048, 0.1392, 0.0000, 0.0038])
[2026-06-25 23:26:24,355][root][INFO] - reg loss: 6.0749083150107905, entropy loss: 0.261230284312986, leaf dev: 0.07560675591230392
[2026-06-25 23:26:24,357][root][INFO] - Val leaf stats: tensor([0.1408, 0.0707, 0.0200, 0.0013, 0.0660, 0.1027, 0.0000, 0.0022, 0.0007,
        0.0005, 0.0102, 0.0487, 0.2362, 0.2000, 0.0993, 0.0008])
[2026-06-25 23:26:35,973][root][INFO] - Epoch: 18 | train acc: 0.9292, train loss: 0.77293790, valid acc: 0.9097, valid loss: 0.29579214, test acc: 0.8947, test loss: 0.65737758
[2026-06-25 23:26:38,622][root][INFO] - reg loss: 6.060732107313853, entropy loss: 0.134532413943104, leaf dev: 0.06731245666742325
[2026-06-25 23:26:38,626][root][INFO] - Val leaf stats: tensor([0.0382, 0.1838, 0.0120, 0.1614, 0.0011, 0.0700, 0.1942, 0.0887, 0.0013,
        0.0462, 0.0333, 0.1176, 0.0127, 0.0020, 0.0364, 0.0010])
[2026-06-25 23:26:39,736][root][INFO] - Epoch: 33 | train acc: 0.9346, train loss: 0.71237242, valid acc: 0.9130, valid loss: 0.29655382, test acc: 0.9241, test loss: 0.26550547
[2026-06-25 23:26:43,400][root][INFO] - reg loss: 5.416455880650934, entropy loss: 0.11955873928261253, leaf dev: 0.07574110478162766
[2026-06-25 23:26:43,401][root][INFO] - Val leaf stats: tensor([0.2380, 0.0693, 0.0447, 0.0000, 0.0000, 0.0000, 0.1517, 0.0548, 0.0000,
        0.0730, 0.0000, 0.0003, 0.1990, 0.0657, 0.0043, 0.0992])
[2026-06-25 23:26:44,681][root][INFO] - Epoch: 33 | train acc: 0.9436, train loss: 0.40849437, valid acc: 0.9282, valid loss: 0.25905841, test acc: 0.9251, test loss: 0.27884766
[2026-06-25 23:26:48,483][root][INFO] - reg loss: 6.099161935302447, entropy loss: 0.21672011279272582, leaf dev: 0.07313769310712814
[2026-06-25 23:26:48,484][root][INFO] - Val leaf stats: tensor([0.1752, 0.0965, 0.2567, 0.0488, 0.1035, 0.0000, 0.0040, 0.0790, 0.0000,
        0.0017, 0.0028, 0.0165, 0.0200, 0.1070, 0.0170, 0.0713])
[2026-06-25 23:26:51,062][root][INFO] - Epoch: 34 | train acc: 0.9490, train loss: 0.17916891, valid acc: 0.9225, valid loss: 0.28141488, test acc: 0.9229, test loss: 0.27736021
[2026-06-25 23:26:51,395][root][INFO] - Epoch: 33 | train acc: 0.9369, train loss: 0.52463186, valid acc: 0.9180, valid loss: 0.29220952, test acc: 0.9249, test loss: 0.27890969
[2026-06-25 23:26:51,571][root][INFO] - Epoch: 33 | train acc: 0.9439, train loss: 0.38052631, valid acc: 0.9137, valid loss: 0.31204990, test acc: 0.9244, test loss: 0.26428115
[2026-06-25 23:26:54,999][root][INFO] - reg loss: 6.082068875150861, entropy loss: 0.2627979449506076, leaf dev: 0.07802330702543259
[2026-06-25 23:26:55,001][root][INFO] - Val leaf stats: tensor([0.1202, 0.0647, 0.0202, 0.0018, 0.0565, 0.0950, 0.0000, 0.0020, 0.0008,
        0.0005, 0.0120, 0.0572, 0.2373, 0.2285, 0.1030, 0.0003])
[2026-06-25 23:26:55,414][root][INFO] - reg loss: 5.944806314864248, entropy loss: 0.18264706095434585, leaf dev: 0.057777125388383865
[2026-06-25 23:26:55,415][root][INFO] - Val leaf stats: tensor([0.1375, 0.1038, 0.1263, 0.0250, 0.0772, 0.0000, 0.0660, 0.0387, 0.0308,
        0.0942, 0.0360, 0.0473, 0.0142, 0.2023, 0.0007, 0.0000])
[2026-06-25 23:26:55,568][root][INFO] - reg loss: 6.112092211561383, entropy loss: 0.15453365810637204, leaf dev: 0.07304706424474716
[2026-06-25 23:26:55,569][root][INFO] - Val leaf stats: tensor([0.0000, 0.0705, 0.0838, 0.0058, 0.1373, 0.0000, 0.0000, 0.1068, 0.0003,
        0.1942, 0.0435, 0.1707, 0.0078, 0.1773, 0.0000, 0.0018])
[2026-06-25 23:27:08,367][root][INFO] - Epoch: 19 | train acc: 0.9304, train loss: 0.75209076, valid acc: 0.9090, valid loss: 0.28997553, test acc: 0.8973, test loss: 1.55646640
[2026-06-25 23:27:10,769][root][INFO] - Epoch: 34 | train acc: 0.9417, train loss: 0.64790882, valid acc: 0.9150, valid loss: 0.28726221, test acc: 0.9260, test loss: 0.26088921
[2026-06-25 23:27:11,022][root][INFO] - reg loss: 6.047846736100616, entropy loss: 0.13018296907345453, leaf dev: 0.06142561510205269
[2026-06-25 23:27:11,023][root][INFO] - Val leaf stats: tensor([0.0784, 0.1603, 0.0130, 0.1448, 0.0008, 0.0712, 0.1843, 0.0890, 0.0013,
        0.0441, 0.0376, 0.1186, 0.0141, 0.0020, 0.0395, 0.0011])
[2026-06-25 23:27:14,773][root][INFO] - reg loss: 5.29264798254337, entropy loss: 0.11203775273741416, leaf dev: 0.07808689773082733
[2026-06-25 23:27:14,774][root][INFO] - Val leaf stats: tensor([0.2310, 0.0827, 0.0368, 0.0000, 0.0000, 0.0000, 0.1420, 0.0555, 0.0000,
        0.0553, 0.0000, 0.0003, 0.2280, 0.0688, 0.0027, 0.0968])
[2026-06-25 23:27:15,634][root][INFO] - Epoch: 34 | train acc: 0.9367, train loss: 0.42396542, valid acc: 0.9240, valid loss: 0.28058506, test acc: 0.9211, test loss: 0.29221307
[2026-06-25 23:27:19,068][root][INFO] - reg loss: 6.072286196474759, entropy loss: 0.20944426560176993, leaf dev: 0.07531211525201797
[2026-06-25 23:27:19,069][root][INFO] - Val leaf stats: tensor([0.1547, 0.0930, 0.2653, 0.0538, 0.1395, 0.0000, 0.0005, 0.0292, 0.0000,
        0.0018, 0.0042, 0.0202, 0.0230, 0.1198, 0.0195, 0.0755])
[2026-06-25 23:27:22,385][root][INFO] - Epoch: 35 | train acc: 0.9504, train loss: 0.17596005, valid acc: 0.9235, valid loss: 0.27936608, test acc: 0.9229, test loss: 0.27083716
[2026-06-25 23:27:22,393][root][INFO] - Epoch: 34 | train acc: 0.9395, train loss: 0.52810860, valid acc: 0.9248, valid loss: 0.27188604, test acc: 0.9277, test loss: 0.26656169
[2026-06-25 23:27:24,305][root][INFO] - Epoch: 34 | train acc: 0.9476, train loss: 0.36736264, valid acc: 0.8887, valid loss: 0.37596577, test acc: 0.8956, test loss: 0.34556328
[2026-06-25 23:27:26,074][root][INFO] - reg loss: 6.103816630705348, entropy loss: 0.2646533928389819, leaf dev: 0.07637208700180054
[2026-06-25 23:27:26,076][root][INFO] - Val leaf stats: tensor([0.1273, 0.0673, 0.0202, 0.0023, 0.0598, 0.0913, 0.0000, 0.0028, 0.0008,
        0.0005, 0.0132, 0.0572, 0.2417, 0.2095, 0.1057, 0.0003])
[2026-06-25 23:27:26,332][root][INFO] - reg loss: 6.101996444306284, entropy loss: 0.15892272330117677, leaf dev: 0.06889315694570541
[2026-06-25 23:27:26,333][root][INFO] - Val leaf stats: tensor([0.0000, 0.0882, 0.1035, 0.0122, 0.1492, 0.0000, 0.0000, 0.0965, 0.0003,
        0.1882, 0.0455, 0.1523, 0.0102, 0.1507, 0.0000, 0.0033])
[2026-06-25 23:27:27,901][root][INFO] - reg loss: 5.9616009154409735, entropy loss: 0.18223297638150882, leaf dev: 0.057688530534505844
[2026-06-25 23:27:27,902][root][INFO] - Val leaf stats: tensor([0.1412, 0.1188, 0.0212, 0.0910, 0.0753, 0.0000, 0.0687, 0.0210, 0.0330,
        0.1318, 0.0363, 0.0615, 0.0120, 0.1873, 0.0008, 0.0000])
[2026-06-25 23:27:40,671][root][INFO] - Epoch: 20 | train acc: 0.9328, train loss: 0.72764146, valid acc: 0.9145, valid loss: 0.27512744, test acc: 0.8964, test loss: 1.69254647
[2026-06-25 23:27:41,129][root][INFO] - Epoch: 35 | train acc: 0.9430, train loss: 0.64060587, valid acc: 0.9057, valid loss: 0.32276701, test acc: 0.9164, test loss: 0.29907906
[2026-06-25 23:27:43,463][root][INFO] - reg loss: 5.978289692490189, entropy loss: 0.12573249811533266, leaf dev: 0.059699080884456635
[2026-06-25 23:27:43,464][root][INFO] - Val leaf stats: tensor([0.0790, 0.1448, 0.0058, 0.1801, 0.0011, 0.0718, 0.1439, 0.0817, 0.0012,
        0.0504, 0.0509, 0.1284, 0.0149, 0.0021, 0.0431, 0.0007])
[2026-06-25 23:27:44,857][root][INFO] - reg loss: 5.304212327273387, entropy loss: 0.11067244705726516, leaf dev: 0.08098051697015762
[2026-06-25 23:27:44,858][root][INFO] - Val leaf stats: tensor([0.2145, 0.0247, 0.0470, 0.0000, 0.0000, 0.0000, 0.2287, 0.0738, 0.0000,
        0.0547, 0.0000, 0.0003, 0.1963, 0.0643, 0.0028, 0.0928])
[2026-06-25 23:27:47,013][root][INFO] - Epoch: 35 | train acc: 0.9411, train loss: 0.41438017, valid acc: 0.9220, valid loss: 0.29751013, test acc: 0.9192, test loss: 0.29367243
[2026-06-25 23:27:50,536][root][INFO] - reg loss: 6.070714266795032, entropy loss: 0.21153285649587522, leaf dev: 0.06887111067771912
[2026-06-25 23:27:50,537][root][INFO] - Val leaf stats: tensor([0.0873, 0.1110, 0.2332, 0.0678, 0.1298, 0.0000, 0.0005, 0.0287, 0.0000,
        0.0040, 0.0058, 0.0248, 0.0262, 0.1632, 0.0260, 0.0917])
[2026-06-25 23:27:53,019][root][INFO] - Epoch: 36 | train acc: 0.9438, train loss: 0.19071952, valid acc: 0.9217, valid loss: 0.29015158, test acc: 0.9229, test loss: 0.27647063
[2026-06-25 23:27:53,513][root][INFO] - Epoch: 35 | train acc: 0.9331, train loss: 0.53741043, valid acc: 0.8950, valid loss: 0.38585395, test acc: 0.8948, test loss: 0.38510684
[2026-06-25 23:27:54,004][root][INFO] - Epoch: 35 | train acc: 0.9452, train loss: 0.35980807, valid acc: 0.9148, valid loss: 0.29486268, test acc: 0.9252, test loss: 0.26875760
[2026-06-25 23:27:56,705][root][INFO] - reg loss: 6.1554727644290566, entropy loss: 0.26493957357586556, leaf dev: 0.07090632617473602
[2026-06-25 23:27:56,706][root][INFO] - Val leaf stats: tensor([0.1505, 0.0835, 0.0287, 0.0035, 0.0575, 0.0962, 0.0000, 0.0045, 0.0003,
        0.0005, 0.0145, 0.0567, 0.2122, 0.1910, 0.0998, 0.0007])
[2026-06-25 23:27:57,412][root][INFO] - reg loss: 6.135912661282521, entropy loss: 0.15093570680550808, leaf dev: 0.08619493991136551
[2026-06-25 23:27:57,413][root][INFO] - Val leaf stats: tensor([0.0000e+00, 2.0867e-01, 1.7617e-01, 6.8333e-03, 2.5967e-01, 0.0000e+00,
        1.6667e-04, 1.4800e-01, 1.8333e-03, 6.0667e-02, 4.2333e-02, 5.3333e-02,
        1.3333e-03, 4.0833e-02, 0.0000e+00, 1.6667e-04])
[2026-06-25 23:27:57,774][root][INFO] - reg loss: 5.774339819854161, entropy loss: 0.1676033447092434, leaf dev: 0.06548972427845001
[2026-06-25 23:27:57,775][root][INFO] - Val leaf stats: tensor([0.1582, 0.1572, 0.0010, 0.0235, 0.0777, 0.0000, 0.0622, 0.0217, 0.0390,
        0.1485, 0.0365, 0.0677, 0.0152, 0.1910, 0.0008, 0.0000])
[2026-06-25 23:28:10,890][root][INFO] - Epoch: 36 | train acc: 0.9419, train loss: 0.64544669, valid acc: 0.9138, valid loss: 0.28862524, test acc: 0.9245, test loss: 0.27235074
[2026-06-25 23:28:14,372][root][INFO] - Epoch: 21 | train acc: 0.9207, train loss: 0.73455011, valid acc: 0.9140, valid loss: 0.28753108, test acc: 0.8903, test loss: 0.94597796
[2026-06-25 23:28:14,997][root][INFO] - reg loss: 5.3472092466534304, entropy loss: 0.11036672183084038, leaf dev: 0.07822950929403305
[2026-06-25 23:28:14,998][root][INFO] - Val leaf stats: tensor([0.2077, 0.0382, 0.0458, 0.0000, 0.0000, 0.0000, 0.2143, 0.0662, 0.0000,
        0.0645, 0.0000, 0.0003, 0.2003, 0.0668, 0.0035, 0.0923])
[2026-06-25 23:28:16,722][root][INFO] - reg loss: 5.635640598478771, entropy loss: 0.12136455424248226, leaf dev: 0.06989189237356186
[2026-06-25 23:28:16,723][root][INFO] - Val leaf stats: tensor([0.0216, 0.1114, 0.0078, 0.1559, 0.0009, 0.0722, 0.2492, 0.0829, 0.0015,
        0.0480, 0.0498, 0.1299, 0.0175, 0.0019, 0.0490, 0.0007])
[2026-06-25 23:28:17,195][root][INFO] - Epoch: 36 | train acc: 0.9399, train loss: 0.41780584, valid acc: 0.9198, valid loss: 0.29484294, test acc: 0.9201, test loss: 0.29009481
[2026-06-25 23:28:20,431][root][INFO] - reg loss: 6.127039603467257, entropy loss: 0.21316825247035837, leaf dev: 0.07383858412504196
[2026-06-25 23:28:20,432][root][INFO] - Val leaf stats: tensor([0.0788, 0.0808, 0.2813, 0.1013, 0.1322, 0.0000, 0.0005, 0.0413, 0.0000,
        0.0027, 0.0053, 0.0262, 0.0258, 0.1227, 0.0240, 0.0770])
[2026-06-25 23:28:24,029][root][INFO] - Epoch: 36 | train acc: 0.9377, train loss: 0.50790434, valid acc: 0.9210, valid loss: 0.29249958, test acc: 0.9229, test loss: 0.28347846
[2026-06-25 23:28:24,381][root][INFO] - Epoch: 37 | train acc: 0.9489, train loss: 0.17844754, valid acc: 0.9237, valid loss: 0.28065123, test acc: 0.9240, test loss: 0.26635596
[2026-06-25 23:28:24,469][root][INFO] - Epoch: 36 | train acc: 0.9496, train loss: 0.34244965, valid acc: 0.9180, valid loss: 0.29806342, test acc: 0.9266, test loss: 0.26859361
[2026-06-25 23:28:27,340][root][INFO] - reg loss: 6.06367826461792, entropy loss: 0.14594920316957077, leaf dev: 0.07170513272285461
[2026-06-25 23:28:27,341][root][INFO] - Val leaf stats: tensor([0.0000, 0.1417, 0.1343, 0.0163, 0.1908, 0.0000, 0.0000, 0.0702, 0.0013,
        0.1928, 0.0458, 0.1162, 0.0060, 0.0842, 0.0000, 0.0003])
[2026-06-25 23:28:27,927][root][INFO] - reg loss: 5.755570042808101, entropy loss: 0.17042727163940105, leaf dev: 0.06581491976976395
[2026-06-25 23:28:27,929][root][INFO] - Val leaf stats: tensor([0.1842, 0.0988, 0.0025, 0.0463, 0.0585, 0.0000, 0.0575, 0.0218, 0.0473,
        0.1583, 0.0358, 0.0682, 0.0178, 0.2022, 0.0007, 0.0000])
[2026-06-25 23:28:28,321][root][INFO] - reg loss: 6.2227941953910975, entropy loss: 0.2674706645731656, leaf dev: 0.07422338426113129
[2026-06-25 23:28:28,322][root][INFO] - Val leaf stats: tensor([1.3883e-01, 7.2833e-02, 2.7667e-02, 4.0000e-03, 5.8667e-02, 8.9500e-02,
        0.0000e+00, 5.6667e-03, 5.0000e-04, 5.0000e-04, 1.7167e-02, 5.4500e-02,
        2.3467e-01, 2.0400e-01, 9.1333e-02, 1.6667e-04])
[2026-06-25 23:28:41,904][root][INFO] - Epoch: 37 | train acc: 0.9456, train loss: 0.63146638, valid acc: 0.9212, valid loss: 0.27848965, test acc: 0.9309, test loss: 0.25752201
[2026-06-25 23:28:45,562][root][INFO] - reg loss: 5.313923844751322, entropy loss: 0.11081009484686942, leaf dev: 0.07315605133771896
[2026-06-25 23:28:45,563][root][INFO] - Val leaf stats: tensor([0.2175, 0.0822, 0.0485, 0.0000, 0.0000, 0.0000, 0.1593, 0.0628, 0.0000,
        0.0673, 0.0000, 0.0008, 0.1985, 0.0687, 0.0028, 0.0915])
[2026-06-25 23:28:46,917][root][INFO] - Epoch: 37 | train acc: 0.9419, train loss: 0.40944669, valid acc: 0.9250, valid loss: 0.27339799, test acc: 0.9263, test loss: 0.27046501
[2026-06-25 23:28:48,837][root][INFO] - Epoch: 22 | train acc: 0.9346, train loss: 0.69951790, valid acc: 0.9151, valid loss: 0.27969827, test acc: 0.8956, test loss: 1.76846676
[2026-06-25 23:28:50,669][root][INFO] - reg loss: 6.044831626820114, entropy loss: 0.21343683451414108, leaf dev: 0.07815829664468765
[2026-06-25 23:28:50,670][root][INFO] - Val leaf stats: tensor([1.9000e-01, 1.2383e-01, 2.6583e-01, 2.9000e-02, 1.1917e-01, 1.6667e-04,
        6.6667e-04, 5.1667e-02, 0.0000e+00, 1.8333e-03, 4.6667e-03, 1.7833e-02,
        2.5000e-02, 1.0283e-01, 1.8000e-02, 4.9500e-02])
[2026-06-25 23:28:51,660][root][INFO] - reg loss: 5.618641192320163, entropy loss: 0.12036885853324618, leaf dev: 0.06424530595541
[2026-06-25 23:28:51,661][root][INFO] - Val leaf stats: tensor([0.0311, 0.1375, 0.0092, 0.1551, 0.0009, 0.0724, 0.2076, 0.0816, 0.0011,
        0.0498, 0.0539, 0.1328, 0.0194, 0.0021, 0.0447, 0.0007])
[2026-06-25 23:28:53,735][root][INFO] - Epoch: 37 | train acc: 0.9438, train loss: 0.48316279, valid acc: 0.9265, valid loss: 0.26761038, test acc: 0.9284, test loss: 0.26543233
[2026-06-25 23:28:55,522][root][INFO] - Epoch: 37 | train acc: 0.9395, train loss: 0.37834586, valid acc: 0.9147, valid loss: 0.30984352, test acc: 0.9228, test loss: 0.27866261
[2026-06-25 23:28:55,585][root][INFO] - Epoch: 38 | train acc: 0.9333, train loss: 0.22911548, valid acc: 0.9083, valid loss: 0.33568733, test acc: 0.9058, test loss: 0.33779789
[2026-06-25 23:28:58,110][root][INFO] - reg loss: 5.9730158841834875, entropy loss: 0.14393538770810613, leaf dev: 0.07299929112195969
[2026-06-25 23:28:58,111][root][INFO] - Val leaf stats: tensor([0.0000, 0.1083, 0.1262, 0.0087, 0.2047, 0.0000, 0.0000, 0.0862, 0.0020,
        0.2020, 0.0463, 0.1212, 0.0063, 0.0878, 0.0000, 0.0003])
[2026-06-25 23:28:59,154][root][INFO] - reg loss: 5.870619324018371, entropy loss: 0.1726125544815693, leaf dev: 0.06406720727682114
[2026-06-25 23:28:59,155][root][INFO] - Val leaf stats: tensor([0.1657, 0.1120, 0.0027, 0.0517, 0.0538, 0.0000, 0.1037, 0.0310, 0.0313,
        0.1228, 0.0270, 0.0395, 0.0413, 0.2162, 0.0013, 0.0000])
[2026-06-25 23:28:59,416][root][INFO] - reg loss: 6.221345262707405, entropy loss: 0.2639224925693476, leaf dev: 0.06440358608961105
[2026-06-25 23:28:59,417][root][INFO] - Val leaf stats: tensor([0.1578, 0.0617, 0.0557, 0.0125, 0.0752, 0.1002, 0.0000, 0.0062, 0.0000,
        0.0003, 0.0142, 0.0770, 0.1658, 0.0820, 0.1915, 0.0000])
[2026-06-25 23:29:11,697][root][INFO] - Epoch: 38 | train acc: 0.9471, train loss: 0.64024158, valid acc: 0.9198, valid loss: 0.27250931, test acc: 0.9294, test loss: 0.25809534
[2026-06-25 23:29:15,243][root][INFO] - reg loss: 5.342923069899937, entropy loss: 0.11405744923735564, leaf dev: 0.07132172584533691
[2026-06-25 23:29:15,244][root][INFO] - Val leaf stats: tensor([0.2037, 0.0667, 0.0720, 0.0000, 0.0000, 0.0000, 0.1677, 0.0668, 0.0000,
        0.0675, 0.0000, 0.0008, 0.1942, 0.0692, 0.0017, 0.0898])
[2026-06-25 23:29:17,381][root][INFO] - Epoch: 38 | train acc: 0.9402, train loss: 0.41663444, valid acc: 0.9222, valid loss: 0.29546067, test acc: 0.9240, test loss: 0.29215837
[2026-06-25 23:29:21,141][root][INFO] - reg loss: 6.099672974280591, entropy loss: 0.213660921268868, leaf dev: 0.0684448704123497
[2026-06-25 23:29:21,142][root][INFO] - Val leaf stats: tensor([0.1118, 0.1212, 0.2315, 0.0370, 0.1638, 0.0023, 0.0010, 0.0745, 0.0000,
        0.0028, 0.0083, 0.0300, 0.0257, 0.1147, 0.0203, 0.0550])
[2026-06-25 23:29:22,462][root][INFO] - Epoch: 23 | train acc: 0.9363, train loss: 0.68806322, valid acc: 0.9140, valid loss: 0.28018178, test acc: 0.8958, test loss: 1.89974594
[2026-06-25 23:29:25,435][root][INFO] - reg loss: 5.659654536575236, entropy loss: 0.11915112720437782, leaf dev: 0.06420844793319702
[2026-06-25 23:29:25,437][root][INFO] - Val leaf stats: tensor([0.0220, 0.1696, 0.0139, 0.1601, 0.0011, 0.0724, 0.1820, 0.0729, 0.0015,
        0.0407, 0.0611, 0.1324, 0.0200, 0.0021, 0.0475, 0.0007])
[2026-06-25 23:29:25,829][root][INFO] - Epoch: 39 | train acc: 0.9431, train loss: 0.19744461, valid acc: 0.9205, valid loss: 0.29468747, test acc: 0.9250, test loss: 0.27722008
[2026-06-25 23:29:26,143][root][INFO] - Epoch: 38 | train acc: 0.9387, train loss: 0.49418617, valid acc: 0.9183, valid loss: 0.32020891, test acc: 0.9154, test loss: 0.30895223
[2026-06-25 23:29:26,294][root][INFO] - Epoch: 38 | train acc: 0.9476, train loss: 0.34730300, valid acc: 0.9245, valid loss: 0.28341961, test acc: 0.9294, test loss: 0.25980640
[2026-06-25 23:29:29,429][root][INFO] - reg loss: 6.26804721130515, entropy loss: 0.26251297542509044, leaf dev: 0.06359302997589111
[2026-06-25 23:29:29,430][root][INFO] - Val leaf stats: tensor([1.6950e-01, 8.7667e-02, 4.0000e-02, 6.1667e-03, 7.7833e-02, 9.9167e-02,
        0.0000e+00, 6.1667e-03, 1.6667e-04, 5.0000e-04, 2.0667e-02, 9.1000e-02,
        2.0117e-01, 1.0067e-01, 9.9333e-02, 0.0000e+00])
[2026-06-25 23:29:29,736][root][INFO] - reg loss: 5.730928259075813, entropy loss: 0.14118034926787862, leaf dev: 0.09534478932619095
[2026-06-25 23:29:29,737][root][INFO] - Val leaf stats: tensor([0.0000, 0.0320, 0.0250, 0.0058, 0.0755, 0.0000, 0.0008, 0.0373, 0.0072,
        0.2513, 0.0495, 0.2562, 0.0148, 0.2420, 0.0000, 0.0025])
[2026-06-25 23:29:30,276][root][INFO] - reg loss: 5.794236120188011, entropy loss: 0.168584406516462, leaf dev: 0.06016886606812477
[2026-06-25 23:29:30,277][root][INFO] - Val leaf stats: tensor([0.1280, 0.1355, 0.0023, 0.0567, 0.0733, 0.0000, 0.0737, 0.0295, 0.0355,
        0.1585, 0.0287, 0.0498, 0.0380, 0.1898, 0.0007, 0.0000])
[2026-06-25 23:29:42,112][root][INFO] - Epoch: 39 | train acc: 0.9438, train loss: 0.63338493, valid acc: 0.8925, valid loss: 0.35471896, test acc: 0.9000, test loss: 0.35434509
[2026-06-25 23:29:45,417][root][INFO] - reg loss: 5.31690526008606, entropy loss: 0.11084345678957004, leaf dev: 0.07979624718427658
[2026-06-25 23:29:45,418][root][INFO] - Val leaf stats: tensor([0.1455, 0.0415, 0.0425, 0.0000, 0.0000, 0.0000, 0.1373, 0.0372, 0.0000,
        0.1107, 0.0000, 0.0010, 0.2855, 0.0990, 0.0023, 0.0975])
[2026-06-25 23:29:49,661][root][INFO] - Epoch: 39 | train acc: 0.9445, train loss: 0.40160476, valid acc: 0.9288, valid loss: 0.27211205, test acc: 0.9276, test loss: 0.26746760
[2026-06-25 23:29:53,202][root][INFO] - reg loss: 6.07509435347791, entropy loss: 0.2134254698483449, leaf dev: 0.06982992589473724
[2026-06-25 23:29:53,203][root][INFO] - Val leaf stats: tensor([0.1450, 0.1393, 0.2335, 0.0320, 0.1302, 0.0007, 0.0013, 0.0713, 0.0000,
        0.0018, 0.0080, 0.0283, 0.0248, 0.1160, 0.0198, 0.0478])
[2026-06-25 23:29:54,225][root][INFO] - Epoch: 24 | train acc: 0.9388, train loss: 0.68679656, valid acc: 0.9174, valid loss: 0.26408595, test acc: 0.8995, test loss: 2.08697084
[2026-06-25 23:29:55,802][root][INFO] - Epoch: 40 | train acc: 0.9432, train loss: 0.19647937, valid acc: 0.9173, valid loss: 0.29308239, test acc: 0.9202, test loss: 0.29414706
[2026-06-25 23:29:56,629][root][INFO] - reg loss: 5.76684152764618, entropy loss: 0.12107016193488288, leaf dev: 0.059881605207920074
[2026-06-25 23:29:56,630][root][INFO] - Val leaf stats: tensor([0.0282, 0.1759, 0.0274, 0.1457, 0.0011, 0.0735, 0.1578, 0.0670, 0.0015,
        0.0463, 0.0646, 0.1358, 0.0229, 0.0019, 0.0498, 0.0007])
[2026-06-25 23:29:57,494][root][INFO] - Epoch: 39 | train acc: 0.9345, train loss: 0.49835649, valid acc: 0.9158, valid loss: 0.30359754, test acc: 0.9156, test loss: 0.31190927
[2026-06-25 23:29:57,686][root][INFO] - Epoch: 39 | train acc: 0.9504, train loss: 0.33705966, valid acc: 0.9230, valid loss: 0.27681537, test acc: 0.9300, test loss: 0.26016014
[2026-06-25 23:29:59,668][root][INFO] - reg loss: 6.188414321755463, entropy loss: 0.263414075352111, leaf dev: 0.06892038136720657
[2026-06-25 23:29:59,669][root][INFO] - Val leaf stats: tensor([0.1660, 0.0537, 0.0270, 0.0068, 0.0752, 0.1012, 0.0000, 0.0055, 0.0003,
        0.0003, 0.0172, 0.0953, 0.2292, 0.1093, 0.1130, 0.0000])
[2026-06-25 23:30:01,499][root][INFO] - reg loss: 5.5301923212015405, entropy loss: 0.13695558638505215, leaf dev: 0.09540677070617676
[2026-06-25 23:30:01,500][root][INFO] - Val leaf stats: tensor([0.0000e+00, 6.8333e-02, 3.4667e-02, 5.0000e-03, 3.4667e-02, 0.0000e+00,
        1.6667e-04, 3.2000e-02, 3.8333e-03, 2.5333e-01, 5.0833e-02, 2.5400e-01,
        1.5167e-02, 2.4367e-01, 0.0000e+00, 4.3333e-03])
[2026-06-25 23:30:02,139][root][INFO] - reg loss: 5.802615381636709, entropy loss: 0.16722311135732904, leaf dev: 0.05618926137685776
[2026-06-25 23:30:02,140][root][INFO] - Val leaf stats: tensor([0.1380, 0.1527, 0.0027, 0.0712, 0.0877, 0.0000, 0.0783, 0.0387, 0.0285,
        0.1302, 0.0293, 0.0565, 0.0295, 0.1563, 0.0005, 0.0000])
[2026-06-25 23:30:12,838][root][INFO] - Epoch: 40 | train acc: 0.9344, train loss: 0.65695275, valid acc: 0.9168, valid loss: 0.28727619, test acc: 0.9208, test loss: 0.27254475
[2026-06-25 23:30:16,668][root][INFO] - reg loss: 5.269254297580359, entropy loss: 0.11033862737833329, leaf dev: 0.08527080714702606
[2026-06-25 23:30:16,669][root][INFO] - Val leaf stats: tensor([0.1857, 0.0717, 0.0450, 0.0000, 0.0000, 0.0000, 0.1403, 0.0518, 0.0000,
        0.0223, 0.0000, 0.0000, 0.3015, 0.0827, 0.0025, 0.0965])
[2026-06-25 23:30:19,767][root][INFO] - Epoch: 40 | train acc: 0.9477, train loss: 0.39277018, valid acc: 0.9243, valid loss: 0.27826336, test acc: 0.9209, test loss: 0.28396773
[2026-06-25 23:30:23,717][root][INFO] - reg loss: 6.077612669962757, entropy loss: 0.2157726140235955, leaf dev: 0.07316017150878906
[2026-06-25 23:30:23,718][root][INFO] - Val leaf stats: tensor([0.1918, 0.0942, 0.2522, 0.0425, 0.0938, 0.0008, 0.0007, 0.0442, 0.0000,
        0.0030, 0.0095, 0.0347, 0.0343, 0.1228, 0.0212, 0.0543])
[2026-06-25 23:30:26,028][root][INFO] - Epoch: 41 | train acc: 0.9459, train loss: 0.18510444, valid acc: 0.9143, valid loss: 0.31061056, test acc: 0.9183, test loss: 0.29989395
[2026-06-25 23:30:28,314][root][INFO] - Epoch: 40 | train acc: 0.9271, train loss: 0.53036821, valid acc: 0.8943, valid loss: 0.37281420, test acc: 0.8983, test loss: 0.36650230
[2026-06-25 23:30:28,656][root][INFO] - Epoch: 25 | train acc: 0.9422, train loss: 0.70424325, valid acc: 0.9194, valid loss: 0.26944723, test acc: 0.9011, test loss: 2.07140464
[2026-06-25 23:30:28,788][root][INFO] - Epoch: 40 | train acc: 0.9535, train loss: 0.32401090, valid acc: 0.9208, valid loss: 0.29041788, test acc: 0.9322, test loss: 0.24790321
[2026-06-25 23:30:29,974][root][INFO] - reg loss: 6.158271929003158, entropy loss: 0.26026507199935195, leaf dev: 0.062282927334308624
[2026-06-25 23:30:29,975][root][INFO] - Val leaf stats: tensor([0.1250, 0.0217, 0.0715, 0.0497, 0.0660, 0.0943, 0.0000, 0.0058, 0.0003,
        0.0003, 0.0223, 0.0938, 0.2183, 0.1228, 0.1080, 0.0000])
[2026-06-25 23:30:31,548][root][INFO] - reg loss: 5.835475714749129, entropy loss: 0.12758335140016344, leaf dev: 0.06523182988166809
[2026-06-25 23:30:31,549][root][INFO] - Val leaf stats: tensor([0.0197, 0.0836, 0.0373, 0.1199, 0.0007, 0.0756, 0.2500, 0.0760, 0.0011,
        0.0576, 0.0661, 0.1358, 0.0238, 0.0021, 0.0500, 0.0007])
[2026-06-25 23:30:32,161][root][INFO] - reg loss: 5.575492773415907, entropy loss: 0.13647634395450917, leaf dev: 0.08065387606620789
[2026-06-25 23:30:32,162][root][INFO] - Val leaf stats: tensor([0.0000e+00, 3.9000e-02, 3.0500e-02, 6.1667e-03, 7.1167e-02, 0.0000e+00,
        1.6667e-04, 6.1500e-02, 5.6667e-03, 1.9383e-01, 3.7000e-02, 2.1000e-01,
        1.9000e-02, 2.4100e-01, 0.0000e+00, 8.5000e-02])
[2026-06-25 23:30:32,710][root][INFO] - reg loss: 5.75496928197033, entropy loss: 0.16668934318816886, leaf dev: 0.06456781923770905
[2026-06-25 23:30:32,711][root][INFO] - Val leaf stats: tensor([0.1368, 0.1133, 0.0017, 0.0445, 0.0507, 0.0000, 0.0717, 0.0170, 0.0410,
        0.1865, 0.0318, 0.0593, 0.0435, 0.2015, 0.0007, 0.0000])
[2026-06-25 23:30:44,585][root][INFO] - Epoch: 41 | train acc: 0.9316, train loss: 0.62357085, valid acc: 0.9165, valid loss: 0.29723004, test acc: 0.9238, test loss: 0.27706944
[2026-06-25 23:30:48,351][root][INFO] - reg loss: 5.067746639251709, entropy loss: 0.09812553142601589, leaf dev: 0.08492910116910934
[2026-06-25 23:30:48,352][root][INFO] - Val leaf stats: tensor([0.2137, 0.0473, 0.0372, 0.0000, 0.0000, 0.0000, 0.1548, 0.0532, 0.0000,
        0.0357, 0.0000, 0.0000, 0.2797, 0.0802, 0.0052, 0.0932])
[2026-06-25 23:30:51,014][root][INFO] - Epoch: 41 | train acc: 0.9471, train loss: 0.39583750, valid acc: 0.9287, valid loss: 0.26830654, test acc: 0.9271, test loss: 0.27295055
[2026-06-25 23:30:54,755][root][INFO] - reg loss: 6.136018262719208, entropy loss: 0.21545369543556897, leaf dev: 0.07131819427013397
[2026-06-25 23:30:54,757][root][INFO] - Val leaf stats: tensor([0.1588, 0.1117, 0.2633, 0.0562, 0.0887, 0.0003, 0.0003, 0.0427, 0.0000,
        0.0045, 0.0203, 0.0528, 0.0223, 0.1102, 0.0145, 0.0533])
[2026-06-25 23:30:57,221][root][INFO] - Epoch: 42 | train acc: 0.9450, train loss: 0.18982004, valid acc: 0.9167, valid loss: 0.29782159, test acc: 0.9191, test loss: 0.29021648
[2026-06-25 23:30:57,757][root][INFO] - Epoch: 41 | train acc: 0.9316, train loss: 0.51256961, valid acc: 0.9178, valid loss: 0.29005148, test acc: 0.9207, test loss: 0.28560240
[2026-06-25 23:30:59,345][root][INFO] - Epoch: 41 | train acc: 0.9558, train loss: 0.31745044, valid acc: 0.9272, valid loss: 0.26908894, test acc: 0.9344, test loss: 0.24232533
[2026-06-25 23:31:01,311][root][INFO] - reg loss: 5.659875640329325, entropy loss: 0.14074178630450987, leaf dev: 0.081036776304245
[2026-06-25 23:31:01,312][root][INFO] - Val leaf stats: tensor([0.0000e+00, 5.2333e-02, 3.8167e-02, 7.0000e-03, 7.2500e-02, 0.0000e+00,
        1.6667e-04, 6.3333e-02, 1.0667e-02, 2.2800e-01, 5.7833e-02, 2.2900e-01,
        1.1667e-02, 1.9583e-01, 0.0000e+00, 3.3500e-02])
[2026-06-25 23:31:01,582][root][INFO] - reg loss: 6.143412873430072, entropy loss: 0.25520326337724364, leaf dev: 0.07645957916975021
[2026-06-25 23:31:01,583][root][INFO] - Val leaf stats: tensor([0.1317, 0.0255, 0.0115, 0.0150, 0.0467, 0.0768, 0.0000, 0.0047, 0.0008,
        0.0007, 0.0128, 0.1162, 0.2512, 0.1495, 0.1570, 0.0000])
[2026-06-25 23:31:02,624][root][INFO] - Epoch: 26 | train acc: 0.9356, train loss: 0.72246729, valid acc: 0.8316, valid loss: 0.53890572, test acc: 0.8347, test loss: 2.35981767
[2026-06-25 23:31:03,321][root][INFO] - reg loss: 5.703969762010394, entropy loss: 0.1664235659365384, leaf dev: 0.057239554822444916
[2026-06-25 23:31:03,322][root][INFO] - Val leaf stats: tensor([0.1358, 0.1280, 0.0022, 0.0568, 0.0658, 0.0000, 0.0802, 0.0253, 0.0432,
        0.1595, 0.0315, 0.0713, 0.0335, 0.1663, 0.0005, 0.0000])
[2026-06-25 23:31:05,726][root][INFO] - reg loss: 5.782733289022294, entropy loss: 0.1276756751316565, leaf dev: 0.056401945650577545
[2026-06-25 23:31:05,728][root][INFO] - Val leaf stats: tensor([0.0154, 0.0617, 0.1095, 0.1641, 0.0009, 0.0725, 0.1671, 0.0705, 0.0012,
        0.0589, 0.0631, 0.1356, 0.0253, 0.0021, 0.0514, 0.0007])
[2026-06-25 23:31:14,241][root][INFO] - Epoch: 42 | train acc: 0.9449, train loss: 0.57701076, valid acc: 0.9193, valid loss: 0.27506882, test acc: 0.9254, test loss: 0.25987009
[2026-06-25 23:31:18,381][root][INFO] - reg loss: 5.071873017077176, entropy loss: 0.09740227278111116, leaf dev: 0.07908188551664352
[2026-06-25 23:31:18,382][root][INFO] - Val leaf stats: tensor([0.1980, 0.0705, 0.0453, 0.0000, 0.0000, 0.0000, 0.1612, 0.0562, 0.0000,
        0.0408, 0.0000, 0.0000, 0.2540, 0.0763, 0.0032, 0.0945])
[2026-06-25 23:31:21,333][root][INFO] - Epoch: 42 | train acc: 0.9450, train loss: 0.39943081, valid acc: 0.9097, valid loss: 0.32014148, test acc: 0.9095, test loss: 0.32967104
[2026-06-25 23:31:24,979][root][INFO] - reg loss: 6.069917251478951, entropy loss: 0.21142535361478915, leaf dev: 0.07745151966810226
[2026-06-25 23:31:24,980][root][INFO] - Val leaf stats: tensor([0.0903, 0.0905, 0.2140, 0.0277, 0.0880, 0.0008, 0.0005, 0.0335, 0.0000,
        0.0173, 0.0420, 0.0750, 0.0363, 0.2675, 0.0085, 0.0080])
[2026-06-25 23:31:28,375][root][INFO] - Epoch: 42 | train acc: 0.9576, train loss: 0.31659407, valid acc: 0.9265, valid loss: 0.27914421, test acc: 0.9330, test loss: 0.25129407
[2026-06-25 23:31:28,557][root][INFO] - Epoch: 42 | train acc: 0.9404, train loss: 0.48266294, valid acc: 0.9223, valid loss: 0.27700611, test acc: 0.9236, test loss: 0.27569311
[2026-06-25 23:31:28,657][root][INFO] - Epoch: 43 | train acc: 0.9420, train loss: 0.20287167, valid acc: 0.8997, valid loss: 0.37118865, test acc: 0.9034, test loss: 0.36283063
[2026-06-25 23:31:32,583][root][INFO] - reg loss: 5.94152251279579, entropy loss: 0.25039620275767344, leaf dev: 0.1014542207121849
[2026-06-25 23:31:32,584][root][INFO] - Val leaf stats: tensor([0.0218, 0.0120, 0.0085, 0.0072, 0.0065, 0.0498, 0.0000, 0.0045, 0.0013,
        0.0010, 0.0310, 0.1082, 0.2688, 0.1557, 0.3232, 0.0005])
[2026-06-25 23:31:32,773][root][INFO] - reg loss: 5.731251842570755, entropy loss: 0.1679877444820584, leaf dev: 0.05564327538013458
[2026-06-25 23:31:32,774][root][INFO] - Val leaf stats: tensor([1.3700e-01, 1.1750e-01, 2.1667e-03, 5.8667e-02, 7.7667e-02, 0.0000e+00,
        7.4333e-02, 2.6667e-02, 5.6500e-02, 1.6900e-01, 3.2333e-02, 7.4833e-02,
        2.6333e-02, 1.4683e-01, 1.6667e-04, 0.0000e+00])
[2026-06-25 23:31:32,967][root][INFO] - reg loss: 5.635672519791801, entropy loss: 0.13984709486084165, leaf dev: 0.0802009254693985
[2026-06-25 23:31:32,968][root][INFO] - Val leaf stats: tensor([0.0000e+00, 5.5333e-02, 3.7500e-02, 7.1667e-03, 7.8500e-02, 0.0000e+00,
        1.6667e-04, 6.8167e-02, 1.0833e-02, 2.1317e-01, 5.6500e-02, 2.2167e-01,
        1.3833e-02, 2.1200e-01, 0.0000e+00, 2.5167e-02])
[2026-06-25 23:31:37,393][root][INFO] - Epoch: 27 | train acc: 0.9199, train loss: 0.73170782, valid acc: 0.8932, valid loss: 0.34971860, test acc: 0.8936, test loss: 2.29809506
[2026-06-25 23:31:40,776][root][INFO] - reg loss: 5.5162885025064785, entropy loss: 0.12008304172565067, leaf dev: 0.08475658297538757
[2026-06-25 23:31:40,777][root][INFO] - Val leaf stats: tensor([0.0091, 0.0203, 0.0603, 0.0686, 0.0006, 0.0736, 0.3446, 0.0843, 0.0012,
        0.0499, 0.0735, 0.1387, 0.0221, 0.0023, 0.0501, 0.0007])
[2026-06-25 23:31:45,064][root][INFO] - Epoch: 43 | train acc: 0.9411, train loss: 0.59145452, valid acc: 0.9155, valid loss: 0.29343634, test acc: 0.9233, test loss: 0.26945088
[2026-06-25 23:31:49,205][root][INFO] - reg loss: 5.1214633212899265, entropy loss: 0.09984152946832045, leaf dev: 0.07287416607141495
[2026-06-25 23:31:49,206][root][INFO] - Val leaf stats: tensor([0.2007, 0.0707, 0.0597, 0.0000, 0.0000, 0.0000, 0.1635, 0.0673, 0.0000,
        0.0637, 0.0000, 0.0008, 0.2132, 0.0818, 0.0020, 0.0767])
[2026-06-25 23:31:51,674][root][INFO] - Epoch: 43 | train acc: 0.9419, train loss: 0.40015044, valid acc: 0.9263, valid loss: 0.26369510, test acc: 0.9227, test loss: 0.28432816
[2026-06-25 23:31:55,041][root][INFO] - reg loss: 5.94905820432699, entropy loss: 0.20090689763145628, leaf dev: 0.07382381707429886
[2026-06-25 23:31:55,042][root][INFO] - Val leaf stats: tensor([0.1107, 0.0938, 0.2573, 0.0408, 0.0928, 0.0008, 0.0007, 0.0422, 0.0000,
        0.0093, 0.0393, 0.0855, 0.0310, 0.1870, 0.0048, 0.0038])
[2026-06-25 23:31:58,553][root][INFO] - Epoch: 44 | train acc: 0.9356, train loss: 0.22679411, valid acc: 0.9117, valid loss: 0.32889770, test acc: 0.9119, test loss: 0.33068952
[2026-06-25 23:31:59,570][root][INFO] - Epoch: 43 | train acc: 0.9543, train loss: 0.32879050, valid acc: 0.9265, valid loss: 0.27888161, test acc: 0.9290, test loss: 0.26522989
[2026-06-25 23:32:00,206][root][INFO] - Epoch: 43 | train acc: 0.9426, train loss: 0.47744807, valid acc: 0.9213, valid loss: 0.27006896, test acc: 0.9239, test loss: 0.27582693
[2026-06-25 23:32:02,527][root][INFO] - reg loss: 5.8049274750475615, entropy loss: 0.25038926795406163, leaf dev: 0.08754626661539078
[2026-06-25 23:32:02,528][root][INFO] - Val leaf stats: tensor([0.0215, 0.0207, 0.0108, 0.0123, 0.0088, 0.0593, 0.0000, 0.0048, 0.0023,
        0.0012, 0.0482, 0.1352, 0.2197, 0.1993, 0.2532, 0.0027])
[2026-06-25 23:32:03,560][root][INFO] - reg loss: 5.750489734253794, entropy loss: 0.16776423535819324, leaf dev: 0.057661592960357666
[2026-06-25 23:32:03,561][root][INFO] - Val leaf stats: tensor([0.1373, 0.1162, 0.0022, 0.0603, 0.0753, 0.0000, 0.0988, 0.0293, 0.0378,
        0.1732, 0.0310, 0.0547, 0.0288, 0.1545, 0.0005, 0.0000])
[2026-06-25 23:32:03,657][root][INFO] - reg loss: 5.665685244326322, entropy loss: 0.13975899891470964, leaf dev: 0.07539346069097519
[2026-06-25 23:32:03,658][root][INFO] - Val leaf stats: tensor([0.0000, 0.0662, 0.0547, 0.0102, 0.0993, 0.0000, 0.0000, 0.0842, 0.0073,
        0.2243, 0.0442, 0.1790, 0.0148, 0.1958, 0.0000, 0.0200])
[2026-06-25 23:32:10,364][root][INFO] - Epoch: 28 | train acc: 0.9273, train loss: 0.69889842, valid acc: 0.9152, valid loss: 0.29146179, test acc: 0.8974, test loss: 1.46397053
[2026-06-25 23:32:13,451][root][INFO] - reg loss: 5.268942931341747, entropy loss: 0.11568296018731657, leaf dev: 0.07635039836168289
[2026-06-25 23:32:13,452][root][INFO] - Val leaf stats: tensor([0.0122, 0.0370, 0.0614, 0.0855, 0.0006, 0.0727, 0.3090, 0.0742, 0.0013,
        0.0612, 0.0770, 0.1371, 0.0224, 0.0021, 0.0456, 0.0007])
[2026-06-25 23:32:19,147][root][INFO] - Epoch: 44 | train acc: 0.9418, train loss: 0.60072782, valid acc: 0.9155, valid loss: 0.28358347, test acc: 0.9224, test loss: 0.26846446
[2026-06-25 23:32:22,179][root][INFO] - Epoch: 44 | train acc: 0.9350, train loss: 0.41921050, valid acc: 0.9090, valid loss: 0.31250220, test acc: 0.9130, test loss: 0.30812805
[2026-06-25 23:32:22,194][root][INFO] - reg loss: 5.157859851729195, entropy loss: 0.10133986350781513, leaf dev: 0.07489877194166183
[2026-06-25 23:32:22,195][root][INFO] - Val leaf stats: tensor([1.7817e-01, 6.4000e-02, 3.7167e-02, 0.0000e+00, 0.0000e+00, 0.0000e+00,
        1.4900e-01, 6.6667e-02, 1.6667e-04, 7.5500e-02, 0.0000e+00, 1.0000e-03,
        2.4750e-01, 8.7833e-02, 3.0000e-03, 9.0000e-02])
[2026-06-25 23:32:25,498][root][INFO] - reg loss: 5.961502444069341, entropy loss: 0.1982862613392326, leaf dev: 0.07399637252092361
[2026-06-25 23:32:25,499][root][INFO] - Val leaf stats: tensor([0.1613, 0.1208, 0.1965, 0.0122, 0.0873, 0.0008, 0.0003, 0.0340, 0.0000,
        0.0132, 0.0378, 0.0968, 0.0165, 0.2125, 0.0045, 0.0053])
[2026-06-25 23:32:28,326][root][INFO] - Epoch: 45 | train acc: 0.9433, train loss: 0.19605542, valid acc: 0.9223, valid loss: 0.28520063, test acc: 0.9238, test loss: 0.27956795
[2026-06-25 23:32:30,938][root][INFO] - Epoch: 44 | train acc: 0.9568, train loss: 0.31675640, valid acc: 0.9272, valid loss: 0.28182850, test acc: 0.9342, test loss: 0.25683219
[2026-06-25 23:32:31,304][root][INFO] - Epoch: 44 | train acc: 0.9357, train loss: 0.49858165, valid acc: 0.9018, valid loss: 0.32673239, test acc: 0.9013, test loss: 0.35305697
[2026-06-25 23:32:32,107][root][INFO] - reg loss: 5.912452760732399, entropy loss: 0.25270079666713496, leaf dev: 0.08332990854978561
[2026-06-25 23:32:32,108][root][INFO] - Val leaf stats: tensor([0.0428, 0.0315, 0.0252, 0.0042, 0.0142, 0.0678, 0.0000, 0.0060, 0.0010,
        0.0008, 0.0330, 0.1180, 0.2413, 0.2078, 0.2047, 0.0017])
[2026-06-25 23:32:34,217][root][INFO] - reg loss: 5.743346601162317, entropy loss: 0.1681627594637421, leaf dev: 0.056862082332372665
[2026-06-25 23:32:34,218][root][INFO] - Val leaf stats: tensor([0.1392, 0.1072, 0.0013, 0.0450, 0.0690, 0.0000, 0.0828, 0.0235, 0.0508,
        0.1793, 0.0327, 0.0672, 0.0492, 0.1523, 0.0005, 0.0000])
[2026-06-25 23:32:34,729][root][INFO] - reg loss: 5.736949605761834, entropy loss: 0.13989039468315412, leaf dev: 0.07574836164712906
[2026-06-25 23:32:34,730][root][INFO] - Val leaf stats: tensor([0.0000e+00, 1.7400e-01, 2.3500e-01, 1.6833e-02, 1.6633e-01, 0.0000e+00,
        1.6667e-04, 6.8000e-02, 1.1333e-02, 1.3350e-01, 4.5500e-02, 8.7167e-02,
        6.3333e-03, 5.3167e-02, 1.6667e-04, 2.5000e-03])
[2026-06-25 23:32:44,976][root][INFO] - Epoch: 29 | train acc: 0.9374, train loss: 0.67585554, valid acc: 0.9140, valid loss: 0.29597513, test acc: 0.8965, test loss: 1.33540695
[2026-06-25 23:32:47,849][root][INFO] - reg loss: 5.371845051094338, entropy loss: 0.11731574786876245, leaf dev: 0.07220800220966339
[2026-06-25 23:32:47,850][root][INFO] - Val leaf stats: tensor([0.0134, 0.0397, 0.0588, 0.0971, 0.0006, 0.0736, 0.2881, 0.0685, 0.0026,
        0.0555, 0.0366, 0.1331, 0.0320, 0.0008, 0.0989, 0.0006])
[2026-06-25 23:32:49,896][root][INFO] - Epoch: 45 | train acc: 0.9463, train loss: 0.58681311, valid acc: 0.9198, valid loss: 0.27169034, test acc: 0.9253, test loss: 0.26005611
[2026-06-25 23:32:52,972][root][INFO] - Epoch: 45 | train acc: 0.9440, train loss: 0.39170294, valid acc: 0.9272, valid loss: 0.27651562, test acc: 0.9253, test loss: 0.27616043
[2026-06-25 23:32:53,729][root][INFO] - reg loss: 5.132440589508921, entropy loss: 0.1013411394548866, leaf dev: 0.07376614958047867
[2026-06-25 23:32:53,730][root][INFO] - Val leaf stats: tensor([0.1785, 0.0568, 0.0585, 0.0000, 0.0000, 0.0000, 0.1795, 0.0767, 0.0000,
        0.0597, 0.0000, 0.0007, 0.2253, 0.0720, 0.0030, 0.0893])
[2026-06-25 23:32:56,181][root][INFO] - reg loss: 5.955540171209371, entropy loss: 0.19739888144551582, leaf dev: 0.06872052699327469
[2026-06-25 23:32:56,182][root][INFO] - Val leaf stats: tensor([0.1333, 0.1173, 0.2228, 0.0232, 0.0980, 0.0022, 0.0007, 0.0385, 0.0000,
        0.0103, 0.0398, 0.0955, 0.0332, 0.1687, 0.0058, 0.0107])
[2026-06-25 23:32:59,186][root][INFO] - Epoch: 46 | train acc: 0.9451, train loss: 0.18994850, valid acc: 0.9282, valid loss: 0.27360415, test acc: 0.9262, test loss: 0.27334346
[2026-06-25 23:33:00,895][root][INFO] - Epoch: 45 | train acc: 0.9363, train loss: 0.49702650, valid acc: 0.9023, valid loss: 0.35970393, test acc: 0.9043, test loss: 0.35989447
[2026-06-25 23:33:01,482][root][INFO] - Epoch: 45 | train acc: 0.9576, train loss: 0.31403852, valid acc: 0.9293, valid loss: 0.27855144, test acc: 0.9359, test loss: 0.24505521
[2026-06-25 23:33:02,895][root][INFO] - reg loss: 5.952305937713048, entropy loss: 0.2508386469112252, leaf dev: 0.07729960978031158
[2026-06-25 23:33:02,896][root][INFO] - Val leaf stats: tensor([0.0613, 0.0422, 0.0312, 0.0037, 0.0205, 0.0723, 0.0000, 0.0065, 0.0015,
        0.0007, 0.0338, 0.1500, 0.2358, 0.2080, 0.1318, 0.0007])
[2026-06-25 23:33:04,659][root][INFO] - reg loss: 5.706897866051152, entropy loss: 0.1704859694219985, leaf dev: 0.0590612068772316
[2026-06-25 23:33:04,660][root][INFO] - Val leaf stats: tensor([0.1473, 0.0942, 0.0017, 0.0465, 0.0530, 0.0000, 0.0810, 0.0203, 0.0460,
        0.1873, 0.0332, 0.0728, 0.0565, 0.1597, 0.0005, 0.0000])
[2026-06-25 23:33:04,937][root][INFO] - reg loss: 5.777609208844742, entropy loss: 0.1375960090531493, leaf dev: 0.07966764271259308
[2026-06-25 23:33:04,938][root][INFO] - Val leaf stats: tensor([0.0000e+00, 1.5650e-01, 1.8283e-01, 1.2833e-02, 1.7233e-01, 0.0000e+00,
        0.0000e+00, 3.8667e-02, 8.0000e-03, 5.3000e-02, 2.4000e-02, 9.1167e-02,
        2.0167e-02, 2.3717e-01, 1.6667e-04, 3.1667e-03])
[2026-06-25 23:33:18,288][root][INFO] - Epoch: 30 | train acc: 0.9402, train loss: 0.66558907, valid acc: 0.9226, valid loss: 0.26972907, test acc: 0.8795, test loss: 1.49552779
[2026-06-25 23:33:21,214][root][INFO] - Epoch: 46 | train acc: 0.9484, train loss: 0.56859144, valid acc: 0.9183, valid loss: 0.28918163, test acc: 0.9221, test loss: 0.28015370
[2026-06-25 23:33:21,244][root][INFO] - reg loss: 5.464398926528043, entropy loss: 0.11646946085981591, leaf dev: 0.06390437483787537
[2026-06-25 23:33:21,245][root][INFO] - Val leaf stats: tensor([0.0226, 0.0663, 0.0582, 0.0969, 0.0007, 0.0727, 0.2555, 0.0726, 0.0023,
        0.0495, 0.0675, 0.1349, 0.0388, 0.0015, 0.0591, 0.0007])
[2026-06-25 23:33:22,980][root][INFO] - Epoch: 46 | train acc: 0.9465, train loss: 0.37837495, valid acc: 0.9312, valid loss: 0.26273378, test acc: 0.9267, test loss: 0.27203963
[2026-06-25 23:33:24,826][root][INFO] - reg loss: 5.097753164903173, entropy loss: 0.09757870857445698, leaf dev: 0.06792569160461426
[2026-06-25 23:33:24,827][root][INFO] - Val leaf stats: tensor([1.9150e-01, 6.6333e-02, 5.9000e-02, 0.0000e+00, 0.0000e+00, 0.0000e+00,
        1.4650e-01, 9.9333e-02, 0.0000e+00, 8.3333e-02, 1.6667e-04, 3.3333e-04,
        1.8867e-01, 7.2167e-02, 2.8333e-03, 8.9833e-02])
[2026-06-25 23:33:26,744][root][INFO] - reg loss: 5.933100434969056, entropy loss: 0.1978718251833376, leaf dev: 0.06888339668512344
[2026-06-25 23:33:26,744][root][INFO] - Val leaf stats: tensor([0.1280, 0.1233, 0.2460, 0.0407, 0.0950, 0.0005, 0.0008, 0.0440, 0.0000,
        0.0112, 0.0293, 0.1005, 0.0233, 0.1298, 0.0073, 0.0202])
[2026-06-25 23:33:30,606][root][INFO] - Epoch: 47 | train acc: 0.9501, train loss: 0.17294629, valid acc: 0.9272, valid loss: 0.27932977, test acc: 0.9262, test loss: 0.26897137
[2026-06-25 23:33:31,608][root][INFO] - Epoch: 46 | train acc: 0.9595, train loss: 0.31048148, valid acc: 0.9313, valid loss: 0.26955877, test acc: 0.9326, test loss: 0.25497604
[2026-06-25 23:33:31,971][root][INFO] - Epoch: 46 | train acc: 0.9332, train loss: 0.49949054, valid acc: 0.9145, valid loss: 0.30751178, test acc: 0.9193, test loss: 0.30297499
[2026-06-25 23:33:34,310][root][INFO] - reg loss: 5.9058372884426475, entropy loss: 0.2495766408600897, leaf dev: 0.07858186960220337
[2026-06-25 23:33:34,311][root][INFO] - Val leaf stats: tensor([0.0708, 0.0500, 0.0263, 0.0037, 0.0312, 0.0817, 0.0000, 0.0080, 0.0012,
        0.0003, 0.0103, 0.1037, 0.2478, 0.2003, 0.1637, 0.0010])
[2026-06-25 23:33:35,466][root][INFO] - reg loss: 5.691980199993782, entropy loss: 0.170875886982342, leaf dev: 0.0539129264652729
[2026-06-25 23:33:35,467][root][INFO] - Val leaf stats: tensor([0.1437, 0.1257, 0.0032, 0.0782, 0.0688, 0.0000, 0.0677, 0.0292, 0.0470,
        0.1590, 0.0325, 0.0677, 0.0408, 0.1363, 0.0003, 0.0000])
[2026-06-25 23:33:35,724][root][INFO] - reg loss: 5.696361028923179, entropy loss: 0.13098872930936092, leaf dev: 0.07674816995859146
[2026-06-25 23:33:35,725][root][INFO] - Val leaf stats: tensor([0.0000, 0.0912, 0.1232, 0.0135, 0.2608, 0.0000, 0.0000, 0.1192, 0.0078,
        0.0703, 0.0368, 0.0848, 0.0133, 0.1767, 0.0000, 0.0023])
[2026-06-25 23:33:51,899][root][INFO] - Epoch: 47 | train acc: 0.9481, train loss: 0.56768501, valid acc: 0.9205, valid loss: 0.27928748, test acc: 0.9275, test loss: 0.26280596
[2026-06-25 23:33:52,203][root][INFO] - Epoch: 31 | train acc: 0.9456, train loss: 0.65247645, valid acc: 0.9262, valid loss: 0.26005555, test acc: 0.9031, test loss: 2.84176470
[2026-06-25 23:33:52,859][root][INFO] - Epoch: 47 | train acc: 0.9490, train loss: 0.36925724, valid acc: 0.9308, valid loss: 0.26190772, test acc: 0.9300, test loss: 0.27244984
[2026-06-25 23:33:54,834][root][INFO] - reg loss: 5.482439475084739, entropy loss: 0.11766356367755819, leaf dev: 0.060267433524131775
[2026-06-25 23:33:54,835][root][INFO] - Val leaf stats: tensor([0.0234, 0.0744, 0.0676, 0.0909, 0.0003, 0.0728, 0.2386, 0.0721, 0.0021,
        0.0597, 0.0651, 0.1348, 0.0365, 0.0034, 0.0576, 0.0007])
[2026-06-25 23:33:55,427][root][INFO] - reg loss: 5.124731144815121, entropy loss: 0.09817977425343585, leaf dev: 0.06959892809391022
[2026-06-25 23:33:55,428][root][INFO] - Val leaf stats: tensor([1.8533e-01, 5.7167e-02, 4.6833e-02, 0.0000e+00, 0.0000e+00, 0.0000e+00,
        1.8300e-01, 7.3333e-02, 1.6667e-04, 1.1450e-01, 0.0000e+00, 3.3333e-04,
        1.7283e-01, 7.5833e-02, 2.6667e-03, 8.8000e-02])
[2026-06-25 23:33:56,470][root][INFO] - reg loss: 5.890828960346726, entropy loss: 0.19863829775801245, leaf dev: 0.06722348183393478
[2026-06-25 23:33:56,471][root][INFO] - Val leaf stats: tensor([0.1387, 0.0877, 0.2372, 0.0447, 0.0965, 0.0012, 0.0008, 0.0470, 0.0000,
        0.0082, 0.0073, 0.0712, 0.0308, 0.1568, 0.0242, 0.0478])
[2026-06-25 23:34:01,486][root][INFO] - Epoch: 48 | train acc: 0.9509, train loss: 0.17075659, valid acc: 0.9198, valid loss: 0.29931228, test acc: 0.9235, test loss: 0.28030441
[2026-06-25 23:34:02,423][root][INFO] - Epoch: 47 | train acc: 0.9582, train loss: 0.32052106, valid acc: 0.9292, valid loss: 0.27935578, test acc: 0.9374, test loss: 0.23510634
[2026-06-25 23:34:03,286][root][INFO] - Epoch: 47 | train acc: 0.9430, train loss: 0.46527904, valid acc: 0.9235, valid loss: 0.33503158, test acc: 0.9228, test loss: 0.32831564
[2026-06-25 23:34:04,756][root][INFO] - reg loss: 5.856630698689875, entropy loss: 0.24165987532656147, leaf dev: 0.06709782779216766
[2026-06-25 23:34:04,757][root][INFO] - Val leaf stats: tensor([1.8617e-01, 1.0217e-01, 4.8833e-02, 9.0000e-03, 7.2667e-02, 1.1533e-01,
        0.0000e+00, 1.1833e-02, 3.3333e-04, 1.6667e-04, 6.8333e-03, 6.5500e-02,
        2.0567e-01, 1.1733e-01, 5.7833e-02, 3.3333e-04])
[2026-06-25 23:34:06,071][root][INFO] - reg loss: 5.807022045243461, entropy loss: 0.17519973991614468, leaf dev: 0.05237896367907524
[2026-06-25 23:34:06,072][root][INFO] - Val leaf stats: tensor([0.1360, 0.1237, 0.0030, 0.0593, 0.0615, 0.0000, 0.0758, 0.0187, 0.0473,
        0.1755, 0.0327, 0.0648, 0.0463, 0.1220, 0.0333, 0.0000])
[2026-06-25 23:34:06,329][root][INFO] - reg loss: 5.682358899206485, entropy loss: 0.13095988825244723, leaf dev: 0.07111670076847076
[2026-06-25 23:34:06,330][root][INFO] - Val leaf stats: tensor([0.0000, 0.1118, 0.1625, 0.0193, 0.2083, 0.0000, 0.0000, 0.0857, 0.0210,
        0.1330, 0.0198, 0.0593, 0.0140, 0.1615, 0.0000, 0.0037])
[2026-06-25 23:34:23,204][root][INFO] - Epoch: 48 | train acc: 0.9453, train loss: 0.55937761, valid acc: 0.9202, valid loss: 0.28018234, test acc: 0.9219, test loss: 0.27430717
[2026-06-25 23:34:23,768][root][INFO] - Epoch: 48 | train acc: 0.9521, train loss: 0.35776171, valid acc: 0.9277, valid loss: 0.26357906, test acc: 0.9295, test loss: 0.26754839
[2026-06-25 23:34:24,267][root][INFO] - Epoch: 32 | train acc: 0.9484, train loss: 0.64833599, valid acc: 0.9250, valid loss: 0.25809427, test acc: 0.9035, test loss: 3.02675732
[2026-06-25 23:34:26,836][root][INFO] - reg loss: 5.568745920897792, entropy loss: 0.1187066070380665, leaf dev: 0.06280848383903503
[2026-06-25 23:34:26,838][root][INFO] - Val leaf stats: tensor([0.0173, 0.0670, 0.0651, 0.0949, 0.0003, 0.0739, 0.2497, 0.0713, 0.0021,
        0.0572, 0.0651, 0.1354, 0.0392, 0.0029, 0.0579, 0.0007])
[2026-06-25 23:34:27,295][root][INFO] - reg loss: 5.855816818633169, entropy loss: 0.1939857174765389, leaf dev: 0.06886850297451019
[2026-06-25 23:34:27,296][root][INFO] - Val leaf stats: tensor([0.1345, 0.1000, 0.2398, 0.0465, 0.0985, 0.0010, 0.0010, 0.0485, 0.0000,
        0.0083, 0.0083, 0.0788, 0.0127, 0.1580, 0.0200, 0.0440])
[2026-06-25 23:34:27,332][root][INFO] - reg loss: 5.073226316919866, entropy loss: 0.0930567038649658, leaf dev: 0.07412184774875641
[2026-06-25 23:34:27,333][root][INFO] - Val leaf stats: tensor([0.1860, 0.0775, 0.0532, 0.0000, 0.0000, 0.0000, 0.1655, 0.0870, 0.0000,
        0.0393, 0.0000, 0.0000, 0.2280, 0.0722, 0.0032, 0.0882])
[2026-06-25 23:34:31,578][root][INFO] - Epoch: 49 | train acc: 0.9481, train loss: 0.17964542, valid acc: 0.9258, valid loss: 0.27333479, test acc: 0.9309, test loss: 0.25266826
[2026-06-25 23:34:32,335][root][INFO] - Epoch: 48 | train acc: 0.9613, train loss: 0.30984522, valid acc: 0.9290, valid loss: 0.26770977, test acc: 0.9377, test loss: 0.23852040
[2026-06-25 23:34:34,150][root][INFO] - Epoch: 48 | train acc: 0.9406, train loss: 0.47362909, valid acc: 0.9192, valid loss: 0.30060096, test acc: 0.9210, test loss: 0.28837559
[2026-06-25 23:34:35,118][root][INFO] - reg loss: 5.873250151580235, entropy loss: 0.24422486843365543, leaf dev: 0.06950949877500534
[2026-06-25 23:34:35,119][root][INFO] - Val leaf stats: tensor([1.7667e-01, 1.0917e-01, 3.3833e-02, 5.0000e-04, 5.4000e-02, 1.0333e-01,
        0.0000e+00, 1.3333e-02, 5.0000e-04, 1.6667e-04, 1.0500e-02, 7.2000e-02,
        2.2133e-01, 1.3150e-01, 7.3167e-02, 0.0000e+00])
[2026-06-25 23:34:35,614][root][INFO] - reg loss: 5.761116185278262, entropy loss: 0.1734162039070759, leaf dev: 0.05364616587758064
[2026-06-25 23:34:35,615][root][INFO] - Val leaf stats: tensor([0.1325, 0.1305, 0.0032, 0.0630, 0.0573, 0.0000, 0.0823, 0.0255, 0.0590,
        0.1852, 0.0338, 0.0788, 0.0272, 0.1003, 0.0213, 0.0000])
[2026-06-25 23:34:37,778][root][INFO] - reg loss: 5.651594877243042, entropy loss: 0.13045018159274785, leaf dev: 0.07874802500009537
[2026-06-25 23:34:37,780][root][INFO] - Val leaf stats: tensor([0.0000, 0.1270, 0.1770, 0.0118, 0.2108, 0.0000, 0.0000, 0.0677, 0.0123,
        0.0908, 0.0138, 0.0487, 0.0143, 0.2183, 0.0000, 0.0073])
[2026-06-25 23:34:38,671][root][INFO] - Val leaf stats: tensor([1.7667e-01, 1.0917e-01, 3.3833e-02, 5.0000e-04, 5.4000e-02, 1.0333e-01,
        0.0000e+00, 1.3333e-02, 5.0000e-04, 1.6667e-04, 1.0500e-02, 7.2000e-02,
        2.2133e-01, 1.3150e-01, 7.3167e-02, 0.0000e+00])
[2026-06-25 23:34:43,957][root][INFO] - Test leaf std: 0.07023578137159348, Val leaf std: 0.06950949877500534
[2026-06-25 23:34:48,694][root][INFO] - FINAL TEST | acc: 0.9309, loss: 0.2527, 
[2026-06-25 23:34:48,815][root][INFO] - MLFlow run ID: 4a2fc9f4c333430489897e2d371f7472, status: FINISHED
[2026-06-25 23:34:50,572][root][INFO] - MLFlow server is starting on LOCAL with experiment STM_MNIST_hard_seeded...
[2026-06-25 23:34:50,626][root][INFO] - MLFlow run ID: b900b6cf527a40a28c37d5f78290cf49, status: RUNNING
[2026-06-25 23:34:50,686][root][INFO] - Starting experiment IATrain...
[2026-06-25 23:34:52,621][root][INFO] - Epoch: 49 | train acc: 0.9533, train loss: 0.34767796, valid acc: 0.9308, valid loss: 0.26163851, test acc: 0.9296, test loss: 0.26623806
[2026-06-25 23:34:53,275][root][INFO] - Epoch: 49 | train acc: 0.9352, train loss: 0.58434311, valid acc: 0.8512, valid loss: 0.47201893, test acc: 0.8635, test loss: 0.44521923
[2026-06-25 23:34:55,854][root][INFO] - Epoch: 33 | train acc: 0.9492, train loss: 0.63264635, valid acc: 0.9276, valid loss: 0.24919566, test acc: 0.9026, test loss: 3.12025786
[2026-06-25 23:34:55,935][root][INFO] - reg loss: 5.900498318222334, entropy loss: 0.18797966177171133, leaf dev: 0.06550420075654984
[2026-06-25 23:34:55,936][root][INFO] - Val leaf stats: tensor([0.1322, 0.1218, 0.2102, 0.0325, 0.1005, 0.0000, 0.0010, 0.0492, 0.0000,
        0.0092, 0.0115, 0.0868, 0.0162, 0.1618, 0.0205, 0.0467])
[2026-06-25 23:34:56,823][root][INFO] - reg loss: 5.082595996136935, entropy loss: 0.08949341196215378, leaf dev: 0.09603766351938248
[2026-06-25 23:34:56,825][root][INFO] - Val leaf stats: tensor([0.2122, 0.0768, 0.1093, 0.0000, 0.0000, 0.0000, 0.3397, 0.1298, 0.0000,
        0.0035, 0.0000, 0.0000, 0.0477, 0.0268, 0.0018, 0.0523])
[2026-06-25 23:34:58,013][root][INFO] - reg loss: 5.5302971204121905, entropy loss: 0.11590203658613578, leaf dev: 0.05866599455475807
[2026-06-25 23:34:58,015][root][INFO] - Val leaf stats: tensor([0.0131, 0.0799, 0.0602, 0.0889, 0.0003, 0.0742, 0.2266, 0.0595, 0.0016,
        0.0577, 0.0826, 0.1367, 0.0465, 0.0035, 0.0681, 0.0007])
[2026-06-25 23:34:58,529][root][INFO] - Val leaf stats: tensor([0.1322, 0.1218, 0.2102, 0.0325, 0.1005, 0.0000, 0.0010, 0.0492, 0.0000,
        0.0092, 0.0115, 0.0868, 0.0162, 0.1618, 0.0205, 0.0467])
[2026-06-25 23:34:59,288][root][INFO] - MLFlow server is starting on LOCAL with experiment STM_MNIST_hard_seeded...
[2026-06-25 23:34:59,363][root][INFO] - MLFlow server is starting on LOCAL with experiment STM_MNIST_hard_seeded...
[2026-06-25 23:34:59,382][root][INFO] - MLFlow run ID: 67d9da624cdf415380921a6b02abebc7, status: RUNNING
[2026-06-25 23:34:59,435][root][INFO] - MLFlow run ID: f4b3ad23f6db43bf89b9a7d9b3516d21, status: RUNNING
[2026-06-25 23:34:59,453][root][INFO] - Starting experiment IATrain...
[2026-06-25 23:34:59,547][root][INFO] - Starting experiment IATrain...
[2026-06-25 23:35:00,135][root][INFO] - Val leaf stats: tensor([0.2122, 0.0768, 0.1093, 0.0000, 0.0000, 0.0000, 0.3397, 0.1298, 0.0000,
        0.0035, 0.0000, 0.0000, 0.0477, 0.0268, 0.0018, 0.0523])
[2026-06-25 23:35:01,442][root][INFO] - Epoch: 49 | train acc: 0.9610, train loss: 0.30905165, valid acc: 0.9333, valid loss: 0.26753610, test acc: 0.9355, test loss: 0.24574326
[2026-06-25 23:35:01,828][root][INFO] - Epoch: 49 | train acc: 0.9434, train loss: 0.47291456, valid acc: 0.9292, valid loss: 0.26982174, test acc: 0.9282, test loss: 0.27305468
[2026-06-25 23:35:02,991][root][INFO] - Test leaf std: 0.0635983869433403, Val leaf std: 0.06550420075654984
[2026-06-25 23:35:04,731][root][INFO] - Test leaf std: 0.09491145610809326, Val leaf std: 0.09603766351938248
[2026-06-25 23:35:04,999][root][INFO] - reg loss: 5.754294939760892, entropy loss: 0.17467763134331074, leaf dev: 0.05065295845270157
[2026-06-25 23:35:05,000][root][INFO] - Val leaf stats: tensor([0.1535, 0.1197, 0.0030, 0.0633, 0.0682, 0.0000, 0.0778, 0.0263, 0.0572,
        0.1608, 0.0363, 0.0750, 0.0375, 0.0983, 0.0230, 0.0000])
[2026-06-25 23:35:05,177][root][INFO] - reg loss: 5.693843648118793, entropy loss: 0.13637019651678373, leaf dev: 0.07135609537363052
[2026-06-25 23:35:05,178][root][INFO] - Val leaf stats: tensor([0.0000, 0.1062, 0.1593, 0.0283, 0.2160, 0.0000, 0.0000, 0.0700, 0.0178,
        0.1353, 0.0220, 0.0580, 0.0137, 0.1647, 0.0000, 0.0087])
[2026-06-25 23:35:06,635][root][INFO] - MLFlow server is starting on LOCAL with experiment STM_MNIST_hard_seeded...
[2026-06-25 23:35:06,745][root][INFO] - MLFlow run ID: 0cd45a6d0fce455385f3c534c5ca937e, status: RUNNING
[2026-06-25 23:35:06,828][root][INFO] - Starting experiment IATrain...
[2026-06-25 23:35:07,480][root][INFO] - FINAL TEST | acc: 0.9296, loss: 0.2662, 
[2026-06-25 23:35:07,596][root][INFO] - MLFlow run ID: 7bb1197859234f29816d31c54bf4628f, status: FINISHED
[2026-06-25 23:35:08,240][root][INFO] - Val leaf stats: tensor([0.1535, 0.1197, 0.0030, 0.0633, 0.0682, 0.0000, 0.0778, 0.0263, 0.0572,
        0.1608, 0.0363, 0.0750, 0.0375, 0.0983, 0.0230, 0.0000])
[2026-06-25 23:35:08,518][root][INFO] - Val leaf stats: tensor([0.0000, 0.1062, 0.1593, 0.0283, 0.2160, 0.0000, 0.0000, 0.0700, 0.0178,
        0.1353, 0.0220, 0.0580, 0.0137, 0.1647, 0.0000, 0.0087])
[2026-06-25 23:35:08,749][root][INFO] - FINAL TEST | acc: 0.8635, loss: 0.4452, 
[2026-06-25 23:35:08,911][root][INFO] - MLFlow run ID: d66a2fb7818a469bbf2244a04c4d1c28, status: FINISHED
[2026-06-25 23:35:12,899][root][INFO] - Test leaf std: 0.07195315510034561, Val leaf std: 0.07135609537363052
[2026-06-25 23:35:13,021][root][INFO] - Test leaf std: 0.052049681544303894, Val leaf std: 0.05065295845270157
[2026-06-25 23:35:15,094][root][INFO] - Epoch: 0 | train acc: 0.5783, train loss: 4.21469760, valid acc: 0.6250, valid loss: 1.08264428, test acc: 0.6370, test loss: 1.07343265
[2026-06-25 23:35:17,127][root][INFO] - FINAL TEST | acc: 0.9355, loss: 0.2457, 
[2026-06-25 23:35:17,146][root][INFO] - FINAL TEST | acc: 0.9282, loss: 0.2731, 
