[2026-06-26 01:44:16,968][root][INFO] - Feature size: (13, 61)
[2026-06-26 01:44:20,912][root][INFO] - MLFlow server is starting on LOCAL with experiment STM_SC_hard_seeded...
[2026-06-26 01:44:21,011][root][INFO] - MLFlow run ID: f305cd722f0247ddbbdafb6d379c8c2b, status: RUNNING
[2026-06-26 01:44:21,097][root][INFO] - Starting experiment IATrain...
[2026-06-26 01:44:44,196][root][INFO] - Epoch: 0 | train acc: 0.1647, train loss: 2.36358616, valid acc: 0.2295, valid loss: 2.04624318, test acc: 0.2288, test loss: 2.03475522
[2026-06-26 01:44:46,121][root][INFO] - reg loss: 5.178774231769999, entropy loss: 0.13173051960155613, leaf dev: 0.10560417175292969
[2026-06-26 01:44:46,122][root][INFO] - Val leaf stats: tensor([1.3503e-03, 1.4799e-01, 2.7005e-04, 3.1677e-01, 8.3716e-03, 2.4305e-03,
        1.4043e-02, 1.2692e-02, 3.8617e-02, 6.7513e-03, 2.8679e-01, 1.5258e-01,
        2.1604e-03, 2.1604e-03, 4.3208e-03, 2.7005e-03])
[2026-06-26 01:44:46,343][root][INFO] - Feature size: (13, 61)
[2026-06-26 01:44:46,789][root][INFO] - Feature size: (13, 61)
[2026-06-26 01:44:49,180][root][INFO] - MLFlow server is starting on LOCAL with experiment STM_SC_hard_seeded...
[2026-06-26 01:44:49,317][root][INFO] - MLFlow run ID: 8797a6d2f7304605a32bcce938365be4, status: RUNNING
[2026-06-26 01:44:49,445][root][INFO] - Starting experiment IATrain...
[2026-06-26 01:44:50,194][root][INFO] - MLFlow server is starting on LOCAL with experiment STM_SC_hard_seeded...
[2026-06-26 01:44:50,316][root][INFO] - MLFlow run ID: 63d3647f3ea745aa8b687fe819c42881, status: RUNNING
[2026-06-26 01:44:50,407][root][INFO] - Starting experiment IATrain...
[2026-06-26 01:45:12,878][root][INFO] - Epoch: 1 | train acc: 0.2990, train loss: 2.01719434, valid acc: 0.3208, valid loss: 1.91909330, test acc: 0.3220, test loss: 1.89953153
[2026-06-26 01:45:16,286][root][INFO] - Epoch: 0 | train acc: 0.1515, train loss: 2.50051878, valid acc: 0.2106, valid loss: 2.10936308, test acc: 0.2104, test loss: 2.10016306
[2026-06-26 01:45:17,033][root][INFO] - reg loss: 4.594614427597796, entropy loss: 0.07940212795968915, leaf dev: 0.11156368255615234
[2026-06-26 01:45:17,034][root][INFO] - Val leaf stats: tensor([1.8904e-03, 3.4297e-02, 2.7005e-04, 9.4518e-02, 7.8315e-03, 0.0000e+00,
        1.4043e-02, 9.5868e-02, 4.8609e-03, 1.8904e-03, 2.9355e-01, 3.7645e-01,
        1.2152e-02, 7.2914e-03, 2.6195e-02, 2.8895e-02])
[2026-06-26 01:45:18,332][root][INFO] - Epoch: 0 | train acc: 0.1737, train loss: 2.65673416, valid acc: 0.2533, valid loss: 2.09964010, test acc: 0.2479, test loss: 2.07743548
[2026-06-26 01:45:20,460][root][INFO] - reg loss: 5.058385919352046, entropy loss: 0.12013670802116394, leaf dev: 0.09644701331853867
[2026-06-26 01:45:20,469][root][INFO] - Val leaf stats: tensor([2.4305e-03, 1.3638e-01, 5.4010e-04, 3.1596e-02, 3.2352e-01, 4.3208e-03,
        2.7005e-04, 1.9444e-02, 5.5631e-02, 1.2962e-02, 1.9633e-01, 1.8742e-01,
        9.1817e-03, 2.7005e-04, 1.0802e-03, 1.8634e-02])
[2026-06-26 01:45:22,064][root][INFO] - reg loss: 4.76272641635332, entropy loss: 0.09921896653097184, leaf dev: 0.14899501204490662
[2026-06-26 01:45:22,066][root][INFO] - Val leaf stats: tensor([1.6203e-03, 1.8904e-03, 2.9706e-03, 1.0802e-03, 8.6416e-03, 5.3200e-02,
        3.5107e-03, 1.6203e-03, 2.2954e-02, 3.7807e-03, 0.0000e+00, 5.4010e-04,
        4.5099e-02, 5.4766e-01, 5.4010e-03, 3.0003e-01])
[2026-06-26 01:45:44,865][root][INFO] - Epoch: 2 | train acc: 0.3541, train loss: 1.86220218, valid acc: 0.3581, valid loss: 1.79645871, test acc: 0.3490, test loss: 1.78370266
[2026-06-26 01:45:48,187][root][INFO] - Epoch: 1 | train acc: 0.2629, train loss: 2.17644577, valid acc: 0.2876, valid loss: 1.99822009, test acc: 0.2779, test loss: 1.99141683
[2026-06-26 01:45:48,273][root][INFO] - reg loss: 4.45120265053921, entropy loss: 0.06770126289520108, leaf dev: 0.10228275507688522
[2026-06-26 01:45:48,274][root][INFO] - Val leaf stats: tensor([1.6203e-03, 1.2206e-01, 0.0000e+00, 8.1015e-02, 1.3503e-02, 5.4010e-04,
        2.7815e-02, 1.0991e-01, 1.2692e-02, 5.4010e-04, 2.9112e-01, 3.1596e-01,
        7.5614e-03, 2.7005e-04, 5.6711e-03, 9.7218e-03])
[2026-06-26 01:45:49,942][root][INFO] - Epoch: 1 | train acc: 0.2733, train loss: 2.23055881, valid acc: 0.2935, valid loss: 1.99154262, test acc: 0.2803, test loss: 1.98289502
[2026-06-26 01:45:51,798][root][INFO] - reg loss: 4.783893671192106, entropy loss: 0.08324683640823989, leaf dev: 0.09260085225105286
[2026-06-26 01:45:51,799][root][INFO] - Val leaf stats: tensor([0.0014, 0.1426, 0.0000, 0.0130, 0.1372, 0.0113, 0.0014, 0.0149, 0.0546,
        0.0057, 0.2587, 0.2787, 0.0113, 0.0016, 0.0073, 0.0605])
[2026-06-26 01:45:54,392][root][INFO] - reg loss: 4.5723652839660645, entropy loss: 0.06398453068782071, leaf dev: 0.15286828577518463
[2026-06-26 01:45:54,393][root][INFO] - Val leaf stats: tensor([1.0802e-03, 5.9411e-03, 2.9706e-03, 1.0802e-03, 1.8904e-03, 7.2914e-02,
        6.2112e-03, 2.1064e-02, 3.3216e-02, 2.8085e-02, 2.7005e-04, 5.4010e-04,
        5.4010e-03, 5.9654e-01, 5.4010e-04, 2.2225e-01])
[2026-06-26 01:46:16,861][root][INFO] - Epoch: 3 | train acc: 0.3679, train loss: 1.83030228, valid acc: 0.3729, valid loss: 1.80257599, test acc: 0.3640, test loss: 1.77778725
[2026-06-26 01:46:20,573][root][INFO] - Epoch: 2 | train acc: 0.3194, train loss: 2.00717474, valid acc: 0.3438, valid loss: 1.80632967, test acc: 0.3299, test loss: 1.85142095
[2026-06-26 01:46:20,791][root][INFO] - reg loss: 4.434566349279685, entropy loss: 0.0607533010302997, leaf dev: 0.09904589504003525
[2026-06-26 01:46:20,793][root][INFO] - Val leaf stats: tensor([5.4010e-04, 1.6365e-01, 0.0000e+00, 1.6149e-01, 4.5909e-03, 2.7005e-04,
        5.4010e-04, 1.6203e-02, 8.2636e-02, 6.7513e-03, 2.1631e-01, 3.2028e-01,
        3.5107e-03, 1.3503e-03, 1.2962e-02, 8.9117e-03])
[2026-06-26 01:46:22,916][root][INFO] - Epoch: 2 | train acc: 0.3125, train loss: 2.08158669, valid acc: 0.3216, valid loss: 1.85992154, test acc: 0.3208, test loss: 1.84923089
[2026-06-26 01:46:24,835][root][INFO] - reg loss: 4.67042899522625, entropy loss: 0.07538341291126657, leaf dev: 0.09731528908014297
[2026-06-26 01:46:24,836][root][INFO] - Val leaf stats: tensor([0.0005, 0.1388, 0.0005, 0.0051, 0.1348, 0.0051, 0.0059, 0.0338, 0.1050,
        0.0189, 0.1458, 0.3635, 0.0329, 0.0041, 0.0035, 0.0016])
[2026-06-26 01:46:27,237][root][INFO] - reg loss: 4.466511358980273, entropy loss: 0.05432126298546791, leaf dev: 0.12997761368751526
[2026-06-26 01:46:27,239][root][INFO] - Val leaf stats: tensor([0.0005, 0.0043, 0.0005, 0.0027, 0.0022, 0.0427, 0.0092, 0.0078, 0.1029,
        0.0473, 0.0005, 0.0005, 0.0043, 0.3535, 0.0014, 0.4197])
[2026-06-26 01:46:49,216][root][INFO] - Epoch: 4 | train acc: 0.4065, train loss: 1.71471178, valid acc: 0.4053, valid loss: 1.67880806, test acc: 0.3942, test loss: 1.69730444
[2026-06-26 01:46:53,124][root][INFO] - reg loss: 4.332393396096151, entropy loss: 0.05415832886441809, leaf dev: 0.10386558622121811
[2026-06-26 01:46:53,125][root][INFO] - Val leaf stats: tensor([0.0005, 0.1750, 0.0005, 0.2033, 0.0019, 0.0000, 0.0000, 0.0111, 0.0286,
        0.0046, 0.2790, 0.2709, 0.0089, 0.0011, 0.0054, 0.0092])
[2026-06-26 01:46:53,570][root][INFO] - Epoch: 3 | train acc: 0.3515, train loss: 1.90637941, valid acc: 0.3473, valid loss: 1.86930054, test acc: 0.3505, test loss: 1.86471994
[2026-06-26 01:46:54,578][root][INFO] - Epoch: 3 | train acc: 0.3377, train loss: 1.96431424, valid acc: 0.3489, valid loss: 1.80629069, test acc: 0.3427, test loss: 1.79329711
[2026-06-26 01:46:57,860][root][INFO] - reg loss: 4.582525605061015, entropy loss: 0.06463454053050181, leaf dev: 0.10179298371076584
[2026-06-26 01:46:57,861][root][INFO] - Val leaf stats: tensor([0.0316, 0.2741, 0.0005, 0.0216, 0.3359, 0.0043, 0.0111, 0.0564, 0.0089,
        0.0035, 0.0996, 0.1196, 0.0284, 0.0022, 0.0014, 0.0008])
[2026-06-26 01:46:58,836][root][INFO] - reg loss: 4.435201207145315, entropy loss: 0.051093578399693376, leaf dev: 0.124370276927948
[2026-06-26 01:46:58,837][root][INFO] - Val leaf stats: tensor([8.1015e-04, 6.4812e-03, 1.0802e-03, 3.7807e-03, 1.2962e-02, 6.5082e-02,
        1.2692e-02, 1.3503e-02, 1.3881e-01, 7.2914e-03, 8.1015e-04, 2.7005e-04,
        4.0508e-03, 4.0535e-01, 1.3503e-03, 3.2568e-01])
[2026-06-26 01:47:20,537][root][INFO] - Epoch: 5 | train acc: 0.4336, train loss: 1.60782328, valid acc: 0.4278, valid loss: 1.59943697, test acc: 0.4102, test loss: 1.63372014
[2026-06-26 01:47:24,107][root][INFO] - reg loss: 4.332065738615443, entropy loss: 0.05370642886054321, leaf dev: 0.10085317492485046
[2026-06-26 01:47:24,109][root][INFO] - Val leaf stats: tensor([0.0005, 0.2873, 0.0008, 0.1199, 0.0108, 0.0000, 0.0008, 0.0197, 0.0221,
        0.0149, 0.2711, 0.2060, 0.0292, 0.0049, 0.0051, 0.0068])
[2026-06-26 01:47:26,599][root][INFO] - Epoch: 4 | train acc: 0.3928, train loss: 1.78873163, valid acc: 0.4134, valid loss: 1.68444757, test acc: 0.3986, test loss: 1.68355770
[2026-06-26 01:47:27,560][root][INFO] - Epoch: 4 | train acc: 0.3427, train loss: 1.95380841, valid acc: 0.3451, valid loss: 1.81633195, test acc: 0.3250, test loss: 1.81176789
[2026-06-26 01:47:30,708][root][INFO] - reg loss: 4.450587194474017, entropy loss: 0.053818495669325846, leaf dev: 0.09757708013057709
[2026-06-26 01:47:30,709][root][INFO] - Val leaf stats: tensor([0.0024, 0.2325, 0.0014, 0.0321, 0.0824, 0.0059, 0.0011, 0.0132, 0.1034,
        0.0162, 0.0972, 0.3459, 0.0556, 0.0016, 0.0043, 0.0046])
[2026-06-26 01:47:31,404][root][INFO] - reg loss: 4.4491735051889885, entropy loss: 0.04917191158308357, leaf dev: 0.10212267935276031
[2026-06-26 01:47:31,406][root][INFO] - Val leaf stats: tensor([8.1015e-04, 1.5123e-02, 5.4010e-04, 2.4305e-03, 1.3503e-03, 1.1504e-01,
        5.9411e-03, 2.4575e-02, 1.3233e-01, 7.0213e-03, 0.0000e+00, 5.4010e-04,
        1.4529e-01, 3.6268e-01, 2.7005e-04, 1.8607e-01])
[2026-06-26 01:47:52,193][root][INFO] - Epoch: 6 | train acc: 0.4484, train loss: 1.56437830, valid acc: 0.4364, valid loss: 1.56948946, test acc: 0.4151, test loss: 1.60243098
[2026-06-26 01:47:56,444][root][INFO] - reg loss: 4.348478590855833, entropy loss: 0.05189918555685731, leaf dev: 0.09770604223012924
[2026-06-26 01:47:56,445][root][INFO] - Val leaf stats: tensor([5.4010e-04, 3.0894e-01, 1.0802e-03, 9.8839e-02, 1.4313e-02, 0.0000e+00,
        2.7005e-04, 1.6743e-02, 4.0238e-02, 3.3486e-02, 2.0092e-01, 2.3575e-01,
        3.5107e-02, 3.5107e-03, 7.5614e-03, 2.7005e-03])
[2026-06-26 01:47:58,804][root][INFO] - Epoch: 5 | train acc: 0.3941, train loss: 1.76025551, valid acc: 0.4056, valid loss: 1.64902547, test acc: 0.3920, test loss: 1.69085920
[2026-06-26 01:47:59,770][root][INFO] - Epoch: 5 | train acc: 0.3617, train loss: 1.88954540, valid acc: 0.3997, valid loss: 1.72284134, test acc: 0.3824, test loss: 1.69381160
[2026-06-26 01:48:02,976][root][INFO] - reg loss: 4.363326572981037, entropy loss: 0.05199070946603525, leaf dev: 0.11877862364053726
[2026-06-26 01:48:02,977][root][INFO] - Val leaf stats: tensor([0.0019, 0.1210, 0.0022, 0.0019, 0.0643, 0.0070, 0.0008, 0.0113, 0.1574,
        0.0138, 0.0567, 0.4720, 0.0624, 0.0089, 0.0078, 0.0105])
[2026-06-26 01:48:03,924][root][INFO] - reg loss: 4.43314293564343, entropy loss: 0.044967492340040986, leaf dev: 0.09286399185657501
[2026-06-26 01:48:03,925][root][INFO] - Val leaf stats: tensor([0.0011, 0.0338, 0.0019, 0.0011, 0.0005, 0.2339, 0.0008, 0.0108, 0.1453,
        0.0073, 0.0005, 0.0005, 0.1088, 0.2090, 0.0014, 0.2433])
[2026-06-26 01:48:23,853][root][INFO] - Epoch: 7 | train acc: 0.4716, train loss: 1.49816669, valid acc: 0.4537, valid loss: 1.51669487, test acc: 0.4438, test loss: 1.54478897
[2026-06-26 01:48:27,844][root][INFO] - reg loss: 4.32461802685847, entropy loss: 0.05077633316643902, leaf dev: 0.09438639134168625
[2026-06-26 01:48:27,845][root][INFO] - Val leaf stats: tensor([0.0011, 0.2630, 0.0008, 0.0640, 0.0065, 0.0000, 0.0000, 0.0051, 0.0389,
        0.0459, 0.2398, 0.2371, 0.0708, 0.0019, 0.0200, 0.0051])
[2026-06-26 01:48:29,971][root][INFO] - Epoch: 6 | train acc: 0.4392, train loss: 1.64663618, valid acc: 0.4626, valid loss: 1.55868456, test acc: 0.4433, test loss: 1.60250366
[2026-06-26 01:48:32,227][root][INFO] - Epoch: 6 | train acc: 0.4522, train loss: 1.67102161, valid acc: 0.4572, valid loss: 1.55148587, test acc: 0.4377, test loss: 1.57747529
[2026-06-26 01:48:34,211][root][INFO] - reg loss: 4.3019643220745145, entropy loss: 0.04800561168154732, leaf dev: 0.12435245513916016
[2026-06-26 01:48:34,214][root][INFO] - Val leaf stats: tensor([1.0802e-03, 1.0451e-01, 1.3503e-03, 2.7005e-03, 9.0197e-02, 7.5614e-03,
        5.4010e-04, 9.4518e-03, 1.3314e-01, 9.9919e-03, 8.1015e-02, 4.9770e-01,
        5.5901e-02, 3.7807e-03, 2.7005e-04, 8.1015e-04])
[2026-06-26 01:48:36,336][root][INFO] - reg loss: 4.378845402451812, entropy loss: 0.04511502800417728, leaf dev: 0.10776064544916153
[2026-06-26 01:48:36,337][root][INFO] - Val leaf stats: tensor([5.4010e-04, 1.2692e-02, 4.0508e-03, 1.0802e-03, 8.1015e-04, 3.2460e-01,
        2.7005e-04, 1.0262e-02, 1.4988e-01, 7.0213e-03, 0.0000e+00, 1.6203e-03,
        4.1048e-02, 1.5825e-01, 1.8904e-03, 2.8598e-01])
[2026-06-26 01:48:57,115][root][INFO] - Epoch: 8 | train acc: 0.4824, train loss: 1.46125372, valid acc: 0.4639, valid loss: 1.48908240, test acc: 0.4465, test loss: 1.50853818
[2026-06-26 01:49:01,167][root][INFO] - reg loss: 4.2813003180456946, entropy loss: 0.047190977840638554, leaf dev: 0.11706206202507019
[2026-06-26 01:49:01,168][root][INFO] - Val leaf stats: tensor([0.0011, 0.3311, 0.0024, 0.0786, 0.0070, 0.0000, 0.0005, 0.0068, 0.0008,
        0.0486, 0.3535, 0.1574, 0.0035, 0.0008, 0.0054, 0.0024])
[2026-06-26 01:49:01,614][root][INFO] - Epoch: 7 | train acc: 0.4246, train loss: 1.69711180, valid acc: 0.3605, valid loss: 1.73202418, test acc: 0.3652, test loss: 1.80655378
[2026-06-26 01:49:03,705][root][INFO] - Epoch: 7 | train acc: 0.4857, train loss: 1.57919869, valid acc: 0.4953, valid loss: 1.43842217, test acc: 0.4708, test loss: 1.49246934
[2026-06-26 01:49:05,867][root][INFO] - reg loss: 4.291747648207868, entropy loss: 0.04503745585680008, leaf dev: 0.11670304089784622
[2026-06-26 01:49:05,868][root][INFO] - Val leaf stats: tensor([1.3503e-03, 1.8877e-01, 2.9706e-03, 1.8363e-02, 5.1310e-03, 4.0508e-03,
        5.4010e-04, 4.0508e-03, 4.2803e-01, 1.9282e-01, 6.7513e-03, 5.6171e-02,
        8.4526e-02, 3.5107e-03, 2.7005e-04, 2.7005e-03])
[2026-06-26 01:49:07,840][root][INFO] - reg loss: 4.326416633168205, entropy loss: 0.04041599378478332, leaf dev: 0.10583177208900452
[2026-06-26 01:49:07,841][root][INFO] - Val leaf stats: tensor([3.2406e-03, 2.3224e-02, 6.2112e-03, 2.4305e-03, 8.1015e-04, 3.4648e-01,
        1.0802e-03, 1.9444e-02, 2.4602e-01, 5.9411e-03, 2.7005e-04, 1.0802e-03,
        3.2946e-02, 1.4691e-01, 1.8904e-03, 1.6203e-01])
[2026-06-26 01:49:27,382][root][INFO] - Epoch: 9 | train acc: 0.4936, train loss: 1.41734360, valid acc: 0.4772, valid loss: 1.47134007, test acc: 0.4620, test loss: 1.46244708
[2026-06-26 01:49:31,139][root][INFO] - reg loss: 4.241457923513944, entropy loss: 0.04448204108926117, leaf dev: 0.10187166929244995
[2026-06-26 01:49:31,140][root][INFO] - Val leaf stats: tensor([0.0011, 0.2952, 0.0014, 0.1361, 0.0068, 0.0000, 0.0008, 0.0065, 0.0014,
        0.0772, 0.2344, 0.2268, 0.0062, 0.0000, 0.0035, 0.0027])
[2026-06-26 01:49:32,429][root][INFO] - Epoch: 8 | train acc: 0.3880, train loss: 1.78096020, valid acc: 0.3905, valid loss: 1.63729076, test acc: 0.3841, test loss: 1.70674923
[2026-06-26 01:49:34,258][root][INFO] - Epoch: 8 | train acc: 0.4607, train loss: 1.59667333, valid acc: 0.4580, valid loss: 1.50073611, test acc: 0.4396, test loss: 1.52960770
[2026-06-26 01:49:36,085][root][INFO] - reg loss: 4.25290690093744, entropy loss: 0.041724003057499404, leaf dev: 0.11812205612659454
[2026-06-26 01:49:36,087][root][INFO] - Val leaf stats: tensor([0.0032, 0.1885, 0.0019, 0.0078, 0.0143, 0.0054, 0.0005, 0.0059, 0.4507,
        0.1334, 0.0076, 0.0983, 0.0718, 0.0097, 0.0000, 0.0008])
[2026-06-26 01:49:38,632][root][INFO] - reg loss: 4.2969684366320005, entropy loss: 0.03701552767001214, leaf dev: 0.09725797176361084
[2026-06-26 01:49:38,635][root][INFO] - Val leaf stats: tensor([3.2406e-03, 5.9951e-02, 7.5614e-03, 2.9706e-03, 1.0802e-03, 3.1434e-01,
        2.7005e-04, 9.1817e-03, 1.5393e-01, 4.5909e-03, 2.7005e-03, 5.4010e-04,
        2.6465e-02, 1.8985e-01, 2.1064e-02, 2.0227e-01])
[2026-06-26 01:49:59,104][root][INFO] - Epoch: 10 | train acc: 0.5007, train loss: 1.39893085, valid acc: 0.4594, valid loss: 1.52013648, test acc: 0.4465, test loss: 1.55017175
[2026-06-26 01:50:02,579][root][INFO] - Epoch: 9 | train acc: 0.4243, train loss: 1.63372740, valid acc: 0.4253, valid loss: 1.53993006, test acc: 0.4244, test loss: 1.59734444
[2026-06-26 01:50:02,931][root][INFO] - reg loss: 4.253986686956687, entropy loss: 0.042780579724272745, leaf dev: 0.09589080512523651
[2026-06-26 01:50:02,932][root][INFO] - Val leaf stats: tensor([0.0005, 0.2398, 0.0008, 0.1412, 0.0038, 0.0000, 0.0000, 0.0065, 0.0008,
        0.0832, 0.2225, 0.2560, 0.0230, 0.0008, 0.0203, 0.0008])
[2026-06-26 01:50:06,319][root][INFO] - reg loss: 4.284649239211786, entropy loss: 0.04284182441283445, leaf dev: 0.08831847459077835
[2026-06-26 01:50:06,320][root][INFO] - Val leaf stats: tensor([0.0024, 0.1874, 0.0022, 0.0108, 0.0189, 0.0035, 0.0005, 0.0065, 0.2846,
        0.0751, 0.0038, 0.1412, 0.1847, 0.0527, 0.0138, 0.0119])
[2026-06-26 01:50:06,480][root][INFO] - Epoch: 9 | train acc: 0.4911, train loss: 1.52143916, valid acc: 0.4950, valid loss: 1.46368698, test acc: 0.4713, test loss: 1.47663549
[2026-06-26 01:50:10,353][root][INFO] - reg loss: 4.2408301556696655, entropy loss: 0.03653986672641801, leaf dev: 0.09957472234964371
[2026-06-26 01:50:10,355][root][INFO] - Val leaf stats: tensor([0.0011, 0.0324, 0.0014, 0.0014, 0.0016, 0.2930, 0.0005, 0.0108, 0.1658,
        0.0068, 0.0113, 0.0019, 0.0435, 0.1464, 0.0119, 0.2703])
[2026-06-26 01:50:30,039][root][INFO] - Epoch: 11 | train acc: 0.5005, train loss: 1.39319484, valid acc: 0.4491, valid loss: 1.49818207, test acc: 0.4310, test loss: 1.52576644
[2026-06-26 01:50:32,320][root][INFO] - Epoch: 10 | train acc: 0.4711, train loss: 1.52084210, valid acc: 0.4834, valid loss: 1.46158116, test acc: 0.4664, test loss: 1.53109469
[2026-06-26 01:50:33,884][root][INFO] - reg loss: 4.2415272994119615, entropy loss: 0.04120516410616577, leaf dev: 0.10098594427108765
[2026-06-26 01:50:33,886][root][INFO] - Val leaf stats: tensor([2.7005e-04, 1.5501e-01, 2.4305e-03, 2.4143e-01, 1.0802e-02, 0.0000e+00,
        1.0802e-03, 2.2954e-02, 0.0000e+00, 6.7513e-03, 2.3278e-01, 2.7788e-01,
        2.9706e-02, 1.3503e-03, 1.1612e-02, 5.9411e-03])
[2026-06-26 01:50:36,024][root][INFO] - Epoch: 10 | train acc: 0.5170, train loss: 1.45383222, valid acc: 0.5096, valid loss: 1.37985025, test acc: 0.4975, test loss: 1.41493958
[2026-06-26 01:50:36,295][root][INFO] - reg loss: 4.279011460601306, entropy loss: 0.04170029170689036, leaf dev: 0.09137199819087982
[2026-06-26 01:50:36,297][root][INFO] - Val leaf stats: tensor([0.0008, 0.1871, 0.0019, 0.0078, 0.0354, 0.0032, 0.0005, 0.0108, 0.3000,
        0.0824, 0.0059, 0.1718, 0.1564, 0.0178, 0.0095, 0.0086])
[2026-06-26 01:50:40,299][root][INFO] - reg loss: 4.257584048099205, entropy loss: 0.035855083314121745, leaf dev: 0.10655208677053452
[2026-06-26 01:50:40,300][root][INFO] - Val leaf stats: tensor([8.1015e-04, 2.2144e-02, 1.6203e-03, 1.0802e-03, 2.1604e-03, 3.4351e-01,
        2.7005e-04, 1.0802e-02, 1.7337e-01, 8.6416e-03, 7.8315e-03, 2.4305e-03,
        4.2398e-02, 1.1126e-01, 7.5614e-03, 2.6411e-01])
[2026-06-26 01:51:02,606][root][INFO] - Epoch: 11 | train acc: 0.4958, train loss: 1.44038166, valid acc: 0.4950, valid loss: 1.41297460, test acc: 0.4823, test loss: 1.44327009
[2026-06-26 01:51:02,636][root][INFO] - Epoch: 12 | train acc: 0.5089, train loss: 1.37954655, valid acc: 0.5115, valid loss: 1.36694781, test acc: 0.5000, test loss: 1.42221019
[2026-06-26 01:51:06,497][root][INFO] - Epoch: 11 | train acc: 0.5398, train loss: 1.39257789, valid acc: 0.5269, valid loss: 1.38943166, test acc: 0.5022, test loss: 1.41302752
[2026-06-26 01:51:06,560][root][INFO] - reg loss: 4.2803567276626335, entropy loss: 0.041518934987118984, leaf dev: 0.09275460988283157
[2026-06-26 01:51:06,561][root][INFO] - Val leaf stats: tensor([0.0014, 0.2082, 0.0016, 0.0054, 0.0340, 0.0003, 0.0005, 0.0092, 0.2250,
        0.0470, 0.0078, 0.2498, 0.1769, 0.0119, 0.0113, 0.0097])
[2026-06-26 01:51:07,268][root][INFO] - reg loss: 4.242501571530202, entropy loss: 0.040497283344386056, leaf dev: 0.11509817838668823
[2026-06-26 01:51:07,269][root][INFO] - Val leaf stats: tensor([5.4010e-04, 3.7429e-01, 1.6203e-03, 3.7537e-02, 7.8315e-03, 0.0000e+00,
        2.7005e-04, 1.8093e-02, 2.7005e-04, 9.1817e-03, 2.4143e-01, 2.4143e-01,
        4.9689e-02, 1.3503e-03, 1.3503e-02, 2.9706e-03])
[2026-06-26 01:51:10,919][root][INFO] - reg loss: 4.244291860549176, entropy loss: 0.03531514102073967, leaf dev: 0.10506094992160797
[2026-06-26 01:51:10,920][root][INFO] - Val leaf stats: tensor([0.0008, 0.0173, 0.0011, 0.0008, 0.0022, 0.3187, 0.0005, 0.0240, 0.1566,
        0.0084, 0.0116, 0.0022, 0.0518, 0.0969, 0.0092, 0.2979])
[2026-06-26 01:51:33,613][root][INFO] - Epoch: 12 | train acc: 0.5107, train loss: 1.39300726, valid acc: 0.4920, valid loss: 1.39124812, test acc: 0.4747, test loss: 1.47543980
[2026-06-26 01:51:35,629][root][INFO] - Epoch: 13 | train acc: 0.5490, train loss: 1.27124317, valid acc: 0.5309, valid loss: 1.33284479, test acc: 0.5228, test loss: 1.37477773
[2026-06-26 01:51:37,564][root][INFO] - Epoch: 12 | train acc: 0.5602, train loss: 1.35152241, valid acc: 0.5436, valid loss: 1.32037736, test acc: 0.5218, test loss: 1.36512046
[2026-06-26 01:51:37,671][root][INFO] - reg loss: 4.259871170169017, entropy loss: 0.040064024937446, leaf dev: 0.09899669885635376
[2026-06-26 01:51:37,672][root][INFO] - Val leaf stats: tensor([0.0005, 0.1728, 0.0019, 0.0173, 0.0483, 0.0008, 0.0008, 0.0065, 0.1167,
        0.0076, 0.0119, 0.3281, 0.2328, 0.0284, 0.0219, 0.0038])
[2026-06-26 01:51:39,319][root][INFO] - reg loss: 4.212876507493316, entropy loss: 0.03904480780245828, leaf dev: 0.11549557000398636
[2026-06-26 01:51:39,322][root][INFO] - Val leaf stats: tensor([1.0802e-03, 3.8752e-01, 2.1604e-03, 4.3208e-02, 5.1310e-03, 0.0000e+00,
        0.0000e+00, 1.8634e-02, 2.7005e-04, 9.7218e-03, 2.6195e-01, 1.9282e-01,
        6.4542e-02, 2.7005e-04, 1.0262e-02, 2.4305e-03])
[2026-06-26 01:51:41,696][root][INFO] - reg loss: 4.248593822854464, entropy loss: 0.034926295585808204, leaf dev: 0.10669343918561935
[2026-06-26 01:51:41,698][root][INFO] - Val leaf stats: tensor([8.1015e-04, 1.0802e-02, 8.1015e-04, 5.4010e-04, 1.8904e-03, 3.4945e-01,
        2.7005e-04, 2.0794e-02, 1.9309e-01, 1.5123e-02, 8.1015e-03, 1.6203e-03,
        4.5909e-02, 9.4788e-02, 7.2914e-03, 2.4872e-01])
[2026-06-26 01:52:05,430][root][INFO] - Epoch: 13 | train acc: 0.5359, train loss: 1.33629989, valid acc: 0.5428, valid loss: 1.31516460, test acc: 0.5152, test loss: 1.37327541
[2026-06-26 01:52:07,505][root][INFO] - Epoch: 13 | train acc: 0.5736, train loss: 1.30219948, valid acc: 0.5574, valid loss: 1.27150755, test acc: 0.5277, test loss: 1.32630183
[2026-06-26 01:52:07,828][root][INFO] - Epoch: 14 | train acc: 0.5375, train loss: 1.30274254, valid acc: 0.5301, valid loss: 1.32665081, test acc: 0.5086, test loss: 1.40143274
[2026-06-26 01:52:09,611][root][INFO] - reg loss: 4.240018422486352, entropy loss: 0.038481925537840266, leaf dev: 0.09772872924804688
[2026-06-26 01:52:09,612][root][INFO] - Val leaf stats: tensor([0.0005, 0.1842, 0.0035, 0.0135, 0.0448, 0.0011, 0.0008, 0.0059, 0.1615,
        0.0157, 0.0127, 0.3114, 0.2139, 0.0143, 0.0146, 0.0016])
[2026-06-26 01:52:11,480][root][INFO] - reg loss: 4.2238991299613575, entropy loss: 0.03933573468420349, leaf dev: 0.1074240431189537
[2026-06-26 01:52:11,481][root][INFO] - Val leaf stats: tensor([2.7005e-04, 3.1353e-01, 2.1604e-03, 7.5074e-02, 1.6203e-03, 0.0000e+00,
        8.1015e-04, 2.0254e-02, 2.7005e-04, 1.2962e-02, 1.7769e-01, 3.0597e-01,
        7.5884e-02, 1.3503e-03, 1.1072e-02, 1.0802e-03])
[2026-06-26 01:52:11,516][root][INFO] - reg loss: 4.233357163726306, entropy loss: 0.034200674930556875, leaf dev: 0.09983111917972565
[2026-06-26 01:52:11,517][root][INFO] - Val leaf stats: tensor([8.1015e-04, 8.9117e-03, 1.0802e-03, 8.1015e-04, 1.8904e-03, 2.9949e-01,
        2.7005e-04, 1.7283e-02, 2.1469e-01, 1.7013e-02, 1.6743e-02, 3.2406e-03,
        5.6981e-02, 1.0937e-01, 6.4812e-03, 2.4494e-01])
[2026-06-26 01:52:38,444][root][INFO] - Epoch: 14 | train acc: 0.5562, train loss: 1.28083958, valid acc: 0.5406, valid loss: 1.29781874, test acc: 0.5113, test loss: 1.36662528
[2026-06-26 01:52:39,237][root][INFO] - Epoch: 15 | train acc: 0.5552, train loss: 1.24850482, valid acc: 0.5255, valid loss: 1.31313141, test acc: 0.5155, test loss: 1.37641337
[2026-06-26 01:52:39,916][root][INFO] - Epoch: 14 | train acc: 0.5551, train loss: 1.35226476, valid acc: 0.4502, valid loss: 1.54688901, test acc: 0.4384, test loss: 1.58998084
[2026-06-26 01:52:42,857][root][INFO] - reg loss: 4.233107629369517, entropy loss: 0.037586355734555446, leaf dev: 0.09989708662033081
[2026-06-26 01:52:42,858][root][INFO] - Val leaf stats: tensor([1.8904e-03, 2.3684e-01, 1.6203e-03, 1.9444e-02, 5.1310e-03, 5.1310e-03,
        2.7005e-04, 2.7005e-04, 2.0227e-01, 3.4567e-02, 1.4043e-02, 2.8706e-01,
        1.7553e-01, 3.2406e-03, 1.1342e-02, 1.3503e-03])
[2026-06-26 01:52:43,632][root][INFO] - reg loss: 4.21496624243064, entropy loss: 0.03863344359837594, leaf dev: 0.10846846550703049
[2026-06-26 01:52:43,634][root][INFO] - Val leaf stats: tensor([2.7005e-04, 3.4080e-01, 2.7005e-03, 4.5369e-02, 2.9706e-03, 0.0000e+00,
        2.4305e-03, 4.1048e-02, 2.7005e-04, 1.4583e-02, 1.2719e-01, 3.0192e-01,
        1.0694e-01, 2.4305e-03, 8.6416e-03, 2.4305e-03])
[2026-06-26 01:52:44,171][root][INFO] - reg loss: 4.228951110214483, entropy loss: 0.03347183559395251, leaf dev: 0.12904256582260132
[2026-06-26 01:52:44,172][root][INFO] - Val leaf stats: tensor([0.0014, 0.1634, 0.0022, 0.0024, 0.0016, 0.5136, 0.0057, 0.0486, 0.0940,
        0.0095, 0.0014, 0.0000, 0.0138, 0.0899, 0.0068, 0.0459])
[2026-06-26 01:53:10,410][root][INFO] - Epoch: 15 | train acc: 0.5693, train loss: 1.24368280, valid acc: 0.5436, valid loss: 1.27829570, test acc: 0.5280, test loss: 1.33937280
[2026-06-26 01:53:10,427][root][INFO] - Epoch: 16 | train acc: 0.5590, train loss: 1.23194991, valid acc: 0.5331, valid loss: 1.32369965, test acc: 0.5233, test loss: 1.35522690
[2026-06-26 01:53:12,174][root][INFO] - Epoch: 15 | train acc: 0.4681, train loss: 1.57026826, valid acc: 0.4723, valid loss: 1.50667471, test acc: 0.4541, test loss: 1.53556360
[2026-06-26 01:53:14,168][root][INFO] - reg loss: 4.229923553154117, entropy loss: 0.03639667468969939, leaf dev: 0.10056859254837036
[2026-06-26 01:53:14,169][root][INFO] - Val leaf stats: tensor([1.8904e-03, 2.3251e-01, 1.6203e-03, 1.2692e-02, 1.1072e-02, 8.1015e-04,
        0.0000e+00, 2.7005e-04, 1.9849e-01, 3.4297e-02, 1.7553e-02, 2.9625e-01,
        1.7634e-01, 1.8904e-03, 9.4518e-03, 4.8609e-03])
[2026-06-26 01:53:15,278][root][INFO] - reg loss: 4.205069541931152, entropy loss: 0.03820967594863939, leaf dev: 0.10353120416402817
[2026-06-26 01:53:15,280][root][INFO] - Val leaf stats: tensor([5.4010e-04, 2.4548e-01, 2.4305e-03, 4.5369e-02, 5.4010e-04, 0.0000e+00,
        2.7005e-04, 1.7283e-02, 2.7005e-04, 2.4305e-02, 1.7958e-01, 3.3810e-01,
        1.1288e-01, 3.2406e-03, 2.7275e-02, 2.4305e-03])
[2026-06-26 01:53:16,778][root][INFO] - reg loss: 4.202309655361488, entropy loss: 0.03218957445904857, leaf dev: 0.12843643128871918
[2026-06-26 01:53:16,779][root][INFO] - Val leaf stats: tensor([2.3224e-02, 1.8445e-01, 2.7005e-04, 6.4812e-03, 8.1015e-04, 5.0905e-01,
        2.7005e-04, 3.9427e-02, 7.8045e-02, 9.1817e-03, 5.4010e-04, 2.7005e-04,
        1.4313e-02, 7.4534e-02, 7.5614e-03, 5.1580e-02])
[2026-06-26 01:53:41,167][root][INFO] - Epoch: 16 | train acc: 0.5811, train loss: 1.21163222, valid acc: 0.5560, valid loss: 1.24432091, test acc: 0.5400, test loss: 1.30160041
[2026-06-26 01:53:43,402][root][INFO] - Epoch: 17 | train acc: 0.5667, train loss: 1.20830373, valid acc: 0.5776, valid loss: 1.24067192, test acc: 0.5626, test loss: 1.30389087
[2026-06-26 01:53:44,935][root][INFO] - reg loss: 4.223918750637868, entropy loss: 0.036226324370649994, leaf dev: 0.0992814302444458
[2026-06-26 01:53:44,936][root][INFO] - Val leaf stats: tensor([1.3503e-03, 2.3792e-01, 1.8904e-03, 2.2414e-02, 1.0802e-02, 5.4010e-04,
        2.7005e-04, 1.3503e-03, 2.0929e-01, 2.5655e-02, 1.4853e-02, 2.7518e-01,
        1.8039e-01, 1.6203e-03, 1.2422e-02, 4.0508e-03])
[2026-06-26 01:53:45,062][root][INFO] - Epoch: 16 | train acc: 0.5021, train loss: 1.49378470, valid acc: 0.4731, valid loss: 1.45113757, test acc: 0.4534, test loss: 1.54611603
[2026-06-26 01:53:48,065][root][INFO] - reg loss: 4.1918548286938275, entropy loss: 0.0376329665667698, leaf dev: 0.1003846675157547
[2026-06-26 01:53:48,066][root][INFO] - Val leaf stats: tensor([2.1604e-03, 3.2244e-01, 4.0508e-03, 7.3454e-02, 2.7005e-03, 0.0000e+00,
        8.1015e-04, 1.7823e-02, 2.7005e-04, 1.8634e-02, 2.0794e-01, 2.1577e-01,
        1.1639e-01, 5.4010e-04, 1.5933e-02, 1.0802e-03])
[2026-06-26 01:53:49,703][root][INFO] - reg loss: 4.226076430961734, entropy loss: 0.03458515649325535, leaf dev: 0.1166023463010788
[2026-06-26 01:53:49,705][root][INFO] - Val leaf stats: tensor([2.2684e-02, 1.5069e-01, 2.7005e-04, 7.0213e-03, 5.9411e-03, 4.6098e-01,
        2.7005e-04, 6.6973e-02, 1.4313e-01, 2.5115e-02, 5.4010e-04, 1.3503e-03,
        1.2962e-02, 6.2382e-02, 1.0262e-02, 2.9436e-02])
[2026-06-26 01:54:13,172][root][INFO] - Epoch: 17 | train acc: 0.5935, train loss: 1.17651087, valid acc: 0.5720, valid loss: 1.21833096, test acc: 0.5614, test loss: 1.29953508
[2026-06-26 01:54:14,800][root][INFO] - Epoch: 18 | train acc: 0.5950, train loss: 1.17228347, valid acc: 0.5069, valid loss: 1.37958383, test acc: 0.4931, test loss: 1.43787068
[2026-06-26 01:54:17,423][root][INFO] - Epoch: 17 | train acc: 0.5229, train loss: 1.42783909, valid acc: 0.5166, valid loss: 1.36488240, test acc: 0.4924, test loss: 1.47277315
[2026-06-26 01:54:17,457][root][INFO] - reg loss: 4.218604846078842, entropy loss: 0.03531433947262217, leaf dev: 0.10095672309398651
[2026-06-26 01:54:17,458][root][INFO] - Val leaf stats: tensor([0.0016, 0.2601, 0.0014, 0.0216, 0.0003, 0.0000, 0.0003, 0.0016, 0.1966,
        0.0251, 0.0138, 0.2638, 0.1950, 0.0030, 0.0127, 0.0032])
[2026-06-26 01:54:18,927][root][INFO] - reg loss: 4.183433173132724, entropy loss: 0.03737412790050272, leaf dev: 0.12667465209960938
[2026-06-26 01:54:18,928][root][INFO] - Val leaf stats: tensor([1.6203e-03, 3.6646e-01, 4.0508e-03, 2.7005e-02, 3.2406e-03, 2.7005e-04,
        8.1015e-04, 3.2406e-02, 0.0000e+00, 1.2692e-02, 3.8914e-01, 2.7815e-02,
        1.2071e-01, 8.1015e-04, 1.2422e-02, 5.4010e-04])
[2026-06-26 01:54:20,387][root][INFO] - MLFlow server is starting on LOCAL with experiment APL_MS_hard_seeded...
[2026-06-26 01:54:20,509][root][INFO] - MLFlow run ID: b16c3c237e284916896869afa2177ea8, status: RUNNING
[2026-06-26 01:54:20,625][root][INFO] - Starting experiment IATrain...
[2026-06-26 01:54:21,288][root][INFO] - reg loss: 4.207404582226863, entropy loss: 0.03241612520984939, leaf dev: 0.1267279088497162
[2026-06-26 01:54:21,289][root][INFO] - Val leaf stats: tensor([0.0016, 0.1258, 0.0005, 0.0062, 0.0011, 0.5093, 0.0000, 0.0443, 0.1315,
        0.0408, 0.0000, 0.0024, 0.0157, 0.0748, 0.0108, 0.0351])
[2026-06-26 01:54:46,061][root][INFO] - Epoch: 18 | train acc: 0.6035, train loss: 1.14950815, valid acc: 0.5795, valid loss: 1.17632259, test acc: 0.5626, test loss: 1.26736131
[2026-06-26 01:54:47,698][root][INFO] - Epoch: 19 | train acc: 0.5502, train loss: 1.26479368, valid acc: 0.5409, valid loss: 1.31403802, test acc: 0.5258, test loss: 1.35244256
[2026-06-26 01:54:48,279][root][INFO] - Epoch: 18 | train acc: 0.5484, train loss: 1.36016716, valid acc: 0.5339, valid loss: 1.32681259, test acc: 0.5042, test loss: 1.41960575
[2026-06-26 01:54:49,916][root][INFO] - reg loss: 4.210042484471055, entropy loss: 0.034059430182468695, leaf dev: 0.10438014566898346
[2026-06-26 01:54:49,917][root][INFO] - Val leaf stats: tensor([2.4305e-03, 2.6330e-01, 1.0802e-03, 2.1604e-02, 5.4010e-04, 0.0000e+00,
        2.7005e-04, 1.8904e-03, 1.8499e-01, 1.7013e-02, 2.0254e-02, 3.0327e-01,
        1.7067e-01, 8.1015e-04, 9.9919e-03, 1.8904e-03])
[2026-06-26 01:54:52,269][root][INFO] - reg loss: 4.140181932293001, entropy loss: 0.03337613658094015, leaf dev: 0.12347912043333054
[2026-06-26 01:54:52,271][root][INFO] - Val leaf stats: tensor([0.0008, 0.3821, 0.0046, 0.0508, 0.0005, 0.0000, 0.0005, 0.0084, 0.0000,
        0.0154, 0.3486, 0.0367, 0.1388, 0.0011, 0.0108, 0.0008])
[2026-06-26 01:54:52,443][root][INFO] - reg loss: 4.199420053450788, entropy loss: 0.030745528027659556, leaf dev: 0.11718899011611938
[2026-06-26 01:54:52,444][root][INFO] - Val leaf stats: tensor([1.8904e-03, 1.2098e-01, 8.1015e-04, 8.1015e-03, 2.7005e-04, 4.6854e-01,
        2.7005e-04, 6.1302e-02, 1.3233e-01, 3.0246e-02, 0.0000e+00, 2.1604e-03,
        1.9444e-02, 9.7489e-02, 1.0532e-02, 4.5639e-02])
[2026-06-26 01:54:52,817][root][INFO] - Epoch: 0 | train acc: 0.7704, train loss: 0.68367826, valid acc: 0.8672, valid loss: 0.39755108, test acc: 0.8540, test loss: 0.46354538
[2026-06-26 01:54:56,716][root][INFO] - reg loss: 14.501258920740199, entropy loss: 0.5478834784220136, leaf dev: 0.07170502096414566
[2026-06-26 01:54:56,718][root][INFO] - Val leaf stats: tensor([0.0233, 0.0089, 0.0035, 0.1712, 0.0142, 0.0133, 0.0349, 0.0297, 0.0888,
        0.0026, 0.2338, 0.0756, 0.1747, 0.0433, 0.0012, 0.0809])
[2026-06-26 01:55:11,671][root][INFO] - MLFlow server is starting on LOCAL with experiment APL_MS_hard_seeded...
[2026-06-26 01:55:11,735][root][INFO] - MLFlow run ID: ace96e48d10b4da8a8db293716521bda, status: RUNNING
[2026-06-26 01:55:11,848][root][INFO] - Starting experiment IATrain...
[2026-06-26 01:55:17,345][root][INFO] - Epoch: 19 | train acc: 0.6029, train loss: 1.14895886, valid acc: 0.5809, valid loss: 1.18263672, test acc: 0.5574, test loss: 1.27100254
[2026-06-26 01:55:18,765][root][INFO] - Epoch: 19 | train acc: 0.5586, train loss: 1.32241825, valid acc: 0.5541, valid loss: 1.30918685, test acc: 0.5182, test loss: 1.38027620
[2026-06-26 01:55:20,613][root][INFO] - Epoch: 20 | train acc: 0.5883, train loss: 1.18655743, valid acc: 0.5671, valid loss: 1.25241762, test acc: 0.5533, test loss: 1.30349954
[2026-06-26 01:55:21,020][root][INFO] - reg loss: 4.187942082764672, entropy loss: 0.03244719861960802, leaf dev: 0.10616467148065567
[2026-06-26 01:55:21,022][root][INFO] - Val leaf stats: tensor([7.2914e-03, 2.6303e-01, 1.0802e-03, 2.1874e-02, 8.1015e-04, 0.0000e+00,
        2.7005e-04, 2.1604e-03, 1.5987e-01, 4.0508e-03, 1.4853e-02, 3.1785e-01,
        1.8661e-01, 1.3503e-03, 1.2152e-02, 6.7513e-03])
[2026-06-26 01:55:22,816][root][INFO] - reg loss: 4.184844196819868, entropy loss: 0.029340255486427762, leaf dev: 0.1341921091079712
[2026-06-26 01:55:22,817][root][INFO] - Val leaf stats: tensor([0.0019, 0.0824, 0.0008, 0.0022, 0.0011, 0.5382, 0.0000, 0.0019, 0.1483,
        0.0491, 0.0011, 0.0035, 0.0211, 0.0961, 0.0078, 0.0446])
[2026-06-26 01:55:24,599][root][INFO] - reg loss: 4.138325175300974, entropy loss: 0.0330915418071825, leaf dev: 0.11529982835054398
[2026-06-26 01:55:24,600][root][INFO] - Val leaf stats: tensor([0.0016, 0.3627, 0.0041, 0.0675, 0.0008, 0.0000, 0.0005, 0.0068, 0.0000,
        0.0300, 0.3165, 0.0529, 0.1477, 0.0005, 0.0076, 0.0008])
[2026-06-26 01:55:30,373][root][INFO] - Epoch: 1 | train acc: 0.8945, train loss: 0.34086863, valid acc: 0.9077, valid loss: 0.31456150, test acc: 0.8924, test loss: 0.44275524
[2026-06-26 01:55:33,789][root][INFO] - reg loss: 10.124558060257524, entropy loss: 0.47418033572101087, leaf dev: 0.07705636322498322
[2026-06-26 01:55:33,790][root][INFO] - Val leaf stats: tensor([0.0049, 0.0066, 0.0007, 0.1394, 0.0029, 0.0110, 0.0105, 0.0488, 0.0520,
        0.0004, 0.2644, 0.1099, 0.1705, 0.0784, 0.0021, 0.0976])
[2026-06-26 01:55:44,853][root][INFO] - Epoch: 0 | train acc: 0.7620, train loss: 0.96791910, valid acc: 0.8571, valid loss: 0.43227526, test acc: 0.8688, test loss: 0.47064703
[2026-06-26 01:55:47,953][root][INFO] - reg loss: 13.866449386354477, entropy loss: 0.5091044324100333, leaf dev: 0.07223962992429733
[2026-06-26 01:55:47,955][root][INFO] - Val leaf stats: tensor([0.0675, 0.0053, 0.0174, 0.2443, 0.0292, 0.0304, 0.0375, 0.0643, 0.0003,
        0.0019, 0.0131, 0.0612, 0.1929, 0.1439, 0.0072, 0.0835])
[2026-06-26 01:55:48,759][root][INFO] - Epoch: 20 | train acc: 0.6103, train loss: 1.12410702, valid acc: 0.5855, valid loss: 1.16730373, test acc: 0.5670, test loss: 1.24127145
[2026-06-26 01:55:50,517][root][INFO] - Epoch: 20 | train acc: 0.5767, train loss: 1.28131441, valid acc: 0.5558, valid loss: 1.28657627, test acc: 0.5326, test loss: 1.35755268
[2026-06-26 01:55:52,561][root][INFO] - Epoch: 21 | train acc: 0.5957, train loss: 1.16608236, valid acc: 0.5633, valid loss: 1.26957495, test acc: 0.5430, test loss: 1.32381527
[2026-06-26 01:55:52,718][root][INFO] - reg loss: 4.190833498219975, entropy loss: 0.031200958263190068, leaf dev: 0.10355059802532196
[2026-06-26 01:55:52,719][root][INFO] - Val leaf stats: tensor([3.2406e-03, 2.7545e-01, 1.0802e-03, 2.0254e-02, 1.0802e-03, 0.0000e+00,
        2.7005e-04, 2.1604e-03, 1.9228e-01, 1.0262e-02, 1.3773e-02, 2.7140e-01,
        1.8958e-01, 1.6203e-03, 1.1882e-02, 5.6711e-03])
[2026-06-26 01:55:54,210][root][INFO] - reg loss: 4.16740918550335, entropy loss: 0.028577659279108047, leaf dev: 0.1337672621011734
[2026-06-26 01:55:54,211][root][INFO] - Val leaf stats: tensor([0.0030, 0.0705, 0.0008, 0.0022, 0.0035, 0.5371, 0.0000, 0.0014, 0.1515,
        0.0508, 0.0016, 0.0014, 0.0216, 0.0924, 0.0097, 0.0527])
[2026-06-26 01:55:57,255][root][INFO] - reg loss: 4.158888988807553, entropy loss: 0.034467878156020995, leaf dev: 0.10472086817026138
[2026-06-26 01:55:57,256][root][INFO] - Val leaf stats: tensor([0.0014, 0.3513, 0.0043, 0.0878, 0.0008, 0.0000, 0.0008, 0.0054, 0.0000,
        0.0424, 0.2274, 0.0527, 0.1969, 0.0000, 0.0278, 0.0011])
[2026-06-26 01:56:06,226][root][INFO] - Epoch: 2 | train acc: 0.9242, train loss: 0.26027011, valid acc: 0.9190, valid loss: 0.29922117, test acc: 0.9105, test loss: 0.42628449
[2026-06-26 01:56:09,857][root][INFO] - reg loss: 9.331141613147876, entropy loss: 0.4325624273882972, leaf dev: 0.07063806802034378
[2026-06-26 01:56:09,858][root][INFO] - Val leaf stats: tensor([0.0069, 0.0085, 0.0056, 0.1730, 0.0110, 0.0195, 0.0145, 0.0592, 0.0644,
        0.0013, 0.2465, 0.0869, 0.1512, 0.0587, 0.0454, 0.0473])
[2026-06-26 01:56:19,718][root][INFO] - Epoch: 1 | train acc: 0.8792, train loss: 0.58537987, valid acc: 0.8987, valid loss: 0.31796771, test acc: 0.8869, test loss: 0.42816761
[2026-06-26 01:56:20,158][root][INFO] - Epoch: 21 | train acc: 0.6183, train loss: 1.09925580, valid acc: 0.5706, valid loss: 1.20743765, test acc: 0.5697, test loss: 1.25536142
[2026-06-26 01:56:22,094][root][INFO] - Epoch: 21 | train acc: 0.5890, train loss: 1.24788132, valid acc: 0.5671, valid loss: 1.25112014, test acc: 0.5515, test loss: 1.32186957
[2026-06-26 01:56:22,389][root][INFO] - reg loss: 9.875623647498076, entropy loss: 0.4226503779017736, leaf dev: 0.07284393906593323
[2026-06-26 01:56:22,390][root][INFO] - Val leaf stats: tensor([0.0671, 0.0084, 0.0278, 0.1798, 0.0035, 0.0184, 0.0557, 0.1094, 0.0011,
        0.0013, 0.0016, 0.0436, 0.0941, 0.2594, 0.0279, 0.1009])
[2026-06-26 01:56:23,652][root][INFO] - reg loss: 4.195365905761719, entropy loss: 0.03062375628801643, leaf dev: 0.0971493348479271
[2026-06-26 01:56:23,653][root][INFO] - Val leaf stats: tensor([2.7005e-03, 2.7707e-01, 1.0802e-03, 2.1334e-02, 1.0802e-03, 0.0000e+00,
        2.7005e-04, 2.1604e-03, 2.5493e-01, 6.2652e-02, 1.2422e-02, 1.7202e-01,
        1.6689e-01, 2.7005e-04, 1.1342e-02, 1.3773e-02])
[2026-06-26 01:56:25,070][root][INFO] - Epoch: 22 | train acc: 0.6066, train loss: 1.13956593, valid acc: 0.5803, valid loss: 1.22169632, test acc: 0.5638, test loss: 1.25269634
[2026-06-26 01:56:25,854][root][INFO] - reg loss: 4.167398663817859, entropy loss: 0.028485209513150277, leaf dev: 0.13209953904151917
[2026-06-26 01:56:25,855][root][INFO] - Val leaf stats: tensor([2.1604e-03, 5.5631e-02, 7.8315e-03, 4.0508e-03, 3.5107e-03, 5.2822e-01,
        2.7005e-04, 1.3503e-03, 1.6284e-01, 3.9427e-02, 1.0802e-03, 1.0802e-03,
        2.3224e-02, 9.8299e-02, 1.0532e-02, 6.0491e-02])
[2026-06-26 01:56:29,152][root][INFO] - reg loss: 4.158523379779253, entropy loss: 0.03464110687252928, leaf dev: 0.09812164306640625
[2026-06-26 01:56:29,154][root][INFO] - Val leaf stats: tensor([0.0011, 0.3197, 0.0035, 0.0983, 0.0005, 0.0000, 0.0016, 0.0051, 0.0000,
        0.0567, 0.2336, 0.1050, 0.1612, 0.0000, 0.0130, 0.0005])
[2026-06-26 01:56:44,137][root][INFO] - Epoch: 3 | train acc: 0.9316, train loss: 0.23584191, valid acc: 0.9206, valid loss: 0.26929630, test acc: 0.8973, test loss: 0.45568899
[2026-06-26 01:56:47,141][root][INFO] - reg loss: 8.743785237509107, entropy loss: 0.3955613647503828, leaf dev: 0.07397491484880447
[2026-06-26 01:56:47,142][root][INFO] - Val leaf stats: tensor([0.0099, 0.0133, 0.0097, 0.2259, 0.0057, 0.0210, 0.0038, 0.0113, 0.0646,
        0.0187, 0.2055, 0.0939, 0.1609, 0.0719, 0.0073, 0.0765])
[2026-06-26 01:56:51,252][root][INFO] - Epoch: 22 | train acc: 0.6112, train loss: 1.12963778, valid acc: 0.5822, valid loss: 1.18416359, test acc: 0.5709, test loss: 1.24152810
[2026-06-26 01:56:53,318][root][INFO] - Epoch: 2 | train acc: 0.9105, train loss: 0.48631800, valid acc: 0.9240, valid loss: 0.25892221, test acc: 0.9096, test loss: 0.41926393
[2026-06-26 01:56:54,253][root][INFO] - Epoch: 22 | train acc: 0.5997, train loss: 1.22919239, valid acc: 0.5771, valid loss: 1.23612680, test acc: 0.5508, test loss: 1.31861131
[2026-06-26 01:56:54,928][root][INFO] - reg loss: 4.207462600020111, entropy loss: 0.03042544797062874, leaf dev: 0.0969269797205925
[2026-06-26 01:56:54,930][root][INFO] - Val leaf stats: tensor([0.0257, 0.2622, 0.0011, 0.0208, 0.0011, 0.0000, 0.0003, 0.0024, 0.2509,
        0.0397, 0.0084, 0.1528, 0.2131, 0.0011, 0.0119, 0.0086])
[2026-06-26 01:56:56,167][root][INFO] - reg loss: 9.000651326759783, entropy loss: 0.38086222671957876, leaf dev: 0.06433018296957016
[2026-06-26 01:56:56,169][root][INFO] - Val leaf stats: tensor([0.0656, 0.0467, 0.0092, 0.1707, 0.0090, 0.0263, 0.1235, 0.1256, 0.0007,
        0.0027, 0.0012, 0.0488, 0.0722, 0.2073, 0.0106, 0.0798])
[2026-06-26 01:56:56,941][root][INFO] - Epoch: 23 | train acc: 0.6184, train loss: 1.09746030, valid acc: 0.5914, valid loss: 1.23780884, test acc: 0.5761, test loss: 1.24580685
[2026-06-26 01:56:57,802][root][INFO] - reg loss: 4.175021288824863, entropy loss: 0.029217088014864532, leaf dev: 0.12035214155912399
[2026-06-26 01:56:57,804][root][INFO] - Val leaf stats: tensor([2.1604e-03, 6.5893e-02, 2.2954e-02, 1.2962e-02, 1.8904e-03, 4.7853e-01,
        2.7005e-04, 1.6203e-03, 1.7526e-01, 4.6989e-02, 5.4010e-04, 1.6203e-03,
        2.4035e-02, 9.2087e-02, 1.3503e-02, 5.9681e-02])
[2026-06-26 01:57:00,412][root][INFO] - reg loss: 4.163982805658559, entropy loss: 0.03446968980744237, leaf dev: 0.09800165891647339
[2026-06-26 01:57:00,413][root][INFO] - Val leaf stats: tensor([0.0008, 0.3224, 0.0046, 0.0891, 0.0008, 0.0000, 0.0032, 0.0043, 0.0000,
        0.0737, 0.2425, 0.1172, 0.1283, 0.0000, 0.0130, 0.0000])
[2026-06-26 01:57:20,255][root][INFO] - Epoch: 4 | train acc: 0.9432, train loss: 0.19797522, valid acc: 0.9340, valid loss: 0.22763176, test acc: 0.8841, test loss: 0.54323309
[2026-06-26 01:57:23,699][root][INFO] - reg loss: 8.324742269263696, entropy loss: 0.3886489945429343, leaf dev: 0.07202502340078354
[2026-06-26 01:57:23,701][root][INFO] - Val leaf stats: tensor([0.0077, 0.0074, 0.0138, 0.1821, 0.0055, 0.0225, 0.0061, 0.0205, 0.0383,
        0.0401, 0.2139, 0.0975, 0.1893, 0.0739, 0.0025, 0.0790])
[2026-06-26 01:57:24,587][root][INFO] - Epoch: 23 | train acc: 0.6221, train loss: 1.09232817, valid acc: 0.6036, valid loss: 1.18605361, test acc: 0.5815, test loss: 1.24285890
[2026-06-26 01:57:25,693][root][INFO] - Epoch: 23 | train acc: 0.6094, train loss: 1.20603318, valid acc: 0.5884, valid loss: 1.21682621, test acc: 0.5594, test loss: 1.29588179
[2026-06-26 01:57:28,256][root][INFO] - reg loss: 4.2148820689467135, entropy loss: 0.03152548451526243, leaf dev: 0.10053852200508118
[2026-06-26 01:57:28,257][root][INFO] - Val leaf stats: tensor([0.0097, 0.2706, 0.0005, 0.0208, 0.0008, 0.0000, 0.0011, 0.0038, 0.1812,
        0.0111, 0.0157, 0.2430, 0.2187, 0.0016, 0.0122, 0.0092])
[2026-06-26 01:57:28,269][root][INFO] - Epoch: 24 | train acc: 0.6234, train loss: 1.09101834, valid acc: 0.6071, valid loss: 1.23918840, test acc: 0.5668, test loss: 1.24742045
[2026-06-26 01:57:28,839][root][INFO] - reg loss: 4.178976699954173, entropy loss: 0.028807199819654714, leaf dev: 0.12353116273880005
[2026-06-26 01:57:28,840][root][INFO] - Val leaf stats: tensor([3.5107e-03, 5.0230e-02, 1.1612e-02, 9.7218e-03, 5.4010e-04, 4.9176e-01,
        2.7005e-04, 1.3503e-03, 1.6797e-01, 5.1310e-02, 8.1015e-04, 1.6203e-03,
        2.5925e-02, 1.0100e-01, 1.2152e-02, 7.0213e-02])
[2026-06-26 01:57:29,298][root][INFO] - Epoch: 3 | train acc: 0.9332, train loss: 0.40576164, valid acc: 0.9301, valid loss: 0.23385767, test acc: 0.9127, test loss: 0.39674397
[2026-06-26 01:57:32,415][root][INFO] - reg loss: 8.351081954108345, entropy loss: 0.35668161968705514, leaf dev: 0.08207597583532333
[2026-06-26 01:57:32,417][root][INFO] - Val leaf stats: tensor([4.6694e-02, 1.9145e-02, 1.9518e-02, 1.5979e-01, 1.5316e-02, 3.0818e-02,
        7.9940e-02, 7.3216e-02, 8.4049e-04, 2.3347e-03, 2.2413e-03, 7.8633e-02,
        7.0321e-02, 3.2424e-01, 2.8016e-04, 7.6672e-02])
[2026-06-26 01:57:32,574][root][INFO] - reg loss: 4.161098550577632, entropy loss: 0.03392059966677525, leaf dev: 0.10677998512983322
[2026-06-26 01:57:32,575][root][INFO] - Val leaf stats: tensor([8.1015e-04, 3.8482e-01, 4.5909e-03, 8.8037e-02, 1.6203e-03, 0.0000e+00,
        3.7807e-03, 3.7807e-03, 2.7005e-04, 5.8601e-02, 2.1307e-01, 9.5598e-02,
        1.4016e-01, 0.0000e+00, 4.5909e-03, 2.7005e-04])
[2026-06-26 01:57:56,647][root][INFO] - Epoch: 24 | train acc: 0.6407, train loss: 1.04736865, valid acc: 0.6071, valid loss: 1.15223122, test acc: 0.5835, test loss: 1.21332322
[2026-06-26 01:57:57,100][root][INFO] - Epoch: 24 | train acc: 0.6117, train loss: 1.20134773, valid acc: 0.5830, valid loss: 1.22206785, test acc: 0.5646, test loss: 1.28764039
[2026-06-26 01:57:57,161][root][INFO] - Epoch: 5 | train acc: 0.9547, train loss: 0.16043126, valid acc: 0.9454, valid loss: 0.19034850, test acc: 0.9031, test loss: 0.48983544
[2026-06-26 01:58:00,283][root][INFO] - reg loss: 8.18515502081977, entropy loss: 0.3823677340827922, leaf dev: 0.06071861460804939
[2026-06-26 01:58:00,284][root][INFO] - Val leaf stats: tensor([0.0117, 0.0099, 0.0120, 0.1792, 0.0544, 0.0342, 0.0082, 0.0377, 0.0572,
        0.0147, 0.1934, 0.1148, 0.1203, 0.0605, 0.0055, 0.0864])
[2026-06-26 01:58:00,583][root][INFO] - reg loss: 4.1982018674006225, entropy loss: 0.031504044126047466, leaf dev: 0.10224086791276932
[2026-06-26 01:58:00,584][root][INFO] - Val leaf stats: tensor([6.7513e-03, 2.8031e-01, 5.4010e-04, 2.3224e-02, 1.3503e-03, 0.0000e+00,
        1.3503e-03, 4.0508e-03, 1.9417e-01, 5.1310e-03, 1.6473e-02, 2.5034e-01,
        1.9822e-01, 2.7005e-04, 9.4518e-03, 8.3716e-03])
[2026-06-26 01:58:00,798][root][INFO] - reg loss: 4.161244017178895, entropy loss: 0.028103238612901968, leaf dev: 0.1325586438179016
[2026-06-26 01:58:00,800][root][INFO] - Val leaf stats: tensor([0.0011, 0.0167, 0.0062, 0.0038, 0.0027, 0.5261, 0.0008, 0.0046, 0.1777,
        0.0662, 0.0011, 0.0019, 0.0289, 0.0891, 0.0086, 0.0645])
[2026-06-26 01:58:01,190][root][INFO] - Epoch: 25 | train acc: 0.5915, train loss: 1.17625797, valid acc: 0.5258, valid loss: 1.39695442, test acc: 0.5133, test loss: 1.38379432
[2026-06-26 01:58:04,528][root][INFO] - Epoch: 4 | train acc: 0.9464, train loss: 0.35388058, valid acc: 0.9373, valid loss: 0.20190602, test acc: 0.9046, test loss: 0.60830478
[2026-06-26 01:58:05,164][root][INFO] - reg loss: 4.147194948352751, entropy loss: 0.03336248754477892, leaf dev: 0.11624383181333542
[2026-06-26 01:58:05,165][root][INFO] - Val leaf stats: tensor([5.4010e-04, 3.7591e-01, 7.5614e-03, 1.0316e-01, 1.3503e-03, 0.0000e+00,
        1.0802e-03, 3.2406e-03, 7.8315e-03, 2.9760e-01, 2.2414e-02, 1.9984e-02,
        1.5366e-01, 0.0000e+00, 5.4010e-03, 2.7005e-04])
[2026-06-26 01:58:07,457][root][INFO] - reg loss: 8.036672127940667, entropy loss: 0.3359803148993739, leaf dev: 0.08492861688137054
[2026-06-26 01:58:07,458][root][INFO] - Val leaf stats: tensor([0.0221, 0.0190, 0.0254, 0.1563, 0.0083, 0.0388, 0.0303, 0.0665, 0.0008,
        0.0007, 0.0027, 0.1227, 0.0962, 0.3265, 0.0004, 0.0833])
[2026-06-26 01:58:27,845][root][INFO] - Epoch: 25 | train acc: 0.6159, train loss: 1.18182146, valid acc: 0.5806, valid loss: 1.23778966, test acc: 0.5592, test loss: 1.28072563
[2026-06-26 01:58:29,985][root][INFO] - Epoch: 25 | train acc: 0.6433, train loss: 1.05050578, valid acc: 0.5914, valid loss: 1.19458946, test acc: 0.5719, test loss: 1.25512701
[2026-06-26 01:58:30,725][root][INFO] - Epoch: 6 | train acc: 0.9535, train loss: 0.16097376, valid acc: 0.9445, valid loss: 0.20136523, test acc: 0.9009, test loss: 0.63643480
[2026-06-26 01:58:31,755][root][INFO] - reg loss: 4.157284001835057, entropy loss: 0.026294158038790108, leaf dev: 0.13204461336135864
[2026-06-26 01:58:31,756][root][INFO] - Val leaf stats: tensor([0.0008, 0.0143, 0.0059, 0.0059, 0.0051, 0.5220, 0.0008, 0.0038, 0.1844,
        0.0564, 0.0027, 0.0046, 0.0205, 0.0910, 0.0095, 0.0721])
[2026-06-26 01:58:33,697][root][INFO] - Epoch: 26 | train acc: 0.5550, train loss: 1.23849601, valid acc: 0.5290, valid loss: 1.34019728, test acc: 0.5285, test loss: 1.37481770
[2026-06-26 01:58:34,073][root][INFO] - reg loss: 4.1981332263008495, entropy loss: 0.03132826544832988, leaf dev: 0.1006070151925087
[2026-06-26 01:58:34,075][root][INFO] - Val leaf stats: tensor([0.0049, 0.2863, 0.0005, 0.0219, 0.0032, 0.0000, 0.0011, 0.0049, 0.2125,
        0.0392, 0.0035, 0.1275, 0.2617, 0.0062, 0.0108, 0.0159])
[2026-06-26 01:58:34,085][root][INFO] - reg loss: 8.045242730902617, entropy loss: 0.3782099539009982, leaf dev: 0.07039139419794083
[2026-06-26 01:58:34,086][root][INFO] - Val leaf stats: tensor([0.0076, 0.0073, 0.0164, 0.1702, 0.0113, 0.0173, 0.0014, 0.0536, 0.0621,
        0.0071, 0.1882, 0.1091, 0.2100, 0.0789, 0.0091, 0.0505])
[2026-06-26 01:58:37,599][root][INFO] - reg loss: 4.128323195410556, entropy loss: 0.033135280501647074, leaf dev: 0.10520856082439423
[2026-06-26 01:58:37,600][root][INFO] - Val leaf stats: tensor([8.1015e-04, 2.9436e-01, 1.9444e-02, 1.4124e-01, 2.1604e-03, 0.0000e+00,
        9.1817e-03, 1.0262e-02, 5.4010e-04, 3.0543e-01, 1.1612e-02, 1.2962e-02,
        1.6446e-01, 2.7005e-04, 2.7005e-02, 2.7005e-04])
[2026-06-26 01:58:38,840][root][INFO] - Epoch: 5 | train acc: 0.9506, train loss: 0.33417449, valid acc: 0.9380, valid loss: 0.20983376, test acc: 0.9082, test loss: 0.63086583
[2026-06-26 01:58:42,264][root][INFO] - reg loss: 7.760137616011201, entropy loss: 0.3225085412068342, leaf dev: 0.06345118582248688
[2026-06-26 01:58:42,265][root][INFO] - Val leaf stats: tensor([0.0545, 0.0179, 0.0185, 0.1326, 0.0427, 0.0517, 0.1856, 0.1105, 0.0010,
        0.0015, 0.0021, 0.0536, 0.0510, 0.1968, 0.0004, 0.0796])
[2026-06-26 01:58:58,943][root][INFO] - Epoch: 26 | train acc: 0.6201, train loss: 1.15776397, valid acc: 0.5984, valid loss: 1.19488109, test acc: 0.5758, test loss: 1.24840190
[2026-06-26 01:59:01,529][root][INFO] - Epoch: 26 | train acc: 0.6410, train loss: 1.06890679, valid acc: 0.6011, valid loss: 1.17947070, test acc: 0.5879, test loss: 1.21044068
[2026-06-26 01:59:03,252][root][INFO] - reg loss: 4.155445528812096, entropy loss: 0.02590177333379378, leaf dev: 0.12832088768482208
[2026-06-26 01:59:03,253][root][INFO] - Val leaf stats: tensor([0.0000, 0.0146, 0.0062, 0.0054, 0.0041, 0.5082, 0.0008, 0.0043, 0.1655,
        0.0494, 0.0022, 0.0016, 0.0246, 0.1069, 0.0122, 0.0940])
[2026-06-26 01:59:04,996][root][INFO] - reg loss: 4.1951666347316054, entropy loss: 0.02961644105857513, leaf dev: 0.09896649420261383
[2026-06-26 01:59:04,997][root][INFO] - Val leaf stats: tensor([0.0038, 0.2908, 0.0005, 0.0232, 0.0038, 0.0000, 0.0011, 0.0049, 0.1966,
        0.0373, 0.0049, 0.1934, 0.2155, 0.0005, 0.0065, 0.0173])
[2026-06-26 01:59:05,299][root][INFO] - Epoch: 27 | train acc: 0.5718, train loss: 1.20175019, valid acc: 0.5793, valid loss: 1.23897738, test acc: 0.5493, test loss: 1.29170551
[2026-06-26 01:59:07,143][root][INFO] - Epoch: 7 | train acc: 0.9617, train loss: 0.13647270, valid acc: 0.9499, valid loss: 0.17824335, test acc: 0.9051, test loss: 0.61503198
[2026-06-26 01:59:09,820][root][INFO] - reg loss: 4.133401378256376, entropy loss: 0.03195662423968315, leaf dev: 0.11574123054742813
[2026-06-26 01:59:09,822][root][INFO] - Val leaf stats: tensor([5.4010e-04, 3.1947e-01, 3.2406e-03, 8.4526e-02, 1.0802e-03, 0.0000e+00,
        5.9411e-03, 8.6416e-03, 5.4010e-04, 3.4594e-01, 1.2422e-02, 1.3233e-02,
        1.8363e-01, 8.1015e-04, 1.9714e-02, 2.7005e-04])
[2026-06-26 01:59:10,168][root][INFO] - reg loss: 7.413720948355539, entropy loss: 0.3586739699045817, leaf dev: 0.0716264471411705
[2026-06-26 01:59:10,169][root][INFO] - Val leaf stats: tensor([0.0054, 0.0067, 0.0167, 0.1572, 0.0177, 0.0106, 0.0013, 0.0404, 0.0911,
        0.0039, 0.2055, 0.0861, 0.2097, 0.0823, 0.0055, 0.0598])
[2026-06-26 01:59:14,601][root][INFO] - Epoch: 6 | train acc: 0.9570, train loss: 0.30610989, valid acc: 0.9475, valid loss: 0.18123831, test acc: 0.9219, test loss: 0.60388560
[2026-06-26 01:59:18,324][root][INFO] - reg loss: 7.500433326398254, entropy loss: 0.3122575754526431, leaf dev: 0.06428287923336029
[2026-06-26 01:59:18,326][root][INFO] - Val leaf stats: tensor([0.0540, 0.0196, 0.0244, 0.1939, 0.0273, 0.0492, 0.1104, 0.0772, 0.0010,
        0.0010, 0.0043, 0.0858, 0.0597, 0.2098, 0.0005, 0.0819])
[2026-06-26 01:59:31,587][root][INFO] - Epoch: 27 | train acc: 0.6281, train loss: 1.12993936, valid acc: 0.5968, valid loss: 1.22103953, test acc: 0.5695, test loss: 1.27288153
[2026-06-26 01:59:32,070][root][INFO] - Epoch: 27 | train acc: 0.6219, train loss: 1.10165775, valid acc: 0.5936, valid loss: 1.19008844, test acc: 0.5724, test loss: 1.25054058
[2026-06-26 01:59:35,592][root][INFO] - reg loss: 4.153810977935791, entropy loss: 0.02543161275079016, leaf dev: 0.12645015120506287
[2026-06-26 01:59:35,593][root][INFO] - Val leaf stats: tensor([0.0000, 0.0095, 0.0103, 0.0057, 0.0119, 0.5020, 0.0005, 0.0049, 0.1547,
        0.0440, 0.0019, 0.0016, 0.0262, 0.1078, 0.0113, 0.1078])
[2026-06-26 01:59:36,328][root][INFO] - reg loss: 4.187853805354385, entropy loss: 0.028699778203592926, leaf dev: 0.09508311748504639
[2026-06-26 01:59:36,330][root][INFO] - Val leaf stats: tensor([0.0035, 0.2914, 0.0005, 0.0270, 0.0043, 0.0000, 0.0014, 0.0051, 0.1369,
        0.0907, 0.0046, 0.1931, 0.2187, 0.0011, 0.0057, 0.0159])
[2026-06-26 01:59:37,461][root][INFO] - Epoch: 28 | train acc: 0.5942, train loss: 1.13883995, valid acc: 0.5757, valid loss: 1.21503567, test acc: 0.5596, test loss: 1.25626149
[2026-06-26 01:59:42,172][root][INFO] - reg loss: 4.1243263463504976, entropy loss: 0.030981611338306646, leaf dev: 0.11152393370866776
[2026-06-26 01:59:42,174][root][INFO] - Val leaf stats: tensor([2.7005e-04, 3.0489e-01, 4.5909e-03, 1.1288e-01, 1.6203e-03, 0.0000e+00,
        9.7218e-03, 5.4010e-03, 1.0802e-03, 3.3108e-01, 1.2422e-02, 1.3773e-02,
        1.8120e-01, 2.7005e-04, 2.0524e-02, 2.7005e-04])
[2026-06-26 01:59:43,016][root][INFO] - Epoch: 8 | train acc: 0.9635, train loss: 0.12872417, valid acc: 0.9549, valid loss: 0.16367728, test acc: 0.9080, test loss: 0.62147125
[2026-06-26 01:59:46,409][root][INFO] - reg loss: 7.40092555555717, entropy loss: 0.34335406842055144, leaf dev: 0.06950931996107101
[2026-06-26 01:59:46,410][root][INFO] - Val leaf stats: tensor([0.0144, 0.0024, 0.0217, 0.1840, 0.0244, 0.0154, 0.0012, 0.0314, 0.0795,
        0.0031, 0.1876, 0.0902, 0.1956, 0.0824, 0.0045, 0.0623])
[2026-06-26 01:59:51,789][root][INFO] - Epoch: 7 | train acc: 0.9535, train loss: 0.30492466, valid acc: 0.9418, valid loss: 0.19364327, test acc: 0.9015, test loss: 0.77903984
[2026-06-26 01:59:54,725][root][INFO] - reg loss: 7.279291208458956, entropy loss: 0.29673394765803424, leaf dev: 0.06774529814720154
[2026-06-26 01:59:54,726][root][INFO] - Val leaf stats: tensor([0.0598, 0.0378, 0.0108, 0.1618, 0.0299, 0.0455, 0.0597, 0.0439, 0.0012,
        0.0007, 0.0063, 0.1165, 0.0934, 0.2501, 0.0007, 0.0819])
[2026-06-26 02:00:02,509][root][INFO] - Epoch: 28 | train acc: 0.6308, train loss: 1.12926830, valid acc: 0.5976, valid loss: 1.21353132, test acc: 0.5675, test loss: 1.28594276
[2026-06-26 02:00:04,632][root][INFO] - Epoch: 28 | train acc: 0.6128, train loss: 1.12936946, valid acc: 0.5541, valid loss: 1.29982336, test acc: 0.5380, test loss: 1.31898142
[2026-06-26 02:00:06,311][root][INFO] - reg loss: 4.157685217310171, entropy loss: 0.025758669696381836, leaf dev: 0.13281051814556122
[2026-06-26 02:00:06,312][root][INFO] - Val leaf stats: tensor([0.0000, 0.0095, 0.0078, 0.0057, 0.0041, 0.5325, 0.0005, 0.0065, 0.1461,
        0.0616, 0.0022, 0.0022, 0.0262, 0.0856, 0.0097, 0.0999])
[2026-06-26 02:00:08,183][root][INFO] - reg loss: 4.173457481822029, entropy loss: 0.02742919047958538, leaf dev: 0.11337631940841675
[2026-06-26 02:00:08,184][root][INFO] - Val leaf stats: tensor([0.0032, 0.2954, 0.0014, 0.0240, 0.0062, 0.0000, 0.0011, 0.0059, 0.0527,
        0.0159, 0.0076, 0.3311, 0.2333, 0.0016, 0.0078, 0.0127])
[2026-06-26 02:00:10,125][root][INFO] - Epoch: 29 | train acc: 0.6124, train loss: 1.09004024, valid acc: 0.5938, valid loss: 1.17468881, test acc: 0.5749, test loss: 1.20613039
[2026-06-26 02:00:14,726][root][INFO] - reg loss: 4.12099259798644, entropy loss: 0.03181541711091995, leaf dev: 0.11580900847911835
[2026-06-26 02:00:14,728][root][INFO] - Val leaf stats: tensor([0.0005, 0.3330, 0.0043, 0.0775, 0.0011, 0.0000, 0.0100, 0.0046, 0.0011,
        0.3351, 0.0151, 0.0149, 0.1831, 0.0005, 0.0192, 0.0000])
[2026-06-26 02:00:18,594][root][INFO] - Epoch: 9 | train acc: 0.9604, train loss: 0.13831928, valid acc: 0.9125, valid loss: 0.29538713, test acc: 0.8884, test loss: 0.57985435
[2026-06-26 02:00:21,570][root][INFO] - reg loss: 7.292875610331379, entropy loss: 0.32689927825852044, leaf dev: 0.06605872511863708
[2026-06-26 02:00:21,571][root][INFO] - Val leaf stats: tensor([0.0615, 0.0030, 0.0136, 0.2316, 0.1694, 0.0205, 0.0067, 0.1167, 0.0431,
        0.0025, 0.0643, 0.0762, 0.1020, 0.0134, 0.0036, 0.0717])
[2026-06-26 02:00:26,421][root][INFO] - Epoch: 8 | train acc: 0.9619, train loss: 0.27477385, valid acc: 0.9547, valid loss: 0.16205831, test acc: 0.9272, test loss: 0.68761594
[2026-06-26 02:00:29,023][root][INFO] - reg loss: 7.13142557245083, entropy loss: 0.2821098862501679, leaf dev: 0.08039288967847824
[2026-06-26 02:00:29,024][root][INFO] - Val leaf stats: tensor([0.0544, 0.0151, 0.0120, 0.1637, 0.0218, 0.0377, 0.0501, 0.0461, 0.0010,
        0.0013, 0.0064, 0.0987, 0.0929, 0.3112, 0.0007, 0.0868])
[2026-06-26 02:00:32,811][root][INFO] - Epoch: 29 | train acc: 0.6333, train loss: 1.12436347, valid acc: 0.6106, valid loss: 1.18531776, test acc: 0.5842, test loss: 1.24020448
[2026-06-26 02:00:36,252][root][INFO] - Epoch: 29 | train acc: 0.6101, train loss: 1.12561779, valid acc: 0.5687, valid loss: 1.26788209, test acc: 0.5638, test loss: 1.26814386
[2026-06-26 02:00:36,912][root][INFO] - reg loss: 4.15622034229216, entropy loss: 0.025867728913416627, leaf dev: 0.12852369248867035
[2026-06-26 02:00:36,913][root][INFO] - Val leaf stats: tensor([0.0000, 0.0089, 0.0065, 0.0054, 0.0113, 0.5136, 0.0005, 0.0089, 0.1437,
        0.0478, 0.0038, 0.0022, 0.0270, 0.0969, 0.0097, 0.1137])
[2026-06-26 02:00:40,027][root][INFO] - reg loss: 4.166419709315066, entropy loss: 0.02708537174297161, leaf dev: 0.10781359672546387
[2026-06-26 02:00:40,028][root][INFO] - Val leaf stats: tensor([5.1310e-03, 2.9706e-01, 1.0802e-03, 2.3494e-02, 9.9919e-03, 2.7005e-04,
        1.3503e-03, 5.9411e-03, 8.1015e-02, 1.4853e-02, 8.1015e-03, 3.2109e-01,
        1.9336e-01, 1.9444e-02, 5.4010e-03, 1.2422e-02])
[2026-06-26 02:00:42,239][root][INFO] - Epoch: 30 | train acc: 0.6311, train loss: 1.04539700, valid acc: 0.6046, valid loss: 1.14654327, test acc: 0.5854, test loss: 1.20108049
[2026-06-26 02:00:46,802][root][INFO] - reg loss: 4.118434358815678, entropy loss: 0.031538064942741, leaf dev: 0.11358197033405304
[2026-06-26 02:00:46,804][root][INFO] - Val leaf stats: tensor([2.7005e-04, 3.0597e-01, 4.8609e-03, 8.8577e-02, 1.3503e-03, 0.0000e+00,
        3.7807e-03, 8.3716e-03, 1.0802e-03, 3.4188e-01, 1.6203e-02, 1.5933e-02,
        1.9147e-01, 5.4010e-04, 1.9444e-02, 2.7005e-04])
[2026-06-26 02:00:55,291][root][INFO] - Epoch: 10 | train acc: 0.9596, train loss: 0.14155897, valid acc: 0.9480, valid loss: 0.18699842, test acc: 0.9065, test loss: 0.64734731
[2026-06-26 02:00:58,719][root][INFO] - reg loss: 7.157313268651407, entropy loss: 0.3193534380859799, leaf dev: 0.058281295001506805
[2026-06-26 02:00:58,720][root][INFO] - Val leaf stats: tensor([0.0842, 0.0030, 0.0094, 0.1258, 0.0289, 0.0159, 0.0013, 0.0748, 0.0795,
        0.0139, 0.2059, 0.1123, 0.1166, 0.0132, 0.0276, 0.0876])
[2026-06-26 02:01:00,955][root][INFO] - Epoch: 9 | train acc: 0.9674, train loss: 0.25357289, valid acc: 0.9549, valid loss: 0.15456201, test acc: 0.9260, test loss: 0.79149902
[2026-06-26 02:01:04,008][root][INFO] - reg loss: 7.245675059222671, entropy loss: 0.27599504716181883, leaf dev: 0.07232629507780075
[2026-06-26 02:01:04,009][root][INFO] - Val leaf stats: tensor([0.0688, 0.0180, 0.0177, 0.1870, 0.0175, 0.0379, 0.0662, 0.0584, 0.0011,
        0.0021, 0.0049, 0.0851, 0.0801, 0.2631, 0.0017, 0.0906])
[2026-06-26 02:01:05,424][root][INFO] - Epoch: 30 | train acc: 0.6332, train loss: 1.11917246, valid acc: 0.6073, valid loss: 1.18780142, test acc: 0.5717, test loss: 1.23519733
[2026-06-26 02:01:08,290][root][INFO] - Epoch: 30 | train acc: 0.6248, train loss: 1.08962268, valid acc: 0.5933, valid loss: 1.21783596, test acc: 0.5771, test loss: 1.24007872
[2026-06-26 02:01:09,454][root][INFO] - reg loss: 4.155853248033368, entropy loss: 0.025797881857782114, leaf dev: 0.12516213953495026
[2026-06-26 02:01:09,456][root][INFO] - Val leaf stats: tensor([0.0000, 0.0076, 0.0070, 0.0032, 0.0151, 0.4931, 0.0005, 0.0103, 0.1234,
        0.0248, 0.0038, 0.0022, 0.0332, 0.0994, 0.0124, 0.1639])
[2026-06-26 02:01:12,161][root][INFO] - reg loss: 4.169710002961706, entropy loss: 0.026560911756069935, leaf dev: 0.1083102598786354
[2026-06-26 02:01:12,162][root][INFO] - Val leaf stats: tensor([4.0508e-03, 3.2271e-01, 8.1015e-04, 1.9984e-02, 5.4010e-03, 5.4010e-04,
        2.7005e-04, 0.0000e+00, 1.1693e-01, 1.7283e-02, 5.6711e-03, 2.8139e-01,
        2.0119e-01, 5.6711e-03, 5.9411e-03, 1.2152e-02])
[2026-06-26 02:01:13,697][root][INFO] - Epoch: 31 | train acc: 0.6352, train loss: 1.04191900, valid acc: 0.6098, valid loss: 1.15046988, test acc: 0.5817, test loss: 1.20720832
[2026-06-26 02:01:17,877][root][INFO] - reg loss: 4.116574240512535, entropy loss: 0.03157945700966921, leaf dev: 0.1109982505440712
[2026-06-26 02:01:17,878][root][INFO] - Val leaf stats: tensor([2.7005e-04, 3.5161e-01, 1.0802e-02, 1.1504e-01, 2.4305e-03, 0.0000e+00,
        2.1604e-03, 8.9117e-03, 8.1015e-04, 2.6519e-01, 1.4313e-02, 1.4853e-02,
        1.9822e-01, 8.1015e-04, 1.4043e-02, 5.4010e-04])
[2026-06-26 02:01:32,027][root][INFO] - Epoch: 11 | train acc: 0.9690, train loss: 0.11053254, valid acc: 0.9601, valid loss: 0.14385034, test acc: 0.9161, test loss: 0.65574669
[2026-06-26 02:01:34,909][root][INFO] - reg loss: 6.61682403907574, entropy loss: 0.2974075854770721, leaf dev: 0.06575040519237518
[2026-06-26 02:01:34,921][root][INFO] - Val leaf stats: tensor([0.0373, 0.0024, 0.0094, 0.1548, 0.0233, 0.0192, 0.0013, 0.0760, 0.0847,
        0.0134, 0.1985, 0.1139, 0.1702, 0.0152, 0.0011, 0.0791])
[2026-06-26 02:01:35,949][root][INFO] - Epoch: 10 | train acc: 0.9689, train loss: 0.24362709, valid acc: 0.9537, valid loss: 0.15349617, test acc: 0.9263, test loss: 0.74365005
[2026-06-26 02:01:36,855][root][INFO] - Epoch: 31 | train acc: 0.6362, train loss: 1.11645771, valid acc: 0.5963, valid loss: 1.22903258, test acc: 0.5474, test loss: 1.30839050
[2026-06-26 02:01:39,427][root][INFO] - Epoch: 31 | train acc: 0.6470, train loss: 1.03337376, valid acc: 0.6141, valid loss: 1.15999616, test acc: 0.5997, test loss: 1.17330226
[2026-06-26 02:01:39,543][root][INFO] - reg loss: 7.091781651532209, entropy loss: 0.2659698234348701, leaf dev: 0.07729838043451309
[2026-06-26 02:01:39,544][root][INFO] - Val leaf stats: tensor([0.0698, 0.0187, 0.0096, 0.1552, 0.0187, 0.0347, 0.0558, 0.0536, 0.0010,
        0.0019, 0.0062, 0.0965, 0.0929, 0.3002, 0.0012, 0.0840])
[2026-06-26 02:01:40,735][root][INFO] - reg loss: 4.155166524355529, entropy loss: 0.025601670359734627, leaf dev: 0.12177710980176926
[2026-06-26 02:01:40,737][root][INFO] - Val leaf stats: tensor([0.0000e+00, 8.9117e-03, 6.2112e-03, 4.5909e-03, 2.8085e-02, 4.7745e-01,
        2.7005e-04, 1.1072e-02, 1.4799e-01, 3.3756e-02, 4.8609e-03, 2.4305e-03,
        3.6457e-02, 1.6797e-01, 1.4043e-02, 5.5901e-02])
[2026-06-26 02:01:43,580][root][INFO] - reg loss: 4.158051412613665, entropy loss: 0.025199794897534808, leaf dev: 0.10229767858982086
[2026-06-26 02:01:43,581][root][INFO] - Val leaf stats: tensor([1.0802e-03, 3.0435e-01, 8.1015e-04, 4.3478e-02, 5.4010e-03, 8.1015e-04,
        2.7005e-04, 0.0000e+00, 1.5663e-01, 1.9984e-02, 5.6711e-03, 2.4980e-01,
        1.9336e-01, 3.5107e-03, 2.4305e-03, 1.2422e-02])
[2026-06-26 02:01:44,869][root][INFO] - Epoch: 32 | train acc: 0.6471, train loss: 1.00932497, valid acc: 0.6181, valid loss: 1.12929604, test acc: 0.6092, test loss: 1.16644974
[2026-06-26 02:01:49,294][root][INFO] - reg loss: 4.117880531998932, entropy loss: 0.03142281905671612, leaf dev: 0.11364644765853882
[2026-06-26 02:01:49,296][root][INFO] - Val leaf stats: tensor([0.0000, 0.3554, 0.0140, 0.0872, 0.0008, 0.0000, 0.0046, 0.0065, 0.0011,
        0.3016, 0.0200, 0.0192, 0.1734, 0.0000, 0.0157, 0.0005])
[2026-06-26 02:02:06,401][root][INFO] - Epoch: 12 | train acc: 0.9739, train loss: 0.09411510, valid acc: 0.9609, valid loss: 0.14146738, test acc: 0.9310, test loss: 0.58057575
[2026-06-26 02:02:07,618][root][INFO] - Epoch: 32 | train acc: 0.6199, train loss: 1.16042676, valid acc: 0.6036, valid loss: 1.18572479, test acc: 0.5601, test loss: 1.27317376
[2026-06-26 02:02:09,797][root][INFO] - reg loss: 6.562298060724975, entropy loss: 0.29695605159436583, leaf dev: 0.06665053218603134
[2026-06-26 02:02:09,798][root][INFO] - Val leaf stats: tensor([0.0318, 0.0027, 0.0131, 0.1599, 0.0227, 0.0206, 0.0016, 0.0664, 0.0819,
        0.0155, 0.1999, 0.1100, 0.1773, 0.0162, 0.0007, 0.0798])
[2026-06-26 02:02:10,911][root][INFO] - Epoch: 32 | train acc: 0.6540, train loss: 1.01429194, valid acc: 0.6163, valid loss: 1.13356071, test acc: 0.5945, test loss: 1.16733596
[2026-06-26 02:02:11,655][root][INFO] - reg loss: 4.147341423347348, entropy loss: 0.024519678693814356, leaf dev: 0.12344856560230255
[2026-06-26 02:02:11,656][root][INFO] - Val leaf stats: tensor([0.0000, 0.0100, 0.0070, 0.0038, 0.0154, 0.4829, 0.0005, 0.0135, 0.1588,
        0.0375, 0.0035, 0.0005, 0.0389, 0.1607, 0.0095, 0.0575])
[2026-06-26 02:02:12,061][root][INFO] - Epoch: 11 | train acc: 0.9712, train loss: 0.23057883, valid acc: 0.9568, valid loss: 0.14960080, test acc: 0.9244, test loss: 0.73456562
[2026-06-26 02:02:14,843][root][INFO] - reg loss: 6.969671357876409, entropy loss: 0.25981927091482454, leaf dev: 0.07388957589864731
[2026-06-26 02:02:14,845][root][INFO] - Val leaf stats: tensor([0.0663, 0.0191, 0.0121, 0.1579, 0.0174, 0.0380, 0.0572, 0.0658, 0.0009,
        0.0017, 0.0081, 0.0955, 0.0886, 0.2844, 0.0015, 0.0853])
[2026-06-26 02:02:15,233][root][INFO] - reg loss: 4.15992633631972, entropy loss: 0.025111358154748308, leaf dev: 0.10117055475711823
[2026-06-26 02:02:15,235][root][INFO] - Val leaf stats: tensor([8.1015e-04, 3.0084e-01, 5.4010e-04, 5.1850e-02, 5.6711e-03, 5.4010e-04,
        2.7005e-04, 0.0000e+00, 1.5906e-01, 1.8093e-02, 3.2406e-03, 2.3819e-01,
        2.0038e-01, 3.7807e-03, 2.7005e-04, 1.6473e-02])
[2026-06-26 02:02:15,275][root][INFO] - Epoch: 33 | train acc: 0.6600, train loss: 0.98207757, valid acc: 0.6235, valid loss: 1.12609349, test acc: 0.6095, test loss: 1.16022644
[2026-06-26 02:02:19,779][root][INFO] - reg loss: 4.113030410203778, entropy loss: 0.03115371382627331, leaf dev: 0.11195368319749832
[2026-06-26 02:02:19,780][root][INFO] - Val leaf stats: tensor([2.7005e-04, 3.5512e-01, 1.2692e-02, 1.0046e-01, 1.6203e-03, 0.0000e+00,
        8.1015e-04, 1.1072e-02, 4.0508e-03, 2.8220e-01, 1.7553e-02, 1.5933e-02,
        1.8336e-01, 2.7005e-04, 1.3233e-02, 1.3503e-03])
[2026-06-26 02:02:40,389][root][INFO] - Epoch: 13 | train acc: 0.9759, train loss: 0.08770939, valid acc: 0.9586, valid loss: 0.14332738, test acc: 0.9300, test loss: 0.46123668
[2026-06-26 02:02:40,551][root][INFO] - Epoch: 33 | train acc: 0.6356, train loss: 1.12749232, valid acc: 0.6065, valid loss: 1.22213843, test acc: 0.5731, test loss: 1.26556008
[2026-06-26 02:02:41,026][root][INFO] - Epoch: 33 | train acc: 0.6676, train loss: 0.97867531, valid acc: 0.6117, valid loss: 1.14823763, test acc: 0.5925, test loss: 1.18129440
[2026-06-26 02:02:43,999][root][INFO] - reg loss: 6.6064290293940795, entropy loss: 0.2983455307899959, leaf dev: 0.06789341568946838
[2026-06-26 02:02:44,000][root][INFO] - Val leaf stats: tensor([0.0402, 0.0027, 0.0077, 0.1597, 0.0263, 0.0111, 0.0017, 0.0633, 0.0784,
        0.0108, 0.1902, 0.1052, 0.1978, 0.0233, 0.0013, 0.0804])
[2026-06-26 02:02:44,621][root][INFO] - reg loss: 4.15419780230913, entropy loss: 0.024440687852071933, leaf dev: 0.1215309351682663
[2026-06-26 02:02:44,622][root][INFO] - Val leaf stats: tensor([0.0000, 0.0089, 0.0059, 0.0035, 0.0162, 0.4756, 0.0005, 0.0143, 0.1709,
        0.0502, 0.0097, 0.0016, 0.0338, 0.1456, 0.0078, 0.0554])
[2026-06-26 02:02:44,988][root][INFO] - reg loss: 4.153738873903869, entropy loss: 0.02450299925613599, leaf dev: 0.10389956086874008
[2026-06-26 02:02:44,989][root][INFO] - Val leaf stats: tensor([1.6203e-03, 3.1866e-01, 5.4010e-04, 3.8887e-02, 5.4010e-03, 8.1015e-04,
        2.7005e-04, 0.0000e+00, 1.6068e-01, 1.7553e-02, 1.8904e-03, 2.2603e-01,
        2.0956e-01, 4.3208e-03, 2.7005e-04, 1.3503e-02])
[2026-06-26 02:02:46,613][root][INFO] - Epoch: 34 | train acc: 0.6648, train loss: 0.97103607, valid acc: 0.6217, valid loss: 1.14074006, test acc: 0.5947, test loss: 1.19132525
[2026-06-26 02:02:47,184][root][INFO] - Epoch: 12 | train acc: 0.9743, train loss: 0.21926704, valid acc: 0.9581, valid loss: 0.14736801, test acc: 0.9318, test loss: 0.89922159
[2026-06-26 02:02:51,105][root][INFO] - reg loss: 7.021260269104489, entropy loss: 0.25681095101215223, leaf dev: 0.07294587790966034
[2026-06-26 02:02:51,106][root][INFO] - Val leaf stats: tensor([0.0803, 0.0190, 0.0140, 0.1617, 0.0192, 0.0353, 0.0595, 0.0644, 0.0010,
        0.0018, 0.0064, 0.0884, 0.0855, 0.2789, 0.0013, 0.0833])
[2026-06-26 02:02:51,156][root][INFO] - reg loss: 4.1128368221345495, entropy loss: 0.03137788124626777, leaf dev: 0.11299126595258713
[2026-06-26 02:02:51,158][root][INFO] - Val leaf stats: tensor([2.7005e-04, 3.7807e-01, 1.1882e-02, 8.7227e-02, 4.3208e-03, 0.0000e+00,
        1.8904e-03, 1.4043e-02, 3.2406e-03, 2.6141e-01, 1.4583e-02, 1.5393e-02,
        1.8445e-01, 8.3716e-03, 1.4583e-02, 2.7005e-04])
[2026-06-26 02:03:13,433][root][INFO] - Epoch: 34 | train acc: 0.6688, train loss: 0.97151405, valid acc: 0.6184, valid loss: 1.14545958, test acc: 0.5950, test loss: 1.19270561
[2026-06-26 02:03:13,559][root][INFO] - Epoch: 34 | train acc: 0.6284, train loss: 1.13003972, valid acc: 0.5790, valid loss: 1.22859965, test acc: 0.5560, test loss: 1.30623443
[2026-06-26 02:03:16,850][root][INFO] - Epoch: 14 | train acc: 0.9600, train loss: 0.13619931, valid acc: 0.9503, valid loss: 0.16848963, test acc: 0.9273, test loss: 0.39479778
[2026-06-26 02:03:17,466][root][INFO] - reg loss: 4.158525975024114, entropy loss: 0.024415993696597756, leaf dev: 0.10100790113210678
[2026-06-26 02:03:17,467][root][INFO] - Val leaf stats: tensor([1.0802e-03, 2.9058e-01, 8.1015e-04, 4.1318e-02, 5.4010e-03, 8.1015e-04,
        2.7005e-04, 0.0000e+00, 1.9039e-01, 1.8634e-02, 6.2112e-03, 2.3629e-01,
        1.9147e-01, 1.3503e-03, 0.0000e+00, 1.5393e-02])
[2026-06-26 02:03:17,483][root][INFO] - reg loss: 4.144651342610844, entropy loss: 0.024288312638880778, leaf dev: 0.1287003457546234
[2026-06-26 02:03:17,484][root][INFO] - Val leaf stats: tensor([0.0000, 0.0146, 0.0016, 0.0051, 0.0119, 0.4777, 0.0005, 0.0143, 0.2628,
        0.0994, 0.0046, 0.0014, 0.0302, 0.0397, 0.0124, 0.0238])
[2026-06-26 02:03:17,748][root][INFO] - Epoch: 35 | train acc: 0.6706, train loss: 0.95874954, valid acc: 0.6416, valid loss: 1.08997770, test acc: 0.6156, test loss: 1.12800322
[2026-06-26 02:03:19,232][root][INFO] - reg loss: 6.316274700972138, entropy loss: 0.28280276943136146, leaf dev: 0.08387771248817444
[2026-06-26 02:03:19,234][root][INFO] - Val leaf stats: tensor([4.2211e-02, 3.3620e-03, 1.0833e-02, 1.5801e-01, 2.6802e-02, 1.3821e-02,
        2.5215e-03, 7.1722e-02, 8.0314e-02, 6.5932e-02, 3.3265e-01, 9.9552e-02,
        5.2484e-02, 9.9925e-03, 1.8678e-04, 2.9604e-02])
[2026-06-26 02:03:22,533][root][INFO] - reg loss: 4.112253251622935, entropy loss: 0.03084220642559841, leaf dev: 0.11239789426326752
[2026-06-26 02:03:22,534][root][INFO] - Val leaf stats: tensor([5.4010e-04, 3.6538e-01, 1.0802e-02, 9.5868e-02, 3.2406e-03, 0.0000e+00,
        5.4010e-04, 1.3773e-02, 2.7005e-04, 2.7950e-01, 1.7553e-02, 1.7553e-02,
        1.7310e-01, 5.6711e-03, 1.5933e-02, 2.7005e-04])
[2026-06-26 02:03:25,097][root][INFO] - Epoch: 13 | train acc: 0.9609, train loss: 0.25408840, valid acc: 0.9520, valid loss: 0.16509184, test acc: 0.9242, test loss: 0.42074646
[2026-06-26 02:03:28,478][root][INFO] - reg loss: 6.341670525767816, entropy loss: 0.2446545736972617, leaf dev: 0.08145029842853546
[2026-06-26 02:03:28,480][root][INFO] - Val leaf stats: tensor([0.0436, 0.0081, 0.0093, 0.1561, 0.0043, 0.0283, 0.0667, 0.0457, 0.0004,
        0.0017, 0.0117, 0.1092, 0.1091, 0.3083, 0.0015, 0.0961])
[2026-06-26 02:03:45,900][root][INFO] - Epoch: 35 | train acc: 0.6210, train loss: 1.14594017, valid acc: 0.5920, valid loss: 1.21541081, test acc: 0.5665, test loss: 1.27881216
[2026-06-26 02:03:46,073][root][INFO] - Epoch: 35 | train acc: 0.6729, train loss: 0.97141130, valid acc: 0.6144, valid loss: 1.14942329, test acc: 0.6024, test loss: 1.19921659
[2026-06-26 02:03:49,326][root][INFO] - Epoch: 36 | train acc: 0.6761, train loss: 0.93913697, valid acc: 0.6335, valid loss: 1.13155352, test acc: 0.6078, test loss: 1.17367715
[2026-06-26 02:03:49,750][root][INFO] - reg loss: 4.1571434990304414, entropy loss: 0.024216115657911926, leaf dev: 0.1042131707072258
[2026-06-26 02:03:49,751][root][INFO] - Val leaf stats: tensor([0.0011, 0.3184, 0.0005, 0.0346, 0.0068, 0.0005, 0.0000, 0.0000, 0.1998,
        0.0138, 0.0046, 0.1839, 0.2206, 0.0032, 0.0005, 0.0116])
[2026-06-26 02:03:49,963][root][INFO] - reg loss: 4.129652273459513, entropy loss: 0.022915676022406486, leaf dev: 0.12606532871723175
[2026-06-26 02:03:49,964][root][INFO] - Val leaf stats: tensor([0.0000, 0.0076, 0.0011, 0.0024, 0.0005, 0.4677, 0.0008, 0.0208, 0.2574,
        0.1015, 0.0095, 0.0019, 0.0370, 0.0527, 0.0135, 0.0257])
[2026-06-26 02:03:51,057][root][INFO] - Epoch: 15 | train acc: 0.9663, train loss: 0.11533878, valid acc: 0.9584, valid loss: 0.14882276, test acc: 0.9313, test loss: 0.40925086
[2026-06-26 02:03:53,362][root][INFO] - reg loss: 4.112577665047567, entropy loss: 0.030300778107809238, leaf dev: 0.10990789532661438
[2026-06-26 02:03:53,363][root][INFO] - Val leaf stats: tensor([0.0011, 0.3419, 0.0154, 0.1110, 0.0022, 0.0000, 0.0016, 0.0122, 0.0016,
        0.3027, 0.0259, 0.0243, 0.1450, 0.0022, 0.0124, 0.0005])
[2026-06-26 02:03:53,978][root][INFO] - reg loss: 6.3426317588362116, entropy loss: 0.2765569119226365, leaf dev: 0.08237025886774063
[2026-06-26 02:03:53,979][root][INFO] - Val leaf stats: tensor([3.5301e-02, 2.8016e-03, 6.6306e-03, 1.5708e-01, 1.7931e-02, 1.6903e-02,
        2.9884e-03, 8.8158e-02, 9.3108e-02, 6.3130e-02, 3.1901e-01, 1.1038e-01,
        4.8001e-02, 7.8446e-03, 9.3388e-05, 3.0631e-02])
[2026-06-26 02:04:00,407][root][INFO] - Epoch: 14 | train acc: 0.9698, train loss: 0.22561314, valid acc: 0.9582, valid loss: 0.15429923, test acc: 0.9297, test loss: 0.40786806
[2026-06-26 02:04:03,532][root][INFO] - reg loss: 6.394221419379825, entropy loss: 0.24252368833022142, leaf dev: 0.07606300711631775
[2026-06-26 02:04:03,534][root][INFO] - Val leaf stats: tensor([5.5192e-02, 9.2454e-03, 1.1954e-02, 1.6165e-01, 1.6810e-03, 3.9690e-02,
        7.5177e-02, 6.0329e-02, 2.8016e-04, 1.9612e-03, 8.3115e-03, 8.4236e-02,
        1.0824e-01, 2.8502e-01, 2.8016e-03, 9.4229e-02])
[2026-06-26 02:04:17,187][root][INFO] - Epoch: 36 | train acc: 0.6673, train loss: 0.98910959, valid acc: 0.6246, valid loss: 1.12330529, test acc: 0.6041, test loss: 1.20272991
[2026-06-26 02:04:18,502][root][INFO] - Epoch: 36 | train acc: 0.6233, train loss: 1.13426048, valid acc: 0.6017, valid loss: 1.21064277, test acc: 0.5719, test loss: 1.26194762
[2026-06-26 02:04:20,606][root][INFO] - reg loss: 4.146826267242432, entropy loss: 0.023750741523308833, leaf dev: 0.10790609568357468
[2026-06-26 02:04:20,607][root][INFO] - Val leaf stats: tensor([2.1604e-03, 3.4999e-01, 5.4010e-04, 3.3486e-02, 6.2112e-03, 1.8904e-03,
        0.0000e+00, 0.0000e+00, 1.6716e-01, 5.6711e-03, 5.9411e-03, 1.8390e-01,
        2.2684e-01, 1.6203e-03, 2.7005e-04, 1.4313e-02])
[2026-06-26 02:04:20,676][root][INFO] - Epoch: 37 | train acc: 0.6621, train loss: 0.97730688, valid acc: 0.6446, valid loss: 1.11014743, test acc: 0.6217, test loss: 1.14509362
[2026-06-26 02:04:22,679][root][INFO] - reg loss: 4.131267000417241, entropy loss: 0.023072731330013665, leaf dev: 0.12435655295848846
[2026-06-26 02:04:22,680][root][INFO] - Val leaf stats: tensor([0.0000e+00, 7.5614e-03, 8.1015e-04, 2.4305e-03, 2.7005e-04, 4.5801e-01,
        8.1015e-04, 2.5385e-02, 2.5790e-01, 1.1018e-01, 4.8609e-03, 2.7005e-04,
        3.9427e-02, 5.5090e-02, 1.4043e-02, 2.2954e-02])
[2026-06-26 02:04:24,833][root][INFO] - reg loss: 4.1198175852415995, entropy loss: 0.031018968274603126, leaf dev: 0.10954882204532623
[2026-06-26 02:04:24,835][root][INFO] - Val leaf stats: tensor([0.0014, 0.3538, 0.0124, 0.1002, 0.0027, 0.0000, 0.0016, 0.0135, 0.0014,
        0.2636, 0.0113, 0.0176, 0.1904, 0.0000, 0.0286, 0.0016])
[2026-06-26 02:04:26,204][root][INFO] - Epoch: 16 | train acc: 0.9708, train loss: 0.10154699, valid acc: 0.9583, valid loss: 0.14631203, test acc: 0.9285, test loss: 0.42885640
[2026-06-26 02:04:29,755][root][INFO] - reg loss: 6.319644887611349, entropy loss: 0.27839412071086744, leaf dev: 0.08501634001731873
[2026-06-26 02:04:29,757][root][INFO] - Val leaf stats: tensor([3.5021e-02, 4.2959e-03, 9.8991e-03, 1.5138e-01, 1.3915e-02, 1.6716e-02,
        2.9884e-03, 8.5917e-02, 9.2828e-02, 4.8655e-02, 3.3433e-01, 1.1104e-01,
        5.0430e-02, 9.8991e-03, 9.3388e-05, 3.2592e-02])
[2026-06-26 02:04:36,785][root][INFO] - Epoch: 15 | train acc: 0.9722, train loss: 0.21513243, valid acc: 0.9565, valid loss: 0.15660246, test acc: 0.9281, test loss: 0.46351713
[2026-06-26 02:04:40,129][root][INFO] - reg loss: 6.388228974014363, entropy loss: 0.23793832397965528, leaf dev: 0.07721278071403503
[2026-06-26 02:04:40,131][root][INFO] - Val leaf stats: tensor([5.2484e-02, 9.2454e-03, 1.2327e-02, 1.5176e-01, 2.1479e-03, 3.8756e-02,
        6.9201e-02, 5.4632e-02, 2.8016e-04, 1.8678e-03, 1.0459e-02, 9.7030e-02,
        1.1459e-01, 2.9296e-01, 2.0545e-03, 9.0213e-02])
[2026-06-26 02:04:49,015][root][INFO] - Epoch: 37 | train acc: 0.6721, train loss: 0.97294461, valid acc: 0.6303, valid loss: 1.10262075, test acc: 0.6139, test loss: 1.18386651
[2026-06-26 02:04:49,293][root][INFO] - Epoch: 37 | train acc: 0.6316, train loss: 1.10255492, valid acc: 0.6057, valid loss: 1.18843295, test acc: 0.5763, test loss: 1.23911971
[2026-06-26 02:04:52,662][root][INFO] - Epoch: 38 | train acc: 0.6842, train loss: 0.92081547, valid acc: 0.6452, valid loss: 1.07855497, test acc: 0.6210, test loss: 1.11773708
[2026-06-26 02:04:52,819][root][INFO] - reg loss: 4.1499087615091295, entropy loss: 0.02414888656530224, leaf dev: 0.10572610050439835
[2026-06-26 02:04:52,820][root][INFO] - Val leaf stats: tensor([1.8904e-03, 3.3702e-01, 5.4010e-04, 3.8077e-02, 7.0213e-03, 8.1015e-04,
        0.0000e+00, 0.0000e+00, 2.1253e-01, 9.4518e-03, 7.5614e-03, 1.5150e-01,
        2.1577e-01, 1.6203e-03, 2.7005e-04, 1.5933e-02])
[2026-06-26 02:04:53,229][root][INFO] - reg loss: 4.130733677598297, entropy loss: 0.023043567986517657, leaf dev: 0.12391752004623413
[2026-06-26 02:04:53,230][root][INFO] - Val leaf stats: tensor([0.0000e+00, 8.1015e-03, 5.4010e-04, 2.9706e-03, 2.7005e-04, 4.6017e-01,
        5.4010e-04, 2.5925e-02, 2.5277e-01, 1.0235e-01, 8.3716e-03, 1.3503e-03,
        4.1318e-02, 5.8871e-02, 1.2962e-02, 2.3494e-02])
[2026-06-26 02:04:57,230][root][INFO] - reg loss: 4.109687125096555, entropy loss: 0.029657858897183764, leaf dev: 0.11241056770086288
[2026-06-26 02:04:57,231][root][INFO] - Val leaf stats: tensor([0.0011, 0.3640, 0.0170, 0.0880, 0.0019, 0.0000, 0.0000, 0.0111, 0.0035,
        0.2830, 0.0165, 0.0246, 0.1736, 0.0000, 0.0149, 0.0008])
[2026-06-26 02:05:02,014][root][INFO] - Epoch: 17 | train acc: 0.9678, train loss: 0.11122900, valid acc: 0.9562, valid loss: 0.15560133, test acc: 0.9261, test loss: 0.41609647
[2026-06-26 02:05:05,975][root][INFO] - reg loss: 6.346047999366881, entropy loss: 0.27018396611566897, leaf dev: 0.08202262222766876
[2026-06-26 02:05:05,976][root][INFO] - Val leaf stats: tensor([3.0538e-02, 1.7744e-03, 8.4049e-03, 1.4830e-01, 3.1192e-02, 1.5689e-02,
        1.1207e-03, 5.9488e-02, 8.6851e-02, 7.6391e-02, 3.2378e-01, 1.1337e-01,
        5.6967e-02, 1.0740e-02, 2.8016e-04, 3.5114e-02])
[2026-06-26 02:05:12,724][root][INFO] - Epoch: 16 | train acc: 0.9737, train loss: 0.20756037, valid acc: 0.9573, valid loss: 0.15151330, test acc: 0.9266, test loss: 0.51111668
[2026-06-26 02:05:14,976][root][INFO] - reg loss: 6.381568212357778, entropy loss: 0.23322641313391387, leaf dev: 0.07590820640325546
[2026-06-26 02:05:14,977][root][INFO] - Val leaf stats: tensor([5.7620e-02, 1.2701e-02, 1.1487e-02, 1.4849e-01, 3.6421e-03, 3.8102e-02,
        5.6126e-02, 5.0990e-02, 2.8016e-04, 1.6810e-03, 2.2880e-02, 9.4509e-02,
        1.3130e-01, 2.8782e-01, 1.6810e-03, 8.0687e-02])
[2026-06-26 02:05:21,605][root][INFO] - Epoch: 38 | train acc: 0.6393, train loss: 1.08462447, valid acc: 0.6100, valid loss: 1.18739296, test acc: 0.5825, test loss: 1.23020842
[2026-06-26 02:05:21,925][root][INFO] - Epoch: 38 | train acc: 0.6761, train loss: 0.96031146, valid acc: 0.6265, valid loss: 1.12319941, test acc: 0.6095, test loss: 1.18204725
[2026-06-26 02:05:24,829][root][INFO] - Epoch: 39 | train acc: 0.6906, train loss: 0.89665949, valid acc: 0.6411, valid loss: 1.06308390, test acc: 0.6149, test loss: 1.13412120
[2026-06-26 02:05:25,369][root][INFO] - reg loss: 4.134055723909472, entropy loss: 0.023507780777137787, leaf dev: 0.11656986176967621
[2026-06-26 02:05:25,371][root][INFO] - Val leaf stats: tensor([0.0000, 0.0076, 0.0005, 0.0027, 0.0005, 0.4305, 0.0008, 0.0286, 0.2403,
        0.1167, 0.0076, 0.0011, 0.0524, 0.0713, 0.0124, 0.0270])
[2026-06-26 02:05:25,898][root][INFO] - reg loss: 4.14788233647581, entropy loss: 0.023840821302327952, leaf dev: 0.10657288879156113
[2026-06-26 02:05:25,899][root][INFO] - Val leaf stats: tensor([5.4010e-04, 3.4026e-01, 5.4010e-04, 3.5107e-02, 6.7513e-03, 1.0802e-03,
        0.0000e+00, 0.0000e+00, 2.0173e-01, 8.1015e-03, 5.6711e-03, 1.5987e-01,
        2.2171e-01, 1.0802e-03, 2.7005e-04, 1.7283e-02])
[2026-06-26 02:05:28,724][root][INFO] - reg loss: 4.104443307782783, entropy loss: 0.02911639109742446, leaf dev: 0.11024555563926697
[2026-06-26 02:05:28,725][root][INFO] - Val leaf stats: tensor([0.0008, 0.3416, 0.0159, 0.0913, 0.0016, 0.0000, 0.0000, 0.0111, 0.0014,
        0.2914, 0.0167, 0.0227, 0.1823, 0.0000, 0.0216, 0.0016])
[2026-06-26 02:05:39,033][root][INFO] - Epoch: 18 | train acc: 0.9640, train loss: 0.12084586, valid acc: 0.9498, valid loss: 0.16395025, test acc: 0.9270, test loss: 0.41798567
[2026-06-26 02:05:42,657][root][INFO] - reg loss: 5.811366073668949, entropy loss: 0.25662713604313986, leaf dev: 0.09429744631052017
[2026-06-26 02:05:42,658][root][INFO] - Val leaf stats: tensor([1.6716e-02, 3.2686e-03, 4.7628e-03, 1.3401e-01, 1.1860e-02, 1.3261e-02,
        9.3388e-04, 4.7068e-02, 6.3224e-02, 5.7434e-02, 3.7393e-01, 1.4428e-01,
        7.4430e-02, 2.0172e-02, 9.3388e-05, 3.4554e-02])
[2026-06-26 02:05:48,040][root][INFO] - Epoch: 17 | train acc: 0.9754, train loss: 0.20211139, valid acc: 0.9575, valid loss: 0.15284564, test acc: 0.9297, test loss: 0.56920011
[2026-06-26 02:05:50,950][root][INFO] - reg loss: 6.4893626838764815, entropy loss: 0.23341305120281441, leaf dev: 0.0763663724064827
[2026-06-26 02:05:50,951][root][INFO] - Val leaf stats: tensor([0.0658, 0.0148, 0.0191, 0.1660, 0.0057, 0.0409, 0.0311, 0.0592, 0.0004,
        0.0016, 0.0136, 0.1008, 0.1169, 0.2852, 0.0015, 0.0773])
[2026-06-26 02:05:54,012][root][INFO] - Epoch: 39 | train acc: 0.6464, train loss: 1.06033442, valid acc: 0.6117, valid loss: 1.18202418, test acc: 0.5852, test loss: 1.23634896
[2026-06-26 02:05:54,321][root][INFO] - Epoch: 39 | train acc: 0.6801, train loss: 0.94366299, valid acc: 0.6357, valid loss: 1.10527166, test acc: 0.6163, test loss: 1.14880013
[2026-06-26 02:05:57,245][root][INFO] - Epoch: 40 | train acc: 0.6956, train loss: 0.88185384, valid acc: 0.6446, valid loss: 1.10182588, test acc: 0.6220, test loss: 1.13435285
[2026-06-26 02:05:57,806][root][INFO] - reg loss: 4.136020707302406, entropy loss: 0.023608006842312266, leaf dev: 0.11347190290689468
[2026-06-26 02:05:57,807][root][INFO] - Val leaf stats: tensor([0.0000, 0.0078, 0.0014, 0.0035, 0.0005, 0.4305, 0.0014, 0.0308, 0.2098,
        0.0994, 0.0043, 0.0011, 0.0583, 0.1018, 0.0105, 0.0389])
[2026-06-26 02:05:58,122][root][INFO] - reg loss: 4.147290143810335, entropy loss: 0.023556891157001745, leaf dev: 0.10770242661237717
[2026-06-26 02:05:58,123][root][INFO] - Val leaf stats: tensor([2.9706e-03, 3.5107e-01, 5.4010e-04, 3.0516e-02, 7.2914e-03, 5.4010e-04,
        0.0000e+00, 0.0000e+00, 2.0200e-01, 8.6416e-03, 5.9411e-03, 1.6311e-01,
        2.1091e-01, 2.7005e-04, 2.7005e-04, 1.5933e-02])
[2026-06-26 02:06:00,858][root][INFO] - reg loss: 4.109123448856542, entropy loss: 0.02886173913835502, leaf dev: 0.10956684499979019
[2026-06-26 02:06:00,859][root][INFO] - Val leaf stats: tensor([1.0802e-03, 3.4594e-01, 1.7823e-02, 9.9109e-02, 2.4305e-03, 0.0000e+00,
        0.0000e+00, 1.0802e-02, 2.7005e-03, 2.8922e-01, 2.2684e-02, 2.8085e-02,
        1.6581e-01, 2.7005e-04, 1.3503e-02, 5.4010e-04])
[2026-06-26 02:06:14,187][root][INFO] - Epoch: 19 | train acc: 0.9705, train loss: 0.10333341, valid acc: 0.9560, valid loss: 0.15332855, test acc: 0.9299, test loss: 0.45221366
[2026-06-26 02:06:17,194][root][INFO] - reg loss: 5.916201899291346, entropy loss: 0.2558135949272327, leaf dev: 0.08940549194812775
[2026-06-26 02:06:17,195][root][INFO] - Val leaf stats: tensor([3.5114e-02, 4.1091e-03, 7.0041e-03, 1.4522e-01, 1.2140e-02, 2.4561e-02,
        1.1207e-03, 6.2757e-02, 6.3224e-02, 6.2290e-02, 3.5245e-01, 1.4335e-01,
        3.4367e-02, 1.7744e-02, 1.8678e-04, 3.4367e-02])
[2026-06-26 02:06:23,711][root][INFO] - Epoch: 18 | train acc: 0.9753, train loss: 0.20223978, valid acc: 0.9545, valid loss: 0.15653538, test acc: 0.9303, test loss: 0.44539574
[2026-06-26 02:06:26,251][root][INFO] - Epoch: 40 | train acc: 0.6820, train loss: 0.93013951, valid acc: 0.6308, valid loss: 1.12587257, test acc: 0.6183, test loss: 1.16964712
[2026-06-26 02:06:26,504][root][INFO] - Epoch: 40 | train acc: 0.6523, train loss: 1.05019945, valid acc: 0.6144, valid loss: 1.18011984, test acc: 0.5884, test loss: 1.21566743
[2026-06-26 02:06:26,729][root][INFO] - reg loss: 6.358534003060962, entropy loss: 0.23389267014763343, leaf dev: 0.07964206486940384
[2026-06-26 02:06:26,730][root][INFO] - Val leaf stats: tensor([5.4725e-02, 1.0926e-02, 1.6343e-02, 1.5437e-01, 4.3892e-03, 5.9955e-02,
        1.7650e-02, 3.2779e-02, 2.8016e-04, 2.4281e-03, 1.1113e-02, 1.1169e-01,
        1.3691e-01, 2.9343e-01, 3.7355e-03, 8.9279e-02])
[2026-06-26 02:06:28,549][root][INFO] - Epoch: 41 | train acc: 0.6889, train loss: 0.90945661, valid acc: 0.6344, valid loss: 1.12462950, test acc: 0.6132, test loss: 1.15867045
[2026-06-26 02:06:30,271][root][INFO] - reg loss: 4.148742081689053, entropy loss: 0.023449392867137174, leaf dev: 0.1044921949505806
[2026-06-26 02:06:30,272][root][INFO] - Val leaf stats: tensor([1.4043e-02, 3.3270e-01, 8.1015e-04, 3.1596e-02, 8.9117e-03, 8.1015e-04,
        0.0000e+00, 2.7005e-04, 2.0632e-01, 9.7218e-03, 5.6711e-03, 1.6419e-01,
        2.1091e-01, 5.4010e-04, 2.7005e-04, 1.3233e-02])
[2026-06-26 02:06:30,448][root][INFO] - reg loss: 4.139953550745229, entropy loss: 0.023555066711345655, leaf dev: 0.11292226612567902
[2026-06-26 02:06:30,450][root][INFO] - Val leaf stats: tensor([2.7005e-04, 5.6711e-03, 3.5107e-03, 2.9706e-03, 5.4010e-04, 4.2506e-01,
        1.0802e-03, 3.3486e-02, 2.1469e-01, 1.0343e-01, 0.0000e+00, 1.3503e-03,
        5.6441e-02, 1.0100e-01, 9.9919e-03, 4.0508e-02])
[2026-06-26 02:06:32,495][root][INFO] - reg loss: 4.1114559955284244, entropy loss: 0.02916848601498565, leaf dev: 0.11141851544380188
[2026-06-26 02:06:32,496][root][INFO] - Val leaf stats: tensor([0.0008, 0.3778, 0.0165, 0.0702, 0.0038, 0.0000, 0.0000, 0.0132, 0.0140,
        0.2619, 0.0194, 0.0254, 0.1739, 0.0000, 0.0224, 0.0005])
[2026-06-26 02:06:50,435][root][INFO] - Epoch: 20 | train acc: 0.9752, train loss: 0.08638156, valid acc: 0.9584, valid loss: 0.14372194, test acc: 0.9305, test loss: 0.46140335
[2026-06-26 02:06:53,525][root][INFO] - reg loss: 5.920351671794104, entropy loss: 0.25496368133832537, leaf dev: 0.08600463718175888
[2026-06-26 02:06:53,526][root][INFO] - Val leaf stats: tensor([3.9410e-02, 4.4826e-03, 8.6851e-03, 1.5185e-01, 1.5596e-02, 1.6716e-02,
        1.4008e-03, 7.3590e-02, 6.0235e-02, 6.7239e-02, 3.3405e-01, 1.4354e-01,
        3.1472e-02, 1.7277e-02, 1.8678e-04, 3.4273e-02])
[2026-06-26 02:06:58,297][root][INFO] - Epoch: 41 | train acc: 0.6600, train loss: 1.03597167, valid acc: 0.6100, valid loss: 1.18456110, test acc: 0.5989, test loss: 1.22115780
[2026-06-26 02:06:58,997][root][INFO] - Epoch: 41 | train acc: 0.6883, train loss: 0.92075320, valid acc: 0.6357, valid loss: 1.10778219, test acc: 0.6215, test loss: 1.14611591
[2026-06-26 02:06:59,609][root][INFO] - Epoch: 19 | train acc: 0.9741, train loss: 0.20193952, valid acc: 0.9610, valid loss: 0.14616689, test acc: 0.9271, test loss: 0.67777322
[2026-06-26 02:06:59,907][root][INFO] - Epoch: 42 | train acc: 0.6850, train loss: 0.91868912, valid acc: 0.6457, valid loss: 1.10477893, test acc: 0.6232, test loss: 1.13994695
[2026-06-26 02:07:01,748][root][INFO] - reg loss: 4.137198784312264, entropy loss: 0.021899908200883476, leaf dev: 0.10823055356740952
[2026-06-26 02:07:01,749][root][INFO] - Val leaf stats: tensor([0.0000, 0.0005, 0.0081, 0.0038, 0.0005, 0.3913, 0.0008, 0.0308, 0.2328,
        0.1156, 0.0000, 0.0008, 0.0616, 0.1064, 0.0113, 0.0356])
[2026-06-26 02:07:02,604][root][INFO] - reg loss: 4.151651851466445, entropy loss: 0.02341969405896351, leaf dev: 0.10545365512371063
[2026-06-26 02:07:02,605][root][INFO] - Val leaf stats: tensor([6.2112e-03, 3.3648e-01, 8.1015e-04, 3.1326e-02, 8.1015e-03, 3.2406e-03,
        0.0000e+00, 5.4010e-04, 1.8634e-01, 7.2914e-03, 6.4812e-03, 1.6932e-01,
        2.2630e-01, 2.7005e-04, 2.7005e-04, 1.7013e-02])
[2026-06-26 02:07:02,751][root][INFO] - reg loss: 6.385276014842685, entropy loss: 0.22605780374120782, leaf dev: 0.06795714050531387
[2026-06-26 02:07:02,752][root][INFO] - Val leaf stats: tensor([0.0566, 0.0175, 0.0376, 0.1626, 0.0034, 0.0539, 0.0423, 0.0594, 0.0007,
        0.0021, 0.0157, 0.1039, 0.1117, 0.2488, 0.0016, 0.0822])
[2026-06-26 02:07:03,811][root][INFO] - reg loss: 4.105069168278428, entropy loss: 0.029118444678969072, leaf dev: 0.11335989087820053
[2026-06-26 02:07:03,813][root][INFO] - Val leaf stats: tensor([0.0014, 0.3700, 0.0181, 0.0681, 0.0022, 0.0000, 0.0000, 0.0089, 0.0024,
        0.2852, 0.0203, 0.0254, 0.1745, 0.0000, 0.0227, 0.0011])
[2026-06-26 02:07:26,221][root][INFO] - Epoch: 21 | train acc: 0.9695, train loss: 0.10679511, valid acc: 0.9529, valid loss: 0.16035264, test acc: 0.9247, test loss: 0.46417582
[2026-06-26 02:07:29,065][root][INFO] - reg loss: 6.0333328020004995, entropy loss: 0.25151631275497416, leaf dev: 0.05636460706591606
[2026-06-26 02:07:29,067][root][INFO] - Val leaf stats: tensor([3.9130e-02, 4.7628e-03, 1.2047e-02, 1.4989e-01, 3.4927e-02, 2.9044e-02,
        3.8289e-03, 6.7146e-02, 7.8633e-02, 5.3978e-02, 1.6483e-01, 1.5007e-01,
        1.2383e-01, 1.7183e-02, 9.3388e-05, 7.0601e-02])
[2026-06-26 02:07:29,211][root][INFO] - Epoch: 42 | train acc: 0.6616, train loss: 1.01893802, valid acc: 0.6198, valid loss: 1.16278824, test acc: 0.6001, test loss: 1.20692360
[2026-06-26 02:07:30,972][root][INFO] - Epoch: 42 | train acc: 0.6895, train loss: 0.91504159, valid acc: 0.6452, valid loss: 1.12797486, test acc: 0.6173, test loss: 1.16512056
[2026-06-26 02:07:33,105][root][INFO] - reg loss: 4.136281107292801, entropy loss: 0.021811289102083346, leaf dev: 0.11196944862604141
[2026-06-26 02:07:33,111][root][INFO] - Val leaf stats: tensor([0.0000, 0.0005, 0.0092, 0.0046, 0.0005, 0.4132, 0.0008, 0.0375, 0.2328,
        0.0999, 0.0000, 0.0014, 0.0570, 0.0980, 0.0100, 0.0346])
[2026-06-26 02:07:33,391][root][INFO] - Epoch: 43 | train acc: 0.6912, train loss: 0.89118197, valid acc: 0.6524, valid loss: 1.10415048, test acc: 0.6163, test loss: 1.14245959
[2026-06-26 02:07:34,519][root][INFO] - reg loss: 4.150607195056852, entropy loss: 0.0237159296015247, leaf dev: 0.10522039234638214
[2026-06-26 02:07:34,520][root][INFO] - Val leaf stats: tensor([5.9411e-03, 3.3702e-01, 8.1015e-04, 3.1596e-02, 9.9919e-03, 0.0000e+00,
        0.0000e+00, 5.4010e-04, 1.9066e-01, 9.4518e-03, 6.7513e-03, 1.7715e-01,
        2.1388e-01, 5.4010e-04, 2.7005e-04, 1.5393e-02])
[2026-06-26 02:07:34,954][root][INFO] - Epoch: 20 | train acc: 0.9784, train loss: 0.18581751, valid acc: 0.9595, valid loss: 0.14780522, test acc: 0.9266, test loss: 0.58295849
[2026-06-26 02:07:37,648][root][INFO] - reg loss: 4.1063640938430535, entropy loss: 0.029216498747223714, leaf dev: 0.10956475883722305
[2026-06-26 02:07:37,649][root][INFO] - Val leaf stats: tensor([1.0802e-03, 3.4702e-01, 1.9444e-02, 9.3978e-02, 2.1604e-03, 0.0000e+00,
        0.0000e+00, 8.6416e-03, 2.7005e-04, 2.8247e-01, 1.9714e-02, 2.6465e-02,
        1.7769e-01, 0.0000e+00, 1.9984e-02, 1.0802e-03])
[2026-06-26 02:07:38,016][root][INFO] - reg loss: 6.376274964166066, entropy loss: 0.2220914444280049, leaf dev: 0.06349023431539536
[2026-06-26 02:07:38,017][root][INFO] - Val leaf stats: tensor([0.0629, 0.0148, 0.0345, 0.1635, 0.0021, 0.0490, 0.0727, 0.0734, 0.0007,
        0.0017, 0.0155, 0.1016, 0.0924, 0.2267, 0.0030, 0.0855])
[2026-06-26 02:08:00,941][root][INFO] - Epoch: 22 | train acc: 0.9752, train loss: 0.08620214, valid acc: 0.9550, valid loss: 0.15111222, test acc: 0.9265, test loss: 0.52874289
[2026-06-26 02:08:01,974][root][INFO] - Epoch: 43 | train acc: 0.6923, train loss: 0.91044280, valid acc: 0.6419, valid loss: 1.14069905, test acc: 0.6274, test loss: 1.17450313
[2026-06-26 02:08:04,069][root][INFO] - Epoch: 43 | train acc: 0.6682, train loss: 1.00605379, valid acc: 0.6144, valid loss: 1.20152657, test acc: 0.5967, test loss: 1.22794582
[2026-06-26 02:08:04,099][root][INFO] - Epoch: 44 | train acc: 0.6884, train loss: 0.90691143, valid acc: 0.6422, valid loss: 1.12117515, test acc: 0.6068, test loss: 1.18221764
[2026-06-26 02:08:04,524][root][INFO] - reg loss: 6.036413066601627, entropy loss: 0.2515476498181227, leaf dev: 0.06106064096093178
[2026-06-26 02:08:04,525][root][INFO] - Val leaf stats: tensor([0.0398, 0.0053, 0.0140, 0.1584, 0.0307, 0.0425, 0.0026, 0.0375, 0.0811,
        0.0465, 0.2079, 0.1189, 0.1258, 0.0166, 0.0004, 0.0720])
[2026-06-26 02:08:06,407][root][INFO] - reg loss: 4.151469762208031, entropy loss: 0.025433766854102494, leaf dev: 0.1038580909371376
[2026-06-26 02:08:06,409][root][INFO] - Val leaf stats: tensor([7.0213e-03, 3.2757e-01, 5.4010e-04, 2.5115e-02, 7.2914e-03, 0.0000e+00,
        0.0000e+00, 5.4010e-04, 1.9795e-01, 8.1015e-03, 8.1015e-03, 1.8174e-01,
        2.0794e-01, 1.8904e-03, 2.7005e-04, 2.5925e-02])
[2026-06-26 02:08:07,845][root][INFO] - reg loss: 4.135156576750709, entropy loss: 0.021689762407150426, leaf dev: 0.11301840841770172
[2026-06-26 02:08:07,846][root][INFO] - Val leaf stats: tensor([0.0000e+00, 5.4010e-04, 8.1015e-03, 3.5107e-03, 5.4010e-04, 3.9211e-01,
        8.1015e-04, 4.5369e-02, 2.7491e-01, 1.1936e-01, 2.7005e-04, 1.6203e-03,
        4.1858e-02, 7.6425e-02, 7.5614e-03, 2.7005e-02])
[2026-06-26 02:08:07,917][root][INFO] - reg loss: 4.111948388521789, entropy loss: 0.028570857173839552, leaf dev: 0.10943599045276642
[2026-06-26 02:08:07,918][root][INFO] - Val leaf stats: tensor([1.6203e-03, 3.4756e-01, 2.4845e-02, 8.2906e-02, 5.4010e-04, 0.0000e+00,
        2.7005e-04, 1.5933e-02, 1.8904e-03, 2.3116e-01, 1.1882e-02, 1.2962e-02,
        2.4359e-01, 1.3503e-03, 2.2684e-02, 8.1015e-04])
[2026-06-26 02:08:10,036][root][INFO] - Epoch: 21 | train acc: 0.9785, train loss: 0.18043955, valid acc: 0.9602, valid loss: 0.13863236, test acc: 0.9209, test loss: 0.69881375
[2026-06-26 02:08:14,074][root][INFO] - reg loss: 6.159120965886999, entropy loss: 0.21306589521743632, leaf dev: 0.06334122270345688
[2026-06-26 02:08:14,075][root][INFO] - Val leaf stats: tensor([0.0646, 0.0165, 0.0348, 0.1631, 0.0035, 0.0530, 0.0798, 0.0622, 0.0007,
        0.0021, 0.0167, 0.0967, 0.0897, 0.2291, 0.0025, 0.0850])
[2026-06-26 02:08:34,292][root][INFO] - Epoch: 44 | train acc: 0.6930, train loss: 0.91020806, valid acc: 0.6441, valid loss: 1.17042445, test acc: 0.6215, test loss: 1.18651480
[2026-06-26 02:08:35,969][root][INFO] - Epoch: 23 | train acc: 0.9783, train loss: 0.07625680, valid acc: 0.9535, valid loss: 0.15461685, test acc: 0.9285, test loss: 0.48699249
[2026-06-26 02:08:36,225][root][INFO] - Epoch: 44 | train acc: 0.6698, train loss: 1.00820071, valid acc: 0.6125, valid loss: 1.18482354, test acc: 0.6100, test loss: 1.21306936
[2026-06-26 02:08:36,321][root][INFO] - Epoch: 45 | train acc: 0.6907, train loss: 0.89085279, valid acc: 0.6562, valid loss: 1.08796980, test acc: 0.6190, test loss: 1.14292753
[2026-06-26 02:08:37,812][root][INFO] - reg loss: 4.157888772057706, entropy loss: 0.025540930814430363, leaf dev: 0.1066506877541542
[2026-06-26 02:08:37,813][root][INFO] - Val leaf stats: tensor([4.5909e-03, 3.3783e-01, 8.1015e-04, 9.4518e-03, 7.8315e-03, 0.0000e+00,
        0.0000e+00, 8.1015e-04, 1.9444e-01, 7.8315e-03, 8.6416e-03, 1.9957e-01,
        2.0092e-01, 1.0802e-03, 2.7005e-04, 2.5925e-02])
[2026-06-26 02:08:39,145][root][INFO] - reg loss: 5.974359073336163, entropy loss: 0.25287668265047525, leaf dev: 0.06765612214803696
[2026-06-26 02:08:39,146][root][INFO] - Val leaf stats: tensor([0.0368, 0.0069, 0.0126, 0.1604, 0.0233, 0.0206, 0.0023, 0.0596, 0.0657,
        0.0525, 0.2482, 0.0925, 0.1287, 0.0171, 0.0003, 0.0724])
[2026-06-26 02:08:39,875][root][INFO] - reg loss: 4.1088347200487485, entropy loss: 0.028341862968489773, leaf dev: 0.10801871865987778
[2026-06-26 02:08:39,877][root][INFO] - Val leaf stats: tensor([0.0019, 0.3224, 0.0216, 0.0886, 0.0005, 0.0000, 0.0000, 0.0086, 0.0024,
        0.2844, 0.0157, 0.0186, 0.2077, 0.0027, 0.0238, 0.0011])
[2026-06-26 02:08:39,999][root][INFO] - reg loss: 4.132475524652199, entropy loss: 0.021415520154061864, leaf dev: 0.10587586462497711
[2026-06-26 02:08:40,000][root][INFO] - Val leaf stats: tensor([0.0000, 0.0008, 0.0078, 0.0035, 0.0005, 0.3835, 0.0011, 0.0518, 0.2314,
        0.0940, 0.0000, 0.0019, 0.0659, 0.1123, 0.0078, 0.0375])
[2026-06-26 02:08:45,899][root][INFO] - Epoch: 22 | train acc: 0.9795, train loss: 0.17474787, valid acc: 0.9498, valid loss: 0.17517496, test acc: 0.9256, test loss: 0.68042748
[2026-06-26 02:08:49,631][root][INFO] - reg loss: 6.159817513965425, entropy loss: 0.20833876350569347, leaf dev: 0.06868632882833481
[2026-06-26 02:08:49,632][root][INFO] - Val leaf stats: tensor([0.0610, 0.0128, 0.0261, 0.1441, 0.0051, 0.1486, 0.0085, 0.0402, 0.0006,
        0.0028, 0.0174, 0.1088, 0.1105, 0.2307, 0.0018, 0.0812])
[2026-06-26 02:09:06,271][root][INFO] - Epoch: 45 | train acc: 0.6950, train loss: 0.91190750, valid acc: 0.6338, valid loss: 1.15381922, test acc: 0.6220, test loss: 1.17689832
[2026-06-26 02:09:07,977][root][INFO] - Epoch: 46 | train acc: 0.6846, train loss: 0.92609737, valid acc: 0.6398, valid loss: 1.14273245, test acc: 0.6048, test loss: 1.18462619
[2026-06-26 02:09:09,477][root][INFO] - Epoch: 45 | train acc: 0.6750, train loss: 0.99042762, valid acc: 0.6092, valid loss: 1.22658020, test acc: 0.5925, test loss: 1.24167862
[2026-06-26 02:09:09,978][root][INFO] - reg loss: 4.154421071537206, entropy loss: 0.02432619703964132, leaf dev: 0.10506659001111984
[2026-06-26 02:09:09,979][root][INFO] - Val leaf stats: tensor([0.0038, 0.3365, 0.0005, 0.0208, 0.0076, 0.0000, 0.0000, 0.0014, 0.1977,
        0.0092, 0.0073, 0.1828, 0.2023, 0.0014, 0.0005, 0.0284])
[2026-06-26 02:09:12,071][root][INFO] - reg loss: 4.100096929268759, entropy loss: 0.027139747301574615, leaf dev: 0.12401729077100754
[2026-06-26 02:09:12,072][root][INFO] - Val leaf stats: tensor([0.0022, 0.4053, 0.0038, 0.0219, 0.0005, 0.0000, 0.0000, 0.0092, 0.0019,
        0.2930, 0.0186, 0.0211, 0.2033, 0.0008, 0.0178, 0.0005])
[2026-06-26 02:09:13,097][root][INFO] - Epoch: 24 | train acc: 0.9781, train loss: 0.07700627, valid acc: 0.9592, valid loss: 0.14487135, test acc: 0.9295, test loss: 0.57843666
[2026-06-26 02:09:13,167][root][INFO] - reg loss: 4.140538497049301, entropy loss: 0.021715327303429118, leaf dev: 0.10219649225473404
[2026-06-26 02:09:13,169][root][INFO] - Val leaf stats: tensor([0.0000, 0.0008, 0.0073, 0.0041, 0.0005, 0.3867, 0.0014, 0.0559, 0.1445,
        0.0942, 0.0000, 0.0019, 0.0605, 0.1693, 0.0076, 0.0654])
[2026-06-26 02:09:16,573][root][INFO] - reg loss: 5.949908973047973, entropy loss: 0.25010784648398243, leaf dev: 0.05735883489251137
[2026-06-26 02:09:16,574][root][INFO] - Val leaf stats: tensor([4.7721e-02, 8.8719e-03, 2.2413e-02, 1.6707e-01, 4.7628e-02, 2.4281e-02,
        1.2140e-03, 8.4796e-02, 5.8554e-02, 5.3511e-02, 1.9668e-01, 1.0889e-01,
        9.5629e-02, 1.2701e-02, 9.3388e-05, 6.9948e-02])
[2026-06-26 02:09:21,586][root][INFO] - Epoch: 23 | train acc: 0.9774, train loss: 0.18152455, valid acc: 0.9572, valid loss: 0.15218515, test acc: 0.9231, test loss: 0.67361893
[2026-06-26 02:09:25,181][root][INFO] - reg loss: 5.983801574303359, entropy loss: 0.20422077959492094, leaf dev: 0.07345474511384964
[2026-06-26 02:09:25,183][root][INFO] - Val leaf stats: tensor([0.0636, 0.0173, 0.0296, 0.1809, 0.0049, 0.0857, 0.0057, 0.0257, 0.0005,
        0.0016, 0.0164, 0.1017, 0.1295, 0.2517, 0.0035, 0.0817])
[2026-06-26 02:09:38,324][root][INFO] - Epoch: 46 | train acc: 0.6996, train loss: 0.89394509, valid acc: 0.6357, valid loss: 1.15086613, test acc: 0.6154, test loss: 1.19387465
[2026-06-26 02:09:40,770][root][INFO] - Epoch: 46 | train acc: 0.6599, train loss: 1.03473221, valid acc: 0.6184, valid loss: 1.20487060, test acc: 0.6011, test loss: 1.22292052
[2026-06-26 02:09:40,961][root][INFO] - Epoch: 47 | train acc: 0.6894, train loss: 0.90724834, valid acc: 0.6398, valid loss: 1.16116726, test acc: 0.6028, test loss: 1.20116836
[2026-06-26 02:09:42,473][root][INFO] - reg loss: 4.1574297107634, entropy loss: 0.023896035600881108, leaf dev: 0.10284968465566635
[2026-06-26 02:09:42,474][root][INFO] - Val leaf stats: tensor([2.1604e-03, 3.3648e-01, 8.1015e-04, 2.2954e-02, 8.3716e-03, 0.0000e+00,
        0.0000e+00, 1.3503e-03, 1.9255e-01, 1.2422e-02, 2.6195e-02, 1.6446e-01,
        2.0416e-01, 1.3503e-03, 2.7005e-04, 2.6465e-02])
[2026-06-26 02:09:44,678][root][INFO] - reg loss: 4.1481896306647625, entropy loss: 0.022012866911340932, leaf dev: 0.10357444733381271
[2026-06-26 02:09:44,679][root][INFO] - Val leaf stats: tensor([0.0000, 0.0008, 0.0095, 0.0035, 0.0005, 0.3983, 0.0008, 0.0629, 0.1399,
        0.0891, 0.0000, 0.0024, 0.0559, 0.1569, 0.0059, 0.0735])
[2026-06-26 02:09:45,017][root][INFO] - reg loss: 4.093706334223513, entropy loss: 0.02424290131960736, leaf dev: 0.12243539839982986
[2026-06-26 02:09:45,018][root][INFO] - Val leaf stats: tensor([0.0032, 0.3956, 0.0043, 0.0300, 0.0005, 0.0000, 0.0000, 0.0092, 0.0008,
        0.3106, 0.0227, 0.0297, 0.1782, 0.0000, 0.0146, 0.0005])
[2026-06-26 02:09:47,473][root][INFO] - Epoch: 25 | train acc: 0.9797, train loss: 0.07249119, valid acc: 0.9597, valid loss: 0.14332270, test acc: 0.9299, test loss: 0.56791729
[2026-06-26 02:09:50,860][root][INFO] - reg loss: 6.114645884781288, entropy loss: 0.24620355807599567, leaf dev: 0.06319750100374222
[2026-06-26 02:09:50,862][root][INFO] - Val leaf stats: tensor([3.9410e-02, 4.8562e-03, 1.6343e-02, 1.5736e-01, 1.8958e-02, 1.9798e-02,
        1.5876e-03, 7.0975e-02, 6.5839e-02, 5.6967e-02, 2.1834e-01, 1.2215e-01,
        1.2075e-01, 1.5689e-02, 1.8678e-04, 7.0788e-02])
[2026-06-26 02:09:58,922][root][INFO] - Epoch: 24 | train acc: 0.9789, train loss: 0.17597472, valid acc: 0.9588, valid loss: 0.15278662, test acc: 0.9301, test loss: 0.62291643
[2026-06-26 02:10:02,303][root][INFO] - reg loss: 5.9492075935242665, entropy loss: 0.20563849814669796, leaf dev: 0.07660503685474396
[2026-06-26 02:10:02,304][root][INFO] - Val leaf stats: tensor([0.0576, 0.0160, 0.0200, 0.1681, 0.0030, 0.0523, 0.0078, 0.0261, 0.0005,
        0.0014, 0.0167, 0.1145, 0.1673, 0.2563, 0.0045, 0.0881])
[2026-06-26 02:10:11,873][root][INFO] - Epoch: 47 | train acc: 0.6929, train loss: 0.90468718, valid acc: 0.6368, valid loss: 1.14943419, test acc: 0.6102, test loss: 1.22221578
[2026-06-26 02:10:13,056][root][INFO] - Epoch: 48 | train acc: 0.6957, train loss: 0.88707771, valid acc: 0.6533, valid loss: 1.15951518, test acc: 0.6119, test loss: 1.17169356
[2026-06-26 02:10:13,221][root][INFO] - Epoch: 47 | train acc: 0.6735, train loss: 0.99352602, valid acc: 0.6268, valid loss: 1.18615655, test acc: 0.6122, test loss: 1.20032869
[2026-06-26 02:10:15,597][root][INFO] - reg loss: 4.154739239176766, entropy loss: 0.023018371649697177, leaf dev: 0.10392941534519196
[2026-06-26 02:10:15,598][root][INFO] - Val leaf stats: tensor([1.8904e-03, 3.3675e-01, 5.4010e-04, 2.5925e-02, 8.6416e-03, 0.0000e+00,
        0.0000e+00, 1.3503e-03, 2.0470e-01, 1.0262e-02, 1.9714e-02, 1.5906e-01,
        2.0524e-01, 2.4305e-03, 2.7005e-04, 2.3224e-02])
[2026-06-26 02:10:16,683][root][INFO] - reg loss: 4.101319266147301, entropy loss: 0.025022220049725204, leaf dev: 0.1145181879401207
[2026-06-26 02:10:16,685][root][INFO] - Val leaf stats: tensor([0.0022, 0.3656, 0.0111, 0.0637, 0.0000, 0.0000, 0.0000, 0.0184, 0.0011,
        0.2890, 0.0246, 0.0286, 0.1898, 0.0000, 0.0054, 0.0005])
[2026-06-26 02:10:17,018][root][INFO] - reg loss: 4.14399905282943, entropy loss: 0.021565868412373495, leaf dev: 0.10278815776109695
[2026-06-26 02:10:17,019][root][INFO] - Val leaf stats: tensor([0.0000e+00, 1.6203e-03, 1.0262e-02, 7.0213e-03, 5.4010e-04, 3.9022e-01,
        2.7005e-04, 5.2930e-02, 1.7283e-01, 9.3708e-02, 5.4010e-04, 1.8904e-03,
        4.7799e-02, 1.3800e-01, 6.7513e-03, 7.5614e-02])
[2026-06-26 02:10:23,217][root][INFO] - Epoch: 26 | train acc: 0.9819, train loss: 0.06416587, valid acc: 0.9609, valid loss: 0.13915076, test acc: 0.9304, test loss: 0.62875229
[2026-06-26 02:10:27,276][root][INFO] - reg loss: 5.975328904611093, entropy loss: 0.24321771487987862, leaf dev: 0.06116972491145134
[2026-06-26 02:10:27,277][root][INFO] - Val leaf stats: tensor([4.5106e-02, 6.6306e-03, 1.9051e-02, 1.6259e-01, 3.1565e-02, 2.5121e-02,
        1.0273e-03, 6.0329e-02, 6.6212e-02, 5.0149e-02, 2.1199e-01, 1.2103e-01,
        1.1263e-01, 1.5222e-02, 9.3388e-05, 7.1255e-02])
[2026-06-26 02:10:34,399][root][INFO] - Epoch: 25 | train acc: 0.9809, train loss: 0.16767968, valid acc: 0.9613, valid loss: 0.14498016, test acc: 0.9273, test loss: 0.87469603
[2026-06-26 02:10:37,557][root][INFO] - reg loss: 5.867510939401294, entropy loss: 0.20365876046122697, leaf dev: 0.07363701611757278
[2026-06-26 02:10:37,559][root][INFO] - Val leaf stats: tensor([0.0656, 0.0210, 0.0247, 0.1730, 0.0057, 0.0663, 0.0086, 0.0340, 0.0007,
        0.0012, 0.0145, 0.0951, 0.1524, 0.2523, 0.0028, 0.0822])
[2026-06-26 02:10:42,857][root][INFO] - Epoch: 48 | train acc: 0.6902, train loss: 0.92269564, valid acc: 0.6381, valid loss: 1.15154288, test acc: 0.6213, test loss: 1.21012813
[2026-06-26 02:10:45,725][root][INFO] - Epoch: 49 | train acc: 0.6996, train loss: 0.88100166, valid acc: 0.6400, valid loss: 1.15155624, test acc: 0.6112, test loss: 1.17774589
[2026-06-26 02:10:45,993][root][INFO] - Epoch: 48 | train acc: 0.6663, train loss: 1.01917798, valid acc: 0.6154, valid loss: 1.18437354, test acc: 0.6041, test loss: 1.21414025
[2026-06-26 02:10:46,913][root][INFO] - reg loss: 4.154754920083969, entropy loss: 0.022202332305615066, leaf dev: 0.10398506373167038
[2026-06-26 02:10:46,914][root][INFO] - Val leaf stats: tensor([2.9706e-03, 3.3081e-01, 2.7005e-04, 2.4845e-02, 1.1882e-02, 0.0000e+00,
        2.7005e-04, 1.8904e-03, 2.2711e-01, 7.8315e-03, 1.1072e-02, 1.6959e-01,
        1.8228e-01, 1.3503e-03, 8.1015e-04, 2.7005e-02])
[2026-06-26 02:10:49,518][root][INFO] - reg loss: 4.098971124555244, entropy loss: 0.02659189307176676, leaf dev: 0.11560248583555222
[2026-06-26 02:10:49,520][root][INFO] - Val leaf stats: tensor([0.0030, 0.3694, 0.0108, 0.0726, 0.0000, 0.0000, 0.0005, 0.0059, 0.0014,
        0.2663, 0.0140, 0.0211, 0.2223, 0.0000, 0.0097, 0.0030])
[2026-06-26 02:10:49,961][root][INFO] - reg loss: 4.14701714281176, entropy loss: 0.021301062594427437, leaf dev: 0.09841108322143555
[2026-06-26 02:10:49,962][root][INFO] - Val leaf stats: tensor([0.0000e+00, 1.8904e-03, 8.9117e-03, 7.2914e-03, 5.4010e-04, 3.7294e-01,
        2.7005e-04, 6.7243e-02, 1.5798e-01, 9.8569e-02, 8.1015e-04, 1.8904e-03,
        4.5639e-02, 1.3097e-01, 4.5909e-03, 1.0046e-01])
[2026-06-26 02:10:53,323][root][INFO] - Val leaf stats: tensor([0.0030, 0.3694, 0.0108, 0.0726, 0.0000, 0.0000, 0.0005, 0.0059, 0.0014,
        0.2663, 0.0140, 0.0211, 0.2223, 0.0000, 0.0097, 0.0030])
[2026-06-26 02:10:57,534][root][INFO] - Test leaf std: 0.11455603688955307, Val leaf std: 0.11560248583555222
[2026-06-26 02:10:58,110][root][INFO] - Epoch: 27 | train acc: 0.9825, train loss: 0.06160869, valid acc: 0.9614, valid loss: 0.13770846, test acc: 0.9191, test loss: 0.57545815
[2026-06-26 02:11:01,036][root][INFO] - reg loss: 6.005503745306106, entropy loss: 0.24369144723528907, leaf dev: 0.0579860545694828
[2026-06-26 02:11:01,038][root][INFO] - Val leaf stats: tensor([4.3519e-02, 6.4438e-03, 1.7744e-02, 1.6296e-01, 2.7269e-02, 2.0359e-02,
        1.0273e-03, 6.9201e-02, 7.5644e-02, 7.2469e-02, 1.9070e-01, 1.0684e-01,
        1.1860e-01, 1.5596e-02, 9.3388e-05, 7.1535e-02])
[2026-06-26 02:11:02,181][root][INFO] - FINAL TEST | acc: 0.6112, loss: 1.1777, 
[2026-06-26 02:11:02,443][root][INFO] - MLFlow run ID: f305cd722f0247ddbbdafb6d379c8c2b, status: FINISHED
[2026-06-26 02:11:07,635][root][INFO] - Feature size: (13, 61)
[2026-06-26 02:11:08,313][root][INFO] - Epoch: 26 | train acc: 0.9823, train loss: 0.16483214, valid acc: 0.9628, valid loss: 0.13701951, test acc: 0.9323, test loss: 0.87948844
[2026-06-26 02:11:09,611][root][INFO] - Feature size: (13, 61)
[2026-06-26 02:11:10,658][root][INFO] - reg loss: 6.009360172130443, entropy loss: 0.2054165220922894, leaf dev: 0.0726780965924263
[2026-06-26 02:11:10,659][root][INFO] - Val leaf stats: tensor([0.0696, 0.0216, 0.0275, 0.1823, 0.0055, 0.0635, 0.0060, 0.0391, 0.0006,
        0.0011, 0.0161, 0.0977, 0.1305, 0.2504, 0.0033, 0.0854])
[2026-06-26 02:11:11,475][root][INFO] - MLFlow server is starting on LOCAL with experiment STM_SC_hard_seeded...
[2026-06-26 02:11:11,570][root][INFO] - MLFlow run ID: ea1872b15df84d949ed7cdf835e4ff05, status: RUNNING
[2026-06-26 02:11:11,600][root][INFO] - Epoch: 49 | train acc: 0.6995, train loss: 0.89793847, valid acc: 0.6411, valid loss: 1.11432520, test acc: 0.6210, test loss: 1.19029972
[2026-06-26 02:11:11,631][root][INFO] - Starting experiment IATrain...
[2026-06-26 02:11:13,455][root][INFO] - MLFlow server is starting on LOCAL with experiment STM_SC_hard_seeded...
[2026-06-26 02:11:13,546][root][INFO] - MLFlow run ID: 6e88d6a90d874ad6b6067f4e2b75a0c9, status: RUNNING
[2026-06-26 02:11:13,657][root][INFO] - Starting experiment IATrain...
[2026-06-26 02:11:13,741][root][INFO] - Feature size: (13, 61)
[2026-06-26 02:11:14,649][root][INFO] - Epoch: 49 | train acc: 0.6740, train loss: 0.99336822, valid acc: 0.6190, valid loss: 1.17661398, test acc: 0.6114, test loss: 1.22041471
[2026-06-26 02:11:15,535][root][INFO] - reg loss: 4.153805975054131, entropy loss: 0.02230819384949129, leaf dev: 0.10417014360427856
[2026-06-26 02:11:15,536][root][INFO] - Val leaf stats: tensor([0.0005, 0.3359, 0.0000, 0.0200, 0.0165, 0.0000, 0.0005, 0.0027, 0.1961,
        0.0086, 0.0078, 0.1674, 0.2101, 0.0016, 0.0008, 0.0313])
[2026-06-26 02:11:17,711][root][INFO] - MLFlow server is starting on LOCAL with experiment STM_SC_hard_seeded...
[2026-06-26 02:11:17,842][root][INFO] - MLFlow run ID: 0de10150f09845e2b595001f4795362e, status: RUNNING
[2026-06-26 02:11:17,940][root][INFO] - Starting experiment IATrain...
[2026-06-26 02:11:18,085][root][INFO] - reg loss: 4.144587680941722, entropy loss: 0.021328709927982973, leaf dev: 0.09691368788480759
[2026-06-26 02:11:18,086][root][INFO] - Val leaf stats: tensor([0.0000e+00, 1.6203e-03, 8.9117e-03, 5.9411e-03, 5.4010e-04, 3.6862e-01,
        2.7005e-04, 7.1564e-02, 1.4772e-01, 9.8299e-02, 5.4010e-04, 1.6203e-03,
        5.1310e-02, 1.3016e-01, 7.2914e-03, 1.0559e-01])
[2026-06-26 02:11:19,071][root][INFO] - Val leaf stats: tensor([0.0005, 0.3359, 0.0000, 0.0200, 0.0165, 0.0000, 0.0005, 0.0027, 0.1961,
        0.0086, 0.0078, 0.1674, 0.2101, 0.0016, 0.0008, 0.0313])
[2026-06-26 02:11:21,331][root][INFO] - Feature size: (13, 61)
[2026-06-26 02:11:21,726][root][INFO] - Val leaf stats: tensor([0.0000e+00, 1.6203e-03, 8.9117e-03, 5.9411e-03, 5.4010e-04, 3.6862e-01,
        2.7005e-04, 7.1564e-02, 1.4772e-01, 9.8299e-02, 5.4010e-04, 1.6203e-03,
        5.1310e-02, 1.3016e-01, 7.2914e-03, 1.0559e-01])
[2026-06-26 02:11:22,928][root][INFO] - Test leaf std: 0.10240581631660461, Val leaf std: 0.10417014360427856
[2026-06-26 02:11:25,279][root][INFO] - MLFlow server is starting on LOCAL with experiment STM_SC_hard_seeded...
[2026-06-26 02:11:25,385][root][INFO] - MLFlow run ID: 53c585b49ccb40b485889cd9a4a2799e, status: RUNNING
[2026-06-26 02:11:25,557][root][INFO] - Starting experiment IATrain...
[2026-06-26 02:11:25,678][root][INFO] - Test leaf std: 0.09865351021289825, Val leaf std: 0.09691368788480759
[2026-06-26 02:11:26,635][root][INFO] - FINAL TEST | acc: 0.6210, loss: 1.1903, 
